^SAMPLE = GSM699137
!Sample_title = human urine sediment, control subject 3
!Sample_geo_accession = GSM699137
!Sample_status = Public on Feb 06 2012
!Sample_submission_date = Mar 29 2011
!Sample_last_update_date = Feb 07 2012
!Sample_type = RNA
!Sample_channel_count = 1
!Sample_source_name_ch1 = human
!Sample_organism_ch1 = Homo sapiens
!Sample_taxid_ch1 = 9606
!Sample_characteristics_ch1 = gender: Male
!Sample_characteristics_ch1 = age: 38
!Sample_characteristics_ch1 = disease state: normal
!Sample_molecule_ch1 = total RNA
!Sample_extract_protocol_ch1 = Urine (40-100 ml) was immediately placed on ice, transported to the laboratory and centrifuged at -4C for 5 minutes. Pellets were washed twice with ice-cold phosphate-buffered saline, suspended in 0.8 ml TRIzol and RNA was extracted according to the manufacturer's instructions.
!Sample_label_ch1 = biotin
!Sample_label_protocol_ch1 = RNA was stored at -80oC until all samples had been collected, then analyzed at our Microarray Core Facility using the Affymetrix GeneChip Whole Transcript (WT) Sense Target Labeling Assay protocol.
!Sample_hyb_protocol = Standard Affymetrix
!Sample_scan_protocol = Standard Affymetrix
!Sample_data_processing = Probe level data were produced by Partek GS (6.10) using the RMA output option. Probe set signal intensities < 4.2 were considered absent, and if > 10 chips rated a probe set absent, that probe set was not considered for further analysis.
!Sample_platform_id = GPL6244
!Sample_contact_name = Eric,M,Blalock
!Sample_contact_email = eric.blalock@uky.edu
!Sample_contact_phone = 859-323-8033
!Sample_contact_laboratory = Blalock
!Sample_contact_department = Molecular and Biomedical Pharmacology
!Sample_contact_institute = University of Kentucky
!Sample_contact_address = 800 Rose St.
!Sample_contact_city = Lexington
!Sample_contact_state = KY
!Sample_contact_zip/postal_code = 40475
!Sample_contact_country = USA
!Sample_supplementary_file = ftp://ftp.ncbi.nlm.nih.gov/geo/samples/GSM699nnn/GSM699137/suppl/GSM699137.CEL.gz
!Sample_series_id = GSE28242
!Sample_data_row_count = 33297
#ID_REF = 
#VALUE = RMA-calculated Signal intensity
!sample_table_begin
ID_REF	VALUE
7896736	5.396532
7896738	3.00762
7896740	3.254678
7896742	7.115098
7896744	5.64749
7896746	8.292649
7896748	9.71446
7896750	4.835735
7896752	9.574877
7896754	8.273056
7896756	4.776985
7896759	6.428474
7896761	6.01456
7896779	5.866963
7896798	6.610253
7896817	6.310936
7896822	7.886873
7896859	5.25684
7896861	4.045621
7896863	6.007911
7896865	5.953278
7896878	5.998683
7896882	5.632834
7896908	6.659952
7896917	6.681715
7896921	5.81864
7896929	7.348969
7896937	5.679983
7896952	6.553238
7896961	6.978519
7896983	4.909945
7896985	6.28871
7897006	6.638378
7897026	4.776897
7897034	5.40819
7897044	7.007442
7897066	5.890948
7897068	7.046751
7897076	4.423523
7897078	9.8604
7897089	6.62219
7897119	8.594616
7897128	5.058731
7897132	5.354552
7897154	6.180518
7897172	8.306914
7897179	5.339932
7897196	4.876295
7897210	6.011674
7897227	4.493864
7897236	6.030851
7897257	6.474437
7897263	6.65225
7897277	4.89828
7897280	5.842863
7897286	6.24091
7897288	6.111454
7897293	6.684177
7897295	4.770144
7897305	6.096303
7897322	6.979016
7897329	5.701968
7897339	4.305462
7897368	4.733387
7897370	7.898319
7897378	7.30513
7897404	10.71263
7897416	4.202126
7897422	5.096694
7897424	4.72434
7897426	4.659731
7897439	4.798456
7897441	8.231951
7897449	5.737846
7897460	6.619391
7897469	5.317849
7897482	6.313799
7897509	5.780288
7897520	6.059637
7897522	4.160323
7897527	8.358748
7897559	3.27492
7897561	7.455778
7897620	9.957699
7897632	5.248316
7897648	6.951948
7897661	7.504758
7897663	10.24703
7897675	3.364694
7897683	2.3825
7897685	7.669621
7897691	5.46517
7897714	6.662069
7897728	6.40485
7897737	7.264466
7897745	7.881994
7897753	5.416719
7897774	7.497006
7897801	9.798679
7897803	7.286182
7897824	8.52291
7897849	6.368892
7897860	5.951311
7897877	7.080215
7897890	8.675398
7897953	6.44789
7897955	4.020272
7897960	4.193205
7897964	3.017694
7897966	3.333137
7897974	4.635174
7897978	2.860271
7897987	3.535795
7897991	5.761672
7897995	3.005671
7897997	4.971018
7898002	4.950546
7898007	3.463558
7898012	3.369814
7898020	4.470165
7898026	3.740846
7898030	4.510701
7898034	4.470165
7898040	3.369814
7898048	4.23566
7898052	4.304361
7898057	4.413687
7898070	7.439678
7898084	6.083704
7898102	5.046095
7898112	6.102928
7898115	7.134813
7898124	5.260493
7898161	8.819817
7898167	4.866691
7898176	5.389066
7898184	5.003415
7898192	8.31043
7898209	7.36996
7898211	8.901904
7898227	7.770597
7898249	6.07391
7898256	5.252118
7898263	6.058053
7898276	9.088471
7898278	8.49886
7898294	2.899833
7898296	5.478006
7898300	5.120392
7898314	5.447966
7898328	8.360418
7898337	8.870702
7898350	4.334875
7898353	6.002845
7898355	2.990312
7898357	5.696709
7898371	5.233965
7898373	3.098767
7898375	10.01247
7898377	5.819084
7898405	2.902013
7898407	3.916189
7898411	10.01247
7898413	7.880091
7898431	5.612422
7898448	4.746323
7898466	4.217916
7898483	7.451788
7898516	4.230559
7898521	5.486709
7898533	6.880583
7898535	3.066695
7898537	5.150165
7898549	7.262733
7898556	6.075128
7898568	4.103395
7898570	7.613202
7898572	2.195834
7898574	10.06986
7898582	6.667055
7898585	7.531202
7898594	4.400623
7898602	7.070169
7898607	6.420422
7898609	4.333549
7898616	5.890792
7898623	6.975773
7898627	6.553824
7898653	7.066365
7898655	5.433554
7898663	8.010139
7898673	6.449801
7898675	2.252568
7898677	7.750429
7898679	7.483908
7898693	5.698827
7898707	5.653162
7898713	6.442787
7898721	3.408119
7898723	4.68828
7898725	4.998285
7898732	3.717655
7898734	2.590193
7898736	7.095208
7898739	7.396524
7898750	7.084791
7898773	5.272815
7898793	5.469426
7898799	6.948486
7898805	6.786478
7898809	5.644463
7898833	8.891574
7898854	3.059479
7898856	6.67766
7898858	6.050656
7898869	5.250988
7898875	10.96133
7898881	8.455382
7898894	8.019575
7898902	8.687382
7898910	11.15508
7898916	7.853376
7898939	8.972338
7898957	8.160079
7898967	5.405765
7898975	8.7117
7898988	8.892577
7898998	5.053042
7899005	10.64466
7899016	9.81581
7899018	8.140552
7899023	7.269022
7899029	6.729205
7899043	8.075608
7899057	8.230263
7899069	4.662902
7899071	4.097832
7899073	3.618773
7899075	5.084142
7899087	7.914604
7899093	6.594995
7899096	6.166928
7899101	7.146451
7899124	4.528115
7899134	6.153443
7899151	3.135163
7899153	8.770658
7899160	6.153965
7899167	5.061185
7899173	8.552392
7899187	10.92428
7899192	8.083218
7899220	7.538348
7899244	8.421711
7899251	2.992013
7899253	7.960867
7899265	8.425684
7899273	8.553978
7899284	7.334641
7899287	7.106619
7899289	7.747025
7899310	7.149844
7899323	6.869416
7899343	6.187704
7899346	7.635487
7899348	5.420588
7899350	6.722825
7899361	8.969512
7899377	8.12085
7899392	5.285075
7899394	6.207736
7899407	6.131297
7899417	6.466414
7899422	5.656059
7899424	7.521734
7899436	5.395018
7899448	6.097367
7899455	7.927048
7899462	7.534868
7899480	10.52231
7899484	5.593781
7899486	7.19371
7899499	4.183041
7899502	6.896873
7899504	6.887537
7899517	3.502583
7899519	7.327744
7899528	5.932734
7899534	7.962365
7899560	5.909227
7899562	8.265607
7899595	5.449907
7899602	3.938588
7899604	7.557432
7899615	10.3085
7899627	6.472876
7899643	4.87173
7899654	8.256703
7899675	6.017143
7899688	8.479315
7899703	8.191052
7899719	5.050826
7899727	5.19275
7899737	9.289261
7899750	5.31356
7899753	5.886779
7899774	11.02182
7899790	4.396164
7899797	5.251953
7899811	2.13307
7899813	10.58709
7899821	7.841411
7899829	7.651186
7899841	5.407202
7899849	5.59278
7899851	5.270682
7899870	7.257676
7899882	5.28251
7899884	5.655481
7899898	2.895727
7899905	3.805677
7899909	5.446633
7899911	3.792681
7899921	6.381122
7899927	5.560827
7899932	6.025464
7899939	5.714094
7899943	6.844588
7899955	11.08356
7899957	8.991909
7899988	3.21688
7899990	6.335208
7900001	6.894953
7900009	7.772238
7900030	7.743004
7900051	8.065726
7900076	4.605642
7900087	6.42437
7900095	7.394959
7900119	9.4925
7900129	6.214363
7900144	2.448796
7900146	7.372983
7900157	11.34507
7900159	6.269118
7900167	5.099687
7900181	2.916801
7900183	6.261691
7900192	6.927771
7900201	7.217797
7900212	2.605353
7900214	2.581411
7900216	9.08802
7900228	9.86287
7900235	8.107158
7900336	6.290225
7900340	5.685606
7900350	3.333872
7900352	5.860585
7900354	7.230822
7900365	6.100538
7900382	10.96178
7900395	8.336804
7900405	3.969929
7900407	2.849194
7900409	4.159952
7900413	9.765824
7900426	8.216956
7900438	4.487953
7900446	5.817151
7900454	6.243833
7900461	4.650068
7900468	8.406498
7900488	4.936138
7900490	3.938663
7900492	4.385835
7900510	7.199086
7900531	6.359808
7900538	6.509364
7900540	5.784196
7900546	8.989261
7900555	4.619957
7900576	8.155456
7900585	11.16039
7900597	6.131352
7900603	4.17001
7900609	7.088171
7900624	6.183248
7900633	3.020336
7900635	5.832244
7900639	4.173216
7900652	3.47106
7900654	7.624617
7900658	3.680181
7900683	4.667293
7900699	5.63808
7900710	6.847011
7900792	9.803952
7900833	8.744967
7900857	5.938546
7900876	2.8639
7900878	5.662845
7900888	6.706779
7900911	5.346643
7900922	9.018969
7900931	8.310378
7900944	6.521064
7900957	5.062767
7900962	7.175249
7900977	2.203445
7900979	7.139686
7900999	4.429443
7901010	4.142972
7901036	2.863349
7901038	11.44296
7901046	6.577435
7901048	8.03742
7901050	5.474813
7901052	5.626954
7901054	6.353769
7901071	2.636024
7901073	7.83328
7901087	5.217758
7901091	6.679955
7901102	6.420832
7901110	9.117685
7901123	7.705688
7901135	7.731939
7901140	7.001921
7901175	12.07082
7901187	5.839508
7901192	4.070707
7901212	6.336602
7901219	7.877953
7901227	2.645232
7901229	7.754389
7901247	6.174413
7901253	4.348931
7901256	10.19336
7901272	9.001377
7901287	5.082054
7901293	4.919573
7901299	10.46943
7901309	7.14487
7901311	5.43188
7901314	5.327463
7901316	3.773257
7901334	2.228552
7901336	7.838514
7901340	4.1272
7901342	3.158668
7901357	7.428666
7901359	2.269911
7901361	2.580487
7901363	4.597173
7901374	2.271145
7901376	8.164187
7901383	2.710727
7901385	9.34352
7901418	9.084114
7901426	6.58748
7901443	6.787323
7901445	6.74052
7901447	8.720852
7901460	5.086462
7901466	4.595694
7901477	4.900229
7901479	8.088383
7901497	4.291905
7901513	9.874892
7901535	4.927196
7901549	7.300229
7901557	5.682113
7901563	3.379729
7901565	4.19208
7901577	6.84982
7901592	6.803113
7901601	8.678776
7901611	4.349751
7901613	7.680958
7901634	6.595561
7901662	8.134438
7901675	4.684974
7901687	6.289778
7901691	4.496545
7901696	5.317273
7901710	2.327869
7901712	2.314969
7901714	4.565345
7901720	7.36577
7901732	3.42672
7901744	5.16274
7901746	8.595343
7901748	8.535617
7901765	7.199221
7901788	8.91908
7901802	4.647742
7901804	10.23667
7901852	6.87016
7901854	5.845669
7901856	6.878067
7901858	6.466016
7901860	2.968803
7901867	7.620593
7901883	2.348886
7901895	6.555776
7901911	3.755934
7901913	5.016937
7901915	7.160612
7901931	5.061145
7901948	2.116981
7901951	7.334929
7901967	6.878006
7901969	4.816624
7901982	2.41147
7901993	6.78755
7902023	7.538239
7902036	7.855807
7902038	6.574586
7902043	3.981418
7902072	2.949565
7902074	6.546618
7902102	2.318063
7902104	6.638864
7902127	3.697219
7902158	3.51644
7902166	7.693836
7902189	2.560504
7902203	4.567503
7902205	3.149859
7902225	2.23145
7902227	8.752769
7902235	3.097784
7902265	5.97262
7902267	6.181651
7902269	9.871103
7902282	6.084837
7902290	5.621213
7902306	2.882775
7902308	7.934651
7902317	3.061211
7902345	8.502637
7902353	3.843609
7902365	3.937369
7902367	9.63071
7902382	8.600822
7902396	6.576668
7902398	9.275791
7902400	6.915289
7902402	2.565502
7902425	4.550741
7902435	8.197301
7902439	2.687413
7902441	4.958286
7902448	11.49475
7902452	2.966151
7902472	4.486824
7902474	5.260531
7902476	7.846391
7902495	2.958696
7902512	7.667017
7902518	7.114916
7902527	2.918466
7902541	7.506217
7902553	7.217271
7902563	3.39901
7902565	6.147567
7902592	6.744577
7902594	8.481864
7902611	4.85126
7902615	2.178063
7902617	5.268867
7902623	2.869771
7902634	7.133513
7902645	2.391058
7902660	3.714893
7902687	6.379412
7902700	3.141012
7902702	6.27371
7902721	2.858624
7902738	9.813893
7902754	3.211174
7902771	9.656549
7902787	5.37907
7902789	8.155272
7902799	4.70381
7902808	3.604937
7902810	7.016835
7902822	9.532194
7902848	6.833835
7902850	4.230004
7902861	7.059617
7902874	5.758891
7902883	7.837897
7902891	7.715848
7902909	4.631502
7902911	4.390838
7902913	4.647525
7902930	3.644723
7902934	3.23399
7902957	4.664164
7902965	6.700006
7902977	6.122096
7902984	2.207212
7902992	7.057235
7903008	3.721432
7903010	8.323059
7903022	7.016454
7903024	4.206452
7903026	2.183855
7903028	3.249679
7903030	2.693372
7903032	8.681376
7903049	3.841985
7903079	9.088353
7903090	2.350015
7903092	9.390364
7903109	2.176178
7903111	2.391097
7903113	2.331752
7903115	2.617283
7903117	4.228364
7903119	10.82734
7903144	9.171182
7903162	8.566689
7903171	7.070159
7903181	2.512303
7903183	9.500656
7903186	3.088093
7903188	7.742702
7903203	6.797421
7903214	3.742024
7903227	4.014124
7903239	8.157886
7903281	10.35476
7903292	3.393394
7903294	9.963923
7903308	8.296662
7903321	8.449611
7903334	9.347838
7903355	5.728308
7903358	4.532431
7903369	8.849689
7903389	6.975332
7903391	3.550369
7903393	3.42852
7903399	4.208209
7903401	2.920135
7903404	8.691694
7903407	8.251579
7903414	8.25274
7903425	7.797888
7903440	7.797888
7903455	3.486402
7903457	6.110142
7903461	5.244273
7903474	9.224737
7903478	5.440203
7903490	5.559202
7903507	8.413883
7903519	8.331058
7903530	3.032906
7903541	8.535094
7903561	3.288795
7903565	5.71564
7903582	11.89927
7903586	9.727926
7903592	9.075155
7903619	10.06531
7903632	6.692202
7903667	5.262228
7903676	5.069952
7903688	7.431139
7903694	5.147664
7903703	9.081705
7903717	7.620523
7903719	6.48037
7903742	6.225555
7903753	5.596447
7903765	6.354423
7903777	3.717687
7903786	6.580602
7903803	10.07419
7903827	7.892674
7903851	4.49559
7903854	4.362032
7903867	5.993105
7903876	2.195539
7903878	7.915233
7903884	5.035994
7903889	3.921741
7903893	9.762412
7903906	2.763556
7903908	9.151346
7903920	4.011723
7903935	3.733358
7903945	3.769
7903959	4.428637
7903970	3.993582
7903972	8.723092
7903980	6.196786
7903988	8.428196
7904000	6.148046
7904014	2.424129
7904016	2.177671
7904018	7.444305
7904025	5.432876
7904036	7.618259
7904048	7.128452
7904050	8.22016
7904073	4.959782
7904082	5.040341
7904084	5.128916
7904086	7.534324
7904106	7.886563
7904131	5.607444
7904137	8.842435
7904158	4.741622
7904164	3.453378
7904166	3.454777
7904168	2.309014
7904203	3.068514
7904209	4.653354
7904211	7.140749
7904226	6.639939
7904244	5.015346
7904252	3.175726
7904254	11.75328
7904281	2.976172
7904287	6.296658
7904293	8.308056
7904303	5.266646
7904314	6.56724
7904340	9.282845
7904361	9.075592
7904364	6.70206
7904394	4.123592
7904396	4.065584
7904408	3.117408
7904414	4.942103
7904417	3.068694
7904421	3.815581
7904429	4.750522
7904431	2.560138
7904433	7.418042
7904448	4.329487
7904450	2.218564
7904452	3.789523
7904463	8.023076
7904465	8.651349
7904469	7.104083
7904478	5.486331
7904480	3.791173
7904482	8.226746
7904486	13.27371
7904500	13.60145
7904506	13.55903
7904562	13.45222
7904569	13.79745
7904572	5.01174
7904574	11.39848
7904693	4.992782
7904695	10.44326
7904702	11.49731
7904713	8.19698
7904715	4.418872
7904717	4.566202
7904726	13.41186
7904737	5.008211
7904742	6.972467
7904751	8.324119
7904755	8.176012
7904761	4.660978
7904796	5.766358
7904812	8.226097
7904830	7.684933
7904843	3.66587
7904853	7.482805
7904863	6.468954
7904865	3.449262
7904869	6.972324
7904872	2.912189
7904874	13.5049
7904877	4.596884
7904879	6.753794
7904881	11.92974
7904883	7.482388
7904907	7.408948
7904921	4.585886
7904923	3.309674
7904927	4.208978
7904930	7.704937
7904948	6.972324
7904951	2.912189
7904953	2.28395
7904955	6.719777
7904959	5.883764
7904963	3.791173
7904965	5.71967
7904967	6.371648
7904969	8.558804
7904974	8.18333
7904976	11.55432
7904997	7.420852
7904999	11.59039
7905016	7.420852
7905018	5.636252
7905020	5.279226
7905025	4.6566
7905028	7.181841
7905033	3.685539
7905035	5.451932
7905037	5.546501
7905043	6.317334
7905047	6.545964
7905051	5.975651
7905054	4.878309
7905058	5.75143
7905060	6.155274
7905067	7.638379
7905077	4.300504
7905079	8.007795
7905085	6.639103
7905088	8.124779
7905092	7.05092
7905099	8.893903
7905116	5.824506
7905131	3.932271
7905145	3.626136
7905147	4.936804
7905154	5.009969
7905163	8.532809
7905171	8.25909
7905185	8.085922
7905198	7.049539
7905220	7.21043
7905233	5.422038
7905254	3.703425
7905256	3.640629
7905258	7.230245
7905283	8.312428
7905299	6.814007
7905308	8.981707
7905324	6.208446
7905329	4.939239
7905339	7.380703
7905349	5.440868
7905355	7.723757
7905365	8.147411
7905374	7.567842
7905382	6.628329
7905395	10.4299
7905406	8.322786
7905428	8.53396
7905444	8.256333
7905462	2.615003
7905464	3.942053
7905474	3.504269
7905481	5.162277
7905483	5.909728
7905486	5.684885
7905490	5.217807
7905492	6.578918
7905496	3.69298
7905500	4.73996
7905503	4.044414
7905505	5.604157
7905507	7.236414
7905510	5.846849
7905512	5.976092
7905515	4.254994
7905517	6.564529
7905519	5.677337
7905523	7.6089
7905525	3.369069
7905528	6.728618
7905530	4.089828
7905533	6.461517
7905536	6.047604
7905544	9.471725
7905548	10.83781
7905553	9.010438
7905559	6.037746
7905563	4.036228
7905569	2.814668
7905571	8.399602
7905576	3.819113
7905581	5.209423
7905589	7.977558
7905598	6.94819
7905606	4.646773
7905629	2.974543
7905631	8.839311
7905664	6.552032
7905677	6.40934
7905691	10.84901
7905698	2.234183
7905700	9.128614
7905731	5.262042
7905733	8.22081
7905742	2.45607
7905744	3.661031
7905746	4.839718
7905754	4.848001
7905789	6.109712
7905801	3.833111
7905817	5.110627
7905826	7.912618
7905831	6.978452
7905848	5.057568
7905854	7.736389
7905862	5.441114
7905881	7.987928
7905909	6.276659
7905918	5.610581
7905927	4.482074
7905929	8.754854
7905938	8.556103
7905949	5.248043
7905951	5.417976
7905968	6.690806
7905974	6.045626
7905986	7.755315
7905999	6.455762
7906015	4.370215
7906017	5.389296
7906021	6.926811
7906041	8.404843
7906056	6.420793
7906061	4.511357
7906069	5.360682
7906072	6.202012
7906079	10.41528
7906085	7.982607
7906107	7.536401
7906128	6.969151
7906133	8.023505
7906140	5.958435
7906146	7.310447
7906154	3.190384
7906163	4.727732
7906175	3.754275
7906177	5.632676
7906185	8.765143
7906194	4.497393
7906197	5.842271
7906205	5.908366
7906223	6.846869
7906235	7.935667
7906244	5.421748
7906264	5.622525
7906284	4.951488
7906303	3.667291
7906305	5.764388
7906307	4.767159
7906330	5.83734
7906339	4.315588
7906348	4.44505
7906355	5.600812
7906365	3.354621
7906367	2.242082
7906370	2.483239
7906372	4.298868
7906374	3.597441
7906377	5.503098
7906386	3.821464
7906400	7.482906
7906417	5.033223
7906433	5.372365
7906435	4.865869
7906443	4.789987
7906452	3.149499
7906458	4.035363
7906465	3.183129
7906467	4.763936
7906469	7.761324
7906475	4.500222
7906486	5.944532
7906496	5.34222
7906501	5.027085
7906527	4.837794
7906552	5.413844
7906564	9.089025
7906574	3.001508
7906576	8.268612
7906597	4.995648
7906602	6.626835
7906613	7.233109
7906622	4.931676
7906642	5.296564
7906652	7.295846
7906662	9.516826
7906671	7.914793
7906688	5.977302
7906703	8.85488
7906720	7.552943
7906728	5.734834
7906742	6.056131
7906746	6.333471
7906751	4.006085
7906753	5.954226
7906757	7.025449
7906764	7.053517
7906767	8.14886
7906775	7.491697
7906777	5.694275
7906784	2.467325
7906786	4.390251
7906797	5.200183
7906808	3.698052
7906810	6.994059
7906819	9.376804
7906838	6.921309
7906852	9.865496
7906863	9.082628
7906878	4.340468
7906898	4.432991
7906900	4.258986
7906904	6.365208
7906919	3.725811
7906930	3.20867
7906948	2.541614
7906950	3.617319
7906952	2.486046
7906954	9.513474
7906969	8.67008
7906973	3.534811
7906978	8.579646
7906988	3.330021
7906993	5.082993
7906995	7.452856
7907008	4.900908
7907010	4.561165
7907012	4.801686
7907024	8.194966
7907032	3.083854
7907049	5.083453
7907051	3.104177
7907053	3.982786
7907058	7.157304
7907079	5.941278
7907090	5.200918
7907092	8.367804
7907104	8.773611
7907124	7.335649
7907135	8.540707
7907146	5.569921
7907156	3.65464
7907160	11.99352
7907171	8.463817
7907183	5.972646
7907211	6.409646
7907213	6.858403
7907222	4.130879
7907232	2.719627
7907249	3.687048
7907260	3.24045
7907271	4.766166
7907286	2.667955
7907297	6.679977
7907308	2.845394
7907310	9.269302
7907349	6.591584
7907351	6.970032
7907353	8.256521
7907368	3.63307
7907370	4.246078
7907394	2.531498
7907396	2.953669
7907404	7.906279
7907430	4.373847
7907439	9.361481
7907445	7.716574
7907462	3.078342
7907464	4.030499
7907466	7.307903
7907486	6.748372
7907492	7.945272
7907531	5.947203
7907535	2.429269
7907537	7.194261
7907549	4.49104
7907568	3.914189
7907572	4.613696
7907601	4.758684
7907611	7.771532
7907633	3.244811
7907649	5.894151
7907655	6.396508
7907657	8.511615
7907680	8.739495
7907690	7.01931
7907700	5.098092
7907702	8.540745
7907719	2.908836
7907749	5.77693
7907769	4.238201
7907773	8.67728
7907790	7.718862
7907830	10.04972
7907847	7.5658
7907849	4.721045
7907859	7.170642
7907861	8.423338
7907882	5.078296
7907893	8.069263
7907904	8.911338
7907907	3.996356
7907911	4.176407
7907960	2.746053
7907962	4.848795
7907964	3.508254
7907966	4.349883
7907968	3.494972
7907970	5.018866
7907972	3.832278
7907977	3.472815
7907986	3.105477
7908003	6.295069
7908022	8.751126
7908041	6.984179
7908072	7.287656
7908097	7.612587
7908125	7.112018
7908147	8.134632
7908155	3.296617
7908157	2.836663
7908159	4.613878
7908161	10.01376
7908169	7.192767
7908178	5.911884
7908204	4.609656
7908312	2.871594
7908328	6.661085
7908330	7.791846
7908347	5.652174
7908351	6.183252
7908371	3.246027
7908376	4.252611
7908382	2.709003
7908388	4.43659
7908397	3.966482
7908407	10.21486
7908409	7.49841
7908421	8.647849
7908437	8.418042
7908459	9.129831
7908481	2.625374
7908488	4.158859
7908492	3.348112
7908496	2.426988
7908499	2.877737
7908508	3.623556
7908525	5.740895
7908529	4.279175
7908543	8.711345
7908553	7.640326
7908591	5.303974
7908593	3.004084
7908595	2.527393
7908597	4.716125
7908610	2.174588
7908612	5.11387
7908614	7.577814
7908635	9.032271
7908637	6.733517
7908639	7.742487
7908650	5.276308
7908672	5.903239
7908692	5.723739
7908694	5.504493
7908728	4.35648
7908730	2.94101
7908732	7.842134
7908758	5.742738
7908766	7.536813
7908775	4.015755
7908777	9.791662
7908779	9.466296
7908793	9.745226
7908812	6.428256
7908816	4.831254
7908839	2.42266
7908841	8.077032
7908861	7.344455
7908863	4.995224
7908867	9.223583
7908879	4.978675
7908907	5.443917
7908917	8.822484
7908924	4.5431
7908931	5.404368
7908940	6.714455
7908966	3.232146
7908968	4.191827
7908978	9.515808
7908988	6.836272
7908993	6.512116
7909011	8.374562
7909027	4.690856
7909064	4.901654
7909088	4.682216
7909102	5.388628
7909104	6.947501
7909127	9.592871
7909140	6.21697
7909142	6.034431
7909144	5.447062
7909146	3.631405
7909155	3.817167
7909164	4.661089
7909175	5.418008
7909188	7.060611
7909214	8.809144
7909225	5.35186
7909236	7.510673
7909250	5.559318
7909261	3.86693
7909271	3.378935
7909285	6.628991
7909306	3.951928
7909318	3.436745
7909332	9.127428
7909350	2.882012
7909371	6.258428
7909390	4.082551
7909400	10.99726
7909418	5.099973
7909422	5.282285
7909425	4.318421
7909441	8.769836
7909446	4.233068
7909455	5.081698
7909478	7.315815
7909494	2.793189
7909503	5.577113
7909510	7.937885
7909525	2.964966
7909527	6.168187
7909529	8.503077
7909545	6.475461
7909561	5.714915
7909568	3.871038
7909586	8.691857
7909601	6.028685
7909603	8.192644
7909610	5.194117
7909624	4.943787
7909626	2.238066
7909628	5.310742
7909642	4.837116
7909661	7.210374
7909681	3.657077
7909689	5.368554
7909708	3.876539
7909730	3.584787
7909745	10.2838
7909768	4.102489
7909780	3.408318
7909782	5.014266
7909789	4.206054
7909801	6.512716
7909811	5.412262
7909813	3.723687
7909815	9.227288
7909839	5.291133
7909841	4.7428
7909862	6.895802
7909866	6.348394
7909877	7.254841
7909888	2.668125
7909890	5.34794
7909896	5.707674
7909898	8.66875
7909931	10.17906
7909946	3.665388
7909954	5.096338
7909965	6.096068
7909967	9.776618
7909990	8.306442
7909992	9.025852
7909999	2.719813
7910001	7.260389
7910010	2.910698
7910012	2.844345
7910014	7.92931
7910022	3.79442
7910030	4.048843
7910047	5.851647
7910054	3.299705
7910096	4.662104
7910099	9.555667
7910111	9.303793
7910124	11.06674
7910134	6.102253
7910138	2.515268
7910142	4.868997
7910146	7.852637
7910164	7.537451
7910184	4.569158
7910186	3.78382
7910188	3.541975
7910190	5.192149
7910198	5.834822
7910200	6.577684
7910211	4.394852
7910217	4.936506
7910229	10.87559
7910241	8.094527
7910257	6.256968
7910261	6.078118
7910265	5.226951
7910369	5.064474
7910372	8.285986
7910377	6.684517
7910379	3.811687
7910381	4.369256
7910383	2.865877
7910385	8.996019
7910387	8.905354
7910396	3.247331
7910398	7.927238
7910414	5.887333
7910416	6.085188
7910427	8.646282
7910446	7.760471
7910466	7.783339
7910490	4.273853
7910492	4.463687
7910494	8.483173
7910503	5.414257
7910520	9.040699
7910539	7.091856
7910550	7.748391
7910559	5.335073
7910585	5.627272
7910587	2.764099
7910589	5.420113
7910591	7.371462
7910600	5.297125
7910611	8.116236
7910618	5.660751
7910630	6.494569
7910634	2.266508
7910636	5.777256
7910638	6.799117
7910640	7.289513
7910651	5.987765
7910672	2.117981
7910674	2.642837
7910680	8.610063
7910694	7.238929
7910706	8.301669
7910727	4.372821
7910752	7.618601
7910790	7.511632
7910792	3.110348
7910897	5.291063
7910899	7.11286
7910901	7.177787
7910903	2.182543
7910905	3.045977
7910907	2.199477
7910909	2.518682
7910911	2.399096
7910913	6.481045
7910915	2.938935
7910923	3.544497
7910944	4.228179
7910948	2.640259
7910950	3.849842
7910971	2.605975
7910997	3.824522
7911017	6.892324
7911038	6.73257
7911045	3.886284
7911047	6.898103
7911049	3.313106
7911056	5.163039
7911078	7.278116
7911085	7.394083
7911092	6.748927
7911094	2.069937
7911096	6.186157
7911108	5.531605
7911110	4.762461
7911112	4.623581
7911114	4.687425
7911136	2.130903
7911138	6.663244
7911155	11.02779
7911170	5.064506
7911174	3.177737
7911176	2.792664
7911178	6.077218
7911197	4.37553
7911199	2.749799
7911207	4.461975
7911209	3.635369
7911211	2.597673
7911213	4.12419
7911215	2.705413
7911218	5.804122
7911229	5.850168
7911231	5.850168
7911233	4.374667
7911235	2.961414
7911237	3.820854
7911241	3.881952
7911243	2.979867
7911248	2.722952
7911252	4.092529
7911258	3.943182
7911260	4.097293
7911263	4.582096
7911265	2.424934
7911267	2.623564
7911269	4.103601
7911271	4.520395
7911273	3.06737
7911276	3.480554
7911278	4.797014
7911281	3.800941
7911283	4.683082
7911285	2.38244
7911287	3.900296
7911289	7.384245
7911301	6.958333
7911307	7.78283
7911309	8.28801
7911323	3.277392
7911329	7.313159
7911331	6.309451
7911333	7.642291
7911335	12.78695
7911337	13.05789
7911339	10.63007
7911341	10.44623
7911343	12.0821
7911345	5.64749
7911347	7.115098
7911349	3.826964
7911351	7.657846
7911355	5.972334
7911359	8.06022
7911371	5.320777
7911376	6.822808
7911383	6.109681
7911403	6.414111
7911413	5.708019
7911422	7.929379
7911435	6.260753
7911444	6.551972
7911458	6.528274
7911486	7.458439
7911506	7.183168
7911529	7.878168
7911532	7.901537
7911539	9.197032
7911559	8.520882
7911568	7.989621
7911578	7.51964
7911591	7.8509
7911600	7.97055
7911619	10.83632
7911634	6.487366
7911643	3.803799
7911657	6.046929
7911659	4.254891
7911676	5.020144
7911681	4.52332
7911683	5.967697
7911699	6.186221
7911701	6.332014
7911718	5.374636
7911720	6.656846
7911730	6.784124
7911750	6.319245
7911754	7.954033
7911767	4.829812
7911793	5.933991
7911796	5.738677
7911799	6.191451
7911839	5.597555
7911854	6.990672
7911862	7.893097
7911870	7.61172
7911897	8.286018
7911902	5.452074
7911941	5.390179
7911989	6.828153
7911993	8.147916
7912004	6.116549
7912012	5.718588
7912031	5.396824
7912040	7.130987
7912056	5.698903
7912086	7.960945
7912102	6.175303
7912112	7.809157
7912133	3.868875
7912136	2.602607
7912145	4.352299
7912155	6.568861
7912157	6.93204
7912162	6.303505
7912164	2.654181
7912166	8.419794
7912194	7.064035
7912196	3.125781
7912198	11.83414
7912211	3.987836
7912224	5.499318
7912239	7.106987
7912248	3.234837
7912250	7.056571
7912252	4.019261
7912254	4.594464
7912257	9.593497
7912280	4.395337
7912283	7.213565
7912292	8.409968
7912303	7.157283
7912316	6.942145
7912343	7.697998
7912347	6.476164
7912349	5.623229
7912361	4.617143
7912374	7.962116
7912385	8.35581
7912412	7.544068
7912473	6.776584
7912481	6.432769
7912496	6.942875
7912511	7.131744
7912515	4.63336
7912520	4.749402
7912525	2.452733
7912527	3.743962
7912529	4.326109
7912531	2.374413
7912535	4.521867
7912537	10.52467
7912547	3.364982
7912552	3.748586
7912555	3.476786
7912561	4.564728
7912567	3.411541
7912575	3.463558
7912580	5.165676
7912582	3.1415
7912585	4.932705
7912589	3.005671
7912591	5.761672
7912595	3.169945
7912601	3.865649
7912606	5.761672
7912610	3.169945
7912617	3.865649
7912622	3.930519
7912625	2.808841
7912627	4.575623
7912629	5.511813
7912638	6.891097
7912646	7.833747
7912659	5.566028
7912670	8.735517
7912672	5.564866
7912675	6.203717
7912692	4.51734
7912701	5.932903
7912706	7.638156
7912724	5.719241
7912743	6.931209
7912750	7.805636
7912762	3.060587
7912764	4.593126
7912784	5.47304
7912800	10.01247
7912802	4.351335
7912804	7.419411
7912806	2.902013
7912808	11.10192
7912839	6.807638
7912850	10.01247
7912852	10.48641
7912854	5.589743
7912861	5.233965
7912863	5.902114
7912882	3.115068
7912884	4.334875
7912887	5.973342
7912898	7.304817
7912928	7.909168
7912937	7.277752
7912956	8.782225
7912968	5.301428
7912975	6.180581
7912994	5.995442
7913001	8.83526
7913110	7.726045
7913138	4.509687
7913146	6.618877
7913154	5.2856
7913156	7.489511
7913169	10.09163
7913185	4.835116
7913187	7.953397
7913206	5.521751
7913211	5.896
7913216	7.339805
7913226	6.198733
7913235	5.839374
7913237	10.08205
7913242	7.304021
7913249	6.750732
7913252	6.882645
7913256	10.02763
7913271	5.123035
7913290	5.204453
7913300	9.541729
7913319	8.278056
7913357	9.305377
7913380	12.45849
7913385	6.698239
7913415	8.256259
7913450	6.712236
7913547	5.831098
7913556	2.487276
7913558	7.327251
7913566	6.470044
7913571	10.56242
7913582	8.786263
7913593	10.189
7913609	7.734348
7913642	7.333766
7913644	5.178907
7913655	7.675104
7913663	3.25229
7913665	6.928006
7913667	7.91214
7913682	8.663418
7913694	10.51861
7913705	4.884764
7913712	8.167929
7913727	4.503544
7913768	4.473201
7913776	5.809662
7913787	5.739716
7913799	2.098901
7913801	3.02125
7913803	2.103208
7913805	6.130589
7913814	8.167807
7913824	9.092137
7913835	4.642757
7913850	5.560016
7913852	3.623605
7913858	7.139597
7913864	4.006581
7913869	5.821835
7913883	8.405049
7913896	5.457924
7913907	3.992346
7913918	5.653788
7913938	6.270638
7913965	5.535997
7913972	3.853721
7913976	3.03295
7913978	7.315211
7913990	6.084255
7914000	5.496424
7914003	6.500913
7914015	6.412496
7914021	7.910988
7914038	3.157465
7914040	7.909533
7914042	6.930842
7914075	4.970326
7914084	5.889268
7914094	7.589336
7914103	5.765934
7914112	7.167187
7914127	8.028466
7914137	2.260775
7914141	6.986232
7914153	7.070414
7914178	6.258314
7914180	9.718342
7914182	5.006911
7914184	6.435198
7914194	6.805132
7914200	2.360847
7914202	8.509504
7914212	9.066757
7914214	7.427045
7914216	8.342718
7914218	6.27739
7914230	2.902311
7914232	7.009488
7914235	9.20098
7914245	7.500239
7914260	4.37396
7914270	10.6728
7914282	5.821413
7914296	10.11358
7914322	5.431541
7914324	5.431541
7914326	4.870448
7914334	7.28279
7914342	5.068689
7914354	7.403156
7914361	6.599372
7914433	5.601951
7914467	5.560478
7914489	11.08906
7914496	5.116852
7914498	3.355965
7914500	6.791375
7914516	6.424816
7914525	10.68359
7914530	7.711197
7914550	5.205396
7914555	3.821999
7914557	5.177867
7914563	7.864066
7914580	5.122765
7914592	9.369485
7914603	7.947493
7914617	7.884513
7914628	4.878784
7914630	6.768393
7914643	4.130027
7914648	6.320264
7914667	4.36765
7914748	4.602156
7914750	6.645563
7914758	4.764222
7914764	7.735626
7914791	9.935387
7914805	4.144096
7914809	8.936331
7914834	9.612764
7914847	5.449733
7914851	3.636527
7914878	3.019276
7914880	6.165733
7914887	8.625399
7914898	7.044223
7914904	6.541899
7914917	7.33259
7914923	5.687966
7914938	5.115118
7914940	8.764905
7914950	7.208258
7914974	5.298195
7914992	4.217638
7914994	3.513956
7914996	8.530418
7915008	7.734492
7915015	8.736629
7915032	5.605185
7915045	5.367534
7915056	3.831373
7915074	2.019905
7915078	5.857364
7915084	7.570661
7915091	7.100025
7915101	7.784147
7915130	8.484389
7915147	5.960109
7915156	6.188395
7915160	7.997443
7915170	7.382404
7915178	4.649222
7915184	8.299192
7915198	3.246142
7915200	3.834983
7915202	4.344774
7915204	4.279786
7915207	9.525803
7915227	6.399902
7915229	5.468955
7915238	5.382265
7915245	4.387215
7915252	6.927811
7915257	5.860585
7915261	8.367311
7915275	5.45211
7915277	8.032013
7915284	4.957101
7915286	10.23037
7915297	6.836298
7915329	5.978819
7915331	5.199472
7915333	5.001811
7915345	6.980864
7915347	6.598721
7915351	5.276165
7915363	8.135132
7915385	6.717524
7915392	5.188254
7915404	5.177169
7915408	8.651596
7915425	5.255114
7915435	6.114054
7915444	5.797145
7915466	5.696318
7915468	5.444302
7915472	9.942385
7915485	7.737071
7915498	4.164094
7915500	7.878528
7915504	9.836462
7915516	7.367352
7915529	6.211566
7915543	6.235633
7915561	2.429481
7915563	5.957524
7915565	1.425331
7915567	6.626974
7915578	6.442149
7915590	2.026698
7915592	4.608326
7915594	5.840382
7915598	4.738191
7915609	4.88058
7915612	3.959768
7915614	5.416346
7915640	6.84418
7915657	5.004307
7915659	7.798965
7915682	5.871545
7915695	6.472396
7915718	7.944953
7915731	5.257011
7915733	9.841793
7915743	5.828375
7915758	9.553593
7915775	8.36111
7915787	9.523721
7915801	8.290598
7915827	8.637041
7915841	6.402625
7915846	8.246433
7915861	6.861547
7915870	6.862899
7915882	9.887329
7915896	6.888221
7915902	5.370105
7915910	8.573591
7915919	4.327189
7915926	5.17228
7915949	5.948737
7915951	2.879283
7915955	7.600587
7915971	3.723752
7915982	5.661951
7915991	5.48117
7915995	8.402606
7916016	6.206667
7916018	6.291924
7916020	2.440863
7916022	7.547523
7916024	8.477048
7916045	9.364819
7916077	9.206365
7916112	4.522938
7916120	9.928034
7916130	7.374568
7916135	7.216478
7916167	3.750307
7916185	7.772249
7916219	6.849639
7916225	5.821524
7916227	2.112213
7916229	8.043826
7916246	5.458127
7916248	4.791737
7916262	8.829901
7916274	7.659303
7916282	5.558844
7916304	5.254725
7916316	7.260578
7916341	2.322501
7916343	8.270233
7916356	6.743008
7916364	5.507977
7916372	11.82824
7916384	4.987851
7916393	5.340854
7916403	8.736542
7916412	5.997858
7916422	7.037055
7916425	7.572723
7916432	11.79899
7916443	8.491656
7916487	2.174212
7916489	4.539655
7916491	3.749547
7916493	8.118941
7916506	7.467988
7916526	3.377624
7916541	4.171004
7916562	12.11277
7916564	6.49156
7916566	2.816418
7916568	5.243551
7916570	8.809062
7916582	5.154978
7916584	11.84382
7916590	10.43063
7916592	8.611395
7916609	7.432997
7916616	6.666891
7916629	3.411464
7916643	6.255626
7916654	4.771127
7916667	3.635407
7916669	7.792896
7916725	4.147696
7916727	6.482509
7916741	6.489767
7916743	4.381055
7916745	2.087403
7916747	9.763765
7916775	5.041899
7916777	3.434481
7916781	4.971314
7916785	2.724928
7916789	5.461586
7916808	7.30509
7916822	2.380176
7916832	3.940118
7916834	2.563064
7916836	9.013734
7916841	2.425302
7916843	9.002226
7916851	4.796717
7916853	4.085446
7916862	11.63249
7916880	3.2503
7916882	3.365585
7916898	2.644855
7916910	6.465141
7916926	4.361235
7916928	7.636296
7916944	3.905061
7916969	9.424017
7916984	5.5203
7916986	3.736208
7916998	3.855162
7917000	4.203106
7917002	2.263461
7917004	2.316281
7917008	2.496345
7917015	3.618774
7917019	3.044321
7917037	8.418403
7917050	5.255964
7917052	7.585232
7917080	5.738811
7917082	2.531761
7917088	6.989291
7917103	8.739109
7917120	8.494012
7917148	8.727091
7917151	4.425078
7917156	9.846043
7917180	2.624417
7917182	2.637938
7917199	8.490922
7917232	8.401342
7917240	8.148948
7917251	3.55072
7917255	5.340138
7917276	9.324493
7917283	4.672696
7917304	3.154495
7917322	6.537055
7917331	6.822587
7917338	7.745049
7917347	8.758427
7917357	3.275265
7917359	9.048843
7917370	4.388047
7917431	4.067225
7917433	9.286574
7917455	10.40401
7917466	4.664324
7917468	4.89205
7917470	4.90951
7917472	9.068505
7917482	7.443264
7917503	8.884338
7917514	5.706128
7917516	9.455434
7917528	5.92943
7917530	7.429224
7917532	8.209918
7917548	4.760613
7917561	6.884124
7917576	5.708321
7917591	4.249305
7917593	4.478902
7917597	1.913938
7917599	5.930989
7917604	8.295203
7917612	2.638954
7917634	2.396618
7917645	14.40869
7917647	4.73071
7917649	8.237613
7917670	6.597602
7917672	6.271891
7917674	8.501938
7917676	5.438238
7917695	2.82526
7917697	5.227149
7917707	7.294046
7917726	2.450461
7917728	6.589265
7917735	2.334204
7917737	5.986913
7917739	3.895562
7917741	8.51056
7917752	5.204104
7917754	7.041024
7917771	7.387649
7917779	6.473795
7917790	2.32866
7917792	2.724852
7917794	2.046244
7917798	4.048904
7917850	8.192476
7917875	8.939499
7917885	8.668535
7917896	7.438602
7917902	3.471026
7917904	3.053873
7917906	10.78819
7917910	4.14848
7917912	9.388103
7917942	3.506154
7917944	3.575226
7917946	2.550372
7917954	7.382117
7917972	2.841015
7917974	3.170116
7917976	4.716973
7917996	3.122656
7918008	8.252522
7918026	5.246052
7918034	7.607968
7918048	4.103427
7918050	10.27659
7918052	3.580909
7918064	4.661894
7918134	7.797888
7918149	6.611252
7918151	2.105388
7918157	5.78995
7918188	8.868336
7918203	5.282334
7918223	6.101443
7918235	2.856409
7918255	8.597557
7918275	7.114928
7918284	7.808069
7918294	4.245545
7918300	5.303262
7918313	4.534585
7918323	10.1974
7918345	8.300533
7918359	7.030215
7918365	6.341765
7918367	4.27198
7918379	5.598588
7918394	6.033237
7918416	5.645404
7918424	2.850684
7918426	5.525532
7918437	7.397653
7918444	5.161723
7918449	4.108376
7918457	4.845845
7918465	2.299446
7918467	7.148528
7918474	8.924227
7918487	9.313851
7918504	4.905633
7918517	7.650867
7918533	4.752027
7918548	2.392399
7918550	4.582824
7918552	5.020932
7918558	7.373878
7918569	5.89029
7918593	8.632208
7918606	5.141472
7918620	4.801104
7918622	3.555592
7918634	6.533668
7918657	4.471003
7918681	7.496193
7918694	8.289786
7918703	7.935354
7918716	4.23842
7918725	8.260468
7918747	3.703051
7918749	5.656935
7918751	4.790773
7918753	2.361184
7918755	4.020757
7918757	3.628141
7918759	8.8761
7918768	6.817199
7918792	5.527152
7918794	3.368284
7918811	3.871919
7918813	8.514991
7918825	11.89204
7918847	7.411835
7918857	8.105924
7918869	6.366511
7918876	6.23771
7918878	3.427896
7918891	2.400696
7918898	3.414474
7918900	6.943934
7918902	7.168857
7918911	7.496294
7918913	7.108775
7918923	5.385481
7918925	6.592594
7918936	10.83381
7918951	3.157252
7918953	1.952787
7918955	8.303738
7918973	3.295589
7919024	3.159831
7919026	2.867719
7919028	3.544209
7919038	6.94466
7919047	2.871758
7919049	4.484159
7919051	5.753937
7919055	10.2947
7919067	3.880096
7919080	3.21082
7919088	3.58095
7919095	10.91674
7919129	8.19698
7919131	6.732341
7919133	6.305757
7919139	3.070935
7919146	3.146387
7919151	8.068372
7919155	7.182869
7919157	6.806449
7919160	5.344102
7919162	5.975651
7919166	5.344102
7919168	7.018711
7919193	11.57746
7919195	2.218564
7919197	6.63719
7919208	5.727005
7919217	5.486579
7919226	7.98638
7919243	3.428566
7919251	7.801713
7919267	6.745608
7919269	10.21677
7919271	11.43883
7919299	6.504997
7919301	5.668761
7919303	4.15922
7919305	7.986181
7919314	9.48369
7919324	2.461933
7919326	7.977116
7919340	3.468961
7919347	6.745608
7919349	10.21677
7919351	11.45948
7919380	6.504997
7919382	5.143693
7919384	5.0741
7919386	6.563867
7919388	2.508842
7919390	5.05015
7919392	8.068372
7919394	5.250679
7919405	7.182869
7919407	5.979548
7919412	11.53585
7919436	11.67552
7919438	11.5492
7919556	5.100368
7919560	5.044439
7919562	3.303091
7919564	7.191589
7919566	4.268212
7919568	5.327715
7919570	2.447906
7919572	4.748485
7919576	10.01247
7919578	5.374726
7919580	5.464254
7919582	5.348487
7919584	8.408787
7919589	7.628022
7919591	3.459566
7919594	2.579156
7919596	5.464254
7919598	6.160845
7919600	6.756573
7919602	5.351583
7919604	4.933769
7919606	8.774234
7919612	7.406227
7919614	6.639103
7919619	8.007795
7919625	8.58174
7919627	7.638379
7919637	6.723006
7919642	6.794003
7919645	4.477788
7919659	6.839734
7919669	5.619219
7919699	7.591996
7919715	6.965224
7919729	9.188793
7919743	5.676524
7919749	7.563065
7919751	10.75792
7919761	6.989393
7919763	7.711981
7919776	3.134365
7919780	9.178615
7919787	3.457168
7919800	9.848225
7919815	5.311888
7919825	8.37044
7919852	2.425532
7919854	6.454698
7919856	9.396923
7919872	7.114965
7919886	2.403691
7919888	9.161772
7919898	5.826627
7919923	5.654383
7919929	4.257979
7919940	8.273019
7919950	8.203887
7919971	7.076126
7919984	11.43987
7920000	8.117944
7920027	5.289302
7920045	1.992987
7920047	7.363368
7920057	6.93303
7920077	5.917034
7920082	7.426702
7920100	3.398876
7920114	6.467399
7920123	11.25169
7920128	11.26875
7920135	3.790689
7920141	4.672699
7920146	4.529197
7920155	4.321249
7920165	5.588122
7920175	3.558302
7920178	8.500999
7920182	5.122439
7920185	5.195917
7920191	6.003371
7920193	5.440299
7920196	2.531498
7920201	4.140328
7920205	9.022469
7920210	3.342326
7920214	3.892385
7920217	6.887622
7920220	4.517356
7920228	4.418726
7920238	5.147334
7920244	11.524
7920249	2.599405
7920252	6.638761
7920258	8.307741
7920264	4.626845
7920271	6.049826
7920278	3.884033
7920285	5.184929
7920291	8.517973
7920297	8.789844
7920303	6.234014
7920317	9.569901
7920333	2.724271
7920335	3.051196
7920337	5.555902
7920341	7.496624
7920354	6.918752
7920382	6.303235
7920401	8.333255
7920409	10.49644
7920422	8.519853
7920426	3.349705
7920468	2.132941
7920470	2.138236
7920472	6.252788
7920487	4.747681
7920492	10.09389
7920506	4.838836
7920515	8.015515
7920531	8.595446
7920552	5.292093
7920567	6.899603
7920575	7.340886
7920594	6.847484
7920600	7.599077
7920616	4.703416
7920633	7.688248
7920642	11.32872
7920659	8.05356
7920664	6.243371
7920687	5.110927
7920697	7.975566
7920707	6.345105
7920725	7.689341
7920737	8.017114
7920744	5.609636
7920757	5.747446
7920766	8.914837
7920795	2.674695
7920799	7.854686
7920810	7.044059
7920839	8.740191
7920852	7.719146
7920873	8.718813
7920875	4.206909
7920877	6.908722
7920903	11.01935
7920912	6.982109
7920928	5.265748
7920944	7.68452
7920971	8.127632
7920980	3.717324
7920984	8.889601
7921003	3.460458
7921012	3.982587
7921014	7.475313
7921031	5.064966
7921033	4.462206
7921076	6.251789
7921088	5.584546
7921099	9.036686
7921110	7.604964
7921119	4.498392
7921121	8.809868
7921133	9.046451
7921144	5.273391
7921155	4.86353
7921179	6.971122
7921222	4.879612
7921228	8.209949
7921237	4.097126
7921259	3.199128
7921275	4.189653
7921298	3.835025
7921319	5.252818
7921332	4.636598
7921342	4.721771
7921344	9.156678
7921346	4.176982
7921354	3.284189
7921356	3.662865
7921358	3.744281
7921360	4.780951
7921362	3.889201
7921364	2.391853
7921367	3.442381
7921420	4.113512
7921422	2.322651
7921425	3.398337
7921427	3.841857
7921429	4.013406
7921431	3.68667
7921434	3.518019
7921442	2.910787
7921445	4.317011
7921447	2.939475
7921449	4.175013
7921462	5.39899
7921471	2.638454
7921473	4.843443
7921487	7.717641
7921492	6.666373
7921516	4.921871
7921526	8.309097
7921533	4.525304
7921538	6.45861
7921552	7.769778
7921571	8.344348
7921583	10.61023
7921621	6.326178
7921623	2.640714
7921625	4.225133
7921637	5.605967
7921652	3.919812
7921667	7.213659
7921677	5.099104
7921690	4.313705
7921702	3.559716
7921713	9.953528
7921738	8.070338
7921752	6.455037
7921773	9.403416
7921786	7.163921
7921793	7.21905
7921806	7.617591
7921821	4.772173
7921834	5.004262
7921840	4.29824
7921852	3.959169
7921862	3.817544
7921868	6.668578
7921873	8.373257
7921882	4.848857
7921895	5.050066
7921900	6.073003
7921909	4.035872
7921916	3.432591
7921930	3.558187
7921932	4.023069
7921936	4.898098
7921955	3.260775
7921970	9.303806
7921987	9.055618
7922001	4.607465
7922008	7.90495
7922018	3.801076
7922029	5.227845
7922040	5.470168
7922051	9.04313
7922058	3.512223
7922095	8.737325
7922104	7.427741
7922108	5.148396
7922121	2.984856
7922125	2.348431
7922127	3.072628
7922130	3.563114
7922137	6.396408
7922152	4.592811
7922162	8.455148
7922174	6.352059
7922200	3.774057
7922219	7.511456
7922229	4.987517
7922243	7.02804
7922250	8.569093
7922266	4.233239
7922268	7.91601
7922291	2.598819
7922293	2.178154
7922295	1.916966
7922297	4.390189
7922299	5.392455
7922301	3.377442
7922309	7.108265
7922324	3.527844
7922326	6.034158
7922328	5.351412
7922330	7.105137
7922337	2.929573
7922343	3.300261
7922351	5.277009
7922353	2.836471
7922382	2.517861
7922389	3.3614
7922391	4.415109
7922400	8.017772
7922402	7.817029
7922404	6.73054
7922406	6.460666
7922408	8.448228
7922410	8.061188
7922412	5.142713
7922414	8.50645
7922416	8.266645
7922418	9.223966
7922420	3.861418
7922432	8.482038
7922456	6.186721
7922458	2.78376
7922460	2.26007
7922462	8.21384
7922472	2.451257
7922474	4.93008
7922482	4.245193
7922504	8.562867
7922523	4.93156
7922525	4.688879
7922550	5.602435
7922590	5.231849
7922596	5.965994
7922598	2.767755
7922610	7.111802
7922627	6.107535
7922637	7.953619
7922646	9.067221
7922648	7.234212
7922652	4.441894
7922656	6.345377
7922667	2.170082
7922669	7.490483
7922684	5.224151
7922686	5.163206
7922689	11.17643
7922703	3.787508
7922707	7.657841
7922717	6.56508
7922727	4.330089
7922737	2.73271
7922752	6.467051
7922754	5.028789
7922756	4.716483
7922773	9.027925
7922793	9.581041
7922804	3.366464
7922807	4.269935
7922821	2.404251
7922823	8.447708
7922846	8.525293
7922868	3.147499
7922870	7.703226
7922887	2.742668
7922889	11.07913
7922908	2.241854
7922910	2.787961
7922912	8.157214
7922969	2.69993
7922976	6.785039
7922994	3.466491
7923003	1.944832
7923007	7.465205
7923027	6.614572
7923034	3.321829
7923037	4.031539
7923039	2.418391
7923041	2.156032
7923043	3.173477
7923073	2.593406
7923086	2.914548
7923119	7.35288
7923131	8.101512
7923141	8.777543
7923162	5.115951
7923164	2.93166
7923173	3.57518
7923175	2.675421
7923177	2.389149
7923179	2.400364
7923183	6.513628
7923189	3.028618
7923221	5.480639
7923231	2.44052
7923233	5.418437
7923271	3.975904
7923317	4.531131
7923319	6.897892
7923332	5.387565
7923347	7.897342
7923360	5.787643
7923372	7.830101
7923378	9.105776
7923386	4.650033
7923394	7.47283
7923406	4.7909
7923424	2.731239
7923426	4.840047
7923436	4.549366
7923438	10.83329
7923440	5.493474
7923442	4.896751
7923453	9.347483
7923483	7.068483
7923489	8.351617
7923501	6.770115
7923503	9.41707
7923516	8.399923
7923528	5.226751
7923534	5.341184
7923547	6.507689
7923562	5.727425
7923578	4.009938
7923582	6.074405
7923584	4.583983
7923596	5.369033
7923608	6.790529
7923621	5.233641
7923628	6.779088
7923635	8.156847
7923659	9.094776
7923662	8.643528
7923698	4.404343
7923700	4.792941
7923705	4.580244
7923707	4.551105
7923712	7.163035
7923731	6.087619
7923753	5.830187
7923762	4.497119
7923772	3.238037
7923778	7.339086
7923792	7.900344
7923798	10.35046
7923810	3.981246
7923812	7.851901
7923824	6.455469
7923837	5.265834
7923850	4.682282
7923875	4.950172
7923885	4.982046
7923889	7.308105
7923905	2.546398
7923907	4.071738
7923917	5.368775
7923929	13.5195
7923942	5.321637
7923956	4.903497
7923958	9.421675
7923965	4.301056
7923967	6.167049
7923972	3.730314
7923974	8.040257
7923976	7.642759
7923978	4.317857
7923991	6.706294
7924029	7.568525
7924055	6.297824
7924058	8.609056
7924069	3.369931
7924071	4.159682
7924085	3.351435
7924092	8.086195
7924096	4.356363
7924107	7.156874
7924117	4.040798
7924119	7.3689
7924144	10.54193
7924148	2.430343
7924150	5.681833
7924163	4.454876
7924166	4.949644
7924172	8.939707
7924180	3.200884
7924184	4.086608
7924190	7.804327
7924203	3.75723
7924207	6.782402
7924230	6.893884
7924233	3.69456
7924307	3.8996
7924309	6.59655
7924325	2.23116
7924327	7.313717
7924340	4.157413
7924342	3.768732
7924351	9.156818
7924386	6.502995
7924388	7.891102
7924401	2.192609
7924403	2.992833
7924405	8.012225
7924443	6.315639
7924445	3.777929
7924450	4.64303
7924461	3.014359
7924463	6.309451
7924465	5.162838
7924476	5.511868
7924491	5.127133
7924495	2.490498
7924497	2.065656
7924499	8.019082
7924508	7.362627
7924526	7.58778
7924549	6.680628
7924551	5.638877
7924553	6.678765
7924558	7.240037
7924582	8.941601
7924603	8.593464
7924619	8.097936
7924636	9.798716
7924663	5.869656
7924669	7.882493
7924682	7.068603
7924686	7.13136
7924701	9.992501
7924712	4.660406
7924731	2.832849
7924733	8.388252
7924754	3.988171
7924756	6.924616
7924758	6.656834
7924760	6.597442
7924773	9.572971
7924817	8.144785
7924819	4.445558
7924821	2.097904
7924823	6.781524
7924832	6.471353
7924840	4.872834
7924842	7.260962
7924853	6.452649
7924863	4.75681
7924868	6.863577
7924874	6.326312
7924884	5.160893
7924888	5.681498
7924893	9.383583
7924895	5.162876
7924897	5.472882
7924908	4.87324
7924910	6.513942
7924923	7.863198
7924956	6.948945
7924967	3.222648
7924969	7.559355
7924977	3.723923
7924987	4.417856
7924996	7.18631
7925003	6.828218
7925028	5.408114
7925031	3.334756
7925033	5.730329
7925043	7.452418
7925048	7.646052
7925056	4.02674
7925058	3.912811
7925062	8.251157
7925087	2.41943
7925089	6.284942
7925128	5.907228
7925130	8.69698
7925161	8.386353
7925170	3.752003
7925174	8.589143
7925182	6.307632
7925184	7.590928
7925201	7.336433
7925229	7.752192
7925242	2.93954
7925244	6.369473
7925246	2.27881
7925248	2.051749
7925250	5.00648
7925257	7.531089
7925320	4.069059
7925342	6.380323
7925361	5.21357
7925364	7.985988
7925413	6.628112
7925417	2.169659
7925419	3.798847
7925432	1.885988
7925434	4.27249
7925436	3.37123
7925438	2.54635
7925442	4.566077
7925444	3.429763
7925446	4.99965
7925448	4.223711
7925450	2.092287
7925452	4.434577
7925457	3.838728
7925480	7.325269
7925492	6.749704
7925500	6.318249
7925504	5.040757
7925511	4.24505
7925523	5.638877
7925525	5.072152
7925531	6.528686
7925550	8.972103
7925561	8.671618
7925565	10.63703
7925585	6.385599
7925587	5.042941
7925589	6.897233
7925607	3.816468
7925609	4.212406
7925611	7.363921
7925622	7.600712
7925662	3.60146
7925672	5.881981
7925677	6.298922
7925687	5.695926
7925691	6.98531
7925701	5.864788
7925703	2.316086
7925705	6.285439
7925718	4.134404
7925720	4.437353
7925724	2.044362
7925726	2.716053
7925728	4.029004
7925730	3.648659
7925732	3.017842
7925735	3.271001
7925737	5.248526
7925739	6.943268
7925741	5.24645
7925743	5.307686
7925745	2.432387
7925747	2.388842
7925749	4.683082
7925751	3.189991
7925753	2.145613
7925755	3.548316
7925757	3.940607
7925759	4.511872
7925761	4.488369
7925763	6.966517
7925773	7.910822
7925790	2.885836
7925792	9.724021
7925813	5.395444
7925821	2.486031
7925823	7.979487
7925846	4.032583
7925851	7.593251
7925870	4.442484
7925874	2.096599
7925876	6.83883
7925902	2.986284
7925904	5.190673
7925918	5.931354
7925927	2.622504
7925929	7.777921
7925939	3.543285
7925950	4.753131
7925954	9.229083
7925972	5.092038
7925976	3.522324
7925978	8.015987
7925996	7.886825
7926021	7.586928
7926037	8.217359
7926059	4.977581
7926061	3.358609
7926084	10.18917
7926096	7.100723
7926105	9.124448
7926117	3.901014
7926123	3.588263
7926127	5.239261
7926150	6.16138
7926152	5.06013
7926158	7.102398
7926168	1.935097
7926170	7.837337
7926189	5.509448
7926205	4.024457
7926207	8.601935
7926223	8.080695
7926239	7.628928
7926259	4.546501
7926283	8.253911
7926297	4.750572
7926299	7.036129
7926319	6.549574
7926330	2.40913
7926334	2.653814
7926345	6.857309
7926354	2.305147
7926356	9.053181
7926368	8.126806
7926383	3.075126
7926385	7.720259
7926403	4.113854
7926410	7.310863
7926445	4.113854
7926451	7.310863
7926486	3.600311
7926506	3.818545
7926531	8.114626
7926539	4.509218
7926541	2.132391
7926543	3.881821
7926545	7.290276
7926563	2.423026
7926565	7.137681
7926594	2.293861
7926596	7.735271
7926609	8.994148
7926622	3.769439
7926636	3.197526
7926638	2.887816
7926659	5.403421
7926661	8.527979
7926670	9.283504
7926672	2.354214
7926674	6.724323
7926677	6.994431
7926679	9.090537
7926706	4.569537
7926708	5.737193
7926715	3.933063
7926728	2.65838
7926766	4.145885
7926786	5.760836
7926805	3.474256
7926807	6.671763
7926817	5.014054
7926819	2.821197
7926821	6.88156
7926834	2.071548
7926836	9.649433
7926851	8.848795
7926871	4.273594
7926875	7.808258
7926882	3.582374
7926889	2.588883
7926894	6.020318
7926896	7.003011
7926900	7.267704
7926914	3.183578
7926916	4.30817
7926934	5.122449
7926936	4.889276
7926981	2.33365
7926983	5.265095
7927008	8.033601
7927028	4.983433
7927031	2.611742
7927033	3.112791
7927056	1.804681
7927058	3.133229
7927060	2.350903
7927062	7.544638
7927071	6.688669
7927082	6.985996
7927089	6.309451
7927091	6.066692
7927095	7.04301
7927097	2.048778
7927099	6.282911
7927106	2.689749
7927108	8.40517
7927120	5.342757
7927146	6.61947
7927153	4.114693
7927155	6.949328
7927167	4.073271
7927169	5.736564
7927173	6.831648
7927179	5.215289
7927186	4.680727
7927202	6.038921
7927207	2.336291
7927215	10.38256
7927231	8.963715
7927233	8.273089
7927265	2.054568
7927267	8.0763
7927277	6.045277
7927280	3.121015
7927285	8.901867
7927288	7.749276
7927294	3.237585
7927305	8.484451
7927307	5.61716
7927323	8.322598
7927353	9.018734
7927363	6.79778
7927367	5.660333
7927383	4.688133
7927389	8.472149
7927405	5.391029
7927425	5.925556
7927474	4.149311
7927482	5.300356
7927502	4.963985
7927505	4.997955
7927513	7.536258
7927517	2.054568
7927519	9.461194
7927527	6.00934
7927529	8.742913
7927536	9.994952
7927550	4.944176
7927552	8.651566
7927560	8.33672
7927595	4.218036
7927597	4.45602
7927599	6.179181
7927606	3.636711
7927631	4.228219
7927639	2.455746
7927641	2.364452
7927643	3.550774
7927645	4.902762
7927647	3.150028
7927649	7.075035
7927658	7.465875
7927669	8.240139
7927681	3.114963
7927694	3.279245
7927704	3.001959
7927706	3.065609
7927708	4.45645
7927710	2.800325
7927723	2.678232
7927732	10.43396
7927745	2.882039
7927747	4.44028
7927767	7.772957
7927773	2.638418
7927775	6.453228
7927784	6.104255
7927786	9.756913
7927799	8.778326
7927801	4.354239
7927803	3.857709
7927812	3.45085
7927814	8.671901
7927827	3.732478
7927854	8.703235
7927872	6.080233
7927874	3.143013
7927876	4.409488
7927889	8.472198
7927915	5.309892
7927924	2.472893
7927926	8.760225
7927936	8.403622
7927955	8.176266
7927964	10.65347
7927972	9.27443
7927981	7.963516
7927998	4.161078
7928019	8.360271
7928046	10.64348
7928058	2.175784
7928060	2.252563
7928062	2.120374
7928064	6.02397
7928069	5.872475
7928107	6.799599
7928119	10.52643
7928126	5.366487
7928147	4.837508
7928171	10.47149
7928189	7.087903
7928208	7.388425
7928216	6.253624
7928218	6.064713
7928291	5.996975
7928298	2.697522
7928300	9.770952
7928306	7.198914
7928308	7.809598
7928314	2.390977
7928316	2.454967
7928318	7.883699
7928330	4.560604
7928342	4.932894
7928354	7.423127
7928363	2.538954
7928365	2.487559
7928367	4.289835
7928369	7.842639
7928395	8.047411
7928401	7.278308
7928408	5.956737
7928411	6.778784
7928429	7.115514
7928444	8.071272
7928471	7.931399
7928489	7.389704
7928491	7.827605
7928514	4.440927
7928516	7.981216
7928524	7.706608
7928529	4.692444
7928531	5.127167
7928534	4.635895
7928543	3.818736
7928545	3.878157
7928547	9.183657
7928549	2.019427
7928551	7.382101
7928556	5.515766
7928558	7.68384
7928589	9.031464
7928600	10.70625
7928602	5.003029
7928619	5.984954
7928630	10.73392
7928632	5.003029
7928645	6.189183
7928653	6.171589
7928661	3.806183
7928671	8.217827
7928679	5.525325
7928685	3.775268
7928695	8.536814
7928705	9.384658
7928723	4.607775
7928736	5.977476
7928746	4.041513
7928748	2.259341
7928750	3.788275
7928752	9.495447
7928766	5.57717
7928770	4.234313
7928789	4.380754
7928800	8.194902
7928817	2.829674
7928819	3.115439
7928821	2.655296
7928823	5.99554
7928838	5.049085
7928855	8.979089
7928870	7.371337
7928872	9.624685
7928882	9.60796
7928890	9.013608
7928907	6.326774
7928909	7.594669
7928915	6.057786
7928937	7.909307
7928944	7.614712
7928959	9.698792
7928967	2.970687
7928982	2.337631
7928994	3.086108
7928999	5.077262
7929003	3.616988
7929012	4.959582
7929026	4.92928
7929032	6.975724
7929047	6.567109
7929052	6.317777
7929061	3.204798
7929065	6.126896
7929072	6.847414
7929078	3.791258
7929114	5.034865
7929116	8.316289
7929130	3.68415
7929132	7.901486
7929145	6.152495
7929168	8.864149
7929201	8.968254
7929243	7.720041
7929247	8.346606
7929256	6.593602
7929258	3.47541
7929282	5.417354
7929288	6.856244
7929315	5.544192
7929322	3.93645
7929332	3.927323
7929334	3.263643
7929344	4.502749
7929350	3.069637
7929373	3.06062
7929383	6.152444
7929388	9.244138
7929424	6.976235
7929438	4.607822
7929466	3.569933
7929478	3.464509
7929487	3.785339
7929497	4.075216
7929511	5.584153
7929525	1.862768
7929533	3.099033
7929536	4.440927
7929541	2.722217
7929550	6.099204
7929562	7.596777
7929574	4.027043
7929589	3.735156
7929591	3.442851
7929593	12.09899
7929596	8.544872
7929609	6.640953
7929612	3.436747
7929614	2.227875
7929616	6.488569
7929624	8.91075
7929634	9.169571
7929649	7.134927
7929653	6.071278
7929664	5.405233
7929674	4.294547
7929677	7.323132
7929689	5.415495
7929692	6.877811
7929711	4.794402
7929719	8.011929
7929732	3.992523
7929744	5.302912
7929750	7.077982
7929768	7.105346
7929779	4.137778
7929812	2.659575
7929814	3.249175
7929816	6.363258
7929822	4.118383
7929831	8.317382
7929840	5.331944
7929858	6.887671
7929882	6.349399
7929901	5.149086
7929911	7.128376
7929919	6.116107
7929932	6.118818
7929945	5.424537
7929947	4.028961
7929952	3.451964
7929954	2.20408
7929958	7.907185
7929976	6.918016
7929986	2.432604
7929988	6.406863
7929990	5.956628
7930008	8.061547
7930025	3.624704
7930031	8.420588
7930074	6.964099
7930099	5.115137
7930106	6.026309
7930120	6.113306
7930137	4.194336
7930139	8.086995
7930148	7.986745
7930162	7.630277
7930168	5.764498
7930170	6.225589
7930179	2.312865
7930181	5.922669
7930194	6.82845
7930205	4.748029
7930208	3.294909
7930213	6.122178
7930226	7.430072
7930264	5.734282
7930276	10.06853
7930299	5.585962
7930304	6.873672
7930311	7.254821
7930320	3.561842
7930341	4.746282
7930376	5.829487
7930378	3.790842
7930380	9.856941
7930398	7.58389
7930413	7.020063
7930422	8.291443
7930450	5.466568
7930452	2.274027
7930454	12.02064
7930470	9.096113
7930482	5.656257
7930487	3.131917
7930498	10.73378
7930524	7.416994
7930533	4.574979
7930537	7.522852
7930559	6.618668
7930561	5.25757
7930577	8.387991
7930593	7.954911
7930612	3.404685
7930614	8.489366
7930627	6.709649
7930629	2.511642
7930631	3.238134
7930663	5.81506
7930680	1.892274
7930682	7.936993
7930703	7.817885
7930714	3.361343
7930750	2.440459
7930760	3.318291
7930775	2.317664
7930777	3.039286
7930790	4.116718
7930804	4.778416
7930818	4.038866
7930833	4.538285
7930837	3.951768
7930857	4.158992
7930861	3.857919
7930870	9.066147
7930872	5.6355
7930880	4.712519
7930882	8.772928
7930894	4.373603
7930915	4.072131
7930917	4.042935
7930919	5.471304
7930921	7.621619
7930927	6.840798
7930954	4.399755
7930956	9.480263
7930980	4.604972
7930994	5.204783
7930996	8.383024
7931029	2.375215
7931031	8.429345
7931062	5.226203
7931079	4.073576
7931081	8.676874
7931097	6.563668
7931108	8.483622
7931140	5.069021
7931152	4.614011
7931155	3.948067
7931159	4.614672
7931168	8.241749
7931181	5.786892
7931184	5.58845
7931187	8.807413
7931199	3.910545
7931204	6.927595
7931214	2.630035
7931216	7.806036
7931226	8.541215
7931239	7.596446
7931268	7.455406
7931281	6.208651
7931293	8.344772
7931346	6.445404
7931348	6.33692
7931353	6.169357
7931379	6.820957
7931387	4.86111
7931389	3.571376
7931393	8.471538
7931403	3.361934
7931405	7.906515
7931417	4.520226
7931439	5.540327
7931455	5.643893
7931469	7.034158
7931473	4.453192
7931479	8.091715
7931500	5.558676
7931519	5.05097
7931553	7.20252
7931556	5.738406
7931561	6.31701
7931571	5.982034
7931582	6.618406
7931607	7.799522
7931623	5.225028
7931643	4.705575
7931656	6.328122
7931659	6.328122
7931662	6.328122
7931665	6.343224
7931668	6.328122
7931671	6.328122
7931674	3.410378
7931681	4.696234
7931683	7.027998
7931726	5.930477
7931728	8.769899
7931748	3.442496
7931754	8.189415
7931764	5.06714
7931778	8.573442
7931810	7.422866
7931822	3.792227
7931824	3.898788
7931830	2.622504
7931832	6.152117
7931838	2.428454
7931840	4.928979
7931850	2.494712
7931852	3.868069
7931859	6.20749
7931863	6.948463
7931873	10.9426
7931888	5.039057
7931899	5.97213
7931914	4.812589
7931926	4.190324
7931928	2.039951
7931930	4.264527
7931951	5.531044
7931975	2.623678
7931977	5.26568
7932000	7.461209
7932014	5.376157
7932017	2.732846
7932019	4.325673
7932023	8.024665
7932041	7.65792
7932067	2.614609
7932069	7.054111
7932082	3.538206
7932086	4.168162
7932088	4.545549
7932094	6.827737
7932109	8.784113
7932118	6.845481
7932130	5.481563
7932132	5.710418
7932160	9.673266
7932177	5.647272
7932186	6.051598
7932209	6.414825
7932211	4.672729
7932214	3.719994
7932221	5.173863
7932227	7.320395
7932243	7.453836
7932254	5.812071
7932285	7.747873
7932304	2.296372
7932306	2.994357
7932308	6.063525
7932311	8.046977
7932326	4.637814
7932390	5.279737
7932407	2.668394
7932418	2.512359
7932420	3.403893
7932433	7.988983
7932445	3.048359
7932447	2.232713
7932449	2.430119
7932451	2.535388
7932453	8.054113
7932492	5.847913
7932495	4.632561
7932498	5.164853
7932508	2.261242
7932510	5.397957
7932512	7.643275
7932528	3.176415
7932530	8.136564
7932542	2.779447
7932548	2.15013
7932550	4.422629
7932552	4.46226
7932554	7.240847
7932584	2.977303
7932598	3.250296
7932608	2.93451
7932610	2.179822
7932612	4.889557
7932616	9.514288
7932635	6.057116
7932637	6.111497
7932676	3.416506
7932678	10.59055
7932703	8.495331
7932721	3.217635
7932725	2.114094
7932727	2.686597
7932733	4.88456
7932742	3.018102
7932744	3.303526
7932765	9.328726
7932786	3.756341
7932788	4.825281
7932790	2.933271
7932792	3.856093
7932794	7.038404
7932796	6.998992
7932826	4.451129
7932832	3.083722
7932834	6.278278
7932860	5.642982
7932862	7.558594
7932864	2.045367
7932867	5.740283
7932881	6.212608
7932885	9.784757
7932909	3.608065
7932911	9.939671
7932938	7.740786
7932960	1.78077
7932962	3.830095
7932964	8.574347
7932966	9.025044
7932983	4.069591
7932985	6.991026
7933008	5.148196
7933010	8.517765
7933043	6.79252
7933045	3.695971
7933047	7.352848
7933071	4.488511
7933073	6.308811
7933075	6.164805
7933078	2.692477
7933080	6.600695
7933082	2.139088
7933084	11.44692
7933086	2.125219
7933090	2.39821
7933092	6.114553
7933105	5.838048
7933113	3.746769
7933115	8.045157
7933121	2.054371
7933129	6.789401
7933139	6.878538
7933145	2.252349
7933147	4.87663
7933149	5.655707
7933164	10.18467
7933176	4.689547
7933180	5.051471
7933186	6.647964
7933190	3.832916
7933192	6.957881
7933194	4.024802
7933204	7.245356
7933209	3.764678
7933217	1.868433
7933219	5.079929
7933228	7.602705
7933237	6.608285
7933252	8.778651
7933261	4.668726
7933263	4.264979
7933279	4.72441
7933290	8.596458
7933296	3.088832
7933298	6.099185
7933310	5.418504
7933312	6.120281
7933327	6.79778
7933331	9.018734
7933341	4.237899
7933359	4.038651
7933366	4.68309
7933372	5.227775
7933379	4.376916
7933394	4.72441
7933405	8.752319
7933413	8.274878
7933421	3.088832
7933423	6.79778
7933427	8.934988
7933437	5.303905
7933442	3.781185
7933446	5.210437
7933469	5.566732
7933484	3.960276
7933488	4.452422
7933498	6.116119
7933501	5.599385
7933509	7.692552
7933535	3.312794
7933537	5.250831
7933561	6.916962
7933572	4.668726
7933574	8.797041
7933582	9.163749
7933593	6.00934
7933595	2.054568
7933597	4.448579
7933619	8.777715
7933632	5.351408
7933634	6.212952
7933638	5.563948
7933640	4.3235
7933659	7.052114
7933665	4.710929
7933672	2.898156
7933707	5.656846
7933723	7.48405
7933731	3.382002
7933733	4.062643
7933750	5.936993
7933758	4.017433
7933760	9.486473
7933772	7.768882
7933821	4.820135
7933842	4.018156
7933855	4.92259
7933872	6.118963
7933877	8.761986
7933904	2.986137
7933929	2.060513
7933931	7.328959
7933933	4.68341
7933947	8.511646
7933978	4.745274
7933982	5.889426
7933999	7.646618
7934026	4.50791
7934050	7.430635
7934066	2.481061
7934068	2.252889
7934070	2.209084
7934072	2.986283
7934074	5.261565
7934083	4.854818
7934091	1.793967
7934093	2.036135
7934095	2.300775
7934097	3.209567
7934099	1.992917
7934101	5.530994
7934114	6.47744
7934122	9.885777
7934133	8.380951
7934141	5.313203
7934145	5.996629
7934154	5.509021
7934156	3.912558
7934161	5.907838
7934166	3.711024
7934178	8.910786
7934185	7.454314
7934196	11.57906
7934215	5.401719
7934228	6.97015
7934244	7.000785
7934255	7.486481
7934269	4.591872
7934271	4.757367
7934278	8.067338
7934295	2.441385
7934297	5.052637
7934299	6.475428
7934301	8.298931
7934318	2.356595
7934320	6.472237
7934326	9.13723
7934334	6.255215
7934365	3.174518
7934367	8.795235
7934384	5.938172
7934393	8.352798
7934411	9.163198
7934432	6.014457
7934434	3.667098
7934442	4.616743
7934451	8.966006
7934459	7.530437
7934477	8.180683
7934505	3.968253
7934513	8.364987
7934527	5.148314
7934531	4.113346
7934533	5.513673
7934544	6.816945
7934553	5.924031
7934568	2.277709
7934570	4.067045
7934613	3.657997
7934615	8.073605
7934651	6.532988
7934653	6.684278
7934690	5.832405
7934698	5.532413
7934706	7.113848
7934708	5.532413
7934717	7.113848
7934719	5.50245
7934729	7.743642
7934731	7.376755
7934733	10.96352
7934753	10.70256
7934755	4.180749
7934767	2.670254
7934777	2.303962
7934779	3.690841
7934783	4.458818
7934789	5.019012
7934810	5.01668
7934812	8.726405
7934838	3.509894
7934840	2.523629
7934842	6.702614
7934850	5.002333
7934852	11.75305
7934868	3.088832
7934870	8.874548
7934883	4.846613
7934885	7.163075
7934896	5.585298
7934898	6.414184
7934906	5.239174
7934916	6.73146
7934920	9.158016
7934936	3.473577
7934945	5.324205
7934959	4.468151
7934961	4.09936
7934966	5.415721
7934968	3.552347
7934970	4.494266
7934977	2.161118
7934979	3.75017
7934991	2.585222
7934993	3.008748
7934997	10.05122
7935002	10.00392
7935006	5.655077
7935011	7.671124
7935025	3.352247
7935027	8.240121
7935054	5.003189
7935056	2.554235
7935058	10.2255
7935114	3.388029
7935116	3.986136
7935123	5.249314
7935139	5.507325
7935142	4.913987
7935144	1.964293
7935146	6.017869
7935169	2.943146
7935180	9.11003
7935188	5.227236
7935228	4.127484
7935230	9.529984
7935251	8.282391
7935270	7.304531
7935288	3.793254
7935296	5.06726
7935320	12.22902
7935337	6.737586
7935359	3.311799
7935361	4.516207
7935401	2.811846
7935403	6.606764
7935421	6.808646
7935425	6.574545
7935462	7.899607
7935474	7.662478
7935510	5.526332
7935521	7.4621
7935528	5.61784
7935535	5.234358
7935553	6.250696
7935572	8.108925
7935588	7.014744
7935613	4.027175
7935627	8.388844
7935639	7.445868
7935647	8.201098
7935660	7.997124
7935679	3.349297
7935690	2.110798
7935692	9.649992
7935707	7.815316
7935730	7.80664
7935746	7.397074
7935756	4.428074
7935776	2.531498
7935778	2.601641
7935780	5.700357
7935810	8.953541
7935819	7.005833
7935834	4.895649
7935855	5.313356
7935861	2.896642
7935863	3.85478
7935865	6.230817
7935882	9.38933
7935892	5.694613
7935903	5.996233
7935910	9.621918
7935930	5.112738
7935951	7.602792
7935968	8.522895
7935983	5.918533
7935990	5.024507
7936011	6.404028
7936023	6.200221
7936028	8.231278
7936041	6.757128
7936050	4.483729
7936062	6.226551
7936064	10.57209
7936083	7.42094
7936089	4.213692
7936091	8.464494
7936096	5.40664
7936100	6.741469
7936108	4.976614
7936111	4.234207
7936115	7.46539
7936134	7.837483
7936144	5.522082
7936201	3.285519
7936242	5.97332
7936249	4.054876
7936280	3.515587
7936284	8.779802
7936307	7.845731
7936320	6.481778
7936322	6.366313
7936346	8.900567
7936360	4.407632
7936406	5.551196
7936408	6.143317
7936419	8.315556
7936439	5.441428
7936461	3.948187
7936463	8.761312
7936492	4.510628
7936494	4.531435
7936507	5.276424
7936516	4.948167
7936529	7.980248
7936552	5.558304
7936559	8.415097
7936567	8.159282
7936576	3.271306
7936578	8.097526
7936590	4.873759
7936596	9.048309
7936612	1.907516
7936614	10.64505
7936637	5.065589
7936639	6.100329
7936641	7.128323
7936661	10.15864
7936673	8.241337
7936683	7.887371
7936706	8.591764
7936727	10.63543
7936734	9.885221
7936762	8.667801
7936777	7.92951
7936793	3.021356
7936798	3.815025
7936809	4.929278
7936817	6.667967
7936826	7.691062
7936833	5.507324
7936835	4.015862
7936856	6.898524
7936871	9.555919
7936882	6.079224
7936884	6.329658
7936891	7.418062
7936902	2.406904
7936904	7.215076
7936916	4.771342
7936918	2.570961
7936923	5.772742
7936925	4.712382
7936928	5.175349
7936937	8.365189
7936949	8.049823
7936968	4.490453
7936994	3.60328
7936996	3.530356
7937007	3.595794
7937014	6.472045
7937016	3.656716
7937020	3.982422
7937037	3.374797
7937039	4.59302
7937059	6.937378
7937073	5.789015
7937079	7.597831
7937089	6.381025
7937104	4.606916
7937106	5.707104
7937112	4.726129
7937135	4.239779
7937148	3.040054
7937150	6.957216
7937175	7.842846
7937198	5.166147
7937200	6.92341
7937208	5.92605
7937217	10.47672
7937228	5.756821
7937230	3.861349
7937247	7.310584
7937251	3.963869
7937257	6.093792
7937263	4.64961
7937275	8.445328
7937287	8.209781
7937305	5.01362
7937314	6.489425
7937330	9.168519
7937335	7.564896
7937341	4.95156
7937363	6.572989
7937378	6.216774
7937391	6.084377
7937404	4.896425
7937407	8.162816
7937415	6.887156
7937433	6.901858
7937438	8.314391
7937443	7.719007
7937465	9.490778
7937474	5.562501
7937476	11.75002
7937483	7.291841
7937485	8.563182
7937498	8.244633
7937508	9.425662
7937518	6.486604
7937533	7.437781
7937560	5.536428
7937612	5.340465
7937667	4.532683
7937696	4.665529
7937698	7.504064
7937700	5.457957
7937707	4.53129
7937709	6.159052
7937711	4.255939
7937713	6.049008
7937728	5.349467
7937735	7.342823
7937749	6.541311
7937763	6.9256
7937772	3.750551
7937774	5.72435
7937782	5.948236
7937798	4.121789
7937800	3.578211
7937802	11.0039
7937813	6.599897
7937823	8.210701
7937847	5.435095
7937852	6.743357
7937866	4.235
7937868	3.546515
7937876	6.513334
7937878	4.000846
7937882	5.592
7937890	2.807705
7937892	8.275363
7937900	7.521357
7937913	5.937502
7937915	8.123379
7937934	3.726575
7937936	4.650959
7937938	3.604181
7937940	3.479437
7937942	4.263988
7937944	4.696272
7937946	2.969684
7937948	4.696262
7937950	4.417255
7937952	4.846579
7937957	4.044348
7937959	2.247874
7937961	2.677209
7937971	2.858849
7937973	3.911057
7937975	3.089125
7937977	3.162604
7937979	3.207469
7937982	3.496149
7937984	3.480924
7937986	4.23507
7937988	2.555722
7937990	3.555357
7937993	3.555357
7937996	2.92732
7938000	2.987223
7938002	3.078495
7938004	3.697464
7938006	3.689563
7938008	3.511424
7938010	3.84305
7938012	6.659776
7938035	8.457042
7938047	3.6339
7938049	3.712382
7938053	2.485254
7938055	3.58168
7938057	3.891098
7938059	4.41823
7938061	3.320613
7938063	2.806707
7938066	5.083561
7938070	2.535201
7938072	3.771863
7938074	4.282842
7938076	4.550949
7938078	4.281335
7938082	3.41214
7938090	4.886338
7938100	6.520752
7938111	7.790486
7938118	5.790964
7938128	5.562239
7938133	4.962365
7938139	5.123654
7938154	8.06655
7938170	3.262091
7938172	2.848597
7938176	3.245562
7938179	4.938765
7938181	3.128233
7938183	4.686995
7938195	3.350156
7938208	6.166481
7938213	4.203167
7938225	3.178452
7938231	9.622429
7938258	4.17114
7938261	3.375645
7938263	8.415257
7938269	4.81681
7938286	8.23488
7938291	7.986286
7938293	6.31269
7938295	6.594793
7938299	4.195829
7938301	7.098526
7938309	4.352762
7938313	8.84807
7938329	7.895198
7938331	6.726214
7938348	7.618007
7938364	7.256231
7938366	7.748982
7938368	7.978371
7938370	9.109191
7938388	6.382272
7938390	7.764528
7938396	7.228838
7938416	5.20648
7938420	4.62122
7938422	9.33401
7938448	9.033587
7938481	4.784847
7938485	7.21246
7938519	6.112041
7938528	8.390366
7938544	7.5669
7938559	4.913978
7938561	4.302293
7938563	5.769042
7938590	3.688807
7938592	9.60982
7938608	5.20864
7938625	4.602987
7938629	5.629901
7938646	4.708863
7938652	7.618349
7938667	2.430119
7938669	10.44982
7938681	4.771888
7938683	8.053618
7938685	8.192899
7938687	8.622711
7938702	4.863389
7938707	4.39011
7938730	4.546227
7938738	5.598659
7938741	3.684749
7938746	3.319039
7938748	8.00754
7938750	5.01195
7938756	8.166616
7938758	4.225982
7938762	7.589834
7938777	10.43858
7938788	2.405025
7938800	3.249147
7938812	5.598557
7938816	10.64708
7938834	6.831041
7938878	4.155257
7938880	7.790565
7938890	6.893715
7938907	4.357501
7938925	4.008209
7938951	3.976046
7938975	3.10575
7938989	3.428891
7939003	2.810352
7939005	4.387974
7939007	6.789231
7939024	3.719393
7939052	3.607684
7939056	2.738666
7939068	9.634517
7939070	2.559003
7939072	6.5209
7939080	4.440927
7939087	7.983225
7939093	6.143749
7939102	6.344447
7939116	5.080908
7939118	2.67226
7939120	10.2735
7939131	4.584599
7939137	9.84949
7939150	7.741619
7939158	7.553413
7939173	2.601365
7939184	5.526021
7939197	8.515073
7939215	4.63796
7939237	3.838335
7939240	3.364433
7939242	10.62659
7939265	8.010756
7939296	2.018347
7939298	10.80299
7939314	11.341
7939329	8.165653
7939341	10.65747
7939365	4.578731
7939368	8.262843
7939374	6.062279
7939376	5.876241
7939383	6.079128
7939398	3.390745
7939411	4.794599
7939418	2.65995
7939420	1.692698
7939422	2.476914
7939424	9.373294
7939432	4.987952
7939434	8.890351
7939463	3.313894
7939465	9.163002
7939477	7.704113
7939492	5.603559
7939494	4.090813
7939507	6.657868
7939524	8.59042
7939546	11.08368
7939559	4.384418
7939569	5.889367
7939581	5.545038
7939587	6.840018
7939590	8.596471
7939595	7.861917
7939613	5.984618
7939620	6.576673
7939642	8.752863
7939657	5.980654
7939665	8.801203
7939676	8.170374
7939699	5.918674
7939706	4.20189
7939723	7.419873
7939738	7.100043
7939751	6.775994
7939767	8.20416
7939805	6.918537
7939818	7.779886
7939825	9.343302
7939835	5.225734
7939839	9.168809
7939865	3.133838
7939867	3.153896
7939869	3.558707
7939871	3.426198
7939873	3.010249
7939875	2.352979
7939877	2.505048
7939879	1.885988
7939884	3.748384
7939893	2.55887
7939897	5.577638
7939900	3.463894
7939902	6.374854
7939910	4.781036
7939912	3.239436
7939916	2.562184
7939918	2.784629
7939920	3.084773
7939922	3.690841
7939924	3.58975
7939926	2.745741
7939928	3.133118
7939930	2.943
7939932	3.563089
7939934	2.330898
7939936	2.344786
7939938	3.394852
7939940	3.088603
7939942	3.542581
7939944	2.518743
7939946	4.189096
7939948	3.071825
7939950	3.492409
7939952	2.941042
7939954	2.920657
7939959	2.964077
7939961	2.747966
7939963	3.558037
7939965	2.507775
7939967	2.573205
7939969	2.473868
7939971	2.82387
7939973	2.393672
7939975	2.260099
7939977	2.770026
7939979	2.816841
7939981	2.368716
7939983	3.719613
7939986	3.402462
7939988	2.771907
7939990	3.430094
7939992	3.760456
7939994	3.000976
7939996	5.002105
7939998	2.514507
7940000	2.729333
7940002	4.892299
7940005	5.031282
7940018	2.986283
7940020	4.000069
7940022	6.663312
7940026	3.336015
7940028	7.672996
7940042	2.371933
7940044	3.363919
7940046	7.05554
7940051	9.031313
7940066	8.141515
7940070	7.787301
7940079	10.67795
7940103	3.750792
7940108	3.866022
7940110	3.403258
7940112	5.022248
7940114	2.705163
7940116	3.460202
7940118	6.740846
7940135	4.530347
7940147	2.725693
7940153	8.634876
7940160	9.852055
7940171	3.555156
7940173	4.144048
7940175	4.375535
7940177	4.118696
7940182	5.656156
7940185	2.527407
7940187	3.874229
7940189	3.17769
7940191	7.346815
7940210	3.068627
7940216	2.978986
7940226	2.420106
7940237	4.231573
7940253	2.816106
7940259	4.906256
7940279	2.47361
7940287	3.539873
7940299	3.048847
7940307	2.707849
7940315	2.500516
7940323	4.389808
7940333	3.887384
7940341	3.304329
7940349	6.013956
7940358	4.812431
7940372	9.487776
7940377	6.143381
7940391	5.888083
7940409	5.071283
7940421	4.707194
7940431	4.22884
7940441	4.207156
7940451	7.941579
7940473	7.138858
7940479	6.679574
7940486	9.084556
7940491	5.709213
7940493	5.231801
7940508	6.363617
7940530	5.87896
7940561	6.286809
7940565	6.42452
7940580	6.347194
7940582	5.268972
7940598	6.488506
7940600	6.555529
7940622	2.354214
7940626	5.751712
7940630	2.822613
7940636	4.024367
7940643	8.630222
7940654	14.29201
7940660	5.842688
7940662	5.559711
7940667	8.873745
7940669	6.599549
7940673	3.928724
7940679	7.192028
7940688	6.636289
7940698	6.864086
7940711	9.133718
7940717	9.128607
7940735	2.691718
7940737	3.469276
7940749	4.315855
7940762	4.975585
7940775	8.735868
7940781	7.348825
7940790	5.290918
7940798	8.628078
7940822	6.516818
7940824	7.058401
7940835	8.481611
7940840	7.99794
7940851	5.278103
7940857	8.262775
7940869	7.110462
7940884	6.904301
7940891	6.857748
7940904	6.637047
7940914	7.919989
7940924	7.12943
7940959	6.488553
7940971	5.426222
7940987	2.227599
7940989	7.405906
7940996	9.203062
7941004	6.510713
7941039	6.138012
7941059	4.669515
7941062	6.161922
7941074	5.079954
7941087	6.408031
7941104	8.507844
7941111	6.583106
7941122	7.157355
7941127	8.05594
7941136	8.901683
7941148	8.40019
7941164	8.308979
7941172	5.8205
7941179	9.32332
7941203	5.055058
7941214	6.796058
7941236	6.61894
7941243	8.681078
7941255	6.035117
7941260	6.370253
7941269	5.908027
7941272	13.73798
7941274	8.115355
7941296	7.193187
7941302	6.365679
7941311	6.681273
7941350	7.053247
7941364	7.872267
7941380	6.087614
7941382	7.745177
7941401	6.419359
7941408	3.642607
7941425	6.914393
7941444	5.497762
7941457	6.378493
7941460	8.238441
7941469	5.829931
7941478	7.91746
7941501	8.977704
7941505	5.439559
7941511	8.860903
7941537	7.586974
7941563	6.717869
7941565	6.354514
7941583	10.49559
7941587	5.801574
7941594	5.84922
7941597	3.713638
7941599	4.132504
7941608	5.515475
7941610	5.635925
7941621	8.254872
7941639	6.878067
7941662	4.544837
7941685	7.372155
7941694	8.422729
7941702	7.839538
7941707	7.729707
7941709	8.983233
7941714	7.711238
7941732	7.007357
7941743	5.831348
7941746	6.622394
7941749	5.147894
7941761	6.707651
7941769	8.229166
7941795	5.945913
7941797	7.603299
7941822	6.596426
7941843	7.962664
7941863	6.410555
7941865	7.065439
7941879	6.137118
7941890	5.585313
7941900	7.118064
7941917	5.656221
7941927	7.087069
7941936	11.69393
7941946	8.92
7941961	7.879402
7941976	7.409911
7941985	7.939303
7942007	8.08037
7942032	9.46148
7942064	4.72481
7942071	3.543602
7942073	6.332708
7942091	7.069478
7942118	6.137166
7942123	8.096759
7942135	6.764019
7942168	7.306112
7942174	7.758204
7942204	9.522684
7942228	5.728666
7942232	7.774704
7942255	7.742667
7942261	5.591282
7942267	7.537684
7942274	5.914031
7942277	2.583946
7942279	6.857855
7942284	3.216597
7942287	3.721388
7942289	8.113767
7942300	6.003489
7942315	6.611105
7942326	5.538633
7942328	5.140845
7942332	5.297659
7942342	7.216794
7942372	4.709808
7942379	2.58029
7942381	6.397177
7942400	6.79894
7942409	5.026101
7942417	6.069741
7942439	5.967795
7942453	5.123655
7942465	7.191848
7942476	7.434479
7942489	4.273254
7942503	7.771529
7942520	6.933975
7942525	4.562521
7942527	7.148375
7942544	7.39678
7942551	6.055932
7942553	10.28712
7942562	6.64494
7942569	6.501841
7942586	12.83233
7942592	7.13928
7942594	7.153211
7942596	7.415759
7942603	5.887546
7942613	7.000699
7942626	8.50577
7942645	5.230195
7942647	6.023689
7942650	6.530354
7942674	8.184082
7942679	7.134594
7942693	6.538768
7942697	8.36493
7942715	6.329593
7942717	5.176889
7942769	5.396804
7942771	4.673345
7942774	4.810421
7942779	4.62733
7942781	3.014131
7942783	7.572917
7942791	13.67951
7942793	4.470318
7942796	4.25944
7942798	5.204926
7942809	3.548185
7942812	4.542791
7942814	2.016793
7942816	2.053233
7942818	2.103703
7942820	5.750462
7942822	2.228659
7942824	12.21513
7942830	3.123629
7942832	4.826823
7942839	8.914034
7942858	6.865529
7942875	8.812049
7942877	5.288538
7942879	6.577922
7942889	7.162291
7942896	2.849137
7942910	3.175763
7942912	5.788745
7942914	8.44487
7942932	6.675773
7942941	3.468419
7942957	8.064647
7942964	7.582514
7942985	3.75556
7942987	2.497606
7942989	3.950923
7942991	3.750374
7942998	4.371426
7943019	3.029938
7943025	3.916407
7943031	2.599857
7943036	3.428826
7943047	2.707962
7943049	2.967719
7943051	3.140099
7943075	3.884586
7943098	5.002026
7943103	3.315351
7943124	4.835436
7943126	6.405526
7943156	2.943947
7943158	6.916481
7943160	11.09778
7943162	8.969777
7943176	7.738554
7943193	5.692294
7943195	5.354776
7943197	5.289689
7943218	7.221223
7943226	5.893213
7943231	6.90269
7943236	6.725832
7943240	5.261221
7943263	5.878434
7943282	3.923653
7943288	8.26303
7943293	8.138265
7943297	7.246209
7943314	8.690364
7943317	3.467566
7943319	2.991903
7943345	4.205691
7943347	6.085901
7943349	6.230292
7943367	6.122407
7943369	5.395816
7943373	3.421593
7943376	4.295164
7943387	2.237567
7943398	9.228813
7943411	3.45057
7943413	7.15394
7943424	8.985618
7943437	2.462694
7943442	6.437155
7943498	5.973273
7943513	3.876999
7943515	6.373549
7943517	2.518167
7943519	2.26583
7943521	3.302743
7943526	4.334298
7943530	2.939889
7943552	9.138315
7943562	3.156512
7943573	4.323753
7943577	3.470697
7943580	7.851701
7943605	6.666265
7943620	7.68786
7943690	7.163903
7943707	3.152621
7943709	2.681796
7943711	5.261657
7943715	6.367801
7943721	7.347076
7943729	5.133075
7943736	3.162049
7943738	2.823819
7943740	3.724195
7943749	4.463465
7943760	7.73631
7943779	6.234578
7943787	5.130952
7943795	6.999127
7943803	6.155316
7943827	7.989183
7943842	7.058763
7943853	7.117259
7943859	3.430592
7943867	5.224204
7943882	7.220443
7943890	5.337944
7943892	3.677529
7943917	4.112739
7943919	7.222837
7943943	5.235974
7943954	5.05214
7943956	2.374957
7943958	3.311254
7943969	5.160488
7943984	6.290333
7943998	4.891296
7944006	7.191453
7944011	9.33819
7944021	2.056961
7944023	3.217294
7944033	2.98768
7944035	4.879188
7944042	8.085739
7944049	8.715019
7944082	5.438275
7944096	6.605941
7944111	4.908075
7944113	5.854011
7944147	4.942962
7944152	6.414163
7944164	8.773684
7944179	4.801094
7944185	5.625587
7944195	9.131103
7944216	10.11354
7944223	8.309099
7944262	6.664923
7944271	5.813056
7944275	6.66649
7944285	9.040847
7944300	4.690646
7944302	4.925264
7944331	2.166167
7944333	1.929012
7944335	3.905901
7944339	6.356929
7944341	7.667608
7944351	4.157681
7944359	3.768161
7944361	4.423673
7944363	3.533957
7944365	7.812843
7944375	8.326023
7944382	7.928214
7944401	6.357251
7944418	6.522367
7944435	7.411943
7944447	5.199034
7944463	6.483923
7944478	4.576253
7944493	7.067625
7944510	7.337083
7944516	4.757785
7944525	6.497678
7944527	4.110435
7944530	6.22747
7944537	6.346187
7944554	5.36965
7944560	9.926385
7944601	5.369649
7944603	4.507268
7944623	7.931945
7944632	3.977616
7944656	9.672606
7944667	10.14881
7944716	3.625681
7944718	3.629027
7944720	4.424508
7944722	5.303414
7944739	3.599767
7944751	4.84029
7944763	3.305712
7944765	8.040111
7944767	3.569939
7944769	4.689251
7944791	4.10091
7944793	2.995157
7944795	4.965429
7944797	4.187356
7944799	3.795657
7944801	3.84972
7944803	8.432184
7944825	4.877528
7944827	3.394525
7944829	3.527876
7944832	2.305844
7944834	3.129339
7944838	3.491852
7944843	3.513212
7944845	4.408544
7944850	8.254164
7944867	8.7628
7944869	3.891554
7944876	6.064177
7944882	5.228004
7944911	4.783247
7944913	4.480685
7944931	6.533294
7944952	3.855514
7944955	5.118294
7944970	4.933146
7944972	4.356726
7944978	9.746765
7944989	4.54157
7944991	10.93579
7945014	4.621287
7945033	3.826322
7945040	3.96231
7945045	4.059486
7945058	7.393627
7945069	6.432938
7945071	6.905629
7945084	4.463168
7945086	6.019634
7945101	7.975552
7945110	7.096332
7945125	5.861242
7945130	5.793474
7945132	5.317297
7945146	4.789835
7945156	3.167628
7945158	6.657888
7945162	8.771984
7945169	11.23266
7945177	5.404053
7945182	11.22476
7945204	9.68039
7945226	4.556852
7945228	4.925326
7945232	5.023391
7945241	4.509766
7945245	4.826775
7945260	2.377825
7945262	4.268879
7945275	7.672344
7945283	7.914737
7945296	3.953116
7945321	5.706248
7945342	7.115098
7945344	8.822996
7945347	6.309451
7945349	7.107617
7945357	8.602029
7945368	4.405086
7945371	7.737271
7945377	7.034251
7945394	6.927439
7945418	7.764803
7945420	7.94081
7945436	6.963959
7945445	6.348883
7945460	7.094845
7945462	6.571247
7945475	5.426001
7945498	7.087076
7945503	7.288146
7945521	7.862523
7945536	6.758942
7945539	6.538902
7945550	6.300925
7945573	8.869647
7945579	7.289396
7945595	5.264789
7945620	7.631203
7945631	5.774904
7945641	5.778494
7945645	8.058737
7945648	6.722825
7945652	9.452518
7945657	6.85211
7945660	3.765254
7945663	6.058978
7945666	11.47829
7945678	6.359672
7945680	8.493299
7945688	5.543749
7945712	5.427842
7945728	3.491069
7945730	5.580317
7945734	5.119681
7945740	6.260435
7945742	5.259706
7945767	7.105767
7945774	5.164833
7945781	7.002602
7945786	8.408104
7945801	6.530761
7945803	7.390155
7945829	5.209505
7945831	5.633888
7945857	4.87004
7945859	5.864589
7945864	6.802258
7945873	8.114384
7945875	7.212292
7945882	5.404233
7945892	6.576142
7945894	5.306499
7945896	5.721248
7945902	8.760274
7945942	3.669307
7945944	7.800544
7945950	5.000168
7945952	4.798394
7945954	3.726575
7945956	3.183865
7945958	4.180871
7945962	6.993034
7945972	4.40169
7945974	4.525282
7945979	8.225513
7945989	5.380461
7945991	3.963257
7945997	3.320359
7945999	3.377368
7946001	4.064548
7946004	5.646935
7946006	4.906917
7946008	2.927895
7946011	4.287859
7946013	3.512874
7946015	3.676157
7946017	2.904519
7946019	2.929072
7946021	2.913183
7946023	3.134325
7946025	2.827665
7946027	3.995824
7946029	2.513034
7946031	3.230286
7946033	5.832246
7946041	5.499088
7946048	4.887609
7946054	4.887609
7946061	3.765577
7946067	3.431439
7946069	4.499502
7946071	3.206018
7946073	4.626812
7946078	4.402319
7946082	4.283054
7946087	4.347559
7946089	6.921183
7946105	3.982573
7946107	4.06977
7946109	3.094328
7946111	3.390211
7946113	3.830568
7946115	3.817245
7946117	4.360673
7946119	4.619358
7946121	3.157877
7946123	3.319364
7946125	4.89371
7946128	7.377241
7946142	5.60619
7946149	5.458729
7946167	4.941209
7946180	5.967314
7946201	8.025986
7946211	6.541733
7946221	9.571029
7946228	8.156538
7946245	5.17741
7946267	7.773317
7946275	4.541415
7946278	4.288524
7946280	3.205407
7946286	4.635046
7946288	5.588181
7946292	6.844945
7946306	4.764374
7946321	5.054484
7946323	4.170225
7946326	5.516943
7946328	3.322466
7946330	2.513885
7946332	3.127859
7946334	4.974379
7946340	6.581208
7946354	4.845055
7946365	3.583034
7946380	6.19356
7946401	7.51229
7946426	6.137643
7946428	5.048534
7946436	3.04954
7946439	9.259104
7946446	4.767401
7946454	11.10642
7946478	7.299588
7946504	7.821371
7946516	8.518635
7946559	9.145856
7946561	3.883101
7946563	9.864019
7946565	13.70502
7946567	8.835888
7946569	8.825995
7946579	3.853353
7946589	5.594844
7946610	11.38198
7946635	8.430418
7946641	3.464318
7946655	7.993581
7946661	6.19574
7946676	6.71171
7946678	1.935084
7946680	8.267128
7946687	2.090954
7946693	2.144451
7946695	2.64576
7946697	7.605731
7946703	10.14114
7946728	9.854169
7946742	8.544433
7946749	4.777695
7946757	5.351513
7946781	8.550313
7946807	8.707951
7946812	10.61682
7946815	8.060661
7946849	5.433487
7946851	4.466605
7946853	4.899457
7946860	5.143852
7946903	4.560102
7946933	7.288197
7946946	3.138247
7946957	6.507748
7946972	4.457756
7946977	3.932353
7946983	4.580368
7946986	2.966314
7946988	6.826761
7947015	9.097989
7947027	8.572962
7947040	6.737975
7947052	5.021216
7947076	5.506115
7947093	4.712964
7947096	4.507346
7947099	3.108414
7947110	5.55226
7947127	2.708879
7947129	5.227684
7947136	3.672674
7947138	8.039021
7947147	7.93702
7947152	2.875167
7947156	10.16879
7947165	4.243495
7947184	4.034032
7947189	4.676126
7947199	8.932981
7947221	8.05102
7947228	2.766246
7947230	3.455539
7947245	8.63066
7947248	3.136761
7947266	3.141418
7947268	6.199185
7947270	4.734384
7947274	9.942241
7947282	3.69203
7947322	3.150952
7947332	5.165789
7947338	4.169932
7947358	6.58364
7947361	2.24804
7947363	5.005007
7947375	2.559078
7947394	3.534811
7947396	7.384567
7947421	6.10756
7947423	5.183555
7947425	9.964246
7947434	8.837903
7947450	6.404548
7947462	5.782356
7947481	10.50345
7947490	7.333326
7947496	3.650408
7947510	2.471638
7947512	3.614451
7947526	5.170607
7947528	5.021233
7947531	6.49589
7947540	7.638896
7947548	2.291356
7947551	4.55855
7947553	3.686238
7947561	2.983002
7947563	5.825353
7947570	7.206254
7947590	3.884926
7947599	5.62816
7947607	2.993445
7947609	7.377275
7947624	7.365492
7947649	4.751171
7947652	7.317543
7947674	5.675434
7947676	5.665509
7947681	9.023936
7947694	7.983085
7947740	5.35024
7947742	4.250988
7947744	4.828307
7947784	8.605906
7947801	6.836612
7947815	8.007111
7947828	5.408755
7947861	7.14293
7947867	8.254314
7947881	5.532245
7947890	1.960194
7947892	5.220823
7947894	9.087038
7947917	8.056854
7947926	2.946788
7947928	5.752698
7947934	10.21162
7947947	4.603753
7947969	7.913576
7947989	6.390318
7947991	8.076963
7948035	3.240044
7948037	5.120875
7948039	2.240607
7948042	2.456112
7948044	2.813637
7948046	3.82417
7948048	3.618774
7948054	4.397655
7948058	4.512457
7948085	2.248549
7948088	6.38066
7948090	2.387296
7948092	3.929222
7948099	3.030819
7948101	2.758584
7948103	2.598853
7948105	2.568258
7948107	2.920971
7948109	3.548258
7948111	3.162987
7948113	8.900055
7948115	3.65373
7948117	3.548965
7948119	3.021359
7948121	2.398163
7948123	3.532948
7948125	2.809415
7948127	2.512344
7948129	3.341027
7948131	4.061803
7948133	3.058779
7948135	2.924156
7948137	3.607928
7948141	4.807728
7948144	3.437975
7948148	3.734596
7948150	2.566141
7948155	3.53715
7948157	3.502504
7948159	3.069935
7948161	2.889045
7948167	4.147192
7948176	7.697845
7948192	8.91148
7948211	5.049279
7948213	5.061556
7948221	4.529501
7948229	6.261215
7948249	5.706134
7948267	5.808568
7948274	8.03635
7948282	4.92716
7948293	6.425311
7948303	4.571496
7948306	3.971652
7948308	3.595863
7948310	2.941416
7948312	2.607191
7948314	4.532922
7948316	3.371658
7948320	1.953001
7948322	2.935746
7948324	3.56326
7948326	2.013527
7948328	4.109102
7948330	3.562524
7948332	6.673138
7948344	3.196398
7948354	2.730566
7948364	7.264806
7948367	4.408744
7948369	4.146085
7948371	3.579079
7948375	2.961587
7948377	3.580919
7948379	9.399604
7948399	8.079998
7948418	4.648138
7948420	7.260725
7948424	7.173849
7948433	3.934419
7948444	5.793123
7948455	6.549582
7948470	6.424183
7948476	8.448789
7948493	6.650211
7948502	3.325924
7948504	7.237073
7948511	5.638875
7948534	10.16529
7948565	7.678021
7948574	7.562527
7948588	6.478178
7948599	4.952654
7948606	8.539959
7948612	5.380457
7948630	6.534017
7948643	5.119614
7948656	10.08893
7948662	3.569636
7948667	11.10792
7948679	13.04283
7948685	7.116701
7948696	9.053774
7948718	7.357193
7948741	6.586367
7948744	10.08235
7948772	7.291625
7948775	7.715763
7948782	7.589649
7948794	4.694237
7948798	7.201525
7948814	9.508211
7948829	7.270164
7948834	6.070869
7948836	6.907085
7948839	9.608631
7948864	7.701615
7948879	5.58839
7948881	7.915601
7948894	7.142544
7948896	5.935102
7948898	6.781591
7948900	7.880487
7948902	7.581805
7948904	8.753807
7948906	7.007891
7948908	8.915951
7948910	6.681122
7948912	5.420467
7948918	5.049362
7948920	5.400463
7948937	4.736024
7948951	3.375503
7948957	4.036329
7948973	5.249825
7948982	5.256676
7948987	7.603103
7948995	9.31913
7948997	8.180847
7949015	7.237962
7949019	2.048739
7949021	4.523993
7949033	7.03018
7949046	7.414216
7949058	5.272284
7949060	8.103296
7949067	7.143861
7949075	10.23154
7949080	5.79624
7949104	5.572407
7949124	4.455649
7949146	8.716889
7949172	5.868305
7949206	6.305703
7949227	7.157753
7949264	6.583224
7949273	4.385252
7949275	7.245771
7949277	6.746323
7949320	5.792924
7949327	4.262247
7949340	5.655706
7949344	5.387558
7949364	4.550791
7949371	5.253935
7949373	5.719385
7949377	9.326525
7949383	7.267067
7949400	5.339596
7949410	9.683266
7949412	7.815029
7949440	5.579708
7949444	5.955128
7949454	6.681212
7949465	7.924821
7949482	7.140876
7949490	6.617698
7949496	9.85648
7949503	6.514045
7949518	7.884451
7949532	6.919954
7949540	7.260254
7949545	7.001181
7949553	4.514724
7949568	4.723542
7949570	5.660732
7949577	8.218122
7949588	4.600184
7949592	6.04504
7949603	7.332426
7949615	4.874005
7949619	6.530698
7949637	6.758245
7949645	7.118718
7949650	7.473871
7949668	4.676341
7949672	2.217744
7949674	8.57065
7949679	6.293439
7949717	5.647469
7949719	6.109376
7949742	1.791709
7949744	4.458097
7949746	8.428152
7949754	6.584913
7949763	3.244246
7949765	9.637654
7949776	7.902371
7949792	6.911537
7949796	4.905774
7949798	8.03062
7949808	6.291578
7949836	7.416625
7949843	6.721148
7949851	4.173933
7949857	5.9826
7949863	5.59198
7949873	5.403759
7949882	8.509497
7949894	5.135046
7949896	6.46532
7949898	6.49152
7949904	8.715214
7949916	9.161958
7949931	8.821278
7949946	4.665746
7949948	5.738173
7949954	5.635932
7949956	4.917056
7949971	7.573296
7949995	6.966421
7950003	4.26948
7950005	5.136969
7950012	4.348392
7950016	6.804743
7950023	5.074276
7950032	6.450536
7950036	5.51269
7950042	6.823678
7950062	4.749906
7950064	4.472581
7950067	7.883157
7950078	6.355241
7950082	7.474768
7950086	9.698465
7950117	3.038826
7950119	7.454368
7950128	6.87136
7950136	5.1235
7950140	6.190373
7950142	7.0353
7950162	4.574536
7950195	7.056208
7950197	7.757918
7950235	9.213516
7950248	7.418097
7950269	3.03512
7950271	7.224809
7950282	6.287031
7950284	8.53168
7950292	2.932684
7950294	7.370248
7950299	4.854198
7950307	9.089092
7950321	5.071335
7950332	5.850901
7950336	6.977759
7950370	5.652312
7950372	5.164912
7950374	4.199688
7950391	7.818181
7950409	5.974
7950420	6.422263
7950423	5.787106
7950425	5.075172
7950442	4.788043
7950444	7.688188
7950447	5.492114
7950469	5.111156
7950471	4.865355
7950473	8.855604
7950490	8.920526
7950492	6.513918
7950501	5.098309
7950524	4.613126
7950530	2.071956
7950532	2.78651
7950534	5.128326
7950544	7.496202
7950553	2.593202
7950555	5.067101
7950560	2.939906
7950578	9.206327
7950597	8.198881
7950606	8.373551
7950626	7.147041
7950628	7.07465
7950641	7.144628
7950644	9.240486
7950654	7.92096
7950669	6.390094
7950671	5.592683
7950683	7.582101
7950699	2.389981
7950701	4.949395
7950724	2.026793
7950726	6.030895
7950731	10.23865
7950743	5.342374
7950751	4.127124
7950753	7.874272
7950762	6.574747
7950764	3.912609
7950794	4.768763
7950796	8.885719
7950804	4.922826
7950810	9.184393
7950838	9.875648
7950862	4.383763
7950864	8.167809
7950883	3.563202
7950885	5.519396
7950893	2.317661
7950895	3.391946
7950897	3.728137
7950899	6.266987
7950906	8.53837
7950921	5.584478
7950933	3.996788
7950951	2.707962
7950955	3.86613
7950965	2.599857
7950971	3.916407
7950977	3.029938
7950983	7.490719
7950990	6.374819
7951004	8.043265
7951008	8.486683
7951030	7.077095
7951032	6.762812
7951034	7.904351
7951036	8.772947
7951038	7.366281
7951040	4.257122
7951046	7.369029
7951068	5.355834
7951077	9.594707
7951089	4.770739
7951091	5.684289
7951093	7.338341
7951108	6.217968
7951112	7.851909
7951131	4.983452
7951133	8.315042
7951140	9.360369
7951144	7.501394
7951157	7.300902
7951159	4.064702
7951161	2.336675
7951163	3.06163
7951165	3.596338
7951178	3.677674
7951195	2.704522
7951205	2.580878
7951207	11.15962
7951217	8.20575
7951224	3.573209
7951235	3.514783
7951246	3.287034
7951259	5.058446
7951271	5.644235
7951284	4.09237
7951297	6.413118
7951309	3.451254
7951325	7.974319
7951335	3.963635
7951337	1.831292
7951339	2.78686
7951341	3.637964
7951343	2.055627
7951345	2.934378
7951347	3.469712
7951351	4.938017
7951363	2.972108
7951372	8.532157
7951385	3.939849
7951397	7.390952
7951408	5.57343
7951413	4.83171
7951417	2.765436
7951420	3.349273
7951422	6.967953
7951429	5.618741
7951437	4.348604
7951447	6.928528
7951467	6.441601
7951479	4.353124
7951485	5.348208
7951497	8.093771
7951521	4.833005
7951535	6.542426
7951545	7.519563
7951552	4.271468
7951554	7.554858
7951565	4.110329
7951589	5.262667
7951591	3.510933
7951593	9.409313
7951596	5.718544
7951604	2.294935
7951612	5.69314
7951614	8.539187
7951633	8.260707
7951652	5.35954
7951654	5.569548
7951660	6.098694
7951662	5.34413
7951670	2.551982
7951672	3.92085
7951679	6.531668
7951686	6.01717
7951695	3.960613
7951701	5.787352
7951703	5.853396
7951715	3.159457
7951717	4.410285
7951734	6.738717
7951752	7.318409
7951781	6.009648
7951789	3.473834
7951796	3.087269
7951807	4.893262
7951824	4.89249
7951826	6.214621
7951838	7.953895
7951853	4.737276
7951859	4.852906
7951865	5.739503
7951873	6.77206
7951896	7.50832
7951910	5.967144
7951928	4.795778
7951966	6.593166
7951977	5.798763
7951987	6.950783
7952004	4.936138
7952011	5.082054
7952022	7.525826
7952036	8.405613
7952046	10.68161
7952056	5.214946
7952065	3.289844
7952069	7.877837
7952086	4.013515
7952103	10.08751
7952116	7.372488
7952126	3.088128
7952129	11.7082
7952132	7.215485
7952145	8.149985
7952179	6.786594
7952185	7.816
7952200	5.648741
7952205	4.939992
7952223	2.749504
7952225	3.893306
7952227	5.691785
7952243	7.273582
7952249	4.100881
7952268	4.697429
7952274	6.143031
7952290	8.431891
7952305	8.9905
7952307	4.260333
7952309	3.260704
7952313	2.999697
7952315	2.174503
7952319	2.584554
7952321	5.810734
7952325	12.86258
7952335	7.089673
7952339	7.918339
7952341	4.872506
7952350	4.365269
7952361	6.225207
7952373	2.925844
7952375	2.499414
7952377	2.767538
7952382	3.682403
7952384	5.537593
7952386	5.287306
7952388	6.052313
7952390	3.143605
7952392	3.122661
7952394	3.521153
7952398	2.808833
7952400	2.997312
7952402	3.320113
7952404	3.857682
7952406	3.915329
7952408	8.119637
7952426	9.161577
7952436	5.413332
7952445	7.70078
7952451	7.179777
7952453	5.632952
7952475	4.973243
7952484	8.687268
7952488	5.36485
7952490	4.431049
7952503	3.215027
7952517	2.886559
7952522	5.872274
7952526	6.774168
7952549	6.438757
7952557	10.08949
7952577	4.790137
7952601	7.838129
7952617	3.193597
7952626	4.320257
7952631	3.525497
7952641	9.843459
7952671	7.237136
7952673	5.791119
7952675	3.114806
7952677	7.864289
7952707	6.621474
7952733	5.924143
7952735	2.301049
7952737	4.055746
7952739	8.114244
7952750	2.73035
7952752	5.624365
7952766	5.707067
7952768	8.163507
7952781	3.071584
7952785	3.765619
7952795	5.726633
7952797	4.226694
7952805	4.563688
7952810	4.505691
7952813	5.479607
7952830	6.420603
7952869	7.01251
7952882	4.46846
7952884	5.397981
7952893	7.972309
7952897	4.801421
7952914	6.420798
7952927	6.393261
7952950	5.524835
7952953	8.473272
7952984	5.520056
7952986	6.839223
7952988	9.057807
7953012	7.717901
7953021	7.875203
7953032	5.254603
7953040	4.844774
7953094	5.019196
7953098	3.310431
7953100	9.4701
7953111	8.761157
7953128	3.459789
7953130	7.399176
7953135	6.492793
7953150	5.421398
7953166	7.593533
7953181	3.576316
7953198	2.867148
7953200	5.627699
7953211	5.959284
7953218	3.737787
7953229	5.880831
7953243	8.381305
7953252	3.931606
7953264	4.770648
7953274	4.443254
7953278	5.154544
7953284	3.909153
7953291	12.03964
7953303	7.775694
7953321	7.539316
7953333	5.287383
7953341	7.92039
7953351	7.996332
7953383	8.436137
7953385	12.59945
7953390	4.820996
7953395	8.770704
7953409	7.239207
7953418	5.491605
7953428	6.661685
7953442	4.319835
7953450	5.884455
7953469	5.076597
7953483	7.3404
7953508	8.252925
7953516	5.047618
7953518	6.715181
7953520	5.924582
7953532	5.508854
7953547	6.874515
7953564	8.590875
7953569	7.622591
7953590	7.117736
7953592	6.582835
7953594	7.450012
7953603	4.652493
7953620	3.401707
7953622	5.267833
7953626	5.355829
7953651	7.085605
7953665	4.103335
7953670	2.975156
7953675	5.030767
7953687	3.342148
7953689	3.594798
7953695	3.061606
7953697	7.660768
7953699	7.088201
7953715	8.61516
7953723	6.752048
7953733	3.158074
7953735	8.127335
7953737	4.058301
7953747	2.490372
7953749	4.46453
7953761	3.576848
7953763	5.509279
7953765	7.051116
7953775	8.437455
7953812	7.150249
7953835	4.085596
7953844	7.083346
7953871	2.648
7953873	3.994294
7953878	8.272669
7953892	3.59861
7953901	4.390089
7953914	3.121507
7953924	3.93645
7953936	4.430151
7953943	8.089826
7953949	3.90405
7953965	4.812666
7953967	3.372351
7953975	2.472468
7953977	3.434904
7953979	2.254265
7953981	9.009606
7953993	6.446277
7954006	10.41177
7954008	3.470459
7954010	2.451473
7954012	6.442111
7954021	9.053417
7954029	8.674936
7954036	8.191795
7954055	5.402812
7954061	8.285346
7954063	9.539561
7954065	8.351699
7954071	5.969609
7954077	6.708925
7954090	9.421328
7954098	3.496596
7954100	3.031737
7954102	2.707703
7954104	9.319174
7954124	7.4883
7954132	3.614195
7954136	3.979029
7954143	3.956395
7954173	8.88279
7954185	8.217451
7954196	9.151827
7954206	2.357669
7954208	3.36291
7954240	2.615874
7954243	6.496583
7954245	8.416228
7954277	6.653921
7954279	8.781818
7954291	3.097146
7954293	3.738619
7954310	11.43065
7954312	3.48462
7954330	4.282138
7954344	2.529631
7954356	2.746683
7954375	1.886845
7954377	2.887165
7954382	7.401606
7954388	8.520919
7954398	2.432433
7954407	8.681049
7954419	8.560239
7954436	9.42146
7954460	7.909449
7954465	4.72284
7954469	5.341646
7954481	7.419532
7954488	4.125078
7954490	2.171303
7954492	7.999119
7954503	7.747532
7954511	9.360573
7954527	7.559813
7954551	3.617702
7954559	8.957662
7954589	4.63038
7954591	8.226051
7954602	5.206725
7954604	6.8224
7954613	7.244809
7954631	4.413479
7954645	5.62332
7954653	4.487514
7954655	6.97258
7954690	3.813464
7954692	4.817029
7954695	2.497857
7954697	5.078473
7954699	1.944264
7954701	5.766588
7954711	8.117204
7954717	5.949775
7954729	7.27806
7954752	8.06028
7954775	2.276157
7954777	7.493171
7954783	2.860115
7954785	3.321802
7954787	6.555686
7954789	7.430706
7954794	3.082493
7954810	6.569907
7954864	3.627148
7954899	2.741703
7954926	3.333683
7954938	2.566993
7954940	8.224536
7954961	6.133666
7954963	5.805071
7954965	3.760074
7954969	7.490993
7954985	7.454007
7954995	2.994821
7954997	9.755103
7955019	8.187291
7955043	6.306501
7955045	6.105535
7955055	7.144161
7955063	7.435444
7955076	5.982808
7955078	6.466963
7955107	5.254965
7955110	6.462651
7955112	6.297399
7955117	3.011266
7955119	3.198222
7955129	4.53583
7955132	3.630945
7955135	2.930565
7955140	2.171902
7955142	7.012679
7955156	4.216276
7955168	2.717295
7955170	6.020359
7955179	8.368656
7955184	5.237626
7955195	5.380721
7955211	4.04175
7955217	7.079162
7955231	4.696421
7955248	2.919744
7955250	6.699156
7955277	12.16594
7955290	5.800364
7955297	5.774341
7955305	4.921983
7955317	4.658172
7955331	7.563012
7955348	5.66056
7955358	7.161146
7955361	8.68961
7955376	8.198676
7955417	2.393286
7955419	5.550492
7955423	2.088139
7955425	8.281693
7955433	3.480912
7955441	9.080041
7955448	2.259043
7955450	8.782687
7955462	2.236001
7955464	11.01205
7955469	4.61081
7955502	4.746677
7955533	4.833688
7955535	8.654899
7955551	5.081717
7955562	5.735961
7955578	4.878399
7955589	6.799895
7955606	7.370377
7955613	9.990223
7955624	6.058699
7955635	3.514602
7955637	11.5466
7955646	10.79271
7955663	6.052389
7955694	6.52058
7955702	4.692821
7955719	9.139458
7955721	8.761226
7955729	7.19622
7955736	5.108377
7955768	8.06848
7955777	7.205439
7955787	9.080375
7955797	5.406497
7955810	9.470719
7955817	10.66751
7955829	6.710303
7955845	4.55198
7955852	5.667973
7955855	3.999289
7955858	4.505089
7955863	3.231198
7955865	3.95189
7955869	5.763848
7955873	4.392254
7955887	4.1443
7955890	7.778683
7955896	9.392164
7955906	5.6952
7955908	6.518657
7955943	4.62504
7955963	4.737307
7955974	4.288708
7955979	4.248076
7955981	3.061234
7955983	3.406872
7955985	2.849202
7955987	3.914101
7955989	2.619842
7955991	3.560345
7955993	3.182054
7955995	3.273955
7955997	3.547881
7955999	3.420985
7956001	2.454047
7956003	2.739608
7956005	3.065616
7956007	5.089602
7956009	5.435187
7956013	6.914587
7956018	5.959634
7956026	4.237392
7956031	7.694754
7956038	6.737183
7956044	5.055015
7956046	7.881254
7956076	6.984752
7956088	8.380093
7956097	7.452089
7956105	6.000075
7956114	6.941649
7956120	10.13088
7956152	9.968116
7956159	6.853251
7956162	5.8048
7956166	7.910602
7956200	6.20753
7956211	10.67314
7956220	7.407834
7956229	4.791371
7956242	6.388632
7956251	6.345237
7956257	6.795288
7956261	7.145284
7956269	4.534394
7956271	2.770595
7956279	3.697219
7956281	4.858875
7956285	5.263216
7956287	6.039497
7956301	6.423576
7956395	5.640382
7956399	2.051565
7956401	7.701838
7956417	3.448277
7956419	4.419644
7956423	5.007264
7956426	4.685062
7956430	4.227617
7956443	8.231479
7956470	7.220479
7956488	4.357965
7956522	3.707107
7956524	7.682161
7956539	5.684345
7956551	4.73479
7956573	3.840257
7956593	10.06647
7956613	10.3465
7956623	5.260778
7956631	5.763381
7956639	6.864327
7956648	6.275489
7956658	5.178282
7956668	7.097128
7956670	8.081335
7956697	9.180766
7956737	7.285682
7956739	2.369235
7956741	3.090396
7956743	12.05174
7956747	4.297502
7956749	6.765199
7956759	8.148161
7956783	3.649531
7956785	7.973858
7956795	8.074195
7956819	6.176411
7956826	7.592485
7956838	3.771206
7956842	7.582178
7956856	3.469742
7956867	4.539467
7956876	3.218626
7956878	6.159727
7956894	6.356027
7956908	5.556424
7956910	9.157937
7956930	7.694968
7956937	9.738418
7956949	8.018101
7956978	8.01463
7956987	4.200521
7956989	8.919942
7957006	1.965986
7957008	8.831552
7957023	11.43555
7957032	8.207588
7957043	7.73384
7957052	9.027743
7957072	7.816971
7957092	3.805802
7957106	8.592144
7957126	4.42376
7957140	3.119653
7957159	4.218942
7957161	3.5017
7957167	8.443771
7957177	9.176708
7957186	8.9218
7957205	3.127065
7957221	3.51175
7957242	9.920771
7957245	2.721411
7957253	3.066025
7957260	6.743011
7957271	4.854681
7957273	2.009125
7957275	7.327824
7957277	7.981442
7957298	3.872998
7957338	3.633673
7957351	2.345325
7957373	3.956285
7957379	4.253733
7957386	7.148214
7957404	7.282513
7957417	7.844794
7957431	3.472658
7957433	3.100122
7957452	3.154047
7957458	9.550949
7957467	7.602999
7957476	4.46231
7957478	7.637234
7957495	2.407816
7957499	3.041605
7957503	4.238285
7957508	2.649035
7957510	6.465495
7957514	6.470742
7957528	2.430119
7957530	8.616274
7957532	2.429667
7957534	3.101786
7957536	8.182996
7957540	7.935927
7957549	6.564549
7957551	5.294178
7957560	6.048582
7957570	7.028548
7957602	3.291128
7957604	7.273678
7957606	4.732381
7957608	6.648253
7957611	4.594942
7957613	8.085681
7957627	2.347489
7957629	3.567977
7957631	5.056928
7957633	8.561749
7957649	5.327857
7957654	5.036052
7957665	6.251413
7957673	3.80854
7957688	2.709403
7957715	7.43067
7957733	2.038481
7957735	2.174175
7957737	8.852104
7957746	9.640223
7957759	7.891631
7957790	3.724292
7957793	6.399363
7957806	9.587196
7957819	6.711448
7957833	2.884467
7957835	5.348789
7957850	6.024491
7957861	3.203808
7957890	7.217948
7957956	2.343456
7957958	2.011105
7957960	4.126203
7957962	2.918768
7957966	8.889765
7958000	10.47344
7958011	7.057158
7958015	5.790279
7958017	2.829388
7958019	7.934819
7958031	2.804428
7958051	4.455143
7958056	3.912388
7958128	2.209093
7958130	11.66975
7958147	6.443628
7958152	8.937353
7958158	7.038604
7958174	7.769391
7958197	10.6755
7958200	5.504821
7958202	6.696252
7958207	4.685562
7958209	2.995234
7958211	6.411133
7958216	8.472181
7958253	5.033629
7958262	8.182021
7958273	5.502074
7958275	7.580936
7958305	3.594388
7958331	6.374665
7958346	8.084732
7958352	4.42562
7958375	4.953207
7958377	1.991492
7958379	8.470863
7958396	3.656691
7958398	4.943005
7958410	6.662519
7958414	8.538239
7958423	4.31258
7958425	3.449527
7958439	7.631731
7958453	5.850245
7958455	7.537278
7958466	6.370067
7958524	3.235444
7958532	8.704062
7958565	5.822537
7958577	6.385837
7958582	7.746928
7958600	9.264406
7958620	5.449377
7958644	9.791904
7958666	3.434904
7958677	3.115875
7958692	6.947204
7958711	3.086533
7958724	5.335145
7958726	5.086166
7958749	6.136219
7958759	4.552029
7958761	7.099167
7958784	9.607065
7958800	7.983325
7958819	9.345691
7958826	2.276074
7958828	8.29305
7958842	5.34738
7958844	2.209146
7958846	9.098706
7958860	3.997206
7958884	8.192719
7958895	6.56632
7958913	7.600678
7958931	5.571206
7958942	5.513186
7958948	6.364617
7958950	6.904431
7958960	8.867089
7958989	6.397622
7959002	6.366883
7959010	4.123802
7959012	4.21983
7959014	3.46114
7959016	4.547649
7959023	7.7213
7959025	3.93128
7959039	7.453243
7959052	6.546366
7959070	9.24964
7959078	10.05754
7959080	8.814435
7959085	2.10195
7959087	4.703433
7959100	4.62818
7959102	7.852924
7959108	6.221928
7959123	8.338333
7959131	5.460671
7959144	4.912629
7959146	8.904529
7959148	4.855246
7959153	10.07793
7959157	8.465747
7959164	8.901405
7959173	9.168983
7959195	5.135318
7959205	10.04518
7959212	8.189136
7959220	6.621408
7959232	5.420246
7959234	5.577517
7959249	5.886968
7959251	5.472321
7959267	8.089214
7959282	9.632468
7959292	2.960545
7959294	6.950729
7959298	6.774979
7959312	4.684696
7959314	6.345628
7959322	5.828425
7959330	4.12536
7959354	7.251069
7959361	7.264813
7959386	4.3897
7959402	4.972959
7959408	5.569342
7959473	7.190666
7959482	4.364797
7959484	3.583581
7959500	7.315367
7959535	6.497044
7959549	8.264568
7959563	5.626046
7959572	4.132291
7959574	7.486669
7959586	6.22478
7959597	11.73575
7959604	7.137169
7959621	5.296035
7959623	7.732174
7959638	7.535619
7959657	7.348828
7959681	3.885783
7959696	4.642314
7959751	7.974486
7959761	5.573439
7959772	5.602041
7959775	2.195245
7959777	6.749973
7959786	6.955186
7959807	3.375784
7959818	3.623636
7959827	4.258159
7959834	5.777359
7959848	6.346161
7959850	5.590132
7959856	4.337334
7959880	8.710091
7959882	8.776917
7959891	4.194647
7959893	4.738453
7959921	5.598682
7959925	5.182267
7959927	8.288505
7959946	5.574676
7959957	6.615714
7959986	6.548284
7959995	7.190946
7960052	7.498807
7960054	5.639287
7960068	6.387191
7960088	7.376189
7960099	5.55312
7960117	8.197516
7960124	7.187674
7960131	10.97012
7960134	6.937356
7960143	7.315865
7960150	7.135282
7960158	6.225407
7960165	6.975136
7960172	2.509046
7960177	5.221532
7960201	5.119706
7960221	8.69096
7960253	6.047359
7960259	2.860777
7960261	7.433261
7960280	7.027072
7960283	5.459629
7960320	6.052504
7960331	5.227635
7960338	6.648023
7960340	4.467897
7960355	5.105154
7960357	7.409689
7960362	8.760077
7960365	8.576763
7960370	8.321032
7960381	6.142133
7960383	5.89907
7960397	4.582094
7960407	6.242157
7960411	6.431843
7960427	4.637282
7960434	3.568028
7960436	4.159853
7960438	3.984416
7960464	4.492235
7960512	6.634311
7960514	4.267521
7960516	5.302943
7960518	8.176346
7960529	9.792336
7960544	6.260219
7960553	9.834899
7960559	5.094036
7960575	7.378226
7960594	9.592018
7960635	5.657973
7960637	7.380731
7960642	5.387473
7960654	8.031635
7960666	7.820638
7960682	5.200818
7960689	9.13981
7960700	2.855887
7960702	4.604872
7960709	7.127214
7960716	9.816677
7960728	8.458369
7960730	11.17479
7960744	5.675487
7960757	7.076565
7960764	6.146327
7960771	5.890841
7960794	7.378234
7960813	2.135489
7960815	2.110862
7960817	1.962054
7960819	5.529679
7960821	3.210608
7960828	3.420073
7960832	4.896461
7960848	2.111014
7960850	7.227709
7960861	2.94231
7960863	6.204732
7960865	9.687886
7960874	7.430257
7960878	6.654625
7960881	5.029465
7960889	6.529045
7960894	7.335153
7960896	8.007936
7960898	7.266827
7960900	4.77709
7960910	4.146706
7960919	3.512324
7960933	10.97728
7960942	3.099113
7960947	7.567239
7960984	4.419862
7961022	10.59565
7961024	2.388542
7961026	3.820589
7961031	7.12279
7961059	4.729705
7961067	4.320697
7961069	2.638511
7961075	8.699899
7961083	5.122491
7961091	3.088942
7961097	5.054484
7961102	3.864889
7961111	3.656548
7961120	6.126884
7961142	6.213014
7961151	5.902558
7961166	4.394612
7961173	3.691907
7961175	2.990444
7961182	3.534861
7961187	3.940969
7961198	5.046565
7961208	7.829627
7961215	7.61177
7961230	9.499051
7961239	2.439085
7961243	2.657802
7961245	2.860471
7961249	3.55136
7961252	6.020981
7961259	5.773645
7961269	4.001438
7961275	5.71595
7961279	5.590515
7961281	4.944315
7961285	6.006685
7961287	5.055268
7961291	6.47683
7961293	3.624924
7961295	2.715319
7961298	3.055626
7961300	6.682692
7961306	5.772775
7961320	5.768396
7961339	8.037985
7961363	6.042165
7961365	8.728621
7961371	9.214712
7961381	3.340194
7961386	5.281907
7961390	7.543311
7961399	3.851612
7961413	3.985155
7961418	4.858629
7961420	3.091382
7961422	4.291518
7961438	4.356009
7961440	9.417581
7961453	6.004548
7961455	3.376233
7961483	6.72819
7961489	7.4367
7961503	2.686261
7961507	3.015338
7961514	6.563077
7961524	9.031185
7961532	11.02272
7961540	7.595728
7961546	8.257249
7961569	4.63626
7961571	3.044994
7961580	4.981651
7961593	2.477822
7961595	3.535924
7961602	3.56693
7961604	2.949562
7961622	5.304372
7961624	2.14582
7961626	3.054983
7961652	4.509304
7961654	7.041196
7961673	3.3647
7961693	8.743213
7961702	4.191073
7961710	4.963828
7961755	2.951305
7961757	4.400596
7961767	8.608282
7961798	4.483799
7961820	4.499674
7961829	6.356627
7961844	3.638601
7961865	8.466001
7961873	2.610743
7961875	2.885105
7961887	6.631894
7961889	4.944542
7961891	8.52107
7961900	8.567315
7961960	6.47791
7961962	4.823927
7961964	6.826688
7961983	8.94897
7961998	5.491483
7962000	3.484964
7962013	8.253702
7962029	3.713706
7962058	3.498552
7962083	4.58618
7962085	8.56945
7962112	6.295059
7962137	2.66553
7962139	3.124385
7962146	6.367038
7962151	4.25776
7962183	7.892591
7962185	6.716838
7962194	10.26785
7962197	3.091151
7962199	2.570267
7962201	2.894153
7962203	6.623677
7962212	8.240538
7962226	4.300293
7962236	2.638582
7962238	3.962161
7962240	6.213476
7962242	3.258463
7962246	4.086037
7962248	2.280324
7962250	4.638886
7962274	6.469578
7962312	3.834908
7962325	3.983397
7962327	5.9883
7962341	3.987643
7962343	2.705667
7962345	2.365749
7962347	2.484275
7962349	6.784869
7962358	6.892542
7962367	9.210943
7962375	4.830704
7962384	3.424256
7962427	6.926546
7962441	9.339969
7962455	4.404596
7962479	4.198656
7962481	3.000967
7962487	3.196467
7962489	7.173738
7962499	8.053967
7962516	9.929398
7962537	10.39088
7962557	4.462674
7962559	3.743783
7962579	8.006985
7962588	3.994796
7962590	6.53822
7962608	3.769686
7962623	5.69566
7962625	6.040691
7962659	7.376877
7962689	5.863631
7962703	5.973538
7962760	7.1668
7962783	7.960242
7962792	3.530103
7962794	6.380429
7962804	2.702661
7962811	7.106831
7962827	3.844673
7962829	4.855427
7962831	8.336045
7962842	8.55976
7962869	8.718206
7962884	5.464925
7962893	5.76011
7962895	6.355897
7962904	9.662838
7962916	2.546781
7962918	5.971958
7962930	5.382976
7962935	9.168743
7962951	7.045365
7963009	4.291378
7963020	4.903183
7963024	7.429254
7963046	9.9098
7963052	5.119234
7963054	6.457911
7963061	5.489092
7963064	7.208553
7963084	4.220366
7963092	5.633678
7963121	5.71388
7963134	5.292728
7963137	7.286604
7963139	6.580911
7963142	5.315759
7963157	6.502866
7963174	7.790171
7963187	10.66273
7963201	2.466361
7963203	3.144368
7963206	3.840374
7963208	3.205468
7963210	3.810568
7963212	9.036366
7963233	3.330845
7963235	7.054364
7963244	8.800662
7963261	7.418701
7963263	5.607824
7963265	6.306699
7963280	9.611565
7963289	5.738733
7963304	4.658701
7963313	6.695073
7963328	4.776876
7963333	5.979408
7963348	4.879732
7963353	5.298427
7963359	4.871617
7963366	4.769353
7963375	5.067856
7963386	4.562962
7963396	3.951468
7963406	6.292311
7963410	9.128771
7963421	7.551337
7963427	7.128852
7963438	5.04562
7963448	4.387101
7963459	4.516114
7963471	4.223421
7963479	4.084695
7963491	4.659665
7963502	5.269784
7963513	4.110907
7963523	4.915033
7963534	10.83538
7963545	5.26624
7963555	6.66871
7963567	11.55011
7963575	8.150458
7963577	8.390651
7963588	2.118978
7963590	8.702474
7963614	6.409644
7963631	8.081199
7963646	8.049577
7963664	5.775345
7963670	5.025457
7963689	6.056314
7963696	5.06168
7963698	7.474036
7963713	8.584229
7963721	8.507479
7963739	3.79867
7963741	7.080012
7963750	8.702684
7963758	3.385812
7963760	4.729326
7963768	2.088692
7963770	5.690629
7963774	6.120076
7963786	6.09124
7963817	2.790972
7963826	5.489139
7963837	4.88218
7963845	4.793336
7963851	3.841088
7963863	2.927076
7963865	2.89567
7963869	7.087114
7963878	2.385255
7963880	4.567668
7963911	10.75493
7963923	6.182729
7963935	8.228334
7963946	5.257318
7963965	6.657812
7963970	4.837256
7963986	8.452774
7963988	8.638033
7964021	7.037658
7964033	7.0883
7964064	8.918552
7964076	7.68945
7964089	8.182097
7964119	8.307486
7964142	3.609923
7964145	5.863591
7964177	4.3462
7964183	5.123654
7964203	8.085878
7964234	11.93861
7964246	7.454441
7964248	5.7655
7964250	10.01808
7964260	5.83973
7964262	10.79444
7964271	6.883013
7964285	5.481387
7964292	4.564273
7964300	6.193727
7964303	4.45797
7964316	4.877155
7964347	6.813214
7964360	9.374489
7964388	5.537304
7964400	5.50513
7964413	7.618378
7964436	6.072001
7964460	7.1557
7964466	8.532324
7964484	4.3977
7964499	4.836794
7964522	8.618748
7964535	5.15216
7964548	4.519699
7964555	6.763814
7964575	6.280967
7964577	6.483041
7964579	9.930199
7964592	4.485438
7964594	2.483949
7964602	7.952074
7964625	2.073354
7964627	1.955419
7964629	2.560423
7964631	4.362593
7964640	3.197821
7964642	5.862828
7964646	6.614962
7964658	5.498849
7964660	4.321329
7964665	4.404572
7964675	4.792031
7964677	6.589483
7964687	4.568566
7964699	2.450956
7964701	9.919973
7964718	5.106141
7964722	3.965807
7964733	3.002051
7964736	5.175085
7964739	8.019019
7964745	9.875972
7964757	5.669484
7964759	5.816512
7964785	2.846616
7964787	3.665415
7964795	2.326003
7964803	3.609264
7964810	6.260918
7964828	9.533596
7964830	6.156261
7964832	5.854011
7964834	6.325439
7964846	4.260596
7964852	2.767008
7964868	2.295245
7964872	3.308152
7964907	4.527622
7964927	5.741072
7964937	7.873523
7964976	5.579778
7964979	2.114061
7964981	2.325646
7964983	2.82297
7964985	4.134405
7964987	4.360139
7964997	4.502409
7965022	8.056259
7965036	4.676527
7965038	4.772277
7965040	7.02332
7965048	9.764175
7965060	5.551758
7965064	8.080143
7965090	5.890948
7965094	4.578916
7965108	2.832613
7965110	3.373234
7965112	7.876404
7965123	8.203828
7965150	4.974903
7965152	4.919505
7965154	3.768481
7965156	3.874783
7965166	3.724982
7965200	6.547132
7965206	2.971443
7965226	6.35445
7965231	2.764337
7965245	4.946696
7965249	3.315877
7965264	6.065245
7965322	4.832208
7965335	7.646402
7965343	8.309983
7965357	10.18866
7965359	10.60542
7965384	4.107383
7965390	3.13781
7965398	3.147821
7965403	2.339687
7965410	3.106425
7965423	10.84927
7965429	4.19822
7965431	4.211524
7965436	7.922086
7965467	12.24134
7965469	2.808668
7965471	8.289004
7965478	7.354071
7965480	9.029983
7965484	5.309165
7965486	5.164323
7965508	6.224015
7965510	7.275366
7965515	8.520058
7965523	7.028294
7965541	6.440624
7965565	3.825839
7965573	10.21411
7965587	2.847407
7965589	2.744442
7965606	5.440803
7965627	10.0664
7965652	6.493005
7965671	4.242259
7965673	4.999794
7965675	5.552682
7965677	2.557725
7965679	3.76417
7965681	4.204912
7965686	3.720567
7965721	4.249858
7965723	6.905235
7965746	5.913637
7965760	3.140372
7965767	2.487278
7965769	3.321678
7965787	2.209572
7965789	9.389438
7965800	4.693848
7965812	11.1276
7965840	3.574853
7965846	7.056647
7965855	7.920188
7965867	2.251622
7965873	3.63787
7965884	3.162805
7965900	3.683251
7965916	2.131235
7965918	6.07872
7965935	2.866645
7965941	3.243071
7965956	7.590884
7965964	6.920196
7965976	5.375255
7965979	3.107275
7966003	8.075146
7966026	4.168143
7966035	7.668738
7966046	7.244675
7966052	7.010005
7966068	4.888904
7966070	2.306214
7966072	7.312413
7966089	4.486592
7966098	8.509428
7966122	5.678491
7966127	5.875803
7966135	8.623535
7966148	2.412529
7966150	5.946475
7966172	3.528036
7966181	2.30493
7966183	6.057213
7966189	5.43141
7966202	7.621828
7966213	5.842053
7966223	6.016762
7966225	3.418031
7966227	2.469819
7966229	2.971714
7966234	6.520203
7966257	5.342746
7966259	9.2095
7966266	6.426747
7966268	8.072033
7966293	5.656504
7966301	8.431298
7966315	10.62521
7966321	7.797091
7966332	8.19689
7966343	7.928166
7966345	8.583225
7966356	6.209829
7966368	11.00162
7966379	2.96078
7966389	6.43641
7966397	8.850717
7966427	8.172802
7966441	4.891394
7966448	8.037823
7966462	7.773509
7966488	7.19098
7966517	8.089561
7966534	11.98895
7966542	6.578238
7966568	2.535681
7966570	7.571295
7966594	2.487726
7966596	5.074151
7966600	7.846035
7966621	6.094822
7966631	4.636495
7966638	7.54041
7966666	7.206445
7966668	4.932996
7966686	3.292561
7966688	2.601631
7966690	10.09
7966706	8.823162
7966738	7.821762
7966746	7.153147
7966749	5.570314
7966760	8.884579
7966779	4.359752
7966810	5.193784
7966829	8.775856
7966839	7.006489
7966851	8.431292
7966876	4.872686
7966878	4.448246
7966929	7.435466
7966938	8.631602
7966996	10.42463
7967002	7.180235
7967021	5.685723
7967025	6.628536
7967028	4.16404
7967030	5.868695
7967032	5.432745
7967034	4.236006
7967039	5.246619
7967056	6.711602
7967060	9.886631
7967067	5.179222
7967072	7.374083
7967082	2.962954
7967084	7.293872
7967089	4.134214
7967091	9.198471
7967107	5.762706
7967109	6.584867
7967117	5.40451
7967127	7.571604
7967149	8.622086
7967175	6.122337
7967193	5.102077
7967202	5.736139
7967210	6.95375
7967212	4.384255
7967226	3.775347
7967230	6.869778
7967240	7.621177
7967255	7.811307
7967287	7.557701
7967304	8.435951
7967318	8.91405
7967322	9.050971
7967325	4.467836
7967331	8.228938
7967337	4.828743
7967358	5.195186
7967386	5.953401
7967412	9.575713
7967418	3.948904
7967420	8.783964
7967452	5.545774
7967454	4.926979
7967456	7.633148
7967463	5.339216
7967473	9.270267
7967486	6.206811
7967493	6.78511
7967544	6.87625
7967563	13.35844
7967586	5.709578
7967588	6.378992
7967620	11.71969
7967622	4.706777
7967624	8.361778
7967636	6.188161
7967641	4.944901
7967654	2.269911
7967656	3.155011
7967658	4.309197
7967660	4.440566
7967685	3.740524
7967700	4.630522
7967702	4.147985
7967705	5.182267
7967707	4.991037
7967709	6.036819
7967711	6.367384
7967727	4.913332
7967736	6.587303
7967789	6.103676
7967792	4.870128
7967794	7.927258
7967810	8.251839
7967841	7.635703
7967863	5.920424
7967868	2.197032
7967870	4.612034
7967872	4.801935
7967874	4.527996
7967876	2.704817
7967879	6.484298
7967881	8.218816
7967896	3.713321
7967898	5.732312
7967900	9.232357
7967933	5.80003
7967969	6.738954
7967976	9.283423
7967987	7.346512
7967993	2.916368
7968000	3.716187
7968002	2.036956
7968004	4.205743
7968015	5.977005
7968029	4.539994
7968035	7.37508
7968052	2.583966
7968056	4.203899
7968062	7.947318
7968085	2.443139
7968126	6.766073
7968128	7.590837
7968132	7.701669
7968154	4.00789
7968195	2.249201
7968197	2.30757
7968199	8.270717
7968212	5.233917
7968226	10.82712
7968232	4.4851
7968234	6.423104
7968236	6.4416
7968242	7.814519
7968254	7.455874
7968260	6.505929
7968265	5.585974
7968270	7.494376
7968272	7.652333
7968274	9.360413
7968295	4.918322
7968297	8.048919
7968307	5.387532
7968323	4.488732
7968329	3.470178
7968331	9.252678
7968333	7.640947
7968344	7.98582
7968351	3.604518
7968361	2.308638
7968370	4.875119
7968389	2.555266
7968411	6.354088
7968417	7.471696
7968484	3.679805
7968514	3.635884
7968516	7.864909
7968556	5.842976
7968563	7.440891
7968577	8.657425
7968630	3.943304
7968632	4.29484
7968637	4.712972
7968650	5.701118
7968653	6.546772
7968658	7.034546
7968670	8.483759
7968678	4.104654
7968703	8.572858
7968711	8.800063
7968732	2.073694
7968734	4.860159
7968746	6.213411
7968759	5.026883
7968761	6.923138
7968787	8.187288
7968789	6.393286
7968796	3.905573
7968798	4.956738
7968800	7.242645
7968835	7.842695
7968851	4.079313
7968866	3.077942
7968872	7.183033
7968883	6.133516
7968890	6.64724
7968892	4.721872
7968898	7.665401
7968915	5.963953
7968926	4.856396
7968928	6.383676
7968931	8.626821
7968957	3.917022
7968962	3.000779
7968970	2.92204
7968972	7.619304
7968976	6.660834
7968999	6.557117
7969003	11.11075
7969017	7.356273
7969048	7.988963
7969050	3.398881
7969058	5.842195
7969060	8.879231
7969091	5.199325
7969093	5.206322
7969096	6.370414
7969114	6.76581
7969129	7.45299
7969143	5.834871
7969145	4.446968
7969151	2.97643
7969153	8.38907
7969166	6.963943
7969171	5.970459
7969177	7.089788
7969179	7.217175
7969192	3.969754
7969202	4.258955
7969204	7.378701
7969222	4.739915
7969228	8.604179
7969241	6.028161
7969243	5.644471
7969256	4.849785
7969263	5.729531
7969271	8.417599
7969286	4.697316
7969288	13.79376
7969298	4.288712
7969300	4.83817
7969306	4.83817
7969312	4.83817
7969318	4.83817
7969324	4.83817
7969330	4.791375
7969339	2.712257
7969341	6.684308
7969358	3.757153
7969360	2.542359
7969364	3.397712
7969366	2.40924
7969368	6.112043
7969370	5.452506
7969372	5.097722
7969374	5.897411
7969390	7.286302
7969414	10.50655
7969424	2.511473
7969426	2.771285
7969428	8.922717
7969438	8.446821
7969472	5.587727
7969477	4.961398
7969479	4.421436
7969482	3.440624
7969488	7.389977
7969493	6.828153
7969531	3.054173
7969533	6.8255
7969544	8.289943
7969559	10.23061
7969563	2.047424
7969565	2.517844
7969567	2.166342
7969569	4.971561
7969574	12.55212
7969576	4.854126
7969596	3.868534
7969609	3.582089
7969611	3.331573
7969613	3.569599
7969626	7.454184
7969638	3.240463
7969640	5.744631
7969651	8.89692
7969665	6.388842
7969671	6.423556
7969675	2.74561
7969677	9.158545
7969693	7.165695
7969701	2.787356
7969703	8.794436
7969736	9.061876
7969770	2.441761
7969772	7.024453
7969774	2.768241
7969776	8.025788
7969792	13.37077
7969794	6.062902
7969796	11.92893
7969815	6.101648
7969828	4.37173
7969830	6.117356
7969835	7.607048
7969861	5.385106
7969879	3.015903
7969881	8.743165
7969914	2.38471
7969916	7.289286
7969933	7.14529
7969935	9.181959
7969955	4.490641
7969959	2.796229
7969975	5.097357
7969977	4.247779
7969979	8.306396
7969986	5.024515
7969995	4.525031
7970031	4.556475
7970033	5.797879
7970082	4.908121
7970084	8.25449
7970096	6.839517
7970111	7.870943
7970139	5.235204
7970146	5.565898
7970150	2.291574
7970158	3.404673
7970162	6.6858
7970194	7.262661
7970232	5.989295
7970241	5.596185
7970251	4.428461
7970262	8.486428
7970287	9.938969
7970301	8.570764
7970317	8.903311
7970325	5.075089
7970329	6.249841
7970347	8.733801
7970370	8.173885
7970376	6.855587
7970381	4.767197
7970388	4.925323
7970390	2.854927
7970392	7.450729
7970395	6.114555
7970404	4.366748
7970413	8.878061
7970428	6.444285
7970439	6.006069
7970441	6.265912
7970448	4.955243
7970455	7.558196
7970467	6.367273
7970473	7.241907
7970498	6.489842
7970507	4.828582
7970509	3.205427
7970511	3.189757
7970513	3.119791
7970524	8.495091
7970542	4.775457
7970546	7.674796
7970563	2.95412
7970565	8.786112
7970567	3.029098
7970569	4.31341
7970577	6.439749
7970595	3.32167
7970597	5.512362
7970602	9.629955
7970622	2.076027
7970624	5.768228
7970648	5.632684
7970655	7.897817
7970672	3.837301
7970676	5.310418
7970681	6.894646
7970691	5.192636
7970696	7.347949
7970702	2.356009
7970704	7.807279
7970716	8.094141
7970727	5.993124
7970732	4.610332
7970735	6.091276
7970737	3.725872
7970763	3.81978
7970793	5.709453
7970804	4.356369
7970806	4.373449
7970810	7.686928
7970828	5.134862
7970831	8.518867
7970840	4.172008
7970842	9.297328
7970844	4.085272
7970858	8.669978
7970864	8.92687
7970887	2.643962
7970892	5.882727
7970905	4.052217
7970907	9.465334
7970922	2.400688
7970924	5.616974
7970947	2.081239
7970949	4.668471
7970954	3.524863
7970973	5.791756
7970975	5.025423
7970989	6.295757
7970999	8.256896
7971013	5.296114
7971015	4.886611
7971027	7.207762
7971039	7.552979
7971071	5.774537
7971075	2.964683
7971077	3.143899
7971104	3.377288
7971122	3.934283
7971126	3.793867
7971134	7.57843
7971150	5.275944
7971159	3.671309
7971161	2.493929
7971163	8.892594
7971165	5.168457
7971167	3.574103
7971177	7.648016
7971184	7.387127
7971191	5.857604
7971197	10.51513
7971208	7.002227
7971216	4.29683
7971218	7.59019
7971222	6.167681
7971239	4.225147
7971241	8.188936
7971243	5.285315
7971246	7.661674
7971294	4.449987
7971296	5.704001
7971311	4.400736
7971335	5.343014
7971345	4.500757
7971350	9.007183
7971359	2.864449
7971361	7.551045
7971367	2.369946
7971369	4.22188
7971373	7.413793
7971375	10.64022
7971386	6.157832
7971388	6.365567
7971400	2.952136
7971415	2.428791
7971417	2.643895
7971419	4.677339
7971422	8.25102
7971444	2.965501
7971461	9.602507
7971482	6.208559
7971484	2.149952
7971486	5.469356
7971513	7.548586
7971526	2.667737
7971535	4.021932
7971537	4.132463
7971539	4.876144
7971541	9.236607
7971550	7.852755
7971561	3.618774
7971563	9.139391
7971565	7.027274
7971573	6.111254
7971590	9.84837
7971602	8.302656
7971615	8.517195
7971620	7.278026
7971642	3.78448
7971644	7.500917
7971653	4.646922
7971659	3.290005
7971661	4.875577
7971663	6.107568
7971669	3.701574
7971671	5.451052
7971690	4.356868
7971692	7.042058
7971711	4.300788
7971713	6.810529
7971723	5.429118
7971727	3.058967
7971731	7.864137
7971757	4.259389
7971780	6.937471
7971800	5.592579
7971813	5.360604
7971820	9.229685
7971838	3.438086
7971850	5.406927
7971858	9.868374
7971860	4.674922
7971862	5.221461
7971864	5.493724
7971866	2.881545
7971901	2.072661
7971905	5.649263
7971911	3.772587
7971913	3.2903
7971915	5.686502
7971920	11.48218
7971922	2.908966
7971931	2.524376
7971933	2.766077
7971935	1.995021
7971937	4.124205
7971950	5.810241
7971965	4.951731
7971967	8.288457
7971996	4.231496
7971998	7.078855
7972001	3.800833
7972003	4.71866
7972016	2.169623
7972018	2.643687
7972021	6.196326
7972044	7.238985
7972053	2.636138
7972055	6.810768
7972062	9.779508
7972069	8.592301
7972157	3.362625
7972173	4.285721
7972175	2.803094
7972177	4.651405
7972180	7.199558
7972190	8.174087
7972215	6.496813
7972217	4.436322
7972223	2.381664
7972225	2.844162
7972229	2.361768
7972231	3.988778
7972237	3.031085
7972239	8.682121
7972247	4.792347
7972251	3.707615
7972253	4.633651
7972255	2.433931
7972257	4.01227
7972259	3.979525
7972269	6.332205
7972287	2.531168
7972289	2.724273
7972291	5.351809
7972297	8.683741
7972334	2.869177
7972336	4.196702
7972365	2.264168
7972367	1.924733
7972369	6.684284
7972416	3.983544
7972418	1.924849
7972420	3.022849
7972426	4.818508
7972428	3.749624
7972438	5.721316
7972442	5.553311
7972444	8.598442
7972461	6.387154
7972487	8.129177
7972546	4.21774
7972548	4.305488
7972557	4.858372
7972561	4.254072
7972563	2.073354
7972565	2.536626
7972567	5.630475
7972570	6.139194
7972577	7.34227
7972579	7.616403
7972601	3.761599
7972650	3.307776
7972661	3.694243
7972663	5.54977
7972665	2.493595
7972670	3.198726
7972672	3.061421
7972674	4.317822
7972682	4.705813
7972692	4.915033
7972699	3.645285
7972709	2.571354
7972711	6.340146
7972713	8.115075
7972723	9.82497
7972733	4.285477
7972735	2.40144
7972737	6.540455
7972743	3.994184
7972745	6.107401
7972750	4.63238
7972803	2.148738
7972805	6.434807
7972808	5.635257
7972810	7.775551
7972826	3.937646
7972828	8.407443
7972840	7.495118
7972867	7.474806
7972888	7.169179
7972890	8.782256
7972899	5.659857
7972902	5.017312
7972912	6.991439
7972921	5.691489
7972923	4.755647
7972932	3.608102
7972936	4.806575
7972946	6.004776
7972973	6.482957
7972977	6.100742
7972979	2.013519
7972981	3.639488
7972983	4.315464
7973002	4.790347
7973004	2.621683
7973006	3.634007
7973008	3.445725
7973010	4.746659
7973012	3.391879
7973014	2.541061
7973016	2.846333
7973018	2.819104
7973020	4.047833
7973022	3.376173
7973024	3.287211
7973026	4.2585
7973028	2.572833
7973030	3.657054
7973032	3.682453
7973034	2.59336
7973036	7.43924
7973054	9.280614
7973056	9.69608
7973067	6.784461
7973078	3.167925
7973080	4.985474
7973082	2.367589
7973084	8.127056
7973093	2.970479
7973098	3.146878
7973101	6.85047
7973105	5.47248
7973108	4.686768
7973110	4.40762
7973114	4.313345
7973116	7.717697
7973135	5.071907
7973142	4.142786
7973149	5.003544
7973156	4.71628
7973158	6.4084
7973182	3.248929
7973185	3.228137
7973214	8.308889
7973221	4.605453
7973296	4.085605
7973298	3.907106
7973303	4.203588
7973306	7.276148
7973314	9.709929
7973327	5.752685
7973336	7.06768
7973350	2.180487
7973352	8.652593
7973363	5.061428
7973369	2.748899
7973371	7.812848
7973377	7.271888
7973384	9.582168
7973393	5.080219
7973403	4.419972
7973414	6.978063
7973427	6.1371
7973433	9.478788
7973444	4.323308
7973446	3.542904
7973448	8.175284
7973458	8.224282
7973468	4.869201
7973510	4.297689
7973530	6.895326
7973545	8.535292
7973564	9.105121
7973580	5.652488
7973584	7.389554
7973611	5.73979
7973613	5.291812
7973618	7.984347
7973629	5.805397
7973652	4.711358
7973660	8.54903
7973679	7.372322
7973694	5.331604
7973702	5.141174
7973709	5.933835
7973724	8.076208
7973727	7.225144
7973732	7.865547
7973743	3.544962
7973745	5.53229
7973752	3.168076
7973754	2.266861
7973756	6.664408
7973770	7.438735
7973797	4.159216
7973813	5.516007
7973820	2.067397
7973826	7.536794
7973838	2.112326
7973840	8.782639
7973850	4.348001
7973867	9.471163
7973869	3.391634
7973871	13.05789
7973873	3.760683
7973875	3.691021
7973894	4.332016
7973896	9.99608
7973898	6.037393
7973900	3.568536
7973902	9.021777
7973918	7.715291
7973924	7.481298
7973936	9.706242
7973943	4.798571
7973946	3.283549
7973948	4.958534
7973962	3.731232
7973966	5.297561
7973968	3.133248
7973970	4.290883
7973972	4.688964
7973974	7.909906
7973983	3.362885
7973985	6.136527
7974008	6.716908
7974027	5.183767
7974029	5.872629
7974047	4.532828
7974052	2.766578
7974054	4.841997
7974066	9.85975
7974080	3.360978
7974090	7.405448
7974109	3.415968
7974117	6.736038
7974125	7.588438
7974146	7.766497
7974164	5.741412
7974166	5.428768
7974190	8.804397
7974192	2.478791
7974194	4.915645
7974198	5.415071
7974207	6.971128
7974212	4.327199
7974214	7.140114
7974229	10.54993
7974245	2.769929
7974247	2.338298
7974249	9.338166
7974253	5.657371
7974255	7.893595
7974257	6.966488
7974270	7.324636
7974288	5.280635
7974303	9.594149
7974314	5.684026
7974316	6.643618
7974337	3.485149
7974339	5.499543
7974341	5.153217
7974352	8.313424
7974363	4.493179
7974366	5.83926
7974372	4.420868
7974380	7.694807
7974387	8.05755
7974402	3.534811
7974404	2.468818
7974418	5.377881
7974425	4.905128
7974445	3.005387
7974447	6.277726
7974455	8.897472
7974461	9.80732
7974471	5.605189
7974473	9.291807
7974479	7.220015
7974481	9.323339
7974483	8.948161
7974531	5.12232
7974533	7.731383
7974542	7.916938
7974562	2.991899
7974564	2.768941
7974566	7.795457
7974576	8.433278
7974585	4.289223
7974587	8.57406
7974603	7.909292
7974617	4.44544
7974619	4.372685
7974621	7.310752
7974647	3.989161
7974653	6.682125
7974687	2.419727
7974689	4.336707
7974695	3.81138
7974697	7.276642
7974725	8.676986
7974737	2.531498
7974771	7.300488
7974781	7.281625
7974793	6.097794
7974799	7.026211
7974811	3.228848
7974814	3.484343
7974816	7.349095
7974835	8.991685
7974851	9.256927
7974870	6.84823
7974882	4.784112
7974895	2.609444
7974900	4.52736
7974902	3.85971
7974912	2.390918
7974914	5.50746
7974916	4.204885
7974920	8.631932
7975045	7.640551
7975066	3.924623
7975068	7.820115
7975076	6.553398
7975081	5.745368
7975095	6.008958
7975113	7.589642
7975121	7.354763
7975136	7.985948
7975154	2.872046
7975167	6.940979
7975191	3.682764
7975203	8.239658
7975222	2.350149
7975224	8.22239
7975238	6.973609
7975268	6.058716
7975282	2.371249
7975284	4.841529
7975292	7.663468
7975309	4.142725
7975311	7.848817
7975324	4.693734
7975344	9.04104
7975354	4.667803
7975361	8.121425
7975368	11.73976
7975386	4.484867
7975390	5.464387
7975406	3.222362
7975408	2.461649
7975410	5.329249
7975412	7.493006
7975416	8.370032
7975453	4.151095
7975455	5.759069
7975457	6.866058
7975459	7.378167
7975482	4.402032
7975506	6.830427
7975521	9.106381
7975545	9.449151
7975562	5.254457
7975595	6.901132
7975598	6.856807
7975602	7.564824
7975607	6.022631
7975613	3.87482
7975616	4.237661
7975626	4.593892
7975630	2.365307
7975632	7.472369
7975645	7.957608
7975661	8.04907
7975676	6.127017
7975687	6.664083
7975694	4.198864
7975696	5.402808
7975702	4.664824
7975705	7.541374
7975713	7.651769
7975725	8.355726
7975747	8.121923
7975760	7.704819
7975770	3.142375
7975772	5.481245
7975779	8.623487
7975787	7.57602
7975793	6.447311
7975799	5.92832
7975813	3.503377
7975815	7.61769
7975851	5.22146
7975863	7.428146
7975876	4.186882
7975889	5.948605
7975901	3.941012
7975924	5.262922
7975926	7.793616
7975932	4.016389
7975956	6.582186
7975971	4.459486
7975976	8.5671
7975987	5.180488
7975989	10.22006
7975995	4.714751
7976000	5.772976
7976012	6.638281
7976037	3.241665
7976053	3.527244
7976055	3.698863
7976057	2.811031
7976059	2.508863
7976061	2.998485
7976063	2.233011
7976065	3.431489
7976067	2.098171
7976069	5.292102
7976073	3.259904
7976080	5.318552
7976084	4.843394
7976101	8.30828
7976126	2.564995
7976128	6.834086
7976146	2.973142
7976148	3.763193
7976152	2.31732
7976154	4.929494
7976156	3.092078
7976158	7.390357
7976160	7.385763
7976182	5.273049
7976187	2.353754
7976189	8.93325
7976200	9.126204
7976216	7.575201
7976239	6.160423
7976241	4.931719
7976243	9.118937
7976261	1.762286
7976263	4.450126
7976292	6.503701
7976307	8.029538
7976322	5.083119
7976333	8.81669
7976336	6.738294
7976350	3.366914
7976402	3.541252
7976407	5.357805
7976412	3.298988
7976425	6.36026
7976436	6.381792
7976443	6.668852
7976451	3.547085
7976481	4.612508
7976488	3.944053
7976496	4.882863
7976506	4.418433
7976512	4.958672
7976515	9.090658
7976523	4.168546
7976544	3.723364
7976552	1.96703
7976554	2.844385
7976556	4.475594
7976560	6.286937
7976567	6.010689
7976571	7.276125
7976578	4.206748
7976598	9.791813
7976621	6.769508
7976635	4.305122
7976642	5.404624
7976646	2.999283
7976648	7.935582
7976667	5.190958
7976669	4.857574
7976681	5.168457
7976698	5.064446
7976724	5.646729
7976726	6.013795
7976744	8.479446
7976755	5.434006
7976766	6.338487
7976778	4.359117
7976783	5.685042
7976795	5.129771
7976804	4.449452
7976806	2.439639
7976808	5.308934
7976810	2.622785
7976812	2.362709
7976814	2.589717
7976816	2.618023
7976818	2.3227
7976826	2.670293
7976828	4.760863
7976830	3.012885
7976832	2.335252
7976834	4.595147
7976836	2.428467
7976838	2.102438
7976840	2.542269
7976842	2.680086
7976844	6.542388
7976846	2.945604
7976848	5.612582
7976850	2.502968
7976852	2.302873
7976854	4.076281
7976856	2.45956
7976858	4.258584
7976863	7.786861
7976874	3.039803
7976876	9.422934
7976957	6.741974
7976967	6.81074
7976976	6.212956
7977003	7.577693
7977016	4.413137
7977018	6.503363
7977033	6.910707
7977046	9.905837
7977058	9.981589
7977075	5.710994
7977077	9.034857
7977103	7.611683
7977105	6.082941
7977117	2.252206
7977119	6.639579
7977125	2.862638
7977127	8.429925
7977149	8.317173
7977161	3.411941
7977201	4.056872
7977203	6.07402
7977214	4.186524
7977216	5.542361
7977234	6.157051
7977241	6.165747
7977249	6.56535
7977270	6.678988
7977273	6.173633
7977288	6.636932
7977294	6.70434
7977296	4.571233
7977299	6.844511
7977319	6.160299
7977331	5.47656
7977340	7.092447
7977344	7.204909
7977371	6.752809
7977373	6.928272
7977397	8.064756
7977409	6.058899
7977418	6.126856
7977432	5.939952
7977435	5.075505
7977438	4.546508
7977440	6.101428
7977445	3.85862
7977447	3.215373
7977450	3.166615
7977452	5.759738
7977454	8.927126
7977456	3.874642
7977472	3.850998
7977474	4.13261
7977476	3.801904
7977478	3.019428
7977480	2.397161
7977482	5.885637
7977497	6.217289
7977507	10.2162
7977511	6.823978
7977567	5.271636
7977571	7.499916
7977584	7.606629
7977592	2.738543
7977596	3.110538
7977598	2.811536
7977606	2.948875
7977609	4.006361
7977611	3.618774
7977613	3.619503
7977615	7.367979
7977621	10.40891
7977642	3.811562
7977646	5.933725
7977653	5.47139
7977655	4.501725
7977657	10.55737
7977674	9.107055
7977693	7.67006
7977732	8.12212
7977734	5.830563
7977736	7.221653
7977749	8.498358
7977761	4.262384
7977767	4.189906
7977771	4.68029
7977773	4.728528
7977775	11.83266
7977780	5.252892
7977782	4.835944
7977784	3.711432
7977786	6.332723
7977801	3.298003
7977803	8.843329
7977820	8.558642
7977841	8.262297
7977854	5.711329
7977868	6.557679
7977879	8.073382
7977888	5.318525
7977906	8.021879
7977928	5.638458
7977933	9.911629
7977951	4.794607
7977953	2.158069
7977955	6.792075
7977965	7.281368
7977978	6.5303
7977987	4.270469
7978019	2.348954
7978021	4.347424
7978054	5.329361
7978056	4.802577
7978059	5.166981
7978064	6.17705
7978066	8.92985
7978093	5.863192
7978103	3.847813
7978107	5.388194
7978114	6.062868
7978123	7.938313
7978132	6.845818
7978166	9.891206
7978174	7.72389
7978187	5.66448
7978192	6.147622
7978201	9.269548
7978208	8.143746
7978222	6.873814
7978239	7.038084
7978260	8.535027
7978272	5.704258
7978285	5.014054
7978312	6.96402
7978329	2.2201
7978331	5.358929
7978335	7.068354
7978343	4.127206
7978351	4.692946
7978360	4.820087
7978366	6.244286
7978376	6.559013
7978389	6.580906
7978391	3.507437
7978401	3.225505
7978403	1.895074
7978405	2.35251
7978407	5.160412
7978428	8.202353
7978449	9.143045
7978492	8.221007
7978527	7.464612
7978534	3.534811
7978536	2.378921
7978538	6.46207
7978542	8.116759
7978544	7.979683
7978553	7.499074
7978558	8.701862
7978568	9.99608
7978570	9.168591
7978586	6.942096
7978595	7.824092
7978626	2.207894
7978628	6.270704
7978644	10.01205
7978653	8.120105
7978662	5.396761
7978664	4.614213
7978666	7.563938
7978676	4.079548
7978686	5.393482
7978690	4.217788
7978692	3.466898
7978704	2.919167
7978706	8.80119
7978710	4.542729
7978712	4.569077
7978718	7.861385
7978739	8.137807
7978748	6.572169
7978754	11.43928
7978756	3.671425
7978760	8.038828
7978766	7.374193
7978776	6.374527
7978793	2.222598
7978795	5.802161
7978801	4.152007
7978822	2.513326
7978824	6.854186
7978831	6.146126
7978833	10.02185
7978838	7.178211
7978846	3.598654
7978866	8.062034
7978905	14.12718
7978911	4.34801
7978917	4.997397
7978923	6.671636
7978932	9.036819
7978956	6.238164
7978970	4.409449
7978997	8.371597
7979031	5.011288
7979033	8.126299
7979042	4.684256
7979044	6.991183
7979085	8.974824
7979108	4.348351
7979125	2.798934
7979127	8.232595
7979129	2.66499
7979133	4.324493
7979158	7.656166
7979179	9.125616
7979196	7.958104
7979204	4.655035
7979223	6.762484
7979241	5.275595
7979250	8.086197
7979260	7.846043
7979269	6.047359
7979281	5.018797
7979307	3.069379
7979328	8.482219
7979341	2.922153
7979351	5.256875
7979355	5.51355
7979357	5.159309
7979365	4.200078
7979367	7.653867
7979378	3.497578
7979387	3.906514
7979398	3.271307
7979400	3.744346
7979412	7.818157
7979414	3.038599
7979416	5.613431
7979426	5.794699
7979437	5.776398
7979444	2.354461
7979455	5.386347
7979473	8.52006
7979483	2.777113
7979505	7.062735
7979510	7.662262
7979516	6.926316
7979524	9.154383
7979529	3.242821
7979548	5.311757
7979551	8.159151
7979565	7.591784
7979572	4.408756
7979574	7.468953
7979583	3.937318
7979611	6.862534
7979615	4.9399
7979658	9.597516
7979663	8.794001
7979671	7.376313
7979691	3.366367
7979694	8.594133
7979696	2.143905
7979698	8.217327
7979710	7.530277
7979721	5.680305
7979725	5.216117
7979730	1.84539
7979732	7.612947
7979741	5.785031
7979743	8.395988
7979755	3.455326
7979757	7.3595
7979800	2.557753
7979802	2.608221
7979804	8.314058
7979806	3.887371
7979808	5.498677
7979811	3.138206
7979813	10.30303
7979820	6.760407
7979824	10.00292
7979849	8.894604
7979862	7.314896
7979864	9.476503
7979870	4.51698
7979876	6.29664
7979878	5.039037
7979886	8.09897
7979888	3.31036
7979902	3.709831
7979904	3.708581
7979906	9.141655
7979916	7.424256
7979925	4.518222
7979927	5.337794
7979931	8.332456
7979943	6.71227
7979957	4.232313
7979959	2.958725
7979961	2.608783
7979963	4.650541
7979980	5.779483
7979982	4.999581
7979984	7.718113
7979999	3.662272
7980001	3.841521
7980003	5.45379
7980005	8.591348
7980024	4.27078
7980044	7.59079
7980051	6.56784
7980069	7.502152
7980080	11.09756
7980096	4.08196
7980098	8.565688
7980113	4.253582
7980115	7.204101
7980140	5.565272
7980142	4.629858
7980146	10.40036
7980152	5.389245
7980189	8.150521
7980213	3.595403
7980219	5.499367
7980233	5.337723
7980246	6.861328
7980265	5.702331
7980271	8.941551
7980296	10.65388
7980304	3.510188
7980306	3.939262
7980309	10.0474
7980316	4.181944
7980327	6.957381
7980338	7.403682
7980344	4.384654
7980350	3.142982
7980352	5.429809
7980358	6.068121
7980381	6.699172
7980390	5.548802
7980401	3.133071
7980403	7.036788
7980425	6.019976
7980438	9.023516
7980452	4.98035
7980454	6.456941
7980463	8.588513
7980477	5.19175
7980481	3.033946
7980485	4.163934
7980496	6.392329
7980523	8.366838
7980535	10.06968
7980537	4.920664
7980547	8.83667
7980574	2.54654
7980576	2.073228
7980578	2.084256
7980580	8.239556
7980603	2.327114
7980605	4.282583
7980616	6.887825
7980636	6.253579
7980680	8.738251
7980688	2.094853
7980690	6.502029
7980700	5.812299
7980702	7.070118
7980718	3.017466
7980720	5.835344
7980742	5.184628
7980744	6.821619
7980765	5.589665
7980773	6.446326
7980828	8.360337
7980833	8.271027
7980859	6.215282
7980861	5.854135
7980889	5.761048
7980891	11.03902
7980906	6.578445
7980908	5.790845
7980923	8.405007
7980940	8.751764
7980955	7.331622
7980958	10.75586
7980970	6.943798
7980983	7.89892
7980990	6.756574
7980998	7.330214
7981011	3.462861
7981013	5.164646
7981020	4.325202
7981032	8.633925
7981046	6.556925
7981051	4.799052
7981059	4.208749
7981065	4.045768
7981068	7.489178
7981078	5.67297
7981084	4.070476
7981098	4.34442
7981106	5.475697
7981111	9.292711
7981142	8.097839
7981157	4.944566
7981161	4.949927
7981181	6.673172
7981183	3.627228
7981190	2.893304
7981192	7.990707
7981215	5.137678
7981217	7.01822
7981233	4.813894
7981235	3.909713
7981237	2.620362
7981240	4.472799
7981242	5.120952
7981249	8.201717
7981266	6.625474
7981273	6.075508
7981278	8.776533
7981283	8.164463
7981288	3.363371
7981290	8.007304
7981309	4.869797
7981317	6.402824
7981320	4.816185
7981322	3.521327
7981324	2.410341
7981326	6.414829
7981333	6.115223
7981335	12.01039
7981346	5.569489
7981364	6.424388
7981373	3.965956
7981375	1.880407
7981377	6.573154
7981383	7.042315
7981385	3.517267
7981387	8.580591
7981425	5.511807
7981427	6.904266
7981439	7.704684
7981447	5.935064
7981460	7.78894
7981481	7.541044
7981488	6.774879
7981490	5.511679
7981494	9.327638
7981512	6.83616
7981514	4.548191
7981523	4.95199
7981525	6.751003
7981530	5.051328
7981538	5.896235
7981566	5.878309
7981573	6.517162
7981601	4.774684
7981708	4.045418
7981714	6.06803
7981718	4.660802
7981720	6.059253
7981722	7.906187
7981724	5.959272
7981726	3.053404
7981728	5.389461
7981730	6.869535
7981732	4.861906
7981737	7.165002
7981740	5.962085
7981742	5.729438
7981745	3.917051
7981748	2.234362
7981750	4.94401
7981752	6.058402
7981771	5.479614
7981773	4.382082
7981775	4.936138
7981777	4.91755
7981781	3.826646
7981783	2.646958
7981785	2.44349
7981787	4.60494
7981798	6.474719
7981824	9.116434
7981859	6.133899
7981872	7.000657
7981874	6.15399
7981893	5.479614
7981895	6.631931
7981909	5.721106
7981911	5.689528
7981917	5.583633
7981919	8.126735
7981943	6.885315
7981945	5.022132
7981947	5.288638
7981949	5.94591
7981951	6.135742
7981953	8.63285
7981955	6.253792
7981958	7.043304
7981960	4.807201
7981962	7.043304
7981964	8.321532
7981966	8.63285
7981968	2.413302
7981970	4.294787
7981972	3.130677
7981974	3.058955
7981976	7.985723
7981978	9.581839
7981980	2.874438
7981982	9.419454
7981984	2.396061
7981986	9.419454
7981988	7.816761
7981990	6.058846
7981992	3.895152
7981994	3.764586
7981996	7.305568
7981998	4.630667
7982000	4.270915
7982002	3.435325
7982004	4.843657
7982006	4.756732
7982008	2.686763
7982010	2.000309
7982012	1.982015
7982014	2.008469
7982016	3.025867
7982018	2.709911
7982020	2.488882
7982022	2.070031
7982024	3.025867
7982026	2.027817
7982028	3.09652
7982030	3.025867
7982032	2.686763
7982034	2.173564
7982036	2.20509
7982038	2.686763
7982040	2.455563
7982042	2.455563
7982044	2.455563
7982046	2.989852
7982048	1.888306
7982050	3.049958
7982052	2.17695
7982054	3.024584
7982056	1.982404
7982058	3.061292
7982060	2.061455
7982062	2.150448
7982064	3.09652
7982066	2.319842
7982068	2.111783
7982070	2.908283
7982072	2.371673
7982074	2.267578
7982076	1.955419
7982078	3.09652
7982080	2.12662
7982082	2.230174
7982084	3.181672
7982086	1.875734
7982088	2.070306
7982090	2.760164
7982092	3.09652
7982094	3.077779
7982096	2.135424
7982098	5.288638
7982100	3.791191
7982102	4.612484
7982117	3.310637
7982127	4.665023
7982129	12.24134
7982131	5.956182
7982152	5.080801
7982154	9.455106
7982185	8.461322
7982187	4.968525
7982204	11.02091
7982206	6.850267
7982228	8.414206
7982230	5.804966
7982248	5.654447
7982250	8.414206
7982252	4.122332
7982254	4.508842
7982256	7.553477
7982267	8.232885
7982269	5.833057
7982271	5.174283
7982282	9.446778
7982284	8.893162
7982287	4.249853
7982290	5.501384
7982292	2.351231
7982294	4.892419
7982299	5.777912
7982307	9.446778
7982309	7.914995
7982326	7.59008
7982333	4.426659
7982335	4.357369
7982337	3.2718
7982339	5.222651
7982341	7.805799
7982348	5.725621
7982350	7.817995
7982356	9.256178
7982358	4.78194
7982366	3.773822
7982375	3.060844
7982377	4.66904
7982388	2.327185
7982390	2.172249
7982392	3.94925
7982495	3.041667
7982497	4.499918
7982504	6.699766
7982507	9.944749
7982514	4.831064
7982516	4.56353
7982527	3.171307
7982529	7.138934
7982531	9.889751
7982533	3.254166
7982535	8.034378
7982550	3.655779
7982552	2.623678
7982564	6.496024
7982574	6.021565
7982587	5.369997
7982591	1.910542
7982593	2.915358
7982597	6.170004
7982620	8.043797
7982661	3.838075
7982663	4.000216
7982688	5.669118
7982703	5.303733
7982712	6.765384
7982723	8.693923
7982738	6.348088
7982745	6.148211
7982753	6.527779
7982757	3.69949
7982792	3.417363
7982805	6.078201
7982810	6.480126
7982812	6.905395
7982829	9.57669
7982845	7.413159
7982854	4.842896
7982868	5.834996
7982876	4.801785
7982878	10.84763
7982889	3.777138
7982904	8.129933
7982927	4.589259
7982938	6.113739
7982955	3.465729
7982957	7.367908
7982985	6.691756
7983021	8.190769
7983051	5.144132
7983054	6.656289
7983111	9.254223
7983123	6.03787
7983132	4.732085
7983143	4.046434
7983145	4.340668
7983157	8.905939
7983173	8.315178
7983189	2.036248
7983191	5.707652
7983206	7.223287
7983228	4.912206
7983239	9.7356
7983254	2.730381
7983256	9.7356
7983272	2.730381
7983274	11.92368
7983290	7.54687
7983298	7.619253
7983306	5.234803
7983321	9.29925
7983335	8.327184
7983350	7.76385
7983360	12.02574
7983365	4.601282
7983377	2.162268
7983379	3.380681
7983381	2.125541
7983391	2.264446
7983393	11.16183
7983405	6.243804
7983413	6.441791
7983447	4.119697
7983469	5.667884
7983478	7.018215
7983490	4.918743
7983500	3.18665
7983502	7.985457
7983512	8.05448
7983523	2.564458
7983527	4.581384
7983553	3.413987
7983564	3.966446
7983594	6.440209
7983606	9.659266
7983614	3.024916
7983616	7.504881
7983630	3.525393
7983638	4.982802
7983648	5.403737
7983650	7.261601
7983661	2.325046
7983663	7.526448
7983677	4.605928
7983679	6.791553
7983704	7.406949
7983718	2.695458
7983734	4.817774
7983744	9.540047
7983761	6.132723
7983763	7.677875
7983771	4.068896
7983773	4.792357
7983775	2.186
7983777	2.848621
7983779	3.672709
7983811	7.444669
7983826	4.344109
7983828	5.83419
7983841	2.356714
7983843	8.769291
7983867	7.515327
7983890	7.19618
7983910	8.458873
7983922	3.389397
7983924	2.423066
7983926	2.399858
7983928	3.065774
7983938	5.801186
7983940	8.033244
7983951	4.640066
7983953	7.745852
7983969	3.727688
7983979	5.616757
7983985	3.646705
7983987	4.538817
7983989	2.295655
7983991	4.843527
7984001	7.982054
7984008	2.953951
7984011	4.937398
7984014	4.301803
7984016	5.584486
7984019	5.246357
7984077	2.086215
7984079	7.698187
7984103	6.828153
7984112	8.085229
7984124	8.15591
7984132	8.797045
7984152	4.609063
7984155	8.388021
7984174	5.703146
7984188	4.046459
7984190	7.969983
7984203	7.32177
7984213	5.727473
7984215	3.714614
7984217	7.435041
7984227	6.615789
7984245	4.735426
7984253	5.31047
7984255	2.20457
7984257	4.912652
7984259	4.360917
7984261	2.954399
7984263	10.22175
7984276	6.553627
7984289	11.01439
7984298	7.207581
7984317	3.091823
7984319	8.173478
7984330	5.941342
7984353	6.211077
7984364	8.533927
7984380	4.593544
7984405	5.461581
7984408	6.992221
7984436	6.141014
7984453	9.018854
7984470	8.540196
7984475	4.788622
7984488	4.140226
7984511	3.809813
7984517	8.103084
7984524	4.484926
7984538	5.147501
7984540	4.297001
7984562	11.65044
7984567	2.695789
7984569	7.272791
7984588	7.474076
7984606	5.399129
7984620	7.565136
7984624	3.235665
7984626	6.055393
7984631	6.552628
7984635	2.838701
7984641	8.906604
7984660	7.100427
7984662	4.988938
7984684	5.137913
7984686	6.887284
7984704	8.62348
7984736	3.031262
7984743	7.20884
7984759	4.983214
7984771	6.265924
7984779	6.111753
7984799	5.738055
7984802	4.667539
7984813	4.145512
7984819	5.344652
7984843	5.955053
7984846	6.479941
7984862	6.28245
7984871	7.124492
7984892	5.342175
7984908	5.061953
7984914	4.258954
7984922	7.504153
7984932	5.41263
7984943	6.186902
7984952	6.846363
7984961	5.12345
7984983	5.137913
7984985	6.412744
7984987	5.137913
7984989	6.764806
7985001	6.594067
7985016	7.468666
7985023	5.433382
7985025	4.335222
7985030	6.946916
7985032	3.17769
7985034	7.109464
7985037	3.338186
7985039	5.610631
7985044	8.394304
7985053	7.848413
7985066	5.380375
7985080	6.460104
7985087	1.992309
7985089	9.096318
7985099	5.40681
7985117	5.330923
7985119	7.340224
7985130	4.017863
7985134	9.505393
7985147	9.453344
7985159	4.462262
7985166	8.967446
7985192	5.554897
7985200	4.090078
7985202	9.986962
7985213	3.603329
7985221	8.068235
7985224	7.404164
7985226	9.224767
7985233	5.164683
7985236	4.149977
7985238	4.075878
7985240	8.801964
7985248	4.412367
7985253	5.200692
7985257	4.195189
7985259	8.591655
7985266	5.579814
7985268	6.119592
7985285	4.416594
7985310	8.315853
7985317	4.607988
7985349	6.857895
7985352	3.86501
7985364	5.581384
7985398	3.978286
7985402	7.523025
7985409	8.281173
7985416	4.770203
7985418	5.909436
7985431	8.036521
7985442	5.97747
7985444	7.627217
7985450	8.281173
7985457	4.770203
7985459	5.909436
7985472	7.996502
7985480	3.665038
7985482	6.998428
7985488	8.03302
7985493	5.918246
7985507	4.239058
7985522	6.020123
7985553	2.413351
7985555	7.373548
7985560	4.177069
7985562	8.093171
7985569	5.971233
7985571	7.907198
7985577	5.598291
7985587	6.825633
7985605	7.78586
7985620	6.074955
7985636	4.583634
7985662	8.736723
7985688	4.770203
7985690	5.568033
7985695	9.09654
7985741	3.703247
7985752	3.213345
7985757	6.865836
7985765	3.728372
7985767	5.580173
7985777	6.50987
7985786	4.531982
7985809	10.19744
7985829	5.495243
7985871	3.234724
7985873	4.299376
7985898	3.426766
7985918	5.871718
7985920	6.283689
7985924	7.354182
7985932	4.167506
7985934	7.600997
7985959	6.296291
7985963	4.023957
7985981	4.605643
7985983	9.493179
7985997	6.71151
7985999	5.354175
7986001	7.980045
7986004	6.009949
7986010	10.51018
7986049	6.900421
7986068	4.107654
7986092	7.022599
7986110	5.941876
7986132	7.532383
7986160	7.498671
7986186	6.305987
7986195	3.317731
7986214	7.543195
7986229	4.370722
7986239	3.030205
7986246	7.134666
7986248	6.35257
7986250	9.131979
7986291	4.352092
7986293	7.82214
7986323	10.05456
7986327	5.678979
7986329	6.752686
7986336	4.950767
7986338	4.009508
7986340	3.998582
7986348	4.14804
7986350	7.661212
7986359	8.718233
7986383	8.60324
7986385	5.702974
7986394	7.290983
7986407	5.022891
7986411	7.948095
7986426	4.759326
7986428	4.82133
7986433	6.959797
7986442	5.372709
7986444	5.514596
7986446	8.855667
7986463	6.559975
7986501	3.603039
7986503	5.697053
7986509	6.53641
7986512	6.53641
7986515	6.649644
7986517	6.794771
7986520	6.696116
7986522	6.794771
7986525	6.649644
7986527	6.53641
7986530	3.53488
7986532	2.531879
7986534	3.397826
7986536	3.526528
7986541	7.667895
7986561	5.854015
7986563	2.858888
7986565	5.062945
7986567	4.748463
7986569	9.622684
7986598	3.759475
7986601	6.333252
7986603	3.878341
7986605	3.630801
7986627	2.216794
7986629	4.100167
7986633	4.748463
7986637	3.22975
7986639	4.721351
7986642	6.212893
7986661	5.080801
7986665	8.943724
7986675	7.273391
7986685	8.461322
7986687	7.693902
7986701	9.68545
7986736	3.93295
7986739	6.333252
7986741	4.008731
7986744	5.131784
7986755	4.316254
7986757	5.613362
7986763	2.966156
7986765	12.93764
7986767	3.596735
7986769	8.426595
7986789	4.312958
7986820	4.661227
7986822	5.978354
7986836	4.57197
7986838	5.374519
7986863	7.724241
7986922	5.956182
7986943	5.080801
7986945	8.042366
7986947	6.20821
7986960	5.776943
7986969	6.212714
7986975	3.255111
7986977	9.695958
7987010	4.803934
7987012	7.342346
7987025	5.833057
7987027	7.54562
7987046	9.256178
7987048	8.326276
7987066	6.08385
7987068	4.442109
7987097	5.848347
7987099	5.88929
7987110	4.508842
7987112	8.414206
7987114	6.082923
7987135	4.247897
7987137	9.256178
7987139	7.817995
7987145	5.200194
7987163	4.412796
7987165	6.587441
7987172	8.810043
7987180	6.928012
7987192	8.302505
7987225	7.834246
7987230	8.787148
7987248	8.912166
7987279	8.884866
7987308	2.089065
7987310	6.087929
7987315	4.042749
7987325	8.744661
7987361	7.666221
7987365	5.029712
7987369	6.991236
7987379	3.134895
7987381	6.395544
7987385	10.03816
7987403	6.938036
7987405	4.760963
7987426	2.950314
7987439	4.592216
7987449	9.727543
7987454	6.805916
7987464	2.40329
7987466	5.368613
7987468	2.286553
7987470	3.105133
7987472	6.04731
7987475	6.162969
7987511	6.285259
7987526	6.814258
7987534	2.178524
7987536	8.495113
7987554	6.181918
7987565	5.282965
7987572	10.83208
7987574	8.832939
7987584	7.656652
7987623	3.215164
7987634	4.131984
7987636	4.393716
7987642	7.652615
7987648	2.216605
7987650	5.110896
7987675	5.969906
7987701	5.651109
7987772	9.375216
7987780	3.951414
7987792	5.677695
7987815	6.750971
7987840	8.73317
7987869	10.23803
7987892	8.751437
7987916	6.750837
7987926	2.39082
7987928	6.495367
7987960	6.843369
7987981	7.76222
7988031	11.37733
7988033	5.011717
7988050	5.5304
7988064	4.160723
7988077	7.342991
7988082	7.042832
7988091	4.574994
7988093	7.884315
7988124	7.819424
7988132	5.148396
7988163	6.424423
7988175	2.304638
7988177	5.275346
7988206	2.304638
7988208	5.580171
7988212	4.805197
7988227	4.946627
7988245	7.91693
7988258	2.108784
7988260	3.81893
7988281	9.049426
7988283	8.379652
7988286	9.052533
7988327	5.431897
7988342	4.863429
7988344	4.187224
7988346	5.692575
7988348	2.667352
7988350	8.274235
7988380	7.565673
7988400	5.468821
7988410	3.049851
7988412	3.7383
7988414	10.40349
7988424	5.052125
7988426	5.647262
7988438	2.296597
7988440	2.779106
7988442	2.864071
7988444	7.33189
7988465	3.044793
7988467	3.866321
7988537	4.553363
7988563	3.215523
7988581	8.307655
7988601	3.17769
7988605	9.058219
7988623	4.435264
7988625	4.001682
7988644	5.009475
7988672	3.633766
7988685	5.174777
7988687	7.237249
7988703	3.072227
7988705	3.325491
7988713	8.251714
7988753	10.08235
7988763	5.043949
7988767	3.205778
7988789	8.198247
7988833	5.370835
7988838	8.521254
7988852	5.686949
7988859	6.723989
7988876	9.035369
7988921	6.07506
7988963	8.995313
7988970	9.106735
7988987	6.380528
7988990	3.298735
7989013	8.861045
7989023	7.882397
7989037	7.275665
7989055	4.205054
7989069	4.681041
7989073	3.49795
7989094	4.606653
7989126	3.856989
7989128	8.812135
7989130	3.508568
7989132	7.107863
7989144	4.10117
7989146	3.084656
7989157	2.940527
7989159	7.99356
7989193	6.225712
7989195	5.869679
7989197	2.723836
7989199	5.695198
7989216	4.443322
7989218	7.731847
7989220	3.205858
7989224	11.19549
7989243	5.778281
7989245	6.638843
7989249	5.668413
7989251	6.112411
7989253	8.929346
7989277	8.195628
7989307	3.702734
7989309	4.804286
7989311	2.643556
7989313	2.6359
7989315	6.90312
7989323	8.443421
7989335	10.45485
7989347	8.333454
7989365	7.116508
7989387	9.171069
7989473	6.026339
7989476	4.059745
7989487	4.477746
7989489	5.805528
7989491	5.890546
7989493	6.948079
7989501	5.974864
7989516	8.236355
7989596	7.40851
7989611	8.460123
7989617	3.873173
7989619	10.14009
7989628	6.141869
7989647	4.303329
7989657	3.819121
7989659	3.41191
7989661	8.154997
7989670	5.383729
7989680	5.649761
7989696	9.616892
7989708	7.527068
7989718	5.317446
7989725	7.779994
7989735	9.290209
7989750	3.912486
7989759	7.566932
7989768	4.614868
7989770	5.453637
7989785	4.611505
7989806	8.821605
7989832	2.288412
7989834	8.895374
7989849	7.811162
7989883	4.97176
7989885	6.754291
7989887	5.194412
7989915	6.040965
7989922	2.501081
7989924	6.810671
7989932	4.497421
7989937	4.491208
7989951	2.963485
7989953	8.233276
7989968	6.187191
7989975	7.578322
7989985	4.463772
7990020	8.403716
7990027	6.077658
7990029	5.070846
7990031	3.65757
7990033	7.892921
7990054	7.156993
7990078	4.26198
7990080	7.812774
7990086	5.730967
7990090	9.692587
7990092	7.710048
7990138	4.478978
7990151	11.13448
7990165	8.249215
7990191	5.811014
7990211	8.190582
7990227	4.403047
7990231	8.017114
7990244	5.227861
7990253	9.486755
7990269	5.338604
7990273	5.994343
7990283	5.025089
7990307	5.137913
7990309	6.181143
7990333	3.754178
7990345	5.846884
7990361	7.752947
7990377	2.662177
7990379	7.634993
7990391	7.175723
7990400	7.629639
7990417	9.897175
7990429	7.302849
7990436	9.41441
7990442	5.888545
7990452	5.808396
7990457	8.317378
7990487	8.077494
7990511	7.576657
7990528	7.04035
7990540	7.308724
7990545	3.866787
7990555	6.78243
7990564	5.005572
7990566	8.873321
7990582	8.157958
7990616	5.028251
7990618	5.748692
7990620	12.92267
7990632	7.122871
7990636	4.507331
7990643	4.052377
7990652	5.084377
7990654	6.528413
7990657	7.749604
7990672	2.505085
7990674	4.395038
7990683	4.917932
7990700	6.970533
7990712	5.286421
7990714	4.299544
7990729	5.342018
7990736	7.055602
7990755	2.137672
7990757	10.19944
7990774	4.643336
7990808	3.532728
7990810	6.055194
7990815	7.683131
7990818	5.941688
7990825	4.926391
7990827	4.457913
7990830	7.901091
7990839	6.249913
7990848	3.502454
7990873	5.27947
7990879	5.422761
7990892	3.618774
7990894	8.122931
7990898	11.41356
7990902	8.060882
7990914	5.97747
7990916	11.46857
7990922	8.734192
7990928	5.909436
7990941	4.770203
7990943	8.70192
7990949	11.47763
7990952	8.039118
7990963	5.97747
7990965	11.46857
7990971	3.47083
7990987	4.489797
7991017	4.950837
7991019	3.738166
7991034	8.597376
7991047	6.521856
7991049	6.984061
7991057	9.072713
7991070	8.130055
7991080	3.814002
7991086	2.061888
7991088	8.100505
7991104	7.255199
7991106	4.561964
7991110	8.423319
7991120	6.699998
7991126	8.39326
7991138	5.637465
7991143	8.839441
7991153	3.371736
7991155	2.207622
7991157	2.426372
7991159	8.065524
7991169	7.255199
7991171	2.732688
7991173	5.986116
7991182	2.730287
7991184	2.882092
7991186	4.382665
7991209	8.207415
7991214	7.44803
7991216	7.11587
7991224	5.235257
7991234	5.519073
7991246	4.721653
7991258	7.248554
7991283	7.709556
7991296	6.038126
7991313	6.034865
7991323	8.348465
7991332	6.448987
7991335	7.843144
7991357	8.518364
7991367	7.569735
7991374	8.793185
7991386	9.347338
7991395	4.527856
7991399	4.364777
7991401	6.844955
7991406	5.400047
7991425	3.454671
7991427	7.298739
7991451	4.525486
7991453	10.39118
7991459	5.622094
7991465	3.604718
7991467	2.547512
7991469	4.598176
7991478	5.422917
7991485	6.416118
7991501	2.004312
7991503	6.002922
7991512	5.276002
7991516	6.306633
7991540	4.498401
7991542	5.224636
7991546	7.276177
7991562	4.946269
7991564	1.982913
7991566	6.458074
7991577	4.736762
7991581	7.551418
7991587	7.572643
7991598	7.44789
7991602	5.833452
7991630	8.355909
7991638	3.297809
7991640	6.926568
7991661	4.527336
7991663	3.254678
7991665	2.996904
7991668	5.858759
7991695	6.217259
7991714	7.971719
7991722	8.511663
7991731	5.509889
7991735	6.546296
7991742	6.697011
7991750	2.452992
7991754	6.343619
7991758	5.933119
7991762	7.675906
7991766	7.675906
7991770	2.204666
7991772	6.292531
7991777	6.24119
7991779	7.527381
7991800	5.85402
7991809	5.904006
7991815	4.833197
7991828	6.603375
7991835	7.208303
7991837	7.106623
7991846	6.279398
7991860	6.265939
7991877	6.114694
7991893	6.990532
7991898	5.489478
7991904	6.465987
7991917	7.292707
7991927	5.915889
7991932	6.199143
7991939	6.393803
7991989	7.615102
7992010	5.613623
7992021	8.459821
7992032	5.931652
7992038	6.650558
7992043	6.769557
7992049	6.134447
7992071	8.149322
7992092	6.992657
7992121	4.989454
7992125	5.597922
7992140	5.42637
7992145	5.207079
7992147	5.556888
7992181	5.734587
7992191	5.891842
7992197	5.975664
7992205	7.408304
7992219	6.106534
7992255	8.609422
7992269	6.804667
7992271	6.229599
7992293	6.256333
7992302	6.031479
7992337	8.370984
7992347	6.890166
7992379	7.068135
7992388	7.312904
7992396	6.120472
7992402	6.525903
7992409	5.419755
7992414	6.721084
7992439	5.564978
7992447	5.520963
7992460	6.313121
7992463	8.555257
7992474	8.170365
7992516	5.122266
7992518	6.638714
7992529	7.353914
7992552	6.934077
7992568	6.657196
7992584	4.694404
7992594	5.483375
7992614	6.134398
7992632	6.112671
7992639	5.975558
7992646	10.58556
7992656	6.612821
7992670	7.838077
7992678	7.059718
7992682	6.986004
7992685	7.056506
7992692	9.821513
7992716	6.099562
7992722	6.399807
7992732	8.667444
7992737	7.07885
7992744	7.045486
7992756	3.883336
7992758	6.387784
7992775	6.489498
7992782	5.623878
7992789	7.932685
7992795	7.208969
7992811	6.311691
7992828	5.824802
7992843	6.107188
7992845	6.68646
7992854	6.401392
7992861	2.649525
7992863	4.536554
7992865	3.885919
7992867	5.976884
7992870	7.055206
7992877	6.961729
7992887	6.982935
7992889	5.433361
7992891	4.682293
7992893	4.647141
7992895	4.289908
7992897	5.730082
7992905	7.835655
7992917	7.357782
7992934	5.734573
7992954	5.208555
7992956	5.729755
7992967	6.086547
7992973	7.366614
7992987	7.240973
7992996	4.747755
7992998	7.123047
7993017	5.968723
7993019	7.13275
7993024	5.348375
7993035	7.927257
7993054	5.486961
7993071	8.486979
7993083	3.107596
7993108	4.562147
7993110	2.993283
7993112	2.943942
7993114	6.592357
7993126	6.941505
7993146	3.751418
7993148	7.60949
7993157	3.091678
7993159	8.471557
7993165	5.725533
7993167	6.013396
7993179	2.448657
7993181	3.995495
7993183	2.262696
7993185	9.444842
7993195	5.727518
7993223	7.392601
7993248	5.335014
7993255	4.059315
7993257	2.569878
7993259	7.058171
7993265	5.827082
7993267	2.960112
7993274	6.076572
7993281	7.25445
7993296	6.103685
7993298	5.969098
7993310	7.731256
7993335	2.465452
7993337	5.135286
7993339	3.079061
7993341	8.283363
7993349	8.558865
7993359	8.554837
7993369	4.541127
7993371	10.05473
7993404	8.615856
7993433	9.927451
7993451	6.830172
7993453	4.371156
7993458	5.640546
7993467	6.006598
7993478	7.739735
7993511	10.05473
7993546	8.555182
7993580	8.775402
7993586	6.830172
7993588	6.596565
7993606	4.527558
7993608	8.074991
7993622	7.623014
7993624	7.452218
7993632	4.265355
7993638	9.033593
7993664	5.937451
7993680	8.076791
7993713	6.496565
7993726	5.171374
7993737	3.892909
7993754	3.41264
7993756	6.871671
7993774	3.520698
7993776	5.730206
7993798	3.341145
7993800	6.623825
7993807	9.914081
7993815	4.091138
7993821	5.917329
7993825	6.75021
7993831	3.885121
7993833	9.456848
7993846	5.158514
7993848	4.465739
7993872	10.29966
7993889	6.123604
7993898	4.040391
7993935	4.712129
7993946	8.584371
7993973	8.039387
7993999	10.90799
7994006	11.52976
7994026	10.56412
7994052	6.087263
7994058	8.552384
7994074	8.754703
7994091	3.440027
7994093	2.198406
7994095	7.559651
7994102	9.123177
7994109	5.207519
7994123	6.073731
7994131	6.047596
7994152	3.433295
7994161	7.491881
7994187	7.567185
7994216	4.885249
7994235	5.484203
7994237	8.315427
7994252	4.643215
7994260	5.221845
7994265	5.704336
7994267	5.540181
7994269	6.42861
7994280	7.434013
7994292	5.196262
7994308	7.388277
7994339	2.606886
7994341	4.057932
7994343	2.680666
7994345	6.074141
7994350	6.20578
7994353	6.263618
7994362	7.863024
7994371	8.246605
7994386	7.008308
7994415	11.11027
7994445	6.187671
7994463	4.527993
7994487	5.52372
7994506	7.914546
7994518	7.568667
7994535	6.049836
7994541	6.039652
7994559	8.795113
7994565	9.264969
7994570	5.083925
7994572	4.785006
7994576	6.91481
7994582	7.541254
7994603	5.94598
7994609	8.07851
7994615	4.130466
7994620	7.274745
7994637	7.354933
7994647	5.770225
7994655	8.511789
7994659	8.473648
7994675	5.251131
7994683	7.405091
7994692	7.250842
7994715	6.629677
7994730	5.327489
7994737	8.492668
7994756	8.551005
7994769	7.252449
7994781	7.41455
7994804	5.558365
7994813	5.622964
7994817	4.910736
7994824	2.32872
7994826	5.886167
7994858	7.129047
7994874	7.150459
7994889	7.700028
7994926	4.519098
7994928	7.827525
7994939	6.981992
7994961	6.65355
7994967	6.766528
7994981	6.917016
7994985	6.310842
7995007	5.942039
7995017	8.124332
7995030	5.142108
7995033	6.355094
7995040	7.300947
7995055	7.848831
7995069	10.02036
7995088	5.431914
7995096	6.569862
7995128	7.482137
7995161	5.700749
7995193	5.163238
7995206	6.186512
7995222	4.912207
7995237	3.903828
7995242	6.701372
7995252	7.327141
7995258	6.97292
7995263	6.553314
7995267	3.975955
7995275	4.280447
7995282	4.33879
7995292	5.502782
7995306	9.526157
7995308	5.547259
7995310	5.8223
7995312	2.36884
7995320	11.4798
7995322	7.687302
7995324	7.980849
7995326	7.295692
7995328	8.546022
7995330	10.6358
7995332	6.490875
7995334	7.635804
7995336	8.324527
7995338	8.46207
7995340	7.437851
7995342	8.369831
7995344	7.294769
7995346	5.934248
7995348	9.38908
7995350	9.898854
7995352	9.226018
7995354	3.943843
7995362	7.020889
7995377	6.941945
7995379	2.970454
7995382	9.323883
7995417	5.424707
7995419	3.869115
7995421	10.34487
7995438	4.645539
7995440	4.696569
7995442	3.299622
7995448	7.774021
7995456	6.699475
7995477	6.336052
7995479	6.573088
7995492	6.085903
7995525	5.734043
7995539	5.86573
7995552	8.183601
7995574	12.37984
7995580	6.730297
7995583	9.031367
7995627	6.112076
7995629	4.499815
7995631	8.864691
7995655	8.299974
7995668	6.550868
7995674	5.579049
7995681	4.883367
7995697	7.972641
7995712	8.200146
7995714	4.336431
7995729	5.218145
7995739	4.771518
7995755	7.528684
7995772	5.173204
7995776	6.760778
7995783	10.92599
7995787	10.08746
7995793	9.766039
7995797	8.391245
7995803	7.169486
7995806	8.691381
7995813	8.524125
7995820	7.564683
7995825	9.845368
7995829	7.0211
7995834	6.06587
7995838	9.655884
7995843	8.792629
7995866	4.46145
7995868	4.972767
7995895	11.3767
7995907	4.177691
7995926	6.311189
7995976	8.60729
7995994	8.246473
7996012	7.758693
7996022	6.315321
7996027	7.978318
7996034	6.402094
7996041	8.647647
7996051	8.207343
7996064	5.071324
7996081	8.830512
7996100	6.58415
7996117	4.815363
7996137	6.712337
7996160	5.417802
7996164	5.679838
7996174	6.038469
7996185	6.099438
7996198	4.552947
7996211	5.823496
7996219	5.64642
7996239	3.703274
7996241	7.771412
7996252	2.093167
7996256	6.28986
7996258	3.305718
7996260	7.147018
7996264	4.908921
7996281	5.590724
7996286	4.653917
7996288	2.333258
7996290	6.359134
7996313	5.400251
7996318	6.35645
7996331	4.458092
7996341	5.350387
7996345	7.509728
7996361	4.24253
7996377	7.044634
7996393	8.586748
7996403	7.239897
7996423	6.158094
7996430	6.193772
7996448	7.074268
7996455	7.394866
7996468	7.001742
7996490	7.296326
7996498	4.702779
7996516	4.182335
7996546	4.417707
7996563	7.326222
7996569	6.597979
7996571	6.040491
7996593	8.722818
7996608	5.415033
7996647	5.271304
7996651	5.924791
7996654	3.902812
7996675	6.727096
7996677	9.33737
7996685	7.348414
7996715	5.439825
7996720	7.297234
7996725	6.29711
7996744	7.817017
7996759	6.221276
7996761	6.893784
7996772	7.043562
7996785	7.426342
7996805	4.162572
7996807	6.010736
7996819	6.313448
7996837	11.21019
7996860	6.975197
7996879	3.01172
7996883	5.111229
7996891	8.636618
7996908	7.803516
7996917	2.669866
7996919	7.729115
7996934	8.248331
7996943	5.015714
7996945	3.159128
7996947	9.387084
7996954	8.517401
7996976	7.853556
7997008	4.660531
7997010	5.71846
7997025	8.282019
7997032	6.070508
7997048	7.740959
7997059	7.622042
7997072	6.572447
7997099	9.417516
7997128	5.888268
7997135	5.864375
7997137	4.302422
7997139	4.807115
7997152	4.760747
7997158	7.56776
7997164	3.711186
7997166	2.9893
7997168	10.20449
7997179	5.984235
7997188	4.075878
7997192	3.967141
7997197	7.282993
7997226	3.364359
7997228	3.17769
7997230	10.03877
7997239	8.966879
7997245	6.579825
7997247	6.975664
7997257	6.159375
7997264	6.468374
7997272	10.25594
7997281	7.957647
7997289	3.155356
7997319	5.931548
7997321	6.788398
7997332	6.565299
7997336	4.796948
7997346	3.952466
7997352	6.627411
7997374	3.454723
7997381	5.4253
7997396	8.119012
7997401	4.594212
7997414	8.977165
7997427	6.732827
7997453	6.165176
7997489	12.76215
7997491	7.202634
7997498	5.198751
7997500	2.716813
7997502	4.176325
7997504	4.213501
7997520	8.676288
7997525	7.271877
7997533	6.398198
7997542	4.372907
7997556	4.647961
7997569	6.422804
7997582	5.4321
7997593	9.009542
7997626	7.7946
7997633	8.939346
7997642	4.834375
7997662	7.157315
7997676	5.499025
7997680	6.791674
7997702	8.762865
7997712	7.695241
7997724	4.631804
7997726	4.575206
7997731	4.61519
7997733	6.375164
7997735	5.489403
7997738	2.79295
7997740	6.972995
7997746	4.376774
7997755	6.524717
7997765	5.740947
7997767	6.331519
7997779	7.536222
7997801	6.526516
7997808	5.036644
7997810	5.843306
7997827	6.205421
7997829	4.492831
7997832	5.536051
7997839	4.618995
7997852	6.777718
7997861	2.895078
7997863	6.866595
7997875	4.835927
7997880	5.279624
7997896	6.161093
7997904	9.214933
7997907	5.03421
7997909	7.639338
7997933	6.606654
7997940	6.431888
7997942	5.754242
7997962	5.037338
7997976	4.733099
7997982	7.246842
7998002	7.069246
7998015	8.222264
7998033	9.855331
7998053	6.060172
7998055	5.869637
7998063	6.251404
7998072	6.951401
7998083	6.070569
7998103	7.323916
7998115	6.309451
7998117	6.951808
7998119	7.996995
7998129	8.750843
7998136	7.269599
7998157	6.92063
7998174	8.284744
7998190	4.926397
7998211	6.488997
7998222	7.04035
7998233	7.725365
7998249	4.663503
7998251	6.329902
7998265	7.44276
7998267	8.353349
7998280	6.606819
7998297	5.609173
7998307	5.395915
7998336	5.859544
7998351	6.434343
7998367	6.11607
7998374	5.846684
7998381	6.909492
7998392	4.538289
7998399	5.196218
7998405	7.113895
7998407	5.456554
7998414	5.581919
7998427	5.407698
7998434	5.737557
7998444	7.454572
7998449	8.00149
7998457	6.328932
7998466	6.699384
7998485	5.825138
7998494	5.429812
7998510	7.391899
7998538	5.443834
7998542	6.829066
7998577	7.451266
7998585	7.804695
7998590	7.856189
7998601	6.404687
7998604	7.54993
7998615	2.369209
7998629	5.802146
7998634	8.313662
7998637	8.138254
7998643	5.736753
7998655	11.7682
7998664	7.212261
7998666	7.053278
7998668	5.866216
7998679	6.097732
7998692	7.104612
7998700	6.36405
7998722	6.205783
7998724	5.325065
7998749	6.541068
7998759	7.036217
7998762	7.531631
7998774	8.221955
7998784	5.592439
7998817	5.343802
7998820	6.859713
7998825	8.742939
7998835	8.389103
7998843	8.159756
7998852	9.186914
7998861	5.795692
7998872	6.286312
7998878	7.480108
7998886	5.033948
7998898	4.370295
7998902	6.371578
7998910	8.012841
7998921	4.909546
7998927	4.458865
7998929	5.440189
7998931	6.470178
7998940	6.280156
7998952	5.909327
7998959	3.253825
7998961	2.271152
7998963	2.068306
7998965	4.651984
7998967	6.228365
7998978	5.985454
7998983	5.196885
7999008	6.111093
7999023	3.657299
7999025	8.772641
7999044	8.232276
7999079	5.648105
7999093	4.046775
7999102	5.898718
7999112	6.184244
7999120	6.317152
7999149	7.695607
7999160	6.126445
7999173	6.817558
7999177	6.27415
7999196	5.864827
7999206	3.948708
7999217	7.441864
7999233	8.630494
7999253	8.652256
7999279	6.834178
7999291	6.971574
7999304	6.86793
7999315	2.255247
7999317	7.30273
7999319	7.235447
7999326	10.31355
7999356	4.321651
7999360	10.62857
7999362	6.979093
7999364	4.40579
7999384	5.638037
7999387	10.8028
7999396	4.032793
7999404	2.823555
7999406	5.381763
7999408	2.592373
7999410	2.157656
7999412	4.484234
7999419	6.672099
7999423	5.99546
7999427	4.031335
7999431	5.817293
7999433	5.605659
7999435	5.238856
7999440	4.626049
7999447	5.29375
7999468	11.4446
7999476	6.664001
7999478	7.899592
7999496	8.578712
7999520	9.114594
7999532	9.855868
7999547	3.761258
7999550	4.191447
7999553	6.821633
7999560	2.188488
7999562	8.990442
7999588	7.680855
7999591	6.884795
7999594	6.830172
7999596	8.313176
7999598	7.724373
7999608	8.773148
7999614	8.377564
7999634	8.311298
7999642	9.098585
7999674	4.549312
7999718	7.588384
7999725	4.893032
7999727	5.48115
7999750	6.830172
7999752	9.013382
7999754	7.126773
7999766	8.929741
7999769	8.639935
7999791	10.05473
7999827	10.62553
7999834	11.2063
7999841	9.072258
7999884	7.423145
7999886	6.525656
7999889	8.28997
7999903	7.894148
7999909	5.93845
7999916	6.557117
7999920	4.120515
7999936	5.115226
7999952	3.760109
7999965	4.280596
7999981	5.035796
7999999	2.638234
8000001	3.004807
8000003	8.44281
8000013	6.972995
8000028	7.576837
8000034	3.956651
8000097	2.798501
8000117	9.892653
8000131	10.52495
8000156	10.95725
8000167	11.33577
8000184	8.31416
8000192	9.185767
8000200	9.135309
8000205	10.53622
8000217	11.9846
8000222	10.90799
8000229	2.865435
8000236	7.503426
8000244	7.286711
8000263	7.786251
8000284	8.405396
8000310	6.602499
8000323	7.866962
8000329	6.225516
8000346	9.404962
8000369	2.421069
8000371	4.545355
8000375	6.389788
8000399	4.913231
8000407	3.361192
8000409	10.99669
8000411	4.075725
8000413	8.587246
8000425	7.742342
8000465	3.623649
8000467	5.801387
8000480	4.696981
8000482	9.188601
8000501	8.930277
8000507	11.11027
8000537	8.889039
8000543	8.063343
8000567	5.996981
8000574	6.671669
8000582	5.054484
8000590	6.131468
8000600	6.139882
8000603	9.164545
8000614	2.574691
8000616	6.768771
8000632	5.147508
8000634	3.470792
8000636	9.215724
8000638	11.35878
8000649	7.272942
8000651	10.66417
8000676	10.51012
8000687	10.60427
8000690	7.272942
8000692	9.956537
8000702	5.498843
8000706	9.766
8000716	6.223945
8000738	6.29027
8000746	4.77509
8000748	5.78443
8000757	4.709976
8000772	5.892873
8000779	5.75062
8000791	8.503676
8000799	8.24339
8000811	8.61573
8000823	10.80885
8000834	11.25071
8000848	7.499949
8000856	6.48619
8000869	5.196784
8000882	5.286168
8000884	9.533628
8000890	7.929202
8000897	7.105908
8000899	7.132868
8000903	6.950029
8000906	5.875964
8000910	6.150854
8000917	7.085536
8000924	6.130704
8000928	3.711729
8000930	3.126634
8000932	5.022615
8000941	5.988669
8000945	6.143581
8000948	7.165365
8000957	4.358088
8000963	5.549365
8000974	5.580308
8000978	5.599265
8000998	8.808038
8001007	7.466393
8001014	6.164651
8001030	6.709638
8001037	4.108719
8001041	5.868816
8001046	5.654563
8001048	7.713653
8001064	3.283408
8001067	8.409629
8001070	2.296682
8001072	4.33879
8001082	5.517775
8001099	8.841865
8001102	6.681852
8001104	5.904024
8001108	6.497093
8001111	6.497717
8001113	2.772201
8001131	2.790873
8001133	3.570295
8001147	8.255911
8001149	9.564459
8001163	5.231932
8001178	5.500663
8001185	8.521901
8001197	4.565277
8001211	8.977694
8001233	4.310878
8001235	3.309917
8001271	4.212528
8001306	7.489675
8001317	7.633439
8001325	2.062971
8001327	3.099377
8001329	4.219007
8001337	3.957878
8001348	4.918602
8001350	7.937282
8001371	4.889439
8001373	4.761272
8001385	2.377783
8001387	4.214764
8001394	6.40736
8001402	3.396204
8001410	8.303119
8001423	4.962612
8001449	8.026019
8001455	4.830223
8001457	8.420756
8001464	4.390444
8001477	8.438878
8001496	10.44431
8001507	8.802573
8001529	8.107491
8001531	11.0792
8001535	3.496173
8001537	8.244226
8001547	10.08763
8001552	6.926739
8001564	6.79491
8001576	5.537328
8001587	6.59014
8001615	5.614028
8001651	5.992191
8001656	3.430226
8001658	7.820264
8001666	7.959555
8001680	5.26514
8001682	4.245837
8001691	2.351407
8001693	10.14912
8001746	6.438458
8001748	7.102185
8001750	5.76033
8001764	9.809456
8001776	5.09471
8001780	2.835285
8001782	8.795898
8001784	3.9081
8001798	4.124058
8001800	3.83705
8001816	5.103189
8001818	7.719326
8001830	8.850956
8001841	9.56373
8001858	2.581624
8001876	8.088456
8001898	4.998364
8001918	4.45703
8001924	8.444324
8001932	5.684231
8001938	7.919791
8001946	5.987566
8001953	5.49199
8001971	5.498202
8001981	5.775876
8002005	4.248226
8002018	2.898407
8002020	6.670724
8002027	5.005598
8002029	5.907287
8002041	9.161171
8002051	5.692075
8002057	6.302636
8002072	6.25086
8002082	6.377315
8002087	7.707258
8002102	6.229274
8002104	6.30047
8002121	5.637146
8002133	7.253766
8002143	5.758154
8002152	6.035847
8002181	5.312307
8002194	6.009149
8002209	5.077782
8002211	5.669881
8002216	2.185051
8002218	8.625349
8002237	7.484
8002245	6.227549
8002249	7.773521
8002260	2.928394
8002262	6.349671
8002264	2.490719
8002266	8.774397
8002270	5.808188
8002272	7.991323
8002283	5.18406
8002289	8.311968
8002301	4.734967
8002303	6.478206
8002312	7.124731
8002320	2.862937
8002322	8.99929
8002333	10.67868
8002342	7.009377
8002344	7.709035
8002347	8.828913
8002370	6.566375
8002379	5.778824
8002381	8.525418
8002403	6.414907
8002421	6.736543
8002444	5.379153
8002446	3.750762
8002470	4.370496
8002481	4.567839
8002492	4.544304
8002523	7.998148
8002533	5.564577
8002547	5.815597
8002556	3.691327
8002571	5.194421
8002590	4.509122
8002592	9.621201
8002618	5.408496
8002629	3.365343
8002660	7.373228
8002667	4.070673
8002692	7.768127
8002706	4.776019
8002711	9.054966
8002713	6.063233
8002729	9.969796
8002758	4.644203
8002760	3.847748
8002762	7.009266
8002778	7.010331
8002792	6.262659
8002802	7.929593
8002830	5.442593
8002845	6.501836
8002854	7.035359
8002865	7.652925
8002878	9.824365
8002882	5.174329
8002891	4.985614
8002897	6.012636
8002904	7.943044
8002919	8.633606
8002937	7.128376
8002939	4.849261
8002941	4.170367
8002967	3.420485
8002969	5.851895
8002975	6.412756
8002987	7.566307
8002992	4.139525
8002999	7.287178
8003007	4.303172
8003056	4.451505
8003060	7.801442
8003066	6.124354
8003068	8.107037
8003075	4.976982
8003077	4.972597
8003087	5.986595
8003089	10.11743
8003116	7.647738
8003125	6.573937
8003145	5.081945
8003149	5.133393
8003156	4.952217
8003158	6.568192
8003171	7.466696
8003180	8.792984
8003193	6.091959
8003204	4.375478
8003210	6.324326
8003217	7.066748
8003228	2.895088
8003230	4.49345
8003233	6.421185
8003243	5.838748
8003249	6.732246
8003263	6.097589
8003283	6.904464
8003298	7.029835
8003313	3.024363
8003318	4.561708
8003322	7.129192
8003332	6.816732
8003344	6.768114
8003348	6.06497
8003357	7.765074
8003401	6.677447
8003410	6.766804
8003425	5.525751
8003444	6.694422
8003448	6.925288
8003465	7.777871
8003467	8.505176
8003478	5.968658
8003484	6.263177
8003503	4.933227
8003553	6.463641
8003560	6.378297
8003566	4.202503
8003571	4.638934
8003576	2.930161
8003578	4.517376
8003583	7.333711
8003601	5.498843
8003605	3.743985
8003607	6.470635
8003611	8.594882
8003619	4.774742
8003621	6.732963
8003627	8.225852
8003633	5.455107
8003635	5.051469
8003639	6.151828
8003656	5.27418
8003667	5.968055
8003679	7.956151
8003700	7.421089
8003719	5.839694
8003722	6.512392
8003733	8.104145
8003758	9.443399
8003769	6.442197
8003771	7.29844
8003773	7.969854
8003800	5.632875
8003802	3.600229
8003804	3.936679
8003806	4.56186
8003808	4.954523
8003810	5.391907
8003812	4.443797
8003814	4.415241
8003824	6.722935
8003840	7.059933
8003844	4.042508
8003846	4.598246
8003848	3.434031
8003850	7.957841
8003857	6.204459
8003859	2.903795
8003861	5.783261
8003875	8.75245
8003892	6.404037
8003903	7.784722
8003922	6.446775
8003926	5.078344
8003939	5.62929
8003948	5.676899
8003953	9.318873
8003962	7.171841
8003991	7.168656
8004024	4.010952
8004030	7.903543
8004043	4.467123
8004057	8.542291
8004081	7.399569
8004086	3.79017
8004111	8.521063
8004133	7.331671
8004144	7.551898
8004152	4.826439
8004165	2.104141
8004167	4.636722
8004175	6.259098
8004184	7.896337
8004195	4.936878
8004201	5.185257
8004221	5.328196
8004237	11.0853
8004241	7.691721
8004247	8.212409
8004255	5.029993
8004266	7.148974
8004271	10.30418
8004293	7.647925
8004309	5.679935
8004325	6.090855
8004331	6.102839
8004360	7.125246
8004364	4.658739
8004372	6.887848
8004385	5.331356
8004394	4.898026
8004400	4.832884
8004404	7.253388
8004408	5.096332
8004416	5.503798
8004428	6.271492
8004431	8.457612
8004464	7.082483
8004485	7.77672
8004497	9.065135
8004506	9.490962
8004508	6.722825
8004510	9.065968
8004521	9.558017
8004532	3.95613
8004534	4.8576
8004545	4.907286
8004556	5.947381
8004571	4.821572
8004580	3.969381
8004671	6.781682
8004691	6.161483
8004694	7.182259
8004699	9.57362
8004741	6.809838
8004763	5.449764
8004784	5.959848
8004802	5.166915
8004804	6.774059
8004832	5.779561
8004842	5.913532
8004859	2.1994
8004861	3.606306
8004867	9.187787
8004880	6.365932
8004889	4.044905
8004905	6.38393
8004922	4.417752
8004938	3.732323
8004940	5.008262
8004946	5.155283
8004948	5.943481
8004955	5.404974
8004957	4.386277
8005029	8.458971
8005043	3.524411
8005048	4.070904
8005064	6.409776
8005089	6.991607
8005097	4.836138
8005102	4.497357
8005104	3.271307
8005106	3.073512
8005110	6.082265
8005117	5.330767
8005132	7.02653
8005134	7.819181
8005141	9.155856
8005153	2.046781
8005155	4.267234
8005157	7.272027
8005166	12.2492
8005171	5.210353
8005191	9.2486
8005200	6.525931
8005202	6.6732
8005204	5.58625
8005221	2.433517
8005223	3.682235
8005225	6.301732
8005231	5.479927
8005233	2.991375
8005235	6.730268
8005243	4.622186
8005245	5.345671
8005247	5.670857
8005260	6.019747
8005265	2.563168
8005267	6.958668
8005289	5.139752
8005305	6.587571
8005313	7.373112
8005328	5.054484
8005397	2.303027
8005399	8.345279
8005407	6.849141
8005435	6.684639
8005441	6.949771
8005444	5.756865
8005446	4.746916
8005449	6.131078
8005458	7.730186
8005471	12.13782
8005473	6.015404
8005475	9.112666
8005483	6.036577
8005501	9.822218
8005510	3.718355
8005512	7.875298
8005529	5.419076
8005547	10.89603
8005549	5.180527
8005553	10.89603
8005555	5.801827
8005557	8.111752
8005574	6.565154
8005576	6.266229
8005586	4.000367
8005601	5.781493
8005603	4.531507
8005626	6.44789
8005628	4.91303
8005630	2.477488
8005632	3.016387
8005634	2.279598
8005636	3.155177
8005638	8.327168
8005655	3.803016
8005657	5.748565
8005659	3.59932
8005661	6.472582
8005679	6.921727
8005683	2.648189
8005685	3.80176
8005687	5.538358
8005689	5.676988
8005695	7.044393
8005697	5.08169
8005699	7.260447
8005707	7.329604
8005726	6.611425
8005733	8.262377
8005736	11.03599
8005739	5.192636
8005743	3.899172
8005745	2.332147
8005747	3.769519
8005749	4.448633
8005751	5.672099
8005753	4.621715
8005755	2.844631
8005757	2.029486
8005759	2.555239
8005761	2.1301
8005763	1.952644
8005765	10.31352
8005777	5.332597
8005785	5.85735
8005809	5.69693
8005814	7.547623
8005829	7.059456
8005833	6.285549
8005836	4.581115
8005839	8.96294
8005847	7.329271
8005857	7.756183
8005865	6.092448
8005877	5.637192
8005879	5.95285
8005894	5.14869
8005903	8.572627
8005943	10.33523
8005951	6.758739
8005953	6.133382
8005955	5.219429
8005957	6.311864
8005959	6.172567
8005978	8.497458
8005992	2.361334
8005994	7.837235
8006005	5.131948
8006019	4.254303
8006030	8.148306
8006052	6.377819
8006063	5.468527
8006081	3.949375
8006083	2.791483
8006085	3.166358
8006112	7.563028
8006119	6.174974
8006121	4.272813
8006123	9.940575
8006148	7.920303
8006161	4.949318
8006170	7.485726
8006181	6.074035
8006183	8.649087
8006187	4.3798
8006214	5.958039
8006227	2.730638
8006229	7.1218
8006237	7.679884
8006239	8.309778
8006296	5.123654
8006298	7.636252
8006317	4.62356
8006321	6.077989
8006323	2.324528
8006325	8.697908
8006336	5.272449
8006345	8.48433
8006367	5.657638
8006377	9.618131
8006392	9.368694
8006409	5.604384
8006415	9.060875
8006423	4.345928
8006433	7.224531
8006440	3.909562
8006445	5.370987
8006453	3.467839
8006459	3.961986
8006466	4.535208
8006477	7.506748
8006479	7.862122
8006502	2.252711
8006504	4.841149
8006509	4.556946
8006531	10.19842
8006540	5.950429
8006542	9.329132
8006562	6.096313
8006569	6.485301
8006573	10.34561
8006590	3.936245
8006594	5.530945
8006602	5.59187
8006606	3.659916
8006608	6.770913
8006621	7.354147
8006627	8.265657
8006634	5.903625
8006638	8.878428
8006655	7.279066
8006668	5.89094
8006681	5.74582
8006690	8.13913
8006706	2.507736
8006715	7.541654
8006736	6.635559
8006744	2.937054
8006746	8.674883
8006762	10.08475
8006768	6.319625
8006779	6.977711
8006786	5.974782
8006788	7.551163
8006812	10.18207
8006820	8.884686
8006834	5.524248
8006836	3.924569
8006845	10.096
8006850	7.771532
8006865	8.757025
8006877	8.032674
8006896	5.70633
8006900	6.203884
8006906	10.11953
8006940	7.685945
8006958	3.342615
8006968	4.904005
8006984	8.60531
8006999	6.869823
8007008	7.796384
8007023	7.941895
8007028	8.742498
8007043	8.69287
8007058	6.521821
8007069	7.53339
8007071	3.7578
8007084	6.31738
8007100	6.565328
8007108	6.023508
8007112	6.878067
8007115	7.095774
8007118	5.453174
8007123	4.911789
8007127	5.520873
8007130	5.311863
8007134	5.423326
8007141	12.18395
8007148	5.749494
8007152	6.266695
8007154	5.008865
8007169	3.00248
8007176	3.782235
8007188	7.416238
8007197	7.304344
8007208	3.795094
8007212	6.916965
8007228	8.236946
8007250	7.573457
8007259	6.698092
8007263	5.81674
8007272	7.76052
8007290	7.175002
8007302	7.566876
8007310	4.097314
8007312	6.909412
8007323	4.72017
8007348	5.622549
8007355	8.373157
8007363	5.85952
8007388	3.753312
8007397	8.934843
8007414	4.550278
8007420	4.081829
8007427	6.65354
8007429	3.418748
8007435	8.685353
8007441	11.0076
8007446	8.382008
8007454	5.103025
8007462	7.180886
8007471	9.462568
8007483	6.886638
8007493	5.567287
8007497	2.347778
8007499	2.270325
8007501	3.845866
8007503	3.638559
8007505	8.058244
8007530	3.499566
8007537	5.876354
8007548	6.077265
8007550	6.300652
8007561	8.604727
8007569	4.387585
8007584	5.503101
8007594	8.232224
8007603	2.09304
8007607	5.098321
8007620	11.75985
8007637	6.441173
8007641	6.613992
8007643	2.391099
8007651	5.610027
8007673	5.191956
8007675	5.592958
8007701	4.688775
8007707	5.166916
8007715	8.392778
8007730	6.673993
8007745	9.175121
8007750	6.266525
8007757	6.426412
8007790	6.040198
8007794	7.83393
8007797	9.24551
8007799	7.626227
8007803	6.033633
8007808	4.82649
8007826	6.690857
8007828	5.466473
8007846	4.280525
8007848	6.114986
8007850	8.782267
8007865	6.074618
8007867	8.851909
8007883	6.074618
8007885	10.00839
8007895	6.797277
8007902	3.06469
8007904	7.883295
8007917	5.809589
8007919	9.143957
8007921	4.776419
8007931	5.260143
8007949	5.253535
8007976	9.83797
8007990	6.967395
8007992	8.613189
8008016	6.306935
8008029	5.721648
8008038	4.584843
8008040	4.837516
8008049	3.776276
8008052	6.432205
8008064	7.556834
8008074	9.333467
8008087	9.067151
8008096	6.912085
8008110	5.473103
8008113	9.177826
8008130	3.468467
8008132	7.582092
8008139	9.083029
8008151	4.493397
8008170	3.977519
8008172	5.169556
8008185	5.86258
8008195	4.104206
8008201	5.681313
8008208	6.447424
8008213	8.531978
8008228	5.873154
8008237	7.251592
8008263	7.603222
8008277	5.456657
8008289	7.185416
8008297	7.056372
8008310	4.588346
8008321	7.546938
8008339	7.18493
8008350	4.412895
8008372	7.208815
8008388	6.967628
8008409	4.86594
8008454	6.885364
8008491	2.842408
8008493	9.180655
8008511	5.437691
8008517	7.614038
8008530	7.825727
8008540	4.14045
8008544	5.039533
8008547	9.230373
8008564	6.691206
8008566	5.599638
8008588	4.506864
8008596	3.73896
8008598	6.725837
8008609	7.39418
8008627	4.36091
8008629	5.650349
8008644	5.782033
8008646	9.299224
8008662	5.880798
8008664	8.665635
8008682	9.204345
8008700	7.466205
8008702	7.559496
8008706	8.666322
8008711	4.249517
8008716	6.058514
8008718	2.966803
8008723	4.987933
8008736	4.561728
8008754	5.798713
8008768	3.548248
8008778	2.623678
8008780	2.141163
8008782	3.251149
8008784	4.079753
8008795	4.897902
8008802	5.838927
8008817	3.682759
8008819	8.385474
8008825	7.578468
8008834	10.50818
8008868	6.127153
8008870	10.54704
8008885	9.336472
8008887	7.994794
8008900	5.542618
8008912	4.711614
8008914	3.660065
8008922	7.809042
8008933	7.929767
8008963	3.791854
8008965	4.939695
8008969	5.944411
8008980	5.30898
8008982	5.065383
8008991	3.163573
8008995	2.813106
8009006	3.203451
8009008	7.401929
8009014	8.266545
8009040	5.187022
8009073	2.243853
8009075	7.06581
8009094	6.717503
8009096	5.25044
8009145	4.9178
8009164	9.332301
8009176	6.765131
8009183	6.875686
8009205	9.957256
8009227	9.933675
8009241	8.233355
8009243	4.615646
8009253	4.572542
8009255	8.331499
8009275	3.944667
8009277	3.978652
8009299	4.043653
8009301	7.468137
8009322	5.026912
8009324	3.672336
8009326	4.420292
8009334	6.376985
8009343	4.72789
8009349	4.657137
8009351	5.30864
8009353	8.941139
8009366	7.181718
8009380	6.129107
8009382	8.420674
8009417	7.791519
8009430	6.461502
8009432	8.782222
8009443	6.337452
8009457	10.82973
8009474	1.992176
8009476	6.362688
8009491	2.430119
8009493	4.205776
8009502	6.699153
8009513	4.807271
8009515	2.519962
8009517	7.419841
8009524	4.509268
8009526	5.073625
8009533	7.518108
8009552	6.42415
8009561	10.7341
8009568	5.920823
8009585	4.892227
8009602	4.558259
8009631	6.442561
8009639	7.414564
8009653	7.148082
8009662	3.87005
8009666	6.049355
8009685	9.960419
8009693	6.260984
8009705	4.520912
8009713	5.785823
8009721	5.634769
8009727	7.574769
8009737	7.640342
8009746	7.855095
8009755	6.618667
8009759	2.120101
8009761	7.862886
8009784	8.078407
8009792	2.471957
8009794	2.112213
8009796	8.435156
8009832	6.720709
8009844	7.869427
8009873	6.131837
8009875	5.974448
8009913	6.284816
8009929	7.17543
8009932	7.776295
8009951	7.736017
8009995	7.192533
8010012	7.29983
8010017	7.108169
8010021	6.040788
8010030	5.758175
8010036	5.142521
8010050	7.993165
8010057	2.552184
8010059	3.111894
8010061	4.97323
8010071	5.184051
8010078	7.321816
8010080	3.426238
8010082	4.51247
8010084	5.680026
8010086	7.598624
8010092	7.368334
8010113	5.684657
8010137	7.543016
8010139	7.687132
8010161	7.548903
8010184	5.701332
8010186	4.230015
8010188	6.601858
8010210	3.404471
8010212	6.189499
8010237	6.061169
8010243	10.04876
8010248	7.581604
8010260	4.85005
8010271	8.159973
8010285	5.886534
8010287	5.32719
8010295	7.322002
8010313	5.499349
8010320	5.252322
8010328	4.735787
8010354	6.667919
8010379	5.762816
8010405	6.480203
8010426	8.875593
8010454	9.053185
8010499	5.985779
8010512	6.398914
8010550	6.630925
8010560	4.273693
8010562	7.564884
8010583	5.629357
8010590	5.904464
8010614	5.022934
8010622	2.786642
8010624	5.521372
8010629	5.786959
8010638	8.08971
8010664	7.469041
8010673	6.888655
8010686	5.76525
8010696	7.052279
8010702	7.001574
8010719	5.892526
8010737	6.237591
8010747	7.861128
8010766	5.316237
8010768	7.92154
8010770	8.370844
8010778	5.511756
8010780	4.572074
8010783	5.591912
8010785	2.792006
8010787	6.520726
8010804	7.585678
8010820	8.075657
8010832	8.576797
8010841	5.565881
8010848	8.12555
8010897	6.565553
8010901	5.707349
8010903	6.635969
8010915	5.843069
8010918	7.385256
8010924	8.338528
8010946	7.562158
8010949	9.348407
8010963	5.340139
8010967	5.967381
8010978	8.119059
8010983	8.303127
8011009	2.563044
8011011	10.18519
8011018	9.285511
8011027	8.633238
8011062	7.751686
8011077	10.03828
8011093	8.161633
8011110	5.849166
8011112	7.243509
8011114	6.547336
8011131	7.834472
8011141	10.1524
8011188	7.391499
8011193	6.320271
8011200	6.689479
8011212	8.929096
8011214	6.456986
8011218	4.790013
8011220	6.049795
8011222	7.076771
8011245	7.565164
8011262	6.5785
8011270	6.338095
8011275	7.616312
8011291	6.08514
8011293	7.970096
8011320	4.041133
8011322	3.98412
8011324	3.292858
8011328	5.352774
8011331	4.272991
8011337	4.627068
8011339	4.17676
8011341	2.358986
8011343	3.045061
8011354	4.650839
8011375	6.612193
8011396	7.627861
8011407	9.205528
8011415	4.800087
8011430	6.151906
8011462	8.61511
8011480	5.718177
8011499	4.740566
8011516	9.648426
8011542	7.771791
8011599	8.059235
8011626	9.209623
8011640	7.288168
8011671	8.268808
8011678	3.529616
8011680	5.601454
8011692	6.916961
8011713	7.871296
8011724	4.487299
8011732	4.209343
8011734	5.251608
8011747	8.472189
8011759	9.027559
8011765	6.656954
8011774	7.116219
8011797	5.236353
8011808	6.007041
8011817	4.766991
8011823	6.34175
8011826	5.370103
8011832	8.223904
8011850	8.945716
8011861	7.034131
8011875	9.011552
8011884	5.688931
8011912	5.478156
8011924	6.80258
8011945	7.415548
8011968	7.243165
8011975	5.543593
8011990	4.173453
8012000	6.263858
8012004	4.433933
8012006	6.057563
8012013	5.26268
8012028	5.23499
8012043	5.024377
8012054	4.584823
8012079	7.767145
8012099	7.216946
8012110	10.46416
8012116	8.192562
8012126	10.39737
8012138	3.205184
8012140	6.438258
8012150	8.04963
8012166	6.27419
8012197	6.119876
8012207	6.75582
8012212	7.538786
8012218	7.342245
8012220	5.810332
8012226	7.553841
8012247	7.539268
8012257	8.233882
8012270	5.686792
8012274	6.490551
8012282	5.83112
8012285	4.820726
8012304	8.419787
8012309	4.554499
8012326	4.735724
8012344	5.786727
8012349	5.797983
8012376	6.615579
8012383	6.605587
8012397	6.262066
8012403	5.808605
8012416	5.510263
8012423	7.131666
8012450	5.643733
8012464	5.831159
8012466	6.125309
8012469	8.553583
8012473	6.852577
8012475	7.321887
8012518	5.630574
8012520	3.786141
8012528	4.296013
8012535	6.357537
8012539	5.203462
8012558	5.708
8012581	7.219662
8012591	4.664223
8012598	3.720725
8012605	5.464462
8012625	3.53863
8012663	2.716053
8012696	2.801338
8012726	2.815211
8012753	3.733202
8012787	4.440927
8012823	7.902488
8012830	6.601399
8012837	4.760911
8012839	4.632366
8012843	6.409249
8012852	3.871386
8012854	2.002027
8012856	8.473989
8012883	5.368155
8012887	5.346826
8012891	5.690815
8012893	4.134355
8012896	6.953266
8012906	3.789755
8012908	4.24806
8012918	5.935369
8012924	5.964355
8012928	2.062837
8012931	6.092779
8012949	6.190872
8012951	7.033855
8012953	9.199616
8012958	5.196871
8012961	9.167854
8013013	4.420932
8013015	7.307707
8013022	5.110543
8013026	5.511312
8013035	6.250566
8013042	8.185162
8013049	5.023403
8013061	7.195223
8013068	6.022863
8013071	6.497848
8013089	4.144047
8013094	8.413339
8013109	7.205467
8013112	6.00169
8013120	7.14265
8013131	4.782104
8013135	6.650277
8013157	7.291686
8013159	8.605592
8013177	2.243384
8013179	6.488926
8013191	8.761825
8013222	7.112489
8013243	7.281477
8013259	6.293797
8013262	7.227553
8013268	5.604433
8013272	6.01265
8013292	3.718355
8013294	5.123278
8013305	5.060497
8013307	9.939561
8013309	4.513055
8013312	5.196902
8013319	4.152167
8013323	10.89603
8013325	10.89603
8013327	5.801827
8013329	10.89603
8013331	5.37937
8013341	4.06952
8013348	11.63438
8013354	6.750183
8013356	3.303383
8013358	2.234195
8013360	2.222063
8013362	2.626958
8013364	4.409779
8013384	6.612266
8013399	6.747691
8013431	7.545698
8013448	2.037822
8013450	8.063402
8013465	6.753624
8013473	5.157526
8013479	5.542891
8013484	2.303143
8013486	8.937391
8013500	6.858077
8013509	6.928554
8013515	5.079078
8013517	3.004782
8013519	4.26364
8013521	8.37044
8013523	4.813287
8013525	2.639189
8013527	2.185683
8013529	5.636839
8013531	3.976178
8013533	5.850114
8013536	5.363233
8013567	5.866923
8013570	2.992432
8013572	3.048787
8013574	5.50363
8013581	7.967847
8013588	9.25219
8013602	4.599164
8013606	4.855678
8013616	7.18927
8013622	5.974293
8013633	6.996827
8013641	8.585821
8013660	6.855803
8013671	4.091144
8013696	9.147963
8013741	8.584831
8013747	5.782732
8013753	6.213562
8013771	6.745274
8013776	7.588819
8013784	2.331932
8013786	2.340421
8013788	8.769786
8013804	7.51337
8013812	6.921651
8013833	5.048144
8013858	4.39806
8013860	6.931539
8013906	9.315697
8013908	9.16755
8013915	6.099261
8013917	2.720458
8013919	6.563193
8013923	7.628944
8013947	4.702314
8013965	6.744218
8013987	4.459101
8013989	4.151423
8014008	7.000994
8014023	5.080344
8014025	3.039071
8014033	3.323221
8014035	5.168071
8014037	7.597677
8014047	6.723561
8014057	3.162073
8014063	7.076791
8014066	4.009255
8014071	3.050622
8014073	6.431569
8014081	8.506416
8014100	7.203126
8014113	2.30717
8014115	8.720455
8014140	6.718755
8014142	5.347738
8014144	3.720724
8014158	3.781369
8014160	4.909473
8014167	4.565561
8014169	4.492733
8014172	5.072857
8014189	7.466747
8014197	3.868502
8014199	6.621933
8014214	6.290766
8014230	5.555817
8014233	6.035314
8014241	4.837143
8014248	4.804452
8014257	6.154615
8014259	3.010355
8014264	7.214123
8014269	5.751875
8014282	7.082283
8014298	3.75082
8014316	7.187136
8014326	3.781185
8014334	2.97337
8014342	3.849978
8014349	5.819432
8014361	3.44163
8014369	7.654884
8014376	8.624331
8014391	8.333548
8014397	8.537162
8014414	8.333548
8014420	8.669017
8014435	2.937054
8014437	8.64897
8014452	3.42516
8014454	6.494498
8014485	5.203805
8014487	8.898806
8014551	8.211021
8014574	7.631693
8014591	5.840226
8014603	8.665975
8014633	8.67364
8014648	2.937054
8014650	9.805676
8014664	6.491987
8014666	4.855477
8014679	5.543123
8014700	4.661345
8014702	5.818263
8014704	6.090249
8014706	7.040457
8014723	8.271534
8014738	7.294614
8014749	8.285972
8014755	7.725075
8014757	2.470589
8014768	4.806797
8014787	4.161845
8014794	5.770993
8014812	5.265477
8014825	7.374619
8014841	7.724984
8014861	2.71887
8014865	4.894856
8014871	7.86085
8014882	8.49359
8014891	5.850419
8014903	7.591749
8014916	9.072048
8014925	8.041914
8014954	2.407655
8014956	5.748114
8014969	6.073034
8014974	4.061829
8015016	6.626692
8015031	5.315235
8015037	4.604829
8015039	9.518761
8015049	2.965877
8015060	4.926005
8015070	3.622597
8015078	3.018773
8015087	3.975866
8015095	2.415427
8015104	5.520905
8015115	3.382583
8015124	4.412084
8015133	7.294269
8015144	3.771915
8015152	4.034498
8015163	2.869647
8015169	4.265582
8015173	4.542631
8015179	5.874576
8015187	6.505086
8015189	5.957439
8015196	6.210738
8015206	7.560685
8015208	7.575398
8015210	6.590414
8015214	6.904387
8015218	7.094846
8015221	7.030501
8015223	6.506291
8015230	6.865289
8015232	5.249655
8015236	6.08083
8015240	4.478103
8015242	6.700523
8015247	5.69122
8015252	5.393116
8015257	6.22527
8015262	5.364223
8015268	4.177073
8015273	4.793009
8015280	4.720263
8015287	4.052146
8015293	4.653144
8015301	4.366583
8015312	3.047943
8015323	13.22121
8015337	8.865253
8015349	12.51772
8015357	3.778822
8015366	5.975965
8015376	6.350761
8015387	7.001287
8015396	5.689498
8015410	5.753661
8015412	9.314682
8015432	5.872949
8015445	7.457254
8015456	6.964009
8015460	8.865547
8015490	7.751202
8015503	4.519755
8015511	6.410721
8015526	7.067444
8015545	9.63498
8015554	5.226038
8015572	5.629166
8015575	6.235309
8015590	8.003244
8015607	10.47738
8015635	5.016412
8015642	5.376311
8015655	9.304201
8015665	6.986221
8015681	5.990926
8015685	7.581958
8015706	5.784445
8015712	8.209831
8015715	8.251662
8015730	5.142838
8015735	3.940697
8015737	7.928005
8015739	2.911711
8015741	7.047029
8015757	5.694314
8015759	8.645055
8015769	4.634196
8015798	5.832971
8015802	2.20102
8015804	5.510489
8015806	4.089111
8015821	5.587839
8015827	5.700219
8015835	7.311874
8015846	5.491642
8015868	4.186529
8015884	4.163041
8015890	5.115036
8015900	6.862381
8015906	3.501665
8015908	8.206824
8015914	7.449044
8015944	3.247218
8015946	6.710515
8015955	6.627779
8015969	8.941733
8015991	4.268516
8016018	9.344768
8016033	5.827699
8016042	2.430119
8016044	5.387005
8016077	7.585147
8016086	5.623499
8016088	7.117819
8016094	4.970337
8016099	8.847085
8016128	5.659564
8016139	5.187373
8016147	4.615607
8016155	6.968287
8016159	8.769358
8016168	7.719128
8016187	4.509758
8016194	5.811373
8016213	5.257702
8016215	7.28756
8016232	6.053735
8016239	7.259972
8016245	9.013375
8016257	5.769638
8016259	7.050861
8016261	6.254389
8016263	4.981993
8016266	7.868553
8016283	2.759334
8016285	7.720936
8016300	7.391724
8016311	5.273579
8016320	7.057222
8016324	6.972448
8016336	7.171956
8016366	6.467546
8016371	6.82609
8016382	6.588963
8016387	8.591143
8016390	6.770001
8016400	5.48816
8016402	7.887364
8016412	3.514695
8016414	4.377794
8016429	6.162429
8016431	2.343955
8016433	5.077445
8016438	6.733518
8016444	6.187526
8016452	6.029548
8016455	3.168113
8016457	4.818256
8016463	5.082054
8016468	4.523708
8016473	5.096438
8016476	5.056744
8016482	4.84976
8016484	4.738123
8016487	6.887369
8016494	3.733576
8016504	5.32945
8016508	7.506205
8016519	5.78696
8016521	2.746407
8016523	4.315893
8016532	3.889276
8016540	4.824624
8016546	7.486826
8016552	9.57167
8016562	9.142079
8016578	8.387694
8016590	6.435052
8016600	5.065069
8016607	5.149297
8016609	4.810156
8016615	5.092815
8016628	6.542773
8016640	6.199735
8016646	6.450418
8016699	7.918443
8016708	9.13302
8016718	4.992966
8016725	7.287799
8016735	4.302518
8016739	10.77807
8016745	8.238006
8016787	6.479077
8016789	8.141593
8016806	5.362054
8016808	3.843029
8016825	6.962533
8016832	3.897096
8016841	2.603213
8016847	8.535265
8016858	8.79318
8016866	4.084454
8016868	4.704186
8016870	6.096652
8016878	6.720946
8016891	8.618815
8016898	11.20608
8016909	5.929892
8016932	4.260427
8016947	5.931107
8016980	4.193347
8016982	8.871436
8016994	8.092316
8017010	3.649084
8017019	8.748732
8017039	5.689755
8017057	3.671539
8017061	3.178013
8017096	6.233449
8017098	7.416674
8017100	4.544949
8017102	4.458534
8017104	2.888041
8017106	7.210591
8017133	7.489719
8017139	2.248873
8017141	2.59378
8017143	5.91507
8017148	2.077822
8017150	6.745758
8017162	8.565342
8017173	7.990617
8017186	7.115929
8017210	6.202764
8017212	8.017498
8017235	8.951991
8017251	3.879719
8017253	3.558455
8017257	3.536819
8017259	4.018904
8017262	3.796536
8017283	7.42151
8017310	2.261301
8017312	9.333183
8017344	6.218558
8017346	7.55889
8017361	5.176339
8017363	2.002627
8017365	3.293901
8017378	7.798101
8017391	2.787848
8017393	6.628837
8017402	6.34831
8017421	9.879833
8017437	7.700638
8017460	8.199621
8017476	5.510283
8017480	4.247892
8017488	5.395316
8017499	5.878666
8017505	3.465833
8017511	5.000312
8017521	5.216725
8017547	5.350437
8017555	7.556952
8017582	7.599509
8017597	7.055655
8017599	6.626493
8017619	2.986483
8017621	6.65397
8017634	10.91784
8017651	7.567896
8017671	7.72624
8017675	9.369355
8017688	8.601341
8017702	5.284321
8017704	6.983609
8017711	8.728704
8017718	5.876886
8017736	3.396858
8017766	2.820027
8017776	8.421253
8017810	8.105031
8017825	4.359711
8017827	4.369314
8017829	4.805861
8017831	5.76569
8017840	5.807363
8017843	6.350007
8017850	8.452341
8017867	4.969535
8017885	3.098145
8017927	3.480184
8017964	3.057243
8018006	4.339585
8018038	8.432347
8018078	2.198889
8018082	8.695715
8018093	4.301561
8018095	3.933907
8018097	8.421204
8018102	4.304788
8018107	7.158053
8018114	4.797744
8018156	3.49334
8018164	5.283318
8018169	4.819325
8018177	5.961216
8018184	4.174406
8018189	5.802266
8018196	6.533177
8018209	7.641278
8018220	5.393104
8018236	6.000088
8018251	5.465383
8018258	5.132766
8018264	8.436945
8018288	10.72347
8018295	2.374147
8018297	6.73783
8018305	7.277742
8018315	9.691572
8018324	7.098455
8018343	6.596115
8018352	5.311707
8018364	8.375857
8018377	5.253482
8018379	5.62024
8018400	7.210772
8018428	6.612875
8018439	11.07562
8018445	4.338172
8018449	5.778673
8018482	7.820658
8018494	6.431036
8018502	6.36071
8018511	6.258867
8018522	6.205315
8018558	8.556877
8018579	7.676805
8018600	9.679196
8018620	7.966212
8018646	5.451932
8018652	5.276472
8018673	4.756001
8018694	7.984971
8018708	6.229062
8018731	5.645377
8018754	5.448614
8018761	6.166886
8018774	8.103304
8018786	4.978658
8018791	4.52956
8018793	6.356305
8018803	9.861031
8018816	6.982959
8018818	3.75156
8018823	7.533751
8018849	6.513509
8018860	3.656415
8018864	6.883174
8018870	5.302108
8018872	5.425812
8018906	7.456557
8018908	4.027325
8018922	8.09507
8018935	4.528902
8018937	6.831607
8018966	7.40141
8018972	5.405138
8018975	10.16704
8018982	8.855397
8018993	5.234124
8019005	5.955809
8019010	6.600674
8019018	6.241871
8019031	6.75608
8019046	8.812653
8019061	7.75533
8019071	4.812538
8019074	4.978048
8019081	5.081399
8019083	6.356544
8019088	4.548482
8019090	5.46424
8019108	6.179377
8019136	6.110431
8019149	7.856638
8019170	5.981752
8019177	5.905717
8019181	6.173882
8019183	12.77802
8019194	6.818436
8019211	8.883634
8019231	5.614257
8019238	7.254759
8019243	5.159899
8019250	11.58118
8019263	8.11625
8019273	8.290745
8019280	7.835061
8019296	7.585786
8019308	6.710325
8019316	5.992308
8019331	6.145121
8019334	4.934808
8019347	4.354298
8019350	6.832595
8019357	10.04666
8019367	6.568079
8019376	8.500324
8019392	7.49765
8019437	6.312177
8019463	9.777008
8019478	7.272707
8019486	6.883436
8019494	6.611475
8019507	7.376036
8019517	4.002227
8019521	4.638982
8019523	10.1733
8019532	6.732865
8019541	7.576123
8019545	5.59424
8019559	5.568944
8019561	1.812927
8019563	5.537362
8019565	6.506291
8019570	4.812854
8019574	6.904387
8019576	6.590414
8019578	6.210738
8019585	5.957439
8019588	5.874576
8019593	4.542631
8019597	4.265582
8019599	2.869647
8019604	4.034498
8019614	3.771915
8019622	6.808381
8019631	10.85037
8019633	10.85037
8019635	10.85037
8019637	10.85037
8019639	10.85037
8019641	10.85037
8019643	5.026695
8019647	2.937054
8019649	6.491987
8019651	7.354147
8019655	8.667256
8019669	5.206235
8019687	5.692421
8019693	7.052279
8019699	5.52101
8019703	10.85037
8019705	10.85037
8019707	10.85037
8019709	10.89596
8019711	5.871148
8019716	8.707409
8019731	8.333548
8019737	7.648342
8019751	2.446198
8019754	6.114717
8019762	11.0903
8019765	7.810985
8019772	8.489889
8019778	7.905784
8019796	7.277693
8019798	6.541968
8019802	10.83172
8019804	3.630303
8019807	8.125915
8019828	3.501132
8019831	4.630353
8019842	4.317887
8019851	4.753621
8019857	2.923941
8019875	1.982055
8019877	10.25968
8019885	9.343781
8019908	5.041692
8019910	3.877542
8019912	6.490343
8019924	7.464612
8019930	10.62855
8019937	5.348855
8019939	6.441002
8019954	7.492078
8019958	2.165186
8019960	2.581417
8019962	4.603679
8019964	3.56965
8019988	7.853585
8020025	5.743501
8020027	5.124279
8020029	7.483753
8020037	5.135891
8020058	8.467615
8020068	7.64564
8020086	7.101701
8020088	5.462925
8020090	8.739643
8020100	8.848526
8020110	8.163088
8020123	4.749852
8020129	8.841018
8020139	8.476771
8020141	7.448327
8020149	8.900192
8020162	6.417332
8020164	6.02453
8020179	9.29406
8020183	6.967635
8020197	2.73507
8020209	2.588722
8020211	4.374766
8020220	6.796455
8020226	5.688081
8020239	2.94901
8020241	8.661299
8020252	1.807972
8020254	7.935205
8020267	7.924916
8020308	6.479714
8020321	6.261703
8020323	7.712874
8020339	4.100439
8020343	4.134096
8020347	3.733522
8020349	4.545225
8020352	3.545642
8020354	3.644776
8020357	2.309149
8020375	3.451942
8020377	3.740869
8020382	2.717401
8020384	3.473256
8020411	7.00184
8020419	4.473559
8020421	2.110382
8020423	7.419394
8020449	5.744975
8020451	5.238952
8020453	3.47824
8020455	6.297941
8020464	3.194329
8020466	2.072417
8020468	8.209781
8020491	6.273573
8020493	4.269778
8020495	7.974862
8020508	9.290124
8020527	7.99236
8020549	5.268343
8020551	7.477212
8020630	6.317129
8020647	5.813394
8020650	5.490098
8020653	4.189813
8020664	2.034563
8020666	3.174304
8020668	8.272453
8020682	2.354214
8020684	3.752043
8020691	2.472399
8020702	4.71138
8020717	2.873604
8020722	2.175253
8020724	3.181973
8020740	3.336527
8020760	5.193364
8020762	5.153813
8020779	8.010855
8020795	4.350909
8020802	2.435666
8020806	6.853529
8020814	7.939422
8020825	6.949374
8020827	3.363555
8020842	5.224275
8020844	3.102144
8020847	3.305224
8020878	7.185533
8020889	6.536305
8020898	6.967707
8020903	8.688524
8020919	6.030557
8020930	8.795105
8020955	6.649662
8020973	4.707712
8021001	4.616118
8021013	3.182848
8021015	8.578759
8021043	3.891605
8021045	3.744975
8021047	5.945208
8021058	4.260861
8021081	9.222891
8021091	5.4336
8021101	5.369364
8021113	7.708421
8021120	4.620725
8021129	4.801357
8021131	4.595811
8021147	3.221154
8021150	4.936142
8021152	3.53056
8021154	6.352974
8021169	4.948244
8021181	9.63368
8021183	9.568968
8021185	3.359473
8021187	2.506453
8021199	4.467982
8021208	7.766267
8021222	6.685591
8021228	9.619826
8021243	2.741697
8021245	4.268674
8021275	7.734868
8021286	2.966845
8021297	3.077695
8021301	9.330202
8021312	7.925306
8021342	4.141048
8021344	6.109233
8021349	3.002131
8021357	5.265231
8021363	5.256556
8021365	6.927964
8021368	5.09147
8021372	3.109413
8021374	3.743901
8021376	10.27398
8021416	2.052871
8021418	7.630095
8021440	4.695557
8021442	8.032866
8021453	8.521769
8021461	5.674672
8021468	5.707935
8021470	4.732149
8021478	4.887695
8021480	2.501558
8021482	3.067125
8021484	4.051244
8021496	8.876904
8021528	7.366154
8021540	2.666567
8021542	6.771758
8021546	6.650336
8021563	6.435462
8021565	7.377985
8021584	6.170979
8021594	2.990077
8021603	7.504949
8021614	8.311374
8021623	3.629753
8021635	6.434979
8021645	3.847783
8021653	6.964143
8021664	2.77786
8021666	2.470605
8021668	3.414424
8021683	2.204979
8021685	3.016473
8021695	3.996955
8021707	9.030073
8021712	6.500572
8021714	4.877488
8021716	7.141711
8021725	5.921268
8021727	10.44292
8021741	4.042325
8021756	6.591304
8021768	6.499821
8021774	5.255654
8021777	3.320089
8021783	6.399426
8021818	4.552582
8021824	3.06325
8021826	6.596818
8021832	7.926785
8021866	5.392414
8021884	7.382134
8021900	5.89547
8021905	6.518716
8021914	6.6918
8021919	6.816535
8021924	8.210434
8021946	5.085611
8021963	6.371175
8021966	8.535615
8021984	8.603752
8021993	3.830088
8021995	2.585685
8022007	5.05673
8022009	7.324046
8022020	2.98559
8022022	6.162658
8022043	7.100425
8022045	4.654549
8022085	5.012781
8022100	4.426222
8022102	2.116983
8022104	3.20477
8022106	4.208749
8022110	7.175357
8022118	6.95776
8022145	5.899918
8022168	2.820771
8022170	12.26855
8022176	4.49015
8022243	3.780205
8022245	2.641006
8022247	2.423365
8022249	3.362846
8022251	8.735348
8022275	2.403058
8022277	6.757999
8022279	3.091476
8022281	2.180047
8022283	3.140401
8022295	3.859694
8022310	4.164547
8022320	9.554545
8022326	6.996706
8022338	8.289213
8022340	2.429798
8022342	8.437323
8022356	6.619889
8022378	3.098823
8022380	5.270921
8022393	7.046268
8022404	6.164842
8022410	4.683284
8022412	3.485285
8022418	6.755937
8022420	3.653413
8022426	4.127964
8022428	3.564034
8022434	4.164986
8022436	2.719626
8022439	2.019046
8022441	8.095704
8022471	1.950171
8022473	7.406243
8022488	7.324955
8022498	2.751107
8022500	2.045949
8022502	3.400766
8022504	2.498619
8022506	4.095714
8022508	3.457612
8022514	6.076143
8022531	8.3201
8022557	4.570117
8022559	5.054818
8022570	2.385834
8022572	6.909492
8022606	5.346819
8022608	6.158177
8022610	4.868689
8022612	4.221303
8022623	5.911104
8022625	8.47592
8022640	7.558508
8022642	1.740386
8022644	2.37807
8022646	6.776475
8022653	5.067359
8022655	3.061938
8022666	5.767659
8022674	3.906245
8022692	6.589259
8022711	6.809742
8022728	3.126344
8022745	2.215733
8022747	3.933087
8022761	2.921557
8022763	2.309049
8022767	8.486797
8022799	4.787186
8022803	8.458443
8022814	12.49049
8022817	3.810653
8022831	2.142191
8022856	3.736322
8022870	5.16166
8022872	5.588777
8022882	8.198494
8022892	4.401132
8022902	5.669978
8022912	5.384228
8022914	8.781442
8022927	10.10802
8022941	7.713077
8022952	5.316325
8022970	4.554553
8022972	10.13709
8022974	2.828521
8022976	2.836774
8022986	3.70388
8022994	2.728144
8022996	7.607832
8023043	6.842009
8023059	5.481629
8023061	5.09797
8023063	10.46651
8023078	2.764702
8023080	4.686325
8023121	4.326157
8023133	8.721143
8023152	5.252999
8023154	5.31654
8023156	5.408382
8023159	4.13856
8023165	8.981711
8023175	9.07354
8023184	5.732741
8023187	2.074624
8023189	5.447969
8023191	8.19587
8023195	9.038434
8023212	7.445242
8023216	4.321288
8023218	4.821424
8023220	6.608333
8023228	8.662454
8023246	7.763952
8023252	7.416323
8023259	6.352732
8023261	5.19418
8023267	9.056331
8023308	5.893978
8023310	3.936679
8023312	4.137464
8023314	3.616123
8023323	8.004316
8023344	7.061717
8023361	3.319178
8023373	2.277964
8023375	3.201253
8023377	7.658209
8023380	3.799506
8023382	9.205808
8023392	7.390265
8023394	2.313265
8023401	3.895078
8023415	5.100978
8023437	3.692822
8023448	5.582431
8023450	7.880509
8023462	2.519251
8023466	6.6984
8023481	10.89267
8023497	10.94602
8023526	8.011494
8023528	3.815324
8023545	2.167247
8023549	6.174327
8023554	2.858301
8023561	9.49012
8023575	4.07426
8023591	3.200976
8023593	3.55352
8023596	4.026189
8023598	8.625995
8023605	8.747098
8023640	2.994239
8023642	2.1913
8023646	7.212767
8023656	8.888262
8023672	9.758936
8023688	4.913266
8023696	6.952544
8023703	3.568586
8023708	3.940107
8023710	3.341517
8023727	4.478498
8023735	7.005205
8023757	4.575433
8023766	6.852033
8023816	2.933744
8023822	4.606617
8023828	2.828784
8023843	3.891726
8023855	11.76578
8023862	7.129961
8023864	4.213083
8023868	7.41326
8023871	8.4215
8023876	3.564047
8023882	6.771638
8023889	6.390588
8023906	1.911269
8023908	2.507559
8023910	4.855683
8023914	7.285767
8023920	7.077507
8023926	4.756137
8023933	5.396532
8023935	2.994098
8023937	3.254678
8023939	5.260269
8023941	6.505123
8023948	6.622468
8023955	9.482378
8023968	6.6969
8023977	6.020333
8023984	6.198707
8023990	5.980208
8023995	5.895833
8024001	7.527624
8024003	6.228703
8024013	7.014779
8024019	9.430768
8024038	5.402208
8024048	6.619415
8024056	6.177408
8024062	9.009088
8024070	6.045007
8024078	5.927967
8024089	7.043222
8024100	5.798473
8024111	7.720199
8024120	6.406654
8024170	5.954982
8024194	10.02861
8024204	7.166633
8024219	8.432321
8024228	7.186778
8024238	11.67766
8024246	7.520503
8024250	6.445974
8024255	7.174211
8024273	7.315109
8024282	7.476845
8024299	10.02226
8024304	5.578434
8024306	5.024912
8024323	7.833508
8024331	6.709675
8024347	6.744399
8024356	6.168045
8024358	7.359635
8024373	5.693732
8024391	6.099651
8024420	7.495207
8024429	6.239407
8024436	10.58483
8024444	5.211765
8024446	7.981108
8024467	5.200328
8024485	7.713435
8024494	2.800961
8024497	5.839328
8024511	6.304779
8024518	6.23174
8024527	4.515839
8024532	6.621519
8024537	4.734642
8024557	8.011915
8024566	7.8731
8024572	7.716805
8024582	5.298261
8024584	7.274698
8024605	5.167809
8024623	7.37678
8024637	7.591961
8024655	6.929699
8024660	8.052582
8024676	5.251088
8024682	5.350079
8024687	9.263241
8024708	5.418633
8024712	5.247352
8024728	5.965372
8024740	7.074439
8024754	5.653462
8024768	5.758417
8024792	5.283555
8024798	6.812457
8024808	5.354622
8024816	4.863402
8024829	5.990861
8024843	7.207775
8024864	6.803461
8024882	5.472383
8024885	4.656218
8024888	4.789949
8024896	4.602308
8024898	7.01224
8024900	5.377081
8024909	6.546018
8024934	4.776683
8024936	9.307693
8024956	5.588713
8024966	7.024644
8024971	4.096479
8024995	6.342883
8025000	6.217652
8025004	9.014935
8025011	3.590979
8025028	7.211936
8025035	6.360955
8025041	6.991138
8025051	6.574765
8025053	6.04279
8025058	8.018227
8025076	6.502995
8025103	5.033782
8025124	5.050362
8025126	5.048864
8025129	4.505393
8025132	6.59024
8025142	7.501594
8025169	4.466928
8025179	7.475645
8025183	7.570157
8025199	7.248395
8025237	7.274979
8025255	8.644296
8025278	5.655706
8025285	6.298995
8025296	8.19728
8025301	4.440927
8025303	4.011443
8025321	6.628722
8025328	5.878769
8025347	6.03934
8025351	5.5904
8025368	7.068197
8025375	4.938219
8025382	6.859443
8025395	12.18113
8025402	5.443965
8025414	9.233403
8025421	8.001165
8025429	10.46541
8025450	5.288665
8025452	2.598907
8025456	4.323013
8025458	7.084852
8025470	3.754714
8025474	2.576519
8025476	3.466096
8025478	7.61868
8025488	5.835023
8025498	10.63609
8025500	8.059936
8025506	7.188794
8025515	5.193895
8025522	3.903197
8025551	6.63861
8025563	6.210244
8025584	3.251576
8025586	6.809788
8025601	7.196653
8025612	5.678437
8025621	5.653425
8025633	6.241502
8025659	7.442514
8025672	11.64522
8025697	8.804303
8025728	6.970425
8025741	9.383937
8025766	7.507709
8025783	6.892342
8025788	7.970311
8025826	6.324985
8025828	7.51035
8025850	5.290092
8025858	3.313001
8025868	6.7821
8025877	6.634311
8025888	6.77702
8025893	3.504911
8025895	9.710382
8025918	4.78517
8025927	7.160031
8025933	3.93176
8025945	6.264254
8025951	4.899073
8025958	7.604242
8025964	6.755599
8025968	6.256501
8025973	8.347301
8025978	6.344455
8025982	4.064187
8025984	7.069597
8025990	3.230727
8025992	4.589435
8025996	3.24158
8025998	7.658587
8026005	3.326478
8026007	7.531243
8026013	6.239294
8026024	7.923176
8026035	4.811728
8026047	8.322544
8026051	6.749498
8026063	4.610753
8026090	6.553238
8026106	9.853277
8026122	7.741045
8026133	4.631693
8026139	7.718587
8026155	6.868413
8026163	9.422096
8026170	7.057502
8026182	7.532078
8026193	8.665005
8026198	6.208805
8026212	5.635012
8026214	6.365828
8026217	6.920113
8026250	7.26148
8026265	4.991701
8026272	5.846959
8026292	7.156764
8026294	6.227581
8026298	5.168071
8026300	8.149573
8026315	7.089109
8026339	6.590643
8026341	8.905348
8026350	5.512412
8026361	6.61295
8026363	5.309618
8026365	5.817073
8026381	2.483815
8026383	3.742496
8026385	4.284154
8026388	4.557806
8026390	5.501714
8026398	4.224545
8026405	5.739461
8026407	4.694474
8026418	2.624886
8026420	3.709619
8026422	5.564167
8026424	5.875895
8026440	10.62719
8026442	7.727538
8026456	7.606713
8026468	9.347283
8026483	4.03024
8026486	3.262602
8026488	4.649965
8026490	5.245262
8026494	3.422436
8026496	4.032243
8026503	4.147309
8026513	8.834805
8026520	7.079215
8026533	6.555445
8026541	7.644439
8026548	6.760871
8026564	6.616548
8026568	5.18635
8026579	5.371806
8026587	5.377093
8026610	6.961007
8026631	5.26798
8026638	7.263765
8026679	7.387662
8026687	6.39993
8026696	2.958571
8026698	8.241439
8026712	4.960197
8026724	7.181568
8026729	7.921734
8026735	6.082815
8026751	7.344788
8026763	6.902541
8026780	6.891054
8026787	4.699552
8026806	7.753383
8026821	7.036067
8026830	4.835502
8026861	8.794251
8026868	11.83875
8026875	9.123062
8026877	4.845075
8026895	7.024143
8026900	5.262018
8026915	6.789093
8026926	6.321594
8026954	6.917883
8026971	11.40919
8026982	7.291176
8026989	3.908681
8026991	7.136307
8027002	7.230698
8027006	7.51264
8027018	7.626924
8027024	10.88381
8027032	6.566112
8027040	5.914523
8027049	5.910259
8027053	6.680114
8027074	8.395989
8027100	6.965924
8027117	7.380675
8027128	7.331019
8027139	6.713524
8027152	5.175271
8027167	2.064432
8027169	7.889636
8027184	7.509557
8027205	7.045039
8027213	6.750087
8027222	5.054485
8027233	7.362997
8027239	3.491694
8027241	6.980524
8027247	5.780986
8027254	7.338233
8027258	9.432571
8027260	9.06412
8027268	7.337549
8027272	6.401142
8027279	5.62773
8027285	5.494312
8027292	6.203672
8027297	7.078155
8027304	6.597305
8027312	6.444877
8027320	4.04054
8027323	4.841946
8027330	4.504432
8027332	2.737852
8027341	2.12368
8027343	5.208676
8027345	4.713434
8027348	4.292405
8027352	12.99066
8027354	6.493818
8027363	3.660446
8027368	7.308179
8027377	5.510757
8027381	6.36505
8027383	2.404724
8027385	6.45118
8027390	7.76734
8027398	7.1938
8027402	5.717569
8027414	5.349292
8027416	9.470348
8027431	3.362846
8027439	8.565176
8027448	6.37675
8027473	7.597521
8027480	5.213046
8027482	3.564262
8027510	5.573375
8027519	1.974594
8027521	6.4323
8027543	3.62649
8027556	5.964185
8027564	4.846921
8027566	7.177351
8027574	5.938703
8027584	5.724707
8027592	9.70783
8027604	6.710183
8027621	9.700266
8027642	5.879336
8027650	9.019146
8027665	6.765695
8027674	8.734447
8027685	6.557571
8027692	3.423766
8027701	7.080714
8027719	4.715288
8027728	6.072206
8027744	3.311281
8027746	5.154904
8027748	10.9338
8027760	6.146709
8027770	6.43952
8027778	7.642024
8027793	8.624691
8027805	8.045411
8027819	5.416135
8027824	4.485709
8027837	4.727953
8027854	5.949408
8027856	4.386737
8027860	3.985755
8027862	7.179107
8027864	5.274358
8027876	8.8083
8027884	12.45159
8027886	6.531547
8027908	6.840269
8027920	5.708086
8027932	8.899674
8027938	12.11655
8027947	5.225766
8027956	6.388377
8027996	9.279227
8028004	6.606915
8028016	5.964148
8028030	6.144253
8028058	5.260964
8028084	4.81546
8028102	5.522461
8028104	6.373775
8028112	5.940917
8028117	7.126507
8028119	5.144025
8028158	5.267463
8028162	8.17066
8028172	11.12417
8028186	7.92063
8028190	5.156297
8028192	5.788129
8028194	3.726234
8028200	4.927237
8028206	6.330357
8028213	5.626294
8028219	6.43856
8028227	7.737578
8028233	7.462935
8028241	5.33776
8028248	6.080942
8028254	6.249753
8028266	4.929966
8028275	1.928387
8028277	2.60509
8028279	2.430119
8028281	2.044598
8028283	2.600045
8028286	7.240507
8028309	5.187128
8028311	10.35567
8028323	6.707885
8028325	8.983473
8028332	7.595616
8028341	5.428374
8028380	8.68809
8028389	5.360864
8028397	7.797091
8028407	4.874905
8028514	9.550645
8028524	10.9662
8028546	6.63107
8028552	6.977994
8028563	6.17284
8028570	4.715852
8028583	7.705595
8028600	9.373996
8028607	5.278769
8028613	5.412329
8028624	7.199028
8028643	6.446175
8028645	6.936651
8028652	7.033216
8028656	5.872191
8028674	7.945855
8028705	8.524288
8028719	4.234104
8028730	5.746292
8028737	2.893512
8028742	2.971391
8028744	4.28503
8028750	3.228759
8028756	8.548769
8028770	4.09307
8028778	5.822037
8028789	2.389115
8028791	8.540465
8028806	4.801338
8028851	7.491315
8028872	6.271959
8028908	6.721566
8028916	6.948401
8028924	6.283718
8028930	7.263885
8028940	6.64518
8028950	5.603863
8028955	7.388653
8028963	4.719877
8028973	5.604603
8028984	4.388216
8028991	6.095478
8029006	5.570881
8029029	8.519161
8029050	7.240835
8029056	5.956177
8029065	8.633944
8029076	5.294754
8029086	8.793158
8029098	11.91116
8029107	6.439992
8029117	5.436586
8029129	8.304896
8029136	4.885039
8029147	6.98616
8029182	7.038473
8029188	6.172904
8029193	6.48779
8029214	3.805637
8029219	4.899073
8029236	5.950774
8029273	6.733517
8029280	6.401912
8029289	3.4062
8029299	5.293271
8029301	5.526291
8029306	5.705031
8029311	6.493556
8029318	4.721654
8029321	7.330223
8029331	5.990845
8029340	5.268819
8029347	5.424029
8029353	6.588384
8029360	6.039035
8029368	6.753814
8029377	8.006281
8029385	5.330677
8029392	7.15248
8029399	6.816716
8029413	6.730416
8029423	5.430976
8029435	2.556265
8029437	6.315167
8029446	4.866346
8029458	5.00654
8029465	7.077547
8029476	6.928946
8029489	6.310324
8029507	7.197121
8029521	6.129579
8029530	7.43991
8029536	6.152608
8029541	5.678899
8029547	4.027647
8029551	6.244368
8029560	8.816726
8029580	6.051191
8029592	6.419236
8029615	5.117807
8029617	6.897213
8029624	6.639237
8029640	6.891303
8029642	6.700471
8029669	2.884357
8029671	5.586617
8029688	5.316772
8029693	6.440072
8029701	5.137454
8029710	7.545175
8029726	4.626476
8029728	6.645536
8029744	6.741581
8029754	5.270702
8029759	7.083614
8029773	4.273192
8029779	5.196102
8029784	5.461191
8029814	7.400658
8029829	4.559715
8029831	8.978432
8029845	2.538889
8029847	5.832549
8029854	5.584486
8029856	8.867156
8029870	5.239063
8029884	8.827578
8029894	7.298335
8029907	6.856348
8029914	4.726527
8029918	6.480914
8029939	5.518213
8029950	6.384127
8029958	9.88394
8029969	8.69652
8029978	4.141353
8029988	3.50963
8029996	6.318144
8030002	3.863818
8030007	6.204896
8030015	5.609304
8030022	4.9997
8030035	7.522528
8030044	5.389048
8030049	9.326478
8030064	6.692204
8030067	7.55785
8030076	3.895326
8030078	5.891083
8030092	4.823388
8030094	8.417724
8030105	4.339552
8030113	7.360133
8030128	7.235563
8030133	9.42565
8030148	5.869769
8030158	7.150842
8030171	11.45856
8030181	6.125993
8030187	6.167397
8030199	8.961135
8030212	6.305357
8030220	5.945759
8030251	9.09049
8030277	7.143709
8030292	5.284778
8030299	5.433304
8030321	7.004805
8030339	6.991531
8030351	12.52428
8030360	7.58843
8030362	11.06593
8030364	6.476351
8030366	8.111937
8030368	12.11809
8030374	8.206894
8030383	5.178309
8030391	6.632176
8030393	5.421509
8030403	6.723202
8030416	6.237139
8030429	5.951718
8030437	7.683662
8030448	4.689629
8030470	7.095888
8030498	6.90719
8030525	7.109988
8030539	7.460567
8030557	5.99722
8030563	4.714305
8030569	5.718989
8030578	4.946397
8030582	8.46231
8030630	7.370625
8030641	5.994144
8030671	5.6243
8030677	4.376598
8030706	8.302834
8030721	5.328504
8030731	2.377177
8030733	3.828671
8030736	5.721656
8030749	4.555273
8030753	7.53404
8030768	7.274105
8030782	5.578967
8030789	5.46352
8030796	3.919176
8030804	5.679086
8030813	3.307742
8030823	5.213647
8030831	6.04083
8030838	5.419509
8030840	2.741267
8030842	6.613247
8030844	4.47516
8030846	6.128028
8030848	6.267185
8030860	7.377059
8030866	5.936647
8030871	6.231439
8030879	2.362848
8030881	9.7833
8030899	6.998301
8030908	7.205808
8030914	5.88483
8030925	6.52379
8030931	7.131951
8030939	3.350864
8030944	3.266411
8030946	8.683228
8030950	6.136755
8030954	5.540611
8030964	4.670511
8030969	4.054553
8030972	3.454126
8030974	4.536016
8030978	8.053892
8030980	11.10762
8030982	8.834855
8030991	9.079956
8030993	6.928156
8030997	5.775297
8030999	6.689988
8031011	5.11414
8031013	3.429164
8031027	2.671937
8031029	2.037848
8031031	2.38876
8031035	2.383163
8031037	2.237514
8031039	2.22425
8031045	2.847256
8031047	7.684122
8031057	4.493646
8031076	5.43967
8031084	7.09234
8031090	5.681504
8031097	8.327454
8031102	6.983281
8031122	6.708069
8031145	7.065211
8031152	10.84189
8031157	5.693584
8031176	8.259541
8031196	6.063644
8031200	3.669337
8031207	3.896578
8031213	5.048917
8031223	6.618667
8031238	7.297266
8031253	5.245354
8031260	4.770666
8031277	4.722191
8031293	4.877786
8031297	4.525276
8031311	4.764409
8031328	4.628737
8031344	6.022205
8031346	4.364868
8031358	5.114086
8031374	5.67483
8031387	5.484838
8031398	5.396245
8031414	6.977665
8031439	4.416921
8031441	5.634295
8031466	6.503474
8031475	6.450775
8031483	7.7626
8031489	6.115934
8031495	6.430913
8031499	6.257417
8031511	6.053338
8031514	5.30298
8031516	7.679316
8031522	6.729478
8031526	5.552208
8031536	7.667997
8031550	7.175627
8031566	4.679121
8031568	6.055518
8031570	2.985458
8031573	3.055599
8031576	3.139086
8031586	3.73189
8031600	3.750077
8031617	6.303836
8031622	4.495922
8031629	6.737221
8031632	6.410995
8031640	5.663143
8031646	8.204434
8031650	5.061542
8031659	6.425055
8031669	5.584533
8031675	5.846579
8031680	2.050584
8031682	4.661854
8031684	2.43918
8031686	3.200227
8031690	8.391418
8031700	5.825381
8031712	6.634497
8031714	8.870975
8031720	6.688326
8031726	6.553102
8031732	6.173964
8031737	7.272403
8031744	6.804064
8031748	6.061213
8031750	6.453899
8031759	6.411632
8031762	6.117455
8031768	6.578928
8031778	4.991869
8031784	7.85551
8031792	7.127232
8031799	2.994467
8031807	6.519588
8031815	7.884192
8031821	7.330158
8031825	9.999178
8031827	9.034472
8031837	8.049035
8031840	2.698795
8031843	6.1007
8031847	6.015923
8031857	6.594823
8031865	7.095003
8031867	9.276088
8031871	7.190668
8031884	6.584651
8031893	6.378355
8031899	8.845812
8031906	4.427566
8031908	5.552072
8031913	8.903668
8031931	6.425265
8031933	9.136626
8031939	5.752677
8031949	5.915149
8031956	5.964453
8031962	6.257612
8031973	6.953286
8031981	8.525672
8031984	3.277392
8031990	7.115098
8031992	9.442466
8031997	6.309451
8031999	11.49233
8032009	6.036792
8032023	5.198276
8032034	5.56417
8032037	5.908535
8032051	6.376707
8032057	6.791923
8032070	4.717782
8032076	7.45463
8032088	6.09204
8032094	5.843625
8032106	7.780491
8032127	8.15082
8032137	8.725633
8032149	8.326449
8032157	6.912675
8032197	6.683937
8032208	5.459068
8032212	6.077989
8032214	6.232883
8032224	7.4838
8032232	5.317204
8032249	5.772208
8032265	6.800104
8032273	3.821499
8032275	6.620965
8032284	7.504625
8032290	7.21063
8032312	5.107849
8032347	6.156107
8032365	6.762888
8032371	7.309334
8032375	5.864583
8032380	7.680871
8032392	8.570775
8032410	7.731723
8032418	8.865685
8032455	7.634691
8032465	7.163836
8032473	5.793956
8032478	5.08867
8032480	5.756126
8032484	6.948227
8032491	6.580098
8032507	2.558669
8032509	6.053507
8032518	6.513057
8032525	6.7763
8032530	7.099427
8032544	5.790559
8032553	7.823561
8032576	10.0378
8032588	5.545725
8032595	6.688053
8032601	6.028192
8032608	7.348635
8032623	5.187667
8032637	6.382183
8032650	7.06826
8032670	5.506741
8032682	5.532325
8032699	5.553209
8032718	7.131741
8032730	11.98832
8032749	4.091326
8032751	5.818278
8032755	8.151167
8032761	7.684166
8032770	6.471617
8032782	5.289801
8032789	8.164213
8032804	8.464053
8032815	8.33107
8032829	5.716113
8032834	6.814552
8032839	6.352713
8032863	8.093492
8032871	6.703851
8032899	6.370501
8032909	7.908255
8032922	5.50778
8032926	8.386463
8032965	6.875941
8032972	8.02516
8032974	8.746851
8032996	6.51368
8033002	7.009485
8033023	5.927773
8033025	6.427944
8033043	7.273212
8033054	7.619698
8033064	5.853958
8033069	7.050615
8033075	7.963439
8033097	6.21302
8033118	7.34602
8033135	7.504648
8033151	4.946804
8033159	5.705139
8033162	7.819642
8033179	5.068671
8033190	7.303907
8033207	5.499866
8033233	5.25789
8033241	4.995424
8033248	5.821583
8033257	8.578457
8033300	9.419228
8033319	6.599426
8033330	2.383723
8033332	4.515164
8033349	4.649832
8033352	4.551167
8033356	4.910092
8033359	4.910092
8033362	9.875545
8033385	6.609081
8033392	7.860789
8033414	6.129069
8033420	4.342227
8033433	5.051897
8033445	4.760052
8033455	6.766072
8033458	8.168305
8033460	6.171984
8033462	6.361474
8033465	7.199887
8033479	7.703456
8033487	4.864551
8033554	6.245854
8033564	7.122191
8033571	5.67736
8033587	5.674084
8033598	7.06471
8033605	6.870058
8033635	5.695824
8033662	6.165508
8033667	6.246886
8033674	5.261809
8033734	3.157655
8033736	3.966376
8033738	3.776689
8033740	5.348853
8033742	2.893168
8033744	4.391662
8033746	3.971078
8033754	8.587214
8033767	3.153584
8033780	7.275095
8033789	7.414464
8033795	6.253832
8033801	7.199541
8033809	5.824296
8033813	6.48395
8033818	5.512918
8033825	6.276272
8033892	5.990426
8033899	9.248391
8033912	6.529824
8033956	6.819863
8033960	6.815598
8033969	6.966123
8033987	6.514907
8033996	7.880867
8034021	8.591126
8034034	8.613916
8034043	6.611394
8034055	7.608396
8034075	6.304875
8034084	8.980834
8034097	6.619968
8034099	2.861571
8034101	6.552143
8034108	7.779232
8034122	2.872397
8034130	6.575414
8034151	6.061906
8034199	6.013194
8034202	7.092002
8034210	8.679923
8034217	4.987326
8034227	5.598288
8034249	4.831962
8034263	4.533856
8034276	6.552287
8034286	7.049957
8034297	4.867734
8034299	7.688512
8034304	7.551043
8034313	12.53738
8034315	6.626327
8034320	6.299682
8034326	4.471103
8034330	3.19463
8034332	2.114269
8034334	5.474916
8034342	7.819304
8034344	6.044555
8034349	6.649131
8034370	5.214618
8034379	5.820167
8034390	7.207898
8034393	5.374678
8034395	4.134215
8034401	7.319632
8034408	6.905688
8034416	9.772228
8034420	7.757544
8034448	7.941621
8034454	7.791096
8034469	5.933499
8034482	7.654315
8034512	5.81244
8034514	9.736787
8034521	7.670334
8034544	6.97545
8034555	5.401905
8034565	7.740437
8034578	6.141888
8034583	4.669319
8034589	8.464435
8034605	6.770925
8034608	6.558899
8034615	6.947227
8034631	8.027102
8034643	4.387836
8034694	4.826805
8034696	5.873136
8034698	5.984018
8034700	5.920556
8034712	5.412067
8034722	6.196908
8034744	6.37833
8034747	5.594032
8034754	6.653236
8034762	8.336506
8034772	5.157951
8034783	6.742641
8034806	6.821644
8034821	6.085341
8034827	8.769134
8034837	10.00887
8034843	7.253222
8034851	6.499427
8034871	6.947406
8034873	7.144199
8034890	3.346435
8034892	2.674187
8034897	2.573534
8034899	3.504722
8034901	3.718644
8034905	3.086586
8034907	4.319251
8034920	7.979101
8034940	7.655145
8034974	7.579568
8034983	6.610177
8035007	7.999234
8035023	7.810936
8035040	5.405004
8035050	5.472438
8035069	4.452853
8035078	4.625966
8035080	4.409903
8035083	5.321469
8035095	7.560134
8035110	3.79994
8035120	7.266929
8035144	4.539872
8035146	3.924567
8035156	7.342422
8035175	6.092217
8035177	8.926774
8035187	6.090768
8035193	9.226788
8035201	6.856454
8035232	4.50288
8035236	5.187932
8035249	8.986225
8035254	5.165608
8035271	6.494313
8035278	6.442756
8035297	5.995048
8035304	5.170073
8035311	7.009782
8035315	5.671517
8035318	4.321273
8035345	5.159769
8035351	5.545808
8035380	5.388243
8035398	5.966615
8035408	6.231512
8035435	5.855561
8035445	7.275153
8035449	8.859634
8035456	6.62526
8035465	7.020943
8035477	6.534099
8035494	8.170791
8035506	7.023132
8035517	4.660848
8035539	5.348686
8035551	5.973132
8035553	7.485579
8035566	6.721537
8035579	2.067944
8035581	8.480693
8035600	6.909981
8035612	6.617387
8035628	6.256401
8035639	5.033943
8035646	7.828931
8035648	5.606612
8035666	6.970096
8035682	5.545208
8035684	5.014054
8035694	5.919342
8035703	7.064854
8035714	6.610176
8035737	7.77788
8035765	5.401363
8035773	8.420971
8035779	10.25638
8035782	6.6756
8035789	5.073808
8035793	8.978352
8035795	8.06001
8035801	6.21436
8035803	6.110957
8035808	5.825935
8035813	5.304549
8035819	2.905239
8035825	2.957745
8035829	12.0312
8035831	3.594725
8035836	2.520737
8035838	4.215549
8035842	9.193111
8035847	6.016006
8035855	4.961564
8035863	5.182656
8035865	3.455924
8035868	2.914161
8035880	5.801995
8035884	5.688323
8035886	6.718131
8035896	4.75216
8035901	2.029144
8035903	4.663306
8035905	8.606749
8035935	4.270627
8035937	3.240328
8035939	4.48013
8035941	5.47044
8035956	5.82437
8035958	7.036383
8035980	8.652884
8035993	6.470115
8036004	6.740519
8036010	9.296324
8036025	3.793295
8036027	4.300889
8036029	3.777868
8036031	5.547122
8036033	4.874212
8036038	4.422653
8036045	5.431504
8036055	4.638981
8036069	4.805801
8036072	4.083806
8036079	7.807922
8036103	4.949559
8036110	5.167275
8036133	8.348979
8036136	6.038885
8036143	6.187631
8036151	5.130234
8036155	4.905003
8036170	5.074821
8036172	6.250418
8036176	4.785785
8036207	6.152736
8036224	9.255886
8036232	5.424413
8036242	7.162192
8036252	5.923853
8036270	6.314764
8036276	5.50251
8036284	4.549314
8036291	5.301105
8036300	2.367405
8036302	4.914438
8036304	5.837245
8036309	5.903083
8036318	6.169061
8036324	7.439445
8036333	6.795226
8036341	7.00817
8036351	4.760789
8036357	6.704242
8036363	2.328794
8036365	4.796276
8036373	5.241591
8036389	7.095378
8036395	4.317236
8036403	4.897655
8036406	6.152642
8036416	2.601684
8036418	2.489058
8036420	7.08569
8036430	3.254747
8036436	6.33316
8036444	5.556065
8036451	4.282634
8036460	4.475295
8036473	4.848461
8036479	7.223382
8036483	6.827919
8036494	5.520234
8036503	4.799276
8036525	4.874444
8036563	5.633524
8036584	6.399325
8036589	2.223782
8036591	8.686054
8036602	10.52413
8036613	9.209031
8036622	5.039614
8036636	7.431208
8036656	6.162929
8036676	5.125535
8036686	6.994822
8036689	6.14475
8036699	5.672843
8036702	6.05089
8036707	5.11076
8036710	7.289342
8036720	8.326221
8036737	10.82784
8036744	4.858321
8036749	7.588523
8036755	3.368981
8036763	6.754488
8036777	8.738297
8036787	11.88742
8036808	9.346249
8036813	7.898275
8036820	7.005796
8036830	5.529324
8036835	5.804158
8036840	7.972145
8036862	5.249732
8036865	2.652668
8036867	6.209571
8036881	4.348822
8036883	5.085162
8036890	5.441663
8036902	6.774127
8036908	6.595866
8036913	7.591576
8036923	6.862308
8036936	4.338185
8036938	6.781988
8036954	2.708958
8036956	6.265313
8036969	5.984441
8036981	5.398537
8036989	5.788405
8036993	3.309363
8037001	3.606967
8037003	5.19597
8037005	5.634903
8037018	6.224609
8037023	6.324821
8037032	5.437524
8037037	7.918095
8037043	4.947127
8037045	5.146583
8037053	8.832561
8037061	4.483829
8037071	8.373681
8037079	5.405874
8037103	4.951492
8037123	5.815623
8037144	8.041875
8037152	7.900888
8037166	6.614027
8037170	6.771912
8037179	9.447128
8037186	6.001308
8037197	10.69035
8037205	7.663402
8037222	5.97112
8037231	3.199065
8037236	3.271307
8037240	2.749967
8037246	2.988453
8037251	4.298166
8037259	2.88325
8037267	2.860517
8037272	3.958289
8037283	5.296138
8037290	5.704197
8037298	4.404325
8037301	7.303791
8037309	5.804376
8037315	6.435544
8037322	7.575416
8037331	6.590177
8037352	5.887414
8037355	4.95903
8037363	6.434093
8037374	8.059634
8037387	8.391707
8037389	7.067003
8037408	6.933961
8037422	5.782061
8037430	5.669888
8037433	6.348166
8037444	5.207241
8037453	6.740283
8037459	5.614765
8037467	7.014847
8037474	6.741461
8037482	4.832476
8037495	7.022587
8037502	5.793489
8037505	6.569675
8037513	5.802361
8037525	4.405818
8037535	5.054484
8037537	6.64021
8037563	7.192162
8037579	7.464198
8037594	6.063592
8037608	5.89784
8037614	4.930331
8037621	8.15145
8037640	5.833401
8037642	7.02035
8037647	6.978767
8037651	6.319067
8037657	5.975007
8037679	6.458038
8037688	5.76931
8037695	7.336631
8037723	7.212984
8037728	6.098929
8037732	5.269706
8037737	5.224139
8037742	5.698119
8037750	4.138931
8037755	4.148562
8037760	2.298653
8037762	5.480178
8037767	4.931748
8037775	5.067461
8037785	4.804378
8037788	6.392302
8037794	6.697337
8037814	6.402472
8037816	6.999784
8037835	8.526064
8037847	7.975756
8037853	7.874026
8037856	6.605169
8037872	6.728363
8037878	6.247989
8037888	4.89117
8037898	5.297973
8037913	7.945926
8037931	5.12781
8037947	3.661292
8037949	3.338301
8037959	2.76323
8037962	4.552218
8037970	3.755641
8037991	6.522094
8038023	4.913377
8038029	6.899655
8038048	5.234775
8038069	5.531763
8038078	9.88248
8038086	12.46696
8038093	5.868874
8038109	7.382175
8038117	7.550685
8038126	6.871346
8038139	5.065026
8038150	5.879817
8038163	5.449599
8038177	4.481521
8038192	5.776965
8038200	5.185054
8038202	9.183306
8038213	6.206112
8038225	6.119679
8038246	3.92151
8038261	7.197585
8038278	6.118417
8038280	6.014499
8038288	5.549496
8038292	6.182993
8038299	5.867886
8038305	5.690204
8038309	4.407864
8038314	6.278956
8038319	4.828905
8038326	4.257764
8038343	5.322964
8038347	4.967431
8038362	6.583442
8038367	4.690845
8038382	7.163508
8038393	5.771143
8038395	6.871091
8038407	7.817102
8038416	7.755228
8038427	4.791578
8038441	2.863098
8038443	6.796038
8038458	7.004192
8038477	7.14694
8038487	6.509746
8038505	4.661605
8038515	7.411865
8038532	5.088805
8038540	6.162506
8038547	6.143383
8038556	5.170272
8038565	5.079391
8038571	6.594473
8038577	5.667394
8038584	5.026919
8038587	5.0638
8038598	5.115601
8038624	6.437643
8038633	6.068554
8038643	4.961308
8038653	4.786264
8038655	5.685239
8038668	3.655696
8038670	5.284732
8038683	5.821906
8038695	5.502396
8038707	5.568213
8038716	5.538111
8038725	6.992743
8038735	7.436847
8038747	5.294628
8038760	5.936625
8038770	6.111457
8038782	6.160885
8038785	6.37611
8038792	7.038317
8038804	6.531967
8038809	6.483074
8038815	4.310351
8038824	5.965455
8038839	5.311735
8038852	5.615972
8038861	5.307293
8038874	4.457495
8038877	5.527827
8038885	5.439653
8038890	6.071458
8038899	7.703216
8038904	8.090525
8038913	6.499018
8038919	7.87677
8038925	5.469657
8038933	5.40501
8038942	6.158675
8038949	9.014971
8038952	5.936292
8038954	7.81571
8038960	2.326097
8038962	8.417837
8038967	8.884014
8038981	7.019396
8038989	6.901253
8038993	7.407317
8038998	6.990456
8039006	6.857739
8039010	10.59268
8039013	8.036423
8039017	6.969681
8039025	5.285764
8039034	8.038086
8039044	6.886884
8039054	5.597535
8039062	3.780652
8039068	8.454421
8039070	4.234523
8039075	2.048408
8039078	3.484004
8039084	2.325104
8039086	4.509514
8039090	5.255762
8039092	2.615175
8039094	2.126154
8039096	4.884566
8039109	4.345955
8039120	4.824529
8039131	6.982149
8039139	5.392505
8039144	9.985002
8039164	4.486055
8039166	8.77545
8039180	5.653469
8039196	6.799333
8039210	2.112589
8039212	6.524688
8039226	5.526167
8039236	4.624984
8039246	4.872492
8039257	6.528721
8039269	5.998601
8039273	7.955662
8039280	4.208749
8039294	5.66184
8039306	7.621441
8039316	7.186335
8039340	5.286485
8039353	4.729938
8039362	5.393625
8039378	5.194818
8039389	6.002845
8039409	6.105404
8039413	7.789091
8039440	6.871662
8039453	6.354206
8039462	4.628121
8039474	4.092884
8039477	6.687071
8039484	6.48406
8039491	5.606876
8039498	4.484708
8039504	6.440543
8039511	6.877643
8039520	5.904421
8039524	7.015558
8039526	5.800963
8039530	6.754179
8039533	3.613827
8039545	2.608696
8039557	3.619371
8039569	6.921613
8039574	3.550135
8039577	5.279236
8039584	2.40893
8039586	4.73199
8039593	6.50349
8039605	6.176785
8039607	5.598878
8039625	3.211442
8039635	3.300516
8039642	4.386333
8039645	6.376186
8039655	6.862243
8039664	6.602262
8039672	4.179463
8039674	7.695807
8039680	6.695575
8039687	8.758554
8039692	8.866377
8039695	7.776979
8039698	7.583436
8039706	6.53903
8039713	3.867057
8039719	7.164949
8039730	7.172095
8039740	6.573937
8039748	6.137032
8039759	6.060883
8039766	5.687471
8039769	5.678482
8039771	6.754992
8039779	5.162711
8039791	6.221048
8039796	10.56758
8039805	7.318813
8039809	6.208517
8039820	5.109153
8039829	4.366953
8039842	4.798372
8039859	4.24935
8039871	4.75168
8039884	4.961582
8039892	3.508434
8039896	4.81112
8039905	9.727926
8039909	8.949285
8039923	8.138045
8039928	3.525295
8039933	11.15508
8039937	6.484659
8039939	8.520882
8039947	8.623902
8039961	9.257584
8039975	3.039069
8039977	4.222435
8039996	4.032877
8040018	6.640595
8040034	4.751763
8040036	8.222962
8040045	6.040277
8040053	3.077368
8040068	2.1909
8040070	5.516765
8040073	3.782424
8040077	4.05495
8040080	5.922145
8040090	5.843699
8040101	5.454976
8040103	7.592564
8040111	4.066936
8040113	8.007393
8040142	7.878951
8040163	7.241437
8040171	2.084939
8040173	6.373239
8040190	9.182461
8040211	6.417857
8040221	4.604014
8040223	4.488136
8040231	5.091769
8040238	6.850654
8040247	4.500399
8040249	5.163678
8040265	5.899268
8040270	4.281746
8040278	9.350931
8040286	2.731844
8040288	2.769055
8040290	7.163756
8040292	4.414283
8040334	10.38717
8040338	12.4898
8040340	5.574153
8040362	6.969178
8040365	7.77504
8040372	3.270215
8040374	6.90196
8040386	10.61903
8040413	2.538459
8040415	5.279045
8040417	5.879181
8040419	4.428668
8040426	2.347487
8040428	3.082212
8040430	3.938629
8040440	6.680796
8040456	5.61651
8040458	5.092256
8040463	4.825344
8040467	3.563135
8040469	5.695377
8040473	8.327759
8040477	6.328391
8040479	7.059311
8040483	2.55762
8040488	3.457493
8040490	4.755998
8040503	6.96342
8040514	5.180449
8040516	5.008551
8040522	3.182652
8040528	2.242878
8040530	6.930936
8040541	3.858109
8040547	7.862344
8040549	4.086612
8040552	9.461535
8040576	4.438562
8040578	6.356943
8040587	4.722584
8040614	4.544398
8040618	9.982467
8040630	6.230214
8040632	5.654076
8040639	10.35852
8040655	8.038659
8040672	3.270355
8040690	4.932478
8040695	5.143435
8040698	6.94404
8040712	5.27201
8040725	4.447343
8040742	5.771045
8040753	9.076293
8040774	6.9371
8040792	5.279099
8040802	5.039633
8040815	4.920506
8040827	5.542522
8040831	9.077918
8040843	6.539385
8040889	4.043087
8040898	4.99798
8040908	9.210307
8040927	8.457497
8040949	7.514018
8040960	4.460448
8040980	3.406677
8040985	8.58154
8041000	8.439672
8041015	8.295207
8041027	6.14433
8041031	8.901477
8041048	9.195618
8041061	4.770272
8041122	10.39408
8041138	3.495806
8041149	8.46349
8041168	5.811911
8041170	7.224272
8041172	5.244156
8041179	7.65494
8041197	8.64995
8041204	7.212261
8041206	5.607878
8041212	7.025981
8041223	5.274152
8041225	5.494411
8041234	2.874644
8041236	7.940748
8041255	4.343456
8041257	8.195688
8041273	8.861061
8041281	9.230582
8041283	8.907903
8041360	7.807935
8041383	6.595442
8041420	3.84536
8041422	4.140797
8041445	2.361094
8041447	9.500181
8041467	3.592239
8041487	6.069858
8041495	7.17189
8041508	5.541497
8041519	5.644734
8041536	3.644421
8041540	3.484007
8041542	7.502325
8041553	6.181215
8041561	6.957275
8041568	3.490178
8041570	6.798457
8041582	6.036815
8041592	9.052056
8041617	8.405739
8041638	6.07216
8041640	4.994258
8041642	3.607753
8041644	4.157829
8041676	5.623558
8041696	4.714131
8041711	3.040972
8041713	9.001432
8041727	6.441083
8041745	7.158113
8041759	5.7445
8041763	7.481661
8041781	9.302008
8041804	3.987544
8041808	10.30798
8041813	8.949647
8041820	7.313681
8041826	6.722274
8041853	10.42498
8041867	7.651913
8041886	4.498173
8041888	7.153467
8041900	5.195064
8041902	6.728886
8041913	8.239621
8041937	6.384562
8041940	5.981165
8041957	3.459359
8041961	3.597493
8041967	8.204262
8041982	6.527812
8041987	2.94263
8041995	9.631519
8042038	6.975888
8042040	5.165444
8042052	9.25468
8042059	6.055492
8042062	3.918002
8042066	5.983366
8042079	4.329242
8042086	7.024275
8042107	9.115304
8042109	4.403972
8042111	2.609189
8042113	3.362846
8042115	4.012403
8042117	3.0451
8042119	7.893862
8042144	8.516192
8042157	3.985873
8042159	2.54307
8042161	9.129475
8042168	6.804748
8042195	9.032839
8042207	7.813987
8042211	7.908217
8042219	4.631815
8042223	6.492549
8042251	6.023042
8042257	5.392011
8042259	8.448867
8042270	9.634876
8042283	7.542473
8042291	9.718839
8042306	6.643834
8042308	4.718077
8042310	6.383824
8042324	3.434448
8042326	7.254498
8042333	4.527945
8042335	10.79658
8042337	11.83127
8042346	4.097068
8042356	9.787684
8042373	6.912581
8042381	6.878804
8042391	8.751781
8042402	5.189699
8042413	4.274346
8042416	5.792497
8042431	2.957244
8042439	6.002204
8042460	2.185353
8042462	2.50863
8042464	2.519128
8042466	2.976465
8042468	9.544021
8042487	8.508995
8042495	7.604175
8042501	3.166035
8042503	8.930403
8042513	6.027313
8042515	9.020114
8042519	9.300756
8042530	5.677953
8042532	6.700048
8042537	7.297559
8042556	3.688408
8042558	5.26117
8042566	4.300583
8042568	5.911191
8042574	8.373549
8042576	9.81333
8042588	7.929051
8042601	8.684348
8042637	5.000371
8042696	8.090233
8042701	6.254631
8042705	6.46794
8042720	9.889719
8042737	7.637811
8042761	5.307809
8042769	4.726096
8042772	8.05254
8042788	4.119152
8042801	6.892098
8042811	6.74664
8042825	5.372677
8042827	4.138158
8042830	8.052327
8042843	5.52038
8042859	6.858552
8042867	9.398927
8042874	6.178604
8042896	6.461089
8042905	6.853046
8042917	5.669218
8042925	5.732066
8042942	9.357609
8042953	7.802012
8042958	3.697219
8042960	2.111679
8042962	7.333562
8042970	4.203152
8042972	5.618437
8042974	2.315187
8042976	2.206176
8042978	3.683625
8042986	3.515071
8042993	4.031099
8043018	4.590158
8043020	2.392469
8043026	2.222673
8043028	3.289634
8043030	2.432106
8043032	5.192636
8043034	2.535143
8043036	6.786389
8043038	1.833258
8043040	2.64437
8043043	4.592688
8043055	4.945696
8043059	4.07341
8043071	3.602025
8043098	2.411922
8043100	9.340408
8043105	9.31478
8043114	5.500185
8043129	2.458785
8043131	6.838101
8043155	5.780716
8043157	5.062307
8043185	4.126275
8043187	11.22056
8043197	11.59259
8043203	7.395635
8043209	8.682004
8043218	7.838962
8043236	4.813262
8043244	5.633797
8043251	9.147401
8043276	8.509851
8043278	7.621881
8043283	7.945463
8043310	8.917794
8043320	3.449735
8043322	7.238285
8043324	9.19092
8043347	3.79323
8043349	7.444565
8043360	5.656646
8043363	6.459335
8043367	6.380153
8043375	9.838473
8043377	9.275847
8043379	2.609056
8043381	2.864364
8043393	6.453732
8043405	2.518537
8043407	4.981185
8043413	8.406981
8043423	3.337423
8043426	5.089952
8043429	3.487363
8043431	4.496068
8043433	6.979857
8043436	3.650854
8043438	7.201231
8043441	4.057019
8043443	6.087587
8043446	3.032345
8043449	5.951807
8043456	2.324995
8043459	5.522102
8043465	4.744627
8043468	4.326283
8043470	4.74388
8043474	7.495181
8043476	5.429255
8043478	4.148195
8043480	4.453763
8043482	3.303091
8043484	5.323065
8043487	2.064824
8043489	4.195756
8043491	6.288056
8043498	2.254538
8043500	3.694442
8043502	3.74548
8043504	10.28055
8043512	5.265159
8043522	8.197187
8043552	4.934532
8043564	6.450575
8043570	7.43246
8043572	4.568549
8043574	3.17769
8043581	2.707962
8043583	6.155194
8043585	8.164667
8043597	4.753126
8043602	3.439278
8043621	5.46866
8043630	5.574106
8043632	5.147727
8043639	4.64319
8043657	7.703834
8043666	7.760159
8043682	7.065937
8043685	5.216033
8043687	6.254049
8043697	7.868495
8043718	7.631633
8043725	5.150946
8043743	6.740561
8043745	4.460902
8043747	3.259115
8043782	3.751908
8043791	7.157173
8043820	7.562542
8043833	2.228095
8043835	5.085848
8043840	6.15187
8043848	8.583268
8043861	8.839095
8043890	4.44347
8043900	4.828071
8043902	6.693032
8043909	8.281858
8043932	8.379419
8043937	9.168347
8043945	7.418571
8043981	8.267774
8043993	6.003588
8043995	10.33867
8044008	5.738831
8044021	3.698978
8044035	4.791221
8044049	5.197814
8044067	6.377614
8044080	8.796165
8044094	6.581035
8044105	3.333049
8044107	2.257847
8044109	6.687101
8044111	6.609134
8044124	3.992136
8044127	7.016724
8044133	8.523838
8044143	3.292376
8044149	4.531746
8044154	5.409522
8044161	9.975607
8044189	6.223213
8044191	3.933803
8044204	3.116767
8044212	3.415011
8044225	2.515326
8044236	9.366035
8044258	8.456417
8044263	9.315973
8044278	5.432446
8044295	6.310034
8044301	7.027631
8044304	10.05119
8044333	10.62874
8044346	8.833763
8044351	8.338202
8044353	8.080418
8044375	7.306216
8044391	8.765884
8044415	6.664617
8044417	9.266963
8044440	5.071452
8044450	7.887134
8044462	7.020062
8044473	7.353784
8044491	5.685101
8044499	7.707455
8044512	4.326908
8044530	2.736699
8044532	2.982248
8044541	4.833004
8044548	5.148903
8044552	5.528426
8044563	4.55242
8044572	3.326114
8044574	8.7267
8044584	7.404543
8044605	3.763828
8044611	5.268305
8044613	9.361861
8044634	5.094572
8044640	6.670933
8044643	3.283128
8044649	7.859155
8044669	7.810857
8044682	5.738842
8044684	2.441868
8044686	10.81317
8044700	3.040946
8044731	4.795098
8044733	4.734063
8044735	2.27615
8044737	3.31052
8044739	2.120522
8044741	3.936679
8044743	1.917454
8044745	8.957557
8044760	5.392999
8044764	5.171314
8044766	8.665678
8044773	6.750614
8044791	4.41259
8044793	5.635098
8044804	9.065418
8044813	7.014371
8044818	3.278812
8044844	6.268839
8044849	6.430418
8044878	2.548965
8044880	4.860754
8044882	7.560337
8044909	2.18328
8044911	1.945753
8044913	2.08451
8044915	5.911682
8044917	2.241294
8044919	9.201447
8044927	6.300677
8044931	2.199276
8044933	4.452507
8044959	3.734509
8044961	5.682523
8044963	7.051397
8044965	9.186409
8044976	4.17835
8045005	2.665123
8045007	1.987118
8045009	4.963733
8045018	5.565168
8045028	2.549149
8045030	4.705194
8045075	4.510108
8045083	7.008276
8045086	4.476464
8045088	4.708397
8045090	8.759007
8045134	2.606967
8045136	7.819775
8045142	10.2284
8045146	5.781011
8045148	6.30409
8045151	2.020312
8045153	2.761149
8045155	2.416101
8045157	2.184666
8045159	2.299866
8045161	2.094437
8045163	2.001419
8045165	4.24828
8045167	4.844281
8045169	2.502533
8045171	8.670743
8045182	7.869321
8045198	5.897395
8045205	2.709481
8045208	7.318347
8045210	4.185246
8045216	5.14438
8045224	5.178476
8045229	5.266511
8045247	10.34737
8045257	3.930502
8045275	2.9877
8045277	2.192494
8045279	8.99959
8045281	2.506351
8045283	2.360973
8045285	2.035888
8045287	9.727242
8045289	8.39979
8045291	6.799778
8045301	6.926773
8045309	5.409009
8045319	4.116328
8045321	8.801602
8045323	6.509069
8045330	2.392786
8045332	6.801593
8045334	3.108356
8045336	6.891929
8045339	4.668232
8045341	3.193411
8045343	2.264617
8045345	4.696965
8045347	4.412465
8045349	7.74702
8045368	3.358308
8045381	9.046649
8045398	9.431623
8045423	6.275583
8045425	7.070463
8045453	2.937298
8045455	10.00163
8045470	3.683697
8045499	8.329651
8045514	8.154925
8045525	3.486251
8045527	3.456218
8045529	2.572065
8045531	2.597785
8045533	6.131647
8045535	4.127274
8045537	2.503347
8045539	8.142715
8045559	4.902127
8045561	1.817131
8045563	5.044684
8045577	2.407666
8045581	4.277987
8045583	2.1004
8045585	2.191951
8045587	9.145106
8045602	2.5375
8045604	6.477183
8045619	7.566637
8045637	5.124503
8045664	10.22984
8045674	5.945065
8045688	6.960203
8045695	4.971143
8045697	8.399379
8045736	4.946879
8045768	7.928816
8045776	3.14241
8045793	4.725774
8045795	4.875413
8045800	2.157022
8045802	2.863266
8045804	11.9791
8045806	2.150142
8045808	3.032445
8045810	2.710573
8045812	2.310421
8045814	5.727474
8045816	8.56797
8045835	8.095545
8045846	6.551795
8045848	3.652688
8045857	5.338789
8045860	8.247278
8045882	3.97993
8045887	8.17188
8045889	8.034427
8045919	9.62235
8045931	3.0175
8045933	6.984567
8045946	8.570433
8045962	4.451069
8045972	2.949039
8045974	3.474983
8046003	7.757749
8046012	2.524368
8046014	2.538803
8046016	1.938076
8046018	3.815125
8046020	2.71664
8046048	5.077797
8046060	2.267612
8046062	2.791979
8046078	3.013999
8046084	3.633872
8046086	9.412899
8046099	4.838136
8046116	3.479895
8046124	4.920479
8046147	6.49836
8046160	3.745538
8046169	7.616613
8046186	7.319924
8046199	4.193399
8046201	10.59736
8046213	7.764776
8046238	4.069369
8046276	6.016964
8046279	5.804807
8046281	2.152989
8046283	3.831882
8046306	8.833224
8046318	6.33321
8046333	9.391244
8046340	9.174228
8046346	8.363345
8046360	5.358384
8046373	5.252906
8046380	7.47528
8046408	7.206481
8046426	6.153535
8046428	5.803061
8046461	5.585961
8046488	3.50445
8046500	5.043736
8046502	6.247651
8046512	4.002798
8046515	10.95549
8046518	5.860973
8046520	2.490156
8046522	3.378907
8046524	7.825486
8046527	4.184902
8046530	5.525926
8046536	6.845376
8046542	5.859026
8046546	5.564457
8046553	2.155772
8046555	5.928852
8046560	4.20875
8046564	6.026263
8046573	7.438531
8046586	3.055967
8046588	2.822022
8046590	10.36282
8046604	8.593875
8046626	2.160059
8046628	6.487304
8046646	3.721315
8046680	8.019934
8046685	7.920875
8046695	6.045743
8046726	8.453835
8046746	4.197156
8046755	5.674407
8046757	2.417109
8046759	8.605539
8046788	3.262684
8046790	2.93926
8046792	5.43
8046804	7.351171
8046815	4.023997
8046822	2.298183
8046824	4.126841
8046833	4.2585
8046836	2.950508
8046848	8.692872
8046861	9.61595
8046895	7.995515
8046906	6.980417
8046922	5.309257
8046975	8.00129
8046997	7.493829
8047006	5.74591
8047038	7.333511
8047059	8.780757
8047062	4.54324
8047069	7.233369
8047078	8.848457
8047086	7.218632
8047097	7.734262
8047125	2.949064
8047127	8.347075
8047159	5.757053
8047161	8.365141
8047172	2.206363
8047174	7.162339
8047187	3.33047
8047213	4.456357
8047215	3.776635
8047217	7.91834
8047223	6.579578
8047228	8.084094
8047241	4.818508
8047243	6.981682
8047248	3.758731
8047257	3.886013
8047262	6.761934
8047265	6.239336
8047272	8.6603
8047286	6.26831
8047288	3.717328
8047300	3.6403
8047337	2.848604
8047339	10.92316
8047356	6.825029
8047370	3.288429
8047372	5.531549
8047377	3.364301
8047379	5.82547
8047381	8.823125
8047401	8.870098
8047403	5.897268
8047419	7.140966
8047441	5.445301
8047443	8.066803
8047457	1.764156
8047459	3.029385
8047463	2.307497
8047465	1.758883
8047467	3.544094
8047485	2.513572
8047487	5.405997
8047492	3.682523
8047503	3.548043
8047505	3.545065
8047518	9.238289
8047536	3.03898
8047538	8.3968
8047555	2.008039
8047557	6.211813
8047559	1.943983
8047561	2.176672
8047563	4.590163
8047565	7.712248
8047577	6.075512
8047596	8.846653
8047606	7.89773
8047635	12.23666
8047641	8.26329
8047659	7.529769
8047677	4.41417
8047690	2.52526
8047692	3.691794
8047702	3.08207
8047709	7.128877
8047736	7.454732
8047738	5.544494
8047763	4.647621
8047765	3.663505
8047767	2.32033
8047769	3.136621
8047771	5.907536
8047778	3.994999
8047780	4.497752
8047784	5.572312
8047788	3.368434
8047815	7.468217
8047829	3.648874
8047839	9.250273
8047852	2.145084
8047854	6.658477
8047865	7.826231
8047910	3.198147
8047926	3.949475
8047952	5.116546
8047963	3.890151
8047965	3.574171
8048014	9.152749
8048022	3.736138
8048024	2.321795
8048026	4.024324
8048071	3.33057
8048075	5.748489
8048077	2.17365
8048079	2.087893
8048081	6.773665
8048110	2.381032
8048112	3.848003
8048114	3.464432
8048116	8.478916
8048118	2.478121
8048120	8.592711
8048139	5.20053
8048141	4.613725
8048146	10.40695
8048171	6.953956
8048173	4.058358
8048175	6.939471
8048195	9.045717
8048205	5.919052
8048211	5.339148
8048227	6.745731
8048234	10.13573
8048249	4.8799
8048257	7.241815
8048272	4.717393
8048283	6.170447
8048304	8.131863
8048317	5.603438
8048319	4.314628
8048340	8.256367
8048350	3.786175
8048368	2.085023
8048370	8.038663
8048381	7.243339
8048411	7.203717
8048432	8.56986
8048445	5.885042
8048452	6.485248
8048460	6.528723
8048466	5.388808
8048468	8.231617
8048478	7.469729
8048489	7.602056
8048505	7.660558
8048518	6.649216
8048523	7.596025
8048541	6.115221
8048551	5.538404
8048595	7.433539
8048611	3.835986
8048628	5.777401
8048639	5.66619
8048647	6.633581
8048673	5.920213
8048699	5.16609
8048701	3.257782
8048703	7.876736
8048705	4.879668
8048707	4.707165
8048712	5.821993
8048715	2.170716
8048717	8.799083
8048723	3.684594
8048725	3.146303
8048733	9.694999
8048749	5.088922
8048752	6.219008
8048761	6.016163
8048763	4.01616
8048772	8.957106
8048782	4.877227
8048835	8.037228
8048847	9.15432
8048864	4.736851
8048870	3.091712
8048885	2.18022
8048887	2.914755
8048889	5.70168
8048896	2.376431
8048898	4.975551
8048926	7.089759
8048940	7.775444
8048976	6.605089
8048978	2.661649
8048980	9.929767
8048993	2.162369
8048995	11.3284
8049007	4.878754
8049016	9.261448
8049042	5.146314
8049044	5.735697
8049071	5.679214
8049075	5.838668
8049079	4.868818
8049083	6.447944
8049088	6.934573
8049097	7.5059
8049123	4.726357
8049128	5.123654
8049137	5.752748
8049152	4.735994
8049166	6.348453
8049180	8.02074
8049187	6.131818
8049195	6.764403
8049197	2.78801
8049199	8.42795
8049237	4.842762
8049239	6.604805
8049243	5.047427
8049246	6.724552
8049271	7.696132
8049297	9.619357
8049299	8.971404
8049301	3.561033
8049317	7.33481
8049349	5.62139
8049375	4.586994
8049394	7.172093
8049425	2.695921
8049435	7.679297
8049448	7.671039
8049471	4.016117
8049478	6.787568
8049487	9.579151
8049509	6.768922
8049512	8.720167
8049528	9.31001
8049530	8.244948
8049532	6.519853
8049534	5.298904
8049536	8.206091
8049538	7.854255
8049540	6.63309
8049542	5.612721
8049544	5.475109
8049552	3.553073
8049567	6.653922
8049574	8.103275
8049582	6.00303
8049598	6.248752
8049610	5.300415
8049620	5.697229
8049635	6.970588
8049655	2.43787
8049657	7.891767
8049665	2.49242
8049667	3.820677
8049670	7.233329
8049682	6.362688
8049684	6.756574
8049689	7.290047
8049702	5.955886
8049722	5.751081
8049729	6.467443
8049737	5.373784
8049752	5.622878
8049784	8.209227
8049799	5.540725
8049825	4.904229
8049827	10.19316
8049847	8.279796
8049876	7.327443
8049888	7.192985
8049906	6.651137
8049919	6.624535
8049934	5.850223
8049942	5.912004
8049950	5.765436
8049952	5.984233
8049957	4.150175
8049959	5.070024
8049961	9.817886
8049963	6.680628
8049965	6.81848
8049969	7.560203
8049990	6.826029
8049998	8.163092
8050007	4.680393
8050031	4.548819
8050060	6.326277
8050071	8.947707
8050079	7.636974
8050089	7.966585
8050093	4.885145
8050095	4.326852
8050102	6.351937
8050113	5.961112
8050115	3.912071
8050128	8.889222
8050160	8.613047
8050176	7.728857
8050190	8.182911
8050213	5.717254
8050215	10.97265
8050225	2.322102
8050227	4.636252
8050232	7.367999
8050236	2.999938
8050238	3.711128
8050240	9.326667
8050253	6.240147
8050255	7.925955
8050278	12.07551
8050293	4.048023
8050302	8.640264
8050336	6.863813
8050350	6.764474
8050352	5.077764
8050363	5.06554
8050365	2.12226
8050367	7.987941
8050423	4.440927
8050425	5.714755
8050427	7.628519
8050441	7.171703
8050443	7.205338
8050472	1.932642
8050474	7.261158
8050480	3.568142
8050495	2.8193
8050497	7.098812
8050503	3.547853
8050507	6.809156
8050537	3.538462
8050548	12.41688
8050557	10.16076
8050565	9.877033
8050591	5.71079
8050594	6.776975
8050608	8.983104
8050619	3.808878
8050654	2.798888
8050656	3.517764
8050658	7.746643
8050687	3.13114
8050689	6.565408
8050695	8.700661
8050702	7.24466
8050713	4.901055
8050719	7.308148
8050761	2.990701
8050763	8.112539
8050766	5.93901
8050790	5.539202
8050801	3.154803
8050803	2.113461
8050805	4.768791
8050813	6.60111
8050844	4.37042
8050846	8.402066
8050869	6.529094
8050873	2.528496
8050875	7.467326
8050894	5.655755
8050906	4.728005
8050908	9.744107
8050924	5.379178
8050942	4.411731
8050993	3.520666
8051001	4.6726
8051012	7.871254
8051024	5.409543
8051028	5.456882
8051030	7.301719
8051050	5.209093
8051061	6.289925
8051066	8.797489
8051075	8.566328
8051097	7.120398
8051113	6.826081
8051119	8.808702
8051133	6.715678
8051135	7.373072
8051185	2.326291
8051187	5.83328
8051197	6.276506
8051202	2.848882
8051204	7.583604
8051215	5.949344
8051226	7.060505
8051236	2.650757
8051238	5.193862
8051241	4.440935
8051273	2.817047
8051275	10.24175
8051298	5.187305
8051319	3.94339
8051322	6.594225
8051361	10.98971
8051370	7.252028
8051372	7.636159
8051387	9.272183
8051394	4.307404
8051396	4.107891
8051409	3.432501
8051411	3.639516
8051413	8.803339
8051422	5.645845
8051427	7.906447
8051443	8.1701
8051462	4.569829
8051464	8.598674
8051501	8.652984
8051520	2.422265
8051528	6.366386
8051547	6.128291
8051569	2.182922
8051571	2.414548
8051573	7.192182
8051583	8.632166
8051589	8.427094
8051605	7.594944
8051622	9.328496
8051637	6.511041
8051666	3.368739
8051668	5.117771
8051670	8.326929
8051696	3.041986
8051707	8.74762
8051744	3.81012
8051746	6.567019
8051762	5.755651
8051773	5.827375
8051775	2.295421
8051777	8.155265
8051785	4.73731
8051793	5.38649
8051799	6.052207
8051812	4.029492
8051814	8.693554
8051820	8.393156
8051862	2.105985
8051864	3.084099
8051866	3.959334
8051882	9.608337
8051924	2.723953
8051926	5.602385
8051928	9.147176
8051949	7.344563
8051956	2.786641
8051963	7.069558
8051985	6.856931
8051987	3.408949
8051989	5.588259
8051993	7.027132
8051998	7.76007
8052004	4.111059
8052010	9.563653
8052018	6.120627
8052022	8.613791
8052024	8.711862
8052054	2.273194
8052056	4.08532
8052058	3.449985
8052072	3.452765
8052087	5.955029
8052089	2.372428
8052091	3.793104
8052119	2.540549
8052121	3.361193
8052123	3.625028
8052125	8.449259
8052139	4.39701
8052141	6.016759
8052143	6.72372
8052149	8.18841
8052200	5.420768
8052204	9.018468
8052231	4.247437
8052233	5.245603
8052250	8.079247
8052269	5.37134
8052305	2.223892
8052307	9.276892
8052331	8.059106
8052355	5.613245
8052370	6.187792
8052372	2.643824
8052374	2.975224
8052376	5.192637
8052380	4.709502
8052382	6.983568
8052397	6.514777
8052399	6.577143
8052413	4.856824
8052416	6.087577
8052418	5.520321
8052438	3.375113
8052443	9.217401
8052524	4.863346
8052526	9.205831
8052554	4.152929
8052562	8.638017
8052581	2.588486
8052583	4.781419
8052585	3.981394
8052594	3.922954
8052598	6.280346
8052620	5.061797
8052622	8.018773
8052624	6.046377
8052626	7.496254
8052654	8.960394
8052667	5.057127
8052669	6.634972
8052674	3.596965
8052676	5.789721
8052678	2.551633
8052680	10.61749
8052689	6.955904
8052696	4.261713
8052698	8.038188
8052703	6.938609
8052719	4.775749
8052721	9.682659
8052731	3.275635
8052733	1.961918
8052735	5.229865
8052742	5.008528
8052747	3.320875
8052753	2.471534
8052762	10.90911
8052784	6.595875
8052798	7.137196
8052803	7.925749
8052826	4.786472
8052828	4.592274
8052834	6.953981
8052845	9.716318
8052861	7.527577
8052866	7.96103
8052872	7.586973
8052882	4.424534
8052902	2.990525
8052908	4.775036
8052916	4.658622
8052925	8.94472
8052932	6.133377
8052934	7.883588
8052940	8.81268
8052945	2.622032
8052947	4.390082
8052956	7.916162
8052979	5.553403
8052994	6.328272
8053004	6.773145
8053009	5.497686
8053022	6.018758
8053025	4.79196
8053030	5.873467
8053036	6.608322
8053046	9.458759
8053057	5.457565
8053059	7.985447
8053064	9.677676
8053073	5.718045
8053107	8.4535
8053139	6.295194
8053142	6.063512
8053158	8.236886
8053165	8.614861
8053171	6.551079
8053183	5.500286
8053187	6.36329
8053200	5.002336
8053214	8.871664
8053231	5.456887
8053248	5.025945
8053263	4.595402
8053266	4.869747
8053276	2.295949
8053278	3.94288
8053288	5.852165
8053311	6.502994
8053313	3.117207
8053315	4.096364
8053325	3.583884
8053330	2.495938
8053337	2.819172
8053341	2.345506
8053347	3.361299
8053349	3.944693
8053360	2.712578
8053362	2.137222
8053364	2.994628
8053366	8.468243
8053379	4.957855
8053386	4.599044
8053388	9.369853
8053404	1.988119
8053406	8.402292
8053417	9.408961
8053427	4.021294
8053429	7.970734
8053449	6.866251
8053458	7.855728
8053467	4.967435
8053480	6.110936
8053482	2.673215
8053484	7.920322
8053496	7.569892
8053533	8.421832
8053549	3.898459
8053551	5.708716
8053560	4.208749
8053562	10.18971
8053574	3.405125
8053576	8.557912
8053584	6.064264
8053594	2.846139
8053599	9.28518
8053602	6.380153
8053610	9.144434
8053622	9.19092
8053648	7.664752
8053654	2.958709
8053662	5.193111
8053664	3.491976
8053666	5.005527
8053668	8.512482
8053690	5.542933
8053710	5.904219
8053713	7.257725
8053715	2.299467
8053718	2.201958
8053720	3.487363
8053722	8.008383
8053725	4.65851
8053728	5.282171
8053731	6.015882
8053733	7.455314
8053735	4.666872
8053737	4.233023
8053741	4.325521
8053744	5.264199
8053751	2.528945
8053753	3.939878
8053761	6.018939
8053763	8.1558
8053775	7.026303
8053785	2.707962
8053787	3.097411
8053795	4.482087
8053797	7.052803
8053801	8.777359
8053834	7.951621
8053840	5.165366
8053842	6.368099
8053869	6.046782
8053872	5.39407
8053882	6.417462
8053890	10.35821
8053901	9.430473
8053909	9.765979
8053944	5.790152
8053949	7.406322
8053975	8.037244
8053984	6.002425
8053998	6.855189
8054004	7.664412
8054020	5.322101
8054037	2.973037
8054039	2.551418
8054041	2.336898
8054045	7.3038
8054054	7.926651
8054064	6.583353
8054075	2.545963
8054077	8.076899
8054090	3.817487
8054092	8.237927
8054131	7.416523
8054135	7.798405
8054154	6.734804
8054166	6.59754
8054192	6.086322
8054200	3.309323
8054209	4.846778
8054217	6.021832
8054227	7.985433
8054254	4.485872
8054281	5.432596
8054295	4.656126
8054297	4.286318
8054308	7.728813
8054329	9.694454
8054338	4.747934
8054344	2.90621
8054354	5.327556
8054356	7.433016
8054364	7.154948
8054377	6.96695
8054393	2.57511
8054395	7.933046
8054412	3.094328
8054414	10.14369
8054437	6.86234
8054439	4.595416
8054449	7.219275
8054451	5.121329
8054465	5.299961
8054467	7.701181
8054477	8.386271
8054479	10.47133
8054486	3.936014
8054511	4.959122
8054513	8.222879
8054517	9.515049
8054519	10.62874
8054532	10.31861
8054557	10.25413
8054580	4.729788
8054607	4.096796
8054611	6.393868
8054614	8.198565
8054664	6.701083
8054676	10.26649
8054702	3.00817
8054712	5.138264
8054722	9.345432
8054731	3.50578
8054740	6.453378
8054758	4.922493
8054762	8.051573
8054766	4.98083
8054769	7.131665
8054771	9.742171
8054790	4.779132
8054792	4.88915
8054794	3.263439
8054796	4.653662
8054798	2.002433
8054800	3.491531
8054802	2.680931
8054804	7.827948
8054831	6.230215
8054834	3.908465
8054837	4.889986
8054846	4.237192
8054862	7.483852
8054866	4.212322
8054870	7.4635
8054872	8.29266
8054888	7.998225
8054930	8.360195
8054941	2.558643
8054943	2.452577
8054945	6.906269
8054967	4.212391
8054978	7.516072
8054995	4.884248
8054997	7.877807
8055016	7.242744
8055021	7.730538
8055038	5.724495
8055060	8.721472
8055085	6.117876
8055087	2.181876
8055089	6.901541
8055096	7.316117
8055104	7.618664
8055130	7.990988
8055135	5.547427
8055137	3.751629
8055139	5.100904
8055143	3.753787
8055151	10.73826
8055153	3.453601
8055171	5.774415
8055173	5.275104
8055183	7.503219
8055194	3.840533
8055198	2.219771
8055200	2.475447
8055202	6.038248
8055204	8.734624
8055206	1.97491
8055208	7.540823
8055214	4.487125
8055220	10.99931
8055222	3.774783
8055234	4.116328
8055236	2.709481
8055239	5.842921
8055247	5.957188
8055249	8.424731
8055261	8.033885
8055263	2.314712
8055265	4.882463
8055267	2.281385
8055269	1.627666
8055271	2.094437
8055273	2.262158
8055275	2.098051
8055277	2.127746
8055279	3.060628
8055281	5.825194
8055284	6.30409
8055287	7.400744
8055291	6.825475
8055294	4.346735
8055297	4.192183
8055303	2.322886
8055305	2.7449
8055312	2.391752
8055314	5.370935
8055323	4.890405
8055348	5.177088
8055350	5.272335
8055361	2.436082
8055377	5.002302
8055402	2.677774
8055404	6.183074
8055406	3.611883
8055424	2.957523
8055426	5.792864
8055445	9.796777
8055465	8.966889
8055474	3.60445
8055476	11.23852
8055478	4.553465
8055484	2.092565
8055486	5.736262
8055488	1.841527
8055490	2.284881
8055492	3.742336
8055494	4.302658
8055496	5.082166
8055590	2.592761
8055592	4.039143
8055594	2.709733
8055596	4.076646
8055598	2.292233
8055600	2.098987
8055602	1.907393
8055604	2.737427
8055606	6.571302
8055624	6.529113
8055639	4.971008
8055641	4.836057
8055643	3.118946
8055645	7.093838
8055664	4.399886
8055668	3.388137
8055672	9.468683
8055680	2.348967
8055682	3.067211
8055688	9.054784
8055697	5.788405
8055702	6.58285
8055711	4.143296
8055862	8.396513
8055872	4.07324
8055890	8.592518
8055909	2.442407
8055911	3.451323
8055913	8.921832
8055941	5.105684
8055946	2.899842
8055948	2.093261
8055950	2.646477
8055952	5.810176
8055965	4.200071
8055969	3.125196
8055978	8.23873
8055980	7.379066
8055992	4.865437
8056005	6.793698
8056020	2.212829
8056022	2.631772
8056039	4.005188
8056041	7.50149
8056045	5.904161
8056047	7.434245
8056060	8.823851
8056100	6.216548
8056102	8.414945
8056113	9.276077
8056151	8.637025
8056184	9.546383
8056201	7.723988
8056206	7.211489
8056215	5.991092
8056217	7.584902
8056220	8.011112
8056222	5.349096
8056250	3.244413
8056257	3.094862
8056285	6.477575
8056303	3.309952
8056323	3.929012
8056327	2.964979
8056343	7.35826
8056359	4.615619
8056361	4.280292
8056363	3.935074
8056376	2.702746
8056408	9.644286
8056426	6.839003
8056457	3.2819
8056489	4.616905
8056491	4.04616
8056518	2.760522
8056545	10.67862
8056566	3.672613
8056568	4.1029
8056570	2.736183
8056572	2.449051
8056583	3.226729
8056611	3.92037
8056693	6.960786
8056710	2.450779
8056716	10.12503
8056726	2.628772
8056728	7.922148
8056730	4.601005
8056734	8.249754
8056753	5.681556
8056763	7.570664
8056766	8.26671
8056784	4.416935
8056790	3.746495
8056792	7.198308
8056794	3.201733
8056798	8.092175
8056810	4.502628
8056812	7.557969
8056821	6.250913
8056823	2.979416
8056825	5.888956
8056829	6.111163
8056837	5.22782
8056860	7.05606
8056877	4.736273
8056890	3.341078
8056909	9.078094
8056930	5.980072
8056943	8.441887
8056959	5.8828
8056963	4.63133
8056966	9.819763
8056968	4.529095
8056972	4.858929
8056975	2.428088
8056977	9.250183
8056983	4.48797
8056993	6.738854
8056995	5.697874
8056999	6.122889
8057004	3.257894
8057034	8.375629
8057045	4.202677
8057056	3.79618
8057377	3.082253
8057394	9.5101
8057416	5.373402
8057418	5.797059
8057439	5.732333
8057441	7.52695
8057463	4.066983
8057480	3.207635
8057486	3.057294
8057506	2.871102
8057517	10.13248
8057554	9.12814
8057557	2.057981
8057559	2.405726
8057563	2.185234
8057574	3.081243
8057576	2.551785
8057578	3.736742
8057599	3.618251
8057613	7.251966
8057615	3.573473
8057620	4.591783
8057677	10.67425
8057689	5.1859
8057700	8.067204
8057711	2.617473
8057713	2.261989
8057719	8.324427
8057732	6.761649
8057736	3.598752
8057742	4.892113
8057744	9.981144
8057771	5.014593
8057797	3.931968
8057803	2.773337
8057817	3.956284
8057819	2.071146
8057821	4.373889
8057887	9.08235
8057898	6.517843
8057929	3.488529
8057931	5.636932
8057933	8.250293
8057954	4.278548
8057959	6.510781
8057990	6.576101
8058024	10.48672
8058052	9.564102
8058063	3.630558
8058075	2.96964
8058091	5.829833
8058104	2.466166
8058106	3.922132
8058108	6.071782
8058118	7.275899
8058127	9.640015
8058145	5.376302
8058147	7.310572
8058159	2.883577
8058161	8.392792
8058182	8.017508
8058195	2.307248
8058197	3.513676
8058199	1.958384
8058201	4.149732
8058203	4.331063
8058221	8.806225
8058238	2.635768
8058256	2.486216
8058258	6.106441
8058273	4.411276
8058295	6.45208
8058333	8.632442
8058335	8.109297
8058340	8.94341
8058342	5.20227
8058344	3.883612
8058346	2.361612
8058348	2.560936
8058350	4.648067
8058373	7.427943
8058386	3.483582
8058388	3.224499
8058390	8.200224
8058411	3.315363
8058415	8.149825
8058428	9.398965
8058450	3.595857
8058456	3.177933
8058458	8.693759
8058460	2.16629
8058462	3.477447
8058477	7.83973
8058486	5.862647
8058496	4.86563
8058498	6.227599
8058509	7.514773
8058512	7.668787
8058514	5.029116
8058516	7.245605
8058518	3.682546
8058520	3.838646
8058524	4.882419
8058530	3.512578
8058535	3.735463
8058542	3.057696
8058552	11.40761
8058566	2.394934
8058568	2.993414
8058570	6.846885
8058591	4.45954
8058604	3.278025
8058614	8.339017
8058627	7.550416
8058658	2.496286
8058660	3.362846
8058662	3.274387
8058664	6.62032
8058666	2.810602
8058668	3.782812
8058670	8.732185
8058693	3.316368
8058695	6.353155
8058708	4.259602
8058765	5.507324
8058824	7.03815
8058837	4.657014
8058849	5.112079
8058855	5.24295
8058857	9.764647
8058866	3.844206
8058869	6.620519
8058905	7.167648
8058912	2.579569
8058914	9.013166
8058927	11.30996
8058940	7.046277
8058971	2.795431
8058973	6.383782
8058985	6.775379
8058997	5.083354
8059012	3.731168
8059014	5.454533
8059019	5.822316
8059026	6.143164
8059028	4.877995
8059067	4.937918
8059071	7.067513
8059081	5.33452
8059097	7.341338
8059111	6.593273
8059139	7.591715
8059158	6.194614
8059177	8.289551
8059186	4.84317
8059211	2.947008
8059213	4.366214
8059222	8.093922
8059244	7.062999
8059249	5.773372
8059277	5.574521
8059279	6.663664
8059301	3.740493
8059319	8.391257
8059339	6.134273
8059341	4.116751
8059343	2.721279
8059345	3.918187
8059350	6.759634
8059361	8.949319
8059376	3.802582
8059387	4.511466
8059393	9.413751
8059413	5.700431
8059470	6.388689
8059475	4.589894
8059477	5.451125
8059525	2.685475
8059532	4.657597
8059538	3.920525
8059549	2.497768
8059551	3.495475
8059565	4.099932
8059576	10.51918
8059578	4.374795
8059580	4.95262
8059596	9.942618
8059642	6.93722
8059648	7.466008
8059650	6.57828
8059672	7.905065
8059674	4.730684
8059680	3.098809
8059687	5.183095
8059689	10.46204
8059708	6.394824
8059710	3.778273
8059712	4.926734
8059716	4.955973
8059720	5.438938
8059729	3.046534
8059731	7.347669
8059739	6.874914
8059744	5.197179
8059748	5.293604
8059770	5.89792
8059776	3.082632
8059783	5.272073
8059799	2.53654
8059801	7.935143
8059832	4.829308
8059838	4.797441
8059852	6.194317
8059854	6.927917
8059862	2.13783
8059864	6.714238
8059868	4.602825
8059876	3.161305
8059878	3.929928
8059900	4.681626
8059902	4.1442
8059905	3.990968
8059949	4.2712
8059951	5.193116
8059953	4.620672
8059955	6.722021
8059965	3.68733
8059969	6.477679
8059985	4.603585
8059989	5.930462
8059996	7.915926
8060020	4.466285
8060030	6.027094
8060061	5.318389
8060063	8.114991
8060080	3.23453
8060082	4.854317
8060084	3.245175
8060086	5.437445
8060094	6.615448
8060101	6.331602
8060103	6.036103
8060126	6.405619
8060134	5.013913
8060187	6.146527
8060196	6.88131
8060205	5.660658
8060225	11.06434
8060255	2.184652
8060257	8.210506
8060274	7.098696
8060286	4.796714
8060294	5.99859
8060303	2.908118
8060308	3.866134
8060314	2.851748
8060320	2.933096
8060325	6.19961
8060330	6.229146
8060334	6.353988
8060339	6.274486
8060344	6.67724
8060353	7.572618
8060368	2.125411
8060370	7.633028
8060379	8.96653
8060395	2.643634
8060400	4.389787
8060416	3.848999
8060418	6.600592
8060427	8.269368
8060432	4.80121
8060447	5.150569
8060461	2.968808
8060484	7.053325
8060501	5.934815
8060503	8.652805
8060505	6.514859
8060526	4.810585
8060528	4.861579
8060533	5.720029
8060539	7.798007
8060594	5.890016
8060599	7.405957
8060604	5.809426
8060611	7.272202
8060625	2.293023
8060627	8.405327
8060660	5.315233
8060675	5.144059
8060698	6.957991
8060705	7.626438
8060722	7.792941
8060734	4.668367
8060736	7.996315
8060738	8.780191
8060741	4.182582
8060745	6.233059
8060758	8.900574
8060765	4.452641
8060772	8.579178
8060790	4.091894
8060792	4.31054
8060796	6.514487
8060803	6.153514
8060805	3.97935
8060813	6.558672
8060835	2.389941
8060839	8.060237
8060850	5.598355
8060854	7.613131
8060893	3.378521
8060895	6.755881
8060897	6.559655
8060940	4.038041
8060947	3.671009
8060949	6.073458
8060963	4.865632
8060977	7.484604
8060988	7.992614
8060997	7.735357
8061013	4.117296
8061019	5.205942
8061035	6.071171
8061064	4.248121
8061066	2.919083
8061073	6.103323
8061075	7.846768
8061082	3.062778
8061092	2.870644
8061094	4.289543
8061112	4.284886
8061114	8.545687
8061122	4.397496
8061127	1.978361
8061129	7.134446
8061136	12.67078
8061138	7.445908
8061154	6.206407
8061165	5.768732
8061167	4.796283
8061169	4.582557
8061171	5.757893
8061184	5.313962
8061186	8.817152
8061211	7.123369
8061222	5.654314
8061224	2.619793
8061227	7.39073
8061247	8.553893
8061262	7.361541
8061272	3.07882
8061303	5.934999
8061305	6.775994
8061324	8.711186
8061357	4.72626
8061364	12.18414
8061366	4.838203
8061368	6.779088
8061373	6.437057
8061382	3.096909
8061389	3.699119
8061396	2.455908
8061402	4.601751
8061404	4.596091
8061406	4.617633
8061414	7.778788
8061416	6.578228
8061426	3.565902
8061428	8.216556
8061445	5.940003
8061447	8.253835
8061471	4.073981
8061481	3.963093
8061483	5.981804
8061490	5.045361
8061497	7.033774
8061504	4.0248
8061507	4.343421
8061509	4.306051
8061517	2.143529
8061519	4.006213
8061529	4.691166
8061542	8.834521
8061562	6.46276
8061564	8.577106
8061572	5.331861
8061579	3.992271
8061605	4.235714
8061620	4.702355
8061645	4.588724
8061647	5.876189
8061653	5.455307
8061666	5.126469
8061668	7.5275
8061685	8.615492
8061706	8.017441
8061715	7.332835
8061725	7.223982
8061742	4.717241
8061746	4.752212
8061772	9.971151
8061780	5.558845
8061799	4.014666
8061815	5.080974
8061831	4.269614
8061847	4.054379
8061859	3.471982
8061869	4.005522
8061883	3.905117
8061894	11.10336
8061912	4.106961
8061916	3.143525
8061919	7.447478
8061940	7.046947
8061944	6.226071
8061946	5.800708
8061958	9.44418
8061966	9.593455
8061982	4.8281
8061986	9.46464
8062016	7.262529
8062023	5.902123
8062034	6.956952
8062041	8.296419
8062064	5.277997
8062108	5.404809
8062117	2.568752
8062119	7.09242
8062123	5.118376
8062134	4.154064
8062137	5.888409
8062174	10.41436
8062190	5.190191
8062206	6.705177
8062211	8.049449
8062213	7.028629
8062235	3.481585
8062237	3.316598
8062251	7.407244
8062284	8.530775
8062286	7.714929
8062293	7.01148
8062312	6.612797
8062319	7.228114
8062326	7.621655
8062337	7.328685
8062339	5.316422
8062347	4.526889
8062349	10.05495
8062371	8.009316
8062377	7.155406
8062395	5.007413
8062404	4.491316
8062409	7.762388
8062427	6.371586
8062433	8.523794
8062444	3.69188
8062461	4.284559
8062478	3.673831
8062480	6.707082
8062490	6.169342
8062492	9.249236
8062527	5.188879
8062532	6.553923
8062539	4.427097
8062545	6.907226
8062555	4.557848
8062557	5.562747
8062569	5.373889
8062571	6.023497
8062576	6.695137
8062599	3.8631
8062601	3.61139
8062603	8.927841
8062623	7.385756
8062658	6.275056
8062681	5.780081
8062687	5.244135
8062689	2.783699
8062691	2.138001
8062693	2.439185
8062695	10.11122
8062705	5.783088
8062728	7.881094
8062748	6.998591
8062766	4.75807
8062782	4.883722
8062794	3.78299
8062796	5.211456
8062813	5.018567
8062821	2.729382
8062823	5.643586
8062842	4.991329
8062844	7.013092
8062852	5.823201
8062862	2.565429
8062864	6.318773
8062873	6.639267
8062880	11.05738
8062890	6.370584
8062908	8.991473
8062927	7.490218
8062933	3.128166
8062944	2.939658
8062948	5.258309
8062962	4.127563
8062964	8.140682
8062971	7.904695
8062981	8.943572
8063000	8.556125
8063011	3.892749
8063014	5.354142
8063019	3.19672
8063024	2.365835
8063026	2.75111
8063028	7.493561
8063043	5.515754
8063057	6.245234
8063071	5.047259
8063074	6.563944
8063078	9.966259
8063097	6.99049
8063115	7.192526
8063129	3.166924
8063156	6.45808
8063171	3.59432
8063174	3.848525
8063177	8.322265
8063187	8.264991
8063209	4.503289
8063211	9.272465
8063240	3.841885
8063242	8.870424
8063283	8.845648
8063313	6.134527
8063315	7.801413
8063337	8.087965
8063345	8.038528
8063347	5.342268
8063349	2.934315
8063351	7.734123
8063369	9.180079
8063380	4.976175
8063382	4.79284
8063386	7.712868
8063389	5.281437
8063394	8.720367
8063408	3.785748
8063410	10.01166
8063417	7.374935
8063427	6.331574
8063433	2.521888
8063437	5.465131
8063442	4.478966
8063444	5.213407
8063447	1.998651
8063449	6.466864
8063453	3.997932
8063458	3.147509
8063473	12.47854
8063476	4.618795
8063478	6.932443
8063484	6.900454
8063497	5.979652
8063509	8.353916
8063522	3.871857
8063524	4.856876
8063526	5.52637
8063531	4.867776
8063534	2.212395
8063536	7.951799
8063545	2.860759
8063547	4.575708
8063549	5.407054
8063551	2.57561
8063566	8.187456
8063583	6.121575
8063590	4.313122
8063601	4.5662
8063607	8.746435
8063620	7.88446
8063634	5.385
8063636	9.001875
8063650	6.505231
8063668	8.958994
8063697	8.800107
8063716	3.192941
8063723	4.919576
8063729	4.713728
8063739	4.778816
8063755	6.406595
8063761	8.871644
8063785	4.818607
8063793	4.548222
8063796	5.294505
8063814	6.649563
8063835	6.088505
8063839	5.93158
8063857	7.334151
8063869	4.946233
8063873	8.758492
8063893	7.83386
8063903	7.556543
8063914	6.505666
8063921	2.400217
8063923	5.709641
8063942	4.246287
8063949	7.148622
8063955	8.17446
8063970	6.718101
8064003	4.815262
8064007	8.805087
8064014	6.339138
8064029	4.112719
8064031	5.965127
8064042	7.13237
8064059	5.982441
8064098	4.796358
8064100	9.61993
8064108	5.758819
8064111	5.807831
8064156	7.325618
8064168	6.762153
8064175	6.206389
8064188	7.68289
8064191	7.824685
8064203	5.1751
8064208	8.306219
8064216	4.321529
8064218	8.32682
8064242	6.105179
8064245	6.088514
8064261	5.315974
8064277	4.550937
8064302	9.571863
8064319	2.810393
8064322	4.627779
8064336	9.324219
8064351	9.87634
8064370	7.295278
8064375	7.520781
8064382	6.40019
8064384	5.055662
8064388	7.257408
8064394	7.734509
8064396	4.680723
8064407	5.674495
8064415	4.558089
8064418	7.686853
8064430	6.202261
8064432	6.290347
8064438	8.989735
8064451	5.626499
8064462	3.19115
8064464	4.853677
8064471	4.92948
8064485	4.886221
8064495	3.890532
8064500	2.214628
8064502	8.134691
8064514	5.584233
8064522	8.73677
8064539	4.2585
8064557	6.730802
8064575	5.154047
8064581	7.08835
8064591	6.192981
8064601	8.506166
8064613	7.78212
8064637	7.568477
8064676	6.965486
8064686	6.265941
8064716	5.474608
8064739	5.86012
8064751	5.564823
8064762	6.820221
8064766	7.669951
8064779	5.639332
8064787	3.836839
8064790	5.986999
8064808	7.793651
8064831	6.618667
8064833	9.894281
8064842	5.700767
8064844	7.972964
8064857	8.946022
8064859	3.820441
8064864	2.399125
8064866	4.657235
8064868	8.479952
8064879	6.686021
8064894	4.631693
8064900	4.503931
8064904	6.270541
8064926	3.712498
8064928	2.94895
8064939	8.110617
8064952	4.332949
8064967	6.656286
8064976	7.126825
8064978	8.642228
8065009	3.093892
8065011	3.567609
8065013	5.565279
8065018	7.020476
8065032	6.742681
8065045	3.337152
8065067	2.028372
8065069	4.104662
8065071	7.662706
8065080	2.370277
8065082	4.450404
8065084	5.13595
8065089	7.586087
8065120	5.52775
8065122	5.050054
8065124	3.624492
8065134	2.9292
8065136	8.686642
8065163	2.00274
8065165	8.733673
8065185	7.533368
8065194	5.202205
8065200	3.279678
8065202	5.871491
8065230	6.271786
8065240	2.249728
8065242	3.774594
8065244	2.387016
8065248	4.30068
8065252	4.020744
8065254	12.37051
8065256	7.628918
8065278	4.618312
8065280	9.574472
8065321	2.310306
8065323	3.475588
8065325	8.950602
8065327	7.17384
8065330	6.214177
8065332	2.897985
8065334	4.145716
8065339	2.69999
8065344	5.303785
8065351	3.593001
8065353	6.520545
8065359	5.991573
8065363	4.229098
8065370	4.724808
8065372	7.085094
8065386	5.176078
8065388	3.772156
8065392	2.252806
8065396	3.812443
8065400	3.834111
8065403	10.33696
8065410	6.269046
8065412	4.526556
8065416	5.505132
8065421	4.937804
8065427	4.467521
8065433	9.186958
8065444	7.726712
8065460	4.707977
8065469	9.219823
8065485	6.060084
8065510	6.815903
8065515	3.85444
8065517	6.786898
8065527	5.483516
8065537	5.219933
8065541	6.947756
8065547	2.221702
8065550	6.890577
8065552	3.485716
8065555	2.936883
8065563	2.730718
8065566	6.145669
8065569	9.484405
8065576	5.430878
8065580	5.38978
8065596	6.349854
8065603	6.453048
8065607	6.69823
8065612	6.970684
8065630	3.239437
8065633	6.690266
8065637	8.333835
8065652	3.572808
8065668	7.02739
8065683	6.476623
8065693	6.841777
8065710	6.299967
8065719	7.728477
8065730	7.848966
8065738	7.916194
8065752	2.39306
8065756	6.005266
8065758	5.426296
8065762	8.267531
8065776	7.720274
8065795	4.599128
8065798	7.515384
8065817	8.029235
8065832	8.722412
8065853	2.924168
8065855	7.266324
8065868	9.973736
8065880	5.464885
8065889	7.149346
8065905	4.015254
8065911	4.697776
8065920	7.550491
8065948	8.466506
8065963	9.075514
8065990	4.394154
8065992	8.179152
8066009	10.83399
8066025	3.152753
8066027	2.480808
8066029	2.124899
8066031	5.76541
8066038	4.875896
8066051	7.680965
8066072	4.660666
8066074	6.736026
8066091	5.690551
8066117	9.104836
8066136	5.944446
8066161	4.235662
8066189	4.648973
8066195	9.466921
8066198	5.667032
8066200	7.049723
8066210	1.992724
8066212	4.398441
8066214	7.549023
8066231	4.882878
8066247	6.79099
8066254	6.350708
8066256	7.157962
8066258	6.31768
8066260	7.213075
8066262	8.161059
8066266	7.621795
8066273	3.443691
8066275	4.280133
8066279	6.247225
8066294	4.4831
8066303	8.75666
8066343	3.002002
8066345	3.258297
8066347	4.464775
8066382	2.017048
8066384	2.9168
8066391	6.044525
8066393	5.324506
8066402	7.406645
8066407	7.304491
8066411	3.431422
8066417	11.05005
8066431	5.180565
8066444	4.441166
8066451	5.797224
8066461	8.141319
8066475	4.846975
8066482	4.891164
8066489	4.899699
8066493	11.69343
8066498	5.210705
8066513	10.80559
8066521	4.278079
8066530	2.629796
8066536	4.71412
8066542	3.267097
8066549	3.192138
8066557	3.647044
8066559	3.270985
8066567	10.79835
8066569	2.927649
8066574	4.384585
8066579	4.537085
8066590	4.918604
8066598	6.759052
8066609	5.641675
8066612	6.002058
8066619	6.507352
8066637	5.726019
8066641	6.616191
8066668	8.418062
8066683	5.329707
8066697	8.565891
8066716	7.625967
8066739	4.527269
8066745	6.512903
8066754	5.229889
8066757	5.804682
8066776	6.19009
8066786	8.105213
8066818	2.122789
8066820	4.552929
8066822	5.418426
8066848	6.509872
8066889	8.69066
8066905	8.042515
8066921	4.709656
8066925	3.997961
8066939	9.243736
8066953	5.996165
8066960	3.430094
8066962	5.197
8066964	7.16417
8066981	5.132871
8066983	6.096312
8066985	5.178818
8067007	10.13621
8067011	8.929974
8067017	9.238185
8067029	5.952228
8067033	5.96063
8067040	6.556952
8067055	9.236001
8067087	6.213944
8067094	6.341368
8067111	3.458473
8067113	8.533451
8067121	5.517579
8067125	9.548041
8067140	3.449302
8067155	3.401173
8067157	3.140649
8067165	3.375249
8067167	5.136583
8067178	4.300851
8067183	6.165934
8067185	4.537544
8067197	2.095102
8067199	2.528732
8067201	2.743181
8067203	4.861116
8067206	7.205726
8067208	4.284671
8067221	5.713871
8067233	5.578636
8067242	5.530738
8067248	5.562463
8067270	6.390889
8067277	5.700727
8067279	9.106396
8067288	7.424828
8067295	8.917269
8067303	6.384455
8067305	5.38339
8067351	7.838931
8067358	3.722093
8067361	7.034723
8067380	4.235888
8067382	7.993609
8067394	5.27502
8067409	7.568442
8067495	5.969206
8067506	6.359348
8067521	6.859381
8067530	6.169576
8067543	5.719322
8067546	5.708009
8067551	6.390705
8067554	6.254332
8067563	8.100244
8067585	6.080813
8067588	4.345481
8067593	8.369272
8067602	5.124706
8067610	4.739047
8067626	4.852459
8067652	5.842512
8067662	8.355389
8067671	6.014145
8067680	6.612675
8067709	6.624882
8067722	6.05184
8067727	7.141899
8067743	6.191459
8067754	5.952033
8067756	6.136961
8067773	6.323555
8067792	6.248907
8067798	5.780352
8067802	7.196773
8067812	6.830719
8067818	4.145794
8067820	7.512308
8067822	3.368273
8067825	3.110646
8067834	1.976117
8067836	2.988381
8067839	4.451746
8067842	2.854927
8067844	2.859905
8067858	2.50454
8067860	3.159497
8067864	6.202689
8067867	6.162261
8067869	3.854266
8067877	3.068517
8067899	2.798934
8067901	3.056729
8067903	8.62759
8067932	4.749647
8067942	5.744112
8067944	3.857918
8067946	3.19997
8067948	3.628679
8067950	2.405135
8067955	11.02712
8067963	8.124335
8067965	2.925194
8067969	4.700547
8067978	11.55619
8067981	3.507793
8067983	3.830662
8067985	3.579983
8068006	2.739733
8068014	2.217214
8068020	2.767332
8068022	3.727776
8068024	3.482209
8068039	6.638785
8068044	2.447912
8068046	4.89678
8068052	2.636662
8068057	4.102453
8068062	8.415859
8068083	5.569331
8068100	2.818115
8068105	7.455406
8068120	4.075463
8068126	3.397551
8068130	2.803322
8068136	5.226971
8068139	3.038327
8068145	5.875482
8068151	5.138375
8068154	3.871203
8068157	4.167548
8068161	3.786725
8068164	2.832278
8068168	9.732561
8068180	5.853642
8068192	4.683639
8068200	7.018987
8068202	8.190792
8068214	2.819019
8068216	2.531498
8068218	3.839888
8068220	4.957476
8068231	4.542837
8068235	5.973271
8068238	7.919256
8068254	10.2397
8068266	9.792463
8068280	8.617318
8068289	9.296747
8068305	6.998276
8068350	5.181211
8068353	8.201784
8068361	9.194155
8068363	4.449678
8068369	3.633564
8068375	6.751373
8068383	10.17158
8068391	2.460358
8068393	2.165252
8068395	2.085939
8068397	5.890948
8068399	2.189095
8068401	7.983998
8068410	7.942237
8068413	5.892072
8068422	8.22498
8068460	8.885534
8068478	5.522756
8068494	4.132311
8068496	4.894444
8068510	6.624073
8068512	5.473557
8068520	2.502392
8068522	8.912246
8068543	4.104525
8068551	8.281797
8068570	2.455763
8068578	4.572172
8068583	7.785526
8068593	8.663144
8068608	2.695068
8068610	2.513282
8068612	8.004998
8068620	4.52131
8068633	8.131493
8068644	7.108053
8068651	5.991686
8068660	2.660807
8068662	1.847708
8068664	4.248034
8068671	9.047186
8068684	8.919487
8068697	7.105511
8068713	8.278275
8068731	4.475444
8068735	3.174838
8068740	4.828595
8068761	6.530569
8068786	4.524391
8068788	4.643476
8068810	8.335822
8068833	6.566853
8068857	8.236014
8068866	6.827004
8068883	6.728702
8068891	4.664382
8068894	3.846196
8068898	7.864034
8068902	7.240408
8068919	8.858901
8068938	6.97649
8068952	7.932041
8068974	7.605299
8069003	6.886997
8069026	7.61767
8069037	5.821867
8069057	8.817984
8069083	6.051169
8069085	5.678391
8069122	5.464308
8069131	4.883251
8069133	2.128395
8069135	5.346643
8069142	7.29884
8069146	4.325822
8069148	6.183835
8069150	6.410322
8069153	6.193727
8069156	5.280564
8069161	5.863817
8069168	6.729346
8069174	6.303165
8069178	6.356462
8069200	4.314592
8069208	6.866974
8069252	4.697369
8069269	6.532956
8069301	6.800872
8069332	4.810267
8069340	6.594707
8069348	6.75912
8069399	6.757198
8069444	3.972882
8069446	5.67369
8069448	2.19181
8069450	8.197253
8069470	7.642291
8069472	2.508252
8069487	2.346565
8069494	3.886935
8069499	2.252789
8069503	5.800474
8069505	5.000956
8069508	5.394665
8069511	5.917896
8069517	5.084866
8069519	6.658074
8069521	2.552929
8069532	7.134256
8069541	5.690856
8069553	9.166693
8069559	2.313248
8069561	8.631849
8069563	2.374634
8069565	8.856439
8069574	6.587888
8069582	2.706136
8069608	2.198034
8069610	3.912967
8069612	3.363435
8069620	7.598225
8069633	6.618025
8069644	11.54278
8069666	6.293105
8069668	4.027182
8069676	8.0567
8069689	3.96609
8069700	8.434439
8069711	8.157216
8069744	6.542984
8069753	8.300938
8069764	4.194095
8069766	4.270244
8069768	2.986283
8069770	2.872116
8069790	3.205733
8069795	8.752542
8069800	3.781185
8069804	3.614399
8069808	3.219963
8069811	5.186348
8069813	2.822406
8069818	2.85484
8069822	4.356457
8069827	2.599476
8069831	4.215639
8069836	2.63198
8069838	5.079663
8069841	2.648601
8069845	3.79307
8069848	5.641434
8069852	5.565864
8069855	3.037028
8069859	2.773627
8069863	5.288478
8069868	4.330679
8069872	4.836451
8069876	3.035067
8069880	7.636307
8069910	7.766813
8069933	7.51709
8069943	8.29497
8069983	5.268526
8069985	6.732955
8069987	5.377497
8069991	4.049237
8069998	8.535082
8070010	6.608149
8070046	7.521509
8070073	4.156525
8070081	5.357687
8070083	8.661167
8070097	5.177183
8070102	8.211452
8070129	6.283875
8070141	7.534551
8070160	8.629867
8070169	6.436125
8070171	4.515135
8070173	4.710063
8070182	6.468964
8070194	8.098562
8070213	2.697801
8070215	7.47881
8070231	4.008091
8070233	4.197103
8070239	8.346311
8070255	2.777692
8070257	6.433212
8070269	8.054366
8070279	3.296621
8070286	4.66387
8070295	3.746783
8070297	3.753586
8070315	3.951154
8070321	4.267744
8070328	3.791818
8070330	7.528685
8070341	8.267221
8070386	4.019269
8070389	7.807708
8070396	3.560008
8070398	4.351064
8070411	7.979138
8070421	4.468528
8070458	4.157574
8070467	11.68532
8070482	4.907241
8070489	8.506393
8070503	5.784547
8070538	8.549064
8070557	6.968509
8070563	4.580125
8070567	7.311834
8070574	5.110407
8070579	8.324985
8070584	6.718184
8070601	2.307162
8070603	5.372169
8070615	6.656992
8070629	4.570219
8070632	6.313497
8070655	9.391425
8070665	6.390236
8070681	4.918044
8070689	4.496879
8070701	11.18228
8070708	4.500051
8070712	4.146827
8070714	2.79512
8070716	4.717167
8070720	6.183672
8070730	4.411842
8070744	6.029424
8070755	2.117363
8070757	5.529774
8070771	6.951331
8070777	6.615941
8070780	5.225165
8070782	6.410306
8070786	6.470547
8070789	6.794147
8070791	6.188734
8070795	5.624569
8070799	7.965592
8070811	9.121664
8070819	10.81775
8070826	7.824815
8070847	5.575449
8070853	5.464523
8070863	4.804002
8070867	5.397477
8070876	6.5118
8070891	5.229032
8070896	5.497388
8070900	4.965281
8070905	4.224392
8070912	6.103057
8070925	5.64854
8070933	6.402387
8070953	6.216774
8070961	6.896251
8070988	7.786623
8071020	4.991255
8071036	3.854022
8071042	4.750678
8071044	6.614127
8071049	5.384482
8071051	6.600359
8071058	2.341444
8071061	4.746652
8071063	4.779789
8071069	7.433063
8071084	5.732578
8071086	4.095031
8071107	4.855088
8071119	7.874353
8071134	5.516159
8071136	7.354691
8071147	5.73968
8071155	6.762264
8071161	3.947378
8071168	5.54955
8071170	5.186786
8071179	6.242949
8071185	5.375335
8071194	4.732905
8071196	4.497806
8071202	2.075348
8071204	2.862478
8071206	5.753035
8071212	3.673318
8071234	6.231966
8071259	5.973528
8071268	6.111773
8071272	7.01664
8071274	7.995152
8071276	5.96645
8071289	9.165165
8071301	6.699363
8071312	6.95334
8071314	7.622087
8071332	8.489972
8071339	5.735956
8071355	5.151394
8071357	4.677055
8071361	3.624719
8071368	7.385215
8071371	3.699986
8071373	2.613117
8071375	3.922727
8071382	6.197046
8071390	2.828829
8071392	8.031748
8071411	4.710766
8071414	4.376913
8071420	3.785976
8071426	7.623498
8071434	8.534029
8071442	1.938025
8071444	4.889138
8071466	7.322116
8071489	4.708848
8071504	4.379833
8071516	6.139047
8071523	3.659256
8071530	4.631693
8071532	4.385396
8071536	6.755924
8071541	7.78257
8071543	3.699986
8071545	2.613117
8071547	7.629663
8071554	5.091363
8071559	7.066143
8071564	4.808434
8071566	8.185652
8071593	7.21452
8071595	5.149277
8071597	5.204921
8071642	4.71233
8071646	4.008856
8071649	9.34002
8071655	7.416102
8071658	4.272584
8071662	5.773661
8071671	5.282549
8071676	5.236337
8071691	7.234118
8071713	6.587904
8071715	5.826085
8071717	5.207304
8071737	9.329091
8071745	5.282499
8071758	5.593373
8071768	7.936322
8071783	5.785254
8071801	4.282245
8071804	6.126597
8071806	7.948956
8071809	5.063672
8071817	2.95538
8071819	5.604643
8071823	7.289006
8071861	6.424134
8071877	6.58667
8071881	8.788283
8071899	5.90753
8071907	4.45767
8071920	9.110389
8071927	6.250606
8071951	5.945686
8071953	5.942572
8071981	8.145653
8071989	6.580021
8071997	6.117953
8072004	6.8097
8072007	4.696608
8072009	7.172218
8072015	8.012333
8072039	5.110559
8072088	4.237712
8072108	4.766315
8072113	7.255702
8072122	7.7323
8072124	5.163461
8072131	2.171937
8072133	5.016541
8072139	1.848683
8072141	3.576936
8072143	6.54919
8072153	8.384803
8072160	5.596292
8072170	6.849006
8072187	2.217305
8072189	7.149724
8072206	10.00995
8072216	6.3905
8072226	2.556743
8072229	4.849864
8072242	7.727738
8072266	4.757754
8072272	5.551145
8072274	9.222968
8072279	9.332512
8072302	8.015308
8072304	3.021236
8072314	4.360726
8072316	5.343866
8072328	5.623553
8072344	4.625875
8072346	5.218594
8072353	5.404035
8072355	4.220681
8072358	5.466185
8072360	5.176943
8072374	5.702912
8072382	5.563116
8072400	3.704881
8072407	9.469108
8072411	5.059075
8072413	5.058177
8072436	6.457076
8072454	7.160893
8072461	8.066159
8072482	4.224564
8072484	5.351819
8072486	5.031229
8072488	8.034303
8072494	7.178598
8072529	6.868967
8072573	3.695822
8072575	2.2303
8072577	7.620314
8072582	5.225348
8072584	4.900908
8072587	6.473609
8072603	4.150159
8072605	2.190689
8072610	9.527481
8072626	5.760497
8072636	3.943288
8072645	8.405044
8072659	8.028039
8072678	6.958482
8072687	7.309031
8072705	5.214946
8072710	8.311346
8072721	3.824708
8072727	1.799066
8072729	5.443991
8072731	2.263896
8072733	2.706375
8072735	8.413915
8072744	5.854011
8072757	7.097579
8072775	4.107555
8072777	6.66882
8072784	6.194694
8072796	5.121672
8072798	7.266304
8072817	7.426789
8072825	7.29184
8072847	6.373958
8072870	6.739871
8072876	7.730436
8072883	7.273287
8072894	7.009185
8072924	3.500214
8072926	9.00864
8072931	5.989333
8072941	6.194808
8072946	11.06908
8072960	2.655259
8072962	6.58052
8072979	7.559255
8072989	6.932887
8073007	5.394961
8073013	7.555496
8073015	7.881858
8073022	6.994408
8073032	6.797924
8073039	7.899267
8073056	6.134597
8073062	5.495092
8073068	6.84086
8073072	7.053264
8073081	5.880076
8073088	5.0405
8073096	4.35179
8073104	6.491065
8073114	5.733143
8073129	7.302563
8073135	6.695707
8073148	8.739779
8073152	4.804868
8073192	9.65647
8073194	5.007239
8073207	6.254191
8073214	8.042626
8073242	7.853813
8073259	7.873937
8073293	5.106217
8073296	5.256701
8073309	6.885578
8073311	7.277671
8073328	3.526495
8073330	3.30224
8073332	2.978955
8073334	9.0963
8073341	2.920983
8073343	7.577006
8073345	8.130849
8073379	7.291824
8073397	8.326871
8073422	6.878435
8073430	9.178072
8073449	5.921605
8073457	10.40955
8073470	6.46911
8073474	4.547698
8073511	5.534795
8073513	6.696693
8073522	8.683764
8073544	2.97861
8073546	6.079597
8073548	4.165878
8073562	5.535067
8073573	6.548346
8073578	8.710445
8073582	4.870986
8073585	6.847424
8073596	5.65175
8073603	6.209912
8073605	6.119926
8073612	7.39731
8073623	6.573646
8073631	4.573928
8073633	4.331229
8073645	7.756813
8073662	5.651263
8073680	4.97079
8073682	5.682216
8073698	4.741208
8073705	6.98609
8073733	7.616948
8073743	7.871867
8073752	8.458523
8073766	4.07526
8073775	7.497426
8073799	9.324574
8073816	6.238923
8073822	5.634777
8073824	6.207071
8073826	7.010365
8073842	7.157742
8073858	4.001125
8073875	7.253743
8073890	6.369663
8073909	8.026546
8073924	4.647563
8073929	6.448337
8073939	5.25631
8073941	5.800021
8073943	6.833174
8073949	6.808308
8073960	8.067149
8073962	4.103649
8073992	5.996964
8074003	7.573895
8074020	6.883042
8074030	7.527528
8074057	5.285342
8074059	3.842886
8074061	8.772386
8074063	6.444611
8074070	6.355772
8074082	6.902667
8074106	5.97626
8074108	5.337304
8074131	5.36692
8074153	5.27365
8074157	7.844126
8074168	5.74489
8074170	4.208375
8074192	3.900202
8074194	3.639488
8074196	6.380535
8074201	3.097286
8074204	2.485951
8074210	2.504194
8074212	5.458064
8074223	6.077501
8074227	6.790627
8074237	6.862377
8074249	2.986283
8074251	7.784543
8074261	7.380432
8074274	5.661069
8074286	6.227417
8074307	6.220937
8074309	3.831031
8074316	5.995982
8074330	4.016533
8074335	4.818508
8074349	8.624073
8074364	5.081261
8074371	6.199681
8074384	6.638257
8074388	8.180839
8074399	4.269424
8074432	7.718011
8074458	7.182222
8074464	7.87191
8074473	6.221923
8074481	5.871047
8074498	6.763806
8074522	6.292594
8074541	6.729377
8074556	2.477713
8074558	6.389438
8074565	6.684373
8074569	5.534873
8074577	8.312798
8074591	3.443701
8074593	5.300549
8074597	3.718988
8074606	6.722368
8074615	4.818879
8074617	5.457637
8074632	6.416799
8074640	4.36779
8074642	5.990863
8074644	8.576151
8074647	8.749122
8074688	6.319205
8074695	5.184617
8074701	5.387176
8074712	4.631693
8074714	5.235364
8074716	5.922799
8074730	5.562998
8074734	4.175833
8074737	3.659256
8074744	2.613117
8074746	3.699986
8074748	8.644434
8074769	3.297321
8074771	5.23506
8074773	6.87875
8074780	4.833386
8074789	4.196956
8074791	9.832304
8074806	6.441817
8074817	6.83522
8074836	3.684928
8074842	6.930224
8074845	4.747782
8074853	3.381444
8074856	4.204389
8074867	5.456586
8074869	4.262696
8074878	6.54449
8074880	4.850967
8074884	2.501615
8074886	2.315294
8074888	5.719232
8074890	4.4658
8074892	6.053254
8074897	4.225442
8074909	6.504481
8074916	4.377196
8074925	10.41263
8074927	7.93143
8074931	6.274065
8074934	5.476755
8074939	7.141405
8074944	5.459795
8074956	3.242898
8074958	3.274123
8074962	5.063672
8074969	7.800986
8074972	4.049014
8074978	2.884711
8074980	9.091817
8074988	2.120114
8074991	6.135202
8075005	5.495827
8075009	8.087157
8075016	5.651577
8075024	5.391263
8075026	4.192998
8075049	4.85705
8075052	6.100222
8075059	3.609547
8075061	2.427858
8075063	7.657194
8075089	7.808842
8075106	7.026983
8075118	5.506392
8075126	5.094183
8075130	9.415677
8075142	5.479884
8075160	4.411583
8075164	3.760765
8075182	11.86451
8075190	4.92018
8075192	2.156778
8075198	2.371465
8075200	6.109962
8075211	5.765038
8075217	8.509439
8075239	7.18728
8075263	7.198049
8075276	6.263999
8075285	8.428843
8075306	5.130564
8075310	3.720673
8075316	7.517231
8075322	6.819969
8075332	7.716369
8075343	8.209353
8075363	4.32401
8075365	6.206027
8075375	3.866049
8075390	5.163652
8075401	4.96819
8075406	7.096359
8075423	6.340323
8075430	7.830837
8075458	5.925492
8075462	7.164325
8075468	4.943841
8075477	4.782806
8075479	3.080759
8075481	3.438503
8075483	9.564108
8075493	7.695091
8075505	2.396105
8075507	7.417431
8075529	7.320879
8075542	7.482844
8075550	4.559877
8075553	3.631653
8075555	4.359313
8075564	3.665175
8075569	3.242424
8075585	10.08791
8075600	3.474455
8075616	5.1682
8075633	5.006614
8075635	4.408725
8075637	7.359019
8075657	5.959763
8075659	7.104297
8075668	5.560692
8075673	8.821303
8075691	12.26704
8075693	3.048184
8075695	5.87253
8075705	7.351057
8075707	2.272631
8075709	8.211479
8075720	6.325425
8075728	9.947701
8075778	7.412392
8075785	5.912248
8075798	10.01639
8075817	6.55483
8075820	3.171799
8075828	6.457889
8075838	4.271879
8075846	3.8483
8075850	3.548736
8075857	9.182645
8075863	5.615577
8075865	5.094481
8075886	5.149799
8075897	5.040273
8075906	6.43194
8075910	7.518814
8075918	4.967458
8075921	4.694375
8075924	5.616795
8075934	6.452868
8075956	4.467817
8075963	6.203382
8075969	4.295189
8075971	6.738359
8075981	4.359558
8075992	5.61225
8076002	6.186601
8076007	5.607374
8076025	5.691056
8076046	8.042702
8076056	7.937759
8076072	6.193394
8076077	10.94843
8076094	3.471206
8076113	4.511104
8076128	8.57007
8076137	8.368132
8076161	6.45452
8076169	6.672918
8076176	7.236238
8076185	7.449737
8076193	4.196048
8076195	5.274459
8076209	12.45821
8076219	6.044722
8076221	6.018289
8076223	7.725169
8076225	7.724087
8076231	3.155253
8076239	3.369123
8076241	7.25482
8076260	6.842478
8076272	9.97889
8076292	4.29467
8076298	7.960734
8076300	4.217514
8076302	6.862527
8076307	7.213961
8076327	4.156293
8076329	3.287786
8076331	7.513382
8076339	6.84496
8076344	7.997041
8076355	6.89729
8076365	7.071656
8076374	9.285547
8076382	3.353797
8076384	4.143225
8076387	6.192541
8076393	5.370132
8076403	8.694185
8076415	2.689027
8076417	8.355369
8076424	5.774291
8076431	6.081968
8076436	7.337045
8076441	5.761022
8076449	9.04145
8076455	8.175489
8076461	8.400651
8076463	4.290772
8076465	8.650202
8076481	8.143752
8076493	5.355945
8076497	6.365363
8076509	5.580406
8076511	12.36424
8076513	6.632799
8076515	8.380729
8076533	8.007792
8076547	6.52129
8076561	5.982324
8076563	7.838478
8076569	8.084265
8076584	6.166227
8076586	5.486637
8076612	4.850822
8076644	4.224401
8076655	4.573978
8076668	4.675418
8076673	6.66153
8076677	6.181585
8076690	7.880823
8076704	2.652416
8076732	7.173712
8076734	6.592125
8076739	5.625182
8076744	5.662949
8076747	7.58685
8076749	6.20937
8076754	3.91875
8076757	7.306811
8076792	6.108975
8076813	4.529817
8076815	4.666384
8076819	3.925252
8076826	4.778902
8076836	7.25908
8076851	8.184344
8076865	5.217494
8076882	4.279773
8076894	5.281083
8076909	6.573669
8076937	6.681895
8076962	5.205149
8076978	5.269661
8076998	9.926214
8077036	6.542557
8077042	7.421574
8077082	7.575225
8077099	6.050728
8077103	6.812697
8077116	5.913116
8077123	6.809985
8077160	6.014562
8077169	2.969095
8077171	7.745108
8077185	5.723864
8077192	4.976282
8077198	4.231552
8077204	4.854494
8077211	7.257658
8077226	6.689015
8077238	6.884692
8077250	7.098696
8077262	4.796714
8077270	4.051175
8077299	3.351
8077323	3.16014
8077351	6.416239
8077353	6.113504
8077366	4.721417
8077370	6.465987
8077376	7.33281
8077441	8.864247
8077450	8.91594
8077458	7.501412
8077472	3.929782
8077490	6.282485
8077499	3.057332
8077503	4.107219
8077511	2.826912
8077513	8.600716
8077526	8.134572
8077528	9.454882
8077550	8.115959
8077572	4.405593
8077595	6.405716
8077612	7.246809
8077635	6.599328
8077652	9.153226
8077663	9.041718
8077668	5.718686
8077688	7.070208
8077712	7.032216
8077728	4.942379
8077731	5.366826
8077768	2.97964
8077770	8.435635
8077777	3.829935
8077779	6.081411
8077781	7.934011
8077786	6.208829
8077804	7.78018
8077815	5.9361
8077817	5.746546
8077833	4.294052
8077851	6.102132
8077858	8.445989
8077877	4.665256
8077879	5.240952
8077899	9.083895
8077914	7.349355
8077929	6.000589
8077931	8.589247
8077942	2.37284
8077944	5.727192
8077958	6.374787
8077970	5.69909
8077989	6.013574
8077993	8.785262
8078008	7.81057
8078012	3.197056
8078014	7.348251
8078033	6.689116
8078046	4.151988
8078066	4.472754
8078091	7.913443
8078110	8.728848
8078134	2.583691
8078136	6.410321
8078138	7.627643
8078147	7.639551
8078155	3.850429
8078173	7.444976
8078187	6.963327
8078196	3.180114
8078214	9.84673
8078225	4.623446
8078227	7.749125
8078248	10.56764
8078252	5.418728
8078260	5.605471
8078262	7.99945
8078270	11.75409
8078272	8.062883
8078284	3.543373
8078286	7.586858
8078300	6.612403
8078305	4.469294
8078310	3.296404
8078312	5.768942
8078319	3.949888
8078330	5.483067
8078350	9.168417
8078360	11.10474
8078378	5.679921
8078380	6.522475
8078382	3.173996
8078386	9.863397
8078395	7.087677
8078397	6.360476
8078405	6.609633
8078412	7.844786
8078435	5.862359
8078442	4.157405
8078450	8.307326
8078461	5.234108
8078479	9.608422
8078497	3.596287
8078527	3.532564
8078529	4.218418
8078542	4.13558
8078544	7.656621
8078565	1.970091
8078567	5.192035
8078569	8.809052
8078600	9.840153
8078605	5.100464
8078619	5.430053
8078650	8.440552
8078663	4.631781
8078665	8.942582
8078688	2.154817
8078690	5.091735
8078729	7.736069
8078738	8.97627
8078759	4.842094
8078772	4.808853
8078784	6.583848
8078805	6.066121
8078818	6.316707
8078832	3.919037
8078834	8.616631
8078857	5.230799
8078888	4.104712
8078896	2.479681
8078898	8.359955
8078905	10.72855
8078916	7.229662
8078918	6.031483
8078920	4.233118
8078933	4.615795
8078956	2.170952
8078960	4.200607
8078962	6.329841
8078971	7.967185
8078984	8.666613
8078991	6.188633
8078999	6.141537
8079005	7.146473
8079019	12.03984
8079021	10.78689
8079037	8.324546
8079060	8.655722
8079074	8.015415
8079079	8.381547
8079099	5.746345
8079107	4.70246
8079117	6.239059
8079124	6.887105
8079131	4.90707
8079138	5.048895
8079140	7.864187
8079149	6.983647
8079153	8.784146
8079163	4.231743
8079165	4.303971
8079167	7.009927
8079170	7.297577
8079187	4.221146
8079189	4.622521
8079198	2.619359
8079204	5.921795
8079217	6.580377
8079224	5.500357
8079229	6.429352
8079237	2.712299
8079274	6.531535
8079279	5.704441
8079294	7.694725
8079305	6.134732
8079311	7.650786
8079334	8.719012
8079346	9.325417
8079370	3.462947
8079375	2.298472
8079377	5.030319
8079383	3.647433
8079392	4.724964
8079401	4.835835
8079407	5.951876
8079415	2.979451
8079420	4.406837
8079422	1.859277
8079426	5.072228
8079433	4.920695
8079462	7.67955
8079517	7.009057
8079532	7.045243
8079561	3.373931
8079563	7.469588
8079590	5.568492
8079598	6.257153
8079613	2.514225
8079615	3.219933
8079628	3.829246
8079630	7.56805
8079637	6.369757
8079662	7.668468
8079677	7.696257
8079693	9.805316
8079707	7.893519
8079719	3.321413
8079731	2.908925
8079733	6.541945
8079740	3.564759
8079742	3.127188
8079744	2.344593
8079746	8.432676
8079753	8.143903
8079759	4.046771
8079772	8.454065
8079796	6.800757
8079839	4.429482
8079842	8.355577
8079867	5.74117
8079869	9.252169
8079896	7.446235
8079919	4.600664
8079931	3.857918
8079950	8.766235
8079964	6.624181
8079966	5.82194
8079988	5.635695
8079993	7.050509
8079999	3.521003
8080001	6.936676
8080013	7.585069
8080028	5.617806
8080082	3.283169
8080084	8.718911
8080093	6.931522
8080100	6.943482
8080121	6.918742
8080128	4.673239
8080138	2.739527
8080142	4.100432
8080144	6.723155
8080158	5.961246
8080162	6.898176
8080168	7.395852
8080184	9.613014
8080198	6.114748
8080212	6.321452
8080226	5.421573
8080306	5.10664
8080320	8.112539
8080344	5.849081
8080416	7.811964
8080419	9.7416
8080438	9.554082
8080445	4.614093
8080466	4.874629
8080487	9.842976
8080509	3.097743
8080511	5.113623
8080562	3.806324
8080578	4.081169
8080617	3.289987
8080619	5.214206
8080621	5.621158
8080640	3.682764
8080645	9.104233
8080674	3.203281
8080676	6.617854
8080683	3.24297
8080685	8.319172
8080714	10.52461
8080762	6.692593
8080773	7.956206
8080781	6.839885
8080804	5.933767
8080810	4.522432
8080847	6.639072
8080853	4.375132
8080855	3.13196
8080863	2.625407
8080868	3.923213
8080878	8.307048
8080894	3.210632
8080896	7.725789
8080911	3.713306
8080918	2.660084
8080923	8.994369
8080926	10.56995
8080936	5.454745
8080938	6.494431
8080956	2.475004
8080958	7.178257
8080960	3.938517
8080962	3.004971
8080964	3.03957
8080973	8.452377
8080980	5.472285
8080983	2.632322
8080987	3.452863
8080989	2.167677
8080991	11.29338
8080994	2.444799
8080998	6.906692
8081001	4.227477
8081028	5.88623
8081030	4.365885
8081032	3.549855
8081036	3.805543
8081051	2.127158
8081053	4.112987
8081055	8.916173
8081065	2.684232
8081067	4.238357
8081069	7.349874
8081073	7.164572
8081079	2.077796
8081081	3.266051
8081103	2.645408
8081105	4.347572
8081107	2.397986
8081109	2.168683
8081111	2.089369
8081113	2.445983
8081115	6.510577
8081128	8.278672
8081135	8.41791
8081138	2.877895
8081158	5.036964
8081171	8.29705
8081192	2.469053
8081194	2.227802
8081196	2.173827
8081198	2.291031
8081200	3.220736
8081202	2.874663
8081204	2.808008
8081206	2.424605
8081208	3.177733
8081210	2.270262
8081212	2.417511
8081214	4.041174
8081217	4.62686
8081219	5.071911
8081233	3.190231
8081235	4.007561
8081241	4.996468
8081254	4.829377
8081256	8.048197
8081277	8.521977
8081288	4.183347
8081298	3.075009
8081316	8.236163
8081331	1.986547
8081333	2.460489
8081335	4.210966
8081337	2.629175
8081339	2.914905
8081341	2.830195
8081343	6.133469
8081348	9.638783
8081354	2.822135
8081356	2.189731
8081358	6.934205
8081362	6.347774
8081375	5.134699
8081386	8.575976
8081405	4.23952
8081407	3.615815
8081427	4.100841
8081429	3.813434
8081431	11.21981
8081452	2.042063
8081454	3.106066
8081456	2.133079
8081458	2.455112
8081460	2.706532
8081462	2.798934
8081465	9.057802
8081488	3.470178
8081501	3.187916
8081503	5.916373
8081537	3.755972
8081546	3.219978
8081548	5.778885
8081564	5.584416
8081582	5.669648
8081590	3.877399
8081612	7.970778
8081620	4.642576
8081631	4.149335
8081645	6.676641
8081657	3.957149
8081667	9.087229
8081676	6.455044
8081686	4.209339
8081710	8.991328
8081740	9.406299
8081758	8.585084
8081779	6.531206
8081786	6.785881
8081799	4.139261
8081808	2.890154
8081810	4.801401
8081818	4.364612
8081820	5.39034
8081822	3.09316
8081826	8.742171
8081838	5.948814
8081853	6.886065
8081867	10.13224
8081878	6.493186
8081880	4.863705
8081890	4.672415
8081903	2.992786
8081925	3.635533
8081941	3.006524
8081943	1.701571
8081945	7.765754
8081951	2.446795
8081953	6.808933
8081959	2.960611
8081989	3.005942
8081995	4.759725
8081997	3.834057
8082003	6.766072
8082012	11.45584
8082035	5.252973
8082046	4.659902
8082058	6.99118
8082066	8.010204
8082075	8.29139
8082086	4.129715
8082100	8.540956
8082118	2.656898
8082120	9.02569
8082133	6.217346
8082153	7.249833
8082163	6.788243
8082165	4.830177
8082229	8.598691
8082236	2.983346
8082238	3.589327
8082240	2.646826
8082242	3.138016
8082244	8.286936
8082246	6.50643
8082248	8.163748
8082250	4.414222
8082252	4.675187
8082254	6.041656
8082261	4.599265
8082270	4.909617
8082289	5.602177
8082298	4.668988
8082305	6.282276
8082314	6.072021
8082347	4.532812
8082350	6.014911
8082368	6.17162
8082380	6.548845
8082400	4.747221
8082406	6.268877
8082408	10.32991
8082422	7.171723
8082431	9.977963
8082442	5.582307
8082444	8.231862
8082465	5.96271
8082473	5.349142
8082478	9.217892
8082504	8.985106
8082517	6.391034
8082523	7.343552
8082552	4.201456
8082560	6.020225
8082570	5.535419
8082572	3.293317
8082574	4.586479
8082583	3.621794
8082585	3.378201
8082597	3.902634
8082605	4.235891
8082607	8.916972
8082643	5.709769
8082663	7.283925
8082667	6.70542
8082673	10.58968
8082688	8.711877
8082745	2.850498
8082750	8.999081
8082767	3.359919
8082774	4.378543
8082786	1.794392
8082788	9.578612
8082797	4.254716
8082816	8.74338
8082827	6.864172
8082846	4.616155
8082869	6.072874
8082886	8.802634
8082905	4.35133
8082911	8.328571
8082916	4.514683
8082926	4.661141
8082928	4.5383
8082940	8.381899
8082965	4.990014
8082974	3.927742
8083000	6.23302
8083011	6.734887
8083025	4.724849
8083030	6.965421
8083032	12.86462
8083034	4.833759
8083053	4.28484
8083063	7.983314
8083071	4.8574
8083075	5.8148
8083090	9.817414
8083092	8.609905
8083094	7.908674
8083119	7.680016
8083129	3.62623
8083136	7.427708
8083142	3.198663
8083144	3.208785
8083146	8.693126
8083164	6.586575
8083166	4.140445
8083183	9.203702
8083214	7.483565
8083221	7.783872
8083223	7.967893
8083227	3.6094
8083229	2.961756
8083233	3.791467
8083240	3.721547
8083246	3.075241
8083260	3.249786
8083272	9.206981
8083282	8.33952
8083301	3.435198
8083310	8.701078
8083318	5.62077
8083320	2.267906
8083324	7.748429
8083333	8.30501
8083352	10.6889
8083360	3.855739
8083407	4.692091
8083409	2.671479
8083415	2.538218
8083422	2.542226
8083429	8.948187
8083445	6.589656
8083447	7.22826
8083453	4.327104
8083455	3.07417
8083457	7.284515
8083463	2.942659
8083467	2.25442
8083469	6.306539
8083471	6.26261
8083492	3.12228
8083494	6.379933
8083523	8.56039
8083538	3.231134
8083546	4.436101
8083569	8.50477
8083576	4.482008
8083592	3.798458
8083594	3.492775
8083599	3.705155
8083605	7.778286
8083616	4.897023
8083630	7.98245
8083652	8.27318
8083656	10.85567
8083673	3.487889
8083677	4.658825
8083690	3.471926
8083704	5.936143
8083707	4.646264
8083709	7.34525
8083737	2.802467
8083739	2.782976
8083743	3.785718
8083745	2.720255
8083747	2.260144
8083749	10.26551
8083757	9.467456
8083770	4.421969
8083775	3.796564
8083777	5.872314
8083779	5.594799
8083792	8.039087
8083794	7.315988
8083808	3.233852
8083814	2.796703
8083826	8.747029
8083839	8.817593
8083848	5.569493
8083850	6.995431
8083852	2.644302
8083854	9.243778
8083876	7.887981
8083887	6.179882
8083893	4.352127
8083895	2.772695
8083897	3.662084
8083901	9.19645
8083933	6.543866
8083935	3.947648
8083937	2.4827
8083939	2.504522
8083941	5.780708
8083968	6.12133
8083978	9.173568
8083994	2.716053
8083996	5.484809
8083998	3.642807
8084000	2.457773
8084002	3.93989
8084012	4.488511
8084014	2.446058
8084016	7.690185
8084035	6.76093
8084045	8.420114
8084064	6.92082
8084067	7.807649
8084092	9.575577
8084100	4.647789
8084122	5.833521
8084124	2.066621
8084126	2.635706
8084128	7.984617
8084146	9.640176
8084165	9.309106
8084169	2.582374
8084171	3.518043
8084173	9.168198
8084206	7.822315
8084213	6.519309
8084215	5.038601
8084217	2.746969
8084219	8.549758
8084232	7.230161
8084266	4.541829
8084275	4.022171
8084284	3.936452
8084299	2.405963
8084303	8.006933
8084323	7.838138
8084345	9.785274
8084360	8.139207
8084382	4.622676
8084397	5.563053
8084423	7.848516
8084439	9.202102
8084478	5.116309
8084488	8.699716
8084496	5.637192
8084524	6.516761
8084541	7.709805
8084589	6.60348
8084605	5.042437
8084607	8.134898
8084627	3.907806
8084630	4.610611
8084634	8.634165
8084648	3.605143
8084657	4.016689
8084668	3.374116
8084679	2.859967
8084694	10.47825
8084704	7.491679
8084708	8.020772
8084710	4.434347
8084715	8.842334
8084717	9.440544
8084726	4.923541
8084732	6.219254
8084737	2.438651
8084739	7.01075
8084742	9.675414
8084755	3.43472
8084757	5.431427
8084766	5.496438
8084788	3.856902
8084794	7.116365
8084812	3.513162
8084814	2.623781
8084818	7.100108
8084832	4.719905
8084834	2.437408
8084838	4.466973
8084844	8.709872
8084878	5.657212
8084880	10.03041
8084887	4.198229
8084889	4.266526
8084891	5.150393
8084895	10.34189
8084904	11.33529
8084912	9.702971
8084917	7.105833
8084921	4.496912
8084923	5.072186
8084927	3.363862
8084929	5.796502
8084941	4.290217
8084943	3.289536
8084945	6.88262
8084947	6.839099
8084951	5.859083
8084955	7.562816
8084963	7.768476
8084971	8.307242
8084982	6.612475
8084986	8.571432
8085000	7.854448
8085024	4.842605
8085026	11.87207
8085033	6.258889
8085052	4.288193
8085054	7.115098
8085056	3.304471
8085058	4.493915
8085062	3.025249
8085081	8.848299
8085094	7.878512
8085112	3.692201
8085114	4.163854
8085116	4.589784
8085118	5.501841
8085120	4.4749
8085122	5.780905
8085138	4.510567
8085145	6.902936
8085164	7.849186
8085193	5.242522
8085195	6.055659
8085206	5.587727
8085220	7.308191
8085233	7.170983
8085244	5.223877
8085253	4.425944
8085255	5.157588
8085263	9.025043
8085272	5.847106
8085276	5.676641
8085283	5.076969
8085287	3.899622
8085293	5.071215
8085300	8.33463
8085311	4.674436
8085340	7.552482
8085350	7.306236
8085360	5.52299
8085370	8.543429
8085372	5.132636
8085374	8.843889
8085393	6.218243
8085407	6.695017
8085412	7.125551
8085429	6.52445
8085431	6.631078
8085475	5.369497
8085481	5.103157
8085486	6.507136
8085504	5.143943
8085529	2.393671
8085531	8.126059
8085537	6.796593
8085554	4.167335
8085556	7.595117
8085571	7.697571
8085579	2.251801
8085581	5.290626
8085606	5.383592
8085608	7.873253
8085628	7.970627
8085660	7.125613
8085665	6.541603
8085676	3.635917
8085689	7.943249
8085714	8.678988
8085716	8.582459
8085730	1.883458
8085732	2.610272
8085749	2.619657
8085754	2.937804
8085768	5.213087
8085770	3.064125
8085772	2.081796
8085774	3.025916
8085784	3.218442
8085786	2.913103
8085788	6.409587
8085797	9.30467
8085811	3.552719
8085813	3.968714
8085815	9.576378
8085852	8.664042
8085867	4.333493
8085912	2.592798
8085914	7.111467
8085946	5.525007
8085954	7.434097
8085967	4.832496
8085970	3.52211
8085972	2.877172
8085984	8.594604
8085999	9.000401
8086008	7.265944
8086024	4.843886
8086028	8.287505
8086048	6.608759
8086051	5.329821
8086057	8.022123
8086075	4.112744
8086077	8.530755
8086120	3.575922
8086125	6.801199
8086139	2.875384
8086141	7.752425
8086148	11.79965
8086150	8.05209
8086181	5.696985
8086183	5.270619
8086185	7.139807
8086201	8.378611
8086216	3.860133
8086218	2.161952
8086222	4.160114
8086255	3.661407
8086283	3.581047
8086313	2.445406
8086315	2.657318
8086317	7.74566
8086330	7.337147
8086341	4.841739
8086344	4.982883
8086350	2.275977
8086352	4.685017
8086368	3.949013
8086370	2.015802
8086372	5.257527
8086389	3.519083
8086391	4.698132
8086400	4.421291
8086406	6.651874
8086417	7.512483
8086419	5.12542
8086434	5.324656
8086451	8.752536
8086457	4.375005
8086462	6.16965
8086465	2.483203
8086467	8.494074
8086482	7.623689
8086494	7.172686
8086498	7.635714
8086503	7.245379
8086505	9.614516
8086517	8.035225
8086530	7.161914
8086536	2.641966
8086538	7.646702
8086540	4.80549
8086555	6.146831
8086572	7.867675
8086595	4.754479
8086600	5.790308
8086607	6.349798
8086615	2.868989
8086627	7.283162
8086660	5.953365
8086669	5.667562
8086683	7.268474
8086689	4.130456
8086698	8.134238
8086706	8.686599
8086729	3.886484
8086752	7.426035
8086754	8.600508
8086784	6.31864
8086797	3.625963
8086799	5.039095
8086810	9.595157
8086842	7.146942
8086876	4.713417
8086880	4.818785
8086899	6.515499
8086908	7.215777
8086949	5.896384
8086953	9.990263
8086961	5.658174
8086981	5.114315
8086985	6.199317
8087100	8.17493
8087116	6.582592
8087119	5.905966
8087145	5.03282
8087182	5.45317
8087201	8.012878
8087210	8.905841
8087224	6.610231
8087234	5.92304
8087236	7.483069
8087250	6.350604
8087252	6.347791
8087254	9.61003
8087271	8.376267
8087283	9.917089
8087308	8.257468
8087337	7.43021
8087372	7.097029
8087374	7.042478
8087380	9.082359
8087405	8.555811
8087409	11.45785
8087419	7.170762
8087433	6.807096
8087447	5.364097
8087453	5.71955
8087461	7.756455
8087473	7.305187
8087481	5.99826
8087485	8.452631
8087513	5.105044
8087530	4.269538
8087547	6.716929
8087568	5.103143
8087576	7.229666
8087596	5.604557
8087611	6.005937
8087624	6.770653
8087634	7.451817
8087640	5.98147
8087653	5.285493
8087669	6.289644
8087685	7.707602
8087691	4.701078
8087731	5.470384
8087739	6.278501
8087746	4.172253
8087748	8.357474
8087778	3.045766
8087780	4.864586
8087782	3.664073
8087790	6.746732
8087806	5.76946
8087825	6.423114
8087830	7.986877
8087833	6.446832
8087839	5.223549
8087852	5.5415
8087860	7.969625
8087874	10.14755
8087881	5.611882
8087883	3.510603
8087885	7.708014
8087907	5.690779
8087925	6.140058
8087935	7.838663
8087951	9.382815
8087985	8.762794
8088001	7.583608
8088020	5.500575
8088047	5.31665
8088054	7.208695
8088065	8.04116
8088090	6.707308
8088092	8.088403
8088106	8.148366
8088126	3.874469
8088128	7.098142
8088140	2.47227
8088142	4.891477
8088151	7.887564
8088167	8.035224
8088172	4.466889
8088174	3.5471
8088180	11.36763
8088192	3.994249
8088212	3.825051
8088219	7.91819
8088247	7.193752
8088264	4.497886
8088285	3.413319
8088292	2.700673
8088299	2.761612
8088315	2.458255
8088322	2.469501
8088335	2.33083
8088337	3.651001
8088339	11.3947
8088348	7.659596
8088369	7.180638
8088371	3.432531
8088384	8.088708
8088397	4.762373
8088415	5.913414
8088425	10.01042
8088436	3.29488
8088458	5.5014
8088468	3.669218
8088472	3.26225
8088474	7.215176
8088478	9.290446
8088480	6.57852
8088485	4.530087
8088491	3.318264
8088524	2.792653
8088526	8.110938
8088535	8.943723
8088546	4.110463
8088548	3.923779
8088550	7.016771
8088560	6.380748
8088602	7.69922
8088634	5.471659
8088636	7.256931
8088642	8.707684
8088664	9.075625
8088669	4.153327
8088671	3.931972
8088680	7.006641
8088700	8.668736
8088718	9.819273
8088739	2.920726
8088745	7.758363
8088768	5.354916
8088770	5.769077
8088772	3.534707
8088776	8.927012
8088803	8.937079
8088813	7.851711
8088820	7.853178
8088828	3.36863
8088830	8.260645
8088842	2.309587
8088844	3.505231
8088846	4.893631
8088848	7.05835
8088864	2.815481
8088866	7.526065
8088889	5.364772
8088891	5.010388
8088893	5.971538
8088895	6.02925
8088903	5.144472
8088905	7.769609
8088908	3.28816
8088911	8.312559
8088917	1.978377
8088919	10.97008
8088952	8.404513
8088954	2.946818
8088956	2.975508
8088958	7.765529
8088977	3.116811
8088979	5.157402
8088986	3.535782
8088996	2.308285
8088998	2.302091
8089000	8.708558
8089007	2.258112
8089009	2.120305
8089011	4.068213
8089013	3.586781
8089015	4.816626
8089026	4.953014
8089029	7.61567
8089034	7.894753
8089036	5.460877
8089038	7.702359
8089040	6.808539
8089060	2.44489
8089062	7.941298
8089072	6.619471
8089082	8.116001
8089106	2.046705
8089108	4.314863
8089112	4.310861
8089128	7.945483
8089145	4.923371
8089185	3.24445
8089203	6.738615
8089230	10.03954
8089232	2.620402
8089234	6.996119
8089247	4.350986
8089249	10.77889
8089255	2.497888
8089259	2.961133
8089261	7.832269
8089283	2.002098
8089285	6.736329
8089287	1.990014
8089289	1.830549
8089291	3.267188
8089293	4.458929
8089295	5.344076
8089299	11.7987
8089314	8.097461
8089329	3.568083
8089372	4.073633
8089394	4.875039
8089402	2.249025
8089407	3.197958
8089436	3.227911
8089438	2.742329
8089448	3.83483
8089457	2.96246
8089459	3.739153
8089462	3.894762
8089464	4.999401
8089467	6.035791
8089472	4.447379
8089478	4.204382
8089489	2.415016
8089519	3.794172
8089527	8.384544
8089544	4.847835
8089559	2.968637
8089568	4.4441
8089584	7.915715
8089596	7.24295
8089606	6.705708
8089627	7.267008
8089647	7.541308
8089652	11.2286
8089659	5.841335
8089677	7.534591
8089679	3.967863
8089694	3.959634
8089701	7.254655
8089714	4.15177
8089723	4.307822
8089727	2.934021
8089729	4.617483
8089743	8.298203
8089757	2.426841
8089759	8.339765
8089771	4.241842
8089785	4.762669
8089795	7.852216
8089801	8.043141
8089818	4.032337
8089820	3.30376
8089830	7.173878
8089835	9.179111
8089849	4.518836
8089851	5.070163
8089867	8.426586
8089873	5.572133
8089875	2.976132
8089911	7.187293
8089926	5.488279
8089930	9.406855
8089954	7.999923
8089970	8.414692
8089986	3.120366
8089988	6.739633
8089993	7.214127
8089999	8.026277
8090018	7.891447
8090030	5.64151
8090044	5.652191
8090070	5.833946
8090091	8.986485
8090098	4.800059
8090133	7.457095
8090152	4.136236
8090162	7.285539
8090180	6.189697
8090193	5.248899
8090212	3.150795
8090214	6.611217
8090235	2.016859
8090237	7.925603
8090256	8.853276
8090277	6.592506
8090291	6.828531
8090295	7.970708
8090314	8.783801
8090341	7.130179
8090343	6.231203
8090349	5.847759
8090351	7.756661
8090364	7.011613
8090366	4.707512
8090388	4.956578
8090395	5.5224
8090416	4.046818
8090418	2.331524
8090420	8.222904
8090433	5.532898
8090448	6.574282
8090462	5.826643
8090464	4.334373
8090469	7.790331
8090485	5.763236
8090490	9.992166
8090503	4.13421
8090505	4.426443
8090507	5.395067
8090509	4.600209
8090511	4.023813
8090518	5.031035
8090529	6.248602
8090533	7.644455
8090546	10.37827
8090555	7.293201
8090559	7.181888
8090565	7.355357
8090567	4.252094
8090577	7.775805
8090591	5.693292
8090630	8.599092
8090637	6.874439
8090639	8.052656
8090660	2.333711
8090662	2.977748
8090664	5.946717
8090674	4.173538
8090676	2.70391
8090678	9.893258
8090688	4.707232
8090690	5.690574
8090715	6.837102
8090737	7.392678
8090770	6.226427
8090772	7.648819
8090801	3.226085
8090803	4.737215
8090817	4.486289
8090823	4.658926
8090840	9.541427
8090852	6.32036
8090866	9.060992
8090872	4.406272
8090889	3.075373
8090891	5.845902
8090893	9.665691
8090898	7.593361
8090934	5.683986
8090936	5.200601
8090938	4.540952
8090955	3.822933
8090960	6.36123
8090972	4.708264
8090988	7.422243
8091009	8.481375
8091032	5.346954
8091037	5.002348
8091039	5.374805
8091043	3.403574
8091048	10.38479
8091071	4.807388
8091078	5.48089
8091087	5.70865
8091095	7.915812
8091097	4.579465
8091099	5.064113
8091101	2.770662
8091103	8.715904
8091120	8.400139
8091141	8.738069
8091188	5.974849
8091190	7.456742
8091239	2.531498
8091241	7.053759
8091243	3.871778
8091255	4.447003
8091260	5.577647
8091279	2.587601
8091281	2.563112
8091283	6.893072
8091306	6.655139
8091318	3.895831
8091327	8.000511
8091340	2.200083
8091342	3.95331
8091352	5.94544
8091354	7.422417
8091385	11.20476
8091402	3.410677
8091411	10.64185
8091422	7.30004
8091432	7.769537
8091444	6.172961
8091446	8.024379
8091452	9.207671
8091456	2.707491
8091458	10.00101
8091469	3.109631
8091485	7.631566
8091491	3.394485
8091503	4.036531
8091511	5.460276
8091515	5.545896
8091523	5.950122
8091530	3.616554
8091537	3.156746
8091546	5.162858
8091550	6.353867
8091552	5.361778
8091556	2.898995
8091558	1.960985
8091560	3.67814
8091562	7.820755
8091588	5.140666
8091595	4.250663
8091600	6.236331
8091627	4.304062
8091629	4.368475
8091637	8.955346
8091648	8.702458
8091656	7.176962
8091658	9.172923
8091676	4.572566
8091678	4.312222
8091696	4.858438
8091698	4.442276
8091712	2.645824
8091715	8.605339
8091723	11.42167
8091731	3.848477
8091733	2.392361
8091735	2.144551
8091737	7.789835
8091757	5.766719
8091764	8.433174
8091778	10.41986
8091780	6.179638
8091799	8.524763
8091806	10.65345
8091809	6.668394
8091811	2.890587
8091861	2.378237
8091863	3.827615
8091867	2.27579
8091875	2.877555
8091877	1.811377
8091879	2.191442
8091881	2.570646
8091883	1.888276
8091885	2.295617
8091887	2.709032
8091910	3.01103
8091922	4.304817
8091941	7.548368
8091954	7.178641
8091972	9.621899
8091991	6.998511
8091998	2.195167
8092000	5.877156
8092002	5.043603
8092009	3.156205
8092021	5.628178
8092035	9.28587
8092053	3.945801
8092055	4.004564
8092065	4.635507
8092067	5.402899
8092073	4.401649
8092081	4.899705
8092083	2.396155
8092095	7.525704
8092132	5.690542
8092134	7.191727
8092162	6.093877
8092165	5.384214
8092169	11.46116
8092177	8.8747
8092183	2.201522
8092185	2.357388
8092187	3.217733
8092199	2.059378
8092201	9.68042
8092218	5.160443
8092220	3.248931
8092222	3.578542
8092224	4.333448
8092226	2.268683
8092228	5.849638
8092230	6.941873
8092239	2.3804
8092241	5.831092
8092251	6.093905
8092265	7.783513
8092275	4.072444
8092277	4.552397
8092295	2.126793
8092312	2.659056
8092314	6.90724
8092321	9.252055
8092328	9.235409
8092348	6.394355
8092358	4.036054
8092390	6.111104
8092392	6.48095
8092404	5.856886
8092409	8.649179
8092418	8.38726
8092455	4.922966
8092457	8.433563
8092468	7.266438
8092473	5.237312
8092501	5.268845
8092514	8.613653
8092520	5.166597
8092523	6.38383
8092532	10.91869
8092534	8.637414
8092541	9.526292
8092552	5.712528
8092564	9.816938
8092578	4.984091
8092594	3.862175
8092596	4.417014
8092621	5.306304
8092627	6.732425
8092638	2.422671
8092640	6.466639
8092654	3.719297
8092661	4.192965
8092682	4.688133
8092686	4.591184
8092691	8.881939
8092702	3.273134
8092705	2.168362
8092707	5.383001
8092724	2.001359
8092726	6.683945
8092735	3.414181
8092741	2.245928
8092748	2.344446
8092750	4.74809
8092763	2.375094
8092765	7.762533
8092769	3.755295
8092800	4.754574
8092834	4.797109
8092836	5.675362
8092839	5.556387
8092845	5.437576
8092849	8.409028
8092883	3.62741
8092886	2.24895
8092888	5.823205
8092905	8.903086
8092922	6.091231
8092931	5.82784
8092933	8.742647
8092957	6.447386
8092959	8.514974
8092968	6.242014
8092970	10.02276
8092978	10.1198
8093013	6.774999
8093039	10.064
8093053	9.657077
8093074	4.905279
8093086	7.568326
8093096	4.328334
8093104	6.112876
8093110	3.576376
8093112	8.199631
8093126	5.677026
8093128	6.043371
8093130	8.288342
8093137	2.964253
8093141	6.474078
8093145	4.548374
8093150	5.281456
8093152	2.408162
8093156	8.713997
8093166	5.772169
8093171	5.413771
8093191	9.381159
8093219	7.375561
8093230	7.206444
8093256	9.496227
8093258	5.436051
8093272	2.779793
8093278	5.070163
8093294	4.449697
8093298	4.835835
8093304	5.957726
8093314	7.765754
8093320	6.352902
8093330	6.810235
8093332	4.246227
8093336	7.589957
8093343	8.049205
8093360	5.483414
8093386	5.280255
8093398	7.513723
8093413	7.246684
8093425	6.39903
8093440	6.14649
8093451	4.322772
8093453	4.724051
8093456	6.688991
8093462	8.60725
8093476	7.064534
8093494	9.016996
8093500	4.981362
8093518	6.014332
8093539	5.946919
8093576	5.16773
8093578	4.650332
8093590	7.792328
8093601	7.177387
8093624	6.874608
8093643	9.31601
8093665	4.177918
8093683	4.672594
8093685	7.795744
8093756	3.762273
8093764	6.324605
8093792	4.962454
8093807	6.489933
8093821	4.819797
8093826	6.332479
8093829	5.780288
8093839	4.686152
8093852	5.73304
8093858	3.867913
8093872	5.836312
8093878	6.066379
8093906	6.801539
8093916	7.467635
8093936	9.880273
8093943	7.420166
8093950	8.693449
8093957	6.566858
8093961	8.042561
8093974	6.019575
8093976	8.076657
8093991	5.524886
8093993	7.453271
8093997	5.725756
8094026	8.072083
8094028	4.173057
8094030	5.698134
8094032	5.689063
8094056	6.492965
8094068	4.39346
8094070	6.689868
8094086	4.698655
8094093	4.875212
8094101	5.67907
8094116	5.699252
8094118	5.699252
8094120	5.699252
8094122	5.854239
8094124	5.699252
8094126	5.699252
8094128	5.699252
8094130	5.716341
8094132	5.699252
8094134	5.324289
8094136	3.216597
8094139	2.369188
8094142	3.628597
8094144	8.678666
8094148	6.696261
8094154	5.151381
8094156	5.599123
8094163	2.998228
8094165	6.126381
8094169	7.864632
8094184	2.987965
8094190	5.421792
8094226	6.461047
8094228	8.060413
8094240	6.861545
8094251	7.184011
8094253	4.781485
8094257	3.950389
8094259	7.705296
8094271	8.275855
8094278	3.926754
8094301	4.993666
8094340	3.230133
8094342	7.90808
8094355	4.391757
8094357	3.116099
8094359	6.13364
8094361	2.901988
8094372	4.983006
8094378	8.221947
8094393	6.705665
8094408	7.964584
8094439	3.312172
8094441	5.541419
8094456	7.611758
8094460	8.800791
8094476	7.544778
8094499	5.828782
8094501	7.47998
8094516	3.273234
8094518	2.292315
8094520	8.534104
8094531	2.164227
8094533	2.962523
8094542	4.08935
8094550	7.145442
8094556	8.629442
8094574	8.674796
8094596	5.327044
8094599	9.298526
8094609	8.72262
8094625	6.862183
8094638	5.967913
8094677	2.466391
8094679	4.62014
8094686	2.329098
8094688	6.276443
8094701	5.588938
8094704	9.423625
8094717	5.786918
8094719	6.19893
8094739	5.009916
8094741	5.874454
8094743	6.411797
8094751	2.755456
8094759	7.058001
8094772	3.569
8094774	2.163363
8094776	3.427953
8094778	4.880448
8094789	8.714514
8094830	8.354412
8094843	3.960044
8094848	9.308191
8094870	3.743452
8094872	4.0138
8094874	5.62088
8094876	7.695337
8094897	2.306693
8094901	3.095758
8094911	7.708415
8094936	4.680408
8094938	9.340265
8094946	2.286387
8094948	9.107365
8094960	5.767937
8094968	6.269839
8094974	8.002293
8094986	3.134121
8094988	5.996531
8095005	4.69518
8095009	7.787922
8095021	6.104585
8095035	2.062881
8095037	2.601524
8095043	5.32132
8095048	8.074344
8095072	5.405048
8095074	6.529173
8095078	3.357885
8095080	4.050616
8095110	4.052137
8095135	3.842073
8095137	2.240123
8095139	8.58001
8095148	10.91438
8095159	7.303736
8095161	2.175802
8095163	9.23455
8095185	5.184498
8095187	5.864763
8095214	7.37016
8095216	6.047062
8095221	7.47503
8095230	8.679745
8095246	3.727785
8095251	3.710077
8095262	8.199099
8095269	10.20034
8095295	4.269204
8095297	1.940567
8095299	5.502539
8095301	2.308392
8095303	2.89987
8095331	2.531183
8095333	5.927518
8095335	2.727494
8095337	2.052154
8095339	2.069314
8095341	6.420998
8095343	2.720975
8095356	3.550712
8095358	2.10971
8095360	7.248638
8095362	11.87689
8095364	7.777361
8095376	11.40799
8095380	7.922137
8095390	2.986876
8095395	4.778121
8095402	3.836206
8095404	1.981986
8095412	2.845734
8095422	2.330565
8095430	2.863166
8095435	2.842523
8095441	2.598895
8095451	4.127553
8095456	2.643661
8095467	3.350907
8095477	3.244792
8095484	2.967336
8095488	4.129891
8095491	2.998433
8095500	2.496294
8095504	3.796337
8095508	3.070758
8095519	2.738661
8095535	3.517644
8095539	7.992889
8095543	2.740672
8095545	7.434157
8095562	3.974957
8095564	2.293524
8095566	7.31686
8095574	6.570474
8095585	7.181376
8095616	2.633959
8095624	2.724541
8095626	4.548086
8095628	3.013924
8095646	2.826568
8095663	2.808321
8095680	9.444155
8095688	7.570387
8095694	4.667621
8095697	9.03234
8095703	4.49052
8095705	5.474308
8095723	2.581578
8095728	5.333419
8095736	6.026532
8095744	5.666745
8095751	7.476773
8095760	6.690174
8095767	2.855767
8095773	9.316347
8095800	6.363133
8095802	2.928028
8095806	2.610644
8095819	5.957619
8095826	6.411352
8095832	2.516258
8095834	7.617051
8095854	8.588881
8095868	5.648079
8095870	10.19449
8095886	2.768564
8095894	7.033158
8095907	6.76702
8095986	8.960593
8096002	5.671359
8096004	6.72598
8096025	4.422814
8096027	4.955924
8096030	4.834778
8096032	6.04313
8096050	4.02113
8096061	2.531498
8096070	9.794251
8096075	1.94211
8096077	6.181411
8096079	4.792998
8096081	8.822183
8096091	5.425425
8096098	6.471106
8096109	5.225318
8096116	5.924667
8096130	8.428048
8096147	5.088583
8096158	5.069351
8096160	3.818057
8096176	9.851147
8096224	8.670599
8096249	3.079429
8096251	7.830441
8096265	3.213764
8096274	2.644757
8096281	3.663316
8096290	3.761876
8096296	8.095247
8096301	9.18684
8096312	2.324702
8096314	7.286054
8096331	6.087296
8096333	2.244905
8096335	8.183565
8096361	5.69652
8096385	9.203213
8096411	6.80864
8096415	3.161754
8096425	7.650043
8096438	3.765054
8096440	3.407306
8096457	2.055364
8096459	2.151478
8096461	4.400405
8096463	7.496294
8096489	8.879841
8096511	5.508877
8096528	4.405781
8096533	3.931869
8096536	2.319947
8096538	7.336074
8096554	2.635511
8096556	9.317866
8096568	2.361927
8096580	3.119369
8096602	7.842853
8096615	3.954254
8096617	7.59868
8096635	9.040208
8096661	5.422813
8096663	8.91994
8096667	3.742485
8096669	7.919919
8096675	8.197606
8096680	3.234353
8096682	6.391344
8096688	5.932764
8096704	5.727296
8096718	6.880195
8096731	2.184941
8096733	8.114313
8096744	5.059735
8096753	8.829163
8096765	6.074523
8096771	9.044373
8096777	6.28061
8096781	9.290477
8096808	5.834875
8096821	6.933881
8096830	3.756114
8096839	3.776786
8096845	5.879336
8096873	2.271672
8096875	3.137277
8096897	4.331327
8096899	7.217392
8096905	7.328308
8096917	3.677931
8096919	7.721061
8096938	6.956421
8096955	5.406387
8096957	3.748741
8096959	3.345217
8097011	3.509245
8097013	4.671319
8097015	3.096787
8097017	5.526752
8097028	4.412532
8097030	3.90866
8097034	2.139484
8097036	2.427344
8097038	2.843456
8097056	7.866901
8097058	4.292487
8097062	5.386911
8097064	7.557058
8097066	8.023146
8097080	4.214984
8097086	2.374077
8097096	8.351902
8097098	8.97114
8097116	5.464201
8097118	7.290878
8097120	2.421422
8097122	3.771858
8097124	2.530081
8097126	3.528078
8097128	7.311715
8097146	5.340462
8097148	8.842125
8097236	2.410328
8097252	5.344766
8097256	5.130907
8097262	6.641766
8097282	7.87078
8097288	3.009094
8097305	2.671677
8097307	5.743762
8097327	3.056638
8097335	5.79846
8097356	4.196778
8097373	7.296079
8097388	6.870211
8097415	4.651818
8097417	7.533336
8097435	5.837037
8097443	6.463077
8097445	2.714831
8097447	4.417925
8097449	4.360601
8097457	2.715682
8097459	4.193271
8097461	5.507869
8097468	4.164053
8097470	5.384596
8097472	5.658002
8097474	3.696436
8097478	2.522239
8097480	8.421273
8097505	2.148308
8097507	7.108243
8097513	9.487061
8097521	6.931004
8097529	7.167447
8097541	3.420954
8097543	8.454403
8097553	4.350694
8097568	3.518711
8097570	7.869601
8097586	8.420854
8097600	9.782041
8097626	6.302849
8097628	3.800146
8097647	7.629473
8097655	7.697845
8097657	8.131631
8097670	7.27373
8097679	7.234306
8097685	4.399744
8097687	4.523365
8097690	2.700302
8097692	2.710086
8097704	9.09073
8097717	4.688735
8097743	5.352198
8097747	4.52234
8097749	3.366191
8097751	2.139525
8097753	6.607803
8097773	4.657685
8097780	2.834421
8097782	11.87979
8097790	3.845932
8097792	7.13535
8097794	4.251853
8097801	8.860371
8097809	5.872728
8097811	5.899706
8097813	9.441151
8097827	6.280324
8097829	5.689495
8097841	8.708348
8097857	2.968547
8097867	5.902
8097903	6.829043
8097910	2.896029
8097920	4.680581
8097928	3.05178
8097938	4.177141
8097945	1.945901
8097947	3.940674
8097949	2.453831
8097951	1.82556
8097953	2.03039
8097955	5.918397
8097957	7.902846
8097973	6.801136
8097991	2.831419
8098004	1.987553
8098006	2.83811
8098021	2.848778
8098041	8.218711
8098058	3.253476
8098060	2.376247
8098084	7.971106
8098101	4.953293
8098103	7.805366
8098121	7.970657
8098146	2.632313
8098150	6.654082
8098157	4.128225
8098159	2.527692
8098163	5.096885
8098165	5.952481
8098167	5.921942
8098170	4.935596
8098175	3.399836
8098177	6.616464
8098193	5.700227
8098195	7.972917
8098204	5.849988
8098214	3.514281
8098240	6.34272
8098242	3.82515
8098244	6.193387
8098246	2.892079
8098259	2.765293
8098261	3.270094
8098263	6.051209
8098287	3.444502
8098289	4.785648
8098291	9.637775
8098307	3.981838
8098326	7.145338
8098328	9.846251
8098342	6.789038
8098344	2.891865
8098348	6.506274
8098368	2.842046
8098379	2.714736
8098412	3.190971
8098414	9.630814
8098421	5.379101
8098423	4.773664
8098437	2.64056
8098439	10.61742
8098441	3.976789
8098465	2.910483
8098470	6.46297
8098496	2.947372
8098498	3.762116
8098500	8.096406
8098506	3.24295
8098508	6.035152
8098512	8.331058
8098547	4.733547
8098549	6.100412
8098554	2.529855
8098556	6.527112
8098571	5.521193
8098576	8.172497
8098581	7.425638
8098604	6.786205
8098611	8.289353
8098620	6.256666
8098637	7.419302
8098654	3.88815
8098671	3.680183
8098688	3.576591
8098690	3.090115
8098697	3.501479
8098705	7.408506
8098707	5.667731
8098712	6.548079
8098714	5.888834
8098721	6.371022
8098723	4.805133
8098725	6.752015
8098730	6.357806
8098732	6.612509
8098740	6.73248
8098743	6.357806
8098745	3.825753
8098752	6.044842
8098758	8.424734
8098762	8.401813
8098769	6.907483
8098782	5.358652
8098789	8.584134
8098822	6.693073
8098848	5.469743
8098856	4.718482
8098870	5.931061
8098877	5.986134
8098880	8.816478
8098895	6.252651
8098902	4.813351
8098904	7.217323
8098916	6.6319
8098924	7.443967
8098938	3.31999
8098940	3.470178
8098942	7.049083
8098958	4.990712
8098985	7.167257
8098995	6.615662
8099008	4.915535
8099025	3.184469
8099027	2.531498
8099029	7.010335
8099037	8.421485
8099051	7.521867
8099073	8.919454
8099082	6.627384
8099084	7.291841
8099091	7.219747
8099093	4.230602
8099099	7.920388
8099107	6.177435
8099121	7.782966
8099130	4.505734
8099132	5.232043
8099140	2.783231
8099142	3.598239
8099144	4.834629
8099172	5.280588
8099193	4.4106
8099200	4.588786
8099218	4.333408
8099233	5.674365
8099235	8.591197
8099240	6.531611
8099242	5.15035
8099246	7.779591
8099253	5.621942
8099255	4.523129
8099259	6.16731
8099279	5.307671
8099302	2.326669
8099304	8.619292
8099324	3.795776
8099326	5.513078
8099340	9.993073
8099362	6.662088
8099364	7.09935
8099368	3.280483
8099388	6.757505
8099393	4.921292
8099395	7.551947
8099406	5.020886
8099410	7.429711
8099438	3.53258
8099447	4.986578
8099449	10.00038
8099467	6.025549
8099471	3.278556
8099476	10.66155
8099504	5.908658
8099506	7.32475
8099524	4.472335
8099537	5.177547
8099539	3.125585
8099541	7.064487
8099551	5.730574
8099570	8.239986
8099581	5.689759
8099589	2.817432
8099591	2.826324
8099593	3.197713
8099612	7.116326
8099631	10.28217
8099633	3.607307
8099649	9.572729
8099668	6.600175
8099670	7.041862
8099685	4.129914
8099696	7.405278
8099713	3.720704
8099715	2.884252
8099717	2.348089
8099719	1.986886
8099721	7.915456
8099746	4.222624
8099754	3.657272
8099758	2.692068
8099760	7.605052
8099797	7.101432
8099805	3.285144
8099807	3.820897
8099811	4.527618
8099813	3.794977
8099815	4.527661
8099817	6.514879
8099826	4.220912
8099834	7.719677
8099841	4.684158
8099850	3.647588
8099860	8.559711
8099887	11.40082
8099897	10.7925
8099912	10.26598
8099918	5.808218
8099922	3.01919
8099924	7.400907
8099926	8.740028
8099965	6.530474
8099967	10.17523
8099982	6.236906
8100001	6.036973
8100003	4.485443
8100007	3.875899
8100013	3.470701
8100015	4.632378
8100026	8.159515
8100068	5.244749
8100070	5.549701
8100076	2.448699
8100085	5.858177
8100095	3.576237
8100097	2.673896
8100109	2.714712
8100125	10.35199
8100127	2.635126
8100131	3.286842
8100143	2.503058
8100145	5.421931
8100154	3.788898
8100177	4.46754
8100179	7.244524
8100202	6.689416
8100210	5.051587
8100227	4.904203
8100229	3.156966
8100231	6.079674
8100251	8.385503
8100292	7.585193
8100298	7.432515
8100306	3.697219
8100308	4.926894
8100310	4.532989
8100312	2.902663
8100318	6.374716
8100328	8.296836
8100338	4.716752
8100347	7.288578
8100360	3.385211
8100362	7.522387
8100376	8.428802
8100378	5.67101
8100382	7.419279
8100389	2.279812
8100391	2.408371
8100393	6.854186
8100428	7.31654
8100454	2.069876
8100458	2.62998
8100464	4.355394
8100474	2.354214
8100476	2.707157
8100478	7.343794
8100495	5.970704
8100507	5.935472
8100519	3.373753
8100523	2.907634
8100530	3.010846
8100532	8.265049
8100541	5.891341
8100547	3.923665
8100549	1.973679
8100553	4.250787
8100555	5.090495
8100557	2.364537
8100572	2.557865
8100574	2.112213
8100576	1.900482
8100578	3.5007
8100601	3.93067
8100603	7.755998
8100615	8.280053
8100655	3.272446
8100664	7.602059
8100675	6.653876
8100688	3.936022
8100699	3.292299
8100701	6.772487
8100714	9.369364
8100734	2.651189
8100737	6.973348
8100746	6.973348
8100754	5.300643
8100756	3.915098
8100758	8.442786
8100760	2.598671
8100768	4.443887
8100782	10.6476
8100784	2.460707
8100791	2.459913
8100798	4.278978
8100808	2.327716
8100819	2.503378
8100827	3.354915
8100832	3.674335
8100834	8.869745
8100851	5.564868
8100853	2.487481
8100868	2.778092
8100870	3.784866
8100893	8.110489
8100902	9.22038
8100941	6.951765
8100943	6.777634
8100960	2.62417
8100962	7.268995
8100964	4.593843
8100966	4.35761
8100971	4.012016
8100977	6.128414
8100984	5.743383
8100990	3.643276
8100994	5.114419
8101000	5.662548
8101002	6.706333
8101011	2.357629
8101013	7.610737
8101031	3.541155
8101043	9.118479
8101061	6.829079
8101065	4.084968
8101086	8.581955
8101099	8.326414
8101118	4.513941
8101126	6.173687
8101131	4.291698
8101141	5.058019
8101143	8.019956
8101158	10.09486
8101174	3.228624
8101203	2.648681
8101207	7.116258
8101210	5.307011
8101212	11.46037
8101224	7.483964
8101226	2.319282
8101228	7.918982
8101235	2.183311
8101237	4.893962
8101253	4.577262
8101256	3.004197
8101260	8.77129
8101284	3.89024
8101304	7.633742
8101322	5.114195
8101324	10.63639
8101340	9.917609
8101357	5.191398
8101359	3.20476
8101366	6.364319
8101376	10.57674
8101411	6.560238
8101427	3.617779
8101429	8.227947
8101437	7.585838
8101449	6.245382
8101467	5.997689
8101489	5.319068
8101501	3.169163
8101507	5.448907
8101511	8.567338
8101585	5.267353
8101587	8.820486
8101607	6.231675
8101609	4.764674
8101616	4.300476
8101622	10.30699
8101624	7.973019
8101637	10.62215
8101648	10.136
8101657	6.765038
8101659	5.301326
8101673	4.238147
8101675	3.126891
8101697	2.343773
8101699	5.714078
8101701	7.062159
8101716	2.618784
8101718	9.565966
8101721	3.111408
8101723	5.928958
8101728	8.082292
8101757	5.763182
8101762	4.218688
8101774	11.70239
8101778	4.366603
8101780	3.02933
8101788	3.331467
8101810	3.988698
8101814	3.379797
8101816	4.542557
8101828	8.318429
8101839	5.030999
8101844	9.087283
8101852	4.165529
8101862	3.522283
8101874	5.382867
8101881	3.366282
8101893	9.432445
8101904	4.006379
8101916	5.922775
8101925	8.855457
8101934	6.977876
8101945	8.168852
8101952	5.109201
8101957	2.724797
8101971	9.796846
8101990	5.532102
8101992	8.678472
8102004	4.131733
8102006	8.291099
8102024	7.218845
8102037	4.416561
8102039	2.599302
8102050	4.178634
8102065	6.259633
8102076	2.622545
8102127	3.101805
8102135	5.241243
8102141	6.816208
8102160	3.814666
8102162	6.811652
8102171	8.432033
8102200	3.554352
8102210	4.023607
8102212	4.899073
8102214	9.085354
8102230	2.677019
8102232	3.53474
8102247	3.778184
8102249	2.827441
8102263	5.190937
8102305	2.971502
8102307	2.152853
8102311	7.395104
8102321	7.154446
8102328	7.107051
8102342	5.380485
8102350	5.556999
8102352	4.993216
8102362	6.705961
8102368	4.700436
8102371	5.434398
8102389	4.683815
8102404	2.298546
8102406	2.336026
8102408	2.129209
8102410	7.094846
8102415	9.009
8102440	6.220825
8102450	3.133791
8102464	4.53235
8102468	6.566706
8102482	7.539336
8102513	3.079513
8102518	8.25693
8102523	2.504407
8102530	6.309451
8102532	7.504622
8102560	5.686664
8102567	4.490257
8102587	3.683172
8102594	3.774426
8102606	2.785319
8102608	2.287046
8102610	2.806053
8102619	10.99927
8102636	3.986701
8102643	4.670017
8102655	5.568303
8102678	3.594639
8102695	5.205992
8102697	2.492495
8102707	3.151073
8102713	5.028597
8102720	7.603486
8102726	2.015928
8102728	7.539432
8102730	7.908243
8102743	4.864885
8102745	9.346191
8102751	6.613827
8102775	3.219319
8102777	3.98963
8102779	3.172651
8102781	5.807772
8102783	6.718379
8102785	1.936509
8102787	9.602148
8102789	6.667685
8102792	3.499449
8102800	5.992154
8102817	7.838274
8102829	3.052292
8102831	4.984713
8102839	9.078116
8102848	8.44169
8102858	4.813522
8102860	10.93144
8102862	7.714813
8102869	6.067005
8102871	4.502913
8102875	5.500369
8102877	3.043224
8102894	2.09503
8102904	4.065567
8102912	8.945524
8102936	5.560678
8102938	5.683797
8102948	2.67557
8102950	8.747399
8102979	3.683383
8102982	5.435207
8102984	6.76954
8102986	3.032429
8102988	4.161222
8102993	2.356962
8102998	2.274529
8103005	6.296085
8103011	7.657202
8103023	8.625088
8103025	7.258458
8103041	2.716799
8103043	7.092732
8103064	2.856586
8103079	6.797208
8103092	4.651067
8103094	6.573765
8103106	9.509668
8103166	7.538874
8103188	6.703822
8103202	3.632834
8103204	3.29383
8103206	6.450713
8103222	12.01309
8103226	7.206146
8103235	5.638847
8103238	2.82786
8103240	6.444931
8103242	4.696292
8103244	3.624477
8103254	3.764915
8103260	3.585688
8103289	9.687966
8103309	3.755414
8103311	3.882823
8103326	2.270448
8103341	2.515719
8103358	1.985378
8103360	4.925163
8103362	2.725255
8103364	2.060364
8103366	2.104181
8103368	2.524684
8103370	1.704898
8103372	3.842216
8103374	3.066101
8103376	2.61108
8103378	2.638731
8103389	7.635745
8103399	7.835522
8103409	3.108057
8103411	3.790611
8103413	5.991134
8103415	6.791315
8103431	6.606229
8103437	7.754539
8103452	2.26686
8103458	2.148555
8103460	3.926672
8103462	3.107586
8103464	1.921901
8103466	2.91242
8103483	3.945375
8103485	4.927701
8103494	2.394767
8103503	3.668875
8103508	5.147232
8103516	4.093267
8103518	6.688541
8103520	4.892825
8103524	7.628209
8103535	7.501466
8103540	1.993613
8103542	2.830166
8103544	2.989296
8103559	4.144047
8103561	3.453791
8103563	7.017851
8103601	7.68488
8103620	2.09703
8103622	8.495294
8103630	7.717197
8103644	5.519229
8103646	7.04121
8103684	5.09238
8103693	2.502874
8103695	5.976882
8103706	4.915523
8103722	6.444018
8103725	4.98499
8103728	6.779146
8103736	3.562858
8103743	4.706102
8103745	5.128887
8103753	4.854843
8103755	7.750629
8103769	11.33009
8103778	2.750639
8103789	4.650884
8103802	2.961132
8103812	2.79238
8103822	6.431823
8103834	7.795653
8103847	5.740873
8103851	2.12044
8103853	4.400449
8103859	9.456185
8103867	4.114621
8103873	6.410803
8103875	2.785489
8103877	2.775256
8103879	2.721322
8103881	6.894704
8103892	3.636016
8103894	3.323035
8103904	4.544261
8103906	5.728259
8103911	8.830888
8103922	7.972848
8103932	4.698812
8103951	10.19014
8103975	6.08472
8103979	7.4288
8103986	4.482368
8103998	6.692605
8104012	6.03934
8104014	2.61976
8104022	4.608988
8104035	8.659658
8104066	6.49245
8104068	5.610962
8104072	6.266747
8104074	5.156928
8104079	7.573753
8104107	4.187346
8104115	6.260508
8104117	2.26014
8104119	7.572017
8104122	6.658877
8104124	3.638996
8104129	4.323079
8104131	3.534359
8104136	6.760863
8104139	7.804963
8104141	5.423843
8104163	5.188455
8104166	10.26435
8104180	6.301051
8104201	7.633544
8104220	6.198259
8104234	3.668907
8104253	5.034827
8104268	5.582864
8104281	5.355865
8104298	8.530502
8104305	4.936913
8104307	5.891183
8104314	5.612482
8104319	5.759791
8104321	4.544975
8104348	5.578193
8104350	7.144635
8104369	7.448156
8104378	6.918732
8104392	3.125802
8104394	6.006984
8104422	8.207979
8104441	4.417145
8104443	2.510307
8104449	8.90508
8104461	6.898629
8104463	9.973886
8104490	6.517332
8104492	4.332153
8104499	6.905927
8104504	3.164991
8104506	7.245538
8104568	5.427316
8104570	6.65394
8104580	7.149408
8104590	5.860395
8104592	5.481622
8104599	2.872238
8104601	7.407399
8104607	3.207967
8104609	5.906938
8104611	2.414962
8104613	5.407332
8104615	3.319419
8104617	4.835581
8104619	2.391858
8104621	11.723
8104625	3.445357
8104627	2.086537
8104632	2.40816
8104634	2.913532
8104643	5.203387
8104648	2.067369
8104652	1.990036
8104654	3.78747
8104656	4.252919
8104659	2.057505
8104663	3.658044
8104680	7.304908
8104693	5.516839
8104723	2.738667
8104725	5.433452
8104727	4.415512
8104729	2.09043
8104731	3.157336
8104738	8.828096
8104746	3.444787
8104758	3.149554
8104760	8.134588
8104781	5.893579
8104786	5.064514
8104788	7.33113
8104812	4.33238
8104823	3.322397
8104825	7.428446
8104838	8.517761
8104854	4.278825
8104856	3.659274
8104901	6.107032
8104912	7.090955
8104926	4.146743
8104930	6.10619
8104944	8.774311
8104996	4.490014
8104998	8.104859
8105013	4.172341
8105040	6.325285
8105063	5.007543
8105067	6.208043
8105077	6.246387
8105084	3.430715
8105104	8.610627
8105111	7.119118
8105121	2.802036
8105132	5.910666
8105136	7.312085
8105144	7.160984
8105146	5.098696
8105151	4.532253
8105153	9.053542
8105181	8.043047
8105189	5.410536
8105191	7.841572
8105218	2.155875
8105220	7.334429
8105229	5.749983
8105267	7.790399
8105302	4.520225
8105311	3.703403
8105318	4.248521
8105323	3.101155
8105328	6.851391
8105331	3.237134
8105338	2.067581
8105340	4.375406
8105348	5.093732
8105353	10.12601
8105384	3.47911
8105409	2.941899
8105411	3.0845
8105432	12.23901
8105434	5.940986
8105436	9.313178
8105456	5.660417
8105463	9.06391
8105479	2.276037
8105481	4.806464
8105487	3.128303
8105495	6.424832
8105499	6.407013
8105504	7.586569
8105506	8.248759
8105517	3.628259
8105523	7.795288
8105545	8.458161
8105577	4.939672
8105579	3.761021
8105583	2.798361
8105585	6.887965
8105596	3.666773
8105603	3.351386
8105605	2.179479
8105607	3.098572
8105612	7.082691
8105629	2.335526
8105631	7.611068
8105633	7.823211
8105645	1.966893
8105647	6.884231
8105661	3.496477
8105663	4.807763
8105681	9.445355
8105714	8.869218
8105731	3.530708
8105739	6.053325
8105741	7.719484
8105778	10.11745
8105799	2.093205
8105801	8.460764
8105828	5.293195
8105842	2.64228
8105852	4.435833
8105862	7.292822
8105878	7.148941
8105899	8.35255
8105908	9.798359
8105918	7.705644
8105935	6.614286
8105937	9.14774
8105949	5.943466
8105958	8.035324
8105970	7.95838
8105987	6.749002
8105989	6.554902
8105991	11.67794
8105995	10.38135
8105997	5.943466
8106006	8.152946
8106017	4.249909
8106019	2.243074
8106025	7.766146
8106068	8.961067
8106088	3.893766
8106096	14.01506
8106098	4.06143
8106107	7.482773
8106120	1.820826
8106122	9.265041
8106141	8.350876
8106168	2.321657
8106170	4.427611
8106176	3.331719
8106181	8.998394
8106189	4.624724
8106193	6.643055
8106210	8.469097
8106250	4.34247
8106252	9.083314
8106271	9.367715
8106278	4.273749
8106280	8.698339
8106303	6.949905
8106325	4.280055
8106336	5.335876
8106350	3.726476
8106352	6.645691
8106354	8.372981
8106393	3.831246
8106401	5.003081
8106403	8.443864
8106411	4.345636
8106418	4.016554
8106429	8.142557
8106448	10.24751
8106473	7.544867
8106475	11.33163
8106477	3.149036
8106479	9.089496
8106494	6.290683
8106504	5.239722
8106512	4.02361
8106514	3.189048
8106516	7.039268
8106528	4.203825
8106530	6.538661
8106532	4.029969
8106534	9.017936
8106556	7.212177
8106573	4.50206
8106597	2.840739
8106602	8.214885
8106626	5.707395
8106633	8.546869
8106660	5.204571
8106689	4.968613
8106702	7.506714
8106709	6.767539
8106722	6.335415
8106727	4.67254
8106730	6.545131
8106743	6.43564
8106761	3.523673
8106763	2.457768
8106765	2.154832
8106767	2.40682
8106769	6.62649
8106771	4.685513
8106776	8.482306
8106784	8.807166
8106814	2.175315
8106816	4.569976
8106818	6.446684
8106820	5.098783
8106827	4.147667
8106919	2.208925
8106921	3.13794
8106923	5.767508
8106929	2.548935
8106931	4.783298
8106950	3.625055
8106960	2.266512
8106962	5.813745
8106976	6.097545
8106978	3.850507
8106986	8.097775
8106999	4.05343
8107005	9.671918
8107044	5.343466
8107066	8.89469
8107090	7.43514
8107092	2.007447
8107094	6.145376
8107096	8.501953
8107098	5.452832
8107100	7.802881
8107109	2.918733
8107111	2.149651
8107113	3.18131
8107115	7.011271
8107117	2.466456
8107119	6.936822
8107125	5.581241
8107127	3.664161
8107129	3.972037
8107133	7.662855
8107162	4.800959
8107164	8.274384
8107194	5.783622
8107198	3.970973
8107200	2.585986
8107202	2.719668
8107204	11.41082
8107206	3.874462
8107208	6.142134
8107232	4.675314
8107234	7.80854
8107259	8.846009
8107270	2.699907
8107282	8.294962
8107307	4.601999
8107321	8.868387
8107326	6.399278
8107328	6.099555
8107330	6.743063
8107348	3.80748
8107350	6.934575
8107353	6.146374
8107356	8.340545
8107373	2.759237
8107375	8.081828
8107406	5.666358
8107408	6.325104
8107421	6.555032
8107429	3.393834
8107458	8.198193
8107468	4.240166
8107470	12.48882
8107474	8.244538
8107518	3.394912
8107520	6.341875
8107530	6.364937
8107532	10.17873
8107554	3.929301
8107563	3.691859
8107574	2.34788
8107576	3.433439
8107578	7.556364
8107591	3.241455
8107594	4.754967
8107613	8.81566
8107632	6.191566
8107646	5.16418
8107655	7.500481
8107671	6.313537
8107673	8.810526
8107691	8.139956
8107702	2.571214
8107706	5.767046
8107720	4.162999
8107722	4.58359
8107750	9.600479
8107764	3.880893
8107769	9.83412
8107798	3.134905
8107814	8.58856
8107823	4.340519
8107847	2.922668
8107850	3.176821
8107855	5.393846
8107857	5.820468
8107859	5.086376
8107868	10.0145
8107878	4.238024
8107887	3.667562
8107897	6.964761
8107909	6.308467
8107920	8.647747
8107934	8.039142
8107940	2.296464
8107942	8.682346
8107970	3.831547
8107977	2.98281
8107985	5.756652
8107992	6.042214
8107996	7.794876
8107998	8.38029
8108006	5.764998
8108013	5.923193
8108015	8.679726
8108040	4.204043
8108050	4.785486
8108066	8.502882
8108078	3.220889
8108080	7.312193
8108099	7.776374
8108127	8.094461
8108134	8.686899
8108161	4.331539
8108163	8.381076
8108166	9.257837
8108174	7.414978
8108180	10.9472
8108182	4.712808
8108192	5.732798
8108199	5.805078
8108205	3.051609
8108217	7.514004
8108238	8.539869
8108251	4.218377
8108256	3.774029
8108267	2.498688
8108287	4.600128
8108299	2.089473
8108301	3.31784
8108321	7.079023
8108330	9.558313
8108359	5.344399
8108370	8.472857
8108376	6.112451
8108378	10.75382
8108399	5.555535
8108401	3.176965
8108403	9.117234
8108420	5.811978
8108422	7.745456
8108424	9.759729
8108435	8.698264
8108447	8.802608
8108453	4.999442
8108470	5.905001
8108472	8.389653
8108475	7.877668
8108478	8.435535
8108483	4.695176
8108510	8.802993
8108558	9.229488
8108566	2.485898
8108568	9.035231
8108579	6.797752
8108593	7.191552
8108603	7.40197
8108620	8.400944
8108627	2.74532
8108629	3.911957
8108631	4.000081
8108633	4.886791
8108679	3.535665
8108683	5.443096
8108688	3.499537
8108693	2.921305
8108697	6.207734
8108703	3.321976
8108706	3.638269
8108708	3.18847
8108713	2.536736
8108716	3.336457
8108720	3.713212
8108724	2.516723
8108729	3.507149
8108733	4.009892
8108737	3.639152
8108744	5.366242
8108749	3.838949
8108753	3.422873
8108757	5.048818
8108820	4.133494
8108822	5.636872
8108832	8.095879
8108847	8.896334
8108861	9.052677
8108873	9.40291
8108900	5.577964
8108903	4.853583
8108905	3.914964
8108912	5.981569
8108927	8.257568
8108949	4.363266
8108954	8.450205
8108977	4.915522
8108981	4.455513
8108995	3.725618
8109001	7.46678
8109039	2.400761
8109044	3.380861
8109049	4.71462
8109057	3.121175
8109062	8.353615
8109086	6.800464
8109093	8.078922
8109120	5.620656
8109141	7.730021
8109149	6.671218
8109157	4.940525
8109159	2.653721
8109161	7.027719
8109177	4.013409
8109179	6.285448
8109194	5.884539
8109201	8.12811
8109222	10.873
8109226	6.23227
8109236	4.187928
8109254	6.663777
8109283	7.525613
8109303	3.625338
8109305	6.096899
8109315	5.428024
8109326	5.673155
8109333	6.115171
8109344	9.701534
8109350	7.040177
8109368	10.12478
8109383	4.458918
8109401	2.807309
8109403	8.119328
8109407	7.648802
8109426	4.627673
8109428	7.228201
8109436	3.064632
8109438	8.762155
8109462	8.870917
8109475	5.330689
8109484	3.917727
8109486	5.348595
8109490	4.063394
8109503	2.320625
8109505	4.316153
8109507	4.64905
8109526	2.47087
8109528	6.738215
8109563	4.811959
8109570	2.100301
8109572	4.024546
8109576	7.137076
8109585	5.015567
8109591	2.510414
8109593	4.255622
8109595	3.92517
8109597	6.85123
8109610	2.670782
8109612	5.746253
8109618	3.272742
8109620	6.718778
8109629	5.884307
8109637	4.029635
8109639	5.622726
8109649	2.886559
8109651	3.757997
8109663	3.428692
8109677	3.237154
8109693	5.062854
8109695	2.179533
8109697	8.647304
8109712	2.728619
8109732	9.216934
8109746	5.154714
8109748	3.083785
8109750	11.01446
8109752	3.910616
8109773	7.832656
8109802	9.072463
8109819	5.105381
8109821	13.2118
8109824	2.390402
8109826	2.738618
8109828	2.502337
8109830	5.676915
8109843	6.288543
8109901	5.811339
8109908	4.22265
8109912	3.920385
8109926	10.98477
8109938	6.906688
8109967	4.633837
8109969	4.957611
8109973	3.909201
8109975	5.272199
8109981	5.450498
8109990	4.141146
8109995	2.811365
8109999	9.316452
8110018	2.054068
8110022	10.49863
8110032	7.596806
8110043	4.65577
8110055	8.17991
8110068	3.670166
8110074	4.178051
8110084	6.176214
8110090	7.8771
8110104	4.557615
8110106	5.224588
8110112	3.454711
8110114	5.1762
8110123	5.775156
8110147	4.950842
8110158	5.355189
8110166	9.038981
8110169	8.271246
8110183	4.534324
8110216	2.697302
8110218	7.182629
8110224	7.519933
8110237	5.427093
8110253	6.79994
8110265	4.473597
8110289	8.268362
8110318	8.948106
8110327	6.03023
8110347	5.36924
8110362	7.681363
8110382	6.436364
8110392	9.176889
8110399	6.969364
8110408	8.557752
8110415	8.370137
8110417	5.714648
8110427	6.274009
8110430	6.382825
8110437	8.522635
8110450	10.35258
8110461	4.944512
8110463	4.729286
8110472	4.677403
8110478	5.378088
8110486	5.719424
8110491	4.38742
8110499	8.302422
8110518	5.124249
8110520	2.921866
8110522	11.82096
8110546	6.920202
8110562	5.680026
8110569	10.49238
8110587	1.971406
8110589	8.667632
8110604	4.562128
8110606	4.397243
8110616	2.871454
8110618	6.889041
8110620	3.412186
8110629	2.419042
8110631	5.387957
8110647	4.303534
8110649	6.464724
8110666	7.232064
8110668	5.338356
8110670	7.115098
8110672	5.64749
8110674	2.450527
8110676	4.334082
8110678	7.077178
8110681	5.769511
8110685	7.17761
8110688	4.885881
8110706	5.535402
8110708	5.472883
8110721	5.055929
8110734	7.043658
8110755	6.469512
8110783	5.863702
8110803	9.046619
8110821	6.026613
8110841	7.149641
8110858	7.660139
8110861	11.07329
8110865	4.945678
8110872	6.133774
8110880	1.960589
8110882	4.284574
8110886	7.349577
8110894	8.968488
8110914	9.917229
8110916	7.01479
8110920	5.20468
8110928	1.816461
8110930	4.34479
8110932	8.446611
8110960	3.652801
8110966	7.306468
8110971	8.227269
8110980	3.804264
8110982	10.23785
8110990	6.516855
8111017	2.343642
8111019	5.610023
8111099	9.125938
8111101	5.867904
8111118	2.693979
8111122	2.766278
8111124	2.926097
8111127	2.633231
8111129	7.420085
8111136	5.656291
8111151	4.141194
8111153	7.036767
8111197	2.496907
8111199	3.708755
8111201	3.818345
8111203	4.662362
8111210	10.78288
8111212	5.558147
8111214	5.096133
8111216	6.306234
8111218	2.693039
8111220	3.484487
8111234	3.01045
8111251	3.76155
8111253	2.717297
8111255	3.242054
8111269	2.038744
8111271	2.76097
8111284	4.014977
8111286	7.081625
8111327	2.978013
8111331	9.519604
8111339	8.038889
8111358	3.740597
8111360	8.621243
8111385	2.662715
8111387	4.085577
8111415	2.128766
8111417	4.724813
8111430	8.777744
8111443	6.143568
8111455	10.41751
8111457	7.105412
8111474	4.227633
8111490	3.237077
8111506	2.834317
8111512	3.469755
8111524	4.159917
8111533	7.720274
8111552	8.135364
8111569	3.541728
8111584	7.661082
8111627	6.414966
8111629	8.499985
8111668	2.645128
8111670	3.656962
8111677	8.095098
8111698	7.696805
8111739	6.26506
8111757	3.305796
8111772	6.993116
8111788	6.513638
8111796	9.650488
8111812	7.455223
8111814	8.757574
8111821	3.454315
8111864	3.02918
8111887	3.485201
8111892	6.251483
8111913	4.377509
8111915	8.250452
8111922	5.546071
8111925	4.532402
8111930	4.901687
8111932	7.972107
8111941	8.574563
8111952	7.232848
8111960	3.037512
8111974	8.258492
8111989	5.965647
8111991	2.970806
8111993	3.394966
8111998	3.687709
8112007	5.432114
8112014	2.646213
8112016	2.608913
8112020	7.670792
8112033	6.596584
8112041	5.003687
8112043	5.351825
8112045	2.9145
8112053	3.36693
8112070	7.221431
8112072	6.710712
8112081	8.355978
8112107	9.27429
8112121	7.633615
8112139	8.457492
8112157	3.293359
8112159	3.378751
8112174	6.362683
8112176	5.286948
8112178	6.248384
8112180	2.322398
8112182	7.336513
8112196	2.471832
8112198	3.000787
8112202	8.338827
8112220	7.681454
8112256	5.105212
8112258	5.610598
8112260	3.693818
8112274	8.130712
8112285	4.783271
8112302	9.395233
8112306	2.269017
8112310	2.430119
8112312	8.263587
8112327	7.262009
8112329	2.046674
8112331	7.200708
8112333	5.063908
8112335	5.587027
8112337	6.638248
8112342	3.234445
8112376	2.574666
8112388	7.116581
8112407	3.030073
8112409	5.598798
8112422	4.950445
8112424	2.13805
8112426	2.589636
8112428	4.27768
8112433	5.363647
8112435	6.668237
8112437	2.655008
8112439	7.955604
8112458	6.634156
8112469	10.26401
8112476	6.720327
8112478	7.877561
8112491	9.151444
8112519	6.579524
8112521	7.788044
8112538	7.578597
8112558	10.44862
8112560	11.68443
8112564	10.27808
8112570	7.923398
8112582	5.324395
8112584	4.538723
8112592	4.540952
8112596	6.783619
8112607	2.198896
8112611	2.795655
8112613	5.080193
8112615	8.477369
8112622	7.730214
8112647	2.53586
8112649	7.030787
8112664	2.224461
8112666	5.144592
8112668	5.531541
8112672	3.440708
8112687	9.294497
8112709	6.595676
8112724	4.976116
8112726	5.192636
8112728	9.896338
8112731	3.044204
8112740	7.294989
8112746	8.350025
8112761	2.525758
8112763	4.836836
8112767	9.082525
8112772	8.861771
8112801	2.567036
8112803	7.927507
8112807	5.990267
8112822	4.915888
8112841	6.860263
8112857	6.960171
8112865	11.16041
8112881	7.860347
8112883	6.688621
8112886	3.532741
8112888	4.532141
8112890	6.973766
8112892	9.274985
8112894	5.493291
8112896	4.332943
8112902	7.452529
8112914	7.702359
8112916	13.54373
8112918	6.441089
8112920	3.550884
8112940	9.572997
8112959	4.825264
8112961	9.573647
8112967	8.47351
8112971	2.751693
8112980	3.434676
8112994	5.622091
8112996	2.317354
8112998	3.31319
8113003	3.394793
8113006	3.283513
8113008	4.885152
8113010	7.149077
8113023	8.315188
8113035	5.390551
8113037	2.153042
8113039	6.791923
8113050	5.803084
8113059	6.184249
8113064	7.577287
8113071	6.295068
8113073	10.98629
8113083	8.297482
8113094	6.567885
8113097	5.188251
8113103	5.488967
8113113	3.698039
8113120	12.84033
8113122	4.107018
8113124	2.29164
8113130	5.377228
8113157	8.934302
8113202	2.652914
8113214	6.717845
8113220	8.901034
8113232	2.423495
8113234	3.744207
8113250	8.611901
8113274	2.018802
8113276	2.121382
8113278	4.034406
8113286	7.147182
8113299	4.457867
8113301	2.528666
8113303	2.007936
8113305	8.085324
8113342	3.033619
8113344	3.945375
8113346	3.774467
8113348	4.865726
8113350	2.133877
8113352	2.277669
8113354	2.361666
8113356	4.386454
8113358	5.956191
8113367	4.656746
8113369	7.874339
8113385	2.545663
8113403	5.253516
8113413	7.576329
8113421	4.13766
8113427	2.256084
8113429	2.252925
8113431	3.063637
8113433	7.161145
8113443	4.506669
8113445	7.252708
8113467	5.379265
8113469	9.634004
8113481	3.879771
8113483	6.794562
8113489	5.168832
8113491	5.084186
8113502	4.918908
8113504	4.473884
8113512	7.933747
8113542	9.972985
8113551	5.610483
8113573	4.588724
8113577	3.915345
8113591	8.589261
8113602	5.327373
8113614	3.923768
8113616	7.989589
8113623	7.528686
8113641	4.372756
8113651	6.781405
8113658	4.873888
8113660	7.931389
8113664	3.828994
8113666	3.870416
8113689	2.429351
8113691	8.161343
8113699	6.593668
8113703	2.504454
8113705	2.454423
8113709	3.423666
8113717	5.496528
8113724	6.339394
8113726	9.272537
8113733	7.089507
8113759	2.912695
8113761	7.440656
8113771	5.673575
8113773	9.367601
8113782	2.332124
8113784	4.010046
8113786	2.06308
8113788	2.066726
8113790	7.284706
8113796	7.274929
8113800	3.982423
8113871	2.168176
8113873	8.679264
8113879	7.236585
8113881	7.320041
8113914	7.94171
8113936	4.453061
8113938	4.688624
8113981	8.125842
8114002	4.540952
8114006	6.38757
8114010	7.838928
8114023	2.523868
8114030	6.766375
8114050	8.451769
8114068	7.72687
8114080	4.937305
8114083	9.439653
8114111	6.114836
8114113	5.238113
8114119	5.528313
8114136	2.082313
8114138	7.347794
8114145	8.015018
8114152	7.826714
8114158	10.30793
8114171	4.084658
8114185	5.36965
8114191	2.941442
8114193	9.401331
8114203	2.438246
8114205	1.996138
8114207	3.945375
8114209	4.534647
8114211	10.16755
8114213	3.808501
8114215	7.625326
8114225	9.526833
8114239	5.000887
8114245	5.174177
8114249	4.363735
8114256	4.045085
8114263	4.080423
8114270	3.186087
8114273	3.381111
8114287	5.310126
8114300	6.036651
8114320	8.892081
8114326	8.174043
8114352	2.165808
8114354	4.163426
8114363	3.852767
8114365	7.443742
8114396	8.045783
8114415	3.028207
8114425	4.005383
8114443	7.398652
8114455	10.189
8114468	5.125835
8114470	3.752508
8114476	7.104408
8114489	4.298182
8114491	5.918495
8114511	5.202859
8114518	5.755297
8114526	5.030743
8114536	8.001657
8114546	6.363718
8114548	2.321189
8114550	6.316195
8114567	7.421299
8114572	6.477695
8114581	2.00972
8114583	6.655649
8114593	7.131765
8114612	8.545179
8114618	7.093956
8114625	5.008291
8114628	8.120543
8114643	4.452674
8114645	5.06626
8114647	5.28169
8114653	8.025406
8114658	7.979694
8114691	9.022032
8114709	5.988285
8114733	6.606926
8114767	8.368463
8114778	8.355323
8114780	4.313208
8114787	7.607643
8114797	3.763319
8114805	3.997746
8114812	3.89848
8114814	7.465634
8114829	9.005816
8114843	5.192895
8114845	4.610267
8114856	4.312512
8114861	9.941808
8114896	4.095713
8114900	3.902658
8114918	2.821746
8114920	6.721768
8114938	6.47874
8114964	7.334925
8114970	3.26025
8114977	4.256057
8114991	6.716126
8115010	2.268653
8115012	4.953455
8115014	5.459373
8115022	10.64222
8115037	2.240944
8115039	3.937482
8115041	3.603109
8115064	4.050111
8115066	3.470178
8115068	5.585791
8115074	2.117472
8115076	6.776504
8115099	4.793422
8115122	5.027008
8115144	4.781758
8115147	9.614838
8115158	9.600398
8115164	6.788054
8115166	3.52998
8115168	8.159287
8115181	8.787001
8115196	5.573845
8115205	3.520069
8115210	8.141267
8115234	6.554972
8115261	7.84997
8115274	3.269348
8115287	4.40272
8115300	3.75557
8115302	5.237136
8115327	5.112227
8115340	2.321368
8115342	2.025423
8115346	7.308236
8115355	3.889717
8115368	4.178557
8115375	6.804083
8115391	5.151961
8115395	3.518759
8115397	4.804364
8115410	6.89746
8115441	3.527799
8115443	3.02284
8115445	4.132351
8115455	3.890264
8115464	5.653079
8115476	7.845796
8115481	3.98057
8115487	4.977792
8115490	5.402982
8115516	3.947814
8115524	11.05688
8115543	6.233219
8115562	7.904613
8115570	5.055587
8115580	7.792265
8115584	5.91715
8115594	4.524348
8115600	5.599393
8115606	8.34935
8115623	6.918125
8115651	3.901615
8115664	4.679388
8115666	6.878991
8115673	2.327965
8115675	2.362511
8115677	2.462391
8115679	3.506266
8115681	8.414866
8115689	4.148804
8115691	5.082054
8115730	4.681845
8115732	4.521408
8115734	8.719733
8115756	4.753493
8115765	8.568355
8115783	6.987376
8115806	7.413088
8115812	6.782024
8115814	6.763886
8115828	2.273376
8115831	9.204096
8115836	2.058006
8115838	3.662137
8115840	6.191478
8115847	7.387215
8115849	5.76533
8115851	4.103692
8115863	2.861854
8115865	9.225875
8115871	4.261802
8115875	4.570866
8115884	4.779833
8115886	8.389862
8115895	8.119785
8115907	6.980767
8115918	8.266188
8115927	6.214448
8115939	5.14124
8115941	5.638141
8115948	5.791999
8115957	5.28561
8115978	7.077076
8115997	7.673375
8116012	5.990182
8116020	9.565616
8116031	5.180562
8116033	5.083957
8116051	5.634354
8116070	5.732746
8116086	5.77193
8116096	9.05308
8116113	6.541579
8116128	4.679684
8116130	5.420313
8116162	6.309163
8116168	6.777584
8116174	2.800231
8116177	7.501559
8116195	6.359496
8116227	8.277379
8116245	7.099167
8116247	7.151298
8116253	4.87941
8116272	5.370988
8116295	1.898008
8116297	11.17655
8116313	3.952676
8116316	7.503351
8116335	6.538795
8116346	5.427307
8116348	7.983856
8116372	9.165425
8116384	5.07508
8116400	4.837241
8116402	8.978694
8116418	4.083948
8116439	10.71191
8116445	4.507274
8116479	3.618671
8116482	3.910193
8116484	8.160171
8116494	7.667141
8116500	4.119942
8116502	4.634846
8116504	5.308242
8116520	12.37831
8116530	6.840807
8116532	10.51879
8116534	7.625451
8116537	4.43397
8116545	3.764729
8116548	6.606758
8116559	4.906724
8116571	5.769544
8116573	3.772273
8116577	2.939874
8116579	8.27788
8116582	4.527422
8116585	7.103975
8116589	2.778167
8116591	7.206323
8116593	4.637718
8116595	7.651742
8116607	6.055892
8116610	6.874317
8116620	5.181916
8116622	7.977622
8116635	7.026907
8116649	6.44488
8116651	6.059572
8116653	6.44488
8116655	5.584377
8116658	6.800498
8116662	3.195412
8116664	8.772747
8116696	4.157372
8116707	3.744559
8116710	7.778825
8116722	4.631693
8116724	7.492674
8116734	5.835622
8116740	7.793726
8116760	6.958359
8116780	9.903902
8116807	7.435981
8116818	5.099741
8116827	3.544361
8116829	2.286478
8116831	5.163698
8116835	6.726624
8116846	5.090554
8116848	6.732772
8116859	9.146828
8116867	10.0476
8116874	3.018069
8116904	3.130437
8116906	2.690757
8116908	4.259979
8116910	8.031271
8116921	5.507589
8116929	10.67115
8116932	5.362512
8116952	5.783178
8116954	2.134931
8116956	7.69275
8116969	7.793133
8116980	3.591293
8116983	7.072112
8116992	5.82666
8116994	3.816685
8116996	3.066371
8116998	7.667221
8117018	6.775731
8117020	9.998111
8117032	3.311668
8117034	5.264922
8117045	3.358902
8117054	5.688432
8117071	7.385312
8117077	2.228804
8117079	7.330008
8117081	7.107143
8117106	9.200771
8117118	4.693274
8117120	7.802372
8117126	2.618178
8117128	5.19965
8117138	3.175874
8117140	8.369087
8117161	4.820801
8117165	7.126607
8117172	5.589176
8117176	6.158849
8117178	3.854018
8117187	3.225085
8117189	4.360784
8117192	2.222222
8117194	8.009229
8117207	7.467401
8117219	7.617153
8117225	7.477239
8117237	9.248463
8117239	3.90316
8117241	4.164402
8117243	7.556169
8117284	5.556378
8117286	5.026221
8117288	3.249877
8117301	3.434849
8117304	3.581882
8117321	8.202633
8117330	5.765542
8117334	5.101272
8117339	4.378823
8117343	6.868528
8117368	8.451038
8117372	8.865538
8117377	10.17158
8117382	6.506285
8117389	4.849926
8117395	6.054612
8117402	7.660042
8117408	7.683728
8117415	4.338259
8117422	5.352534
8117426	6.035669
8117429	3.847137
8117435	7.550256
8117447	6.654366
8117458	7.479349
8117470	4.870076
8117476	6.473905
8117485	7.997121
8117498	4.167675
8117510	7.945276
8117520	2.054383
8117522	6.948231
8117529	2.543711
8117531	4.881779
8117533	6.284024
8117535	5.120788
8117537	4.305953
8117543	3.88252
8117547	5.980993
8117561	3.503814
8117563	3.962417
8117565	5.447969
8117567	3.837485
8117572	4.789533
8117576	2.855125
8117578	1.949241
8117580	4.68865
8117583	5.22474
8117589	4.596364
8117594	5.365175
8117598	6.51757
8117600	5.181156
8117608	3.920252
8117614	5.175319
8117620	4.001582
8117622	3.291892
8117624	3.156106
8117626	5.039226
8117628	3.39299
8117630	4.906466
8117640	6.078736
8117646	7.158565
8117653	7.074722
8117655	6.371845
8117663	3.607522
8117667	6.282444
8117675	3.83634
8117685	5.985059
8117696	6.832479
8117698	5.626647
8117700	3.049311
8117707	4.149165
8117712	2.686611
8117714	3.776333
8117716	3.177664
8117718	3.570005
8117720	3.880689
8117722	2.890141
8117724	2.379263
8117727	3.581516
8117732	3.880608
8117739	6.304449
8117741	5.813842
8117746	5.18888
8117748	4.51304
8117760	8.154953
8117773	5.856803
8117777	11.10722
8117800	12.11622
8117809	4.053868
8117813	12.09295
8117822	4.955736
8117834	7.49455
8117840	5.366452
8117849	5.520181
8117861	6.729766
8117869	6.411201
8117881	7.420309
8117888	9.185683
8117890	11.34806
8117900	9.968457
8117922	6.765932
8117929	8.507945
8117955	8.706929
8117965	5.979602
8117987	6.731142
8117995	10.14458
8118005	3.515478
8118007	6.252234
8118023	5.676428
8118028	6.570163
8118061	4.620028
8118069	8.379711
8118076	4.852821
8118086	5.08448
8118093	5.561814
8118098	5.684759
8118100	5.669087
8118111	7.40344
8118116	6.321003
8118124	5.796143
8118127	6.24288
8118137	4.838858
8118142	5.642572
8118147	5.82166
8118149	7.052505
8118158	6.639915
8118174	7.54344
8118207	6.48214
8118209	5.86236
8118216	4.173508
8118218	10.70075
8118228	6.902066
8118235	5.46314
8118242	4.2585
8118249	5.531601
8118259	6.610253
8118293	5.369422
8118302	6.526865
8118310	11.41589
8118314	10.25083
8118319	6.676031
8118322	7.77656
8118324	7.814446
8118345	8.507724
8118367	7.312866
8118395	6.776917
8118409	5.73054
8118455	5.73054
8118498	5.162797
8118509	6.212365
8118535	7.368524
8118544	6.031986
8118548	10.45094
8118556	6.084201
8118564	7.438571
8118571	7.982503
8118580	9.084216
8118594	9.19463
8118607	4.912322
8118611	2.731537
8118613	9.723104
8118622	7.732487
8118632	5.620396
8118634	8.048357
8118644	9.694727
8118655	7.239254
8118661	6.52029
8118667	9.291025
8118669	4.634502
8118682	7.577225
8118696	5.857749
8118721	6.624212
8118724	4.57443
8118726	5.140676
8118734	7.564866
8118794	7.435082
8118804	5.720302
8118818	2.605285
8118820	2.997766
8118822	2.986046
8118824	6.014432
8118826	7.578074
8118833	6.45645
8118861	4.576919
8118863	7.760748
8118890	4.920701
8118915	7.058477
8118932	6.727323
8118945	6.802662
8118963	6.577728
8118974	10.47536
8118979	4.040908
8118981	4.472937
8118990	5.190787
8118995	4.931173
8119000	7.92427
8119016	8.886352
8119034	7.346875
8119052	4.647942
8119067	7.669275
8119078	4.310763
8119080	10.35453
8119088	6.018179
8119096	3.830959
8119102	3.975235
8119107	5.322912
8119109	8.786585
8119124	4.909024
8119132	5.752994
8119153	9.592538
8119159	6.684372
8119161	8.41219
8119169	6.673838
8119184	6.405988
8119196	5.260412
8119198	8.615945
8119223	3.421241
8119227	7.865796
8119235	5.947479
8119237	4.412418
8119239	2.898016
8119241	1.733948
8119243	3.027842
8119336	2.583462
8119338	4.986778
8119357	4.19097
8119386	4.54337
8119390	4.807382
8119394	3.699558
8119396	4.99799
8119403	3.979825
8119408	7.816289
8119423	6.150429
8119427	4.887939
8119435	6.021426
8119444	6.705581
8119466	5.518198
8119473	7.77009
8119490	2.240963
8119492	6.563912
8119503	7.848487
8119515	4.93232
8119525	5.252784
8119527	2.392006
8119529	9.106992
8119580	3.11239
8119582	7.099666
8119595	8.174691
8119599	5.475386
8119609	9.271127
8119620	4.476425
8119627	7.605843
8119648	8.793177
8119661	6.270703
8119670	7.096398
8119689	7.759027
8119712	7.53517
8119722	6.734659
8119765	5.601469
8119782	4.765715
8119799	3.20992
8119801	6.787056
8119827	2.234317
8119829	6.125271
8119842	8.226924
8119856	2.635848
8119858	7.050656
8119874	7.138951
8119882	3.325967
8119894	3.307841
8119896	5.441645
8119898	7.57172
8119915	4.958218
8119918	4.750517
8119926	7.406548
8119951	4.015145
8119974	7.116252
8119993	11.33515
8120004	4.334091
8120011	3.880552
8120022	8.3868
8120043	6.911962
8120057	6.580376
8120059	2.648113
8120061	7.680971
8120067	7.881869
8120082	3.759312
8120088	3.741403
8120102	9.806089
8120124	3.502924
8120135	3.670263
8120151	4.130373
8120163	2.53551
8120165	4.107927
8120176	4.194657
8120184	2.985128
8120194	4.212107
8120204	4.234495
8120206	3.669921
8120208	4.464952
8120210	5.921402
8120215	7.857945
8120222	7.445386
8120239	8.309889
8120247	4.72616
8120249	13.83328
8120251	8.945518
8120269	6.386606
8120271	5.107991
8120273	5.902863
8120275	2.746764
8120277	4.101656
8120279	8.274328
8120300	2.878543
8120315	2.554947
8120333	1.895149
8120335	7.94722
8120342	3.757189
8120350	2.698065
8120360	2.573478
8120362	2.813448
8120378	6.887671
8120382	8.006685
8120402	5.198913
8120411	6.347003
8120428	8.336746
8120431	7.562163
8120441	8.879986
8120460	3.508124
8120462	2.409611
8120464	3.212188
8120466	2.132819
8120468	3.482459
8120501	4.741443
8120552	6.907952
8120579	6.221612
8120585	7.973121
8120600	3.274042
8120602	7.880441
8120613	4.099987
8120654	3.628354
8120675	4.208143
8120679	3.325917
8120698	7.510038
8120715	2.274358
8120717	5.221606
8120719	4.385356
8120756	3.72755
8120758	8.469654
8120783	9.967737
8120820	4.898898
8120822	4.405608
8120824	2.240459
8120826	5.607168
8120833	10.44156
8120838	2.92904
8120860	8.873434
8120876	3.993394
8120878	3.357642
8120880	8.052164
8120883	7.979938
8120927	6.691163
8120932	4.195981
8120937	4.121494
8120943	7.44126
8120961	4.704416
8120967	8.368406
8120981	5.238708
8120983	3.431167
8120990	4.205475
8120992	8.91298
8121002	7.613115
8121009	3.566308
8121015	2.908347
8121031	9.051216
8121041	3.429054
8121043	7.71427
8121062	3.047306
8121064	3.778563
8121066	2.792813
8121076	10.8295
8121087	8.181145
8121095	7.035425
8121112	6.668052
8121116	3.24787
8121118	6.952033
8121130	6.366968
8121132	3.692299
8121134	2.410144
8121136	3.707541
8121138	2.966603
8121140	2.199791
8121142	2.393495
8121144	6.598274
8121152	4.548222
8121159	3.199624
8121161	8.916847
8121181	2.427786
8121193	3.610146
8121209	6.0399
8121212	5.985859
8121214	5.167497
8121216	5.873547
8121223	2.123438
8121225	3.848315
8121247	1.975628
8121249	2.417482
8121251	2.373815
8121255	2.630008
8121257	6.660372
8121273	5.534239
8121275	6.176647
8121277	9.694139
8121298	3.147285
8121300	6.91903
8121312	6.741774
8121317	2.610978
8121319	4.070023
8121330	3.358689
8121332	2.151451
8121334	3.358397
8121347	2.058781
8121349	5.727242
8121363	2.070079
8121365	6.068707
8121370	4.782878
8121390	3.508107
8121392	3.747247
8121405	5.790612
8121416	5.02996
8121418	7.542904
8121429	8.521141
8121454	5.616426
8121461	8.784824
8121485	2.3366
8121487	2.577588
8121489	8.279718
8121502	8.353392
8121508	2.500662
8121510	7.108305
8121515	5.231817
8121525	7.98101
8121532	4.4474
8121547	4.594665
8121553	3.046618
8121557	2.434059
8121559	5.052907
8121561	3.535913
8121563	9.441845
8121569	6.176609
8121578	8.802188
8121588	7.196353
8121596	5.919125
8121601	3.139341
8121605	2.57528
8121613	6.529694
8121622	3.185288
8121632	5.989128
8121649	3.430782
8121670	2.39844
8121672	4.351971
8121681	4.261223
8121683	3.882468
8121685	7.657064
8121704	8.99649
8121712	4.130661
8121725	3.004526
8121727	3.117311
8121729	2.756028
8121734	8.051961
8121739	5.232615
8121741	2.310395
8121743	8.491984
8121747	2.46712
8121749	5.263184
8121755	3.534184
8121757	6.65394
8121768	3.631328
8121782	9.538868
8121784	3.660567
8121794	6.401421
8121803	3.783903
8121814	3.906552
8121825	6.637941
8121838	5.963648
8121850	3.797204
8121861	5.682585
8121884	4.670589
8121886	8.275698
8121895	6.990927
8121911	2.636673
8121916	3.016979
8121927	8.350301
8121936	3.220561
8121943	2.548042
8121945	2.603873
8121947	2.951562
8121949	3.877827
8122013	7.400787
8122038	4.060943
8122045	5.762116
8122058	2.548738
8122071	4.370242
8122099	4.2349
8122125	2.407325
8122127	3.179584
8122129	2.894783
8122131	3.098211
8122136	9.770414
8122142	7.755417
8122144	6.309083
8122146	3.084035
8122150	5.631296
8122174	8.050203
8122176	4.540227
8122182	7.744216
8122196	5.60588
8122198	7.191294
8122200	3.783608
8122202	8.24175
8122222	3.630732
8122240	3.126934
8122242	7.1159
8122256	5.650134
8122259	5.924795
8122261	3.229538
8122263	2.033596
8122265	7.758579
8122277	3.769557
8122279	9.275936
8122317	10.43196
8122327	8.049731
8122334	4.698928
8122336	7.332905
8122343	7.196959
8122348	7.944772
8122365	9.263484
8122396	8.443116
8122405	3.617243
8122409	7.299261
8122426	7.519486
8122440	7.685471
8122452	3.040458
8122457	6.382183
8122464	8.895119
8122537	3.844005
8122552	2.779985
8122554	5.484899
8122561	3.075939
8122598	4.891266
8122600	9.013277
8122634	4.928021
8122637	8.144748
8122658	3.231794
8122660	7.296967
8122670	3.587343
8122672	9.680539
8122684	7.111574
8122689	9.002968
8122699	8.373407
8122701	5.904167
8122703	6.404162
8122705	8.814973
8122717	5.311642
8122720	3.327322
8122724	4.417313
8122732	5.723391
8122734	6.68821
8122740	5.801063
8122742	5.998563
8122744	4.534525
8122756	4.838638
8122773	5.603621
8122803	2.507965
8122805	2.298348
8122807	5.368133
8122818	7.108978
8122827	4.463078
8122840	4.276037
8122843	5.65059
8122856	4.66866
8122858	2.299049
8122860	3.451164
8122865	3.240819
8122877	1.698519
8122879	3.239893
8122881	1.959737
8122883	2.234739
8122885	2.802858
8122887	3.400215
8122909	8.65048
8122933	4.604266
8122966	4.649167
8122969	2.64436
8122971	8.417564
8122982	6.795143
8122986	8.625137
8123006	7.398495
8123038	6.94255
8123044	7.58269
8123060	4.487764
8123062	9.91854
8123080	6.940632
8123104	3.925284
8123129	7.984361
8123137	6.936338
8123148	9.127438
8123155	3.994551
8123176	3.362846
8123181	8.536643
8123230	5.63778
8123232	5.067518
8123246	3.543536
8123259	3.294689
8123274	8.217377
8123303	5.76459
8123313	2.262896
8123315	7.447433
8123334	4.982599
8123336	2.567166
8123338	2.107849
8123340	4.730642
8123342	7.07879
8123362	5.143946
8123364	4.103044
8123372	6.058394
8123374	4.252399
8123388	4.675439
8123398	4.666976
8123405	4.274351
8123407	8.951631
8123437	4.839698
8123446	4.65003
8123463	7.65054
8123467	7.141827
8123488	5.210033
8123494	8.712138
8123507	7.839837
8123520	6.658724
8123524	7.948754
8123558	5.622779
8123562	8.865694
8123579	4.778051
8123584	4.921075
8123598	9.801159
8123606	5.4003
8123609	6.772849
8123621	8.561954
8123637	6.054103
8123642	3.875331
8123644	6.728374
8123651	5.551203
8123658	6.68311
8123678	6.721453
8123685	2.837766
8123695	7.054638
8123714	3.905431
8123717	5.559198
8123726	4.954046
8123728	5.478605
8123737	4.532151
8123739	4.250741
8123744	4.773896
8123760	5.439672
8123763	5.445457
8123765	2.692335
8123767	10.34878
8123780	2.533232
8123800	5.944487
8123802	8.730614
8123819	5.528016
8123825	8.621205
8123843	3.018604
8123864	6.77362
8123876	3.85391
8123884	4.710004
8123889	2.941051
8123891	5.845029
8123893	4.484993
8123910	3.556269
8123920	3.721204
8123929	4.304932
8123936	7.963539
8123949	2.617857
8123951	6.48675
8123959	3.014036
8123961	6.754735
8123976	6.197652
8123981	5.584457
8123985	3.762514
8123989	8.517886
8124008	7.385739
8124018	2.108893
8124020	5.00987
8124022	7.268813
8124036	1.64176
8124038	4.906429
8124040	7.014752
8124055	4.590549
8124057	3.319572
8124059	8.058784
8124082	6.813744
8124086	1.681353
8124088	7.748404
8124129	5.847622
8124134	7.35253
8124144	9.150038
8124156	2.1888
8124158	2.288237
8124160	3.253824
8124162	2.330089
8124164	3.014902
8124166	10.29152
8124181	2.05037
8124183	5.906888
8124185	2.632571
8124192	3.535292
8124194	4.31791
8124196	6.355412
8124211	5.04192
8124240	4.459868
8124262	9.313789
8124273	9.772879
8124280	5.880914
8124305	6.65486
8124307	5.738716
8124327	4.717659
8124329	2.321167
8124331	3.098665
8124335	4.221597
8124337	2.856591
8124351	2.944876
8124365	4.761563
8124380	6.20257
8124385	7.011558
8124388	4.667373
8124391	4.647008
8124394	4.349797
8124397	6.302736
8124402	4.621568
8124406	7.72084
8124413	5.829196
8124416	7.922039
8124423	5.80984
8124430	6.205872
8124433	3.569691
8124437	5.265256
8124440	4.112704
8124446	5.48519
8124448	6.10478
8124455	2.724674
8124457	2.985877
8124459	7.029053
8124467	4.881779
8124469	9.94446
8124484	4.736878
8124492	5.925432
8124495	4.26874
8124498	6.476637
8124500	3.159246
8124502	5.889679
8124510	4.618952
8124518	2.330681
8124521	6.321025
8124524	5.532825
8124527	4.835373
8124531	8.084054
8124534	4.752868
8124537	3.242248
8124540	4.413836
8124547	3.093781
8124549	3.204036
8124551	6.318075
8124553	5.445177
8124562	5.835013
8124574	5.330183
8124583	3.937901
8124588	3.521975
8124594	5.589852
8124604	3.052061
8124606	2.963393
8124608	2.952078
8124610	8.71537
8124622	5.196079
8124630	2.969097
8124632	3.504508
8124634	3.566242
8124636	2.707961
8124639	2.302947
8124645	3.228717
8124648	2.894457
8124650	5.664096
8124654	6.471174
8124684	4.668573
8124689	6.659534
8124691	5.15526
8124695	7.605242
8124707	7.540534
8124716	4.235263
8124726	7.511594
8124742	7.093091
8124756	7.978682
8124775	7.789644
8124798	5.746228
8124806	5.471094
8124813	6.405411
8124828	8.735332
8124846	4.691484
8124848	7.658475
8124855	4.808395
8124859	5.597331
8124862	6.147792
8124865	5.592695
8124868	6.220062
8124889	6.261402
8124897	5.992629
8124901	11.76366
8124911	12.09303
8124920	4.109542
8124922	3.039698
8124924	4.761173
8124926	9.888849
8124940	5.904709
8124942	4.488156
8124950	7.608036
8124955	5.915212
8124967	8.63549
8124994	7.324236
8124998	6.491149
8125007	5.522475
8125017	7.451294
8125038	5.548346
8125042	5.337782
8125048	7.6257
8125059	9.793136
8125072	5.678956
8125091	7.157568
8125123	7.5718
8125125	6.175281
8125134	5.4082
8125139	9.456118
8125149	11.8395
8125172	7.516809
8125201	6.103208
8125204	7.502532
8125220	6.272419
8125234	5.30638
8125289	5.273844
8125295	9.161054
8125316	5.680952
8125321	6.09895
8125328	7.377771
8125341	6.528471
8125360	7.640224
8125373	6.593057
8125383	5.816505
8125415	2.692394
8125426	4.993846
8125434	3.837975
8125436	6.731605
8125447	5.132962
8125461	3.841184
8125463	6.85295
8125470	4.530486
8125483	7.016716
8125500	8.581524
8125512	7.964819
8125527	4.439438
8125530	7.798881
8125537	8.353072
8125545	5.523077
8125556	10.46518
8125563	3.88705
8125568	6.167882
8125638	7.566527
8125649	8.906362
8125671	7.390655
8125687	8.224256
8125713	9.611816
8125731	7.201612
8125734	6.042294
8125748	8.4726
8125750	11.69888
8125752	9.921151
8125766	7.084975
8125772	5.621224
8125775	7.72663
8125780	5.017516
8125788	7.665807
8125798	5.764516
8125805	5.948067
8125818	6.030109
8125825	9.036361
8125835	10.05185
8125843	8.821297
8125850	7.914075
8125859	7.023766
8125870	4.631716
8125887	7.585453
8125903	4.512491
8125919	6.973835
8125936	4.8234
8125941	8.466815
8125959	4.158133
8125980	4.840494
8125993	5.176416
8126007	2.378374
8126016	2.667579
8126018	9.863678
8126033	4.519358
8126035	4.390658
8126058	6.550559
8126066	8.382116
8126086	4.280967
8126093	3.880945
8126095	5.482565
8126102	4.353932
8126119	3.534811
8126121	8.193124
8126135	9.576324
8126145	3.986568
8126147	7.283491
8126153	6.752112
8126163	4.249473
8126173	4.896756
8126184	3.817212
8126212	6.193004
8126214	5.111392
8126238	3.145849
8126240	4.156577
8126244	4.280671
8126248	4.521873
8126259	8.869175
8126269	4.544521
8126279	3.843297
8126288	5.818109
8126296	4.402575
8126301	6.829033
8126303	8.098602
8126310	4.029305
8126312	5.455756
8126324	4.713679
8126337	5.787455
8126347	5.369649
8126360	7.796228
8126369	4.034385
8126371	7.479176
8126379	7.523324
8126382	7.697134
8126387	4.818947
8126394	9.016106
8126402	7.131479
8126428	7.802537
8126432	2.102396
8126434	2.286071
8126436	4.069578
8126442	6.864281
8126446	5.498034
8126450	10.87297
8126452	6.839827
8126474	8.181993
8126482	5.40016
8126484	5.585241
8126486	7.003241
8126512	8.121259
8126524	6.944257
8126531	5.3445
8126542	6.230086
8126556	5.681749
8126566	5.357941
8126574	9.256212
8126588	7.284369
8126629	8.106977
8126646	7.854276
8126653	7.633269
8126658	7.430569
8126666	6.949389
8126674	4.139879
8126681	6.582561
8126705	3.059343
8126710	5.50537
8126729	5.593476
8126750	7.412775
8126760	6.468368
8126770	6.732144
8126784	8.64755
8126798	3.669088
8126820	11.29363
8126839	10.26238
8126853	4.073236
8126855	4.779329
8126860	8.32663
8126878	3.361459
8126891	6.044566
8126905	12.45355
8126916	4.750944
8126920	3.272623
8126931	1.955419
8126934	2.44602
8126937	4.622402
8126939	2.432806
8126943	2.202946
8126946	2.583785
8126948	4.340869
8126950	5.602078
8126952	10.55242
8126954	8.443556
8127024	4.291333
8127031	8.089931
8127051	6.251634
8127065	3.597477
8127072	6.305209
8127079	2.483025
8127087	3.300771
8127094	6.018605
8127107	4.706141
8127109	8.068586
8127128	6.494794
8127130	3.26249
8127141	2.547475
8127143	2.342616
8127145	10.46638
8127156	4.037042
8127158	8.719171
8127177	5.036871
8127180	3.13988
8127193	2.864865
8127201	3.994668
8127234	8.231236
8127346	6.532871
8127360	4.364212
8127362	2.49018
8127364	7.247011
8127370	3.321357
8127380	3.742106
8127391	3.670906
8127393	2.495313
8127396	2.674559
8127399	3.427659
8127408	2.212808
8127419	8.507175
8127421	4.920285
8127423	9.553436
8127425	9.34116
8127446	4.902132
8127484	4.468238
8127496	2.703488
8127498	4.755355
8127500	3.24168
8127502	5.114747
8127507	4.649758
8127509	2.255583
8127511	4.459704
8127522	3.464204
8127526	9.360159
8127532	5.762753
8127534	5.960363
8127542	6.123619
8127544	8.26083
8127549	9.068384
8127563	3.915025
8127629	7.766533
8127637	9.673675
8127646	4.158847
8127656	2.893202
8127658	6.818562
8127660	4.885561
8127662	4.451837
8127664	2.798443
8127666	3.486016
8127686	3.176472
8127688	2.052669
8127690	5.782798
8127692	4.986752
8127696	4.368314
8127698	8.910674
8127743	7.954955
8127752	3.355838
8127754	4.466269
8127756	5.627139
8127767	2.677269
8127776	2.78977
8127778	7.335328
8127787	8.250964
8127822	6.028249
8127824	4.900661
8127841	8.069351
8127854	4.752188
8127872	4.280501
8127903	5.57836
8127932	3.306605
8127943	8.342965
8127977	8.43739
8127987	8.184376
8127989	7.870052
8127991	3.362117
8127993	2.190116
8127997	2.177879
8127999	3.442909
8128001	3.495696
8128007	3.194421
8128013	8.462753
8128034	7.354351
8128043	2.968749
8128052	6.954647
8128079	3.489294
8128087	3.773884
8128099	5.129286
8128109	2.786127
8128111	8.026104
8128123	8.616284
8128133	7.252541
8128138	7.67536
8128245	2.485934
8128247	4.541669
8128258	6.107588
8128260	8.061946
8128282	3.17329
8128284	4.003983
8128308	4.265591
8128310	2.017411
8128312	5.270915
8128314	2.890666
8128316	4.067512
8128322	6.743969
8128329	5.860776
8128356	7.701317
8128371	5.425581
8128383	5.377852
8128394	9.708352
8128409	6.086817
8128429	9.073446
8128445	3.215873
8128447	3.915629
8128459	3.449558
8128472	8.58404
8128522	8.164505
8128549	4.420104
8128553	5.176582
8128565	4.736911
8128572	8.158111
8128592	9.010141
8128604	4.931446
8128606	6.523269
8128618	2.700942
8128620	5.288019
8128624	3.828877
8128626	6.849895
8128638	4.99487
8128650	11.10449
8128667	5.47945
8128669	6.608418
8128683	8.488454
8128695	3.437066
8128698	7.638379
8128712	5.975558
8128714	3.005924
8128716	12.55098
8128726	4.468725
8128737	5.576169
8128767	7.006101
8128777	4.469153
8128788	4.724558
8128795	6.434648
8128818	3.539989
8128837	3.584734
8128843	5.06165
8128850	3.494835
8128865	4.64404
8128867	7.716605
8128886	6.566983
8128888	3.798627
8128890	4.008133
8128892	3.264356
8128894	6.585281
8128934	2.180618
8128936	2.660099
8128939	8.049249
8128954	1.9775
8128956	5.494476
8128977	7.401225
8128991	3.818063
8129037	4.615219
8129039	4.966874
8129043	2.518358
8129045	9.024509
8129062	6.29774
8129067	3.542019
8129069	2.818493
8129071	8.031156
8129082	4.386289
8129087	4.009235
8129089	6.587873
8129095	8.227415
8129097	6.353138
8129099	10.05963
8129105	3.957393
8129108	5.355172
8129120	6.426586
8129125	3.067449
8129134	3.11513
8129179	2.458669
8129181	8.582126
8129193	4.636877
8129214	6.743516
8129218	6.95132
8129231	3.653293
8129254	9.089341
8129271	2.36183
8129273	6.394575
8129309	3.155006
8129311	2.371888
8129313	2.287026
8129317	10.102
8129330	2.712763
8129363	7.418157
8129375	5.561091
8129377	3.738209
8129379	9.480781
8129390	6.038146
8129392	3.265857
8129410	4.915281
8129418	9.679072
8129454	5.800933
8129456	4.075877
8129458	7.457567
8129476	2.694144
8129482	3.685084
8129497	5.733968
8129522	9.066111
8129558	7.309998
8129560	6.199057
8129562	6.572236
8129573	2.761863
8129590	9.08018
8129604	3.909513
8129608	2.929966
8129610	3.003072
8129615	5.386317
8129618	4.827844
8129627	4.350786
8129637	7.563617
8129649	8.199653
8129666	5.853565
8129675	5.776986
8129677	8.628247
8129693	4.542607
8129695	4.086987
8129706	8.408812
8129728	7.245401
8129761	2.475452
8129763	3.663297
8129773	9.570725
8129783	8.858488
8129804	8.589572
8129835	2.886559
8129837	8.303002
8129848	3.433272
8129861	9.056828
8129872	4.324959
8129876	4.373006
8129880	11.20205
8129888	5.757841
8129899	3.055509
8129901	8.120302
8129924	3.835774
8129937	7.525373
8129943	4.01869
8129947	3.712587
8129953	7.123595
8129963	7.617395
8129974	8.312735
8129985	7.280213
8130003	6.861864
8130009	7.171227
8130011	3.306227
8130013	4.574269
8130027	4.006361
8130032	7.875932
8130038	8.021544
8130071	7.655301
8130073	6.544701
8130087	7.629802
8130102	6.342803
8130116	7.886092
8130129	9.039701
8130142	7.525963
8130151	3.920699
8130163	6.346154
8130173	6.391667
8130176	4.734395
8130181	3.827225
8130183	2.616746
8130185	6.39844
8130191	6.159116
8130209	2.411788
8130211	4.745662
8130370	3.263353
8130372	3.091886
8130374	5.293254
8130383	6.933106
8130394	4.745923
8130401	2.718281
8130403	8.315565
8130406	2.546823
8130408	6.733023
8130422	6.325969
8130436	4.382167
8130438	6.733887
8130447	3.914902
8130462	7.016386
8130464	8.212303
8130470	6.63631
8130472	2.032979
8130474	6.846245
8130495	3.279294
8130497	2.369095
8130499	8.18882
8130505	11.14458
8130522	4.294383
8130528	7.614898
8130539	6.117244
8130553	4.23157
8130556	10.14555
8130565	6.653191
8130567	11.19248
8130578	7.622319
8130580	5.880576
8130582	4.420648
8130598	4.505017
8130608	4.592114
8130622	7.21452
8130624	7.224842
8130626	4.937084
8130628	4.582038
8130641	4.692037
8130645	6.39482
8130660	5.799495
8130662	2.787027
8130664	2.716053
8130674	4.826894
8130701	2.353768
8130703	5.256937
8130715	6.26772
8130720	8.248173
8130732	8.475937
8130739	7.746727
8130765	8.214226
8130768	8.209658
8130783	5.066648
8130785	4.96945
8130787	4.415396
8130803	4.384492
8130807	4.101233
8130811	4.528692
8130817	5.690355
8130824	5.200983
8130827	5.106258
8130837	4.683173
8130859	5.339815
8130867	3.894964
8130891	6.904569
8130916	8.132607
8130927	3.982157
8130934	3.681795
8130939	5.642077
8130952	8.413001
8130962	7.63902
8130976	4.384492
8130980	4.101233
8130982	4.528692
8130988	8.10659
8130993	5.637192
8130997	4.54175
8131000	6.856149
8131013	9.327361
8131042	6.247054
8131044	7.738479
8131056	6.638165
8131067	6.015585
8131069	5.030498
8131087	7.118009
8131091	6.337958
8131096	4.619959
8131098	5.849323
8131101	6.161084
8131111	8.816329
8131135	7.033534
8131140	5.871006
8131143	5.943552
8131155	6.77264
8131179	6.856886
8131195	5.935765
8131203	3.42841
8131205	5.779861
8131253	7.155473
8131263	6.177614
8131265	6.329219
8131286	7.111231
8131292	7.01484
8131296	6.496981
8131301	2.821972
8131303	7.892001
8131324	4.772386
8131326	4.918555
8131335	2.918953
8131337	4.940441
8131339	6.670351
8131349	4.702607
8131356	8.148806
8131374	7.614392
8131379	6.526659
8131381	3.356087
8131385	4.272278
8131387	6.984482
8131406	8.352255
8131412	4.705514
8131414	8.254111
8131427	7.260341
8131438	6.854808
8131441	4.981916
8131444	6.289138
8131452	3.486171
8131475	6.56118
8131479	9.155757
8131494	4.715744
8131496	7.503036
8131506	4.954614
8131512	7.000294
8131515	3.351098
8131519	7.886388
8131539	8.75806
8131550	9.137953
8131573	6.207736
8131581	3.313982
8131583	7.694579
8131600	11.06876
8131612	4.166737
8131614	9.528373
8131631	4.9211
8131661	10.55912
8131666	8.488936
8131682	2.388929
8131703	2.63013
8131705	5.117883
8131707	3.558203
8131709	7.534591
8131719	3.670968
8131801	3.248841
8131803	3.415331
8131811	9.747598
8131813	7.019878
8131815	7.655486
8131831	7.23691
8131844	9.864897
8131860	7.056744
8131869	7.640388
8131871	6.801372
8131881	6.197474
8131890	3.213136
8131917	6.140064
8131919	4.678593
8131925	2.541314
8131927	6.938113
8131942	4.88566
8131944	5.674162
8131949	7.920867
8131957	7.133436
8131965	6.073968
8131967	4.928641
8131970	6.672908
8131975	10.20547
8131996	4.892306
8132013	5.231714
8132031	8.069654
8132034	3.76747
8132036	5.010452
8132043	3.197289
8132045	7.603872
8132055	8.038557
8132062	8.926216
8132070	8.430822
8132092	5.271935
8132097	5.359321
8132118	4.656914
8132130	4.540948
8132151	3.923611
8132167	3.677264
8132182	4.48217
8132188	7.751247
8132209	6.966485
8132212	2.274839
8132214	6.943995
8132218	7.331577
8132245	3.743019
8132248	5.969504
8132250	4.544635
8132270	4.120021
8132286	3.137321
8132288	2.274839
8132290	6.173438
8132292	7.779065
8132302	4.774093
8132305	6.205386
8132318	3.250393
8132343	2.912247
8132345	2.199576
8132347	5.147485
8132349	2.874622
8132369	4.647365
8132376	7.014303
8132387	4.69252
8132399	7.037981
8132404	3.547036
8132406	7.749939
8132413	2.785054
8132415	2.47755
8132417	8.486269
8132439	4.087734
8132458	6.97491
8132463	3.058394
8132465	3.589295
8132493	3.610256
8132503	6.88994
8132513	4.5172
8132515	7.430977
8132523	7.631866
8132531	6.285378
8132539	9.084685
8132557	5.847711
8132580	8.998841
8132589	10.51407
8132592	8.680615
8132617	7.055193
8132642	7.629364
8132646	6.763275
8132660	5.947979
8132667	4.89373
8132690	5.638877
8132692	4.073122
8132694	6.053708
8132705	3.681008
8132707	4.171845
8132710	4.122282
8132715	4.098796
8132725	5.476993
8132743	5.192263
8132803	3.772218
8132805	6.282451
8132811	2.560176
8132813	2.925348
8132819	5.25685
8132830	5.365612
8132832	4.987066
8132838	4.738586
8132840	5.09364
8132843	6.656954
8132845	3.622962
8132849	5.684134
8132851	4.423125
8132856	1.920119
8132858	4.977878
8132860	7.805494
8132897	8.53915
8132909	4.428878
8132911	3.404228
8132913	3.935628
8132915	3.231085
8132917	5.278231
8132922	6.702191
8132929	8.629959
8132943	9.141518
8132960	5.017207
8132962	5.883781
8132964	9.652906
8132978	7.953036
8132980	6.127342
8132984	2.698142
8132986	2.172099
8132988	1.986628
8132990	2.160818
8132992	5.98736
8132994	2.343888
8132996	2.751706
8132998	6.418458
8133000	2.097346
8133002	1.960589
8133004	2.904742
8133006	2.183113
8133008	1.991608
8133010	1.905778
8133012	6.957305
8133014	2.862326
8133016	2.652414
8133018	4.208234
8133021	4.361734
8133023	3.107175
8133027	8.273886
8133030	8.175464
8133032	3.310277
8133034	4.235129
8133036	3.095405
8133038	6.405707
8133040	2.079588
8133042	3.074495
8133049	6.917892
8133057	6.344082
8133062	6.119293
8133070	8.909608
8133072	5.796159
8133074	8.051097
8133085	2.632112
8133089	5.164524
8133095	8.255252
8133106	8.797141
8133108	5.796159
8133110	5.155179
8133112	5.197051
8133114	7.676563
8133119	5.476067
8133122	6.959992
8133145	8.487568
8133155	6.772886
8133163	4.074869
8133165	4.413319
8133167	5.940342
8133176	8.163275
8133187	2.263506
8133189	3.556945
8133192	9.359653
8133200	4.629323
8133202	6.403843
8133209	6.080913
8133215	6.33328
8133219	7.900503
8133221	6.054302
8133223	3.462424
8133225	2.236853
8133227	1.981669
8133229	2.616998
8133231	2.529719
8133233	7.269353
8133258	4.627259
8133273	7.007247
8133275	7.746262
8133293	4.195128
8133300	10.7176
8133309	9.589203
8133314	6.758252
8133326	6.729252
8133331	7.249544
8133335	6.141289
8133339	6.778526
8133345	8.75049
8133360	9.49669
8133366	4.881401
8133372	6.310206
8133413	6.955882
8133434	9.438072
8133442	6.31038
8133459	5.504599
8133477	7.201936
8133500	4.607498
8133504	9.779552
8133518	6.508353
8133531	10.02771
8133540	7.101067
8133549	8.737153
8133571	6.551908
8133582	6.43946
8133590	6.4551
8133600	6.489047
8133610	9.132452
8133623	5.215226
8133625	5.446233
8133633	7.627506
8133654	6.55479
8133662	9.850148
8133670	9.522533
8133688	6.005397
8133690	10.75106
8133702	2.430356
8133704	5.81406
8133721	12.1796
8133728	4.374123
8133736	6.610252
8133741	8.252581
8133750	2.539519
8133752	7.696503
8133754	10.62596
8133770	7.614395
8133788	7.841669
8133809	8.069827
8133818	6.27811
8133847	3.132346
8133854	2.052205
8133856	3.876516
8133858	2.823067
8133860	4.867378
8133872	3.985489
8133874	7.127299
8133876	3.840597
8133896	11.91336
8133898	2.267946
8133900	3.646224
8133902	8.272763
8133904	3.771062
8133914	8.256996
8133938	9.582302
8133959	3.120872
8133961	3.171417
8133976	3.220374
8133983	4.754696
8134018	3.409561
8134024	4.055138
8134026	4.315096
8134030	5.57511
8134036	9.384439
8134051	5.758593
8134077	2.715088
8134079	8.01892
8134091	8.863325
8134098	7.239121
8134117	6.688007
8134122	7.80949
8134180	8.587835
8134201	7.72414
8134211	7.214843
8134219	6.284984
8134252	2.34215
8134257	2.676716
8134263	5.390961
8134318	8.852999
8134339	5.394952
8134345	2.398142
8134347	2.890921
8134349	4.999148
8134351	7.517374
8134372	4.320957
8134374	7.456055
8134376	3.416667
8134384	3.819575
8134403	3.772031
8134405	2.661376
8134407	6.259842
8134415	4.931169
8134420	3.172969
8134429	6.991139
8134433	3.912081
8134435	7.236341
8134452	6.458898
8134454	8.361639
8134460	5.029039
8134463	5.760187
8134470	7.913741
8134550	4.902978
8134552	9.139127
8134564	4.289244
8134581	10.18579
8134589	6.985858
8134599	7.695142
8134613	5.540196
8134621	6.390876
8134631	7.373504
8134644	7.419061
8134655	2.839639
8134676	2.424253
8134678	2.664871
8134680	9.025855
8134689	6.668122
8134699	10.042
8134712	6.785311
8134730	4.369553
8134737	5.541809
8134740	7.241377
8134745	5.480951
8134777	6.037621
8134785	2.843554
8134789	8.137026
8134814	6.317513
8134821	8.346052
8134827	6.01045
8134834	6.438807
8134856	5.04638
8134869	5.326214
8134880	7.755936
8134890	8.492243
8134904	7.089914
8134907	5.675731
8134915	4.994825
8134965	7.415512
8134981	7.855478
8134992	7.660741
8135015	5.779359
8135031	5.302963
8135033	5.907312
8135037	4.033837
8135048	3.747999
8135064	8.184619
8135069	5.42185
8135080	7.323249
8135089	5.639521
8135099	5.738048
8135114	7.742153
8135149	5.92107
8135160	2.539519
8135162	6.736884
8135172	5.445172
8135181	6.254796
8135197	6.113214
8135204	6.03864
8135211	7.358495
8135214	2.902483
8135216	3.890722
8135218	3.900036
8135224	4.185373
8135229	7.711689
8135235	8.491131
8135250	9.288738
8135262	4.27381
8135268	9.506416
8135271	4.577199
8135273	6.364912
8135275	5.481261
8135277	9.726634
8135319	6.828153
8135321	3.102987
8135323	6.757988
8135341	4.025807
8135361	2.791743
8135363	5.779294
8135378	8.306501
8135392	8.889953
8135405	2.73658
8135410	6.206048
8135422	7.13556
8135436	7.145321
8135458	6.722129
8135464	9.912579
8135480	5.978524
8135486	2.38267
8135488	3.891938
8135497	7.307726
8135512	5.897542
8135514	7.550918
8135532	4.779563
8135542	4.353752
8135544	4.260541
8135568	7.807008
8135576	10.05496
8135585	6.213164
8135587	9.0501
8135594	7.213414
8135601	7.969479
8135625	9.43359
8135638	6.735623
8135661	8.428245
8135688	7.809415
8135697	2.342036
8135705	3.975827
8135716	2.071154
8135718	7.723309
8135734	6.341962
8135763	4.851336
8135772	3.362846
8135774	6.981187
8135804	3.171869
8135821	4.543801
8135827	2.960385
8135835	3.04472
8135847	3.148789
8135849	3.70243
8135856	7.658461
8135865	4.0386
8135874	2.379999
8135876	9.878292
8135902	6.37017
8135907	4.660077
8135909	5.245773
8135915	6.820043
8135922	6.513573
8135929	5.648917
8135931	7.297575
8135933	6.180281
8135943	5.844556
8135945	4.077365
8135955	8.444288
8135967	6.278065
8135969	5.069435
8135990	5.549406
8136039	8.303165
8136045	6.136122
8136059	4.122764
8136061	5.930346
8136063	2.553094
8136065	6.164491
8136067	5.697347
8136078	2.997931
8136080	6.038792
8136095	8.730087
8136115	4.485518
8136138	2.825972
8136140	6.931255
8136159	4.472823
8136161	4.490367
8136163	8.618674
8136177	6.745539
8136179	4.563518
8136181	3.366411
8136187	2.935476
8136200	4.230269
8136213	3.327262
8136215	3.864905
8136217	3.505278
8136235	5.369649
8136248	6.532855
8136259	9.142573
8136281	3.636328
8136289	5.636125
8136291	2.438926
8136293	9.3126
8136315	4.473169
8136336	3.284987
8136341	7.693646
8136347	3.654587
8136370	3.363359
8136388	6.487199
8136391	3.556949
8136401	8.247081
8136446	2.726378
8136448	4.146697
8136457	2.541371
8136459	3.481044
8136469	3.772043
8136471	7.172574
8136473	7.544756
8136495	5.738601
8136516	7.467257
8136535	6.606724
8136539	9.509233
8136557	6.282648
8136576	5.231972
8136578	2.474955
8136580	6.551866
8136587	2.26813
8136589	5.438415
8136591	7.038585
8136602	7.995821
8136610	2.620572
8136614	7.162055
8136631	8.481879
8136641	5.996921
8136645	6.233523
8136647	5.916935
8136652	4.212936
8136654	5.88014
8136656	3.282605
8136658	5.671563
8136660	2.714718
8136662	5.297054
8136709	4.202924
8136727	5.308715
8136786	2.128776
8136788	3.042678
8136790	3.783774
8136795	3.42051
8136801	5.755461
8136807	6.450943
8136811	6.364661
8136832	5.074062
8136837	4.381055
8136839	6.456278
8136844	3.43261
8136846	3.443911
8136849	9.496802
8136863	6.317058
8136869	8.147756
8136889	6.645036
8136891	2.817734
8136893	5.167684
8136918	7.989024
8136930	3.99986
8136932	3.046811
8136934	4.526248
8136936	6.641632
8136938	4.857214
8136940	7.095954
8136954	7.162773
8136961	2.871717
8136963	3.654465
8136965	4.01094
8136967	3.350921
8136969	3.321739
8136971	3.702732
8136973	4.422324
8136975	4.009122
8136977	4.288525
8136979	4.961188
8136981	2.449676
8136983	7.940514
8136985	5.819372
8136987	7.275723
8137006	2.457392
8137008	9.593114
8137010	3.46246
8137042	2.503895
8137044	4.560326
8137046	4.595694
8137048	3.108845
8137050	3.813623
8137054	8.443233
8137081	5.609258
8137089	2.11268
8137091	7.202614
8137101	6.800632
8137112	7.654883
8137118	6.019528
8137131	4.624281
8137133	6.344594
8137151	6.402778
8137183	5.837328
8137202	7.182082
8137208	6.77558
8137215	6.612294
8137219	5.455134
8137223	2.319257
8137225	7.51937
8137228	6.877689
8137232	4.608938
8137240	4.638021
8137244	5.103872
8137250	6.211661
8137252	4.834686
8137257	5.936846
8137264	8.430034
8137271	6.758229
8137280	5.493462
8137310	5.924464
8137330	7.378769
8137332	5.811741
8137334	5.584486
8137336	5.348381
8137352	6.946903
8137381	7.012033
8137404	7.475648
8137414	8.988717
8137433	2.830018
8137437	2.538944
8137448	8.09112
8137464	6.188704
8137466	2.797767
8137468	5.8503
8137470	4.24654
8137472	3.618774
8137474	6.280045
8137483	6.333899
8137485	4.156773
8137517	5.034758
8137524	5.124964
8137526	7.618083
8137537	5.084798
8137542	7.305682
8137558	7.110564
8137566	5.277254
8137582	3.115223
8137584	7.052287
8137596	8.137899
8137627	8.206194
8137635	5.264689
8137637	5.459284
8137639	6.985947
8137666	7.115098
8137668	6.309451
8137670	6.262729
8137675	6.058339
8137680	6.180706
8137693	6.129444
8137700	7.705521
8137707	7.255279
8137709	7.513556
8137715	6.449367
8137739	7.137425
8137781	5.163583
8137783	7.777172
8137798	6.80039
8137802	5.671904
8137805	6.743594
8137826	7.667066
8137833	7.029828
8137847	7.047507
8137863	5.021529
8137865	7.697968
8137874	6.479878
8137900	3.41015
8137903	3.41015
8137906	4.884908
8137925	3.003571
8137927	3.087585
8137931	5.0531
8137942	7.35751
8137953	7.59063
8137959	6.904431
8137962	6.852843
8137964	6.220968
8137979	12.23492
8137986	7.163662
8138009	3.781196
8138030	8.204286
8138043	2.95894
8138045	9.532973
8138065	5.54745
8138067	7.27942
8138084	5.12753
8138086	3.533739
8138088	7.434057
8138091	7.552738
8138108	10.99635
8138116	7.699546
8138128	8.545711
8138145	8.305859
8138147	8.787099
8138151	7.913563
8138155	6.112451
8138157	5.380216
8138189	6.21752
8138202	8.32091
8138224	9.151272
8138231	4.480428
8138258	4.359888
8138277	4.650529
8138287	3.494798
8138289	3.307814
8138308	1.883398
8138310	2.825932
8138337	2.714038
8138353	4.983677
8138361	9.000356
8138363	3.620316
8138370	7.997499
8138381	11.19588
8138392	7.530363
8138401	8.57023
8138435	4.473669
8138440	2.80784
8138442	6.106149
8138450	5.813006
8138454	6.453565
8138459	3.454647
8138466	10.03932
8138474	5.098999
8138483	2.299481
8138485	5.817164
8138487	7.860367
8138489	7.407433
8138504	7.276145
8138527	4.294636
8138531	13.86644
8138542	3.004406
8138545	7.79276
8138547	7.211631
8138553	5.077503
8138566	2.908852
8138581	9.767572
8138592	9.623971
8138596	7.347327
8138598	2.430952
8138600	2.516031
8138602	4.362254
8138613	6.665869
8138640	7.794682
8138647	4.968565
8138662	2.792321
8138668	2.948474
8138670	10.92184
8138686	4.164095
8138689	8.838393
8138706	2.768748
8138708	4.747802
8138718	6.337377
8138721	5.975558
8138728	5.211977
8138735	8.272038
8138741	7.43057
8138745	6.617859
8138749	8.47047
8138757	6.444968
8138765	7.199527
8138770	8.039104
8138773	9.637443
8138776	9.678623
8138789	5.580657
8138795	2.72475
8138797	4.087719
8138799	5.270372
8138805	6.198116
8138822	5.78975
8138824	9.537067
8138834	6.706456
8138842	6.010561
8138857	7.930982
8138862	7.894164
8138865	4.443214
8138882	4.369998
8138888	3.456824
8138912	6.107154
8138920	5.664877
8138922	7.270159
8138930	5.412317
8138939	4.272367
8138941	5.873034
8138948	4.327717
8138950	5.736481
8138956	2.413572
8138958	3.477996
8138977	5.30885
8138988	3.611184
8138995	4.690997
8138997	5.221328
8139003	8.016929
8139015	5.621873
8139019	3.656244
8139021	5.333875
8139031	4.977554
8139033	6.923554
8139055	5.099482
8139057	5.457575
8139083	5.396803
8139085	5.06043
8139087	3.007878
8139100	3.196302
8139107	3.824141
8139113	4.203825
8139118	4.594411
8139121	4.770913
8139125	4.059746
8139128	3.951147
8139131	3.92594
8139158	5.253373
8139160	5.646648
8139163	3.130679
8139165	8.821297
8139196	2.088219
8139198	7.220309
8139201	7.333326
8139203	7.654363
8139207	5.262551
8139212	4.168974
8139228	6.409171
8139232	6.852138
8139242	3.61916
8139244	8.760981
8139250	6.705148
8139256	6.840487
8139264	9.55625
8139270	5.746793
8139276	6.145879
8139281	6.782023
8139299	7.340138
8139307	4.594027
8139314	4.851343
8139330	4.129945
8139356	7.783357
8139365	1.893836
8139367	4.565527
8139392	8.318392
8139411	9.543732
8139421	8.967875
8139430	8.505946
8139433	5.562082
8139456	6.662871
8139458	5.507324
8139460	5.313985
8139468	7.019896
8139482	6.810322
8139484	7.669889
8139486	5.595934
8139488	9.201125
8139500	6.247755
8139534	4.341811
8139592	7.742334
8139606	3.564227
8139622	2.938482
8139632	6.011472
8139640	4.764149
8139656	5.911446
8139678	3.374442
8139680	5.623221
8139695	3.102497
8139697	4.020455
8139699	3.487969
8139706	7.953377
8139712	8.055332
8139721	3.288173
8139723	6.169919
8139727	3.370181
8139737	6.686671
8139746	3.800622
8139758	8.716918
8139763	6.731203
8139765	3.17769
8139767	3.680976
8139769	6.274675
8139772	4.015554
8139776	2.089254
8139778	4.622981
8139780	5.945516
8139782	1.981629
8139784	2.276307
8139786	2.723876
8139788	2.613817
8139790	3.261244
8139792	2.208719
8139794	2.555856
8139796	4.864628
8139798	2.026022
8139800	2.922061
8139804	4.361734
8139806	2.079145
8139808	2.118311
8139810	2.839732
8139812	2.288224
8139814	2.354214
8139816	5.454432
8139818	2.205621
8139820	5.957954
8139826	5.182217
8139828	5.922067
8139832	7.832462
8139840	9.465734
8139843	2.45469
8139845	4.558282
8139857	3.041508
8139859	9.089842
8139873	5.979724
8139879	8.902797
8139881	4.151639
8139883	6.181486
8139885	5.23585
8139887	6.309594
8139889	7.796318
8139891	8.494644
8139896	10.22912
8139901	2.539519
8139903	3.041564
8139905	2.788931
8139907	5.894486
8139909	4.024473
8139911	2.755605
8139913	2.260535
8139915	3.706368
8139917	4.626653
8139919	4.502049
8139921	4.020858
8139933	2.147326
8139935	6.228274
8139941	4.083464
8139943	6.093986
8139947	7.739288
8139966	5.376848
8139975	5.215226
8139977	9.106953
8139996	6.461952
8140009	6.489047
8140020	7.317463
8140028	4.672408
8140033	4.791135
8140035	5.486674
8140037	8.645438
8140061	7.916826
8140070	6.912421
8140085	4.400532
8140107	7.094848
8140113	5.970342
8140127	3.654827
8140129	7.384435
8140140	9.097878
8140144	6.676487
8140151	7.210033
8140166	4.367001
8140170	8.773673
8140196	9.151264
8140211	6.602047
8140220	8.814186
8140227	6.757951
8140239	10.73545
8140249	7.101067
8140258	10.54206
8140269	10.8119
8140280	10.81651
8140291	4.426291
8140297	7.509483
8140311	7.93601
8140317	3.711326
8140319	5.568398
8140356	7.12535
8140358	4.045308
8140367	5.098307
8140371	7.038891
8140386	6.994019
8140398	7.482127
8140403	5.514799
8140420	6.399046
8140424	6.734942
8140433	6.33795
8140443	6.689454
8140445	6.474571
8140454	6.377608
8140461	7.383099
8140463	7.610539
8140468	7.898225
8140478	8.752633
8140498	2.341587
8140500	6.025826
8140504	4.33461
8140530	2.208471
8140532	2.246911
8140534	9.088367
8140554	3.894693
8140556	3.456761
8140579	4.374476
8140620	5.914227
8140650	6.161969
8140668	3.794643
8140686	3.346101
8140707	5.302639
8140709	8.213045
8140730	8.363914
8140737	6.993863
8140739	5.408339
8140752	4.001497
8140782	4.456944
8140814	8.0173
8140828	10.18056
8140840	10.5082
8140850	5.470453
8140852	4.260298
8140855	2.226064
8140857	2.422335
8140859	6.518771
8140864	7.967969
8140869	2.751146
8140878	8.200032
8140907	3.5459
8140909	3.2442
8140915	8.142781
8140942	7.858228
8140955	8.253084
8140967	6.98609
8140971	6.814573
8140984	2.805191
8140995	2.840633
8141016	5.579203
8141024	7.29711
8141035	6.143201
8141050	10.79604
8141052	2.62455
8141066	2.946693
8141076	8.470678
8141094	7.91458
8141107	7.998452
8141127	2.785383
8141133	8.928153
8141138	2.969008
8141140	4.895241
8141146	2.930855
8141148	2.819252
8141150	6.786286
8141166	9.138452
8141169	7.36787
8141173	4.299211
8141180	6.482518
8141206	9.031395
8141222	11.58322
8141228	5.196659
8141239	3.088895
8141241	8.463108
8141263	5.315518
8141273	7.671125
8141281	3.774074
8141283	5.830607
8141295	9.029598
8141303	5.352704
8141305	7.564416
8141311	5.284867
8141317	3.06942
8141328	9.122761
8141342	3.562708
8141358	4.902554
8141361	5.442659
8141363	7.251057
8141371	5.688828
8141374	10.30624
8141380	7.098851
8141395	7.636773
8141419	6.254557
8141421	4.977261
8141423	5.104962
8141425	6.745311
8141445	7.175406
8141459	5.68022
8141463	4.871446
8141466	5.670022
8141477	6.222247
8141490	8.691542
8141498	5.694422
8141517	6.905408
8141522	5.917221
8141526	6.398981
8141533	3.994213
8141535	7.065509
8141560	4.540225
8141580	5.01442
8141595	6.594191
8141625	6.360075
8141643	6.724485
8141648	6.267287
8141659	5.833535
8141661	5.264724
8141664	5.789721
8141669	4.089569
8141676	5.112451
8141688	6.670012
8141708	6.214706
8141717	7.22857
8141726	2.32896
8141728	8.165457
8141737	4.317446
8141746	3.330652
8141748	5.209388
8141750	6.016901
8141757	6.079285
8141762	6.706139
8141765	7.053905
8141768	6.124085
8141791	9.417295
8141795	9.708578
8141803	5.952599
8141829	9.437624
8141843	4.302855
8141846	3.620998
8141872	7.552332
8141882	4.147602
8141896	4.882143
8141898	6.990535
8141922	6.252315
8141946	2.361453
8141950	3.531378
8142019	7.618026
8142036	8.20654
8142059	6.02561
8142061	6.197708
8142079	2.787954
8142084	7.571586
8142087	6.338079
8142096	7.769407
8142098	7.015631
8142100	7.218377
8142102	6.972995
8142104	7.20314
8142110	11.24892
8142120	11.06133
8142136	7.790628
8142143	9.853477
8142169	3.366313
8142171	3.094328
8142194	4.453823
8142230	3.336467
8142232	3.127887
8142270	2.858553
8142307	7.296787
8142324	5.993811
8142329	3.65139
8142332	5.403692
8142343	6.219851
8142345	7.097124
8142401	3.350203
8142403	2.333501
8142405	7.255809
8142407	9.125755
8142415	8.1322
8142424	2.890107
8142431	6.762291
8142435	2.657191
8142444	2.417271
8142446	4.272652
8142448	3.125921
8142450	2.672313
8142452	5.364556
8142464	4.186852
8142466	3.668328
8142468	10.46888
8142471	3.628662
8142480	2.766954
8142497	5.095128
8142522	3.237766
8142524	10.90127
8142534	2.130275
8142536	2.590137
8142538	3.069893
8142540	10.00605
8142554	8.140956
8142580	4.711676
8142585	8.088287
8142618	3.65131
8142622	4.955415
8142624	2.675254
8142628	2.756442
8142646	2.959521
8142661	2.779708
8142663	9.009555
8142671	8.655707
8142685	3.697219
8142687	4.491378
8142692	3.541009
8142697	7.013535
8142718	3.797204
8142730	7.299499
8142740	7.193435
8142747	5.473826
8142763	4.041015
8142765	5.086032
8142770	6.633606
8142774	7.325983
8142795	6.994356
8142814	3.330256
8142821	6.508429
8142830	6.606494
8142852	9.00915
8142878	7.672393
8142880	3.598883
8142882	3.372713
8142884	3.934909
8142886	9.811598
8142897	2.472047
8142899	5.908153
8142912	8.088098
8142930	5.166768
8142945	5.991232
8142971	5.981289
8142975	2.878944
8142977	1.955878
8142979	6.431538
8142981	7.537084
8142993	5.987658
8142997	5.083399
8143028	6.983737
8143035	10.56678
8143038	8.017565
8143040	5.284538
8143054	6.39492
8143065	8.242111
8143070	6.903458
8143088	7.243607
8143108	2.801984
8143110	4.965044
8143127	4.011849
8143132	9.969598
8143142	2.207817
8143144	4.728507
8143154	4.512133
8143188	8.580316
8143205	2.828356
8143207	2.359463
8143209	4.624126
8143221	5.397529
8143247	6.255064
8143268	3.639833
8143270	6.070185
8143279	8.555609
8143294	2.71753
8143296	5.632302
8143307	8.051798
8143327	7.923881
8143341	8.216537
8143363	4.098496
8143365	4.076476
8143367	8.934402
8143383	4.758033
8143385	7.068564
8143387	10.92104
8143397	5.494
8143417	8.685333
8143433	5.769122
8143437	3.618774
8143441	8.086262
8143448	5.609313
8143457	2.354214
8143459	3.784058
8143461	3.153312
8143463	4.102911
8143471	5.539706
8143482	4.311493
8143486	3.021011
8143494	2.8658
8143499	6.667362
8143518	4.887584
8143534	4.41426
8143555	3.122338
8143557	3.811303
8143562	2.822183
8143564	5.261945
8143575	6.808252
8143594	6.308259
8143597	4.213997
8143599	4.857214
8143601	5.702055
8143605	6.081633
8143610	7.114537
8143627	5.2426
8143629	7.911433
8143633	7.101584
8143635	4.809595
8143643	5.135056
8143657	3.392628
8143659	3.980387
8143661	5.158612
8143663	6.185984
8143684	9.70178
8143697	5.719529
8143702	6.056626
8143708	7.145952
8143710	3.860929
8143712	2.967905
8143714	5.836075
8143725	7.252956
8143733	7.64801
8143747	2.332167
8143749	5.354745
8143759	5.881643
8143766	8.065761
8143772	6.197053
8143781	4.536648
8143788	5.76163
8143790	8.714678
8143803	5.762192
8143825	5.910842
8143850	6.769289
8143863	8.451067
8143879	7.275045
8143885	4.527802
8143887	5.218424
8143894	2.845124
8143899	4.400562
8143905	7.041642
8143919	5.467615
8143937	4.960033
8143939	5.603081
8143941	5.791173
8143949	6.085558
8143955	5.700775
8143957	8.25776
8143961	6.87846
8143984	5.556581
8143986	3.292761
8143988	8.776106
8144036	3.74286
8144042	5.12894
8144044	4.415296
8144047	6.826579
8144072	4.50645
8144078	5.880239
8144082	7.149346
8144089	8.947686
8144112	6.358967
8144117	2.095235
8144119	6.552429
8144121	6.632811
8144149	3.634908
8144151	2.976309
8144153	6.40791
8144184	8.217779
8144213	4.378422
8144226	3.001838
8144228	6.723271
8144230	4.384627
8144239	9.206375
8144253	4.473572
8144267	7.173933
8144279	7.060411
8144281	5.579653
8144315	5.351354
8144317	5.596149
8144322	3.916909
8144361	6.745049
8144378	6.707525
8144388	4.979217
8144392	3.325356
8144395	4.931704
8144397	5.060876
8144399	2.734157
8144401	3.812325
8144405	2.548313
8144410	8.24751
8144412	8.218519
8144414	8.218519
8144416	8.278185
8144418	8.278185
8144420	8.291752
8144422	6.404424
8144424	5.250106
8144428	5.18714
8144432	5.18714
8144436	5.18714
8144440	5.250106
8144444	5.18714
8144448	4.959015
8144452	2.253809
8144457	3.526088
8144460	3.339271
8144473	3.887875
8144481	4.298892
8144488	8.713811
8144490	8.278185
8144492	8.278185
8144494	8.291752
8144496	6.652514
8144498	5.423811
8144503	4.217926
8144505	6.83686
8144512	2.607241
8144514	4.011713
8144516	6.632607
8144526	4.363025
8144528	8.02946
8144557	6.979123
8144569	4.232373
8144571	2.836024
8144577	5.361645
8144582	2.557634
8144584	3.884164
8144586	7.297369
8144600	3.985119
8144604	6.408104
8144619	6.362527
8144621	4.605948
8144625	4.499061
8144639	4.312346
8144643	5.6679
8144656	4.874896
8144658	7.161773
8144667	4.755179
8144669	10.11282
8144683	4.502428
8144685	6.784255
8144687	2.207371
8144691	3.03205
8144699	7.229012
8144701	4.854198
8144703	6.233355
8144705	4.673784
8144712	3.837948
8144717	6.102753
8144719	2.038338
8144721	3.993826
8144724	2.287554
8144726	8.200119
8144740	3.786976
8144742	4.58863
8144758	9.023892
8144774	7.450503
8144786	8.531363
8144802	5.212932
8144810	4.479603
8144812	8.673336
8144857	4.635198
8144864	2.542514
8144866	2.844148
8144874	3.41899
8144878	3.923428
8144880	9.24353
8144894	8.265743
8144915	4.378328
8144917	5.259686
8144931	10.19663
8144949	3.892542
8144951	7.92861
8144953	8.312217
8144982	5.77086
8144993	4.291922
8144995	5.758762
8145005	6.315215
8145027	7.10735
8145047	6.566273
8145055	5.826814
8145083	4.519996
8145085	6.605639
8145097	3.525366
8145122	5.739376
8145134	3.418805
8145136	7.634944
8145151	6.356127
8145175	6.481922
8145193	6.499457
8145201	8.064825
8145225	3.276455
8145227	5.739289
8145244	6.041789
8145259	7.789179
8145272	6.641713
8145281	8.568069
8145291	8.077868
8145293	8.01823
8145317	5.364276
8145334	3.011307
8145361	4.113486
8145365	8.191159
8145418	4.005964
8145438	3.766455
8145440	8.093819
8145454	9.814361
8145470	5.969936
8145490	6.989411
8145529	6.232602
8145532	6.350353
8145555	6.86882
8145566	2.993487
8145568	5.626276
8145570	2.814744
8145586	9.357655
8145603	5.151413
8145609	2.920984
8145611	7.488854
8145622	5.558693
8145624	7.013503
8145634	2.050009
8145636	7.426763
8145652	7.990198
8145660	6.838995
8145669	8.067965
8145685	6.943995
8145687	2.543381
8145691	5.864214
8145702	6.920316
8145736	3.803321
8145766	3.915058
8145768	3.640738
8145770	3.169055
8145772	2.641816
8145774	2.173564
8145776	4.376493
8145778	2.802224
8145780	3.053044
8145782	6.776574
8145793	8.578102
8145795	4.352892
8145799	5.337791
8145818	3.345845
8145820	2.139849
8145822	3.938421
8145824	2.76532
8145827	4.020456
8145829	7.040625
8145835	7.894898
8145854	8.609225
8145865	5.270125
8145887	5.06602
8145889	6.992678
8145894	9.845183
8145912	2.375423
8145914	7.324319
8145922	8.115491
8145942	4.09983
8145954	8.299129
8145977	8.654203
8145989	6.82584
8146000	10.4134
8146024	3.873549
8146051	2.733207
8146069	2.868503
8146092	4.429444
8146105	3.41376
8146115	7.751999
8146118	3.956938
8146120	2.852722
8146122	8.835009
8146130	4.208245
8146142	9.137439
8146157	1.817953
8146159	7.145883
8146171	8.989116
8146198	8.078064
8146216	10.3068
8146225	7.986916
8146230	3.054614
8146239	5.334647
8146241	2.513205
8146243	8.773757
8146268	8.321851
8146278	9.455608
8146285	9.24093
8146305	6.114518
8146307	2.640394
8146322	2.666532
8146324	2.350212
8146328	5.187321
8146330	3.522749
8146332	2.246399
8146334	4.910144
8146336	8.892076
8146353	2.560651
8146357	6.847673
8146377	3.04409
8146379	7.915358
8146388	4.683847
8146391	4.175804
8146393	3.043709
8146401	3.723615
8146403	3.738821
8146423	3.831836
8146425	3.89493
8146427	4.234439
8146429	4.203765
8146435	4.057476
8146448	7.40184
8146456	4.581545
8146458	2.880255
8146460	3.691787
8146462	6.038621
8146468	2.61414
8146475	5.284124
8146482	7.277336
8146500	8.732765
8146517	6.700469
8146525	2.869305
8146527	2.855116
8146533	5.873837
8146544	7.626755
8146550	10.52872
8146559	5.632475
8146564	10.00444
8146579	7.50049
8146618	3.975791
8146625	3.289834
8146633	4.443074
8146635	2.142202
8146637	9.401211
8146643	5.517701
8146645	4.608474
8146647	3.487597
8146649	7.624716
8146660	3.180069
8146669	4.40422
8146685	6.215105
8146687	7.323203
8146703	5.224707
8146709	2.096884
8146711	6.371021
8146717	7.368489
8146738	4.158247
8146756	6.325335
8146788	6.62202
8146790	7.748082
8146792	5.968442
8146794	3.457817
8146837	2.943773
8146839	3.445182
8146857	3.29435
8146859	6.124368
8146861	5.075145
8146863	3.154017
8146892	3.263834
8146894	2.695542
8146896	3.576344
8146898	4.091956
8146900	3.318178
8146906	4.748381
8146908	4.217135
8146914	7.958823
8146921	9.085752
8146930	6.71532
8146934	4.19857
8146941	5.701117
8146943	3.489644
8146945	6.477579
8146955	8.463836
8146957	7.370085
8146967	5.138993
8146986	6.274023
8147000	4.574745
8147012	5.19771
8147019	7.541521
8147030	3.525206
8147038	2.697608
8147040	7.40681
8147049	7.386399
8147057	7.107038
8147065	2.716053
8147079	5.766664
8147101	6.04854
8147112	7.518456
8147123	5.508283
8147132	5.365101
8147145	3.538413
8147156	9.768189
8147172	9.688901
8147194	2.717207
8147206	7.037668
8147221	6.744038
8147228	8.59768
8147242	2.590774
8147244	2.831641
8147262	7.523056
8147273	3.541228
8147303	8.783076
8147305	4.253427
8147307	5.668337
8147313	5.919429
8147344	8.398306
8147351	10.2167
8147371	5.291559
8147373	6.498561
8147375	7.730987
8147396	7.373281
8147424	5.778704
8147439	8.348736
8147445	2.788515
8147447	9.133691
8147461	6.867011
8147469	7.227735
8147479	4.143189
8147481	7.510739
8147483	9.637315
8147501	3.002582
8147503	10.60476
8147516	5.83428
8147541	3.032497
8147543	5.18705
8147548	5.363288
8147564	3.350541
8147566	4.452765
8147573	5.051303
8147580	7.813846
8147650	4.254894
8147652	1.852751
8147654	8.742639
8147661	6.332222
8147683	5.292403
8147687	3.733058
8147689	4.397368
8147691	3.110203
8147693	5.427506
8147697	8.702953
8147715	3.185904
8147717	3.597048
8147721	4.151225
8147724	8.188389
8147742	2.507741
8147744	3.142028
8147746	3.487409
8147748	2.096393
8147750	2.720767
8147752	2.025531
8147754	1.906799
8147756	5.736917
8147766	8.767136
8147777	4.926119
8147785	7.47695
8147796	3.614193
8147828	2.315614
8147830	3.69204
8147837	4.125768
8147848	8.418704
8147862	3.340996
8147864	7.902161
8147877	3.325381
8147883	7.671814
8147891	3.009102
8147970	7.770961
8147986	2.342229
8147988	3.631527
8147990	6.588217
8147992	3.524616
8147994	6.989528
8148000	5.043559
8148003	3.474449
8148018	4.257237
8148020	4.088377
8148022	5.056386
8148029	4.313994
8148040	11.50645
8148047	2.162242
8148049	5.796881
8148057	12.22703
8148059	10.93672
8148070	4.446064
8148124	4.419578
8148147	3.709353
8148149	7.730174
8148156	2.447806
8148158	5.173364
8148184	5.299999
8148196	6.023446
8148198	6.569057
8148206	2.093071
8148208	9.433929
8148220	5.005438
8148261	2.739249
8148263	6.585757
8148265	7.483747
8148270	8.498085
8148276	5.117251
8148280	8.066795
8148293	7.074303
8148302	5.433244
8148304	6.780653
8148309	2.51836
8148313	3.458694
8148315	6.370504
8148317	5.460821
8148325	5.877117
8148327	4.582852
8148329	6.13679
8148331	2.702092
8148333	9.662338
8148358	7.511052
8148385	4.925423
8148435	4.680598
8148446	1.689481
8148448	8.882244
8148463	4.511196
8148465	4.283708
8148467	7.518596
8148474	4.732458
8148476	7.101028
8148501	6.30953
8148512	5.910739
8148515	3.246293
8148517	5.155191
8148548	8.82778
8148553	5.000287
8148559	6.81662
8148565	3.424454
8148572	9.917921
8148580	4.244907
8148591	5.835917
8148597	5.649042
8148607	6.239968
8148615	6.079539
8148619	4.631926
8148621	6.04816
8148640	6.487423
8148642	7.110847
8148655	6.232292
8148658	7.496296
8148662	6.468337
8148671	4.966205
8148674	6.525032
8148692	5.930346
8148694	7.331056
8148703	6.062232
8148710	6.512558
8148715	8.455925
8148728	9.284981
8148737	7.796733
8148748	5.690396
8148772	6.768336
8148783	7.386833
8148796	5.630511
8148799	6.2985
8148808	6.451072
8148821	5.630511
8148824	7.228579
8148841	7.344718
8148850	6.384452
8148867	6.271324
8148888	6.716116
8148902	5.811804
8148917	7.108412
8148923	6.848935
8148930	6.349889
8148932	5.585709
8148941	6.758356
8148949	6.268026
8148951	5.599642
8148955	8.36517
8148962	5.662159
8148964	7.115098
8148966	4.486383
8148968	4.858392
8148973	6.846902
8148978	4.332728
8148982	5.856344
8148985	7.47028
8148992	4.200176
8149065	3.72331
8149067	3.271307
8149071	4.35566
8149084	3.04311
8149086	4.374492
8149097	4.337636
8149104	4.234437
8149109	3.311871
8149116	4.766572
8149122	5.120868
8149126	4.766572
8149132	5.120868
8149137	4.766572
8149142	4.14542
8149146	5.450059
8149148	6.958938
8149151	8.019573
8149153	8.24543
8149157	8.24543
8149161	8.133931
8149165	8.173445
8149167	8.173445
8149169	4.298892
8149172	3.887875
8149180	3.226956
8149192	3.526088
8149195	2.253809
8149200	4.368314
8149204	5.318642
8149208	7.021789
8149210	8.133931
8149214	8.019573
8149216	8.176768
8149218	8.180697
8149220	8.180697
8149222	8.180697
8149224	8.180697
8149226	8.180697
8149228	8.20636
8149230	2.548313
8149235	3.812325
8149239	2.734157
8149241	5.060876
8149243	4.895528
8149245	3.325356
8149248	7.392838
8149250	6.649714
8149258	6.177289
8149262	2.194105
8149264	6.709495
8149269	3.118515
8149271	4.002261
8149273	4.656791
8149275	3.28706
8149277	3.454803
8149279	3.929839
8149281	3.927981
8149283	5.11485
8149289	5.952597
8149296	5.207504
8149307	5.761646
8149315	7.748231
8149318	2.547668
8149320	4.280714
8149322	1.754689
8149324	4.323195
8149330	11.94957
8149345	7.222112
8149347	2.755819
8149350	3.735033
8149353	2.547805
8149356	4.898033
8149358	4.358661
8149361	4.968891
8149365	7.27007
8149377	2.547805
8149380	3.955575
8149383	4.905046
8149387	6.295706
8149389	7.68098
8149396	3.146511
8149399	7.843801
8149413	3.849867
8149438	3.215245
8149448	5.297204
8149465	5.893002
8149475	9.413651
8149485	3.90325
8149500	8.145116
8149521	2.45629
8149534	12.25366
8149551	7.264571
8149555	7.183107
8149574	5.232934
8149590	5.036884
8149592	4.463519
8149612	5.647194
8149625	2.745775
8149627	2.080986
8149629	4.714508
8149638	5.782786
8149646	5.816987
8149652	6.618192
8149673	7.138896
8149685	5.289929
8149699	4.589185
8149705	7.279763
8149707	7.261874
8149718	6.178073
8149720	5.199375
8149725	4.958428
8149733	7.333504
8149749	7.139529
8149762	6.836544
8149774	5.263046
8149793	9.136992
8149809	5.970055
8149811	6.723045
8149820	5.882256
8149823	2.790787
8149825	3.735429
8149833	5.09622
8149835	4.637923
8149847	6.228761
8149849	5.534239
8149857	7.324304
8149865	3.987673
8149877	4.286736
8149885	3.99067
8149898	4.739624
8149907	6.778329
8149918	5.618713
8149927	10.57485
8149942	7.868783
8149953	3.710968
8149955	2.787421
8149966	5.187346
8149979	4.627635
8149986	7.28972
8150002	4.856806
8150014	7.555818
8150032	4.804173
8150034	5.590239
8150036	9.56646
8150076	7.214532
8150089	11.25802
8150099	3.533303
8150101	4.208312
8150103	7.509569
8150112	11.38365
8150126	8.15561
8150138	3.273263
8150143	3.556139
8150149	4.789233
8150153	3.406415
8150155	2.041697
8150157	2.257774
8150159	2.422997
8150161	2.076783
8150163	3.042152
8150165	7.307065
8150175	7.245576
8150186	6.430045
8150195	4.593966
8150197	4.717511
8150204	5.834279
8150206	8.055452
8150210	2.886559
8150212	2.59971
8150214	5.541073
8150217	6.619293
8150219	6.753217
8150225	8.224404
8150244	5.550158
8150249	4.77394
8150253	5.072476
8150266	7.888208
8150274	4.911712
8150276	8.834305
8150287	9.231635
8150318	5.247061
8150352	3.612826
8150356	7.295346
8150364	7.648914
8150373	3.401924
8150375	2.923524
8150395	2.679535
8150419	3.549784
8150428	4.739211
8150433	6.685448
8150439	4.615521
8150489	6.399751
8150491	8.57607
8150509	11.18593
8150529	5.022137
8150537	7.708975
8150550	2.943153
8150559	6.882138
8150565	8.414001
8150576	3.809144
8150578	5.302101
8150580	3.339456
8150582	2.086984
8150584	2.520555
8150586	3.460735
8150588	2.248034
8150590	4.543368
8150592	7.397638
8150599	8.807267
8150685	3.476823
8150687	2.94288
8150689	10.3189
8150691	2.806888
8150698	4.156143
8150704	4.195786
8150714	10.44123
8150722	2.999411
8150751	5.542789
8150757	8.113523
8150785	4.495257
8150797	8.377292
8150818	9.973235
8150830	8.801422
8150842	4.947476
8150844	5.895846
8150846	7.088615
8150860	5.484169
8150862	4.541064
8150864	5.495914
8150866	4.338064
8150868	3.538291
8150870	7.616187
8150872	10.03746
8150877	7.050233
8150879	4.018018
8150881	6.558682
8150889	5.534238
8150901	4.367667
8150906	6.905994
8150908	8.521634
8150918	3.559689
8150920	2.788459
8150928	7.943106
8150960	6.855839
8150962	3.978254
8150974	1.92911
8150976	2.646274
8150978	4.367666
8150988	8.262741
8151032	5.082428
8151042	4.482581
8151052	3.134713
8151054	4.577189
8151056	5.809685
8151066	7.308269
8151074	7.185269
8151090	3.854597
8151092	3.354598
8151099	3.081748
8151101	3.545409
8151118	8.741721
8151123	3.816087
8151125	7.255209
8151127	2.131083
8151136	7.151346
8151149	9.107008
8151191	9.162402
8151205	3.76446
8151207	7.255209
8151209	6.772845
8151211	7.402498
8151215	2.754611
8151217	2.0371
8151219	3.176112
8151223	4.112251
8151234	4.791399
8151236	3.589178
8151238	4.024878
8151240	4.513983
8151250	3.089309
8151252	4.757411
8151254	9.164623
8151281	10.84023
8151296	5.797276
8151306	4.157634
8151310	3.859349
8151332	2.167902
8151334	4.648648
8151341	3.068168
8151367	2.804019
8151369	5.432279
8151376	10.43579
8151384	7.849822
8151401	8.830479
8151411	8.72473
8151413	6.195696
8151421	2.765769
8151423	6.586741
8151430	2.575607
8151432	3.634919
8151436	7.800971
8151445	2.33573
8151447	5.613032
8151457	5.264521
8151471	5.900964
8151475	8.818416
8151490	2.022654
8151494	4.145107
8151496	8.081964
8151508	3.757921
8151510	5.050373
8151512	7.484488
8151525	2.938156
8151532	3.015938
8151540	7.702129
8151542	2.611717
8151547	4.486442
8151549	8.396272
8151559	6.928571
8151561	9.114906
8151572	6.108002
8151583	2.532839
8151585	1.863548
8151587	5.918795
8151592	3.764739
8151603	6.01682
8151605	5.923079
8151607	6.01682
8151609	5.528594
8151613	5.923079
8151615	5.195391
8151617	5.923079
8151619	6.131249
8151621	5.923079
8151623	6.01682
8151625	5.923079
8151627	5.094975
8151629	5.486336
8151631	5.133195
8151633	4.188574
8151637	2.713759
8151644	7.221874
8151657	2.612574
8151659	3.543686
8151679	4.057167
8151684	2.602497
8151686	3.092012
8151707	2.57957
8151709	6.154368
8151711	8.428478
8151730	5.134666
8151743	4.566046
8151745	3.825533
8151747	7.595423
8151756	7.206796
8151764	4.433895
8151766	3.067408
8151768	4.180172
8151784	6.297249
8151788	8.254327
8151795	3.558539
8151816	5.402477
8151824	4.794081
8151842	7.685286
8151869	4.026762
8151871	3.317896
8151888	2.16522
8151890	8.516522
8151898	4.555261
8151906	4.926796
8151909	6.169799
8151917	5.72868
8151927	3.021935
8151929	4.692592
8151931	8.789646
8151935	11.86464
8151942	6.431427
8151952	9.447458
8151967	7.197004
8151987	3.594501
8151991	4.661904
8151993	9.403529
8151999	2.68337
8152031	3.160172
8152041	9.689326
8152053	7.234718
8152062	6.852423
8152079	12.50651
8152090	2.306219
8152092	2.425877
8152096	11.03495
8152111	7.815021
8152115	4.557835
8152117	4.92696
8152119	7.160943
8152131	2.327204
8152133	7.630351
8152148	8.750019
8152211	5.824159
8152213	2.418424
8152215	7.679467
8152222	10.03286
8152240	4.998899
8152242	2.432285
8152244	2.698083
8152246	1.873472
8152248	2.057839
8152250	1.927045
8152252	4.439039
8152255	8.368958
8152264	4.209284
8152278	2.266641
8152280	5.388118
8152289	2.99332
8152291	4.392487
8152297	3.487226
8152314	4.079527
8152323	9.118572
8152333	10.28285
8152335	4.688017
8152340	7.586144
8152355	8.020907
8152369	5.123933
8152374	2.050531
8152376	3.220715
8152451	2.334385
8152453	8.095504
8152463	4.411686
8152465	9.66235
8152477	9.247389
8152491	6.486953
8152506	8.322842
8152512	4.232951
8152522	5.260001
8152551	3.168867
8152553	7.774993
8152582	3.474799
8152595	3.299588
8152597	3.807217
8152606	6.734627
8152617	5.216856
8152628	8.895239
8152640	2.365259
8152642	5.082331
8152648	7.103537
8152656	7.767082
8152664	5.427323
8152666	5.719371
8152668	6.385297
8152703	7.647319
8152715	4.284702
8152719	3.654866
8152734	2.797907
8152742	3.180094
8152750	6.914999
8152759	6.318649
8152764	6.448532
8152782	7.87515
8152812	7.147817
8152815	4.503657
8152821	3.113236
8152828	4.123377
8152845	7.847409
8152863	6.230012
8152865	6.797017
8152867	6.484541
8152900	4.006361
8152902	4.550224
8152922	2.037477
8152924	5.123998
8152938	4.161885
8152946	5.243372
8152962	5.356625
8152976	7.736675
8152988	6.6433
8153002	10.06858
8153021	7.491055
8153035	2.698015
8153037	3.153646
8153039	4.268116
8153041	4.543888
8153043	5.942535
8153065	2.675584
8153067	2.996636
8153069	2.566701
8153071	3.208073
8153101	6.004358
8153167	4.758782
8153175	7.636135
8153201	7.340323
8153223	9.71774
8153258	6.083938
8153262	6.812587
8153269	5.456803
8153273	4.848573
8153304	6.036391
8153322	6.572608
8153328	7.238477
8153334	7.2136
8153336	6.228488
8153342	7.191871
8153346	6.46315
8153359	6.013483
8153363	5.074397
8153373	4.840239
8153380	6.167358
8153390	7.066794
8153405	5.266577
8153409	6.300294
8153411	6.92826
8153424	6.1333
8153426	6.251978
8153430	7.23105
8153449	10.49645
8153457	5.979511
8153459	5.849396
8153474	9.064487
8153486	5.438683
8153488	7.049397
8153497	6.659366
8153536	8.20027
8153550	6.485478
8153568	8.318263
8153609	6.781712
8153625	5.88772
8153652	7.6815
8153664	6.523829
8153678	6.956816
8153684	8.877562
8153704	5.032112
8153709	5.344368
8153727	7.426702
8153762	6.743873
8153776	8.127569
8153790	5.34888
8153819	7.148266
8153823	6.89683
8153828	5.528981
8153835	5.259538
8153838	5.601893
8153862	6.696187
8153868	6.871809
8153876	5.240144
8153890	6.715258
8153896	5.436191
8153903	12.11288
8153911	6.243863
8153920	6.857574
8153930	5.40396
8153935	6.871737
8153937	6.521753
8153939	8.877562
8153959	8.299117
8154012	8.518064
8154034	4.837829
8154043	4.886923
8154047	3.170429
8154057	2.524091
8154059	8.833223
8154100	6.075799
8154124	4.131303
8154128	2.924476
8154130	4.381056
8154132	4.45709
8154135	6.349838
8154151	7.412879
8154153	7.875815
8154163	6.982684
8154176	2.726347
8154178	7.194427
8154207	5.120357
8154209	4.978582
8154211	3.363306
8154213	2.235902
8154215	2.258975
8154217	3.149237
8154219	2.330013
8154221	2.242435
8154223	1.898023
8154225	5.365982
8154227	6.188762
8154229	3.261645
8154233	4.904242
8154245	4.460014
8154254	7.434802
8154283	3.524547
8154285	3.662799
8154295	2.623678
8154305	10.5232
8154307	3.30218
8154316	7.848858
8154333	8.374735
8154357	8.239899
8154359	8.390807
8154363	7.347017
8154367	3.353705
8154379	2.957101
8154381	7.895156
8154386	3.976042
8154388	10.14695
8154392	4.087905
8154394	8.854654
8154414	2.567535
8154416	6.168667
8154447	4.155071
8154449	3.951836
8154476	5.820179
8154491	4.024977
8154510	2.832579
8154512	4.927151
8154523	7.160015
8154527	5.839299
8154529	2.852474
8154531	9.594873
8154563	9.63844
8154574	7.414453
8154620	6.11938
8154622	3.625199
8154627	3.48771
8154635	7.461308
8154654	4.962729
8154656	6.546455
8154660	3.199251
8154662	3.847877
8154666	3.569188
8154668	2.746577
8154670	5.817798
8154692	3.994585
8154719	2.833464
8154721	2.77081
8154725	11.85853
8154727	10.52059
8154729	5.63038
8154731	4.052058
8154733	8.842265
8154758	3.368698
8154760	5.42254
8154763	4.850969
8154765	8.396055
8154777	2.430963
8154779	4.050025
8154785	8.731319
8154793	8.708567
8154823	4.447329
8154836	10.67426
8154838	5.814887
8154841	5.154999
8154844	2.729762
8154846	2.863901
8154848	6.583446
8154856	7.661772
8154866	4.210971
8154868	6.250068
8154870	5.879051
8154872	8.888216
8154885	7.257169
8154892	4.840215
8154914	2.707125
8154916	6.502969
8154934	5.975162
8154951	12.60415
8154953	4.599382
8154962	5.419252
8154973	4.327084
8154979	4.19497
8154981	8.067554
8155024	5.126271
8155026	2.812467
8155048	6.243714
8155062	8.152679
8155073	6.543188
8155081	3.714945
8155083	5.931354
8155096	8.11034
8155110	7.543041
8155121	5.691729
8155148	7.43427
8155167	6.008855
8155169	4.692893
8155192	7.712568
8155200	3.534811
8155203	8.097611
8155214	3.70084
8155234	7.033558
8155246	7.551554
8155248	3.35507
8155250	7.885027
8155265	3.524554
8155268	7.195051
8155284	4.087799
8155301	7.003863
8155312	7.519853
8155323	4.818508
8155325	2.845739
8155327	6.53801
8155332	7.300918
8155336	3.988068
8155338	4.73877
8155340	4.457411
8155345	4.241285
8155349	4.47929
8155354	3.720337
8155359	5.728836
8155369	4.73877
8155371	4.531665
8155376	3.634167
8155383	4.476693
8155388	3.772676
8155393	7.541019
8155397	5.294467
8155414	4.400177
8155418	4.318739
8155422	9.114624
8155440	5.134303
8155442	5.293622
8155451	4.048575
8155453	6.701653
8155455	5.680972
8155458	5.556461
8155460	5.771204
8155487	5.559902
8155490	7.441372
8155493	3.486169
8155497	7.083998
8155501	5.996027
8155503	4.671239
8155508	2.610286
8155510	7.097738
8155514	6.079166
8155516	4.503572
8155519	3.486169
8155521	5.871718
8155525	4.784515
8155528	3.094683
8155530	5.715336
8155537	5.895408
8155540	5.637192
8155547	6.661642
8155550	7.557105
8155554	5.193804
8155563	4.298601
8155567	3.486169
8155569	6.007493
8155572	5.897528
8155574	5.279442
8155591	4.445992
8155596	4.824679
8155598	4.656964
8155600	4.656964
8155602	4.86613
8155627	4.525562
8155630	4.599735
8155634	2.269103
8155636	9.255718
8155661	5.356256
8155665	7.849544
8155673	6.759052
8155696	8.682517
8155699	7.270957
8155707	10.03333
8155734	8.9507
8155747	2.956049
8155754	3.855882
8155770	8.505945
8155794	6.980887
8155802	3.960515
8155824	5.572157
8155847	3.352742
8155849	11.36859
8155864	4.079919
8155877	3.435472
8155881	1.973839
8155883	9.408126
8155896	2.175867
8155898	4.774058
8155930	6.191091
8155942	7.008643
8155944	3.263882
8155946	7.977719
8156022	4.201009
8156024	3.997576
8156026	6.523691
8156043	6.44346
8156052	2.220994
8156054	2.622252
8156056	2.249472
8156058	6.140235
8156060	6.292854
8156082	4.129778
8156084	2.552484
8156086	2.383188
8156088	5.41643
8156090	3.122221
8156098	3.271307
8156103	3.397518
8156112	5.939817
8156116	6.438351
8156126	6.963407
8156132	5.367328
8156134	3.721061
8156160	7.230918
8156164	8.841141
8156167	8.809875
8156192	3.63324
8156194	4.742984
8156196	5.622159
8156199	9.505614
8156228	9.093642
8156240	4.022818
8156247	4.247097
8156253	3.731518
8156257	4.910254
8156261	1.940075
8156263	8.591946
8156274	4.867648
8156278	4.908453
8156290	5.705748
8156295	8.33606
8156309	6.096908
8156319	8.117317
8156321	8.147648
8156337	2.209284
8156339	1.956405
8156341	4.13659
8156354	2.311009
8156356	2.254626
8156358	8.638158
8156360	3.155817
8156371	4.641276
8156373	6.502995
8156393	4.535873
8156404	6.336853
8156415	6.971633
8156450	2.861978
8156452	8.311194
8156476	7.015587
8156506	5.804541
8156519	4.713748
8156521	6.030742
8156523	7.163913
8156525	2.383381
8156529	5.627696
8156538	9.525416
8156547	4.169657
8156549	7.170336
8156569	9.377602
8156571	8.580993
8156573	5.988707
8156575	7.908422
8156577	5.297479
8156581	6.933701
8156599	6.724967
8156601	7.145967
8156604	7.355206
8156610	6.297472
8156620	5.816419
8156633	5.563692
8156688	6.637483
8156706	5.569924
8156718	8.462596
8156743	5.680928
8156748	4.256432
8156750	7.697249
8156759	3.319322
8156761	9.204521
8156770	7.316328
8156783	5.007457
8156826	8.399509
8156838	9.225083
8156846	7.271425
8156848	4.972568
8156861	8.4328
8156873	6.272594
8156895	5.109063
8156897	6.968614
8156905	4.490488
8156919	3.805129
8156923	4.403771
8156935	6.512799
8156945	8.502591
8156969	2.144114
8156971	2.704837
8156982	6.556829
8157012	4.614432
8157014	2.705554
8157016	2.345062
8157018	3.188733
8157021	7.801781
8157027	3.384803
8157036	3.768102
8157038	8.885763
8157058	2.908819
8157074	6.525658
8157090	3.380054
8157092	5.744276
8157101	4.493618
8157103	5.505151
8157105	7.861635
8157123	2.831976
8157125	8.798753
8157139	7.456794
8157141	3.765451
8157144	6.577799
8157151	4.703799
8157153	4.631693
8157173	3.428762
8157189	2.730894
8157191	3.753093
8157193	4.861581
8157203	7.936948
8157214	4.537115
8157216	7.933172
8157227	3.138969
8157229	2.758891
8157231	5.714569
8157233	8.874673
8157246	6.992812
8157253	8.428791
8157264	8.236754
8157270	9.056052
8157281	4.811328
8157283	8.738388
8157300	8.298115
8157308	4.647817
8157324	6.174443
8157362	5.838361
8157381	4.84798
8157383	6.120358
8157444	2.904333
8157446	3.690274
8157450	5.696753
8157454	8.883326
8157463	7.086763
8157477	3.425802
8157487	4.119583
8157516	7.399502
8157520	2.492113
8157524	7.872732
8157534	5.752212
8157580	3.146796
8157582	10.00006
8157608	2.622238
8157610	6.146108
8157632	3.674537
8157638	7.531896
8157650	5.763331
8157668	2.436078
8157671	3.275545
8157674	3.336622
8157677	2.60363
8157679	3.218444
8157681	2.346477
8157684	3.664734
8157686	2.938244
8157688	3.032448
8157691	7.375113
8157696	5.809547
8157698	4.046116
8157700	10.02815
8157727	6.980645
8157729	3.740602
8157731	5.679964
8157751	5.099991
8157761	7.772526
8157777	5.358084
8157798	5.543976
8157800	4.07154
8157802	3.787049
8157804	6.296266
8157818	5.63922
8157828	6.879236
8157839	3.681365
8157843	5.37391
8157858	8.001765
8157890	7.288741
8157905	6.203772
8157922	5.738673
8157933	7.445321
8157939	12.10951
8157941	7.674015
8157945	8.235277
8157947	7.354778
8157949	7.243078
8157976	7.025072
8158009	6.519673
8158022	6.05379
8158028	6.158095
8158057	4.50285
8158059	5.96018
8158081	4.481863
8158094	5.391627
8158112	9.160326
8158123	6.738292
8158145	6.826403
8158147	6.1819
8158164	4.754264
8158167	12.29766
8158177	7.46541
8158183	5.787733
8158204	5.537322
8158212	6.30115
8158214	7.615012
8158224	7.142227
8158240	9.931801
8158242	5.823686
8158250	5.398532
8158269	7.349869
8158298	7.360803
8158317	9.694273
8158372	10.18307
8158380	5.557065
8158404	2.46717
8158406	7.290387
8158418	6.785144
8158424	7.710742
8158431	7.134238
8158446	7.927329
8158492	7.304367
8158513	7.408551
8158523	9.004936
8158539	5.906923
8158542	4.475343
8158544	7.261478
8158554	6.485919
8158560	8.122105
8158568	6.508813
8158597	8.135881
8158625	6.295666
8158627	4.36876
8158637	4.927448
8158666	5.388807
8158671	12.1663
8158684	9.558251
8158686	8.15705
8158708	6.014558
8158714	8.333996
8158725	7.270987
8158739	5.706961
8158771	6.403662
8158783	7.951297
8158823	4.183575
8158825	5.976469
8158829	9.027326
8158839	8.156002
8158862	5.688271
8158864	5.688271
8158866	7.799032
8158890	4.992186
8158902	4.040674
8158912	5.34656
8158918	7.271286
8158928	2.050685
8158930	5.050969
8158939	5.184325
8158952	13.93973
8158961	7.366497
8158976	4.827742
8158987	6.165164
8158991	2.842466
8158993	2.466581
8158995	3.953442
8158998	5.843416
8159004	6.229034
8159006	5.708176
8159008	6.511912
8159017	5.661207
8159036	5.419034
8159078	7.569483
8159086	5.675449
8159096	5.30714
8159109	4.401073
8159111	7.364036
8159127	8.291095
8159142	5.649487
8159211	6.851737
8159220	4.076787
8159235	3.590372
8159239	5.72499
8159243	6.765566
8159249	6.611047
8159255	6.832299
8159259	5.93973
8159265	5.375542
8159275	3.691644
8159283	4.778579
8159318	5.769596
8159337	7.681028
8159350	5.052737
8159354	6.553298
8159371	3.164763
8159373	5.897087
8159379	6.661708
8159385	5.574692
8159415	7.468005
8159439	4.792855
8159441	7.35485
8159448	6.040018
8159476	6.574482
8159491	6.491856
8159501	5.984743
8159519	7.069464
8159521	5.767868
8159531	5.634343
8159541	7.123317
8159549	5.397719
8159554	6.749734
8159566	7.172788
8159581	3.560934
8159583	4.534731
8159609	7.222071
8159616	6.680676
8159624	6.976753
8159627	5.098299
8159642	10.91216
8159646	5.764227
8159654	8.168097
8159667	6.166096
8159670	7.124744
8159687	7.063555
8159692	8.562248
8159702	7.404301
8159732	6.560428
8159734	4.771362
8159786	7.903995
8159790	7.823895
8159803	3.992277
8159808	4.95638
8159815	9.15768
8159838	5.104725
8159846	2.623136
8159850	3.611615
8159854	7.271116
8159873	5.226487
8159876	5.405821
8159900	5.510656
8159917	2.445707
8159919	5.443501
8159945	8.775919
8159959	3.666317
8159961	3.807128
8159963	4.152657
8159965	4.384902
8159967	3.580742
8159969	2.834911
8159971	3.789544
8159977	3.381715
8159981	4.436343
8159984	4.735595
8159992	11.14038
8160011	8.49017
8160016	7.449152
8160020	3.034475
8160024	5.454579
8160033	8.283987
8160036	6.680975
8160040	4.419755
8160086	4.636844
8160088	6.266447
8160138	8.65775
8160151	8.140144
8160163	3.152968
8160168	4.035872
8160213	6.409609
8160236	2.383304
8160238	5.121349
8160256	3.321742
8160258	2.854569
8160260	3.891244
8160274	2.858499
8160276	4.463678
8160278	4.078786
8160284	6.571877
8160295	6.03536
8160297	7.788447
8160308	11.96251
8160317	3.35598
8160319	3.041949
8160321	3.759002
8160332	8.013112
8160346	5.827295
8160360	2.847474
8160365	3.613057
8160371	2.059696
8160377	2.841846
8160383	2.910135
8160389	2.413397
8160392	2.54405
8160394	3.31319
8160401	3.578085
8160405	8.200314
8160417	3.467776
8160419	3.555561
8160422	2.665991
8160431	5.484669
8160435	3.340497
8160439	4.680048
8160441	5.078297
8160452	7.363163
8160459	3.277672
8160472	6.15905
8160478	7.178066
8160487	7.854146
8160504	2.881257
8160511	3.363082
8160521	6.131699
8160531	7.270592
8160546	3.072116
8160555	2.595115
8160557	8.796397
8160559	7.084395
8160581	7.243438
8160587	6.631733
8160597	5.247164
8160602	6.845801
8160622	9.661284
8160637	9.311895
8160647	8.437071
8160661	2.002852
8160663	5.534239
8160670	10.82689
8160682	7.091779
8160712	3.281649
8160718	8.908344
8160722	8.176258
8160756	9.273432
8160767	2.217928
8160769	6.195248
8160771	3.659821
8160782	7.612962
8160786	6.86856
8160792	5.170036
8160803	3.070084
8160805	5.168253
8160816	5.572309
8160823	5.290543
8160835	6.787302
8160839	8.210001
8160849	4.529411
8160857	7.077176
8160870	5.870841
8160879	4.393327
8160889	5.404661
8160898	4.17957
8160900	3.502438
8160906	2.501787
8160912	6.582581
8160914	10.10069
8160935	5.944252
8160953	7.938813
8160968	8.546632
8160981	6.39428
8161000	3.854496
8161004	5.465667
8161017	4.127218
8161024	10.90912
8161026	5.147801
8161044	4.980434
8161056	8.144838
8161114	7.67966
8161133	4.677209
8161147	7.76149
8161154	4.754432
8161164	4.775457
8161166	5.549997
8161169	9.930294
8161171	3.555851
8161174	7.971334
8161190	4.428492
8161192	7.910354
8161211	4.795505
8161224	6.258543
8161229	7.000145
8161238	7.197012
8161240	3.392954
8161242	7.852109
8161249	5.527975
8161255	6.560707
8161265	6.65707
8161270	5.63043
8161288	5.860027
8161319	6.015091
8161326	6.052526
8161337	3.780832
8161341	4.587765
8161346	5.953146
8161353	7.796777
8161362	6.026171
8161368	4.784515
8161371	4.627295
8161373	6.58592
8161375	6.701653
8161377	4.599735
8161381	4.525562
8161384	4.400177
8161388	5.294467
8161405	2.528945
8161407	3.704838
8161409	4.399031
8161415	4.577813
8161418	4.483165
8161423	5.559902
8161426	6.007493
8161429	3.486169
8161431	5.319464
8161433	6.935376
8161437	6.007493
8161440	3.486169
8161442	6.596123
8161444	2.987114
8161446	6.109932
8161451	7.541019
8161455	5.559902
8161458	6.735458
8161460	5.637192
8161467	3.643103
8161471	4.480355
8161476	7.364618
8161478	6.308287
8161482	2.647269
8161484	4.242492
8161488	5.282897
8161499	6.109019
8161503	7.097476
8161507	3.097367
8161509	9.840681
8161513	8.714948
8161520	8.973059
8161526	3.8051
8161533	4.996019
8161537	9.226067
8161554	6.58592
8161556	4.048575
8161558	5.121715
8161563	5.148261
8161566	2.647269
8161568	5.003129
8161571	5.412818
8161575	8.564711
8161580	5.161345
8161583	5.134303
8161587	9.325914
8161610	4.317787
8161615	5.249439
8161618	6.49008
8161632	8.865704
8161642	5.661807
8161646	2.307467
8161648	6.644743
8161654	4.275686
8161693	4.702505
8161695	2.801437
8161697	4.510688
8161701	8.450359
8161727	7.045179
8161737	6.186836
8161739	4.44453
8161745	4.5421
8161747	10.38044
8161755	8.975225
8161774	7.874386
8161824	7.239994
8161829	7.887081
8161839	6.276644
8161852	2.773934
8161854	2.61819
8161857	6.880229
8161863	2.332631
8161865	4.578528
8161884	2.685198
8161892	8.299194
8161904	2.50301
8161906	10.43149
8161913	3.0818
8161915	2.799009
8161917	1.86816
8161919	8.596108
8161938	4.25773
8161943	6.082063
8161945	7.634202
8161964	5.323848
8161986	2.773092
8161988	9.330965
8162006	5.047161
8162019	7.176744
8162039	8.225986
8162047	11.6585
8162059	4.850262
8162080	2.569867
8162082	4.945982
8162084	4.938233
8162086	6.475245
8162117	9.989787
8162132	3.547514
8162140	6.322126
8162142	7.146634
8162147	8.70663
8162179	5.564007
8162183	4.223591
8162187	4.29912
8162191	5.56876
8162194	5.330681
8162214	4.823016
8162216	5.501298
8162231	6.09438
8162236	7.370246
8162247	6.654124
8162249	3.581144
8162254	5.792758
8162260	6.674305
8162264	9.112095
8162276	7.390973
8162283	6.774203
8162294	8.255527
8162311	4.565623
8162313	9.697865
8162352	7.525311
8162373	3.094328
8162388	2.260465
8162394	2.703389
8162404	3.440636
8162419	1.981351
8162421	6.701758
8162438	6.332569
8162449	6.976
8162455	7.622059
8162462	10.0881
8162466	7.904888
8162470	3.435214
8162472	6.089388
8162479	5.723146
8162490	5.058298
8162492	3.204998
8162502	11.04036
8162514	5.400503
8162529	5.835849
8162531	12.03331
8162533	5.980529
8162562	5.662764
8162568	4.113832
8162570	4.198953
8162584	2.643342
8162586	8.253559
8162601	3.837743
8162610	7.659679
8162624	4.731426
8162631	6.627909
8162639	6.103589
8162645	9.900965
8162652	4.920579
8162664	5.430355
8162667	5.699289
8162669	6.769605
8162674	3.965708
8162676	7.255853
8162696	8.501415
8162706	6.02
8162719	3.662295
8162729	7.955392
8162744	8.366386
8162759	7.321435
8162777	5.323369
8162803	5.743816
8162823	5.592485
8162825	4.947957
8162827	8.303277
8162833	9.40397
8162848	4.763346
8162850	7.174132
8162868	6.558042
8162870	2.683489
8162880	7.691896
8162884	4.924821
8162902	5.190379
8162908	3.150187
8162920	4.314682
8162927	1.776483
8162929	2.335515
8162931	2.607375
8162934	4.061663
8162936	2.179298
8162938	3.477499
8162940	7.728828
8162996	2.156189
8162998	5.323866
8163000	6.498323
8163002	7.368382
8163011	2.425635
8163013	6.070466
8163015	6.66688
8163017	3.385827
8163019	5.736142
8163023	8.418846
8163063	5.29888
8163084	3.334864
8163086	9.880309
8163105	4.963489
8163107	5.85142
8163109	4.271932
8163116	6.810753
8163147	5.327959
8163149	8.474777
8163181	6.846181
8163185	8.815053
8163193	2.923829
8163202	3.830422
8163253	2.743698
8163255	2.258759
8163257	7.016073
8163271	6.870905
8163273	3.41067
8163275	9.652411
8163326	7.081938
8163328	9.591095
8163341	3.651482
8163348	2.738617
8163381	2.43012
8163383	7.94979
8163402	9.603149
8163424	7.312084
8163426	7.235009
8163428	8.044315
8163437	6.523445
8163444	4.101953
8163452	7.90086
8163481	7.306236
8163485	6.153496
8163491	6.632013
8163505	7.878017
8163509	7.667202
8163525	6.827498
8163533	5.937806
8163535	5.192737
8163548	5.714933
8163569	6.683546
8163599	5.899166
8163614	2.284428
8163616	2.29387
8163618	8.934547
8163629	4.996149
8163637	4.12992
8163666	3.46535
8163672	4.63417
8163678	5.764904
8163710	4.730114
8163712	2.885395
8163714	9.459857
8163716	3.979464
8163729	5.86424
8163731	8.592474
8163733	8.037593
8163775	7.170089
8163784	9.227197
8163795	8.589821
8163807	4.896115
8163825	5.234651
8163839	4.321799
8163882	10.14761
8163892	5.054533
8163896	8.245154
8163908	4.126199
8163916	6.079053
8163930	8.02118
8163936	5.444312
8163948	8.123884
8163956	2.389128
8163958	4.29658
8163960	4.58154
8163962	5.182633
8163964	7.575246
8163972	7.752484
8163999	8.117419
8164002	6.909782
8164008	6.730554
8164013	8.42905
8164034	6.500132
8164060	12.20731
8164062	4.846085
8164067	9.173411
8164077	5.089134
8164087	6.599458
8164100	9.739874
8164105	7.299189
8164129	4.166043
8164131	7.008544
8164153	5.787545
8164155	9.683616
8164165	10.9565
8164177	9.081741
8164194	3.911562
8164196	4.129759
8164200	4.721384
8164210	7.232091
8164215	7.170237
8164217	9.674811
8164235	5.99748
8164243	5.937446
8164252	5.703697
8164269	6.610324
8164293	5.903941
8164304	7.491015
8164314	6.588643
8164328	5.257694
8164336	6.714855
8164343	8.771673
8164357	5.489196
8164362	7.307094
8164373	7.462221
8164396	3.158797
8164398	8.004495
8164426	5.116981
8164428	7.976022
8164438	3.951567
8164440	7.012592
8164452	7.341703
8164464	7.681826
8164481	6.879375
8164496	5.798374
8164515	6.22298
8164521	9.225883
8164535	7.229671
8164554	7.57981
8164560	5.167157
8164562	5.451582
8164572	6.741647
8164580	8.251688
8164587	7.907839
8164596	8.397084
8164607	7.602732
8164627	5.429006
8164630	6.336724
8164632	5.911859
8164644	5.08553
8164649	3.979918
8164653	7.414889
8164665	7.097564
8164692	4.593108
8164694	5.952538
8164696	8.104212
8164698	4.612853
8164701	8.552213
8164729	6.548238
8164742	6.47661
8164766	4.729277
8164781	7.679831
8164808	5.98488
8164810	6.845703
8164833	6.162466
8164843	5.416005
8164848	4.339202
8164853	7.766303
8164862	6.472729
8164870	6.49578
8164872	6.662705
8164883	9.929591
8164896	7.201612
8164907	6.601516
8164918	5.551655
8164931	5.47056
8164937	5.588141
8164940	5.548088
8164967	4.533149
8164995	7.373353
8165011	6.895253
8165021	5.803707
8165024	5.889325
8165032	3.681934
8165038	5.636695
8165046	6.580821
8165064	7.236434
8165077	6.094931
8165083	5.994643
8165094	5.595475
8165107	5.876761
8165131	6.166017
8165156	6.26117
8165171	5.514689
8165183	7.807371
8165217	5.771688
8165255	6.120756
8165258	7.97231
8165271	5.896651
8165277	5.60497
8165285	5.441656
8165295	3.823195
8165298	4.331462
8165309	9.21339
8165319	8.100374
8165334	6.179905
8165345	5.779844
8165398	5.384459
8165406	7.016097
8165416	5.806049
8165430	6.660151
8165438	8.732187
8165453	8.342303
8165458	5.849285
8165462	7.045602
8165478	5.624019
8165486	8.414162
8165492	6.312675
8165496	5.977496
8165498	4.373413
8165508	6.325131
8165512	6.059742
8165538	5.731215
8165552	5.935315
8165575	6.318049
8165610	6.297447
8165622	7.220661
8165630	6.065005
8165637	6.312675
8165639	7.159738
8165642	8.433325
8165644	13.09949
8165646	13.38535
8165648	10.63507
8165650	12.96629
8165653	13.08119
8165656	8.029711
8165658	9.798476
8165661	14.02616
8165663	5.488247
8165665	13.85205
8165667	9.574877
8165669	13.05287
8165672	7.49686
8165674	13.38442
8165676	13.13231
8165680	11.70991
8165682	11.17758
8165684	10.17462
8165686	13.25468
8165690	13.96865
8165692	7.635942
8165694	12.78695
8165696	13.05789
8165698	10.63007
8165700	11.56199
8165703	12.0821
8165705	13.0448
8165707	12.84033
8165709	12.53183
8165711	5.582129
8165723	4.267195
8165735	7.775239
8165752	5.214299
8165765	5.981685
8165773	6.444453
8165794	9.689006
8165808	4.782851
8165817	5.50155
8165833	4.708118
8165843	3.322781
8165856	2.107687
8165858	3.844071
8165860	3.413869
8165862	2.133847
8165864	2.420157
8165866	8.973739
8165881	4.927945
8165888	5.437932
8165890	4.737381
8165903	4.151525
8165905	2.592485
8165907	3.469389
8165911	7.427429
8165932	3.840488
8165934	5.980834
8165945	5.028932
8165947	6.258175
8165974	4.772123
8165993	2.82703
8165995	8.327986
8166006	3.662603
8166015	7.262179
8166028	4.211275
8166047	2.218647
8166049	8.348109
8166059	4.312779
8166065	4.995572
8166072	11.22772
8166079	3.556903
8166094	3.646358
8166096	5.352782
8166098	7.84943
8166104	7.683866
8166124	5.584485
8166127	3.249213
8166140	6.919306
8166157	3.266668
8166179	5.244068
8166182	3.403539
8166184	7.140966
8166195	7.112213
8166202	3.895139
8166211	4.106527
8166213	2.634345
8166219	8.623617
8166230	6.981973
8166243	7.843666
8166264	5.576509
8166266	6.54222
8166278	6.151052
8166289	7.785568
8166314	2.95824
8166335	9.111905
8166349	2.017491
8166351	4.427814
8166353	2.226389
8166355	4.347731
8166382	6.778813
8166398	5.702062
8166402	8.932377
8166408	3.639462
8166433	3.395696
8166438	3.899943
8166440	2.974995
8166442	9.989781
8166447	4.525174
8166455	6.280156
8166469	11.68506
8166481	2.601266
8166493	10.53864
8166498	2.150736
8166500	8.289071
8166509	3.819176
8166511	7.425607
8166525	7.444114
8166563	2.908759
8166565	3.731739
8166569	4.652532
8166571	3.787718
8166576	3.224127
8166580	5.52209
8166585	3.234912
8166587	3.741593
8166593	4.036847
8166607	4.601381
8166611	3.172324
8166613	4.706495
8166619	4.089694
8166630	5.003761
8166632	8.460101
8166657	4.016513
8166659	3.377279
8166661	5.068628
8166663	3.5799
8166665	4.862625
8166667	4.163032
8166669	4.10304
8166671	3.127184
8166690	3.331098
8166703	5.142294
8166705	5.961391
8166712	6.325851
8166714	6.227397
8166723	5.794592
8166730	9.68578
8166745	4.032331
8166747	7.985227
8166769	2.991995
8166784	5.792856
8166797	7.491684
8166805	10.7268
8166817	4.351039
8166819	6.62122
8166824	2.984086
8166826	9.19277
8166872	4.330005
8166876	10.5399
8166899	6.673265
8166906	3.264518
8166919	2.779496
8166925	10.22147
8166945	3.727077
8166948	7.584946
8166950	3.890122
8166956	8.000164
8166989	6.87194
8166997	2.864828
8166999	5.58356
8167006	6.859713
8167013	6.756815
8167027	4.591053
8167038	2.130811
8167040	5.668874
8167042	7.503102
8167069	9.265211
8167099	6.501681
8167103	7.492324
8167125	8.31671
8167150	3.955576
8167152	4.780906
8167163	6.837036
8167165	8.546946
8167185	10.41937
8167195	4.80882
8167198	4.930958
8167201	5.796968
8167210	4.411813
8167218	2.431859
8167220	4.147335
8167228	4.923619
8167234	9.250408
8167249	3.129182
8167251	3.856146
8167254	3.335675
8167261	3.459874
8167270	7.608547
8167287	6.319716
8167305	7.579619
8167314	6.600055
8167322	7.855001
8167334	6.516743
8167347	5.688161
8167356	4.692815
8167360	5.645778
8167369	7.17036
8167407	5.590705
8167412	8.14886
8167428	3.853577
8167430	6.553393
8167441	5.20258
8167443	6.781498
8167449	8.489573
8167457	6.511063
8167476	6.129939
8167482	3.783966
8167508	3.736152
8167526	3.683712
8167560	3.272118
8167562	3.783966
8167573	7.710576
8167575	5.5701
8167577	3.874825
8167584	3.874825
8167592	3.504723
8167601	5.942129
8167603	5.873617
8167623	5.094412
8167625	3.895421
8167638	2.113202
8167640	3.981141
8167642	3.649404
8167645	5.893811
8167650	5.02536
8167652	5.808032
8167654	7.148292
8167656	9.208677
8167673	5.61843
8167690	4.22898
8167693	4.375635
8167701	4.733149
8167710	4.733149
8167721	5.239532
8167726	2.249229
8167728	3.79499
8167742	2.944218
8167749	7.592243
8167758	4.858309
8167763	6.53258
8167772	3.751027
8167774	4.283922
8167784	3.575484
8167786	5.207873
8167790	8.070753
8167797	7.397382
8167815	10.00823
8167835	4.574583
8167854	6.499712
8167862	4.459054
8167866	2.749528
8167871	2.383424
8167874	2.917019
8167876	2.494688
8167878	2.592539
8167880	5.286128
8167887	5.557338
8167893	4.877579
8167895	2.989517
8167897	6.252446
8167910	3.020714
8167912	6.185815
8167924	8.191862
8167930	7.766161
8167942	6.667828
8167945	2.425781
8167947	2.604621
8167949	2.162143
8167951	2.393781
8167953	4.263546
8167957	3.997928
8167965	7.647157
8167971	5.536519
8167973	3.866601
8167998	8.064461
8168016	4.339109
8168018	8.648102
8168026	5.364452
8168028	4.936029
8168045	5.94639
8168058	5.637205
8168062	4.371998
8168079	4.563596
8168081	2.944519
8168083	4.38095
8168085	2.397244
8168087	9.558587
8168098	3.090037
8168107	4.192472
8168115	6.590736
8168117	3.487612
8168135	3.678699
8168146	3.31792
8168161	4.770967
8168163	4.581477
8168179	7.734107
8168203	3.632908
8168205	8.532504
8168215	7.718831
8168264	5.527842
8168274	6.34476
8168280	9.900594
8168291	4.91976
8168303	7.595565
8168316	9.280692
8168345	5.155763
8168357	6.753396
8168359	4.622432
8168362	5.66876
8168366	6.171216
8168373	4.854199
8168375	5.837478
8168387	5.439097
8168391	4.915327
8168393	5.494239
8168395	3.594899
8168399	6.579674
8168408	3.868845
8168412	4.145688
8168416	7.785927
8168420	3.924946
8168422	3.104488
8168424	6.424162
8168432	4.872149
8168434	2.250828
8168436	2.296762
8168438	7.467511
8168447	6.86929
8168456	3.479976
8168458	6.114702
8168461	4.099756
8168463	3.492187
8168466	2.513469
8168468	2.407776
8168470	6.479389
8168472	7.9943
8168500	10.4638
8168517	3.689372
8168524	3.325151
8168531	4.52056
8168534	2.986283
8168546	2.754138
8168553	2.027826
8168555	2.51875
8168557	9.228467
8168565	2.538195
8168567	4.880767
8168569	2.507666
8168578	5.401113
8168580	7.253801
8168589	3.707579
8168602	4.837713
8168604	4.7507
8168620	2.332391
8168622	2.495965
8168638	2.944011
8168644	9.519524
8168646	2.878048
8168650	3.750759
8168657	4.253619
8168674	8.43579
8168676	3.653187
8168678	2.503969
8168685	2.563308
8168687	3.249627
8168689	3.488805
8168691	5.213173
8168723	4.577869
8168727	3.402923
8168729	3.48511
8168731	3.885646
8168733	3.833337
8168735	3.112734
8168737	2.780206
8168749	10.75072
8168762	7.462576
8168779	4.717279
8168781	3.387297
8168790	5.878554
8168794	3.357809
8168817	4.211479
8168841	2.253074
8168843	7.647853
8168852	9.901551
8168855	6.248107
8168868	6.434486
8168873	8.207074
8168875	8.608833
8168884	2.431725
8168886	4.097964
8168888	2.619235
8168890	3.011662
8168892	5.187296
8168900	3.187643
8168940	3.110384
8168958	6.28041
8168968	4.456829
8168976	5.423021
8168984	5.706405
8168990	3.710557
8168994	3.824778
8168996	1.913483
8168998	4.354485
8169000	4.133302
8169002	3.210217
8169004	3.308991
8169006	5.363448
8169009	9.10797
8169015	4.320121
8169022	6.962461
8169028	7.561507
8169035	7.220427
8169044	7.583162
8169049	7.71672
8169056	3.604003
8169061	4.003379
8169073	3.599763
8169080	6.627562
8169083	3.575956
8169085	8.168818
8169094	3.08921
8169109	5.198427
8169115	4.089728
8169145	5.700048
8169154	2.672545
8169156	4.094111
8169158	4.010596
8169174	7.539099
8169186	7.709037
8169210	4.066123
8169221	2.731698
8169231	4.207111
8169233	4.473671
8169235	4.670449
8169240	8.787419
8169247	3.306045
8169249	8.385104
8169263	3.217781
8169272	6.466068
8169291	2.785183
8169294	5.660874
8169348	1.96523
8169350	12.80137
8169352	7.910211
8169361	4.494044
8169365	8.358391
8169378	3.44507
8169385	3.372266
8169389	3.467774
8169412	7.120373
8169419	7.190551
8169432	4.020049
8169437	3.534296
8169439	4.420839
8169441	4.53008
8169443	5.078525
8169445	4.865348
8169447	3.005021
8169459	4.441702
8169461	2.537241
8169463	4.952396
8169465	5.355864
8169467	2.84277
8169473	9.027678
8169492	2.533613
8169504	7.785039
8169519	6.716658
8169541	6.376482
8169580	9.498371
8169598	3.489564
8169603	5.733594
8169617	10.54386
8169624	6.602033
8169634	6.699295
8169638	3.812236
8169640	9.285023
8169645	7.604109
8169657	5.016625
8169659	8.555195
8169665	2.475031
8169676	4.302536
8169683	7.861618
8169687	4.325242
8169697	2.100232
8169699	4.407494
8169701	7.32988
8169709	9.418484
8169711	3.93325
8169715	2.531338
8169717	3.368325
8169740	11.4123
8169742	7.912214
8169750	8.392983
8169790	2.250392
8169792	4.197755
8169804	2.610353
8169806	4.80458
8169808	3.618773
8169811	7.882969
8169836	3.96735
8169859	5.655153
8169868	7.118173
8169882	6.014811
8169898	4.984229
8169904	6.126936
8169920	7.859886
8169928	5.162068
8169931	3.643117
8169947	2.722003
8169949	7.310695
8169965	2.454284
8169969	7.920125
8169984	7.814344
8169995	6.97806
8170007	5.972793
8170009	8.478517
8170013	5.217264
8170015	5.013886
8170024	5.463248
8170027	6.572626
8170052	3.000758
8170060	3.422476
8170068	3.826108
8170076	2.723228
8170097	7.693138
8170117	4.535257
8170119	4.773475
8170135	3.225884
8170159	3.969385
8170166	8.373549
8170179	9.372087
8170185	2.183243
8170187	2.844269
8170196	3.773253
8170198	4.524566
8170200	4.144047
8170208	3.514038
8170210	3.913244
8170213	2.981874
8170215	2.475354
8170228	2.167643
8170230	3.033745
8170232	4.047608
8170235	4.966133
8170237	5.986269
8170239	4.611178
8170241	2.746655
8170244	2.746655
8170247	7.446616
8170249	3.66003
8170257	2.665287
8170260	3.642225
8170273	4.20875
8170280	2.512902
8170282	3.8334
8170286	3.673296
8170288	3.132549
8170290	2.467636
8170292	2.480895
8170294	2.056332
8170296	2.495981
8170298	4.997676
8170300	5.065648
8170302	3.274412
8170307	3.974238
8170319	2.830101
8170322	5.03421
8170324	2.636586
8170326	8.641547
8170353	5.346325
8170360	13.4129
8170362	4.317887
8170364	4.786317
8170390	8.805749
8170393	6.409532
8170400	6.70446
8170402	5.054106
8170407	6.866863
8170412	6.904805
8170418	6.115555
8170420	4.608656
8170428	7.09894
8170443	7.318103
8170464	2.147794
8170466	2.233861
8170468	5.811537
8170476	4.298748
8170479	6.717392
8170488	3.146983
8170507	3.831902
8170513	4.767001
8170520	3.513326
8170531	3.765734
8170538	3.752476
8170553	5.998461
8170562	5.555841
8170576	4.294687
8170580	4.78131
8170590	7.299084
8170602	7.956668
8170622	5.135663
8170630	5.546889
8170633	3.571634
8170635	6.013317
8170644	4.977449
8170648	5.285791
8170662	7.089272
8170671	5.12151
8170695	6.763301
8170702	4.223766
8170704	5.772154
8170716	5.395578
8170753	5.824027
8170775	6.633749
8170786	5.549982
8170794	4.932553
8170803	5.556679
8170811	2.538897
8170816	5.003139
8170825	4.920942
8170834	4.128744
8170850	7.830445
8170859	10.0764
8170863	10.49442
8170865	7.03084
8170882	10.39426
8170891	8.608771
8170906	7.466351
8170921	5.978188
8170955	5.513771
8170963	3.7506
8170965	6.806307
8170971	8.236289
8170990	4.191078
8170992	5.406936
8170994	4.471469
8170998	8.418183
8171001	6.817766
8171006	7.853604
8171013	6.310793
8171024	5.727473
8171026	4.501722
8171029	8.384254
8171032	2.747128
8171034	4.454524
8171041	8.149013
8171052	6.085569
8171066	7.839945
8171079	6.158891
8171087	5.30939
8171105	3.595981
8171111	11.32387
8171119	6.952199
8171136	4.781349
8171139	7.309885
8171148	8.323052
8171161	4.382607
8171170	4.38063
8171172	5.535396
8171180	6.10664
8171182	5.706847
8171193	3.842861
8171195	2.251616
8171199	2.084011
8171201	1.939007
8171203	5.242715
8171205	7.87703
8171216	4.793941
8171222	7.438094
8171229	7.287841
8171240	5.305182
8171248	4.741226
8171260	2.354214
8171271	3.067827
8171284	4.898072
8171295	5.058075
8171297	7.296309
8171311	3.290409
8171313	6.416554
8171334	2.140621
8171336	6.540776
8171338	2.955311
8171348	2.716053
8171350	4.966771
8171352	6.325871
8171359	3.52364
8171373	6.185751
8171381	3.652185
8171392	3.312733
8171403	3.77654
8171418	6.986923
8171427	3.283348
8171435	5.981505
8171449	6.781213
8171472	4.512987
8171481	4.3433
8171489	2.058635
8171491	5.414533
8171493	8.166776
8171516	9.954393
8171533	2.186126
8171535	2.962994
8171537	3.585118
8171539	6.226415
8171545	3.064556
8171561	2.961841
8171577	2.887357
8171579	3.846337
8171587	7.381135
8171624	4.622144
8171653	3.631488
8171684	7.238771
8171708	7.420738
8171723	5.872636
8171725	4.889199
8171747	9.462216
8171758	5.627617
8171760	5.480269
8171762	10.13487
8171786	6.358942
8171791	3.078279
8171798	3.841737
8171800	3.462255
8171802	7.621826
8171823	7.409799
8171834	11.3731
8171837	5.988251
8171844	3.819176
8171846	6.5081
8171848	4.560854
8171865	8.498297
8171867	6.014732
8171874	3.476123
8171876	5.373573
8171879	5.158611
8171883	3.324785
8171885	4.146778
8171890	4.609275
8171892	3.567793
8171896	4.037834
8171901	8.030019
8171917	5.006595
8171921	3.596396
8172017	4.391153
8172022	8.286128
8172026	2.65596
8172028	6.714526
8172030	6.089022
8172032	4.466777
8172035	8.002722
8172043	4.308342
8172056	5.55199
8172082	2.895045
8172084	2.354214
8172088	7.091936
8172110	6.968545
8172119	8.72525
8172154	11.53741
8172158	8.452803
8172189	2.398974
8172191	8.499626
8172193	2.084505
8172195	3.116247
8172197	4.868395
8172204	4.324811
8172220	4.053846
8172225	3.226637
8172244	8.040092
8172252	3.731297
8172254	3.565829
8172266	4.953831
8172268	3.396908
8172270	6.309255
8172272	2.112213
8172274	5.006735
8172280	8.430236
8172296	8.616035
8172305	3.497969
8172307	6.947218
8172317	4.900683
8172333	5.618491
8172345	6.587532
8172358	8.460973
8172367	3.115111
8172369	6.290106
8172379	5.803986
8172387	2.60762
8172395	3.447496
8172399	2.479981
8172406	3.352349
8172415	3.488097
8172425	5.002368
8172443	6.232322
8172445	2.937996
8172447	6.955522
8172453	6.985454
8172460	7.195058
8172471	6.289151
8172478	7.555748
8172493	4.522643
8172504	6.533261
8172520	6.725745
8172531	5.098665
8172538	7.807075
8172548	7.120184
8172561	6.053571
8172573	5.180967
8172580	4.977784
8172631	5.845268
8172647	3.663143
8172654	5.216475
8172656	3.512367
8172658	3.410049
8172660	3.501997
8172670	3.809522
8172698	4.98048
8172708	2.715302
8172711	4.531424
8172713	7.959244
8172715	5.808032
8172717	3.00703
8172719	4.22898
8172722	5.61843
8172739	4.733149
8172749	4.375635
8172757	4.733149
8172766	4.733149
8172776	4.126969
8172781	3.745329
8172787	3.653777
8172800	3.032524
8172803	4.009578
8172806	5.034554
8172813	7.703111
8172827	8.161772
8172858	5.788445
8172876	7.937818
8172905	8.627254
8172914	8.945951
8173005	3.772259
8173007	4.17795
8173009	7.787902
8173039	1.990595
8173041	5.729126
8173059	4.769245
8173086	4.962322
8173106	4.854199
8173120	3.752921
8173135	5.124015
8173148	4.342412
8173154	2.133249
8173156	5.917956
8173158	1.908155
8173160	2.976794
8173162	3.805932
8173166	4.592394
8173168	3.537077
8173174	4.91054
8173176	4.655263
8173179	6.005825
8173181	6.052063
8173189	6.379057
8173198	3.720443
8173201	7.915009
8173204	5.304675
8173206	6.830628
8173208	6.653089
8173217	6.789386
8173232	5.588555
8173238	3.780397
8173245	5.045654
8173261	5.446411
8173269	7.92044
8173287	6.153577
8173299	4.615355
8173308	2.023266
8173310	7.712567
8173338	3.638613
8173340	6.223307
8173349	4.627964
8173358	2.198174
8173360	4.043932
8173362	2.240938
8173364	5.559397
8173366	5.807431
8173373	5.606292
8173381	2.697711
8173412	2.921211
8173414	4.156715
8173428	6.310493
8173430	8.103473
8173437	4.542622
8173444	6.489233
8173457	6.811177
8173486	5.74401
8173493	5.871718
8173501	2.483562
8173503	4.518909
8173506	3.5316
8173513	12.78663
8173522	3.217332
8173524	4.783407
8173531	7.364563
8173551	7.127778
8173579	2.697752
8173581	4.91784
8173583	5.603129
8173596	5.551144
8173600	5.019886
8173605	2.980849
8173607	10.1774
8173609	3.856139
8173611	4.440819
8173613	10.29772
8173615	8.539492
8173621	5.612885
8173629	7.274975
8173647	4.479453
8173665	3.827096
8173671	4.176504
8173673	7.837298
8173713	9.713892
8173729	7.966424
8173732	7.721118
8173745	5.954823
8173752	3.228036
8173755	3.820521
8173766	7.736629
8173812	5.351134
8173823	2.880497
8173825	7.261463
8173848	4.132311
8173862	2.647095
8173869	8.983029
8173890	4.346148
8173892	6.633789
8173912	7.855159
8173915	2.282639
8173917	3.576202
8173922	1.857821
8173924	3.465531
8173926	3.97574
8173928	2.274854
8173930	3.301322
8173933	3.493893
8173941	11.50382
8173955	8.069394
8173977	3.54615
8173979	9.026112
8173999	6.854526
8174005	8.50701
8174026	6.971527
8174029	3.329263
8174045	2.188571
8174047	6.093792
8174051	5.013937
8174076	6.390702
8174086	8.31991
8174092	6.777625
8174103	9.788151
8174105	4.459154
8174119	6.570303
8174132	2.237772
8174134	7.243301
8174141	4.647858
8174149	3.429349
8174189	2.396508
8174193	4.665933
8174195	6.120314
8174197	2.67736
8174199	3.40887
8174201	4.149846
8174207	4.188301
8174226	4.798696
8174228	7.179743
8174235	4.105741
8174239	4.832308
8174246	5.976262
8174251	3.615164
8174253	8.784061
8174263	4.720157
8174271	4.722333
8174277	2.892218
8174279	5.693833
8174281	2.715929
8174283	4.268369
8174288	5.157169
8174291	3.76
8174297	4.721795
8174302	2.029514
8174304	2.801383
8174311	2.132784
8174313	6.550025
8174317	5.247456
8174322	6.01285
8174338	6.496378
8174340	6.362892
8174351	3.472524
8174361	8.896551
8174373	2.354424
8174375	5.711355
8174379	7.77138
8174389	4.833501
8174442	3.120004
8174444	3.789633
8174448	3.174119
8174469	5.938322
8174474	8.588852
8174494	2.06357
8174496	7.687884
8174507	4.88758
8174509	9.869932
8174513	4.216247
8174527	5.120109
8174543	3.615156
8174554	3.897167
8174556	3.803338
8174568	4.591707
8174576	7.442721
8174592	5.363342
8174594	2.855412
8174596	4.622484
8174598	2.712039
8174610	2.874419
8174634	1.999396
8174636	10.2522
8174642	5.650815
8174646	3.597493
8174648	3.718987
8174654	8.224639
8174664	6.1546
8174666	3.889423
8174668	2.037848
8174670	3.639446
8174675	5.289434
8174677	7.383504
8174684	5.750979
8174692	6.373296
8174710	9.294735
8174715	3.227595
8174717	6.295482
8174731	5.081109
8174737	5.860451
8174750	4.302536
8174755	4.200332
8174761	5.735489
8174767	5.550304
8174779	9.815357
8174794	8.029488
8174820	6.570629
8174831	5.364149
8174837	5.368112
8174841	5.368112
8174845	5.368112
8174849	5.368112
8174853	5.292606
8174862	5.368112
8174867	5.368112
8174872	5.368112
8174876	5.368112
8174882	5.368112
8174887	2.503092
8174889	5.213963
8174891	5.907676
8174893	8.124018
8174933	2.979317
8174937	4.36943
8174968	5.473356
8174970	13.54373
8174972	4.998394
8174975	3.671204
8174977	4.875682
8174979	3.568311
8174983	3.484637
8174985	8.497332
8175016	5.271428
8175023	8.315818
8175039	6.472003
8175052	8.055564
8175076	5.64589
8175096	2.034476
8175098	5.467854
8175102	6.865169
8175119	4.655797
8175121	4.496917
8175151	3.094328
8175153	3.931428
8175155	3.261719
8175169	6.883831
8175177	7.208147
8175193	2.803141
8175195	4.397332
8175206	2.418837
8175209	2.772462
8175215	2.844184
8175217	3.755384
8175232	4.125719
8175234	3.979423
8175246	2.596579
8175248	2.912028
8175250	2.733141
8175252	2.162851
8175254	4.06863
8175256	6.355375
8175261	4.743568
8175263	4.030706
8175267	4.605456
8175269	6.989775
8175288	5.391382
8175297	2.20701
8175299	7.753327
8175302	7.886344
8175308	5.952417
8175311	3.745793
8175315	4.621376
8175317	5.217264
8175319	6.524187
8175330	3.392113
8175332	2.449978
8175336	2.977729
8175344	3.015018
8175353	2.683118
8175360	8.016392
8175365	3.00594
8175367	3.24023
8175369	4.015236
8175391	6.330304
8175393	6.063195
8175418	2.472276
8175420	9.009992
8175432	4.385877
8175434	4.54593
8175436	4.409708
8175438	5.668008
8175440	3.16386
8175442	4.798423
8175444	5.514673
8175455	6.598989
8175457	3.285104
8175490	2.1673
8175492	7.087287
8175524	2.565136
8175528	6.752471
8175531	2.717089
8175537	9.676847
8175539	7.113586
8175543	3.860044
8175550	3.66003
8175558	5.245033
8175562	3.204878
8175568	4.042016
8175570	3.306046
8175572	2.528446
8175574	3.092822
8175578	3.482929
8175583	2.62
8175585	5.516674
8175587	3.684597
8175589	3.513216
8175591	3.520596
8175593	8.31198
8175609	7.845503
8175611	6.866863
8175616	5.054106
8175621	7.369042
8175629	3.670872
8175638	6.329628
8175642	7.46248
8175647	5.733998
8175662	2.278709
8175664	4.706999
8175666	9.455963
8175683	8.642936
8175685	5.4105
8175690	4.054805
8175696	4.199826
8175706	3.642748
8175708	3.744326
8175710	4.808929
8175724	4.594436
8175732	5.363129
8175747	4.775117
8175755	7.664353
8175763	5.632234
8175768	5.98782
8175773	3.571634
8175775	4.70379
8175782	5.642332
8175802	5.748783
8175808	5.888949
8175811	6.914126
8175815	5.777536
8175835	8.972623
8175844	8.424939
8175860	4.876112
8175871	4.818509
8175900	6.549078
8175924	7.268046
8175933	5.335002
8175947	7.202389
8175977	7.108498
8175998	7.136455
8176006	4.562526
8176012	4.562526
8176018	4.736141
8176026	6.748563
8176076	6.736707
8176091	6.73375
8176093	6.28275
8176098	6.875852
8176109	7.296633
8176117	7.602984
8176133	7.893755
8176149	6.806307
8176155	3.677961
8176159	7.355026
8176163	5.59085
8176174	6.987687
8176191	9.840288
8176193	4.732895
8176219	5.709239
8176230	4.359035
8176234	4.147446
8176243	2.747128
8176245	8.302325
8176249	4.471469
8176253	5.30864
8176255	8.0276
8176263	7.721118
8176276	7.509604
8176280	2.407776
8176282	7.966424
8176284	4.099756
8176286	5.771413
8176297	4.267195
8176306	7.775239
8176323	5.214299
8176336	5.901574
8176342	6.444453
8176360	9.689006
8176373	3.218614
8176375	8.596775
8176384	7.369574
8176395	10.68
8176397	2.927711
8176400	4.18567
8176419	4.859241
8176427	4.786714
8176429	4.814181
8176435	3.757594
8176442	5.313725
8176460	6.702941
8176469	3.724923
8176471	2.775217
8176476	2.361788
8176478	2.030069
8176480	2.300823
8176482	6.146771
8176484	4.686481
8176494	4.497142
8176508	4.680942
8176517	4.835414
8176524	4.687792
8176532	4.321087
8176544	4.677091
8176553	3.935978
8176558	4.06681
8176568	3.603186
8176570	5.843383
8176572	5.521109
8176574	3.992847
8176576	3.725254
8176578	6.70012
8176624	8.97092
8176644	5.523601
8176648	7.401335
8176650	5.169185
8176655	6.574161
8176663	2.816799
8176665	3.697616
8176667	5.78209
8176669	5.021887
8176671	3.516131
8176673	2.599111
8176675	2.453373
8176677	4.787995
8176679	3.802508
8176681	2.975651
8176692	2.827199
8176698	7.484627
8176709	6.723674
8176719	7.668818
8176730	3.797159
8176737	2.855108
8176742	4.227379
8176753	4.49662
8176766	4.523156
8176782	4.476045
8176789	4.533413
8176806	4.700242
8176815	2.717618
8176817	2.557009
8176821	3.525524
8176832	3.531777
8176865	7.035168
8176867	3.525524
8176878	3.531777
8176910	6.566145
8176921	7.814788
8176923	4.84103
8176926	3.068735
8176931	2.49867
8176933	3.650028
8176935	4.743904
8176941	2.717618
8176943	2.557009
8176947	1.804047
8176949	3.991967
8176951	2.876375
8176955	4.454524
8176962	8.149013
8176972	6.085569
8176986	5.028227
8177003	11.32387
8177011	6.85183
8177026	4.781349
8177029	7.309885
8177038	2.473921
8177044	2.293284
8177046	4.946436
8177048	3.935978
8177053	4.06681
8177061	3.110622
8177070	2.386473
8177072	3.90604
8177079	2.570435
8177081	3.7699
8177083	3.332553
8177085	2.762992
8177092	3.786108
8177096	4.038385
8177101	3.757594
8177108	4.814181
8177114	4.786714
8177116	3.87606
8177118	3.708996
8177120	6.455428
8177130	3.834191
8177137	8.283696
8177169	5.169185
8177174	2.037848
8177176	2.816799
8177178	4.787995
8177180	2.453373
8177184	2.599111
8177186	3.216128
8177189	5.021887
8177191	5.78209
8177193	3.697616
8177195	2.827199
8177201	2.975651
8177212	3.802508
8177214	4.53478
8177217	6.524937
8177222	8.750294
8177227	2.413136
8177229	3.411758
8177232	7.419668
8177261	3.92215
8177269	3.619495
8177273	5.02703
8177277	7.226382
8177280	3.3108
8177282	4.19809
8177290	4.49662
8177303	3.194913
8177323	4.713507
8177331	4.654294
8177344	4.671466
8177347	4.476045
8177354	3.531777
8177387	1.804047
8177389	2.557009
8177393	2.717618
8177395	4.743904
8177401	3.650028
8177403	2.49867
8177405	3.068735
8177410	4.84103
8177413	6.566145
8177424	7.814788
8177426	3.803415
8177449	3.525524
8177460	7.035168
8177462	7.292822
8177478	7.003508
8177498	8.35255
8177507	7.578597
8177527	7.788044
8177544	10.07771
8177554	2.280985
8177560	7.83576
8177601	8.961067
8177620	3.893766
8177628	8.212066
8177635	7.038987
8177647	8.035324
8177658	5.943466
8177669	11.30198
8177674	7.778957
8177694	3.875915
8177696	3.177664
8177698	2.890141
8177700	2.564393
8177704	4.562193
8177706	4.743174
8177709	4.448573
8177717	8.765285
8177725	11.87905
8177732	12.29385
8177740	4.053868
8177744	7.49455
8177750	4.801129
8177760	5.520181
8177770	6.411201
8177782	7.613389
8177788	11.34131
8177797	8.507945
8177824	8.706929
8177834	5.90002
8177851	6.712523
8177858	10.14458
8177867	10.0112
8177885	6.252234
8177901	6.516047
8177931	8.43889
8177938	4.8843
8177947	5.08448
8177951	5.809506
8177955	6.407825
8177964	5.679844
8177967	6.24288
8177976	5.440962
8177983	5.642572
8177988	7.052505
8177996	6.639915
8178011	7.477909
8178043	5.86236
8178050	10.77419
8178059	7.279306
8178063	5.46314
8178070	5.326688
8178074	5.837448
8178080	7.307058
8178086	10.25778
8178090	7.426053
8178095	7.865227
8178115	8.645826
8178136	7.312866
8178164	6.776917
8178177	5.180822
8178188	8.638652
8178193	11.03636
8178199	10.22775
8178205	7.148675
8178211	7.982503
8178220	9.011971
8178225	9.723104
8178234	7.732487
8178244	8.153188
8178253	9.694727
8178264	7.239254
8178270	6.52029
8178275	5.196079
8178283	2.969097
8178285	3.504508
8178287	2.105251
8178289	3.174559
8178291	3.293713
8178293	2.894457
8178295	5.675451
8178298	6.490609
8178322	9.636311
8178324	5.356194
8178326	7.605242
8178330	7.522087
8178338	4.063425
8178346	7.176563
8178358	7.978682
8178377	7.753586
8178399	5.940654
8178404	6.405411
8178419	8.735332
8178435	7.53974
8178439	5.744998
8178442	6.221416
8178445	5.611635
8178448	6.111342
8178470	6.534057
8178476	10.46366
8178489	11.68238
8178498	12.21349
8178508	4.538228
8178512	7.608036
8178517	5.915212
8178526	8.705579
8178552	7.241701
8178554	5.534638
8178561	7.466184
8178582	5.548346
8178586	5.592139
8178590	7.855657
8178598	10.09582
8178609	7.157568
8178641	6.175281
8178650	5.4082
8178653	11.8395
8178676	9.880484
8178683	6.103208
8178686	7.502532
8178699	6.272419
8178712	5.265042
8178727	8.969293
8178749	5.680952
8178754	6.06462
8178762	7.377771
8178771	6.531847
8178790	6.808545
8178795	4.993846
8178802	9.382906
8178811	9.164032
8178826	6.897038
8178833	4.626857
8178841	7.168008
8178855	8.581524
8178867	7.964819
8178882	4.439438
8178884	8.448227
8178891	10.46518
8178897	5.222486
8178903	7.557969
8178917	8.906362
8178939	7.390655
8178955	8.325296
8178977	10.18949
8178988	6.94847
8178991	6.431903
8179003	3.875915
8179005	3.198626
8179007	4.562193
8179009	4.743174
8179011	4.19889
8179019	8.609183
8179028	6.662068
8179034	11.87905
8179041	12.50395
8179049	12.29333
8179055	6.943748
8179060	4.801129
8179070	5.520181
8179080	6.729766
8179088	6.411201
8179097	7.613389
8179103	11.34131
8179112	8.507945
8179139	8.706929
8179149	5.979602
8179167	6.712523
8179174	10.14458
8179184	9.982982
8179205	6.252234
8179221	4.628333
8179224	8.901794
8179228	5.08448
8179235	5.574348
8179238	5.546453
8179246	5.679844
8179249	6.24288
8179258	4.562402
8179263	5.642572
8179268	7.052505
8179276	6.639915
8179291	5.86236
8179298	10.547
8179309	5.326688
8179313	5.733502
8179322	11.39878
8179324	10.25778
8179326	7.426053
8179331	7.865227
8179351	9.043015
8179364	7.364741
8179391	6.865223
8179399	5.73054
8179440	5.180822
8179451	6.211515
8179472	7.368524
8179481	10.62876
8179489	10.22775
8179495	7.982503
8179504	9.061587
8179519	9.288942
8179525	9.723104
8179534	7.732487
8179544	9.694727
8179555	7.239254
8179559	6.52029
8179564	4.445247
8179575	8.71537
8179587	2.969097
8179589	3.504508
8179591	3.293713
8179593	2.894457
8179595	6.460293
8179617	7.550342
8179628	4.235263
8179638	7.663037
8179648	6.810293
8179664	7.978682
8179683	5.940654
8179688	8.735332
8179704	7.658475
8179709	4.818508
8179713	5.693784
8179716	5.92642
8179719	6.261402
8179727	5.992629
8179731	12.26334
8179750	10.51477
8179762	4.488156
8179768	7.608036
8179773	5.915212
8179782	8.705579
8179808	7.241701
8179810	5.548346
8179814	5.425721
8179819	7.855657
8179827	10.09933
8179839	6.175281
8179848	5.4082
8179851	9.456118
8179861	11.8395
8179884	7.516809
8179913	7.502532
8179926	6.050255
8179935	5.265042
8179950	6.06462
8179958	7.377771
8179967	6.539474
8179987	6.593057
8179996	4.993846
8180003	9.122901
8180022	6.897038
8180029	7.068583
8180034	7.156837
8180049	8.581524
8180061	7.964819
8180076	4.439438
8180078	7.610453
8180086	8.448227
8180093	5.756063
8180100	10.32929
8180105	5.222486
8180111	7.476179
8180123	8.995441
8180144	8.325296
8180166	10.3074
8180179	6.274502
7899375	4.277224
7899600	3.88432
7899795	6.267065
7900197	5.097204
7900508	4.180779
7901338	2.383765
7901416	3.13248
7901495	2.924652
7902223	5.046932
7902493	6.136848
7902685	3.03634
7904691	2.058272
7904867	1.811736
7904946	1.811736
7905039	2.224484
7905127	6.069683
7905129	2.646866
7906233	2.001987
7907747	2.903885
7907788	4.782948
7909125	2.405442
7909283	4.668852
7910140	3.354622
7910583	2.289021
7910676	5.869714
7910692	2.359027
7910946	2.04858
7911566	6.55611
7912207	3.242266
7912209	2.844549
7914139	2.533832
7914350	5.478118
7914665	5.850771
7914807	2.85853
7914921	3.859098
7916075	2.640966
7916627	3.24186
7916783	2.139083
7918153	8.188348
7919153	2.6485
7919403	2.6485
7919574	2.470861
7919747	7.15467
7919778	6.033671
7919969	4.477691
7920025	5.377925
7920256	3.893951
7921220	4.147654
7922992	3.010201
7923005	3.590909
7924205	2.182734
7925126	2.640286
7925318	5.347393
7925440	3.476053
7925509	5.720578
7926366	1.890717
7926443	2.93174
7926484	2.662425
7926898	2.340215
7926979	6.690141
7927548	3.676124
7927852	4.012425
7928328	2.209237
7928815	3.252095
7929956	2.194712
7930274	3.306539
7931027	4.131907
7932614	2.670806
7932883	5.891356
7933088	2.922683
7933178	6.941575
7933840	2.972479
7933945	7.597854
7933976	7.898319
7934566	5.354664
7935859	2.382459
7936282	2.076827
7936318	2.379613
7936966	5.781387
7938588	2.882315
7939640	3.581461
7941170	2.221046
7942061	4.122699
7942542	3.717384
7942611	6.010998
7942983	3.286829
7943191	3.040306
7943550	2.44285
7943734	2.149322
7943777	3.137891
7944162	3.413946
7945031	2.933106
7946659	5.629998
7947915	5.527456
7947932	2.175791
7948033	4.809995
7948139	2.493897
7948397	4.926836
7948416	2.776053
7950030	3.458178
7951349	3.748265
7951435	2.68891
7951668	3.471491
7952396	3.141624
7952599	2.529061
7953685	2.151971
7953934	3.41478
7954434	8.283335
7955074	2.287376
7955421	2.635279
7956892	4.076036
7957041	2.799575
7957497	2.180862
7957568	5.949302
7957954	2.43153
7959823	2.224553
7959825	2.584355
7960359	6.434351
7960846	2.504427
7962181	2.038812
7964596	3.77145
7964598	3.451059
7964685	2.274904
7964720	1.986991
7964870	3.608838
7965224	2.334162
7965650	4.508443
7965836	4.388092
7965838	6.930434
7965842	6.649645
7965871	4.839599
7966299	6.570691
7966425	6.357776
7966684	2.38443
7967698	5.187654
7967967	3.575366
7968252	5.57976
7968911	5.252863
7968913	5.905827
7969768	3.496857
7970426	7.131382
7970674	5.44472
7970945	2.902995
7971124	5.011003
7971511	5.256258
7971640	3.870795
7971899	4.357558
7971903	2.098812
7972414	4.712815
7972748	5.695289
7973748	3.404741
7973865	5.434384
7974335	5.158611
7975404	3.248448
7976576	4.049708
7978909	5.708973
7979131	2.125476
7979689	3.534608
7980065	2.8932
7981486	2.76581
7981779	2.756253
7982751	2.780917
7982935	7.448317
7983252	4.768855
7983270	2.646493
7983525	3.064933
7984622	2.001885
7985308	2.580256
7985930	5.354607
7986325	2.240059
7986346	4.808641
7986635	2.644535
7988603	5.547328
7990806	2.031816
7992067	5.39038
7992131	4.771901
7992136	6.014743
7992458	5.672933
7992742	3.295759
7992841	5.183977
7995523	2.366553
7996391	3.910426
7997372	3.025246
7997700	5.375022
7998823	6.810749
7998841	6.810749
7999171	4.206623
7999382	8.39916
8000700	3.428227
8001183	2.319901
8001231	4.459972
8001392	2.321749
8002247	2.249683
8003226	4.517385
8003599	3.428227
8003889	3.489785
8004219	3.445773
8005433	5.812952
8006028	2.70116
8006319	6.022867
8006592	5.307755
8006679	4.209076
8007139	2.374157
8007605	3.242399
8008704	4.367652
8008967	5.28653
8012841	3.760185
8013507	5.429459
8013985	5.815466
8014863	4.155781
8015014	2.06079
8015796	6.192693
8016016	6.27915
8016733	5.835767
8018814	3.036062
8018902	4.54472
8020804	2.354281
8020971	4.504733
8021438	5.165101
8021961	2.199566
8022174	3.744701
8022424	6.416955
8022801	3.714613
8023547	1.988013
8023644	2.33837
8023755	2.452236
8027266	4.217017
8027429	5.496411
8027437	5.138422
8028002	6.126868
8029278	4.272501
8029375	5.033416
8029937	4.268667
8030197	4.319593
8030826	3.265218
8031615	2.209154
8035234	5.528385
8035787	2.609883
8035859	6.203434
8036557	5.33044
8038137	2.991565
8039945	6.55611
8040336	2.685418
8040465	4.683066
8040486	5.413252
8040616	2.575317
8041636	5.576166
8042221	4.991094
8042694	2.047015
8043022	3.884909
8043024	2.192375
8044698	2.658489
8045497	2.789122
8046644	6.372905
8047036	4.125905
8047185	3.582578
8047782	3.02535
8048108	6.798604
8049073	10.43838
8049235	4.471353
8050111	2.125013
8051234	2.255075
8052016	6.08445
8052303	1.891714
8052592	3.017893
8053447	5.253856
8053646	2.601346
8054939	4.998284
8055309	6.817153
8055482	2.62245
8055666	2.30417
8055670	2.016197
8055967	5.364047
8056043	2.261597
8057032	2.452972
8057561	3.288496
8058969	4.726968
8059275	4.521189
8059714	2.643683
8060609	6.239938
8060837	4.948687
8060986	2.54347
8061068	3.838138
8061539	4.273871
8061881	5.265696
8062204	5.722887
8062685	4.030671
8063185	3.840219
8065016	8.935676
8065196	6.479915
8065198	2.1281
8065903	6.017376
8066264	3.111623
8066292	3.8334
8066459	5.884198
8066528	2.817201
8067862	6.416955
8068018	2.285801
8068549	4.253688
8068733	2.95209
8069206	2.647982
8070871	4.28994
8070930	5.148562
8075057	4.578786
8075162	2.075218
8075308	2.118492
8075776	4.073386
8078153	4.372922
8078185	3.209654
8078384	2.340282
8078448	3.618774
8078603	6.758629
8078958	3.933591
8079058	6.384088
8079151	2.567685
8079368	6.294336
8079588	1.813167
8080909	6.115567
8080985	3.205958
8081034	2.178632
8082795	3.760821
8083061	3.56855
8083322	4.159418
8083590	2.220317
8083790	2.483169
8084810	5.337171
8084836	2.470604
8085060	3.202827
8085358	6.408396
8086515	2.555893
8086878	3.573037
8087545	4.632888
8088476	2.101862
8088915	2.290694
8089928	6.559248
8090446	2.433902
8091118	3.854767
8091186	2.807166
8091554	7.981067
8093035	4.881592
8093037	3.157914
8094391	3.783438
8094899	2.278111
8095260	4.317887
8095758	2.548543
8096413	2.536013
8096531	2.269487
8097285	1.974189
8097476	3.63213
8097645	3.216762
8097934	2.469535
8097936	6.316126
8098161	2.165051
8098463	2.292507
8099756	2.381659
8100123	2.417623
8100290	4.426475
8100426	5.770729
8100456	5.807951
8100521	4.515712
8100599	3.532339
8101063	2.410861
8102592	3.003402
8103538	3.013574
8103849	2.534443
8104070	4.767395
8104447	4.013942
8104650	2.073666
8104661	2.732065
8104928	3.642419
8105061	5.033005
8105179	3.35218
8105300	5.277708
8105321	5.743554
8106720	5.460198
8107131	2.815463
8107472	3.404424
8107644	5.807331
8108433	2.632766
8108979	3.261459
8109424	6.38589
8109661	2.359293
8110585	5.017793
8111666	3.901886
8111885	3.279853
8112018	2.639423
8112609	3.563501
8112738	4.733518
8112855	2.516548
8113639	3.093041
8113701	4.772103
8113707	2.335167
8114285	2.867766
8114579	2.03128
8114898	4.370595
8115344	3.641551
8115366	2.734412
8115541	2.640756
8115873	5.264355
8117170	2.691279
8117710	7.31797
8119076	3.95025
8120979	2.553142
8121085	6.086354
8121269	3.894157
8121483	1.996634
8122194	7.038188
8122816	3.721898
8122875	4.189225
8123101	4.670228
8123332	4.754098
8123712	2.916564
8124482	2.720138
8125443	2.805573
8125445	2.916572
8125857	6.302775
8126358	3.454066
8126627	3.242202
8127995	2.3418
8128075	5.046767
8128077	2.269911
8128327	5.199381
8129315	2.561437
8131867	2.190689
8132243	4.241277
8132501	6.182894
8132847	3.114276
8133845	3.39753
8134316	2.642192
8134431	7.871603
8136612	2.729441
8137040	3.368421
8137435	3.395252
8138007	9.584121
8139017	2.112236
8140168	2.96349
8140965	7.021549
8142017	5.234357
8142876	2.868621
8144947	3.239364
8145797	4.596764
8146326	2.878945
8146480	4.762729
8146754	2.695522
8147047	2.947703
8148194	4.317329
8148461	3.147745
8149069	4.200933
8149256	6.301749
8150087	8.393584
8150151	2.41577
8151030	5.372763
8151213	2.154619
8151279	2.051272
8151308	3.067348
8151434	2.323004
8151492	3.125772
8151989	2.486188
8152094	2.739492
8152367	2.110332
8152626	3.525375
8152701	5.631951
8152819	3.92411
8153320	5.705344
8154361	2.352062
8154365	5.240939
8154572	2.596709
8155212	2.052945
8156110	4.036734
8156579	2.015927
8156844	2.597881
8157485	2.532439
8157522	3.911803
8157605	5.085571
8157841	2.782059
8157888	2.130278
8158511	3.464197
8158664	2.716053
8158910	4.532594
8159848	3.095158
8159957	4.576814
8160084	2.216324
8160470	4.292967
8160784	2.648504
8161421	6.914006
8161644	3.486825
8162177	4.279595
8164006	3.296521
8166583	2.438234
8166609	2.39454
8167161	4.685391
8168672	2.09811
8169636	3.235579
8171531	3.458116
8171881	2.169953
8172086	6.187369
8172156	5.369649
8173164	3.105409
8173549	3.87108
8173627	4.073582
8174644	3.93668
8176415	2.516983
8176566	7.888208
8176779	3.999662
8177068	3.317496
7892796	13.72745
7892925	10.63749
7893130	11.49606
7893306	7.691256
7893613	9.707839
7893939	9.373551
7894584	6.299857
7894611	9.01228
7894970	13.96276
7895139	7.421651
7895220	10.72782
7896160	10.23201
7896366	12.65983
7896687	7.721034
7896688	6.178053
7896689	8.186825
7896690	7.380426
7896691	5.149799
7896692	7.891151
7896693	8.699899
7896694	6.414163
7896695	6.390989
7896696	7.136284
7896697	4.254539
7896698	7.831372
7896699	6.54585
7896700	5.360385
7896701	4.409001
7896702	4.504039
7896703	7.759063
7896704	7.797091
7896705	8.64826
7896706	6.076236
7896707	7.127827
7896708	4.395439
7896709	8.661591
7896710	7.726835
7896711	6.22927
7896712	5.014054
7896713	7.168868
7896714	7.088441
7896715	4.923201
7896716	8.509274
7896717	7.45373
7896718	5.187082
7896719	4.748229
7896720	4.595663
7896721	4.60272
7896722	5.147205
7896723	7.104787
7896724	3.590596
7896725	3.439344
7896726	5.527
7896727	5.810312
7896728	6.61381
7896729	3.163917
7896730	3.861614
7892601	5.195904
7892698	1.88806
7892756	1.935536
7892815	2.303524
7892916	7.045079
7892943	1.992116
7892971	1.985824
7893026	6.701507
7893348	8.784115
7893368	1.97379
7893409	5.258364
7893426	2.33278
7893625	2.067334
7893643	2.499825
7893687	2.07883
7893988	1.876985
7894132	8.111833
7894198	1.890649
7894480	8.197517
7894592	8.442204
7894750	2.127309
7894862	7.608228
7894881	6.650786
7894892	4.665932
7894998	3.831476
7895078	2.949237
7895402	2.480314
7895613	1.816451
7895644	5.98219
7895667	2.261536
7895703	3.320174
7895732	8.503654
7895892	1.955419
7895923	8.275017
7895949	2.235403
7895968	2.845895
7895973	7.027869
7896216	2.037848
7896237	3.773234
7896388	8.100659
7896419	3.435277
7896573	4.728096
7896637	7.617324
7896658	2.096843
7896667	6.048424
7892501	5.19254
7892509	11.15322
7892514	9.9375
7892516	6.120738
7892521	7.664697
7892530	7.420625
7892536	10.9186
7892541	9.025472
7892542	8.702284
7892548	6.86929
7892549	6.935504
7892555	7.660109
7892556	12.9464
7892559	6.664207
7892561	9.806561
7892562	8.220973
7892564	10.28775
7892565	7.155669
7892568	11.00979
7892569	7.957403
7892574	10.3984
7892576	5.843919
7892578	3.200613
7892579	9.559544
7892596	4.024462
7892598	10.31846
7892599	9.530676
7892605	8.316105
7892609	2.623678
7892610	7.690593
7892618	6.851014
7892620	10.54297
7892621	12.23389
7892622	9.271111
7892623	9.210511
7892625	7.073758
7892627	7.210853
7892628	10.05758
7892630	9.488471
7892635	9.062988
7892639	7.433481
7892640	12.5011
7892643	9.514441
7892644	10.31123
7892648	9.147466
7892650	12.07125
7892652	11.62759
7892661	10.65042
7892662	8.270618
7892663	12.17528
7892668	10.43342
7892670	8.030894
7892674	7.152502
7892678	6.558758
7892679	7.047435
7892680	7.820689
7892682	3.549631
7892684	9.854731
7892687	5.989522
7892688	6.203484
7892694	6.356825
7892697	6.354846
7892699	7.256801
7892701	9.06236
7892703	7.691073
7892704	12.93007
7892717	6.87105
7892720	8.604197
7892732	6.808062
7892742	9.677223
7892745	9.75652
7892747	7.193207
7892757	8.79786
7892762	11.24423
7892764	9.655439
7892766	10.85002
7892770	9.42623
7892771	9.453373
7892773	7.156449
7892776	9.279264
7892778	7.082348
7892786	8.65194
7892788	10.65505
7892791	11.97818
7892797	7.508683
7892802	9.325017
7892803	13.11423
7892808	8.625154
7892814	10.65296
7892817	13.31118
7892820	11.6032
7892825	4.288165
7892829	12.00546
7892830	11.59857
7892831	11.21376
7892832	7.748337
7892835	10.17496
7892836	11.00137
7892837	9.998146
7892838	10.20199
7892841	9.249852
7892846	11.86445
7892847	7.596642
7892848	9.485581
7892853	11.77512
7892857	11.36714
7892861	11.50675
7892868	12.70633
7892870	5.952147
7892876	4.768136
7892880	9.921306
7892882	9.535803
7892884	10.59411
7892890	10.49174
7892893	7.543251
7892894	10.0429
7892896	10.61432
7892898	7.190686
7892900	12.00139
7892901	11.01944
7892902	13.22378
7892905	2.403172
7892906	12.75615
7892907	11.89197
7892911	6.587433
7892912	4.924218
7892919	9.509742
7892935	9.699653
7892939	9.827037
7892941	12.25105
7892944	8.531535
7892947	10.04344
7892951	7.681025
7892953	8.113939
7892954	11.01283
7892959	6.008256
7892966	11.34787
7892967	9.407005
7892968	7.287308
7892972	10.16161
7892977	12.48401
7892979	9.167723
7892981	10.12572
7892983	11.61707
7892986	10.93779
7892995	2.300093
7893001	8.782886
7893002	10.58407
7893005	4.337444
7893012	10.26173
7893015	12.3776
7893019	6.166865
7893023	9.624405
7893025	7.835937
7893027	5.402061
7893029	12.46401
7893030	7.23209
7893031	9.308106
7893032	7.015313
7893036	8.440735
7893039	10.37172
7893050	12.12362
7893058	10.21817
7893061	9.875123
7893064	7.314198
7893070	9.501709
7893073	9.065796
7893074	7.139357
7893079	10.48583
7893081	11.94884
7893086	8.501974
7893087	9.857644
7893090	13.40049
7893091	7.647853
7893094	11.56817
7893097	8.807506
7893103	12.67749
7893113	8.600842
7893118	8.727245
7893122	7.556666
7893125	7.3583
7893128	7.443903
7893131	11.18758
7893133	11.95773
7893138	12.49984
7893139	11.98874
7893153	10.50571
7893160	11.25715
7893164	10.88385
7893166	2.90239
7893170	4.462764
7893173	12.54648
7893181	9.680638
7893184	7.742071
7893187	10.09938
7893191	9.540195
7893194	11.37795
7893196	10.21091
7893201	10.78104
7893205	11.55118
7893206	6.377137
7893208	9.79479
7893217	8.812974
7893218	13.12541
7893229	5.422583
7893232	6.655116
7893235	7.782509
7893238	10.91078
7893240	8.740183
7893244	10.58665
7893248	7.554896
7893249	7.794662
7893250	5.600091
7893257	7.472122
7893258	9.307126
7893259	11.04859
7893261	11.24634
7893262	9.405746
7893264	11.98842
7893266	11.39347
7893268	7.619016
7893270	12.24133
7893271	10.69305
7893272	11.62363
7893273	6.726654
7893277	6.828715
7893291	3.905115
7893297	10.29375
7893298	10.52125
7893305	6.595481
7893309	6.151464
7893313	9.70424
7893316	12.23301
7893325	6.633605
7893333	7.522678
7893339	8.705389
7893340	8.999579
7893344	9.853005
7893345	12.15898
7893346	8.400024
7893349	7.571098
7893350	6.816975
7893354	9.97986
7893356	10.61155
7893357	11.91697
7893359	5.767885
7893362	8.86325
7893363	8.083794
7893364	10.59678
7893371	12.35618
7893374	10.76628
7893382	11.86061
7893384	6.811216
7893385	11.72312
7893386	13.43477
7893390	10.27648
7893392	6.530954
7893393	13.41214
7893394	11.43923
7893395	8.499076
7893399	10.33316
7893407	10.22509
7893413	8.970622
7893419	11.05548
7893420	9.949242
7893422	11.58858
7893424	11.38225
7893439	12.34505
7893441	8.46185
7893443	6.679729
7893447	9.579334
7893449	10.11431
7893453	7.567389
7893454	9.70989
7893455	7.351808
7893458	9.795515
7893460	11.48458
7893461	8.937538
7893463	5.868724
7893466	11.17225
7893467	8.547339
7893476	9.788106
7893477	7.96827
7893481	6.132092
7893485	9.637013
7893486	12.83991
7893494	9.083696
7893497	7.355071
7893500	7.393374
7893504	9.818058
7893506	5.736135
7893516	10.9783
7893517	8.195373
7893518	7.707405
7893528	6.856886
7893530	11.81929
7893534	8.840888
7893539	11.25421
7893543	12.10595
7893544	5.692675
7893547	12.58506
7893549	7.045102
7893550	11.23188
7893551	9.754802
7893552	6.320941
7893554	10.01926
7893558	9.171261
7893559	12.88076
7893561	9.728863
7893564	13.83327
7893568	6.33333
7893571	11.63466
7893572	6.713197
7893573	10.53366
7893574	11.25188
7893582	12.54915
7893587	7.249514
7893591	10.88657
7893592	11.93779
7893593	8.88549
7893594	7.092153
7893602	9.508743
7893603	12.17503
7893608	9.055386
7893609	10.74104
7893619	9.904556
7893628	9.645034
7893630	6.631795
7893632	12.93602
7893639	9.894415
7893640	7.534064
7893641	11.1746
7893642	11.36774
7893647	11.71205
7893649	9.024449
7893650	12.28805
7893657	6.328824
7893662	12.80321
7893664	8.84116
7893676	11.02973
7893681	1.737484
7893682	8.560838
7893684	9.420176
7893685	9.134996
7893690	8.870199
7893700	9.118154
7893709	10.00695
7893711	10.08625
7893714	8.530247
7893715	9.405951
7893717	7.585612
7893721	5.665132
7893727	13.70185
7893729	7.79658
7893732	11.31465
7893733	11.38613
7893734	11.50254
7893738	7.007507
7893740	10.799
7893745	6.581846
7893747	8.623861
7893752	8.442692
7893759	11.78638
7893762	13.77345
7893763	12.2155
7893769	7.62547
7893773	11.70282
7893774	11.02403
7893777	7.209859
7893778	10.15298
7893779	10.14321
7893782	8.004097
7893785	11.49602
7893787	3.998821
7893788	8.997536
7893792	9.944849
7893793	5.525321
7893796	6.411624
7893798	5.739359
7893806	6.381783
7893808	12.36739
7893814	5.788405
7893815	11.60499
7893816	10.87814
7893821	8.128752
7893822	5.391911
7893827	8.758089
7893834	7.114837
7893840	8.022782
7893850	11.68221
7893853	7.984339
7893855	8.548679
7893856	8.97567
7893870	8.065223
7893880	11.92477
7893883	10.97903
7893886	8.823937
7893888	8.431702
7893892	8.647453
7893904	12.92484
7893905	8.116383
7893908	6.016334
7893910	6.986897
7893913	7.892551
7893918	4.956563
7893919	8.670165
7893921	7.377409
7893922	8.853317
7893923	13.11165
7893926	11.7502
7893928	9.242711
7893933	7.448663
7893941	7.840999
7893946	8.210242
7893948	9.763826
7893952	9.540233
7893956	13.19824
7893961	6.546725
7893963	2.904731
7893966	12.08768
7893968	8.16919
7893973	9.868649
7893979	8.61676
7893981	7.669762
7893991	9.018822
7894010	4.71197
7894011	7.343843
7894012	12.69904
7894019	11.41661
7894029	11.26681
7894033	12.03408
7894041	9.098271
7894042	8.891379
7894043	12.94158
7894044	10.77915
7894051	13.0481
7894055	8.89185
7894056	9.849055
7894057	12.30847
7894058	11.99072
7894061	9.952871
7894067	8.237743
7894068	8.630857
7894070	11.64583
7894072	10.52469
7894074	11.3752
7894076	10.4712
7894078	7.203401
7894083	11.62692
7894086	11.9341
7894088	8.955509
7894098	12.61732
7894100	12.56026
7894104	9.625854
7894107	11.44011
7894110	11.9906
7894114	13.29893
7894115	8.223536
7894118	9.435153
7894119	9.923007
7894125	11.87668
7894134	10.31844
7894136	9.505128
7894138	6.861544
7894146	8.269033
7894157	3.476124
7894158	7.736865
7894160	7.8123
7894161	7.887769
7894165	7.213566
7894171	10.7331
7894185	10.3573
7894186	11.07736
7894188	9.383466
7894195	9.181389
7894196	3.745353
7894199	6.618667
7894204	6.446352
7894205	11.38025
7894209	6.652724
7894211	10.08241
7894212	9.510385
7894214	12.81377
7894226	7.402783
7894238	3.271307
7894239	11.74489
7894251	5.725128
7894252	10.35658
7894258	11.67984
7894262	9.068782
7894263	12.30422
7894264	10.4459
7894267	8.749714
7894269	10.79942
7894272	6.890573
7894277	5.290829
7894282	11.11291
7894284	10.7914
7894289	10.15028
7894290	6.853014
7894291	7.173774
7894294	11.46931
7894295	9.464808
7894304	11.35345
7894306	9.134098
7894307	13.546
7894315	9.035425
7894316	9.529983
7894321	7.118382
7894324	13.11285
7894329	4.277456
7894331	7.704296
7894336	6.401272
7894341	9.773277
7894350	5.971789
7894355	7.420622
7894363	9.595892
7894366	11.46064
7894372	12.14597
7894373	6.233937
7894374	9.977663
7894375	9.104993
7894376	8.834374
7894379	9.962925
7894380	10.44065
7894386	7.515507
7894389	8.736586
7894395	10.628
7894402	11.44678
7894404	10.91668
7894411	9.837198
7894412	8.116923
7894413	10.72582
7894416	11.09208
7894419	8.987825
7894421	11.03959
7894427	5.35193
7894428	7.87816
7894429	9.909204
7894431	9.731686
7894433	11.03083
7894435	7.638537
7894436	10.04906
7894437	6.894933
7894438	7.547281
7894439	11.27254
7894449	10.68512
7894451	9.017756
7894459	8.718913
7894469	12.24065
7894470	9.682292
7894471	11.3478
7894474	7.769548
7894478	7.136013
7894479	8.478409
7894485	12.47269
7894489	8.774921
7894492	9.338304
7894496	10.69468
7894498	9.358785
7894501	10.2934
7894504	5.559521
7894512	11.97514
7894513	10.25377
7894515	9.883724
7894516	9.441315
7894518	7.064854
7894519	10.29802
7894520	10.45492
7894527	12.16966
7894529	8.502547
7894535	12.42288
7894536	12.46806
7894540	13.04519
7894542	12.48375
7894546	7.523049
7894548	10.3612
7894549	5.82326
7894551	11.95327
7894552	11.66521
7894555	8.6444
7894557	8.50549
7894558	7.267885
7894561	9.783173
7894562	5.976107
7894563	6.254947
7894570	5.014054
7894574	8.907472
7894579	11.74046
7894581	9.323925
7894583	8.758861
7894594	3.954271
7894596	11.67752
7894599	7.495866
7894604	9.740799
7894605	12.03314
7894617	9.600676
7894627	7.054101
7894634	11.09476
7894635	6.504665
7894637	9.746924
7894638	11.35274
7894639	10.00229
7894642	10.78502
7894648	7.848177
7894657	10.09107
7894661	11.5115
7894662	10.17014
7894665	9.355068
7894666	11.64136
7894672	12.0406
7894674	10.91494
7894675	9.500614
7894681	9.873913
7894682	10.37474
7894683	4.367976
7894685	10.74876
7894687	11.99917
7894698	10.01123
7894699	12.39759
7894700	8.383939
7894704	10.42055
7894708	8.86834
7894711	9.192956
7894712	10.33919
7894716	11.62872
7894722	9.52821
7894725	11.38576
7894732	9.390835
7894737	8.027205
7894740	13.02874
7894742	3.902478
7894744	12.24151
7894746	3.979818
7894757	11.07854
7894758	12.80214
7894761	11.92389
7894767	12.08549
7894769	9.04312
7894771	9.289083
7894774	11.76127
7894777	6.115829
7894782	6.534145
7894788	5.703053
7894790	9.669431
7894791	6.513021
7894796	10.4199
7894798	9.998871
7894801	8.612836
7894806	11.09753
7894808	10.78133
7894813	8.877542
7894824	8.848372
7894826	10.28121
7894827	9.186287
7894834	8.920444
7894837	8.097657
7894838	8.551932
7894844	6.705301
7894845	11.15189
7894846	10.13841
7894858	12.03518
7894860	11.04042
7894873	9.009293
7894877	8.60491
7894878	10.33999
7894884	8.50065
7894896	10.6716
7894903	10.1294
7894906	7.56334
7894908	11.31557
7894914	11.30316
7894916	9.046743
7894919	10.08602
7894926	10.54912
7894927	5.507854
7894944	4.449925
7894946	3.111509
7894951	9.041966
7894964	11.40307
7894968	8.82654
7894969	7.167023
7894971	11.90881
7894974	9.288821
7894977	7.086075
7894978	8.388395
7894980	6.750847
7894982	12.94156
7894984	8.418532
7894990	12.37548
7894999	13.09687
7895001	9.633354
7895003	8.957841
7895005	11.60018
7895008	5.079848
7895012	10.46725
7895014	8.476093
7895016	9.794282
7895017	12.98439
7895018	8.85414
7895019	7.098135
7895026	8.662905
7895031	6.532293
7895032	9.247616
7895033	9.465718
7895034	10.55283
7895036	10.56862
7895038	9.895986
7895039	10.9339
7895042	10.19406
7895045	9.957412
7895052	10.17746
7895054	9.221696
7895055	10.19938
7895056	8.844697
7895057	12.91575
7895062	8.31641
7895067	9.114371
7895068	9.87682
7895069	7.891342
7895072	11.84538
7895077	10.01238
7895081	7.333326
7895082	10.95519
7895084	10.32045
7895087	10.15882
7895088	11.03221
7895089	11.48452
7895090	10.60382
7895091	7.479531
7895096	8.000072
7895098	7.431108
7895101	10.16003
7895105	6.373828
7895110	12.21747
7895112	13.17062
7895119	11.38119
7895121	8.282042
7895122	12.2414
7895123	9.339457
7895133	10.88496
7895136	2.190689
7895137	12.2418
7895145	7.067536
7895147	8.714808
7895149	11.03564
7895153	8.322665
7895157	11.31273
7895160	8.86252
7895161	10.96224
7895162	8.253337
7895168	7.696955
7895170	12.02542
7895171	8.502403
7895176	3.479741
7895177	9.157785
7895180	8.632097
7895186	6.608477
7895187	7.712595
7895192	10.71996
7895203	8.521172
7895214	11.65676
7895215	10.75727
7895221	10.19837
7895225	10.37437
7895226	10.50473
7895227	10.84731
7895231	10.05418
7895237	7.735331
7895238	11.02274
7895241	9.046625
7895246	9.301665
7895247	8.938846
7895248	11.9466
7895252	7.812788
7895256	9.812738
7895258	8.023284
7895263	11.37365
7895264	8.159788
7895267	9.631094
7895271	10.78819
7895272	11.48988
7895273	12.12598
7895274	12.11004
7895275	12.07834
7895276	11.83381
7895277	12.0737
7895283	7.505721
7895288	8.579267
7895289	10.21426
7895290	8.709409
7895291	4.291295
7895294	7.299057
7895298	8.72954
7895299	10.97374
7895308	6.818098
7895312	10.6446
7895317	12.42337
7895318	6.374044
7895320	10.98392
7895322	10.38258
7895324	9.542985
7895325	8.739853
7895328	11.95794
7895330	12.5142
7895331	5.058762
7895334	9.057463
7895336	11.44481
7895340	10.4129
7895347	4.888702
7895355	3.995208
7895356	9.089915
7895357	7.96373
7895358	10.60113
7895360	11.42304
7895365	5.405704
7895373	12.12739
7895376	10.61902
7895379	11.49671
7895382	12.42366
7895393	11.23002
7895397	7.751585
7895404	6.83655
7895405	10.40172
7895411	8.750355
7895414	11.48387
7895417	7.938757
7895419	9.214396
7895422	9.715981
7895425	7.069371
7895427	8.201731
7895438	3.534811
7895439	6.071046
7895441	6.928802
7895444	11.51608
7895447	11.22791
7895468	3.126567
7895472	10.59615
7895475	12.28336
7895476	10.04245
7895478	8.538162
7895481	11.72888
7895484	10.77237
7895490	9.385563
7895492	8.811638
7895499	5.200084
7895509	8.192762
7895510	13.01898
7895515	9.135277
7895517	10.24674
7895518	11.88838
7895520	13.8897
7895521	11.3142
7895525	9.704376
7895532	5.506533
7895538	9.24379
7895539	8.377443
7895542	9.566678
7895544	7.985135
7895545	11.92843
7895547	10.93156
7895548	9.508045
7895551	12.27161
7895554	13.54731
7895557	13.494
7895559	10.0677
7895574	8.51118
7895578	9.32852
7895579	10.96519
7895585	8.084735
7895588	11.75312
7895590	8.08222
7895596	9.758922
7895597	7.170044
7895599	9.43746
7895602	11.09859
7895604	8.107565
7895606	12.56675
7895610	10.76482
7895614	6.22459
7895616	10.42849
7895619	10.29132
7895620	7.614333
7895622	11.11469
7895626	12.2722
7895629	8.39441
7895630	8.613269
7895632	9.831769
7895640	5.260428
7895643	8.969133
7895647	7.17093
7895656	7.445799
7895657	11.65401
7895658	5.756581
7895661	10.65667
7895665	10.9018
7895674	12.07759
7895676	9.609247
7895677	6.708083
7895681	6.616128
7895685	6.60743
7895687	12.74472
7895690	11.98571
7895691	8.627843
7895693	11.47344
7895694	11.59445
7895697	11.49516
7895704	11.78725
7895710	10.24975
7895719	9.966112
7895721	10.14707
7895726	7.357766
7895729	8.887486
7895737	8.111336
7895739	9.391129
7895752	7.683606
7895758	11.36454
7895759	8.218973
7895761	7.240312
7895762	12.95864
7895767	9.709511
7895770	9.051326
7895774	5.219995
7895778	12.44853
7895780	10.69206
7895787	9.084958
7895790	10.51982
7895791	8.207278
7895806	8.98137
7895808	10.60399
7895810	8.275391
7895816	7.630554
7895817	8.872097
7895818	10.91295
7895824	11.23284
7895831	7.544291
7895832	8.947588
7895841	9.134784
7895842	8.54275
7895846	9.714225
7895847	8.340445
7895853	8.46616
7895855	6.939496
7895857	7.226458
7895861	1.730172
7895866	9.235096
7895869	8.019428
7895873	12.07376
7895878	10.91969
7895879	6.196486
7895881	11.72778
7895885	10.79892
7895886	11.44747
7895890	7.806818
7895900	6.274819
7895901	7.294452
7895903	9.909221
7895904	6.585787
7895907	5.179971
7895908	6.376881
7895911	11.43453
7895913	8.654368
7895916	9.196964
7895918	10.60993
7895919	9.852622
7895928	12.29685
7895929	9.455049
7895932	10.28962
7895933	6.111163
7895934	9.677481
7895937	10.88996
7895939	10.40895
7895943	7.424888
7895944	11.21964
7895945	7.279893
7895947	5.975821
7895948	7.879732
7895952	8.361811
7895953	11.49073
7895954	9.648197
7895963	7.872386
7895964	11.68898
7895971	8.727386
7895972	11.7533
7895981	8.123534
7895982	11.00265
7895985	10.03874
7895994	13.4581
7895995	8.703599
7895996	10.65549
7895997	9.126017
7895999	6.512862
7896001	8.508012
7896005	9.047744
7896007	11.45129
7896013	4.253471
7896022	11.9966
7896025	9.164249
7896026	6.948257
7896029	11.10175
7896030	10.39341
7896036	12.11622
7896038	9.38333
7896039	8.246437
7896041	10.72234
7896044	11.00714
7896047	10.56818
7896050	12.57226
7896054	10.66605
7896059	9.630088
7896064	10.17501
7896067	11.99719
7896069	8.948778
7896070	9.081964
7896076	8.444364
7896082	12.20657
7896084	12.72786
7896085	8.860804
7896089	7.431497
7896091	10.62132
7896094	7.017301
7896095	7.183175
7896101	8.487452
7896108	9.996765
7896111	12.9662
7896112	8.182148
7896120	8.142695
7896123	9.326522
7896128	7.651032
7896130	7.557004
7896133	8.84242
7896136	12.18078
7896137	8.294426
7896138	9.618135
7896139	9.783083
7896140	11.59849
7896142	12.22463
7896148	10.83015
7896156	11.18078
7896157	11.48662
7896158	7.324346
7896159	11.97744
7896162	7.709353
7896167	8.42226
7896168	12.96426
7896169	10.35729
7896170	12.63143
7896174	11.29886
7896175	9.59879
7896178	8.658466
7896184	13.03391
7896185	8.570271
7896186	9.100808
7896188	9.930773
7896191	9.611529
7896200	9.249343
7896201	11.09828
7896205	10.18965
7896210	11.22303
7896221	7.872456
7896222	6.030873
7896227	13.58854
7896228	9.481401
7896230	9.123889
7896231	8.992533
7896232	5.570028
7896240	9.847125
7896241	8.548944
7896247	10.87648
7896249	10.4452
7896250	11.97923
7896253	13.23536
7896258	11.55205
7896269	9.050473
7896277	7.285097
7896278	7.860108
7896283	6.312582
7896287	8.861303
7896292	13.26507
7896302	8.518363
7896308	11.15058
7896310	10.2535
7896319	10.55331
7896321	10.49425
7896324	8.128721
7896325	9.710907
7896329	7.98216
7896331	8.161347
7896337	7.115753
7896339	10.47761
7896343	7.54753
7896345	12.55295
7896349	12.21027
7896352	11.92001
7896356	9.159678
7896358	9.586812
7896360	9.708686
7896362	8.45
7896365	6.413123
7896367	10.90678
7896369	10.52343
7896370	10.51477
7896371	12.56779
7896372	6.647589
7896374	1.974594
7896375	10.97062
7896378	8.010442
7896383	2.620387
7896384	10.80796
7896385	12.31998
7896387	13.63021
7896391	6.068773
7896394	7.533983
7896395	7.230805
7896397	13.90103
7896398	6.753708
7896421	12.43325
7896422	10.38921
7896425	8.41411
7896426	7.115137
7896427	10.53415
7896430	9.193764
7896431	2.620387
7896432	8.0273
7896434	11.42121
7896438	11.96452
7896439	8.046712
7896443	8.24849
7896446	7.17307
7896456	8.277693
7896458	10.55295
7896460	4.733518
7896464	9.921898
7896466	8.763505
7896468	9.242176
7896472	9.119653
7896474	8.044771
7896476	8.099071
7896482	10.13267
7896483	9.351041
7896484	9.214906
7896485	11.4297
7896490	8.545248
7896491	12.39179
7896493	8.902119
7896498	10.58863
7896499	6.618667
7896508	10.61047
7896511	10.37045
7896512	10.1951
7896520	9.606796
7896521	4.945737
7896522	8.81255
7896525	6.588866
7896528	11.72989
7896529	8.014542
7896530	2.108188
7896531	10.1621
7896533	11.54807
7896534	9.007753
7896542	9.693297
7896544	10.90512
7896546	7.24071
7896547	7.234669
7896553	6.218594
7896554	10.90733
7896558	6.984165
7896561	8.641432
7896582	7.74637
7896586	11.2835
7896594	11.79223
7896596	9.159506
7896599	9.847994
7896600	7.794492
7896602	8.897583
7896605	10.23062
7896608	8.590903
7896616	10.51125
7896621	10.01988
7896622	12.62764
7896623	7.074495
7896627	7.215277
7896646	7.076211
7896647	10.82656
7896651	9.967643
7896652	9.706594
7896653	12.18911
7896657	12.07611
7896659	7.338958
7896664	10.25955
7896673	8.801661
7896677	7.400477
7896683	10.5506
7896684	11.98054
7896685	10.73946
7892502	5.286942
7892503	5.665433
7892504	9.488052
7892505	3.542471
7892506	4.298611
7892507	5.245608
7892508	5.021795
7892510	4.035005
7892511	3.305353
7892512	8.03503
7892513	4.594209
7892515	9.50442
7892517	7.122671
7892518	2.887421
7892519	5.756683
7892520	9.364763
7892522	6.135791
7892524	7.381521
7892525	6.600183
7892526	6.641097
7892527	8.589858
7892528	2.852558
7892529	6.035058
7892531	7.310137
7892532	3.559378
7892533	8.301748
7892534	5.809769
7892535	6.618667
7892537	3.225936
7892538	4.606244
7892539	4.011945
7892540	6.777769
7892543	5.977401
7892544	3.92242
7892545	5.610713
7892547	5.09795
7892550	7.452789
7892551	11.75256
7892552	7.0848
7892553	6.786257
7892554	4.751569
7892557	2.58938
7892558	4.295718
7892560	5.203677
7892563	6.988792
7892566	5.401138
7892567	6.193015
7892570	7.602002
7892571	2.899929
7892572	5.985058
7892573	7.212761
7892575	7.002604
7892577	2.386274
7892580	3.607233
7892581	6.038409
7892582	3.159484
7892583	6.174553
7892584	6.014281
7892585	5.086086
7892586	3.233693
7892587	6.963119
7892588	2.502896
7892589	6.749751
7892590	2.936421
7892591	4.959689
7892592	5.851582
7892593	5.53687
7892594	3.51876
7892595	4.208697
7892597	3.930256
7892600	2.681966
7892602	3.025024
7892603	5.329523
7892604	5.483101
7892606	12.52672
7892608	9.10526
7892611	2.051177
7892612	4.144047
7892613	9.862368
7892614	3.822664
7892615	6.188005
7892616	2.488946
7892617	13.00119
7892619	6.11678
7892624	3.189234
7892626	3.403059
7892629	5.533926
7892631	1.999101
7892632	5.163468
7892633	7.705382
7892634	9.193908
7892636	8.767904
7892637	7.658398
7892638	1.889949
7892641	6.340389
7892642	10.05031
7892645	2.158092
7892646	2.837229
7892647	6.257905
7892649	4.60814
7892651	2.785222
7892653	2.765571
7892654	8.895139
7892655	4.603554
7892656	2.757188
7892657	3.581529
7892658	3.1338
7892659	3.575721
7892660	2.269911
7892664	5.549247
7892665	6.478424
7892666	2.634439
7892667	9.76055
7892669	6.922466
7892671	3.364064
7892672	5.127553
7892673	6.611017
7892675	6.735771
7892676	3.630859
7892677	10.68955
7892681	7.125518
7892683	4.958823
7892685	4.014948
7892686	6.943986
7892689	5.822829
7892690	4.97601
7892691	2.902858
7892692	8.055095
7892693	6.916961
7892695	5.548561
7892696	6.471668
7892700	5.404764
7892702	6.879595
7892705	6.686333
7892706	7.472558
7892707	10.33382
7892708	4.740266
7892709	4.5669
7892710	3.25581
7892711	7.639084
7892712	7.871634
7892713	9.464787
7892714	5.127851
7892715	2.875328
7892716	5.85625
7892718	3.075075
7892719	8.82696
7892721	10.04338
7892722	2.354214
7892723	4.117283
7892724	6.160895
7892725	4.002412
7892726	3.200238
7892727	6.347055
7892728	3.239388
7892729	4.496455
7892730	2.583753
7892731	5.536713
7892733	6.274763
7892734	6.16407
7892735	4.982846
7892736	4.800829
7892737	3.738572
7892738	7.867088
7892739	6.187124
7892740	5.746793
7892741	6.63761
7892743	2.63977
7892744	6.856886
7892746	2.534717
7892748	10.30388
7892749	4.989381
7892750	5.055037
7892751	7.783062
7892752	3.733945
7892753	13.52247
7892754	5.494307
7892755	5.678558
7892758	5.999916
7892759	7.920429
7892760	6.056907
7892761	6.21177
7892763	7.796679
7892765	10.2816
7892767	3.503596
7892768	3.301773
7892769	1.853044
7892772	5.568185
7892774	6.251709
7892775	6.067696
7892777	5.95563
7892779	3.486304
7892780	5.21867
7892781	6.586778
7892782	12.75677
7892783	9.670888
7892784	4.476958
7892785	4.561801
7892787	4.698114
7892789	5.405717
7892790	4.10654
7892792	6.707194
7892793	3.614674
7892794	6.377203
7892795	6.226401
7892798	3.21824
7892799	3.523156
7892800	2.814241
7892801	3.091788
7892804	4.101119
7892805	5.905087
7892806	5.583138
7892807	5.137329
7892809	2.926243
7892810	1.854665
7892811	2.2059
7892812	5.80087
7892813	3.731477
7892816	10.14102
7892818	3.638834
7892819	6.312582
7892821	2.408084
7892822	5.593852
7892823	6.268852
7892824	7.29947
7892826	5.430608
7892827	13.08148
7892828	2.755922
7892833	1.99682
7892834	4.848235
7892839	3.383075
7892840	5.89545
7892842	3.61219
7892843	5.353809
7892844	5.518517
7892845	6.50561
7892849	4.908483
7892850	8.705887
7892851	5.502774
7892852	6.661293
7892854	4.958512
7892855	5.171411
7892856	6.754347
7892858	2.886559
7892859	6.41135
7892860	6.56331
7892862	10.32904
7892863	8.677734
7892864	5.917896
7892865	10.76394
7892866	3.224498
7892867	2.609001
7892869	7.896139
7892871	8.977444
7892872	4.443121
7892873	5.265824
7892874	4.322497
7892875	6.606129
7892877	3.521854
7892878	6.566434
7892879	5.493613
7892881	4.384892
7892883	4.660398
7892885	3.11417
7892886	5.202766
7892887	3.95742
7892888	3.702459
7892889	12.66613
7892891	12.94518
7892892	5.128294
7892895	4.295718
7892897	6.326774
7892899	11.94134
7892903	8.862473
7892904	5.018398
7892908	3.863833
7892909	7.330197
7892910	6.02675
7892913	5.107992
7892914	2.864459
7892915	7.068777
7892917	5.894495
7892918	6.509363
7892920	8.467253
7892921	2.350791
7892922	5.777413
7892923	1.885695
7892924	11.51364
7892926	8.888988
7892927	4.319027
7892928	10.9876
7892929	3.26341
7892930	11.35468
7892931	7.107736
7892932	7.309148
7892933	5.660819
7892934	7.246819
7892936	4.51198
7892937	7.640402
7892938	8.139863
7892940	12.63345
7892942	4.849165
7892945	3.831969
7892946	6.00804
7892948	10.84898
7892949	4.509276
7892950	4.277041
7892952	7.53413
7892955	9.73826
7892956	11.54959
7892957	6.286165
7892958	4.882277
7892960	9.071581
7892961	8.076036
7892962	5.887251
7892963	5.307123
7892964	6.079394
7892965	2.150322
7892969	11.83897
7892970	5.523889
7892973	5.775301
7892974	6.589923
7892975	2.055661
7892976	3.426761
7892978	7.243188
7892980	6.267237
7892982	4.144047
7892984	4.893578
7892985	4.913216
7892987	12.50455
7892988	2.572436
7892989	6.289381
7892990	6.368477
7892991	9.127619
7892992	13.0473
7892993	10.74205
7892994	2.395918
7892996	7.954041
7892997	3.930326
7892998	7.268781
7892999	3.97927
7893000	6.455659
7893003	6.008192
7893004	6.027049
7893006	5.087125
7893007	8.226558
7893008	5.087892
7893009	4.532463
7893010	6.684785
7893011	4.842098
7893013	6.420229
7893014	4.575625
7893016	4.218641
7893017	5.285855
7893018	5.507051
7893021	5.361028
7893022	4.986016
7893024	4.205492
7893028	7.350012
7893033	9.845912
7893034	6.376606
7893035	6.4098
7893037	6.286517
7893038	3.696766
7893040	6.832663
7893041	2.417501
7893042	9.911531
7893043	6.542543
7893044	4.068759
7893045	3.054278
7893046	5.488119
7893047	5.606881
7893048	6.585287
7893049	6.080566
7893051	9.369156
7893052	6.454297
7893053	3.420691
7893055	4.759508
7893056	4.733518
7893057	2.875161
7893059	6.71319
7893060	4.803114
7893062	4.600776
7893063	6.821582
7893065	6.450734
7893066	2.747148
7893067	8.458241
7893068	7.911351
7893069	7.449731
7893071	5.579765
7893072	7.643878
7893075	7.38034
7893076	5.054484
7893077	13.59063
7893078	1.545464
7893080	2.437085
7893082	6.164269
7893083	4.080235
7893084	9.290995
7893085	10.34892
7893088	5.532185
7893089	7.590176
7893092	4.734895
7893093	2.388095
7893095	6.087889
7893096	11.01557
7893098	6.713564
7893099	5.072109
7893100	6.519855
7893101	13.86375
7893102	6.347842
7893104	7.763936
7893105	9.79756
7893106	7.467018
7893107	3.376907
7893108	3.781185
7893109	4.494867
7893110	4.340129
7893111	6.476948
7893112	5.791801
7893114	5.876165
7893115	5.67399
7893116	8.620583
7893117	3.495436
7893119	6.702849
7893120	7.450744
7893121	10.1974
7893123	8.013988
7893124	4.760931
7893126	3.553954
7893127	5.026178
7893129	5.382095
7893132	5.59905
7893134	7.116536
7893135	2.190689
7893136	3.535085
7893137	4.040988
7893140	13.04092
7893141	6.827577
7893142	5.11879
7893143	7.670512
7893144	2.610464
7893145	6.585787
7893146	5.175903
7893147	13.09391
7893148	9.631903
7893149	3.331088
7893150	3.763618
7893151	5.713437
7893152	11.56901
7893154	7.42564
7893155	5.522919
7893156	6.784684
7893157	2.158054
7893158	6.241314
7893159	7.008247
7893161	4.510024
7893162	4.509367
7893163	3.452535
7893165	7.093311
7893167	4.47855
7893168	8.63772
7893169	5.446741
7893171	7.483724
7893172	7.473517
7893174	3.800704
7893175	7.843144
7893176	4.293381
7893177	5.727473
7893178	3.83504
7893179	5.270107
7893180	6.621336
7893182	6.580485
7893183	3.607118
7893185	5.141133
7893186	3.574403
7893188	6.65109
7893189	13.47133
7893190	6.790092
7893192	3.029127
7893193	3.781185
7893195	4.71731
7893197	3.770017
7893198	2.755119
7893199	2.57434
7893200	3.040306
7893202	6.678394
7893203	4.569314
7893204	6.288462
7893207	7.179135
7893209	7.589262
7893210	6.491517
7893211	5.404269
7893212	4.089581
7893213	6.321006
7893214	6.234364
7893215	6.753967
7893216	5.897196
7893219	3.435136
7893220	9.73197
7893221	2.419917
7893222	3.634926
7893223	2.614527
7893224	3.764745
7893225	7.219846
7893226	2.415906
7893227	6.978312
7893228	6.515384
7893230	4.144047
7893231	12.85606
7893233	3.041127
7893234	7.454362
7893236	5.685264
7893237	9.555213
7893239	5.273921
7893241	7.663726
7893242	9.773659
7893243	4.546423
7893245	6.125265
7893246	5.11729
7893247	10.41347
7893251	3.549873
7893252	5.165331
7893253	6.493343
7893254	5.746433
7893255	5.362608
7893256	4.666783
7893260	5.156394
7893263	6.345866
7893265	5.09698
7893267	6.225269
7893269	5.670802
7893274	2.7238
7893275	3.16492
7893276	4.414221
7893278	6.586457
7893279	3.636383
7893280	2.134491
7893281	12.11178
7893282	3.319724
7893283	11.44747
7893284	5.136364
7893285	6.469272
7893286	5.023548
7893287	4.388692
7893288	8.116388
7893289	11.21762
7893290	5.66004
7893292	2.561843
7893293	1.68065
7893294	9.11186
7893295	4.553685
7893296	4.956563
7893299	6.278032
7893300	7.120402
7893301	1.992691
7893302	5.876834
7893303	3.338919
7893304	6.895192
7893307	3.32978
7893308	7.000822
7893310	5.1231
7893311	9.102502
7893312	1.811736
7893314	7.332865
7893315	4.844814
7893317	2.004297
7893318	5.535457
7893319	7.609644
7893320	6.720264
7893321	11.72205
7893322	5.507325
7893323	3.900867
7893324	5.156807
7893326	3.441602
7893327	4.956134
7893328	3.021258
7893329	6.715934
7893330	3.117445
7893331	5.377809
7893332	5.411872
7893334	9.894732
7893335	8.851176
7893336	11.01019
7893337	9.56936
7893338	8.610831
7893341	7.241585
7893342	4.713959
7893343	7.554644
7893347	1.924848
7893351	10.53895
7893352	6.171092
7893353	7.49772
7893355	4.981916
7893358	1.679278
7893360	6.445804
7893361	5.451052
7893365	5.740413
7893366	6.047894
7893367	8.302312
7893369	7.654269
7893370	4.086207
7893372	5.192636
7893373	6.838995
7893375	2.274041
7893376	3.384732
7893377	1.887666
7893378	2.985937
7893379	1.80974
7893380	6.409602
7893381	4.215591
7893383	5.37123
7893387	3.703665
7893388	5.276812
7893389	3.286986
7893391	10.21348
7893396	6.4807
7893397	4.492837
7893398	1.740302
7893400	5.756481
7893401	4.05547
7893402	9.429315
7893403	7.433924
7893404	5.954235
7893405	6.426717
7893406	4.540952
7893408	5.137369
7893410	6.890104
7893411	5.763119
7893412	3.765521
7893414	13.26655
7893415	4.862463
7893416	6.633878
7893417	3.421363
7893418	9.125386
7893421	6.106516
7893423	3.898628
7893425	1.715982
7893427	4.440927
7893428	8.574368
7893429	3.351032
7893430	4.573139
7893431	2.439819
7893432	7.627563
7893433	6.379944
7893434	2.526356
7893435	9.479201
7893436	7.976321
7893437	6.558922
7893438	8.041185
7893440	2.849089
7893442	8.629736
7893444	6.214314
7893445	4.866315
7893446	4.829116
7893448	10.21984
7893450	3.442873
7893451	4.605575
7893452	4.915277
7893456	3.274572
7893457	2.385546
7893459	4.8109
7893462	5.946486
7893464	6.261141
7893465	5.788405
7893468	6.982562
7893469	13.07841
7893470	7.292181
7893471	4.859079
7893472	6.513855
7893473	5.0182
7893474	3.620712
7893475	6.370725
7893478	7.330436
7893479	1.805039
7893480	6.860187
7893482	4.937412
7893483	7.251898
7893484	5.214946
7893487	4.682914
7893488	7.615745
7893489	1.795876
7893490	3.472659
7893491	9.994314
7893492	4.899073
7893493	6.167726
7893495	4.614493
7893496	5.489009
7893498	13.37439
7893499	2.252408
7893501	6.021008
7893502	1.95501
7893503	8.211906
7893505	2.384555
7893507	13.95958
7893508	5.064952
7893509	3.528971
7893510	3.081986
7893511	9.836958
7893512	3.925575
7893513	6.494067
7893514	5.575318
7893515	9.289176
7893519	4.033657
7893520	4.532931
7893521	3.645125
7893522	4.10424
7893523	6.561409
7893524	8.564882
7893525	5.552523
7893526	4.808905
7893527	5.914641
7893529	6.197572
7893531	7.637288
7893532	2.269911
7893533	6.863465
7893535	3.432716
7893536	11.72846
7893537	4.936965
7893538	5.402101
7893540	12.90906
7893541	2.003697
7893542	7.672347
7893545	9.153309
7893546	8.073439
7893548	3.738346
7893553	3.462424
7893555	6.650118
7893556	5.864469
7893557	8.571453
7893560	6.714303
7893562	5.763436
7893563	4.753855
7893565	5.527473
7893566	2.278405
7893567	6.406883
7893569	2.210738
7893570	6.396933
7893575	5.746702
7893576	5.584486
7893577	2.630598
7893578	3.439639
7893579	2.111058
7893580	4.269957
7893581	5.545606
7893583	9.116901
7893584	3.58993
7893585	7.896143
7893586	5.692617
7893588	6.183056
7893589	3.774236
7893590	6.459257
7893595	2.389059
7893596	4.376507
7893597	2.080848
7893598	9.405504
7893599	7.896735
7893600	6.707165
7893601	7.092081
7893604	4.420434
7893605	11.57495
7893606	5.391971
7893607	4.09736
7893610	3.60605
7893611	5.287221
7893612	4.523593
7893614	3.08089
7893615	5.854011
7893616	7.398329
7893617	7.980045
7893618	4.306103
7893620	4.775457
7893621	2.001033
7893622	4.981916
7893623	3.905832
7893624	2.702225
7893626	2.227112
7893627	6.088363
7893629	2.534422
7893631	6.506505
7893633	10.49626
7893634	11.90291
7893635	4.721226
7893636	3.254288
7893637	8.481964
7893638	3.146014
7893644	7.775737
7893645	7.074969
7893646	8.983788
7893648	2.425737
7893651	8.909986
7893652	4.341657
7893653	7.161145
7893654	6.844059
7893655	5.519187
7893656	5.239852
7893658	8.03706
7893659	4.109529
7893660	9.059158
7893661	10.24232
7893663	6.269609
7893665	6.270552
7893666	3.428336
7893667	4.538808
7893668	3.697219
7893669	6.03696
7893670	11.11205
7893671	5.00323
7893672	6.461501
7893673	4.631693
7893674	3.534811
7893675	9.455239
7893677	13.84693
7893678	3.10696
7893679	3.483983
7893683	5.807154
7893686	6.17804
7893688	3.293559
7893689	12.53039
7893691	2.752741
7893692	8.308748
7893693	6.287349
7893694	2.430119
7893695	6.835191
7893696	7.937137
7893697	5.791884
7893698	6.296672
7893699	4.971468
7893701	10.66272
7893702	3.719726
7893703	7.072457
7893704	7.038287
7893705	9.805058
7893706	3.978865
7893707	6.562042
7893708	9.120201
7893710	11.52491
7893712	4.762702
7893713	7.200092
7893716	4.999763
7893718	4.83966
7893719	3.042251
7893720	8.900698
7893722	6.239453
7893723	3.260323
7893724	7.095122
7893725	13.1743
7893726	7.371707
7893728	8.022503
7893730	5.250752
7893731	12.43974
7893735	3.554493
7893736	6.695719
7893737	7.110689
7893739	9.509742
7893741	5.176697
7893742	1.990933
7893743	8.902714
7893744	8.07492
7893746	4.139768
7893748	5.812441
7893749	3.581802
7893750	5.214946
7893751	7.203168
7893753	2.979557
7893754	5.897452
7893755	2.541342
7893756	6.101991
7893757	5.928815
7893758	4.68737
7893760	3.432606
7893761	7.98067
7893764	6.348795
7893765	6.410588
7893766	8.406894
7893767	5.410351
7893768	7.426241
7893770	5.752496
7893771	5.499622
7893772	3.979061
7893775	3.124703
7893776	4.201605
7893780	2.791874
7893781	9.72467
7893783	11.35615
7893784	8.158092
7893786	7.128706
7893789	10.69965
7893790	8.986476
7893791	7.971165
7893794	5.759221
7893795	6.272216
7893797	5.903977
7893799	3.484263
7893800	9.877218
7893801	3.67094
7893802	11.7768
7893803	4.35316
7893804	5.525937
7893805	7.473216
7893807	6.140081
7893809	6.418533
7893810	6.03934
7893811	5.701249
7893812	8.129525
7893813	6.100885
7893817	5.977497
7893818	4.457448
7893819	5.094241
7893820	11.50425
7893823	7.338602
7893824	7.057408
7893825	6.975038
7893826	4.693342
7893828	5.95137
7893829	2.949611
7893830	5.704336
7893831	7.210443
7893832	5.235214
7893833	9.359533
7893835	9.673473
7893836	9.566728
7893837	5.160661
7893838	12.56532
7893839	5.164302
7893841	8.2033
7893842	7.259556
7893843	6.239733
7893844	3.607896
7893845	3.375937
7893846	2.614812
7893847	6.140298
7893848	5.201993
7893849	7.105925
7893851	4.167188
7893854	2.414753
7893857	8.515885
7893858	2.172624
7893859	5.444382
7893860	5.972391
7893861	7.123906
7893862	6.878067
7893863	4.022087
7893864	4.659639
7893865	2.920353
7893866	13.66006
7893867	7.303103
7893868	5.09789
7893869	6.35803
7893871	4.548634
7893872	8.05306
7893873	6.443025
7893874	5.015088
7893875	8.376776
7893876	8.10269
7893877	5.630045
7893878	6.723074
7893879	5.588884
7893881	7.430463
7893882	3.857919
7893884	7.138735
7893885	2.623678
7893887	2.884735
7893889	8.727792
7893890	6.196546
7893891	3.016164
7893893	9.460733
7893894	4.312633
7893895	2.628097
7893896	6.115223
7893897	4.587429
7893898	5.544941
7893899	5.463762
7893900	8.108307
7893901	10.0545
7893902	5.624549
7893906	6.511154
7893907	6.59754
7893909	4.390311
7893911	3.860844
7893912	4.834725
7893914	9.429247
7893915	5.348813
7893916	9.206053
7893917	2.394649
7893920	6.345548
7893924	9.086282
7893925	6.080824
7893927	5.250327
7893929	10.20802
7893930	5.399248
7893931	2.875414
7893932	6.648667
7893934	7.009928
7893935	3.057908
7893936	6.569423
7893937	10.07532
7893938	7.23814
7893940	5.032242
7893942	6.110697
7893943	4.978266
7893944	1.811377
7893945	5.617749
7893947	6.176962
7893949	9.152081
7893950	6.928658
7893951	5.12169
7893953	6.635921
7893954	7.277525
7893955	4.697097
7893957	3.772036
7893958	8.883404
7893959	7.534591
7893960	8.399827
7893962	3.723829
7893964	6.376227
7893965	5.430423
7893967	5.865385
7893969	3.559137
7893970	3.648649
7893971	4.475353
7893972	11.21261
7893974	5.290853
7893975	2.724271
7893976	4.46099
7893977	2.696902
7893978	4.65929
7893980	3.744994
7893982	3.613312
7893983	4.555419
7893984	3.727852
7893985	5.086312
7893986	7.271743
7893987	3.969801
7893989	6.801469
7893990	5.575281
7893992	8.754271
7893993	12.62081
7893994	3.896209
7893995	6.408144
7893996	3.405587
7893997	6.510975
7893998	7.997078
7893999	3.292583
7894000	12.98166
7894001	6.936236
7894002	5.297344
7894003	2.155744
7894004	2.606936
7894005	9.178941
7894006	5.626528
7894007	11.78216
7894008	7.221317
7894009	5.211216
7894013	6.503117
7894014	4.340129
7894015	7.619674
7894016	6.971583
7894017	6.311173
7894018	5.69389
7894020	6.425989
7894021	3.3116
7894022	3.511638
7894023	2.617416
7894024	2.029202
7894025	2.755119
7894026	7.76962
7894027	6.662785
7894028	5.986751
7894030	7.706039
7894031	8.98581
7894032	3.169598
7894034	4.773354
7894035	4.379234
7894036	13.05725
7894037	9.795823
7894038	6.002845
7894039	7.112802
7894040	2.73693
7894045	6.097917
7894046	8.211462
7894047	4.176398
7894048	8.825173
7894049	7.896074
7894050	4.809431
7894052	7.103702
7894053	2.967304
7894054	4.002031
7894059	5.056315
7894060	5.720828
7894062	10.46868
7894063	8.021708
7894064	11.6275
7894065	5.161806
7894066	5.214118
7894069	5.267184
7894071	3.271633
7894073	6.150003
7894075	6.332448
7894077	2.706398
7894079	2.707574
7894080	6.237485
7894081	5.935133
7894082	4.899346
7894084	4.263429
7894085	8.242027
7894087	11.05251
7894089	8.965685
7894090	2.578647
7894091	5.86911
7894092	5.911036
7894093	5.462934
7894094	6.172524
7894095	5.650715
7894096	4.925016
7894097	7.01753
7894099	4.786732
7894101	4.455992
7894102	10.64838
7894103	7.494319
7894105	3.579527
7894106	5.7033
7894108	5.447847
7894109	5.87725
7894111	5.749886
7894112	6.93298
7894113	3.288
7894116	6.610148
7894117	8.485654
7894120	5.610329
7894121	5.933468
7894122	13.54974
7894123	2.541342
7894124	7.122148
7894126	8.907519
7894128	7.51044
7894129	6.522822
7894130	5.725904
7894131	9.42374
7894133	2.786408
7894135	11.74645
7894137	2.952446
7894139	3.31652
7894140	4.773839
7894141	5.612211
7894142	4.739294
7894143	2.364245
7894144	4.779428
7894145	11.52122
7894147	6.126577
7894148	8.51811
7894149	4.330597
7894150	1.885988
7894151	4.797855
7894152	6.032414
7894153	6.620441
7894154	6.912799
7894155	7.868635
7894156	7.246938
7894159	8.141243
7894162	3.241297
7894163	6.582111
7894166	3.316464
7894167	5.887978
7894168	4.105423
7894169	5.680026
7894170	4.599957
7894172	4.650095
7894173	4.941835
7894174	6.709128
7894175	2.993262
7894176	8.737823
7894177	4.396954
7894178	6.075714
7894179	3.631958
7894180	6.299347
7894181	8.909196
7894182	7.476827
7894183	7.01168
7894184	6.737247
7894187	3.553892
7894189	10.23409
7894190	3.307428
7894191	5.840601
7894192	11.60788
7894193	7.180924
7894194	3.654946
7894197	2.037848
7894200	6.706294
7894201	6.61524
7894202	5.497454
7894203	6.905252
7894206	3.167413
7894207	11.46891
7894208	5.323622
7894210	8.18858
7894213	11.33068
7894215	6.370367
7894216	7.215839
7894217	5.15545
7894218	10.07736
7894219	5.544444
7894220	7.63745
7894221	4.861549
7894222	3.33747
7894223	11.62405
7894224	6.31711
7894225	7.855234
7894227	3.965919
7894228	2.692879
7894229	5.451599
7894230	3.362087
7894231	6.152605
7894232	9.784173
7894233	4.335786
7894234	8.579694
7894235	9.27657
7894236	13.71242
7894237	6.596261
7894240	6.133522
7894241	4.251596
7894242	6.443622
7894243	2.430119
7894244	6.535878
7894245	3.066447
7894246	7.276962
7894247	5.354874
7894248	2.03091
7894249	10.93238
7894250	3.457578
7894253	4.090492
7894254	7.267161
7894255	2.782967
7894256	11.18296
7894257	6.165511
7894259	2.806236
7894260	5.729377
7894265	2.989519
7894266	7.878168
7894268	5.86629
7894270	4.875731
7894271	5.054484
7894273	6.568756
7894274	6.640193
7894275	4.252637
7894276	7.01122
7894278	10.99752
7894279	6.440319
7894280	6.470735
7894281	5.180372
7894283	6.056402
7894285	5.251286
7894286	4.443369
7894287	2.933239
7894288	8.340528
7894292	5.871718
7894293	7.220862
7894296	6.221612
7894297	6.272533
7894298	6.619307
7894299	7.434429
7894300	5.504054
7894301	7.343303
7894302	5.074162
7894303	6.463451
7894305	7.217117
7894308	9.707462
7894309	8.905738
7894310	3.17769
7894311	4.040135
7894312	6.398439
7894313	4.186305
7894314	4.695606
7894317	3.206979
7894318	6.22357
7894319	4.746065
7894320	11.54378
7894322	6.831633
7894323	2.105388
7894325	4.126065
7894326	2.350015
7894327	3.874436
7894328	7.714728
7894330	6.359717
7894332	5.985058
7894333	4.152494
7894334	3.307522
7894335	5.919391
7894337	4.936271
7894338	1.779443
7894339	2.028774
7894340	3.225885
7894342	5.598259
7894343	6.449092
7894344	2.485158
7894345	5.560678
7894346	7.565361
7894347	5.819185
7894349	2.973533
7894351	7.814145
7894352	6.866456
7894353	3.014956
7894354	6.601325
7894356	6.518271
7894357	2.588039
7894358	4.635982
7894359	2.407304
7894360	6.465109
7894361	5.739882
7894362	5.363736
7894364	6.269967
7894365	2.588862
7894367	8.73806
7894368	2.801671
7894369	7.95296
7894370	5.774964
7894371	6.106231
7894377	4.596736
7894378	4.305927
7894381	5.796423
7894382	11.76749
7894383	5.406854
7894384	8.099941
7894385	7.530582
7894387	5.934732
7894388	7.385203
7894390	6.140589
7894391	6.105778
7894392	13.23264
7894393	2.671846
7894394	4.966401
7894396	5.246941
7894397	2.615818
7894398	4.837763
7894399	7.842063
7894400	8.080402
7894401	4.204916
7894403	5.824598
7894405	6.117405
7894406	12.01357
7894407	4.346711
7894408	8.455964
7894409	7.128689
7894410	4.67079
7894414	2.335737
7894415	3.944121
7894417	3.440335
7894418	8.706683
7894420	8.364701
7894422	6.171618
7894423	5.748699
7894425	3.317223
7894426	5.990124
7894430	7.078046
7894432	8.287183
7894434	7.122773
7894440	6.862928
7894441	4.031252
7894442	6.137078
7894443	6.790498
7894444	10.05983
7894445	6.458
7894446	6.612392
7894447	10.51142
7894448	3.254297
7894450	3.733799
7894452	5.250588
7894453	5.879317
7894454	6.836027
7894455	6.275228
7894456	5.271139
7894457	5.34956
7894458	4.765383
7894460	13.60585
7894461	7.27016
7894462	3.565309
7894463	1.746964
7894464	8.972616
7894465	3.523663
7894466	6.923623
7894467	8.370921
7894468	5.620616
7894472	5.837249
7894473	6.161544
7894475	9.190479
7894476	7.137264
7894477	1.905089
7894481	13.40159
7894482	8.222188
7894483	5.170918
7894484	6.811702
7894486	5.556354
7894487	2.969767
7894488	4.860368
7894490	7.628405
7894491	6.338278
7894493	8.364221
7894494	7.415701
7894495	7.604895
7894497	5.256167
7894499	12.35557
7894500	2.233984
7894502	5.654944
7894503	6.603375
7894505	3.793016
7894506	4.775615
7894507	5.791812
7894508	6.229985
7894509	5.784594
7894510	3.687338
7894511	6.229866
7894514	5.196673
7894517	4.016407
7894521	4.666611
7894522	9.171521
7894523	10.22197
7894524	4.37132
7894525	6.432467
7894526	6.158344
7894528	2.112213
7894530	3.095808
7894531	5.28849
7894532	5.917264
7894533	5.14101
7894534	4.929964
7894537	7.370718
7894538	5.288823
7894539	6.761432
7894541	1.737484
7894543	7.025566
7894544	3.391135
7894545	1.775773
7894547	3.890309
7894550	8.044567
7894553	2.414065
7894554	3.303131
7894556	8.320551
7894559	5.671638
7894560	7.486876
7894564	2.483781
7894565	5.770007
7894566	7.577901
7894567	2.006302
7894568	7.469798
7894569	6.233288
7894571	5.558972
7894572	4.554952
7894573	10.19809
7894575	6.71501
7894576	4.840057
7894577	8.492751
7894578	11.66907
7894580	3.931913
7894582	6.840567
7894586	4.798996
7894587	4.005696
7894588	2.190689
7894589	2.455125
7894590	5.369649
7894591	2.534423
7894593	3.111962
7894595	8.512276
7894597	7.295246
7894598	7.038123
7894600	3.17769
7894601	4.898016
7894602	2.928835
7894603	5.299885
7894606	5.552919
7894607	6.835038
7894608	4.710411
7894609	8.006136
7894610	6.441343
7894612	10.06192
7894613	12.0029
7894614	4.936138
7894615	3.310571
7894616	5.007821
7894618	6.563463
7894619	6.367674
7894620	6.147722
7894621	10.0412
7894622	3.798059
7894623	3.876318
7894624	9.527966
7894625	4.340377
7894626	10.87578
7894628	6.86996
7894629	4.672464
7894630	3.163594
7894631	5.37385
7894632	5.800294
7894633	6.900976
7894636	2.574331
7894640	11.45826
7894641	5.985825
7894643	2.571496
7894644	6.114971
7894645	9.712396
7894646	2.960154
7894647	13.60771
7894649	5.145554
7894650	7.061609
7894651	4.556912
7894652	5.607108
7894653	11.06121
7894654	3.546013
7894655	5.260152
7894656	4.978401
7894658	6.70185
7894659	2.117646
7894660	5.700073
7894663	3.667483
7894664	6.342098
7894667	3.771946
7894668	5.914602
7894669	5.708587
7894670	6.654921
7894671	7.925823
7894673	6.888084
7894676	3.732725
7894677	3.517077
7894678	6.103467
7894679	6.889874
7894680	7.827349
7894686	5.113338
7894688	6.820043
7894689	8.441092
7894690	3.799387
7894691	5.336449
7894692	6.173569
7894693	6.906004
7894694	7.223043
7894696	8.183028
7894697	6.561024
7894701	4.425707
7894702	6.144181
7894703	3.707138
7894705	3.704782
7894706	7.158207
7894707	5.950312
7894709	7.361027
7894710	2.94152
7894713	3.979344
7894714	5.330597
7894715	3.224267
7894717	6.326306
7894718	5.093663
7894719	6.225103
7894720	6.465175
7894721	3.554494
7894723	11.89553
7894724	2.392167
7894726	2.709029
7894727	6.618667
7894728	5.882612
7894729	3.851563
7894731	3.962868
7894733	8.422646
7894734	9.561578
7894735	2.678648
7894736	7.184235
7894738	2.817242
7894739	4.514843
7894741	7.792112
7894743	4.254475
7894745	4.126645
7894747	10.82583
7894748	4.554857
7894749	2.993262
7894751	3.284677
7894752	5.43924
7894753	5.316217
7894754	8.701064
7894755	5.74657
7894756	8.461935
7894759	2.849978
7894760	6.907065
7894762	6.163746
7894763	8.430206
7894764	5.652753
7894765	6.824195
7894766	5.103346
7894768	11.80662
7894770	13.56791
7894772	7.527333
7894773	2.120101
7894775	5.452672
7894776	5.246799
7894778	4.41926
7894779	11.24364
7894780	4.540952
7894781	4.527497
7894783	6.030584
7894784	9.57445
7894785	3.736627
7894786	3.381912
7894787	12.39278
7894789	13.24521
7894792	2.225823
7894793	5.19195
7894794	4.631984
7894795	5.819184
7894797	6.861121
7894799	13.108
7894800	7.266504
7894802	6.916588
7894803	8.554821
7894804	6.034602
7894805	3.594389
7894807	4.877548
7894809	7.931905
7894810	6.582259
7894811	4.247352
7894812	8.675647
7894814	3.737527
7894815	5.349829
7894816	3.610219
7894817	9.720795
7894818	6.18022
7894819	6.83325
7894820	7.077919
7894821	5.466922
7894822	6.846903
7894823	6.036783
7894825	6.851813
7894828	4.075205
7894829	2.929533
7894830	7.094386
7894831	5.27751
7894832	2.864141
7894833	6.872434
7894835	4.018901
7894836	9.314497
7894840	8.767999
7894841	1.578477
7894842	6.170161
7894843	4.519992
7894847	2.370558
7894848	6.749827
7894849	7.449438
7894850	5.625085
7894851	2.645292
7894852	7.47502
7894853	7.856187
7894854	9.377431
7894855	3.178687
7894856	7.164469
7894857	3.089729
7894859	6.235
7894861	7.040323
7894863	6.200259
7894864	5.901451
7894865	6.002845
7894866	6.976034
7894867	5.30864
7894868	5.024306
7894869	6.44858
7894870	6.158095
7894871	5.688147
7894872	10.6851
7894874	2.114523
7894875	4.295712
7894876	5.338039
7894879	4.017906
7894880	6.915235
7894882	7.720306
7894883	8.627748
7894885	6.979074
7894886	6.40082
7894887	2.589001
7894888	7.033229
7894889	11.99214
7894890	9.367285
7894891	10.67975
7894893	2.978868
7894894	8.430279
7894895	5.992549
7894897	5.185629
7894898	5.648907
7894899	5.34723
7894900	4.374851
7894901	5.990932
7894902	2.564804
7894904	4.0776
7894905	5.960701
7894907	4.631088
7894909	13.5678
7894910	4.738249
7894911	4.455033
7894912	5.325562
7894913	5.086424
7894915	4.074368
7894917	7.99724
7894918	2.534423
7894920	3.628503
7894921	4.027377
7894922	5.158611
7894923	2.626505
7894924	2.97773
7894925	5.352517
7894928	5.969136
7894929	3.223336
7894930	5.056635
7894931	4.554319
7894932	5.837991
7894933	5.349066
7894934	9.239309
7894935	5.608192
7894936	2.996216
7894937	3.260051
7894938	5.386392
7894939	5.396803
7894940	6.388249
7894941	13.28107
7894942	3.414398
7894943	3.856314
7894945	9.387028
7894947	7.231326
7894948	4.949071
7894949	5.981456
7894950	7.079496
7894952	7.610026
7894953	6.853051
7894954	5.238635
7894955	7.228439
7894956	5.115893
7894957	5.383043
7894958	4.144047
7894959	4.196573
7894960	10.65254
7894961	8.035317
7894962	2.096495
7894963	7.741735
7894965	6.88415
7894966	5.095596
7894967	3.806607
7894972	4.920976
7894973	7.328864
7894975	7.790588
7894976	8.736795
7894979	12.85029
7894981	5.806942
7894983	2.389639
7894985	3.633807
7894986	7.849944
7894987	3.122088
7894988	9.120178
7894989	3.154354
7894991	12.70878
7894992	9.985609
7894993	5.256971
7894994	7.066638
7894995	6.006267
7894996	5.287793
7894997	5.143508
7895000	7.733292
7895002	4.651543
7895004	11.00335
7895006	4.599766
7895007	8.771117
7895009	11.9443
7895010	3.333872
7895011	7.059055
7895013	4.149423
7895015	4.449731
7895020	10.89528
7895021	3.332394
7895022	7.168089
7895023	7.128649
7895024	6.634058
7895025	2.2303
7895027	5.505358
7895028	4.316586
7895029	2.716053
7895030	5.245696
7895035	5.177529
7895037	8.270385
7895040	5.426108
7895041	5.773843
7895043	1.885988
7895044	7.055548
7895046	7.241436
7895047	11.22171
7895048	6.409958
7895049	3.337898
7895050	9.164886
7895051	3.813499
7895053	4.090677
7895058	4.381055
7895059	6.386219
7895060	6.478829
7895061	5.446059
7895063	9.440558
7895064	5.967353
7895065	2.067389
7895066	6.144775
7895070	12.42492
7895071	2.511408
7895073	7.277968
7895074	7.208757
7895075	5.945086
7895076	2.103697
7895080	8.656234
7895083	4.914971
7895085	4.099139
7895086	4.576406
7895092	3.44504
7895093	5.854368
7895094	5.936743
7895095	8.047565
7895097	5.466372
7895099	6.253028
7895100	12.79168
7895102	3.457281
7895103	6.833
7895104	6.92667
7895106	8.852505
7895107	5.934765
7895108	4.06564
7895109	4.155134
7895111	2.692865
7895113	8.444742
7895114	6.938369
7895115	7.990673
7895116	6.845941
7895117	4.241188
7895118	4.783916
7895120	4.813455
7895124	5.980137
7895125	6.337603
7895126	9.407061
7895127	2.83189
7895128	5.671747
7895129	4.044769
7895130	9.789948
7895131	6.67616
7895132	4.86185
7895134	4.880113
7895135	4.20305
7895138	3.524286
7895140	1.902829
7895141	5.870907
7895142	3.936679
7895143	7.19239
7895144	11.28114
7895146	5.769638
7895148	4.097426
7895150	5.473566
7895151	4.818508
7895152	4.925344
7895154	7.284589
7895155	5.515071
7895156	11.89241
7895158	5.100148
7895159	2.301021
7895163	4.999441
7895164	3.710852
7895165	7.908039
7895166	3.031895
7895167	6.843009
7895169	7.094791
7895172	6.070398
7895173	6.272758
7895174	7.256424
7895175	5.139341
7895178	8.525498
7895179	2.550165
7895181	6.36485
7895182	1.776021
7895183	2.967558
7895184	5.513955
7895185	7.759176
7895188	5.858991
7895189	5.433462
7895190	6.198885
7895191	4.771777
7895193	9.918044
7895194	5.338693
7895195	5.925738
7895196	11.59319
7895197	4.854421
7895198	4.737535
7895199	2.746879
7895200	5.494339
7895201	3.606134
7895202	4.134221
7895204	4.956175
7895205	6.501015
7895206	7.910486
7895207	7.316279
7895208	5.590481
7895209	7.539099
7895210	10.2438
7895211	7.971563
7895212	5.987403
7895213	4.953572
7895216	12.40995
7895217	6.530777
7895218	2.414134
7895219	6.884475
7895222	4.842241
7895223	8.233919
7895224	8.841836
7895228	5.145331
7895229	3.4526
7895230	12.14659
7895232	6.942998
7895233	9.239991
7895234	4.553373
7895235	7.447278
7895236	4.440532
7895239	9.199269
7895240	7.027201
7895242	2.232632
7895243	6.152846
7895244	2.531498
7895245	4.244684
7895249	10.44577
7895250	4.334908
7895251	3.541968
7895253	2.740726
7895254	5.884328
7895255	5.451932
7895257	6.411195
7895259	5.891762
7895260	7.291781
7895261	8.034122
7895262	6.757467
7895265	3.437605
7895266	5.192396
7895268	2.076098
7895269	9.30261
7895270	3.660868
7895278	5.744882
7895279	5.91201
7895280	7.079951
7895281	3.18984
7895282	7.220038
7895284	5.420353
7895285	5.76496
7895286	8.72941
7895287	5.608137
7895292	7.069751
7895293	5.395289
7895295	6.516706
7895296	4.443023
7895297	6.971416
7895300	7.35009
7895301	6.91209
7895302	5.25191
7895303	6.436256
7895304	6.766467
7895305	5.444552
7895306	7.822886
7895307	3.06093
7895309	3.101451
7895310	10.26142
7895311	4.805633
7895313	5.851021
7895314	3.001557
7895315	6.173757
7895316	9.06412
7895319	7.786317
7895321	6.511285
7895323	12.57758
7895326	9.696523
7895327	2.531856
7895329	5.997444
7895332	5.408431
7895333	12.76467
7895335	6.550526
7895337	6.23507
7895338	2.269911
7895339	6.235339
7895341	4.825089
7895342	13.83609
7895343	13.59101
7895344	6.699066
7895345	4.290555
7895346	5.985628
7895348	4.463707
7895349	7.823899
7895350	8.290886
7895351	6.653519
7895352	4.317887
7895353	4.508697
7895354	13.82667
7895359	6.21302
7895361	6.190692
7895362	9.59071
7895363	6.918927
7895364	3.124702
7895366	2.187973
7895367	5.669995
7895368	7.656494
7895369	3.580962
7895370	7.573586
7895371	4.500147
7895372	3.936679
7895374	12.42459
7895375	6.879375
7895377	4.950461
7895378	4.964933
7895380	2.103386
7895381	3.904709
7895383	5.345054
7895384	4.12743
7895385	4.321321
7895386	3.215046
7895387	6.575074
7895388	7.20621
7895389	5.417605
7895390	6.113995
7895391	11.54194
7895392	12.075
7895394	2.197514
7895395	6.614701
7895396	2.760712
7895398	11.80964
7895399	6.677835
7895400	6.029428
7895401	6.595348
7895403	6.342206
7895406	8.937495
7895407	2.482017
7895408	5.291242
7895409	5.214687
7895410	5.493486
7895412	4.905713
7895413	5.28251
7895415	2.077611
7895416	8.146711
7895418	6.490942
7895420	1.888358
7895421	5.234086
7895423	4.729707
7895424	3.958886
7895426	2.610819
7895428	5.21947
7895429	5.637345
7895430	5.03436
7895432	6.98945
7895433	5.955857
7895434	6.864213
7895435	12.17586
7895436	2.607769
7895437	6.305764
7895440	12.18911
7895442	5.818376
7895443	5.531398
7895445	5.149172
7895446	6.048895
7895448	5.512533
7895449	4.932754
7895450	5.704766
7895451	11.80631
7895452	6.446785
7895453	6.39204
7895454	2.294526
7895455	2.554993
7895456	5.755891
7895457	3.609426
7895458	6.852884
7895459	4.975502
7895460	4.461561
7895461	6.823157
7895462	3.697219
7895463	10.35667
7895464	9.114926
7895465	5.27617
7895466	3.903711
7895467	7.517507
7895469	2.582446
7895470	8.314732
7895471	5.600002
7895473	6.079211
7895474	1.800006
7895477	6.233379
7895479	3.618141
7895480	2.79628
7895482	5.733367
7895483	9.463929
7895485	3.980605
7895486	12.7421
7895487	4.526121
7895488	6.237555
7895489	7.681771
7895491	6.905995
7895493	5.737746
7895494	3.692994
7895495	4.874927
7895496	12.48583
7895497	12.38781
7895498	8.984146
7895500	4.086294
7895501	5.588993
7895502	2.008152
7895503	5.569067
7895504	4.233242
7895505	3.462401
7895506	10.87011
7895507	5.705002
7895508	9.762503
7895511	7.661202
7895512	5.063959
7895513	6.617478
7895514	13.92418
7895516	4.470468
7895519	6.617234
7895522	9.432469
7895523	3.157257
7895524	4.234729
7895526	2.085398
7895527	7.967453
7895528	6.285849
7895529	3.424692
7895530	7.140075
7895531	6.034864
7895533	3.207466
7895534	4.750845
7895535	4.139692
7895536	8.87818
7895537	6.958589
7895540	5.54841
7895541	3.666389
7895543	4.298775
7895546	4.173214
7895549	5.447248
7895550	8.258608
7895552	6.632537
7895553	5.817708
7895555	5.599117
7895556	8.45192
7895558	5.273184
7895560	2.50755
7895561	7.791519
7895562	5.529729
7895563	8.072035
7895564	2.902826
7895565	2.739458
7895566	4.270378
7895567	5.597074
7895568	3.946192
7895569	2.112213
7895570	5.93862
7895571	7.582555
7895572	1.811736
7895573	3.249131
7895575	5.922464
7895576	8.240277
7895577	7.48141
7895580	4.546041
7895581	3.213849
7895582	2.260025
7895583	5.945929
7895584	6.209189
7895586	5.467082
7895587	13.78532
7895589	6.775873
7895591	6.504416
7895592	6.688542
7895593	1.587682
7895594	5.774858
7895595	12.28066
7895598	11.12992
7895600	6.268765
7895601	11.37955
7895603	6.915473
7895605	5.646365
7895607	4.359123
7895608	6.476623
7895609	5.065978
7895611	7.993855
7895612	5.331846
7895615	5.40104
7895617	3.233753
7895618	7.132302
7895621	12.81608
7895623	6.065322
7895624	5.212684
7895625	5.275253
7895627	7.676544
7895628	5.363599
7895631	3.433049
7895633	2.658649
7895634	3.993744
7895635	3.16407
7895636	2.483946
7895637	7.402156
7895638	7.358041
7895639	6.23996
7895641	4.484905
7895642	5.315475
7895645	5.478333
7895646	3.517634
7895648	3.463373
7895649	5.1864
7895650	4.274423
7895651	10.8487
7895652	10.31186
7895653	2.190803
7895654	8.173926
7895655	2.320277
7895659	9.64881
7895660	4.76149
7895662	8.985654
7895663	7.337114
7895664	6.419407
7895666	2.651228
7895668	2.708201
7895669	6.638258
7895670	4.315521
7895671	5.308923
7895672	4.562314
7895673	2.190689
7895675	5.867903
7895678	2.413782
7895679	2.078362
7895680	13.3717
7895682	5.744906
7895683	6.649666
7895684	7.152971
7895686	5.820299
7895688	6.635754
7895689	1.955455
7895692	11.60144
7895695	6.613873
7895696	3.323934
7895698	3.137051
7895699	5.312652
7895700	4.006361
7895701	4.519357
7895702	3.928531
7895705	8.516942
7895706	4.609766
7895707	5.503705
7895708	6.735343
7895709	4.61851
7895711	6.981478
7895712	10.28375
7895713	5.834279
7895714	12.19944
7895715	8.059834
7895716	7.275267
7895717	7.995543
7895718	4.394389
7895720	3.879909
7895722	4.742
7895723	5.132213
7895724	6.677159
7895725	2.241091
7895727	6.023915
7895728	6.331039
7895730	6.037502
7895731	8.637598
7895733	6.261145
7895734	6.635214
7895735	6.801852
7895736	9.360785
7895738	6.384466
7895740	6.593098
7895741	4.603948
7895742	5.147501
7895743	5.380423
7895744	6.189463
7895745	9.667102
7895746	5.67334
7895747	2.232038
7895748	6.108294
7895749	4.229588
7895750	4.754488
7895751	10.0176
7895753	6.79788
7895754	5.746793
7895755	6.185717
7895756	4.763905
7895757	7.520996
7895760	10.20512
7895763	4.556641
7895764	2.946631
7895765	5.102025
7895766	10.08906
7895768	6.395785
7895769	3.470009
7895771	4.814828
7895772	7.685151
7895775	5.935303
7895776	7.298262
7895777	11.66954
7895779	12.15191
7895781	5.216656
7895782	9.516696
7895783	7.591435
7895784	7.781361
7895785	3.470178
7895786	6.368017
7895788	5.553399
7895789	5.781237
7895792	6.547861
7895793	2.232227
7895794	8.168452
7895795	9.133917
7895796	5.484211
7895797	5.759146
7895798	5.54406
7895799	2.807509
7895800	4.361011
7895801	6.284361
7895802	8.797934
7895803	2.534422
7895804	2.68574
7895805	6.652376
7895807	3.941375
7895809	6.177277
7895811	4.688854
7895812	5.817187
7895813	8.326673
7895814	3.955067
7895815	9.713996
7895819	12.77148
7895820	4.508828
7895821	4.651103
7895822	3.038852
7895823	2.195194
7895825	3.979188
7895826	10.1384
7895827	13.00834
7895828	1.551949
7895829	7.698379
7895830	2.672245
7895833	7.052775
7895834	6.604982
7895835	6.695034
7895836	5.8198
7895837	7.490558
7895838	3.437455
7895839	7.173236
7895840	5.644597
7895843	6.536385
7895844	7.889749
7895845	5.457211
7895848	5.042674
7895849	7.392708
7895850	4.123947
7895851	4.790789
7895852	3.300362
7895854	8.237298
7895856	5.904195
7895858	3.120588
7895859	2.615287
7895860	4.818278
7895862	7.063626
7895863	5.755241
7895864	2.787278
7895865	4.814993
7895867	2.643559
7895868	7.19498
7895870	4.871181
7895871	3.923494
7895872	9.188983
7895874	6.454828
7895875	4.349932
7895876	2.848082
7895877	4.665596
7895880	7.508501
7895882	6.167132
7895883	6.919846
7895884	4.292882
7895887	4.605114
7895888	5.767769
7895889	6.018816
7895891	2.110508
7895894	6.821426
7895895	2.945659
7895896	7.237854
7895897	2.467994
7895898	7.180228
7895899	10.87488
7895902	5.238712
7895905	5.984842
7895906	6.801844
7895909	5.062709
7895910	5.423872
7895912	9.740503
7895914	4.464043
7895915	4.618253
7895917	10.45589
7895920	13.98262
7895921	7.356064
7895922	2.329349
7895924	12.87304
7895925	5.425812
7895926	8.09191
7895927	4.393376
7895930	6.605708
7895931	7.058896
7895935	7.414601
7895936	11.37995
7895938	11.37899
7895941	11.41673
7895942	9.026859
7895946	8.319038
7895950	3.120109
7895951	5.11344
7895955	5.744983
7895956	12.55742
7895957	7.381045
7895958	2.997702
7895959	6.953843
7895960	5.122758
7895961	7.372066
7895962	7.08058
7895965	5.984881
7895966	5.860301
7895967	3.209383
7895969	9.386075
7895970	2.019655
7895974	8.058293
7895975	5.202486
7895976	7.328989
7895977	4.799757
7895978	2.452417
7895979	5.864446
7895980	2.354214
7895983	5.440197
7895984	2.942769
7895986	2.233214
7895987	5.993671
7895988	7.745788
7895989	4.982565
7895990	5.907707
7895991	2.340848
7895992	4.871494
7895993	5.754384
7895998	5.261125
7896000	4.31222
7896002	4.350532
7896003	4.301926
7896004	7.215226
7896006	5.130638
7896008	8.164407
7896009	4.606474
7896010	6.096787
7896011	5.535124
7896012	2.133269
7896014	4.317886
7896015	2.961749
7896016	3.957933
7896017	9.466325
7896018	8.120628
7896019	6.96163
7896020	7.571435
7896021	5.969732
7896023	2.538171
7896024	9.285085
7896027	5.625521
7896028	7.169378
7896031	2.037848
7896032	4.708976
7896033	6.66014
7896034	7.182232
7896035	3.94886
7896037	4.726344
7896040	7.963251
7896043	8.64328
7896045	12.18127
7896046	6.322677
7896049	8.14635
7896051	6.21636
7896052	5.873065
7896053	5.735677
7896055	6.691734
7896056	4.312129
7896057	6.883914
7896058	7.002999
7896060	10.42598
7896061	2.687858
7896062	5.289731
7896063	6.34218
7896065	7.079144
7896066	2.638483
7896068	6.212478
7896071	4.268962
7896072	3.92137
7896073	11.79137
7896074	6.164697
7896075	5.114532
7896077	7.894778
7896078	13.39814
7896079	5.282727
7896080	4.938594
7896081	5.168261
7896083	4.196777
7896086	6.922593
7896087	10.64287
7896088	9.11345
7896090	10.11423
7896092	7.308689
7896093	3.433821
7896096	3.288154
7896097	2.974264
7896098	6.79504
7896099	7.247771
7896100	1.61149
7896102	7.002256
7896103	9.282314
7896104	6.513192
7896105	5.191377
7896106	6.210402
7896107	8.438884
7896109	1.940394
7896110	6.879332
7896113	5.930978
7896114	4.379603
7896115	11.71598
7896116	3.737808
7896117	5.295564
7896118	4.324462
7896119	5.625566
7896121	11.81098
7896122	6.799863
7896124	6.754541
7896125	5.293949
7896126	7.513217
7896127	5.438872
7896129	2.269911
7896131	4.443923
7896132	8.659834
7896134	3.441557
7896135	5.922485
7896141	5.221106
7896143	6.873279
7896144	13.01135
7896145	6.230327
7896146	4.896369
7896147	4.86613
7896149	12.33383
7896150	9.324305
7896151	13.64774
7896152	3.700366
7896153	6.377815
7896154	7.437354
7896155	5.36888
7896161	4.895474
7896163	5.072843
7896164	7.948766
7896165	4.132199
7896166	6.111708
7896171	7.109879
7896172	6.100559
7896173	7.228211
7896176	11.48919
7896177	5.219342
7896179	5.8305
7896180	5.005793
7896181	6.799964
7896182	6.422181
7896183	10.36017
7896187	2.726599
7896189	6.886512
7896190	4.528482
7896192	11.6315
7896193	7.583262
7896194	12.30788
7896195	4.194505
7896196	5.629991
7896197	4.889217
7896198	8.629635
7896199	6.024806
7896202	3.736171
7896203	6.663105
7896204	8.90076
7896206	5.746162
7896207	2.195035
7896208	2.844175
7896209	5.211323
7896211	4.038367
7896212	8.833256
7896213	9.602313
7896214	2.566089
7896215	3.17769
7896217	7.674627
7896218	6.468706
7896219	5.964353
7896220	4.413772
7896223	5.982393
7896224	6.168091
7896225	6.103832
7896226	4.725888
7896229	2.693211
7896233	5.900508
7896234	4.319778
7896235	10.42159
7896236	5.338956
7896238	2.748344
7896239	5.727473
7896242	2.230677
7896243	11.6084
7896244	8.540044
7896245	5.908555
7896246	7.46848
7896248	5.57208
7896251	6.257068
7896252	12.41098
7896254	4.065295
7896255	5.774047
7896256	8.279492
7896257	4.823561
7896259	6.213713
7896260	3.922152
7896261	4.62266
7896262	5.584486
7896263	7.783288
7896264	3.075136
7896265	3.129947
7896266	11.56276
7896267	2.269911
7896268	4.014282
7896270	6.963943
7896271	6.924177
7896272	2.491592
7896273	5.716877
7896274	6.419383
7896275	4.669999
7896276	5.073098
7896279	5.727473
7896280	4.951769
7896281	6.785583
7896282	11.76619
7896284	4.540952
7896285	5.659038
7896286	6.002845
7896288	5.361577
7896289	3.943447
7896290	7.233145
7896291	6.267993
7896293	7.760227
7896294	6.617527
7896295	5.680523
7896296	5.443556
7896297	6.624995
7896298	7.965736
7896299	2.716053
7896300	7.183649
7896301	6.729018
7896303	2.895669
7896304	3.795418
7896305	2.327041
7896306	2.289549
7896307	5.294362
7896309	6.807017
7896311	5.710192
7896312	6.687222
7896313	5.060476
7896314	4.767292
7896315	3.053963
7896316	4.085277
7896317	4.445135
7896318	4.523208
7896320	6.431539
7896322	4.28859
7896323	6.172558
7896326	2.869302
7896327	6.743655
7896328	6.779499
7896330	7.118615
7896332	3.544476
7896333	11.40178
7896334	5.424171
7896335	9.788354
7896336	5.668468
7896338	7.403711
7896340	5.838266
7896341	8.628651
7896342	4.38063
7896344	5.152961
7896346	13.24052
7896347	3.813166
7896348	8.421929
7896350	7.409647
7896351	8.051522
7896353	3.941676
7896354	2.217271
7896355	6.785084
7896357	2.628097
7896359	6.048762
7896361	6.937698
7896363	7.401997
7896364	6.42739
7896368	7.925063
7896373	4.841376
7896376	7.844362
7896377	2.265399
7896379	4.826624
7896380	12.04625
7896381	7.024357
7896382	2.154817
7896386	4.99065
7896389	4.43048
7896390	6.022334
7896392	6.27564
7896393	7.239896
7896396	2.534422
7896399	6.088178
7896400	3.094328
7896401	4.887067
7896402	4.908811
7896403	13.46705
7896404	8.06576
7896405	6.206968
7896406	6.573982
7896407	2.710872
7896408	6.303886
7896409	3.776212
7896410	5.104417
7896411	3.801471
7896412	11.17762
7896413	8.450508
7896414	3.257347
7896415	5.562595
7896416	7.240755
7896417	7.873362
7896418	7.959152
7896420	6.4186
7896423	10.32921
7896424	6.537715
7896429	4.072721
7896433	4.513629
7896435	3.146843
7896436	2.276305
7896437	5.516695
7896440	5.111605
7896441	4.749783
7896442	3.796778
7896444	7.742035
7896445	7.004597
7896447	7.996415
7896448	10.14071
7896449	4.17738
7896450	7.491483
7896451	3.432715
7896452	4.087903
7896453	4.563957
7896454	3.083789
7896455	1.599285
7896457	3.99779
7896459	3.081987
7896461	5.290173
7896462	7.324773
7896463	3.054271
7896465	3.286986
7896467	5.757109
7896469	2.058167
7896470	3.505555
7896471	5.356641
7896473	2.324646
7896475	4.355455
7896477	7.59852
7896478	3.515131
7896479	6.182389
7896480	4.674647
7896481	10.84011
7896486	3.193
7896487	4.306643
7896488	11.16349
7896489	6.514312
7896492	2.991511
7896494	9.898493
7896495	2.24467
7896496	13.08697
7896497	11.62698
7896500	7.361688
7896501	10.99845
7896502	6.347998
7896503	6.070955
7896504	2.075031
7896505	4.128104
7896506	5.768556
7896507	3.505174
7896509	5.695019
7896510	4.383795
7896513	3.10798
7896514	4.91591
7896515	3.305741
7896516	3.532091
7896517	9.25706
7896518	4.700716
7896519	5.812121
7896523	5.469751
7896524	3.790955
7896526	6.812347
7896527	3.015675
7896532	4.113689
7896535	3.857918
7896536	4.388692
7896537	4.243403
7896538	3.260772
7896540	7.517656
7896541	13.85557
7896545	5.825399
7896548	6.957242
7896549	12.45483
7896550	4.442265
7896551	2.348908
7896552	7.255209
7896555	3.679693
7896556	2.164882
7896557	4.220974
7896559	4.847064
7896562	5.225852
7896563	5.952147
7896564	4.488955
7896565	4.000007
7896566	6.600463
7896567	4.156711
7896568	2.125932
7896569	7.015507
7896570	5.385957
7896571	3.326892
7896572	6.262683
7896574	7.41762
7896575	7.007552
7896576	5.280559
7896577	5.399961
7896578	3.564723
7896579	3.481944
7896580	6.889656
7896581	4.880689
7896583	3.461526
7896584	7.60512
7896585	6.221612
7896587	2.248951
7896588	7.205985
7896589	3.940653
7896590	2.941466
7896591	3.302404
7896592	7.270854
7896593	3.086829
7896595	2.603271
7896597	4.382653
7896598	4.208039
7896601	5.961757
7896603	10.47407
7896604	4.14262
7896606	10.98196
7896607	3.795797
7896609	11.14547
7896610	3.391671
7896611	7.988022
7896612	9.32164
7896613	7.861035
7896614	6.217445
7896615	5.670704
7896617	4.02254
7896618	4.465037
7896619	4.272316
7896620	11.60322
7896624	8.149627
7896625	3.88982
7896626	3.14499
7896628	4.968827
7896629	7.228042
7896630	5.952147
7896631	14.2822
7896632	7.085514
7896633	6.098257
7896634	4.818508
7896635	3.562058
7896636	3.616015
7896638	4.095115
7896639	13.66813
7896640	5.044117
7896641	3.099901
7896642	10.97143
7896643	4.894581
7896644	7.941414
7896645	3.903895
7896648	7.399458
7896649	2.462235
7896650	6.534803
7896654	8.798891
7896655	6.096428
7896656	6.2152
7896660	6.166885
7896661	7.334295
7896662	5.854266
7896663	7.117272
7896665	2.190689
7896666	1.802709
7896668	5.100034
7896669	9.081631
7896670	8.264525
7896671	5.675931
7896672	3.950796
7896674	5.421012
7896675	10.12389
7896676	9.253875
7896678	2.73905
7896679	11.97259
7896680	3.171722
7896681	5.468546
7896682	6.889192
7896686	5.938372
8180192	13.96846
8180193	13.35208
8180194	7.463909
8180195	5.042055
8180196	5.986913
8180197	5.292397
8180198	4.123301
8180199	7.477365
8180200	8.184964
8180201	4.28536
8180202	7.294734
8180203	6.420703
8180204	6.156956
8180205	3.011595
8180206	8.009755
8180207	8.044969
8180208	3.887428
8180209	5.777434
8180210	5.008787
8180211	4.258421
8180212	8.656153
8180213	4.901011
8180214	3.618831
8180215	4.410028
8180216	5.863244
8180217	10.00751
8180218	8.388844
8180219	4.58108
8180220	5.162724
8180221	2.964433
8180222	3.136061
8180223	5.741479
8180224	6.678898
8180225	5.045727
8180226	4.875368
8180227	6.748181
8180228	5.077771
8180229	7.187751
8180230	7.811795
8180231	6.121272
8180232	5.419519
8180233	4.469962
8180234	6.670169
8180235	4.996888
8180236	6.613165
8180237	8.621593
8180238	3.823344
8180239	7.355206
8180240	8.728154
8180241	4.40874
8180242	4.299776
8180243	3.839303
8180244	6.163117
8180245	2.802912
8180246	6.776667
8180247	5.048778
8180248	4.570611
8180249	4.280273
8180250	5.060338
8180251	5.094407
8180252	5.379074
8180253	4.427274
8180254	7.638763
8180255	6.919098
8180256	8.507025
8180257	5.8101
8180258	7.294734
8180259	8.513479
8180260	8.702108
8180261	5.61738
8180262	7.453864
8180263	9.509009
8180264	5.866923
8180265	6.613165
8180266	5.065277
8180267	7.591222
8180268	9.69808
8180269	7.469388
8180270	7.128811
8180271	4.942934
8180272	6.037856
8180273	6.064921
8180274	5.999176
8180275	5.588604
8180276	4.594702
8180277	6.789819
8180278	6.127901
8180279	6.390535
8180280	6.105994
8180281	6.09068
8180282	7.790835
8180283	10.76205
8180284	10.83167
8180285	10.72719
8180286	8.779768
8180287	10.48169
8180288	7.463909
8180289	7.39762
8180290	7.250947
8180291	7.250947
8180292	7.333889
8180293	7.463909
8180294	7.351128
8180295	7.404325
8180296	7.310538
8180297	12.797
8180298	7.953254
8180299	6.501739
8180300	5.622614
8180301	7.364598
8180302	7.330261
8180303	4.902488
8180304	5.139649
8180305	7.357208
8180306	10.00217
8180307	7.416506
8180308	7.429518
8180309	4.863295
8180310	9.787828
8180311	10.39314
8180312	10.1521
8180313	5.878293
8180314	5.779499
8180315	6.05841
8180316	10.46084
8180317	10.47967
8180318	10.45105
8180319	10.44523
8180320	5.175631
8180321	6.919098
8180322	3.99286
8180323	7.615653
8180324	7.261357
8180325	7.626677
8180326	7.856165
8180327	7.585801
8180328	7.884447
8180329	11.88273
8180330	11.94517
8180331	11.94758
8180332	11.9459
8180333	11.89954
8180334	11.96666
8180335	11.86099
8180336	8.780872
8180337	9.571302
8180338	7.87792
8180339	7.498539
8180340	5.241666
8180341	10.76077
8180342	10.81035
8180343	10.70546
8180344	9.675036
8180345	9.639331
8180346	9.953386
8180347	6.770454
8180348	3.976116
8180349	10.27801
8180350	7.823601
8180351	8.643404
8180352	4.330753
8180353	8.907717
8180354	8.72635
8180355	11.82106
8180356	9.087459
8180357	8.32507
8180358	6.040067
8180359	7.724913
8180360	4.017505
8180361	5.867213
8180362	8.255322
8180363	8.275272
8180364	8.367046
8180365	8.367046
8180366	6.597527
8180367	6.597527
8180368	3.516239
8180369	2.619903
8180370	6.042028
8180371	10.65199
8180372	6.166886
8180373	6.003378
8180374	7.079841
8180375	8.900229
8180376	7.805779
8180377	8.051505
8180378	7.404433
8180379	7.702263
8180380	4.17663
8180381	4.211025
8180382	7.820841
8180383	4.877729
8180384	8.068129
8180385	6.885578
8180386	10.44642
8180387	10.48978
8180388	10.51836
8180389	10.4962
8180390	8.413545
8180391	6.071466
8180392	6.420546
8180393	9.492775
8180394	9.354581
8180395	9.460494
8180396	7.327587
8180397	7.341536
8180398	11.0668
8180399	4.507532
8180400	7.485668
8180401	4.230802
8180402	8.91404
8180403	8.491666
8180404	11.59608
8180405	7.57666
8180406	8.389668
8180407	10.71154
8180408	10.91588
8180409	11.1377
8180410	10.5228
8180411	5.68839
8180412	6.62787
8180413	6.738717
8180414	8.149666
8180415	6.466873
8180416	4.602135
8180417	8.609478
8180418	8.996728
!sample_table_end
