^SAMPLE = GSM699139
!Sample_title = human urine sediment, control subject 5
!Sample_geo_accession = GSM699139
!Sample_status = Public on Feb 06 2012
!Sample_submission_date = Mar 29 2011
!Sample_last_update_date = Feb 07 2012
!Sample_type = RNA
!Sample_channel_count = 1
!Sample_source_name_ch1 = human
!Sample_organism_ch1 = Homo sapiens
!Sample_taxid_ch1 = 9606
!Sample_characteristics_ch1 = gender: Female
!Sample_characteristics_ch1 = age: 75
!Sample_characteristics_ch1 = disease state: normal
!Sample_molecule_ch1 = total RNA
!Sample_extract_protocol_ch1 = Urine (40-100 ml) was immediately placed on ice, transported to the laboratory and centrifuged at -4C for 5 minutes. Pellets were washed twice with ice-cold phosphate-buffered saline, suspended in 0.8 ml TRIzol and RNA was extracted according to the manufacturer's instructions.
!Sample_label_ch1 = biotin
!Sample_label_protocol_ch1 = RNA was stored at -80oC until all samples had been collected, then analyzed at our Microarray Core Facility using the Affymetrix GeneChip Whole Transcript (WT) Sense Target Labeling Assay protocol.
!Sample_hyb_protocol = Standard Affymetrix
!Sample_scan_protocol = Standard Affymetrix
!Sample_data_processing = Probe level data were produced by Partek GS (6.10) using the RMA output option. Probe set signal intensities < 4.2 were considered absent, and if > 10 chips rated a probe set absent, that probe set was not considered for further analysis.
!Sample_platform_id = GPL6244
!Sample_contact_name = Eric,M,Blalock
!Sample_contact_email = eric.blalock@uky.edu
!Sample_contact_phone = 859-323-8033
!Sample_contact_laboratory = Blalock
!Sample_contact_department = Molecular and Biomedical Pharmacology
!Sample_contact_institute = University of Kentucky
!Sample_contact_address = 800 Rose St.
!Sample_contact_city = Lexington
!Sample_contact_state = KY
!Sample_contact_zip/postal_code = 40475
!Sample_contact_country = USA
!Sample_supplementary_file = ftp://ftp.ncbi.nlm.nih.gov/geo/samples/GSM699nnn/GSM699139/suppl/GSM699139.CEL.gz
!Sample_series_id = GSE28242
!Sample_data_row_count = 33297
#ID_REF = 
#VALUE = RMA-calculated Signal intensity
!sample_table_begin
ID_REF	VALUE
7896736	5.754266
7896738	3.18532
7896740	2.943408
7896742	9.28674
7896744	7.769875
7896746	8.472357
7896748	7.883534
7896750	2.821138
7896752	8.067058
7896754	5.574138
7896756	5.045781
7896759	5.783064
7896761	6.50996
7896779	6.564027
7896798	7.071332
7896817	8.011457
7896822	7.783111
7896859	5.718442
7896861	3.503772
7896863	6.256671
7896865	6.756958
7896878	6.41693
7896882	6.377959
7896908	6.914029
7896917	6.986077
7896921	6.7381
7896929	7.109411
7896937	5.609614
7896952	6.643631
7896961	6.635472
7896983	5.512591
7896985	7.214275
7897006	7.388574
7897026	5.6359
7897034	6.049231
7897044	6.902857
7897066	6.227199
7897068	8.062875
7897076	4.929603
7897078	8.912638
7897089	6.794963
7897119	7.931554
7897128	5.321544
7897132	5.604425
7897154	6.643653
7897172	7.407396
7897179	5.782751
7897196	5.420586
7897210	5.754897
7897227	5.408362
7897236	7.298244
7897257	6.468519
7897263	6.14937
7897277	5.341032
7897280	6.576978
7897286	6.791592
7897288	6.897847
7897293	6.888155
7897295	5.503401
7897305	6.070087
7897322	7.075243
7897329	5.696258
7897339	5.067704
7897368	4.93448
7897370	7.602014
7897378	7.109163
7897404	8.662167
7897416	4.559355
7897422	5.349546
7897424	5.357587
7897426	4.97296
7897439	6.288639
7897441	6.39655
7897449	6.160814
7897460	7.761388
7897469	5.625825
7897482	7.704276
7897509	3.934145
7897520	5.54322
7897522	6.492443
7897527	7.776639
7897559	3.377585
7897561	7.636328
7897620	10.03659
7897632	4.787477
7897648	7.189171
7897661	7.95475
7897663	8.805461
7897675	3.596186
7897683	2.329932
7897685	6.840779
7897691	5.636603
7897714	6.545724
7897728	6.767348
7897737	8.020702
7897745	8.180809
7897753	6.0566
7897774	7.252081
7897801	9.263788
7897803	6.840722
7897824	7.865317
7897849	6.859031
7897860	7.015614
7897877	10.39808
7897890	8.553295
7897953	6.650582
7897955	4.791282
7897960	4.096078
7897964	3.369921
7897966	3.895865
7897974	5.076149
7897978	3.344302
7897987	3.697721
7897991	6.470704
7897995	2.908494
7897997	5.723749
7898002	5.183934
7898007	3.977774
7898012	3.813089
7898020	5.278723
7898026	4.415798
7898030	5.193552
7898034	5.278723
7898040	3.813089
7898048	4.834869
7898052	5.070365
7898057	5.253116
7898070	7.898472
7898084	7.888315
7898102	5.801707
7898112	6.678652
7898115	7.02316
7898124	5.264709
7898161	9.728914
7898167	5.232817
7898176	5.943116
7898184	6.118734
7898192	7.147747
7898209	6.851488
7898211	7.656661
7898227	8.212346
7898249	6.601875
7898256	6.102695
7898263	6.258097
7898276	8.268968
7898278	7.951475
7898294	2.364136
7898296	5.944713
7898300	5.356512
7898314	6.343342
7898328	7.94493
7898337	8.509049
7898350	4.648328
7898353	5.222979
7898355	3.478621
7898357	5.711484
7898371	5.86621
7898373	4.052978
7898375	11.02154
7898377	6.171025
7898405	3.24026
7898407	4.815666
7898411	11.02154
7898413	9.537021
7898431	7.942639
7898448	7.02975
7898466	5.118458
7898483	7.855389
7898516	5.166683
7898521	5.758
7898533	7.313068
7898535	3.03299
7898537	6.125337
7898549	5.597939
7898556	6.718183
7898568	4.626436
7898570	8.17223
7898572	2.341985
7898574	8.530212
7898582	5.676001
7898585	7.45559
7898594	4.722761
7898602	6.826292
7898607	7.437593
7898609	4.915066
7898616	6.66939
7898623	4.455661
7898627	5.889234
7898653	7.828149
7898655	7.975774
7898663	7.373695
7898673	6.846178
7898675	2.802076
7898677	7.414519
7898679	6.284347
7898693	9.235905
7898707	5.989242
7898713	7.319608
7898721	4.208826
7898723	5.287877
7898725	5.762682
7898732	4.802591
7898734	3.197776
7898736	5.59496
7898739	8.237582
7898750	6.058704
7898773	5.853162
7898793	5.791337
7898799	7.171908
7898805	6.760026
7898809	6.398159
7898833	6.509326
7898854	3.077021
7898856	6.723141
7898858	5.352698
7898869	5.373785
7898875	8.400267
7898881	7.372577
7898894	6.835123
7898902	8.339149
7898910	10.73105
7898916	7.744217
7898939	7.537922
7898957	7.556974
7898967	5.519927
7898975	8.334104
7898988	9.896691
7898998	5.131026
7899005	9.872811
7899016	9.33655
7899018	9.427572
7899023	6.117004
7899029	6.343943
7899043	7.153333
7899057	6.781599
7899069	4.782706
7899071	4.495332
7899073	3.632964
7899075	5.837756
7899087	6.058915
7899093	7.146993
7899096	5.7367
7899101	6.698748
7899124	4.544153
7899134	5.658951
7899151	2.514435
7899153	9.385117
7899160	6.72405
7899167	5.667127
7899173	7.519259
7899187	9.864989
7899192	8.740065
7899220	6.81607
7899244	7.546473
7899251	2.722168
7899253	10.35608
7899265	8.511442
7899273	7.353585
7899284	8.001661
7899287	7.263557
7899289	6.97512
7899310	6.887161
7899323	6.902374
7899343	6.622969
7899346	7.380742
7899348	5.576484
7899350	5.887435
7899361	8.422033
7899377	6.487924
7899392	4.731811
7899394	8.844317
7899407	6.378687
7899417	7.154071
7899422	6.358221
7899424	6.711121
7899436	7.544784
7899448	6.011189
7899455	8.450229
7899462	7.60778
7899480	10.85661
7899484	6.16346
7899486	7.147146
7899499	4.407712
7899502	7.736188
7899504	6.565958
7899517	3.184736
7899519	7.073298
7899528	6.485026
7899534	8.165212
7899560	6.324975
7899562	7.028845
7899595	5.595048
7899602	4.18488
7899604	6.80968
7899615	9.983456
7899627	7.847659
7899643	5.586709
7899654	8.049641
7899675	5.558761
7899688	7.013387
7899703	7.083107
7899719	6.090844
7899727	5.989809
7899737	8.049533
7899750	5.566024
7899753	6.485616
7899774	9.063542
7899790	4.818707
7899797	5.270879
7899811	2.050133
7899813	8.211461
7899821	6.800969
7899829	6.585317
7899841	5.851306
7899849	6.198934
7899851	5.898784
7899870	6.117544
7899882	4.940488
7899884	4.77663
7899898	3.497044
7899905	4.353072
7899909	5.161573
7899911	4.649045
7899921	5.273975
7899927	5.416953
7899932	5.550581
7899939	6.044821
7899943	5.266417
7899955	11.21422
7899957	6.819849
7899988	2.465567
7899990	6.230788
7900001	7.44485
7900009	7.779236
7900030	6.75362
7900051	8.495298
7900076	6.088858
7900087	6.089565
7900095	8.059234
7900119	8.568449
7900129	8.302157
7900144	2.51765
7900146	10.47859
7900157	9.693762
7900159	5.507861
7900167	6.041307
7900181	2.781647
7900183	6.582371
7900192	7.589186
7900201	6.382469
7900212	3.169323
7900214	2.819906
7900216	9.363639
7900228	7.991605
7900235	7.711991
7900336	4.754732
7900340	5.938747
7900350	2.903313
7900352	6.255645
7900354	6.298718
7900365	7.935785
7900382	11.81719
7900395	10.13052
7900405	6.010798
7900407	3.453824
7900409	4.30767
7900413	8.577162
7900426	9.821259
7900438	4.515184
7900446	5.352364
7900454	4.861149
7900461	3.815898
7900468	8.224294
7900488	4.70755
7900490	4.574676
7900492	4.890323
7900510	6.637564
7900531	6.865824
7900538	6.786558
7900540	6.165448
7900546	7.649287
7900555	4.699131
7900576	6.147588
7900585	9.996284
7900597	5.845373
7900603	5.255803
7900609	6.132224
7900624	5.49882
7900633	2.816106
7900635	5.765018
7900639	4.701517
7900652	3.464824
7900654	6.86618
7900658	4.581368
7900683	5.236236
7900699	6.033703
7900710	6.80686
7900792	7.706161
7900833	7.201486
7900857	5.545092
7900876	2.153599
7900878	6.204556
7900888	6.015912
7900911	5.4416
7900922	10.00992
7900931	7.721938
7900944	6.614857
7900957	5.718919
7900962	6.274399
7900977	2.450843
7900979	6.021666
7900999	4.597947
7901010	4.79878
7901036	3.027067
7901038	8.963448
7901046	6.50798
7901048	8.070927
7901050	5.023169
7901052	3.650826
7901054	11.1329
7901071	3.059656
7901073	6.590379
7901087	5.55233
7901091	5.935644
7901102	6.111768
7901110	7.556169
7901123	6.778031
7901135	6.660108
7901140	6.366587
7901175	9.830744
7901187	6.00506
7901192	4.877457
7901212	5.741138
7901219	7.037577
7901227	2.860483
7901229	6.132755
7901247	6.431753
7901253	4.677916
7901256	6.318539
7901272	4.817558
7901287	4.994886
7901293	5.123139
7901299	8.42449
7901309	7.631098
7901311	5.704896
7901314	5.630167
7901316	4.289468
7901334	2.538503
7901336	6.194541
7901340	4.483304
7901342	3.89485
7901357	7.413074
7901359	2.032566
7901361	2.091841
7901363	4.540268
7901374	2.387566
7901376	8.184755
7901383	2.600388
7901385	8.586613
7901418	7.528822
7901426	4.533335
7901443	6.807275
7901445	6.997252
7901447	8.171025
7901460	4.700862
7901466	5.379714
7901477	5.859027
7901479	6.858972
7901497	4.478508
7901513	7.795841
7901535	5.530282
7901549	5.474309
7901557	6.923219
7901563	3.921257
7901565	4.01731
7901577	6.115938
7901592	6.257673
7901601	7.329984
7901611	5.186039
7901613	6.274087
7901634	6.00756
7901662	6.81331
7901675	7.193695
7901687	6.757732
7901691	5.286516
7901696	6.122985
7901710	2.752654
7901712	2.252738
7901714	5.097328
7901720	5.029104
7901732	3.994704
7901744	5.60217
7901746	9.298697
7901748	6.956515
7901765	4.875672
7901788	5.565881
7901802	5.549276
7901804	8.154984
7901852	5.13881
7901854	4.107938
7901856	5.357097
7901858	5.609364
7901860	3.149927
7901867	6.18187
7901883	2.88941
7901895	4.783233
7901911	4.205431
7901913	6.37321
7901915	5.568139
7901931	3.918805
7901948	2.260779
7901951	6.43412
7901967	8.048506
7901969	5.017691
7901982	2.456962
7901993	6.047023
7902023	5.266626
7902036	8.622663
7902038	7.637908
7902043	4.417454
7902072	3.469591
7902074	6.45865
7902102	3.142726
7902104	9.219025
7902127	3.662741
7902158	3.890797
7902166	7.689225
7902189	3.274918
7902203	4.774011
7902205	4.009684
7902225	2.379519
7902227	8.995458
7902235	3.60113
7902265	6.537621
7902267	7.149377
7902269	8.454993
7902282	5.488524
7902290	4.644478
7902306	4.242173
7902308	5.636321
7902317	3.175786
7902345	6.02198
7902353	4.018377
7902365	3.773862
7902367	10.84908
7902382	7.166994
7902396	5.434141
7902398	7.968509
7902400	5.737165
7902402	2.570128
7902425	5.859759
7902435	8.93062
7902439	3.438951
7902441	5.698599
7902448	9.1315
7902452	2.985694
7902472	5.64646
7902474	5.82593
7902476	6.086551
7902495	3.39757
7902512	8.28612
7902518	4.515185
7902527	3.241654
7902541	7.460981
7902553	6.714412
7902563	3.554343
7902565	5.806683
7902592	7.004637
7902594	6.659683
7902611	5.009488
7902615	1.905775
7902617	3.299905
7902623	3.09129
7902634	5.180951
7902645	2.733614
7902660	3.564897
7902687	7.77398
7902700	3.792922
7902702	3.792455
7902721	3.442516
7902738	8.97522
7902754	3.174872
7902771	8.617521
7902787	3.655654
7902789	6.959369
7902799	5.119756
7902808	3.444341
7902810	5.697907
7902822	9.761311
7902848	6.490808
7902850	5.16674
7902861	7.142658
7902874	5.879118
7902883	6.508455
7902891	6.16054
7902909	5.618818
7902911	4.871236
7902913	3.49826
7902930	3.369359
7902934	3.291804
7902957	5.114867
7902965	4.573924
7902977	4.356436
7902984	2.304719
7902992	5.524807
7903008	4.405869
7903010	6.420909
7903022	5.35663
7903024	4.874021
7903026	2.014559
7903028	3.53603
7903030	3.055828
7903032	7.481303
7903049	4.554723
7903079	8.503609
7903090	2.140397
7903092	7.867014
7903109	2.109183
7903111	2.574318
7903113	2.115846
7903115	2.76445
7903117	4.410068
7903119	9.092102
7903144	7.428055
7903162	6.748165
7903171	5.196758
7903181	2.86353
7903183	8.165581
7903186	3.117272
7903188	7.046941
7903203	4.528098
7903214	4.212101
7903227	3.71644
7903239	5.82271
7903281	9.348778
7903292	2.336495
7903294	10.14167
7903308	5.766235
7903321	7.600976
7903334	6.67604
7903355	6.457825
7903358	5.533488
7903369	8.066566
7903389	6.0312
7903391	3.989128
7903393	4.271923
7903399	4.840776
7903401	3.640088
7903404	7.375401
7903407	6.677268
7903414	6.796288
7903425	6.530396
7903440	6.530396
7903455	2.723814
7903457	4.484915
7903461	4.738289
7903474	7.835308
7903478	5.653676
7903490	5.649117
7903507	7.508725
7903519	7.803133
7903530	3.572484
7903541	8.554983
7903561	3.59368
7903565	7.162024
7903582	9.578224
7903586	8.937922
7903592	7.70705
7903619	8.132568
7903632	6.338768
7903667	5.916424
7903676	5.34972
7903688	7.093216
7903694	5.67661
7903703	10.19597
7903717	7.707682
7903719	8.213442
7903742	5.613032
7903753	5.348183
7903765	6.716926
7903777	4.039145
7903786	6.53577
7903803	8.976254
7903827	6.663595
7903851	5.532563
7903854	5.039699
7903867	6.290797
7903876	2.632722
7903878	7.354149
7903884	6.26428
7903889	3.95423
7903893	12.62815
7903906	3.122009
7903908	7.858536
7903920	5.484234
7903935	3.730222
7903945	4.258331
7903959	4.690603
7903970	3.739655
7903972	6.667553
7903980	6.907867
7903988	8.74616
7904000	4.547804
7904014	2.561458
7904016	2.516776
7904018	8.037208
7904025	5.750559
7904036	8.284315
7904048	7.549526
7904050	7.492151
7904073	5.608063
7904082	5.361169
7904084	5.133289
7904086	6.087303
7904106	8.077641
7904131	5.32663
7904137	8.697664
7904158	5.679366
7904164	3.101608
7904166	2.822177
7904168	2.481176
7904203	3.293074
7904209	5.653934
7904211	5.536919
7904226	6.682841
7904244	4.926499
7904252	3.496139
7904254	10.11091
7904281	3.109159
7904287	6.289226
7904293	6.53347
7904303	5.267245
7904314	5.193981
7904340	7.417152
7904361	6.941612
7904364	4.773362
7904394	3.484205
7904396	4.606003
7904408	3.484076
7904414	4.525784
7904417	2.864761
7904421	4.150146
7904429	5.162094
7904431	3.332341
7904433	5.869765
7904448	4.281367
7904450	2.478498
7904452	3.840518
7904463	8.751157
7904465	9.952634
7904469	8.203017
7904478	4.966835
7904480	3.989455
7904482	9.13499
7904486	12.56473
7904500	12.93027
7904506	12.89669
7904562	12.80136
7904569	13.37827
7904572	4.897641
7904574	10.73048
7904693	5.676149
7904695	10.36853
7904702	10.58099
7904713	7.447081
7904715	5.103495
7904717	5.441022
7904726	13.04941
7904737	5.751051
7904742	7.169682
7904751	7.332856
7904755	6.464952
7904761	5.238671
7904796	5.377249
7904812	7.076753
7904830	6.360719
7904843	4.051553
7904853	5.377189
7904863	6.701355
7904865	3.928582
7904869	6.877918
7904872	2.872921
7904874	13.04994
7904877	5.030456
7904879	7.815773
7904881	10.39158
7904883	5.374194
7904907	6.218848
7904921	4.655008
7904923	3.611171
7904927	5.031398
7904930	5.723269
7904948	6.877918
7904951	2.872921
7904953	3.055043
7904955	7.113423
7904959	6.232152
7904963	3.989455
7904965	6.758382
7904967	6.449952
7904969	8.540843
7904974	9.173965
7904976	10.8588
7904997	6.77246
7904999	10.8892
7905016	6.77246
7905018	6.068206
7905020	6.32433
7905025	5.128014
7905028	9.55798
7905033	4.3575
7905035	6.164725
7905037	6.153556
7905043	6.179183
7905047	9.053833
7905051	5.753469
7905054	4.996257
7905058	5.46566
7905060	8.956775
7905067	9.971843
7905077	5.291327
7905079	10.90551
7905085	8.704565
7905088	8.747674
7905092	7.020543
7905099	7.02037
7905116	7.082894
7905131	4.065294
7905145	3.94913
7905147	5.142483
7905154	6.475657
7905163	6.853226
7905171	7.960101
7905185	7.402052
7905198	6.72276
7905220	11.1102
7905233	6.714999
7905254	4.111734
7905256	3.816617
7905258	6.387104
7905283	8.661883
7905299	5.22497
7905308	8.085878
7905324	6.436995
7905329	5.729489
7905339	5.890892
7905349	6.280753
7905355	7.47841
7905365	8.316699
7905374	7.203947
7905382	6.607349
7905395	9.333106
7905406	7.556327
7905428	9.556209
7905444	7.919088
7905462	3.474326
7905464	4.338634
7905474	3.33516
7905481	5.151012
7905483	6.236599
7905486	11.43575
7905490	6.345179
7905492	7.248275
7905496	3.81484
7905500	6.230873
7905503	5.175785
7905505	6.05802
7905507	7.69833
7905510	5.808262
7905512	6.037261
7905515	7.196889
7905517	6.784465
7905519	6.645355
7905523	7.543746
7905525	3.737329
7905528	7.079877
7905530	4.222157
7905533	7.208561
7905536	6.703194
7905544	12.22379
7905548	13.28473
7905553	11.67212
7905559	6.375022
7905563	4.785717
7905569	3.086927
7905571	11.25625
7905576	4.755618
7905581	5.618372
7905589	7.500538
7905598	6.669533
7905606	5.387759
7905629	3.048795
7905631	7.748835
7905664	6.091272
7905677	4.438457
7905691	9.524662
7905698	1.944866
7905700	9.833209
7905731	8.540926
7905733	7.198895
7905742	2.719085
7905744	4.68676
7905746	5.449354
7905754	5.626367
7905789	9.185566
7905801	4.115956
7905817	5.669724
7905826	7.635951
7905831	6.428956
7905848	5.325149
7905854	7.557206
7905862	5.651715
7905881	6.725556
7905909	5.754601
7905918	5.06549
7905927	4.660337
7905929	6.685283
7905938	7.394091
7905949	5.54752
7905951	5.916687
7905968	6.429357
7905974	6.599693
7905986	6.430722
7905999	5.936716
7906015	4.781219
7906017	6.03095
7906021	5.33748
7906041	6.997403
7906056	5.583838
7906061	4.797692
7906069	5.638856
7906072	6.127469
7906079	8.969805
7906085	6.867126
7906107	8.118293
7906128	6.892602
7906133	7.512199
7906140	6.318107
7906146	6.160167
7906154	2.995385
7906163	5.613327
7906175	4.061589
7906177	5.979026
7906185	6.62686
7906194	4.377976
7906197	6.215177
7906205	6.361744
7906223	6.79747
7906235	7.580515
7906244	6.245614
7906264	5.934981
7906284	5.537605
7906303	3.600349
7906305	5.515834
7906307	5.471743
7906330	6.411585
7906339	4.675833
7906348	4.782605
7906355	5.838222
7906365	3.897645
7906367	2.76751
7906370	2.978513
7906372	4.615534
7906374	4.18015
7906377	9.839548
7906386	4.678032
7906400	8.546281
7906417	5.645757
7906433	5.559071
7906435	5.472457
7906443	4.647286
7906452	3.897528
7906458	4.348542
7906465	3.48853
7906467	4.600578
7906469	7.627161
7906475	5.122236
7906486	6.589187
7906496	6.026487
7906501	5.625978
7906527	4.815315
7906552	6.116474
7906564	9.194884
7906574	3.37249
7906576	8.259016
7906597	5.474333
7906602	5.637223
7906613	9.713478
7906622	5.587904
7906642	5.175785
7906652	6.461553
7906662	7.960523
7906671	6.489475
7906688	4.895614
7906703	7.858793
7906720	9.659456
7906728	7.432205
7906742	6.642788
7906746	5.949673
7906751	6.435362
7906753	7.001051
7906757	10.34473
7906764	11.36083
7906767	11.04447
7906775	11.09652
7906777	7.694823
7906784	2.532792
7906786	4.879231
7906797	5.894562
7906808	3.873681
7906810	6.222018
7906819	9.804801
7906838	6.680583
7906852	8.686208
7906863	7.621055
7906878	4.587839
7906898	6.014422
7906900	4.844097
7906904	5.163495
7906919	4.092436
7906930	3.434841
7906948	4.87516
7906950	4.129994
7906952	2.680964
7906954	6.932984
7906969	6.502672
7906973	4.045977
7906978	6.943972
7906988	3.834316
7906993	5.466262
7906995	6.853686
7907008	4.749059
7907010	5.308064
7907012	5.037425
7907024	7.149983
7907032	3.331481
7907049	5.977653
7907051	3.189091
7907053	5.071097
7907058	7.010034
7907079	6.854172
7907090	5.643101
7907092	8.047428
7907104	6.857941
7907124	6.840405
7907135	7.999418
7907146	5.919652
7907156	4.808625
7907160	10.93167
7907171	8.354181
7907183	3.820078
7907211	7.005532
7907213	5.185866
7907222	4.891373
7907232	2.573124
7907249	3.569301
7907260	3.609242
7907271	5.534324
7907286	2.561504
7907297	5.99572
7907308	2.926592
7907310	9.216036
7907349	7.570409
7907351	7.114449
7907353	6.659136
7907368	4.12573
7907370	4.406162
7907394	2.671906
7907396	2.846695
7907404	7.866201
7907430	5.454855
7907439	7.660704
7907445	6.608478
7907462	3.177659
7907464	4.135705
7907466	5.863057
7907486	6.311201
7907492	7.472185
7907531	5.658845
7907535	2.422836
7907537	7.139287
7907549	4.94857
7907568	4.71703
7907572	4.976313
7907601	4.987841
7907611	8.554951
7907633	3.138485
7907649	4.990502
7907655	6.504701
7907657	8.047861
7907680	7.017074
7907690	5.915992
7907700	5.863533
7907702	8.117652
7907719	2.67776
7907749	3.754938
7907769	4.62437
7907773	8.343109
7907790	7.35495
7907830	9.849816
7907847	7.724646
7907849	5.522
7907859	6.717956
7907861	8.132903
7907882	5.73091
7907893	7.794785
7907904	10.87518
7907907	4.644938
7907911	5.472179
7907960	2.634498
7907962	5.637527
7907964	3.505134
7907966	5.238773
7907968	3.684711
7907970	6.638554
7907972	4.392041
7907977	4.642239
7907986	3.314252
7908003	8.410922
7908022	7.343185
7908041	6.258105
7908072	7.546945
7908097	7.570827
7908125	6.505176
7908147	6.52444
7908155	3.375062
7908157	3.132826
7908159	4.914194
7908161	6.286108
7908169	6.715235
7908178	5.976768
7908204	3.775968
7908312	3.394697
7908328	7.971557
7908330	7.214772
7908347	4.890283
7908351	6.10748
7908371	3.455944
7908376	7.138278
7908382	3.512518
7908388	6.608627
7908397	4.322966
7908407	8.01096
7908409	10.40575
7908421	7.73359
7908437	8.231639
7908459	7.15449
7908481	2.730682
7908488	3.467584
7908492	3.81219
7908496	2.297701
7908499	3.198967
7908508	4.346301
7908525	5.859498
7908529	4.737387
7908543	9.260967
7908553	11.11397
7908591	5.469642
7908593	3.205848
7908595	3.212183
7908597	4.659721
7908610	2.716769
7908612	5.91584
7908614	6.816508
7908635	6.887966
7908637	7.657821
7908639	7.262642
7908650	5.879992
7908672	6.274593
7908692	5.444852
7908694	5.200268
7908728	4.983094
7908730	3.018196
7908732	6.636148
7908758	6.277115
7908766	5.873284
7908775	3.396282
7908777	8.710505
7908779	8.516199
7908793	10.01092
7908812	7.019881
7908816	4.864032
7908839	2.898069
7908841	6.707566
7908861	5.386655
7908863	5.258415
7908867	8.053268
7908879	5.853899
7908907	5.713772
7908917	10.8932
7908924	5.243804
7908931	5.965218
7908940	7.385166
7908966	3.822338
7908968	4.465969
7908978	10.14133
7908988	4.902195
7908993	6.130321
7909011	8.388566
7909027	5.02755
7909064	5.310071
7909088	5.141425
7909102	5.249167
7909104	6.595158
7909127	6.958311
7909140	4.553227
7909142	4.279111
7909144	5.124506
7909146	3.874349
7909155	4.69147
7909164	5.643892
7909175	6.47229
7909188	7.261304
7909214	10.19611
7909225	5.013629
7909236	8.804817
7909250	6.69383
7909261	4.62201
7909271	4.005102
7909285	6.941516
7909306	4.488918
7909318	5.088883
7909332	11.63099
7909350	3.318132
7909371	10.03758
7909390	6.641437
7909400	10.36286
7909418	5.142786
7909422	4.479348
7909425	6.568661
7909441	13.12437
7909446	4.861996
7909455	6.943778
7909478	5.982426
7909494	3.438292
7909503	3.896245
7909510	5.994273
7909525	2.571538
7909527	6.302747
7909529	7.147711
7909545	4.763362
7909561	4.85483
7909568	3.54812
7909586	7.733174
7909601	4.566285
7909603	7.073386
7909610	8.904294
7909624	5.497582
7909626	2.542863
7909628	5.869432
7909642	5.142598
7909661	6.594219
7909681	3.628474
7909689	4.966352
7909708	3.990914
7909730	4.530506
7909745	7.289594
7909768	3.691288
7909780	3.90255
7909782	4.36195
7909789	4.604615
7909801	4.797135
7909811	5.306124
7909813	4.592678
7909815	7.068649
7909839	4.390761
7909841	5.304962
7909862	5.81834
7909866	4.12292
7909877	5.999457
7909888	2.466918
7909890	6.435577
7909896	6.287677
7909898	7.172844
7909931	9.545934
7909946	3.675493
7909954	4.495327
7909965	6.441267
7909967	9.356869
7909990	5.606334
7909992	7.730351
7909999	2.94188
7910001	7.744658
7910010	3.143581
7910012	2.896007
7910014	7.172962
7910022	3.921486
7910030	2.459614
7910047	3.497007
7910054	3.518765
7910096	4.518669
7910099	8.010723
7910111	6.756423
7910124	11.7436
7910134	6.576507
7910138	2.542708
7910142	5.88077
7910146	6.532974
7910164	6.405604
7910184	5.072978
7910186	4.255863
7910188	4.490618
7910190	4.568958
7910198	4.941581
7910200	6.243559
7910211	4.606547
7910217	5.157065
7910229	10.60972
7910241	8.765948
7910257	7.188049
7910261	5.982588
7910265	5.542313
7910369	6.674621
7910372	8.280955
7910377	6.779471
7910379	4.170871
7910381	4.584615
7910383	3.576465
7910385	10.72469
7910387	8.215096
7910396	3.521218
7910398	5.420115
7910414	6.703653
7910416	5.272862
7910427	8.008695
7910446	5.581183
7910466	5.224216
7910490	4.851851
7910492	5.21432
7910494	5.921779
7910503	6.120294
7910520	6.966346
7910539	6.854108
7910550	6.559186
7910559	5.794075
7910585	6.20381
7910587	2.828368
7910589	5.127184
7910591	5.597388
7910600	5.340127
7910611	7.419574
7910618	6.018606
7910630	5.220844
7910634	2.803759
7910636	6.1316
7910638	7.072423
7910640	5.764827
7910651	4.213575
7910672	1.990885
7910674	2.429223
7910680	8.919546
7910694	6.087606
7910706	8.089702
7910727	4.861531
7910752	5.810194
7910790	6.151315
7910792	3.522183
7910897	5.922583
7910899	7.52036
7910901	7.795069
7910903	2.133748
7910905	3.185735
7910907	2.589899
7910909	2.764924
7910911	2.318586
7910913	6.616306
7910915	2.82232
7910923	3.928205
7910944	3.812248
7910948	2.253214
7910950	6.943917
7910971	2.954277
7910997	4.474917
7911017	6.268078
7911038	6.609461
7911045	4.21489
7911047	7.481967
7911049	3.386858
7911056	4.200846
7911078	7.289207
7911085	6.51773
7911092	7.156084
7911094	2.247432
7911096	5.452444
7911108	6.320079
7911110	5.252785
7911112	4.278877
7911114	4.933966
7911136	1.632957
7911138	7.155474
7911155	9.62973
7911170	5.534464
7911174	3.030456
7911176	3.028993
7911178	9.684921
7911197	4.968998
7911199	3.343951
7911207	4.698023
7911209	3.69479
7911211	2.574492
7911213	4.736149
7911215	2.72623
7911218	6.326011
7911229	6.119643
7911231	6.119643
7911233	4.292454
7911235	2.960015
7911237	4.523982
7911241	4.135366
7911243	3.456044
7911248	3.463502
7911252	4.316292
7911258	4.417049
7911260	4.482401
7911263	4.746701
7911265	3.137675
7911267	2.495598
7911269	5.001526
7911271	4.584801
7911273	3.500874
7911276	3.782853
7911278	4.758406
7911281	4.078135
7911283	5.109051
7911285	2.778949
7911287	4.695282
7911289	7.758924
7911301	5.702511
7911307	7.632385
7911309	7.825736
7911323	3.463938
7911329	9.858455
7911331	9.106327
7911333	7.494009
7911335	10.80187
7911337	11.01732
7911339	7.969051
7911341	8.506195
7911343	11.12181
7911345	7.769875
7911347	9.28674
7911349	6.000416
7911351	7.757263
7911355	6.282847
7911359	6.996981
7911371	6.08533
7911376	8.60156
7911383	6.389255
7911403	6.996595
7911413	6.203457
7911422	7.949397
7911435	6.989659
7911444	6.666285
7911458	6.785407
7911486	7.085253
7911506	7.360083
7911529	9.051276
7911532	8.376807
7911539	8.349671
7911559	6.849587
7911568	7.42327
7911578	8.063272
7911591	7.21814
7911600	9.485014
7911619	10.97523
7911634	6.863389
7911643	4.859552
7911657	6.927158
7911659	4.710745
7911676	5.415586
7911681	5.127393
7911683	6.70685
7911699	7.494009
7911701	6.403485
7911718	5.768153
7911720	6.112221
7911730	6.745908
7911750	6.932114
7911754	9.360735
7911767	4.942761
7911793	6.654372
7911796	6.636088
7911799	6.652577
7911839	5.427073
7911854	5.918716
7911862	6.560459
7911870	6.80848
7911897	6.82154
7911902	5.705922
7911941	5.897556
7911989	3.409404
7911993	7.152387
7912004	7.335787
7912012	6.414524
7912031	6.378764
7912040	7.671831
7912056	6.275653
7912086	6.229148
7912102	9.590966
7912112	6.175486
7912133	5.360862
7912136	2.838315
7912145	7.232805
7912155	7.430272
7912157	9.336765
7912162	6.758171
7912164	2.967975
7912166	8.086912
7912194	6.33808
7912196	2.817662
7912198	11.75798
7912211	4.494936
7912224	5.953124
7912239	6.905082
7912248	4.22534
7912250	7.875605
7912252	5.052085
7912254	5.218416
7912257	6.816932
7912280	3.982931
7912283	7.165142
7912292	6.516678
7912303	5.649219
7912316	6.226825
7912343	6.419152
7912347	5.953392
7912349	6.194783
7912361	4.957952
7912374	7.46423
7912385	7.25818
7912412	6.957373
7912473	6.731408
7912481	6.766443
7912496	5.821723
7912511	7.113257
7912515	4.476987
7912520	5.527258
7912525	2.687113
7912527	3.87253
7912529	4.983936
7912531	2.446796
7912535	4.642322
7912537	8.569046
7912547	3.773229
7912552	4.112388
7912555	3.800774
7912561	5.272756
7912567	3.914383
7912575	3.977774
7912580	5.413925
7912582	3.010373
7912585	5.686102
7912589	2.908494
7912591	6.470704
7912595	3.610142
7912601	4.527469
7912606	6.470704
7912610	3.610142
7912617	4.527469
7912622	4.559947
7912625	3.280948
7912627	4.523429
7912629	5.853806
7912638	7.181448
7912646	8.375035
7912659	6.101838
7912670	7.055328
7912672	5.048838
7912675	6.620012
7912692	4.80039
7912701	6.94712
7912706	9.817146
7912724	6.075398
7912743	6.299677
7912750	7.350188
7912762	3.462634
7912764	5.328159
7912784	6.070847
7912800	11.02154
7912802	5.206055
7912804	8.579983
7912806	3.24026
7912808	10.18707
7912839	5.873465
7912850	11.02154
7912852	8.858359
7912854	6.007421
7912861	5.86621
7912863	6.070152
7912882	4.004837
7912884	4.648328
7912887	6.564904
7912898	7.277455
7912928	7.252473
7912937	9.052967
7912956	7.667899
7912968	5.8345
7912975	5.969118
7912994	5.292071
7913001	9.209559
7913110	6.569002
7913138	4.718674
7913146	7.101694
7913154	4.72012
7913156	6.75589
7913169	10.03421
7913185	5.314006
7913187	8.124561
7913206	6.314595
7913211	6.4771
7913216	5.886459
7913226	6.355739
7913235	6.102406
7913237	8.713964
7913242	6.737311
7913249	5.65358
7913252	5.436923
7913256	7.791873
7913271	5.383825
7913290	5.871669
7913300	8.549395
7913319	8.234163
7913357	10.57295
7913380	12.08639
7913385	5.935946
7913415	6.887375
7913450	7.038529
7913547	6.335672
7913556	2.786818
7913558	6.667855
7913566	5.51341
7913571	8.437776
7913582	6.349376
7913593	5.629899
7913609	5.979792
7913642	5.280412
7913644	5.467709
7913655	7.269684
7913663	3.883386
7913665	7.204792
7913667	7.389674
7913682	6.878274
7913694	8.479521
7913705	5.215956
7913712	6.391571
7913727	4.806768
7913768	5.635417
7913776	5.435741
7913787	4.905384
7913799	2.407165
7913801	3.371778
7913803	2.366981
7913805	7.440829
7913814	7.774278
7913824	9.978649
7913835	4.997264
7913850	6.273003
7913852	3.875507
7913858	6.602202
7913864	4.638773
7913869	5.992506
7913883	7.192471
7913896	5.381165
7913907	4.476558
7913918	6.27246
7913938	7.882917
7913965	5.678737
7913972	4.421448
7913976	3.085361
7913978	6.840976
7913990	5.327399
7914000	5.590966
7914003	6.477294
7914015	7.791851
7914021	8.412127
7914038	3.383152
7914040	8.687193
7914042	6.808268
7914075	5.682818
7914084	6.690383
7914094	7.534132
7914103	6.665721
7914112	10.70083
7914127	8.904949
7914137	1.815731
7914141	6.297181
7914153	9.054656
7914178	6.753456
7914180	8.593892
7914182	6.227368
7914184	7.990052
7914194	7.001641
7914200	2.302812
7914202	9.055107
7914212	9.214308
7914214	7.994771
7914216	8.755757
7914218	6.133278
7914230	3.209102
7914232	7.408586
7914235	8.851178
7914245	6.211773
7914260	4.811736
7914270	12.79434
7914282	5.855518
7914296	8.954578
7914322	4.397033
7914324	4.397033
7914326	5.401417
7914334	5.628689
7914342	5.273452
7914354	6.898404
7914361	6.95648
7914433	6.075487
7914467	7.114186
7914489	9.951349
7914496	5.421829
7914498	3.839708
7914500	6.221402
7914516	6.52315
7914525	10.59317
7914530	7.049419
7914550	4.358854
7914555	3.42206
7914557	5.067864
7914563	7.078063
7914580	5.557662
7914592	8.640036
7914603	11.43911
7914617	8.283581
7914628	5.312243
7914630	6.871747
7914643	5.036735
7914648	6.986207
7914667	4.842702
7914748	5.197343
7914750	5.723433
7914758	5.212766
7914764	6.281845
7914791	9.679634
7914805	4.095815
7914809	7.29955
7914834	8.32248
7914847	6.207376
7914851	4.011571
7914878	3.487236
7914880	6.291559
7914887	7.640235
7914898	7.764981
7914904	8.730037
7914917	7.28652
7914923	5.793346
7914938	4.615954
7914940	8.23931
7914950	11.41316
7914974	5.799652
7914992	4.669944
7914994	2.827852
7914996	6.629264
7915008	7.842092
7915015	7.747863
7915032	6.149209
7915045	4.948848
7915056	4.200009
7915074	1.866873
7915078	6.381083
7915084	7.41158
7915091	9.089948
7915101	6.519232
7915130	7.015166
7915147	7.316005
7915156	6.636628
7915160	10.00551
7915170	6.368295
7915178	4.472272
7915184	7.346525
7915198	3.961074
7915200	4.283669
7915202	5.479033
7915204	4.470785
7915207	7.679909
7915227	6.627568
7915229	6.101328
7915238	5.769289
7915245	5.119846
7915252	7.194053
7915257	6.255645
7915261	6.69647
7915275	3.296001
7915277	7.040011
7915284	5.471865
7915286	10.5197
7915297	7.071003
7915329	6.763595
7915331	5.439145
7915333	5.854099
7915345	7.105701
7915347	6.570053
7915351	5.835569
7915363	6.116169
7915385	8.293841
7915392	6.111054
7915404	5.81859
7915408	7.94664
7915425	4.395369
7915435	6.737556
7915444	5.246409
7915466	6.299051
7915468	4.920759
7915472	9.405344
7915485	5.596816
7915498	3.974094
7915500	6.561447
7915504	8.507748
7915516	5.775658
7915529	6.0155
7915543	7.646627
7915561	3.153
7915563	4.887439
7915565	1.955419
7915567	5.506716
7915578	6.355131
7915590	2.462894
7915592	2.711544
7915594	5.255239
7915598	5.482138
7915609	6.159469
7915612	3.543854
7915614	6.252333
7915640	4.744421
7915657	5.520863
7915659	6.581306
7915682	5.917365
7915695	6.153672
7915718	7.573438
7915731	4.763721
7915733	8.655783
7915743	5.841461
7915758	8.862425
7915775	6.148139
7915787	7.301018
7915801	6.861562
7915827	6.864664
7915841	6.838051
7915846	9.679329
7915861	7.89767
7915870	5.448619
7915882	8.384176
7915896	6.551112
7915902	5.142535
7915910	8.66999
7915919	5.094775
7915926	4.50871
7915949	6.31905
7915951	2.718584
7915955	6.163217
7915971	4.384239
7915982	4.308676
7915991	5.912146
7915995	6.612052
7916016	5.0123
7916018	3.79014
7916020	2.918264
7916022	7.826084
7916024	6.395773
7916045	8.962903
7916077	9.922491
7916112	5.040252
7916120	9.253748
7916130	6.037786
7916135	7.109344
7916167	3.950494
7916185	6.522624
7916219	5.153719
7916225	5.771773
7916227	2.318643
7916229	6.817162
7916246	5.026328
7916248	5.056406
7916262	6.872864
7916274	7.273286
7916282	5.657513
7916304	5.961987
7916316	5.705921
7916341	2.350672
7916343	7.142176
7916356	4.702397
7916364	6.064559
7916372	10.70744
7916384	5.144577
7916393	5.341917
7916403	7.811221
7916412	6.376986
7916422	6.851717
7916425	8.483975
7916432	7.598618
7916443	7.008405
7916487	2.248264
7916489	5.386619
7916491	4.31265
7916493	9.189689
7916506	3.071488
7916526	3.920603
7916541	4.566213
7916562	9.897608
7916564	7.954226
7916566	2.694782
7916568	5.330889
7916570	6.792895
7916582	5.560112
7916584	10.70174
7916590	9.679951
7916592	7.541971
7916609	10.38701
7916616	5.369452
7916629	3.95206
7916643	5.600846
7916654	5.625482
7916667	4.738233
7916669	6.387989
7916725	4.192931
7916727	4.711727
7916741	6.948793
7916743	5.389357
7916745	2.5982
7916747	10.31606
7916775	5.44139
7916777	3.92915
7916781	5.351223
7916785	3.247824
7916789	4.502489
7916808	5.929116
7916822	2.624916
7916832	4.605521
7916834	2.674181
7916836	6.525274
7916841	2.696804
7916843	9.121864
7916851	5.179078
7916853	4.204412
7916862	8.87384
7916880	3.496377
7916882	4.065331
7916898	2.499982
7916910	4.683234
7916926	4.220562
7916928	6.666832
7916944	4.403255
7916969	7.844361
7916984	3.344898
7916986	4.300825
7916998	3.526483
7917000	4.286162
7917002	2.444015
7917004	2.385843
7917008	2.442579
7917015	3.698722
7917019	3.586606
7917037	6.897429
7917050	5.318279
7917052	4.98561
7917080	5.122724
7917082	2.423502
7917088	4.808197
7917103	6.402107
7917120	7.233949
7917148	7.409614
7917151	4.668242
7917156	8.722039
7917180	3.807468
7917182	2.547898
7917199	4.54174
7917232	9.406847
7917240	9.285765
7917251	4.100575
7917255	4.35714
7917276	6.800116
7917283	5.974461
7917304	3.404495
7917322	4.665658
7917331	6.735638
7917338	8.740592
7917347	7.055147
7917357	3.488293
7917359	7.240292
7917370	4.862369
7917431	4.280334
7917433	5.882208
7917455	9.219959
7917466	5.324908
7917468	4.47799
7917470	5.797756
7917472	9.668738
7917482	6.75811
7917503	8.775597
7917514	7.280598
7917516	11.81151
7917528	8.88036
7917530	10.78914
7917532	10.28903
7917548	5.96467
7917561	8.602445
7917576	10.6268
7917591	5.252735
7917593	4.386373
7917597	2.275896
7917599	6.531505
7917604	6.935517
7917612	2.707854
7917634	2.276428
7917645	14.32036
7917647	4.290954
7917649	6.003593
7917670	7.14944
7917672	6.361316
7917674	6.225288
7917676	4.212432
7917695	2.826192
7917697	5.776609
7917707	6.501856
7917726	2.6123
7917728	5.162635
7917735	2.478226
7917737	6.618922
7917739	3.430617
7917741	8.524349
7917752	5.753609
7917754	6.944681
7917771	8.122648
7917779	7.087437
7917790	3.025717
7917792	3.280433
7917794	2.648959
7917798	4.381936
7917850	4.71945
7917875	9.177363
7917885	7.176373
7917896	5.734639
7917902	3.621369
7917904	2.852964
7917906	8.577751
7917910	4.455076
7917912	9.747284
7917942	4.703173
7917944	4.512763
7917946	2.985815
7917954	5.974507
7917972	2.955487
7917974	2.315202
7917976	4.083046
7917996	3.081398
7918008	5.187607
7918026	2.988417
7918034	4.998545
7918048	4.557354
7918050	7.679572
7918052	3.697912
7918064	5.424704
7918134	6.530396
7918149	5.990891
7918151	2.27697
7918157	7.067347
7918188	7.635516
7918203	5.576933
7918223	4.04867
7918235	3.30865
7918255	6.386953
7918275	6.531419
7918284	8.042577
7918294	4.85098
7918300	6.291203
7918313	4.725033
7918323	10.06677
7918345	7.145512
7918359	6.941375
7918365	6.66461
7918367	5.376925
7918379	5.367655
7918394	7.036745
7918416	6.005855
7918424	2.839198
7918426	5.355901
7918437	6.845202
7918444	5.909925
7918449	4.349462
7918457	5.302958
7918465	2.046552
7918467	10.06246
7918474	8.046894
7918487	9.13426
7918504	5.170988
7918517	6.643485
7918533	4.938304
7918548	2.284418
7918550	5.325654
7918552	5.755838
7918558	4.705276
7918569	4.552368
7918593	7.676005
7918606	5.698744
7918620	5.583441
7918622	4.924758
7918634	7.027539
7918657	6.515107
7918681	7.026188
7918694	7.814781
7918703	7.41283
7918716	4.93904
7918725	8.010883
7918747	3.659323
7918749	6.338282
7918751	5.730947
7918753	2.196462
7918755	4.680317
7918757	4.796311
7918759	9.487229
7918768	8.661424
7918792	5.991586
7918794	3.94076
7918811	4.128267
7918813	8.248001
7918825	10.43236
7918847	6.177085
7918857	7.838961
7918869	6.255252
7918876	6.856507
7918878	3.872532
7918891	2.96848
7918898	3.47946
7918900	5.90313
7918902	9.715719
7918911	9.428625
7918913	5.93416
7918923	4.956366
7918925	5.426956
7918936	6.406991
7918951	3.705633
7918953	2.154772
7918955	7.619683
7918973	3.071394
7919024	3.145673
7919026	2.795321
7919028	3.497598
7919038	5.77845
7919047	3.182784
7919049	5.083854
7919051	6.823621
7919055	7.655711
7919067	4.335569
7919080	3.638917
7919088	3.805912
7919095	9.609702
7919129	7.447081
7919131	6.504231
7919133	8.967367
7919139	3.020177
7919146	3.181621
7919151	8.295397
7919155	7.804749
7919157	6.402692
7919160	5.430423
7919162	5.753469
7919166	5.430423
7919168	7.778754
7919193	9.054548
7919195	2.478498
7919197	5.441397
7919208	5.828185
7919217	5.973321
7919226	6.836813
7919243	3.512117
7919251	5.787846
7919267	7.34161
7919269	11.26374
7919271	10.63524
7919299	7.162434
7919301	6.521302
7919303	4.20644
7919305	5.561225
7919314	4.758828
7919324	3.161137
7919326	6.761669
7919340	3.706925
7919347	7.34161
7919349	11.26374
7919351	10.63897
7919380	7.162434
7919382	4.896583
7919384	4.923132
7919386	7.812562
7919388	3.342761
7919390	4.784422
7919392	8.295397
7919394	5.732543
7919405	7.804749
7919407	5.772721
7919412	10.82596
7919436	10.89841
7919438	10.79671
7919556	6.594609
7919560	6.515971
7919562	3.571103
7919564	7.231523
7919566	4.65705
7919568	5.797524
7919570	2.419446
7919572	5.134958
7919576	11.02154
7919578	5.157065
7919580	5.527333
7919582	6.277411
7919584	11.48367
7919589	9.106103
7919591	3.349719
7919594	2.910234
7919596	5.527333
7919598	7.893687
7919600	7.289207
7919602	5.915453
7919604	7.013379
7919606	11.68647
7919612	8.885587
7919614	8.704565
7919619	10.90551
7919625	9.809447
7919627	9.971843
7919637	9.82972
7919642	6.929288
7919645	4.590185
7919659	7.132317
7919669	5.918616
7919699	6.747447
7919715	5.947453
7919729	7.526985
7919743	8.110212
7919749	10.51912
7919751	12.60748
7919761	7.393459
7919763	6.766281
7919776	3.887838
7919780	8.428816
7919787	4.875599
7919800	11.33305
7919815	4.701098
7919825	7.49639
7919852	1.967846
7919854	6.830646
7919856	8.524046
7919872	6.47358
7919886	2.352839
7919888	9.893179
7919898	6.57314
7919923	5.34015
7919929	4.478031
7919940	7.251576
7919950	7.881475
7919971	7.128909
7919984	7.221976
7920000	7.50539
7920027	5.994535
7920045	2.179664
7920047	6.085053
7920057	4.915028
7920077	6.122296
7920082	6.550186
7920100	4.215198
7920114	4.968895
7920123	11.78549
7920128	11.20577
7920135	4.835711
7920141	5.136494
7920146	4.23814
7920155	4.419314
7920165	9.107704
7920175	3.878313
7920178	11.52308
7920182	6.627045
7920185	9.244621
7920191	7.081878
7920193	5.935207
7920196	7.343302
7920201	7.087883
7920205	12.69448
7920210	7.501272
7920214	8.492479
7920217	8.036744
7920220	5.864294
7920228	5.851652
7920238	8.948494
7920244	12.95148
7920249	3.259057
7920252	9.133946
7920258	7.909735
7920264	5.133702
7920271	7.008066
7920278	4.358272
7920285	6.183323
7920291	7.240676
7920297	8.320984
7920303	5.793012
7920317	7.88154
7920333	3.475994
7920335	2.994097
7920337	5.194004
7920341	7.541457
7920354	8.365315
7920382	7.313369
7920401	8.031543
7920409	8.770733
7920422	7.596072
7920426	3.315489
7920468	1.835094
7920470	2.77928
7920472	8.127781
7920487	5.369999
7920492	9.97679
7920506	5.766258
7920515	7.655493
7920531	9.232302
7920552	5.861675
7920567	6.346576
7920575	7.369675
7920594	5.567633
7920600	7.263927
7920616	4.786222
7920633	7.37898
7920642	10.54332
7920659	6.651039
7920664	6.156728
7920687	5.035094
7920697	7.763254
7920707	6.671791
7920725	7.346176
7920737	7.265901
7920744	6.051581
7920757	5.121165
7920766	8.2147
7920795	2.518727
7920799	8.110766
7920810	6.743808
7920839	9.720285
7920852	7.4403
7920873	9.951117
7920875	4.140794
7920877	7.783185
7920903	9.838635
7920912	6.680024
7920928	5.734336
7920944	7.534165
7920971	6.658639
7920980	4.301531
7920984	7.408473
7921003	5.487195
7921012	6.621932
7921014	8.363178
7921031	6.975838
7921033	4.752785
7921076	5.574674
7921088	5.817142
7921099	6.443966
7921110	7.998851
7921119	4.206992
7921121	7.004058
7921133	8.706725
7921144	6.033974
7921155	5.292788
7921179	6.903746
7921222	5.386083
7921228	7.980629
7921237	4.37773
7921259	3.414108
7921275	4.884043
7921298	4.290729
7921319	5.91643
7921332	5.00739
7921342	5.535989
7921344	9.72582
7921346	3.156347
7921354	3.299576
7921356	3.684137
7921358	3.96615
7921360	5.186101
7921362	4.691335
7921364	2.669554
7921367	3.836538
7921420	4.507319
7921422	2.578428
7921425	3.615053
7921427	3.844862
7921429	4.143574
7921431	4.364446
7921434	6.654242
7921442	2.81806
7921445	4.709947
7921447	3.289057
7921449	4.19425
7921462	5.562679
7921471	2.234444
7921473	5.764967
7921487	8.880498
7921492	6.080049
7921516	5.011208
7921526	6.270376
7921533	4.950272
7921538	6.605994
7921552	6.423525
7921571	6.751046
7921583	9.493601
7921621	7.006665
7921623	2.906609
7921625	4.851531
7921637	6.062504
7921652	5.723348
7921667	10.49203
7921677	5.2372
7921690	3.805581
7921702	4.471091
7921713	9.640589
7921738	8.174567
7921752	7.932554
7921773	9.299762
7921786	6.925203
7921793	7.219467
7921806	7.193036
7921821	5.209945
7921834	5.831953
7921840	4.913752
7921852	4.81968
7921862	3.552774
7921868	9.790012
7921873	12.24453
7921882	5.505482
7921895	5.434703
7921900	8.154706
7921909	4.317683
7921916	3.131792
7921930	5.119558
7921932	4.104188
7921936	5.875382
7921955	3.720965
7921970	7.562062
7921987	7.638883
7922001	5.265813
7922008	6.715718
7922018	3.772594
7922029	5.446464
7922040	5.846426
7922051	8.329796
7922058	4.16635
7922095	7.056671
7922104	5.579584
7922108	5.37222
7922121	2.516671
7922125	2.77071
7922127	4.162659
7922130	4.019953
7922137	4.472478
7922152	4.126058
7922162	7.796028
7922174	7.507986
7922200	4.242772
7922219	11.24372
7922229	4.908872
7922243	4.719329
7922250	7.438996
7922266	4.541407
7922268	5.93997
7922291	2.363549
7922293	2.119551
7922295	2.423239
7922297	4.623505
7922299	5.415719
7922301	3.663472
7922309	5.547899
7922324	3.973028
7922326	6.807382
7922328	5.919801
7922330	5.983729
7922337	3.526167
7922343	3.847398
7922351	5.776121
7922353	2.999589
7922382	2.927082
7922389	3.459296
7922391	4.407386
7922400	8.665442
7922402	8.045575
7922404	7.123458
7922406	7.039689
7922408	9.224264
7922410	8.864165
7922412	5.601069
7922414	9.366325
7922416	9.450665
7922418	10.67042
7922420	3.994256
7922432	9.082178
7922456	5.855719
7922458	2.643873
7922460	2.433224
7922462	5.995623
7922472	2.772099
7922474	7.043531
7922482	4.971654
7922504	9.185845
7922523	7.166056
7922525	4.817652
7922550	5.261318
7922590	6.054522
7922596	6.608626
7922598	3.333835
7922610	7.304714
7922627	4.448388
7922637	8.586872
7922646	9.138477
7922648	8.271527
7922652	5.160239
7922656	5.006882
7922667	2.284693
7922669	7.183486
7922684	5.676001
7922686	5.054628
7922689	12.39718
7922703	4.095732
7922707	7.389318
7922717	7.868811
7922727	5.182065
7922737	2.902308
7922752	6.272914
7922754	5.298652
7922756	5.312263
7922773	12.46672
7922793	9.783826
7922804	3.183118
7922807	5.003094
7922821	2.740706
7922823	8.125831
7922846	11.05534
7922868	3.454479
7922870	6.645529
7922887	2.830146
7922889	13.20246
7922908	2.958217
7922910	2.865049
7922912	7.773129
7922969	2.929237
7922976	12.71968
7922994	3.438099
7923003	2.14464
7923007	5.830656
7923027	5.973878
7923034	3.754082
7923037	4.807633
7923039	2.295125
7923041	2.090031
7923043	3.617992
7923073	2.903893
7923086	3.64426
7923119	5.838112
7923131	6.299491
7923141	6.864602
7923162	3.891268
7923164	3.222948
7923173	4.151785
7923175	2.817261
7923177	2.695632
7923179	2.548712
7923183	7.217385
7923189	3.298267
7923221	5.35763
7923231	2.411939
7923233	6.599426
7923271	4.602901
7923317	5.486704
7923319	6.666988
7923332	5.81609
7923347	7.04161
7923360	6.362896
7923372	7.869171
7923378	7.870364
7923386	5.372375
7923394	8.136681
7923406	6.355716
7923424	2.891372
7923426	4.382184
7923436	4.208435
7923438	9.373583
7923440	2.322258
7923442	4.92091
7923453	8.638568
7923483	6.872141
7923489	7.102357
7923501	6.901335
7923503	9.801985
7923516	7.324934
7923528	5.808424
7923534	6.38153
7923547	8.804234
7923562	5.389321
7923578	3.875432
7923582	6.680621
7923584	5.211312
7923596	5.009176
7923608	6.560766
7923621	6.245106
7923628	6.630723
7923635	7.818097
7923659	11.67611
7923662	7.859522
7923698	4.859674
7923700	5.486142
7923705	4.572203
7923707	5.191224
7923712	7.248255
7923731	5.168206
7923753	7.461767
7923762	5.021447
7923772	4.393833
7923778	6.469928
7923792	6.467165
7923798	7.377933
7923810	2.721711
7923812	7.227215
7923824	6.371176
7923837	6.352401
7923850	5.193939
7923875	5.582336
7923885	6.262991
7923889	5.130507
7923905	2.98373
7923907	5.576463
7923917	5.497977
7923929	11.48072
7923942	5.589694
7923956	5.418194
7923958	9.031716
7923965	6.798866
7923967	9.711272
7923972	4.05532
7923974	6.400436
7923976	5.941773
7923978	5.037036
7923991	6.074792
7924029	9.161551
7924055	6.134738
7924058	7.628594
7924069	3.668627
7924071	4.221761
7924085	3.855657
7924092	7.185906
7924096	4.559786
7924107	7.441133
7924117	3.519374
7924119	5.685573
7924144	8.344346
7924148	2.942815
7924150	5.308445
7924163	4.931079
7924166	5.403271
7924172	7.263801
7924180	3.695234
7924184	4.64029
7924190	6.061843
7924203	4.363075
7924207	6.165833
7924230	7.002431
7924233	4.116658
7924307	3.801086
7924309	4.440341
7924325	1.99977
7924327	6.279328
7924340	4.081505
7924342	5.073032
7924351	6.674544
7924386	6.911525
7924388	6.105187
7924401	2.035118
7924403	3.206448
7924405	6.927158
7924443	7.615663
7924445	4.138919
7924450	7.518207
7924461	2.475758
7924463	9.106327
7924465	5.675884
7924476	3.884008
7924491	4.891634
7924495	2.621484
7924497	2.016396
7924499	6.255062
7924508	5.498548
7924526	8.882084
7924549	8.439191
7924551	8.227709
7924553	5.851117
7924558	5.789807
7924582	9.000164
7924603	9.362076
7924619	5.283835
7924636	8.10779
7924663	7.381091
7924669	7.196652
7924682	7.642696
7924686	7.283788
7924701	8.253559
7924712	4.382051
7924731	3.01127
7924733	5.770217
7924754	4.463618
7924756	7.682117
7924758	7.335938
7924760	6.003098
7924773	6.317323
7924817	5.403084
7924819	5.034564
7924821	2.240545
7924823	6.24527
7924832	6.976153
7924840	5.385736
7924842	7.648369
7924853	6.724627
7924863	5.18351
7924868	7.559656
7924874	7.204857
7924884	5.826424
7924888	7.642351
7924893	9.774681
7924895	4.765865
7924897	6.019397
7924908	5.367471
7924910	7.288679
7924923	5.738595
7924956	6.693839
7924967	2.361742
7924969	5.890953
7924977	4.467865
7924987	4.586927
7924996	6.026584
7925003	6.457025
7925028	5.353301
7925031	2.498036
7925033	4.757971
7925043	7.502558
7925048	8.190889
7925056	4.106572
7925058	4.206431
7925062	7.976116
7925087	2.65198
7925089	5.439152
7925128	6.314598
7925130	6.244064
7925161	9.275653
7925170	4.609062
7925174	6.343175
7925182	5.571974
7925184	6.47936
7925201	8.321718
7925229	6.761282
7925242	2.943246
7925244	6.254111
7925246	2.484761
7925248	2.045818
7925250	5.567003
7925257	9.850994
7925320	5.392622
7925342	7.362003
7925361	7.568265
7925364	6.312024
7925413	7.014266
7925417	2.398779
7925419	3.966061
7925432	1.942341
7925434	4.357116
7925436	2.715717
7925438	2.614155
7925442	5.06484
7925444	4.119841
7925446	5.251141
7925448	4.931034
7925450	1.928304
7925452	5.065843
7925457	3.924634
7925480	5.255789
7925492	6.824116
7925500	5.987175
7925504	5.230707
7925511	5.176651
7925523	8.227709
7925525	5.807462
7925531	4.611423
7925550	6.811765
7925561	8.599362
7925565	10.15569
7925585	6.067143
7925587	5.88697
7925589	4.943928
7925607	2.864207
7925609	2.973418
7925611	5.550235
7925622	7.381206
7925662	4.103118
7925672	4.17101
7925677	6.159887
7925687	6.124467
7925691	6.261538
7925701	6.008038
7925703	2.536664
7925705	6.313947
7925718	4.989615
7925720	4.437943
7925724	2.075654
7925726	3.287865
7925728	4.833328
7925730	3.764645
7925732	3.314596
7925735	3.65226
7925737	5.990211
7925739	8.296377
7925741	5.548368
7925743	5.579682
7925745	2.744508
7925747	2.570409
7925749	5.060036
7925751	3.763889
7925753	2.063243
7925755	4.079288
7925757	4.032887
7925759	4.557542
7925761	4.647235
7925763	7.402713
7925773	6.738875
7925790	3.596467
7925792	7.199709
7925813	5.359522
7925821	2.840539
7925823	6.907163
7925846	4.74683
7925851	7.031544
7925870	4.768971
7925874	2.226291
7925876	8.064137
7925902	2.873223
7925904	5.108951
7925918	5.598694
7925927	2.812822
7925929	7.737781
7925939	3.488661
7925950	5.601111
7925954	7.677117
7925972	5.436259
7925976	4.562186
7925978	6.954579
7925996	6.471721
7926021	6.653274
7926037	11.92773
7926059	6.631664
7926061	3.729307
7926084	8.542793
7926096	6.567045
7926105	8.130237
7926117	4.291133
7926123	3.632457
7926127	8.166191
7926150	6.873858
7926152	5.657629
7926158	7.082235
7926168	2.152141
7926170	6.778598
7926189	5.960886
7926205	4.068602
7926207	8.221604
7926223	8.474632
7926239	8.039165
7926259	4.494375
7926283	7.396318
7926297	4.987812
7926299	6.195944
7926319	6.099466
7926330	2.840646
7926334	2.755921
7926345	5.502862
7926354	2.725048
7926356	7.834616
7926368	9.565173
7926383	2.734041
7926385	7.265594
7926403	4.46635
7926410	6.149498
7926445	4.46635
7926451	6.149498
7926486	4.030429
7926506	4.777863
7926531	12.29907
7926539	4.889673
7926541	1.940478
7926543	3.880546
7926545	9.253429
7926563	2.123193
7926565	6.07302
7926594	2.806731
7926596	5.758225
7926609	7.351067
7926622	4.003836
7926636	3.661351
7926638	3.131623
7926659	6.239453
7926661	7.648056
7926670	9.751595
7926672	2.590118
7926674	6.931469
7926677	7.933936
7926679	7.393491
7926706	5.500817
7926708	3.315365
7926715	4.707678
7926728	3.053935
7926766	4.916103
7926786	9.354357
7926805	4.479432
7926807	6.579235
7926817	5.129554
7926819	2.868581
7926821	6.591955
7926834	2.509211
7926836	9.251964
7926851	8.807218
7926871	4.665744
7926875	7.413874
7926882	4.024247
7926889	2.587698
7926894	4.698129
7926896	6.041034
7926900	9.209193
7926914	3.702178
7926916	6.492076
7926934	4.951064
7926936	4.28218
7926981	2.427602
7926983	7.420079
7927008	7.735044
7927028	5.507663
7927031	2.727642
7927033	3.255428
7927056	2.494956
7927058	3.547307
7927060	2.716587
7927062	6.672133
7927071	4.401125
7927082	5.605593
7927089	9.106327
7927091	6.937337
7927095	8.795513
7927097	2.33164
7927099	6.890014
7927106	2.609149
7927108	6.799681
7927120	5.585722
7927146	9.776551
7927153	5.413656
7927155	6.475409
7927167	4.786222
7927169	5.541876
7927173	5.324235
7927179	6.127285
7927186	5.805691
7927202	4.296341
7927207	2.648653
7927215	9.745017
7927231	7.522246
7927233	8.367649
7927265	2.352593
7927267	5.878749
7927277	5.723247
7927280	3.146384
7927285	8.638943
7927288	5.737902
7927294	3.104539
7927305	7.12954
7927307	5.91449
7927323	8.370635
7927353	7.76965
7927363	11.19099
7927367	5.983728
7927383	5.596414
7927389	8.244399
7927405	7.247176
7927425	7.46456
7927474	4.485886
7927482	5.660414
7927502	5.282024
7927505	4.841539
7927513	7.348624
7927517	2.352593
7927519	7.655045
7927527	5.241706
7927529	3.626088
7927536	10.24533
7927550	3.227961
7927552	7.410685
7927560	8.34069
7927595	4.361342
7927597	4.758632
7927599	3.816169
7927606	3.784669
7927631	9.412826
7927639	2.709396
7927641	2.305064
7927643	3.810711
7927645	6.102479
7927647	3.163949
7927649	6.081077
7927658	9.707168
7927669	7.205615
7927681	3.521751
7927694	3.314399
7927704	2.569293
7927706	2.744595
7927708	4.132946
7927710	2.992544
7927723	2.892393
7927732	8.219033
7927745	4.740137
7927747	6.5287
7927767	6.550976
7927773	3.114118
7927775	7.28761
7927784	6.074185
7927786	7.962397
7927799	6.262841
7927801	5.360087
7927803	4.197546
7927812	4.088595
7927814	10.00911
7927827	3.898539
7927854	8.075277
7927872	6.828673
7927874	3.221123
7927876	4.039009
7927889	6.940726
7927915	3.328543
7927924	2.328631
7927926	7.477037
7927936	9.983702
7927955	6.675585
7927964	13.56936
7927972	9.016861
7927981	6.407923
7927998	4.833166
7928019	7.590772
7928046	8.592454
7928058	2.479401
7928060	2.118218
7928062	2.149788
7928064	6.295972
7928069	6.834903
7928107	5.78676
7928119	9.500896
7928126	5.849853
7928147	5.906419
7928171	9.001387
7928189	6.748973
7928208	6.514842
7928216	5.212328
7928218	6.093139
7928291	6.289238
7928298	3.434327
7928300	8.002374
7928306	5.716065
7928308	10.66673
7928314	2.619062
7928316	3.11958
7928318	8.534519
7928330	4.673985
7928342	4.287422
7928354	6.735634
7928363	3.038612
7928365	2.769754
7928367	4.753301
7928369	7.309425
7928395	8.314117
7928401	5.553853
7928408	6.677868
7928411	6.805768
7928429	12.58213
7928444	7.613679
7928471	7.290575
7928489	8.072841
7928491	6.589852
7928514	4.630129
7928516	8.956832
7928524	7.488228
7928529	5.441918
7928531	5.837516
7928534	5.600177
7928543	4.130477
7928545	3.913085
7928547	9.751188
7928549	3.930006
7928551	5.735119
7928556	5.700312
7928558	8.446838
7928589	13.46444
7928600	9.70768
7928602	6.090306
7928619	6.092533
7928630	9.744855
7928632	6.090306
7928645	6.265091
7928653	6.292218
7928661	4.034671
7928671	6.127915
7928679	6.333339
7928685	3.934316
7928695	7.092612
7928705	8.982393
7928723	5.420762
7928736	5.398525
7928746	3.986229
7928748	2.042281
7928750	4.879692
7928752	8.978277
7928766	6.236475
7928770	4.977524
7928789	4.96381
7928800	7.673002
7928817	3.476907
7928819	3.084882
7928821	3.013912
7928823	6.477972
7928838	5.613523
7928855	6.234511
7928870	7.818239
7928872	8.396111
7928882	7.996315
7928890	7.814993
7928907	8.34073
7928909	5.175697
7928915	6.136262
7928937	6.150995
7928944	10.70116
7928959	10.26217
7928967	2.932269
7928982	2.693725
7928994	3.214636
7928999	8.527963
7929003	3.942796
7929012	4.553227
7929026	5.081368
7929032	8.763766
7929047	9.801137
7929052	8.396491
7929061	3.752458
7929065	7.48072
7929072	7.428444
7929078	3.125803
7929114	5.3862
7929116	6.142468
7929130	4.028411
7929132	6.764116
7929145	5.528197
7929168	8.544709
7929201	8.693955
7929243	5.682539
7929247	8.047838
7929256	6.787696
7929258	3.300545
7929282	6.711464
7929288	6.882899
7929315	6.289898
7929322	4.64706
7929332	4.313099
7929334	3.633703
7929344	4.896344
7929350	3.723303
7929373	3.304233
7929383	5.183821
7929388	7.752952
7929424	6.649673
7929438	4.040238
7929466	3.89457
7929478	3.418341
7929487	4.373163
7929497	4.222661
7929511	8.269741
7929525	2.36126
7929533	2.290539
7929536	4.029498
7929541	3.781185
7929550	6.132891
7929562	6.184677
7929574	4.162643
7929589	4.475543
7929591	3.600638
7929593	10.69096
7929596	8.972182
7929609	7.037748
7929612	3.744442
7929614	2.69647
7929616	6.460662
7929624	8.57444
7929634	7.146967
7929649	7.70696
7929653	6.423172
7929664	5.782943
7929674	4.301934
7929677	8.102417
7929689	6.270945
7929692	7.066888
7929711	5.09082
7929719	7.367555
7929732	4.34672
7929744	5.73535
7929750	6.689467
7929768	6.345087
7929779	5.243587
7929812	2.695259
7929814	3.422611
7929816	7.008788
7929822	4.750503
7929831	6.611928
7929840	5.829737
7929858	5.746572
7929882	5.864161
7929901	4.465747
7929911	7.103664
7929919	7.013603
7929932	5.947351
7929945	5.497072
7929947	5.419427
7929952	3.6396
7929954	1.998757
7929958	6.20386
7929976	5.784236
7929986	2.350671
7929988	6.083704
7929990	5.887599
7930008	7.257149
7930025	4.32399
7930031	8.010033
7930074	10.59582
7930099	5.849254
7930106	6.685751
7930120	5.961358
7930137	4.460142
7930139	7.977584
7930148	5.141312
7930162	6.586824
7930168	6.094148
7930170	4.43812
7930179	2.289534
7930181	5.262513
7930194	6.261273
7930205	4.330776
7930208	4.091905
7930213	5.81431
7930226	5.611547
7930264	6.166181
7930276	10.16583
7930299	5.657085
7930304	7.25588
7930311	6.081677
7930320	4.960081
7930341	5.291691
7930376	6.551131
7930378	4.053895
7930380	7.545792
7930398	7.803577
7930413	10.85087
7930422	6.128201
7930450	4.255359
7930452	2.274027
7930454	8.79772
7930470	9.973571
7930482	6.391199
7930487	3.347951
7930498	9.62386
7930524	7.546104
7930533	4.992115
7930537	7.784657
7930559	7.060723
7930561	5.59871
7930577	8.218838
7930593	4.866196
7930612	4.071862
7930614	6.581604
7930627	7.123984
7930629	2.678494
7930631	3.410858
7930663	6.16401
7930680	2.426249
7930682	7.352599
7930703	5.94594
7930714	3.618129
7930750	2.270025
7930760	5.98982
7930775	2.968582
7930777	3.516729
7930790	4.813415
7930804	4.67286
7930818	4.134783
7930833	5.287378
7930837	4.382873
7930857	4.796464
7930861	3.819355
7930870	7.148353
7930872	6.454618
7930880	4.369662
7930882	10.10196
7930894	6.072618
7930915	5.088353
7930917	4.873953
7930919	5.348056
7930921	9.236361
7930927	5.343668
7930954	4.889233
7930956	7.98378
7930980	4.650529
7930994	5.389911
7930996	7.05883
7931029	2.500662
7931031	6.385623
7931062	6.026274
7931079	4.059183
7931081	6.741576
7931097	6.751005
7931108	6.068379
7931140	5.603324
7931152	4.806008
7931155	4.546094
7931159	3.829339
7931168	5.701776
7931181	6.440371
7931184	5.688748
7931187	7.257713
7931199	4.330218
7931204	6.357648
7931214	2.509135
7931216	6.013825
7931226	8.861752
7931239	6.561632
7931268	5.560114
7931281	6.61053
7931293	7.346767
7931346	3.882192
7931348	7.074612
7931353	9.560014
7931379	6.482831
7931387	5.088398
7931389	3.679945
7931393	7.898227
7931403	3.827279
7931405	8.180149
7931417	5.024884
7931439	6.175229
7931455	5.627467
7931469	7.334211
7931473	4.552393
7931479	7.908892
7931500	5.970257
7931519	5.960319
7931553	7.882958
7931556	6.336328
7931561	6.128294
7931571	6.277832
7931582	6.94174
7931607	7.111948
7931623	5.761436
7931643	5.451941
7931656	7.025708
7931659	7.025708
7931662	7.025708
7931665	7.027883
7931668	7.025708
7931671	7.025708
7931674	4.533558
7931681	6.065866
7931683	6.669178
7931726	5.025507
7931728	8.275805
7931748	3.303252
7931754	10.15074
7931764	6.027875
7931778	7.858593
7931810	10.13457
7931822	4.219484
7931824	3.900448
7931830	2.812822
7931832	8.379221
7931838	2.434229
7931840	5.208337
7931850	2.690299
7931852	4.105357
7931859	6.507876
7931863	5.715128
7931873	9.860617
7931888	4.344962
7931899	6.897529
7931914	5.906209
7931926	4.528453
7931928	2.145204
7931930	4.885552
7931951	6.867964
7931975	3.165659
7931977	5.340149
7932000	6.553613
7932014	5.316349
7932017	2.744214
7932019	5.10639
7932023	9.298595
7932041	6.999569
7932067	2.897478
7932069	6.41671
7932082	4.185123
7932086	4.988968
7932088	5.33633
7932094	5.363069
7932109	7.007318
7932118	4.971066
7932130	3.81238
7932132	5.07616
7932160	10.2453
7932177	4.993418
7932186	6.395412
7932209	5.698506
7932211	3.781185
7932214	4.265028
7932221	5.728435
7932227	6.288682
7932243	6.261009
7932254	3.99051
7932285	6.171624
7932304	1.755146
7932306	2.88789
7932308	6.610245
7932311	7.5004
7932326	4.50345
7932390	5.009379
7932407	3.250717
7932418	2.875322
7932420	3.721725
7932433	9.08621
7932445	3.49585
7932447	2.510902
7932449	2.574627
7932451	2.572467
7932453	7.151573
7932492	5.006951
7932495	5.179245
7932498	5.565422
7932508	2.306787
7932510	5.56272
7932512	7.215238
7932528	3.501217
7932530	8.030678
7932542	3.089157
7932548	2.833959
7932550	4.867653
7932552	3.86844
7932554	6.772448
7932584	3.263901
7932598	3.058978
7932608	2.948549
7932610	2.428263
7932612	5.227362
7932616	9.266519
7932635	6.363818
7932637	4.963319
7932676	3.424204
7932678	9.806922
7932703	7.034241
7932721	3.842271
7932725	2.190775
7932727	3.13987
7932733	5.398311
7932742	3.266321
7932744	3.46536
7932765	7.357493
7932786	4.33477
7932788	5.850538
7932790	2.689519
7932792	3.922113
7932794	6.118993
7932796	8.557478
7932826	4.855402
7932832	2.692379
7932834	5.589623
7932860	6.574176
7932862	8.440814
7932864	2.611416
7932867	7.831262
7932881	7.291541
7932885	7.930398
7932909	4.181004
7932911	9.125059
7932938	7.069057
7932960	1.956036
7932962	3.994234
7932964	8.263067
7932966	8.831137
7932983	3.331177
7932985	6.185747
7933008	5.081445
7933010	7.42634
7933043	4.774084
7933045	3.419877
7933047	5.692218
7933071	4.701231
7933073	6.642023
7933075	7.103149
7933078	2.830146
7933080	6.481755
7933082	2.186561
7933084	13.73882
7933086	2.450034
7933090	2.270925
7933092	4.066418
7933105	4.751852
7933113	3.977673
7933115	6.766016
7933121	2.14837
7933129	6.268282
7933139	5.289733
7933145	2.850565
7933147	5.53029
7933149	5.915523
7933164	10.22069
7933176	4.763493
7933180	4.098135
7933186	5.292538
7933190	4.399851
7933192	7.279291
7933194	4.09461
7933204	7.140383
7933209	3.915431
7933217	2.220463
7933219	4.688573
7933228	7.037796
7933237	5.177674
7933252	7.443238
7933261	2.621216
7933263	3.622585
7933279	4.616393
7933290	7.275193
7933296	3.605654
7933298	6.48706
7933310	6.239551
7933312	5.999928
7933327	11.19099
7933331	7.76965
7933341	4.443641
7933359	4.98843
7933366	5.275856
7933372	6.128626
7933379	3.667508
7933394	4.616393
7933405	7.338473
7933413	7.02726
7933421	3.605654
7933423	11.19099
7933427	7.579558
7933437	3.831302
7933442	2.645094
7933446	5.242472
7933469	5.918233
7933484	4.346457
7933488	4.737322
7933498	6.533576
7933501	6.663198
7933509	6.557908
7933535	3.874574
7933537	5.667532
7933561	5.439934
7933572	2.621216
7933574	7.548109
7933582	7.451315
7933593	5.241706
7933595	2.352593
7933597	4.559395
7933619	7.300579
7933632	4.800461
7933634	5.168018
7933638	4.895615
7933640	4.606128
7933659	5.961726
7933665	4.876595
7933672	2.950508
7933707	5.780798
7933723	9.101888
7933731	5.197507
7933733	4.244417
7933750	4.394826
7933758	3.952383
7933760	8.379968
7933772	5.548144
7933821	5.150673
7933842	4.634413
7933855	5.643223
7933872	8.027514
7933877	11.04019
7933904	3.593297
7933929	2.293825
7933931	8.158284
7933933	5.207348
7933947	8.073373
7933978	5.113629
7933982	5.048157
7933999	6.149435
7934026	4.889642
7934050	6.569826
7934066	2.478712
7934068	2.076817
7934070	2.288498
7934072	2.987968
7934074	6.202656
7934083	5.735215
7934091	1.905774
7934093	2.137307
7934095	2.420932
7934097	3.21689
7934099	2.055354
7934101	5.348812
7934114	6.443852
7934122	8.98301
7934133	7.910677
7934141	6.240045
7934145	6.584097
7934154	6.514722
7934156	4.021126
7934161	6.566938
7934166	4.276317
7934178	7.00445
7934185	8.332623
7934196	11.45829
7934215	6.208559
7934228	6.562342
7934244	6.841849
7934255	7.809968
7934269	4.755656
7934271	5.522802
7934278	9.006887
7934295	2.396318
7934297	8.538263
7934299	6.422574
7934301	7.991985
7934318	2.506404
7934320	6.121332
7934326	7.424336
7934334	4.991072
7934365	3.24395
7934367	7.581241
7934384	5.850931
7934393	7.082344
7934411	7.454438
7934432	4.754934
7934434	4.428597
7934442	5.453127
7934451	7.639389
7934459	7.231419
7934477	7.545894
7934505	7.00427
7934513	7.247803
7934527	5.860231
7934531	4.23218
7934533	6.146657
7934544	7.36904
7934553	6.373442
7934568	1.920358
7934570	4.750665
7934613	2.442585
7934615	7.120427
7934651	6.360034
7934653	5.688189
7934690	5.894838
7934698	6.561487
7934706	6.671119
7934708	6.561487
7934717	6.671119
7934719	6.365205
7934729	7.715079
7934731	7.727802
7934733	10.90396
7934753	9.726119
7934755	4.973248
7934767	2.792247
7934777	2.518974
7934779	3.933743
7934783	5.030147
7934789	5.577925
7934810	5.559143
7934812	8.069743
7934838	3.287253
7934840	2.921314
7934842	6.176399
7934850	4.946199
7934852	9.246533
7934868	3.605654
7934870	7.534333
7934883	5.306195
7934885	5.885796
7934896	6.263358
7934898	8.508327
7934906	5.820797
7934916	4.771184
7934920	8.27343
7934936	3.392173
7934945	5.557725
7934959	5.175569
7934961	3.649579
7934966	5.792658
7934968	3.947785
7934970	4.910563
7934977	2.305064
7934979	4.432743
7934991	2.370682
7934993	2.665507
7934997	11.52407
7935002	8.496305
7935006	5.90455
7935011	7.240733
7935025	3.007574
7935027	6.63217
7935054	5.057733
7935056	2.374922
7935058	8.975853
7935114	3.723039
7935116	4.600649
7935123	3.510126
7935139	5.287556
7935142	3.763722
7935144	2.060086
7935146	4.112791
7935169	2.888248
7935180	7.285429
7935188	5.098639
7935228	3.377624
7935230	6.635112
7935251	5.845388
7935270	7.346763
7935288	4.318442
7935296	5.642487
7935320	10.68947
7935337	10.53945
7935359	2.774009
7935361	5.342782
7935401	3.647586
7935403	5.955473
7935421	6.987073
7935425	7.026302
7935462	6.292348
7935474	6.817223
7935510	4.768042
7935521	9.349522
7935528	6.170162
7935535	5.42885
7935553	5.839203
7935572	6.631701
7935588	6.944724
7935613	4.07471
7935627	6.905238
7935639	7.120807
7935647	6.844183
7935660	6.913473
7935679	3.670453
7935690	1.971656
7935692	7.961043
7935707	7.820938
7935730	6.584629
7935746	7.425297
7935756	4.715747
7935776	2.310398
7935778	2.584606
7935780	5.758101
7935810	7.224466
7935819	6.00306
7935834	5.616041
7935855	5.99089
7935861	3.300609
7935863	3.469109
7935865	5.818647
7935882	7.786481
7935892	6.101969
7935903	6.279037
7935910	9.106553
7935930	4.999366
7935951	6.757861
7935968	7.787876
7935983	6.507822
7935990	5.942205
7936011	6.329149
7936023	6.707179
7936028	7.96046
7936041	5.98948
7936050	5.040438
7936062	6.896251
7936064	10.77315
7936083	6.729943
7936089	4.477667
7936091	7.051448
7936096	5.80266
7936100	7.255501
7936108	5.438017
7936111	5.084487
7936115	7.074999
7936134	7.330396
7936144	6.071942
7936201	3.020925
7936242	9.193609
7936249	4.571779
7936280	3.614087
7936284	7.368752
7936307	8.294493
7936320	5.412402
7936322	4.514234
7936346	7.851587
7936360	4.831412
7936406	5.70028
7936408	4.655604
7936419	7.896948
7936439	6.500689
7936461	4.214894
7936463	9.633589
7936492	4.824512
7936494	4.61735
7936507	5.585944
7936516	5.208148
7936529	6.024332
7936552	6.270827
7936559	8.184663
7936567	6.996359
7936576	3.735975
7936578	6.896279
7936590	5.565909
7936596	9.247713
7936612	2.046433
7936614	10.00218
7936637	4.397331
7936639	6.162908
7936641	5.706012
7936661	8.977524
7936673	7.920245
7936683	6.571441
7936706	8.034689
7936727	8.430489
7936734	5.686563
7936762	6.917388
7936777	6.024096
7936793	3.550651
7936798	4.09674
7936809	4.559191
7936817	5.198584
7936826	6.220233
7936833	7.016343
7936835	4.367426
7936856	9.231977
7936871	9.338263
7936882	6.899656
7936884	6.739322
7936891	5.781775
7936902	2.254385
7936904	7.545186
7936916	4.851553
7936918	2.789438
7936923	5.757705
7936925	4.527003
7936928	5.892175
7936937	7.152604
7936949	7.556986
7936968	5.278764
7936994	4.76213
7936996	3.880287
7937007	4.057277
7937014	6.639936
7937016	3.785719
7937020	4.553227
7937037	3.585952
7937039	4.783601
7937059	7.352664
7937073	6.262681
7937079	8.622085
7937089	7.059784
7937104	4.783805
7937106	6.102875
7937112	5.551047
7937135	4.549442
7937148	3.222204
7937150	9.722935
7937175	6.816081
7937198	5.595369
7937200	7.561365
7937208	5.997552
7937217	8.585276
7937228	5.853296
7937230	4.254872
7937247	7.926032
7937251	4.569886
7937257	6.657867
7937263	5.082741
7937275	7.39155
7937287	6.985873
7937305	6.415161
7937314	8.07337
7937330	11.07432
7937335	10.37477
7937341	5.518579
7937363	6.977057
7937378	6.192465
7937391	6.926665
7937404	5.444852
7937407	8.073638
7937415	7.033861
7937433	7.325819
7937438	9.617062
7937443	8.565592
7937465	10.13945
7937474	6.041672
7937476	9.012229
7937483	7.79527
7937485	8.608435
7937498	7.400512
7937508	7.762268
7937518	6.127111
7937533	6.769535
7937560	6.22836
7937612	5.597565
7937667	5.784741
7937696	5.875507
7937698	7.8508
7937700	5.842504
7937707	5.533572
7937709	6.631414
7937711	4.79302
7937713	6.715482
7937728	6.533769
7937735	9.385289
7937749	6.808331
7937763	6.386027
7937772	4.246066
7937774	6.208956
7937782	6.378507
7937798	5.00293
7937800	3.450479
7937802	9.061754
7937813	7.01064
7937823	7.685798
7937847	6.453341
7937852	7.458164
7937866	4.894766
7937868	4.286436
7937876	7.272807
7937878	4.350189
7937882	6.149046
7937890	3.357502
7937892	6.725122
7937900	7.027883
7937913	6.1825
7937915	5.659376
7937934	4.424218
7937936	5.633812
7937938	4.388752
7937940	5.972626
7937942	6.338298
7937944	5.958947
7937946	3.371341
7937948	5.100336
7937950	4.834812
7937952	4.813994
7937957	4.946198
7937959	2.684067
7937961	3.464044
7937971	3.209214
7937973	4.608412
7937975	3.031778
7937977	3.445072
7937979	3.408355
7937982	3.747209
7937984	3.827869
7937986	4.236495
7937988	3.584243
7937990	5.474733
7937993	5.474733
7937996	3.287245
7938000	3.681102
7938002	4.028792
7938004	3.860917
7938006	4.752978
7938008	4.409552
7938010	4.020028
7938012	5.688056
7938035	9.195963
7938047	4.313007
7938049	3.781213
7938053	2.781695
7938055	4.304941
7938057	3.833451
7938059	4.461172
7938061	3.404172
7938063	3.224348
7938066	5.292319
7938070	2.584888
7938072	3.875482
7938074	4.799676
7938076	5.247348
7938078	4.518945
7938082	4.020757
7938090	5.448662
7938100	7.568898
7938111	7.132182
7938118	5.619578
7938128	5.170547
7938133	5.112035
7938139	5.421871
7938154	7.295411
7938170	3.533755
7938172	3.488292
7938176	3.673004
7938179	5.346518
7938181	3.496528
7938183	4.11134
7938195	3.819337
7938208	6.718087
7938213	4.292791
7938225	3.363991
7938231	7.259471
7938258	3.711612
7938261	3.604153
7938263	5.765162
7938269	5.412817
7938286	6.640423
7938291	8.128388
7938293	6.58048
7938295	6.560328
7938299	4.357812
7938301	5.357976
7938309	5.332267
7938313	7.153054
7938329	7.427128
7938331	7.44219
7938348	6.923022
7938364	6.714517
7938366	6.874779
7938368	7.13711
7938370	8.638079
7938388	5.113767
7938390	12.04284
7938396	8.866508
7938416	6.585819
7938420	4.416262
7938422	8.120858
7938448	7.239308
7938481	4.727071
7938485	7.432931
7938519	6.275197
7938528	6.487738
7938544	8.188489
7938559	6.000973
7938561	4.618076
7938563	6.220469
7938590	3.269978
7938592	8.420848
7938608	5.439429
7938625	5.081604
7938629	6.825903
7938646	4.648319
7938652	5.680446
7938667	2.555474
7938669	8.611422
7938681	5.119018
7938683	7.564224
7938685	8.328011
7938687	6.49613
7938702	9.133745
7938707	4.70475
7938730	4.805655
7938738	5.766625
7938741	3.838078
7938746	4.093713
7938748	7.740155
7938750	4.761539
7938756	7.050388
7938758	5.283999
7938762	8.478373
7938777	11.09569
7938788	2.795236
7938800	3.919879
7938812	6.006031
7938816	8.984929
7938834	6.447592
7938878	4.524054
7938880	7.463938
7938890	5.802862
7938907	5.060767
7938925	4.061614
7938951	2.898985
7938975	3.660619
7938989	3.265004
7939003	2.860536
7939005	4.817711
7939007	4.351823
7939024	3.924105
7939052	4.284755
7939056	3.082645
7939068	7.85402
7939070	2.867622
7939072	4.825866
7939080	4.93613
7939087	6.289289
7939093	4.55074
7939102	4.631992
7939116	5.57445
7939118	2.939652
7939120	8.507991
7939131	4.871451
7939137	7.702244
7939150	8.006231
7939158	6.008803
7939173	3.351276
7939184	5.412229
7939197	9.53616
7939215	4.820057
7939237	4.18519
7939240	4.032236
7939242	9.279778
7939265	6.465589
7939296	1.94582
7939298	8.24962
7939314	9.334495
7939329	6.494557
7939341	10.98491
7939365	5.278735
7939368	7.311021
7939374	5.035026
7939376	7.249177
7939383	8.877296
7939398	3.3798
7939411	3.849893
7939418	2.964257
7939420	1.983393
7939422	2.440027
7939424	7.559465
7939432	4.294548
7939434	7.472089
7939463	3.433899
7939465	7.132331
7939477	6.31622
7939492	7.320972
7939494	4.917085
7939507	5.706711
7939524	7.219241
7939546	10.18083
7939559	5.092949
7939569	5.981488
7939581	5.771656
7939587	7.456532
7939590	7.010215
7939595	7.277288
7939613	5.6025
7939620	6.375791
7939642	6.317868
7939657	6.349659
7939665	9.011736
7939676	7.384806
7939699	5.609833
7939706	4.519761
7939723	5.896302
7939738	6.636569
7939751	6.206428
7939767	7.117443
7939805	7.029049
7939818	6.673091
7939825	7.283292
7939835	5.986711
7939839	9.929713
7939865	4.098309
7939867	3.808041
7939869	3.957286
7939871	3.566406
7939873	3.119827
7939875	2.396916
7939877	2.708822
7939879	3.056288
7939884	3.836615
7939893	2.893268
7939897	4.914467
7939900	4.061068
7939902	5.228418
7939910	4.965023
7939912	3.748104
7939916	2.882213
7939918	3.109817
7939920	3.178962
7939922	4.066768
7939924	3.929907
7939926	2.994818
7939928	3.268505
7939930	3.537289
7939932	3.922983
7939934	2.502274
7939936	2.563074
7939938	3.773677
7939940	2.748843
7939942	3.492373
7939944	3.207166
7939946	4.097648
7939948	2.912583
7939950	4.19656
7939952	3.400007
7939954	4.761966
7939959	3.17769
7939961	2.641889
7939963	3.900237
7939965	2.859824
7939967	2.16614
7939969	2.630578
7939971	3.34098
7939973	2.50574
7939975	2.528178
7939977	2.943628
7939979	3.084057
7939981	2.566589
7939983	4.033734
7939986	3.744565
7939988	3.599366
7939990	3.709396
7939992	4.875011
7939994	3.637045
7939996	5.308948
7939998	3.23485
7940000	2.973505
7940002	5.885261
7940005	5.629462
7940018	3.376339
7940020	5.005012
7940022	7.264196
7940026	3.546543
7940028	7.257026
7940042	3.085073
7940044	3.550457
7940046	6.631089
7940051	8.59623
7940066	6.946579
7940070	6.916303
7940079	9.510137
7940103	4.047802
7940108	4.830088
7940110	3.904583
7940112	4.988566
7940114	2.659317
7940116	4.58276
7940118	6.025047
7940135	4.955914
7940147	2.95181
7940153	7.741983
7940160	8.06258
7940171	3.728961
7940173	4.748495
7940175	4.616935
7940177	4.43351
7940182	6.660199
7940185	2.634832
7940187	4.552233
7940189	4.11175
7940191	9.601751
7940210	3.275648
7940216	3.548873
7940226	2.873936
7940237	3.207278
7940253	3.018215
7940259	5.572899
7940279	2.786331
7940287	4.298533
7940299	3.879498
7940307	2.73862
7940315	2.465666
7940323	4.812446
7940333	4.8516
7940341	3.962404
7940349	6.127917
7940358	5.388256
7940372	7.391753
7940377	6.663789
7940391	6.643783
7940409	5.852771
7940421	5.119326
7940431	4.667075
7940441	4.735753
7940451	6.591653
7940473	6.817302
7940479	5.011143
7940486	8.273872
7940491	6.029573
7940493	5.816785
7940508	5.223465
7940530	6.122152
7940561	6.037921
7940565	5.736308
7940580	5.978341
7940582	8.335015
7940598	9.894011
7940600	6.645341
7940622	2.577809
7940626	4.702683
7940630	3.165066
7940636	3.933737
7940643	5.876933
7940654	6.234467
7940660	6.179497
7940662	5.60022
7940667	9.445238
7940669	6.733934
7940673	4.760854
7940679	5.739342
7940688	5.9677
7940698	6.491465
7940711	7.963472
7940717	10.12095
7940735	2.402285
7940737	4.077431
7940749	4.610015
7940762	5.433172
7940775	6.695733
7940781	7.549334
7940790	5.843183
7940798	8.385446
7940822	6.388975
7940824	6.179093
7940835	7.705226
7940840	7.397912
7940851	6.025817
7940857	9.794689
7940869	9.358472
7940884	7.060574
7940891	6.442959
7940904	6.743305
7940914	7.237739
7940924	6.438201
7940959	6.831853
7940971	6.333319
7940987	2.301176
7940989	7.721565
7940996	8.528121
7941004	7.538513
7941039	6.772871
7941059	5.201511
7941062	6.978369
7941074	5.682486
7941087	7.111439
7941104	6.699062
7941111	6.704867
7941122	7.535048
7941127	6.921103
7941136	7.072139
7941148	7.015871
7941164	6.998361
7941172	6.538884
7941179	8.94382
7941203	5.874473
7941214	6.250877
7941236	9.090081
7941243	8.324479
7941255	6.420311
7941260	7.568479
7941269	6.717038
7941272	13.68413
7941274	7.951437
7941296	6.887518
7941302	6.917696
7941311	8.130522
7941350	7.100604
7941364	7.42468
7941380	6.42917
7941382	6.856248
7941401	8.112579
7941408	4.372414
7941425	7.09371
7941444	6.09669
7941457	7.085664
7941460	8.497824
7941469	6.691604
7941478	7.352348
7941501	9.322313
7941505	6.855948
7941511	7.698024
7941537	7.646596
7941563	6.714999
7941565	6.334365
7941583	9.539345
7941587	6.488666
7941594	5.908166
7941597	4.286448
7941599	4.751214
7941608	5.414167
7941610	5.925524
7941621	7.132174
7941639	5.917715
7941662	5.21645
7941685	6.757774
7941694	7.618045
7941702	6.872355
7941707	6.888521
7941709	8.995903
7941714	6.384261
7941732	6.895277
7941743	6.350885
7941746	7.060177
7941749	5.481493
7941761	7.544984
7941769	8.673328
7941795	6.275671
7941797	8.074118
7941822	7.593613
7941843	6.918725
7941863	5.995599
7941865	7.2357
7941879	7.320548
7941890	6.693922
7941900	7.073764
7941917	6.378887
7941927	6.8906
7941936	9.61917
7941946	7.104011
7941961	7.653319
7941976	7.593199
7941985	8.834965
7942007	6.690147
7942032	9.073077
7942064	5.376959
7942071	3.950297
7942073	7.115747
7942091	6.918867
7942118	7.64956
7942123	7.145908
7942135	5.51344
7942168	6.691179
7942174	7.915574
7942204	8.506289
7942228	6.495941
7942232	7.44658
7942255	8.660552
7942261	6.387674
7942267	7.771544
7942274	5.882272
7942277	2.509009
7942279	5.309087
7942284	3.686234
7942287	3.08078
7942289	6.952611
7942300	7.287843
7942315	5.545697
7942326	6.890617
7942328	5.74753
7942332	5.173443
7942342	7.174404
7942372	5.215166
7942379	2.90923
7942381	8.844155
7942400	6.816803
7942409	5.544759
7942417	5.740493
7942439	9.173553
7942453	5.388334
7942465	5.421849
7942476	5.434321
7942489	4.257955
7942503	6.694183
7942520	4.917487
7942525	4.75434
7942527	6.183611
7942544	9.083037
7942551	7.288046
7942553	9.188299
7942562	6.251993
7942569	6.312411
7942586	10.6906
7942592	6.454042
7942594	6.564873
7942596	7.084446
7942603	4.911813
7942613	9.142581
7942626	8.591449
7942645	6.116498
7942647	5.923317
7942650	6.16832
7942674	7.733122
7942679	7.359499
7942693	6.979144
7942697	8.317557
7942715	7.025086
7942717	5.787387
7942769	8.915051
7942771	5.133037
7942774	5.020858
7942779	4.945363
7942781	3.348305
7942783	5.960532
7942791	13.54711
7942793	5.065823
7942796	4.354414
7942798	5.352124
7942809	4.324012
7942812	4.514508
7942814	2.260335
7942816	2.19122
7942818	2.170384
7942820	6.59524
7942822	2.437234
7942824	9.895982
7942830	3.479499
7942832	4.300114
7942839	9.900305
7942858	5.782451
7942875	8.622116
7942877	5.542842
7942879	5.725131
7942889	5.454883
7942896	3.578641
7942910	2.862739
7942912	5.939177
7942914	7.121298
7942932	5.788428
7942941	3.602764
7942957	5.29267
7942964	5.824523
7942985	4.353465
7942987	2.64596
7942989	4.096904
7942991	4.68812
7942998	3.253555
7943019	3.553082
7943025	4.208755
7943031	3.189646
7943036	3.505494
7943047	2.831259
7943049	2.979805
7943051	3.410803
7943075	4.2881
7943098	5.889119
7943103	3.188306
7943124	5.530204
7943126	4.951312
7943156	3.167748
7943158	6.982993
7943160	10.46577
7943162	7.431185
7943176	6.884503
7943193	4.897267
7943195	5.556178
7943197	6.475379
7943218	6.91011
7943226	6.698203
7943231	6.012092
7943236	6.884973
7943240	4.756676
7943263	4.982217
7943282	4.621319
7943288	6.297678
7943293	5.86846
7943297	5.758262
7943314	7.02491
7943317	4.407781
7943319	3.424212
7943345	4.550169
7943347	6.347988
7943349	5.634039
7943367	6.168261
7943369	4.529237
7943373	3.593681
7943376	3.728343
7943387	2.484601
7943398	7.992717
7943411	4.008644
7943413	10.24019
7943424	9.404342
7943437	2.50523
7943442	4.176871
7943498	4.127038
7943513	3.170213
7943515	7.019558
7943517	2.888506
7943519	2.180369
7943521	3.593681
7943526	5.118893
7943530	3.494833
7943552	7.036611
7943562	3.703866
7943573	5.050641
7943577	3.894775
7943580	6.240581
7943605	5.227867
7943620	6.979451
7943690	5.148669
7943707	3.760617
7943709	2.732445
7943711	5.712239
7943715	8.292351
7943721	6.601169
7943729	5.411661
7943736	3.741498
7943738	2.820168
7943740	4.009349
7943749	4.624768
7943760	6.607357
7943779	4.458013
7943787	5.209239
7943795	5.926663
7943803	5.421707
7943827	6.598855
7943842	5.137608
7943853	6.894423
7943859	3.281417
7943867	6.906446
7943882	6.423245
7943890	5.171862
7943892	4.284755
7943917	4.172547
7943919	5.797196
7943943	5.970302
7943954	5.463562
7943956	2.158075
7943958	3.359406
7943969	6.07045
7943984	5.589687
7943998	5.1785
7944006	6.797445
7944011	7.416661
7944021	2.46409
7944023	3.379032
7944033	2.731171
7944035	5.852228
7944042	7.504532
7944049	6.702191
7944082	5.817062
7944096	5.051661
7944111	4.932485
7944113	5.867357
7944147	5.519967
7944152	9.500715
7944164	9.284292
7944179	5.765082
7944185	6.045457
7944195	8.570683
7944216	8.364174
7944223	7.247385
7944262	5.997972
7944271	5.987317
7944275	5.688066
7944285	7.760361
7944300	3.130249
7944302	5.19905
7944331	2.931545
7944333	1.92406
7944335	4.122246
7944339	6.697739
7944341	7.321364
7944351	4.506651
7944359	4.619566
7944361	4.175841
7944363	3.995386
7944365	6.873993
7944375	6.697544
7944382	6.845295
7944401	5.784837
7944418	6.4847
7944435	6.330625
7944447	5.985646
7944463	6.346461
7944478	4.871564
7944493	8.282674
7944510	6.230074
7944516	5.072761
7944525	7.226068
7944527	4.642663
7944530	6.880255
7944537	6.221446
7944554	4.358573
7944560	7.87605
7944601	4.018942
7944603	5.616955
7944623	7.941113
7944632	4.664472
7944656	6.86707
7944667	10.82868
7944716	3.133348
7944718	3.638059
7944720	5.978005
7944722	6.572861
7944739	4.155602
7944751	4.277158
7944763	3.486635
7944765	6.820215
7944767	3.207
7944769	5.343053
7944791	4.794765
7944793	3.552378
7944795	5.934563
7944797	5.953057
7944799	4.415246
7944801	4.334479
7944803	7.108245
7944825	5.140753
7944827	3.936414
7944829	3.756849
7944832	2.605062
7944834	2.733095
7944838	3.960642
7944843	3.74545
7944845	5.022898
7944850	7.537548
7944867	8.623747
7944869	3.200991
7944876	6.397572
7944882	5.298203
7944911	5.125017
7944913	3.593681
7944931	6.922154
7944952	4.380989
7944955	6.285694
7944970	5.971899
7944972	4.681935
7944978	7.648124
7944989	4.781535
7944991	8.960134
7945014	4.848967
7945033	4.25551
7945040	2.654678
7945045	4.439429
7945058	6.877851
7945069	6.340124
7945071	5.836851
7945084	4.604198
7945086	5.246799
7945101	5.77749
7945110	7.563444
7945125	6.076948
7945130	5.91305
7945132	7.980105
7945146	5.268113
7945156	3.403829
7945158	7.551123
7945162	7.054007
7945169	9.536515
7945177	5.638352
7945182	10.9816
7945204	9.360457
7945226	5.0796
7945228	5.34319
7945232	5.380754
7945241	4.771401
7945245	5.287135
7945260	2.423239
7945262	4.644844
7945275	6.468535
7945283	8.465225
7945296	5.06565
7945321	5.257176
7945342	9.28674
7945344	11.15716
7945347	9.106327
7945349	6.397748
7945357	7.663464
7945368	5.58028
7945371	7.722109
7945377	6.891
7945394	7.038726
7945418	7.718999
7945420	7.212196
7945436	7.198539
7945445	6.699973
7945460	7.711661
7945462	8.001937
7945475	5.979736
7945498	7.631401
7945503	7.744515
7945521	7.13523
7945536	7.641063
7945539	6.710756
7945550	6.582316
7945573	8.069746
7945579	6.360497
7945595	5.580357
7945620	7.61829
7945631	5.803331
7945641	6.831334
7945645	8.811085
7945648	7.539748
7945652	10.21447
7945657	7.121947
7945660	4.865562
7945663	6.783084
7945666	10.87189
7945678	7.218692
7945680	9.664486
7945688	6.09654
7945712	6.242775
7945728	4.459368
7945730	5.524776
7945734	5.820596
7945740	6.235776
7945742	5.79325
7945767	8.536552
7945774	5.690623
7945781	8.908817
7945786	7.523005
7945801	6.14019
7945803	7.569574
7945829	6.513587
7945831	5.581699
7945857	5.632929
7945859	6.560315
7945864	5.939613
7945873	6.868944
7945875	4.976797
7945882	5.842762
7945892	6.592766
7945894	7.458652
7945896	7.130108
7945902	10.36559
7945942	6.159033
7945944	9.423311
7945950	4.986469
7945952	4.881066
7945954	4.424218
7945956	3.885343
7945958	4.91127
7945962	7.54676
7945972	5.475161
7945974	5.115524
7945979	5.978779
7945989	5.896194
7945991	4.002907
7945997	3.918189
7945999	4.472106
7946001	4.437143
7946004	5.622463
7946006	5.276169
7946008	3.293442
7946011	4.8328
7946013	3.932102
7946015	3.51438
7946017	3.342912
7946019	3.295738
7946021	3.672323
7946023	3.391161
7946025	3.088457
7946027	4.208749
7946029	3.232188
7946031	3.641517
7946033	5.427135
7946041	5.435948
7946048	5.076807
7946054	5.076807
7946061	4.580214
7946067	3.847772
7946069	5.048766
7946071	4.193518
7946073	4.988241
7946078	4.841809
7946082	4.722954
7946087	4.664434
7946089	6.984853
7946105	4.12387
7946107	4.530784
7946109	3.442183
7946111	3.333678
7946113	4.290288
7946115	4.208749
7946117	4.892272
7946119	4.748628
7946121	3.360816
7946123	3.355213
7946125	5.286485
7946128	7.147136
7946142	5.934
7946149	5.370939
7946167	5.398772
7946180	5.769557
7946201	6.873699
7946211	5.648011
7946221	9.387669
7946228	9.419582
7946245	6.038306
7946267	7.083057
7946275	6.082206
7946278	4.625501
7946280	3.222794
7946286	4.592566
7946288	4.407619
7946292	6.027145
7946306	3.640095
7946321	4.672688
7946323	3.546663
7946326	5.226799
7946328	5.005752
7946330	2.467526
7946332	3.306827
7946334	5.493719
7946340	4.588507
7946354	5.566158
7946365	3.416905
7946380	6.360682
7946401	6.388098
7946426	5.381649
7946428	5.470251
7946436	3.949945
7946439	7.345874
7946446	8.632761
7946454	6.778313
7946478	11.02981
7946504	7.414433
7946516	8.564975
7946559	10.70163
7946561	4.460968
7946563	10.34714
7946565	13.72987
7946567	8.051922
7946569	7.997482
7946579	4.707907
7946589	6.292372
7946610	10.95645
7946635	6.978924
7946641	4.553227
7946655	6.962219
7946661	6.711699
7946676	7.872386
7946678	2.556739
7946680	7.975763
7946687	2.674131
7946693	2.411667
7946695	2.57256
7946697	7.088957
7946703	8.505602
7946728	8.510267
7946742	6.113736
7946749	5.477521
7946757	5.022911
7946781	8.211423
7946807	6.770429
7946812	8.962744
7946815	6.830278
7946849	5.012878
7946851	5.000069
7946853	5.012214
7946860	5.506049
7946903	5.43268
7946933	6.21786
7946946	2.350266
7946957	4.746006
7946972	5.027782
7946977	6.385998
7946983	7.537922
7946986	4.254149
7946988	9.019572
7947015	9.237908
7947027	7.580954
7947040	7.786529
7947052	5.45439
7947076	5.991182
7947093	4.676964
7947096	5.267456
7947099	3.872425
7947110	4.807093
7947127	3.243743
7947129	6.120577
7947136	4.371057
7947138	5.513034
7947147	6.497095
7947152	2.478437
7947156	6.249009
7947165	4.441145
7947184	3.703716
7947189	4.356485
7947199	6.807547
7947221	6.241876
7947228	2.810849
7947230	3.263363
7947245	9.456738
7947248	3.320738
7947266	2.967713
7947268	6.372952
7947270	5.724024
7947274	5.644008
7947282	3.651096
7947322	3.556729
7947332	5.038692
7947338	4.549167
7947358	7.567019
7947361	2.242055
7947363	5.999705
7947375	3.059858
7947394	3.439726
7947396	5.54972
7947421	6.272027
7947423	5.266224
7947425	10.02058
7947434	6.748005
7947450	6.766565
7947462	8.654078
7947481	6.987746
7947490	6.449182
7947496	3.631538
7947510	2.215309
7947512	4.142272
7947526	5.518876
7947528	4.681616
7947531	5.171817
7947540	7.483219
7947548	2.782438
7947551	4.849014
7947553	3.963151
7947561	3.175684
7947563	6.397419
7947570	7.112512
7947590	3.920082
7947599	5.978393
7947607	2.714694
7947609	7.348653
7947624	8.22966
7947649	6.055583
7947652	7.388486
7947674	4.383213
7947676	5.260196
7947681	7.996575
7947694	6.036232
7947740	6.251228
7947742	5.07438
7947744	5.551016
7947784	7.208588
7947801	6.758196
7947815	7.162723
7947828	6.548351
7947861	10.57851
7947867	6.613501
7947881	6.2193
7947890	3.292057
7947892	5.496759
7947894	8.227335
7947917	6.950189
7947926	2.305064
7947928	6.459111
7947934	8.150203
7947947	4.115706
7947969	7.870961
7947989	6.595479
7947991	6.862635
7948035	2.840597
7948037	4.230863
7948039	2.707793
7948042	2.970671
7948044	3.299909
7948046	4.165005
7948048	4.344057
7948054	4.525765
7948058	3.500383
7948085	2.942353
7948088	7.432254
7948090	2.221738
7948092	3.923774
7948099	2.991195
7948101	2.411953
7948103	3.006259
7948105	3.835639
7948107	3.551585
7948109	4.192746
7948111	3.028281
7948113	8.039978
7948115	4.018696
7948117	3.770633
7948119	2.789464
7948121	2.825252
7948123	4.040782
7948125	2.845573
7948127	2.87507
7948129	4.139579
7948131	4.606035
7948133	3.746053
7948135	3.351048
7948137	3.388141
7948141	4.671942
7948144	3.558343
7948148	4.447637
7948150	3.051649
7948155	4.025998
7948157	4.183728
7948159	3.281516
7948161	3.315834
7948167	4.978894
7948176	7.210613
7948192	6.85667
7948211	5.179057
7948213	5.157796
7948221	5.647986
7948229	9.862544
7948249	5.829715
7948267	5.633127
7948274	8.692589
7948282	5.164285
7948293	5.903172
7948303	4.771015
7948306	4.318109
7948308	4.099195
7948310	3.106266
7948312	2.743786
7948314	5.672374
7948316	3.742187
7948320	2.048628
7948322	3.150811
7948324	3.59653
7948326	2.679464
7948328	4.011404
7948330	5.94278
7948332	8.724707
7948344	3.43973
7948354	2.75777
7948364	8.526943
7948367	5.149624
7948369	5.056782
7948371	3.392128
7948375	3.750034
7948377	4.067158
7948379	8.02337
7948399	9.707207
7948418	4.468567
7948420	6.404759
7948424	5.817192
7948433	4.348307
7948444	6.647317
7948455	6.971419
7948470	6.576472
7948476	6.405453
7948493	10.05577
7948502	2.99031
7948504	7.687311
7948511	6.49176
7948534	8.056639
7948565	7.79064
7948574	7.274505
7948588	6.213822
7948599	5.380669
7948606	7.187075
7948612	5.380233
7948630	6.951745
7948643	5.944395
7948656	11.16429
7948662	4.06221
7948667	8.908909
7948679	10.80469
7948685	6.303979
7948696	7.688731
7948718	7.176516
7948741	6.076835
7948744	8.342936
7948772	6.76225
7948775	6.840932
7948782	7.9531
7948794	5.341856
7948798	6.226246
7948814	8.04327
7948829	5.676236
7948834	6.378572
7948836	6.575694
7948839	11.05619
7948864	8.496445
7948879	6.412386
7948881	6.801997
7948894	6.170716
7948896	6.405199
7948898	7.016196
7948900	8.805266
7948902	7.717874
7948904	9.084522
7948906	7.754329
7948908	9.79496
7948910	7.124067
7948912	5.882498
7948918	5.248024
7948920	6.055849
7948937	5.398164
7948951	3.36336
7948957	4.220949
7948973	5.776909
7948982	4.856998
7948987	7.315012
7948995	7.702019
7948997	7.327146
7949015	7.907421
7949019	2.232651
7949021	5.369648
7949033	7.078803
7949046	6.821146
7949058	5.470554
7949060	9.056827
7949067	6.718426
7949075	9.923664
7949080	6.571106
7949104	6.646085
7949124	5.622483
7949146	8.648011
7949172	6.382914
7949206	6.253378
7949227	7.646743
7949264	11.20201
7949273	7.911576
7949275	7.274939
7949277	9.304227
7949320	5.92028
7949327	4.709336
7949340	7.770505
7949344	5.974528
7949364	5.120389
7949371	6.070167
7949373	6.832534
7949377	9.515493
7949383	7.155048
7949400	5.605082
7949410	9.360723
7949412	6.616801
7949440	6.175108
7949444	6.924976
7949454	8.423284
7949465	8.989337
7949482	7.105294
7949490	7.51303
7949496	10.78567
7949503	6.315063
7949518	6.875528
7949532	7.824308
7949540	7.481155
7949545	6.225878
7949553	5.482944
7949568	5.413528
7949570	6.380902
7949577	6.997237
7949588	5.53886
7949592	6.181964
7949603	6.853034
7949615	4.571707
7949619	6.472672
7949637	6.636514
7949645	7.368701
7949650	6.067304
7949668	4.666366
7949672	2.471972
7949674	7.399093
7949679	6.312886
7949717	5.333222
7949719	5.841841
7949742	1.816294
7949744	4.437011
7949746	8.25263
7949754	7.235004
7949763	3.511724
7949765	8.740741
7949776	7.884621
7949792	7.143397
7949796	5.889975
7949798	7.556105
7949808	6.957787
7949836	7.317512
7949843	7.164858
7949851	4.163852
7949857	6.522608
7949863	6.396357
7949873	5.831414
7949882	6.805499
7949894	4.687981
7949896	5.938598
7949898	6.146831
7949904	7.474387
7949916	7.884062
7949931	7.330972
7949946	4.880489
7949948	4.986784
7949954	6.135462
7949956	5.223299
7949971	7.250776
7949995	5.930194
7950003	4.979174
7950005	5.626322
7950012	5.103907
7950016	5.622708
7950023	5.649665
7950032	7.074257
7950036	6.324522
7950042	6.479374
7950062	3.119261
7950064	5.344049
7950067	6.872184
7950078	6.969465
7950082	5.088287
7950086	7.515983
7950117	2.956929
7950119	7.069593
7950128	6.307291
7950136	5.400963
7950140	6.460499
7950142	6.588194
7950162	5.338704
7950195	8.167449
7950197	9.018881
7950235	6.978947
7950248	8.61712
7950269	3.323174
7950271	7.465554
7950282	6.35237
7950284	8.305171
7950292	3.392104
7950294	5.760228
7950299	5.032835
7950307	8.030073
7950321	5.491029
7950332	5.630347
7950336	7.131674
7950370	6.100789
7950372	5.717239
7950374	4.722872
7950391	5.93394
7950409	5.507635
7950420	6.11921
7950423	5.587625
7950425	6.011837
7950442	5.494323
7950444	6.113461
7950447	4.719547
7950469	4.726309
7950471	5.661479
7950473	8.116907
7950490	9.499323
7950492	7.114423
7950501	5.757244
7950524	5.240511
7950530	2.6444
7950532	2.997737
7950534	5.529921
7950544	5.809519
7950553	2.816878
7950555	6.581433
7950560	3.255729
7950578	9.903652
7950597	6.035169
7950606	7.381159
7950626	6.888293
7950628	6.251596
7950641	4.47253
7950644	6.819623
7950654	5.753468
7950669	6.384797
7950671	8.436713
7950683	5.465477
7950699	2.243858
7950701	5.432034
7950724	1.970047
7950726	6.444263
7950731	8.824447
7950743	5.867569
7950751	4.836513
7950753	6.396905
7950762	7.473824
7950764	3.787318
7950794	4.932816
7950796	7.404391
7950804	5.280042
7950810	7.084878
7950838	11.04485
7950862	4.656449
7950864	6.8053
7950883	3.305303
7950885	5.021176
7950893	2.411227
7950895	3.783726
7950897	3.971331
7950899	6.38809
7950906	9.614143
7950921	6.170046
7950933	3.978475
7950951	2.831259
7950955	3.999352
7950965	3.189646
7950971	4.208755
7950977	3.553082
7950983	8.859567
7950990	7.267334
7951004	6.827991
7951008	7.820203
7951030	6.811864
7951032	6.411341
7951034	7.163346
7951036	7.852645
7951038	6.639758
7951040	5.033675
7951046	5.714863
7951068	3.834252
7951077	6.128611
7951089	4.92467
7951091	7.207312
7951093	6.690052
7951108	5.015882
7951112	6.377317
7951131	4.776336
7951133	7.198457
7951140	9.081779
7951144	6.919007
7951157	6.930301
7951159	4.568199
7951161	1.955419
7951163	3.61232
7951165	3.760489
7951178	3.850582
7951195	2.761098
7951205	3.022622
7951207	10.07186
7951217	9.976256
7951224	4.3981
7951235	3.878463
7951246	3.10284
7951259	5.292564
7951271	5.282855
7951284	3.772108
7951297	5.641327
7951309	3.788421
7951325	6.295866
7951335	4.091417
7951337	1.874839
7951339	2.243742
7951341	3.599619
7951343	2.065599
7951345	2.853609
7951347	3.672488
7951351	3.976377
7951363	3.274358
7951372	11.01643
7951385	8.934794
7951397	10.23575
7951408	10.20897
7951413	10.06203
7951417	3.326363
7951420	2.869389
7951422	5.595056
7951429	3.670284
7951437	4.538367
7951447	5.638675
7951467	4.864154
7951479	4.519992
7951485	7.185715
7951497	7.704824
7951521	4.085367
7951535	5.115848
7951545	6.89
7951552	4.265718
7951554	6.921637
7951565	4.282911
7951589	5.232313
7951591	3.247945
7951593	6.89503
7951596	5.867437
7951604	2.646187
7951612	6.499322
7951614	7.610602
7951633	6.603005
7951652	5.436437
7951654	4.464056
7951660	5.096262
7951662	8.415093
7951670	2.517343
7951672	3.154912
7951679	6.186964
7951686	9.809559
7951695	4.040181
7951701	5.76605
7951703	6.342438
7951715	3.918296
7951717	4.568985
7951734	5.086346
7951752	5.90397
7951781	5.821838
7951789	3.572347
7951796	3.225218
7951807	5.224461
7951824	4.764606
7951826	5.432409
7951838	6.852595
7951853	5.462942
7951859	5.759444
7951865	6.351768
7951873	8.476551
7951896	6.978463
7951910	5.448618
7951928	5.077349
7951966	7.354286
7951977	6.365818
7951987	5.889961
7952004	5.820378
7952011	5.763958
7952022	11.33588
7952036	8.857361
7952046	9.103244
7952056	5.353236
7952065	3.951023
7952069	5.737532
7952086	4.989642
7952103	9.063004
7952116	7.586673
7952126	3.742572
7952129	9.962365
7952132	6.390096
7952145	7.251296
7952179	7.613033
7952185	6.306304
7952200	6.236276
7952205	5.323978
7952223	3.240711
7952225	5.29348
7952227	6.399202
7952243	7.543365
7952249	5.206454
7952268	5.405989
7952274	6.176225
7952290	7.659787
7952305	6.229394
7952307	4.276124
7952309	3.828246
7952313	3.239203
7952315	2.313859
7952319	2.832536
7952321	6.598309
7952325	12.97529
7952335	9.937876
7952339	10.23241
7952341	4.920591
7952350	5.600205
7952361	5.18892
7952373	3.198807
7952375	2.76418
7952377	3.321153
7952382	4.044699
7952384	5.531304
7952386	5.382257
7952388	6.053958
7952390	3.488293
7952392	3.719403
7952394	3.889332
7952398	2.855779
7952400	3.159545
7952402	3.276836
7952404	4.811264
7952406	4.305272
7952408	6.189017
7952426	8.118208
7952436	6.189945
7952445	6.592535
7952451	5.393389
7952453	6.324586
7952475	5.367243
7952484	7.183027
7952488	6.128702
7952490	5.242307
7952503	3.228602
7952517	3.948436
7952522	4.746141
7952526	4.825091
7952549	5.921267
7952557	8.894635
7952577	5.797242
7952601	7.322765
7952617	4.240003
7952626	3.569738
7952631	4.498712
7952641	8.175719
7952671	6.268885
7952673	2.423239
7952675	4.020989
7952677	6.760008
7952707	6.593964
7952733	6.347646
7952735	3.713316
7952737	4.534983
7952739	6.164855
7952750	3.023516
7952752	6.304585
7952766	6.405159
7952768	7.523967
7952781	3.963218
7952785	4.300013
7952795	6.22708
7952797	3.997564
7952805	4.682521
7952810	4.645155
7952813	6.049412
7952830	5.503374
7952869	5.970239
7952882	5.114929
7952884	5.260304
7952893	8.706779
7952897	5.479008
7952914	5.878636
7952927	6.354618
7952950	5.463106
7952953	8.99419
7952984	5.219975
7952986	7.204659
7952988	7.020754
7953012	6.331299
7953021	8.840251
7953032	6.245069
7953040	5.326675
7953094	5.652115
7953098	3.148376
7953100	8.829675
7953111	7.26879
7953128	3.847602
7953130	6.256973
7953135	5.894346
7953150	6.26141
7953166	5.498736
7953181	4.309435
7953198	2.326298
7953200	7.747464
7953211	6.026518
7953218	4.265394
7953229	4.491455
7953243	7.116335
7953252	4.519632
7953264	5.416059
7953274	4.731105
7953278	5.328513
7953284	4.448911
7953291	8.873583
7953303	7.132165
7953321	8.040667
7953333	6.041724
7953341	7.228434
7953351	6.053313
7953383	8.712374
7953385	12.15046
7953390	4.657319
7953395	7.290624
7953409	6.76558
7953418	6.381546
7953428	7.226897
7953442	5.294471
7953450	5.995536
7953469	5.56492
7953483	5.857844
7953508	8.891029
7953516	7.308476
7953518	9.08708
7953520	5.795421
7953532	6.550822
7953547	6.469965
7953564	7.04348
7953569	8.837674
7953590	6.310307
7953592	5.022318
7953594	5.624051
7953603	5.011598
7953620	3.971137
7953622	5.799697
7953626	6.029331
7953651	6.078709
7953665	4.945675
7953670	3.010138
7953675	4.975407
7953687	4.066825
7953689	3.697219
7953695	2.857773
7953697	7.999242
7953699	7.257887
7953715	9.729183
7953723	9.691077
7953733	2.830146
7953735	6.578231
7953737	5.676778
7953747	2.48439
7953749	9.258101
7953761	3.432544
7953763	6.177671
7953765	5.42591
7953775	10.74282
7953812	6.866028
7953835	4.359689
7953844	6.119837
7953871	2.741145
7953873	2.996864
7953878	7.122877
7953892	2.54599
7953901	8.344969
7953914	5.50203
7953924	4.476182
7953936	5.332575
7953943	8.005898
7953949	3.859363
7953965	4.660151
7953967	3.370483
7953975	2.343967
7953977	2.24459
7953979	2.168209
7953981	9.375983
7953993	5.663217
7954006	9.598064
7954008	3.407062
7954010	3.047983
7954012	6.04323
7954021	7.223325
7954029	7.048417
7954036	7.012189
7954055	5.558012
7954061	6.421014
7954063	8.166167
7954065	10.0781
7954071	6.552033
7954077	5.972147
7954090	12.88983
7954098	3.740062
7954100	3.409237
7954102	2.559216
7954104	8.071006
7954124	6.605525
7954132	4.321046
7954136	4.402867
7954143	4.140865
7954173	7.870354
7954185	7.444274
7954196	6.275107
7954206	2.211987
7954208	4.029212
7954240	2.91475
7954243	5.910295
7954245	6.421466
7954277	6.896995
7954279	7.726789
7954291	3.558414
7954293	3.938327
7954310	11.09851
7954312	3.809478
7954330	2.875993
7954344	2.726128
7954356	2.800804
7954375	2.029877
7954377	2.449411
7954382	5.84283
7954388	7.355681
7954398	2.941938
7954407	8.272223
7954419	8.123589
7954436	8.178387
7954460	6.870107
7954465	4.628599
7954469	5.258007
7954481	6.728442
7954488	4.614326
7954490	2.23634
7954492	7.594207
7954503	6.096961
7954511	9.263587
7954527	8.713015
7954551	3.927803
7954559	6.487582
7954589	2.65963
7954591	6.280546
7954602	4.801168
7954604	5.914319
7954613	6.0179
7954631	6.238058
7954645	6.159956
7954653	5.266224
7954655	6.322289
7954690	4.562786
7954692	5.383878
7954695	2.808791
7954697	4.849409
7954699	2.195249
7954701	4.879374
7954711	10.84692
7954717	6.009971
7954729	10.02539
7954752	7.740683
7954775	2.315675
7954777	5.186796
7954783	2.992664
7954785	3.542035
7954787	7.071891
7954789	4.930641
7954794	3.259423
7954810	10.39425
7954864	4.10532
7954899	3.124238
7954926	3.385444
7954938	3.193441
7954940	6.932467
7954961	7.021894
7954963	7.285929
7954965	3.18827
7954969	7.786533
7954985	6.197655
7954995	3.007492
7954997	7.768586
7955019	7.092462
7955043	5.137908
7955045	5.717538
7955055	7.01334
7955063	5.163279
7955076	6.515607
7955078	5.50203
7955107	5.687377
7955110	6.532046
7955112	6.977978
7955117	3.000884
7955119	3.575908
7955129	5.245145
7955132	4.02897
7955135	3.304675
7955140	2.243682
7955142	6.119773
7955156	4.296309
7955168	2.463097
7955170	6.427693
7955179	7.897203
7955184	5.438213
7955195	5.869113
7955211	4.383741
7955217	4.885765
7955231	6.224807
7955248	2.662204
7955250	6.330487
7955277	11.32991
7955290	6.585814
7955297	6.486322
7955305	5.475187
7955317	4.601086
7955331	6.548934
7955348	5.988877
7955358	6.356004
7955361	7.212867
7955376	9.46948
7955417	2.393304
7955419	5.732882
7955423	2.022865
7955425	7.062849
7955433	3.2995
7955441	5.494851
7955448	2.480524
7955450	6.895883
7955462	2.255644
7955464	10.84765
7955469	4.171756
7955502	4.625189
7955533	5.156
7955535	7.88529
7955551	5.598082
7955562	5.99696
7955578	6.012021
7955589	8.382818
7955606	6.597532
7955613	8.351958
7955624	6.479306
7955635	3.807183
7955637	10.65505
7955646	8.461416
7955663	5.837038
7955694	7.165615
7955702	5.345005
7955719	7.673975
7955721	6.424812
7955729	6.430998
7955736	6.660285
7955768	6.647152
7955777	6.598073
7955787	9.058405
7955797	5.879561
7955810	9.837039
7955817	9.769623
7955829	6.686124
7955845	5.149965
7955852	6.42642
7955855	4.561326
7955858	4.517334
7955863	3.692834
7955865	4.417801
7955869	6.102083
7955873	4.932062
7955887	4.382212
7955890	6.526258
7955896	7.945299
7955906	4.090602
7955908	7.816664
7955943	5.617402
7955963	5.20055
7955974	4.887038
7955979	4.67489
7955981	3.186817
7955983	3.790262
7955985	2.686469
7955987	4.355688
7955989	2.906054
7955991	3.406117
7955993	3.394861
7955995	3.443521
7955997	3.285964
7955999	3.156862
7956001	2.694557
7956003	3.296518
7956005	3.485876
7956007	5.629746
7956009	5.809798
7956013	6.708371
7956018	5.836366
7956026	4.743601
7956031	7.070137
7956038	5.850407
7956044	5.422047
7956046	7.505818
7956076	7.094603
7956088	8.524071
7956097	5.877601
7956105	6.012103
7956114	8.749541
7956120	8.611923
7956152	8.125813
7956159	6.630738
7956162	5.79403
7956166	6.93545
7956200	6.159216
7956211	10.56358
7956220	5.987815
7956229	5.497285
7956242	5.716319
7956251	9.049588
7956257	5.940484
7956261	7.308232
7956269	3.484538
7956271	3.743871
7956279	4.316644
7956281	5.930575
7956285	5.78545
7956287	6.532747
7956301	6.723157
7956395	6.435955
7956399	2.125859
7956401	6.681063
7956417	3.417486
7956419	3.476588
7956423	5.230887
7956426	5.607594
7956430	4.915319
7956443	8.347726
7956470	7.752149
7956488	4.895525
7956522	4.156087
7956524	7.345636
7956539	5.884003
7956551	5.004816
7956573	4.47044
7956593	9.436962
7956613	8.517193
7956623	5.400106
7956631	5.28303
7956639	5.569803
7956648	5.354473
7956658	6.277003
7956668	7.003337
7956670	9.978107
7956697	8.475857
7956737	7.48039
7956739	2.522371
7956741	2.991312
7956743	9.405373
7956747	5.527313
7956749	5.669724
7956759	7.731534
7956783	3.668975
7956785	6.813562
7956795	9.416541
7956819	7.411795
7956826	6.538851
7956838	3.765599
7956842	7.358459
7956856	4.263739
7956867	4.885945
7956876	3.140251
7956878	9.019066
7956894	8.389422
7956908	7.253839
7956910	7.429687
7956930	6.848617
7956937	9.987887
7956949	6.58434
7956978	7.261888
7956987	4.910509
7956989	8.674053
7957006	2.31558
7957008	7.294858
7957023	11.54
7957032	5.691709
7957043	6.505292
7957052	7.128965
7957072	6.458174
7957092	3.971027
7957106	7.420242
7957126	4.652979
7957140	3.477356
7957159	4.65954
7957161	2.932043
7957167	6.209171
7957177	10.86914
7957186	9.919645
7957205	3.414037
7957221	3.761589
7957242	7.616262
7957245	3.188338
7957253	2.624519
7957260	9.826957
7957271	5.602256
7957273	2.067609
7957275	7.84523
7957277	7.466906
7957298	4.713961
7957338	3.785852
7957351	2.444001
7957373	4.34495
7957379	4.539791
7957386	4.684707
7957404	5.865232
7957417	6.76447
7957431	2.802807
7957433	3.403971
7957452	3.61286
7957458	2.872869
7957467	7.186377
7957476	4.281692
7957478	5.912345
7957495	2.357354
7957499	3.028571
7957503	4.566414
7957508	2.44735
7957510	6.051507
7957514	4.990372
7957528	2.609002
7957530	7.53764
7957532	2.415803
7957534	2.775921
7957536	6.585196
7957540	6.284518
7957549	6.32649
7957551	5.683551
7957560	5.064629
7957570	10.54299
7957602	3.315832
7957604	7.678072
7957606	3.88489
7957608	6.199429
7957611	4.649572
7957613	6.20854
7957627	2.314456
7957629	2.218192
7957631	4.786222
7957633	6.558655
7957649	4.049949
7957654	5.098577
7957665	7.601427
7957673	4.225026
7957688	2.748981
7957715	6.535559
7957733	2.249586
7957735	2.050494
7957737	6.861324
7957746	8.2216
7957759	8.733088
7957790	3.981513
7957793	4.977646
7957806	9.811179
7957819	4.801846
7957833	3.072149
7957835	4.499874
7957850	6.692976
7957861	3.436358
7957890	5.151421
7957956	2.270891
7957958	2.263521
7957960	4.475616
7957962	2.936066
7957966	4.75514
7958000	7.185964
7958011	5.973962
7958015	4.953976
7958017	3.421674
7958019	9.585009
7958031	2.673472
7958051	4.856744
7958056	4.360411
7958128	1.990969
7958130	10.28169
7958147	6.687269
7958152	8.55345
7958158	5.532701
7958174	9.634988
7958197	8.632755
7958200	7.845678
7958202	9.62001
7958207	6.489712
7958209	2.78338
7958211	4.806558
7958216	8.674868
7958253	5.480601
7958262	9.979671
7958273	6.975718
7958275	6.751794
7958305	4.081663
7958331	5.797697
7958346	5.281954
7958352	5.026055
7958375	6.154335
7958377	2.236867
7958379	6.41802
7958396	4.428364
7958398	5.841835
7958410	6.575964
7958414	7.468302
7958423	4.280357
7958425	3.911405
7958439	5.888465
7958453	6.541483
7958455	6.260969
7958466	5.319517
7958524	4.028399
7958532	7.717417
7958565	5.831715
7958577	7.46513
7958582	6.769499
7958600	9.858962
7958620	3.997428
7958644	8.809119
7958666	3.830255
7958677	3.028292
7958692	6.476832
7958711	3.918271
7958724	5.836943
7958726	6.03954
7958749	6.867971
7958759	5.528725
7958761	5.519321
7958784	7.262791
7958800	6.40314
7958819	7.310237
7958826	2.609288
7958828	8.360657
7958842	4.523559
7958844	2.157726
7958846	8.135716
7958860	4.636492
7958884	9.718087
7958895	8.531238
7958913	7.380916
7958931	6.116274
7958942	6.384431
7958948	6.786459
7958950	6.445209
7958960	8.049115
7958989	6.1589
7959002	6.68757
7959010	4.213682
7959012	4.577556
7959014	2.865952
7959016	5.703771
7959023	10.6792
7959025	4.761676
7959039	6.091335
7959052	5.137627
7959070	7.910491
7959078	9.49992
7959080	8.043545
7959085	3.331743
7959087	5.252081
7959100	4.872843
7959102	11.78548
7959108	5.000249
7959123	7.848156
7959131	6.992075
7959144	5.187296
7959146	7.323874
7959148	4.903995
7959153	9.273589
7959157	8.012847
7959164	8.119619
7959173	9.391531
7959195	5.31677
7959205	7.220453
7959212	5.863589
7959220	6.673137
7959232	5.63418
7959234	5.80635
7959249	6.586061
7959251	6.68965
7959267	7.340417
7959282	7.692078
7959292	4.160411
7959294	7.037302
7959298	5.627217
7959312	4.809998
7959314	6.665074
7959322	5.750611
7959330	4.974512
7959354	6.714207
7959361	7.103677
7959386	4.768217
7959402	5.6735
7959408	4.536801
7959473	6.139582
7959482	3.294062
7959484	4.299483
7959500	7.32789
7959535	5.956156
7959549	7.643395
7959563	6.109023
7959572	3.201326
7959574	7.142179
7959586	5.845225
7959597	9.939366
7959604	6.097548
7959621	6.066441
7959623	5.685089
7959638	5.712801
7959657	5.469529
7959681	4.165737
7959696	5.025243
7959751	7.255992
7959761	6.044491
7959772	6.180939
7959775	2.326674
7959777	5.990495
7959786	6.036244
7959807	3.951566
7959818	4.199436
7959827	5.118037
7959834	9.659274
7959848	7.25701
7959850	6.353003
7959856	4.595409
7959880	9.712272
7959882	7.785968
7959891	4.780833
7959893	5.012122
7959921	6.145212
7959925	5.471123
7959927	8.157451
7959946	6.228786
7959957	7.423564
7959986	6.057017
7959995	6.918081
7960052	6.544212
7960054	6.086329
7960068	6.23455
7960088	8.084438
7960099	6.109614
7960117	6.77665
7960124	7.15876
7960131	9.346434
7960134	5.327441
7960143	6.105753
7960150	5.805403
7960158	4.318578
7960165	5.68476
7960172	2.807009
7960177	6.146183
7960201	5.822051
7960221	8.054655
7960253	7.012065
7960259	3.038273
7960261	7.026035
7960280	7.207876
7960283	6.294192
7960320	5.002184
7960331	5.605157
7960338	7.307149
7960340	4.595343
7960355	4.296439
7960357	6.982195
7960362	6.097297
7960365	5.522322
7960370	5.941427
7960381	5.45863
7960383	5.621663
7960397	5.579556
7960407	6.547057
7960411	5.97636
7960427	4.140411
7960434	4.128098
7960436	4.350008
7960438	4.569584
7960464	5.143158
7960512	7.40292
7960514	4.595036
7960516	6.367642
7960518	10.14793
7960529	8.434833
7960544	8.747359
7960553	7.804231
7960559	5.34618
7960575	7.540397
7960594	8.944569
7960635	6.590526
7960637	6.941281
7960642	5.408028
7960654	6.923095
7960666	7.138541
7960682	6.035369
7960689	8.997263
7960700	3.418437
7960702	5.202767
7960709	7.193619
7960716	7.677299
7960728	8.113878
7960730	9.640104
7960744	6.383389
7960757	7.016927
7960764	6.427718
7960771	6.47808
7960794	8.6588
7960813	2.186357
7960815	2.407104
7960817	1.871294
7960819	5.785851
7960821	3.716988
7960828	3.757447
7960832	5.501267
7960848	2.10512
7960850	9.183592
7960861	3.148994
7960863	6.189518
7960865	12.38104
7960874	10.64024
7960878	6.642017
7960881	5.245163
7960889	6.596031
7960894	8.157911
7960896	7.108389
7960898	6.808095
7960900	9.746006
7960910	4.255122
7960919	4.33175
7960933	10.07564
7960942	3.754909
7960947	7.168114
7960984	4.619983
7961022	9.75692
7961024	2.667579
7961026	2.778466
7961031	6.304952
7961059	5.318048
7961067	4.472446
7961069	3.193309
7961075	10.01493
7961083	7.390433
7961091	3.31619
7961097	5.284338
7961102	4.404206
7961111	4.463548
7961120	9.291872
7961142	10.22433
7961151	4.392835
7961166	3.708244
7961173	4.214506
7961175	2.702389
7961182	3.214367
7961187	3.381154
7961198	3.548902
7961208	6.073309
7961215	6.953462
7961230	9.59839
7961239	2.393689
7961243	2.648988
7961245	2.804848
7961249	3.144406
7961252	6.210001
7961259	5.265505
7961269	4.337402
7961275	3.965935
7961279	4.294466
7961281	3.287253
7961285	4.278574
7961287	4.062879
7961291	4.62588
7961293	2.858422
7961295	2.752525
7961298	3.677536
7961300	6.916145
7961306	6.215022
7961320	6.256395
7961339	6.338173
7961363	6.149218
7961365	6.783867
7961371	8.653226
7961381	3.499179
7961386	5.574582
7961390	6.5146
7961399	4.680378
7961413	7.017589
7961418	4.993611
7961420	2.656285
7961422	4.28882
7961438	5.017385
7961440	9.883356
7961453	6.632895
7961455	3.431096
7961483	7.813041
7961489	6.142049
7961503	2.922277
7961507	3.697801
7961514	3.25824
7961524	6.499311
7961532	11.40839
7961540	4.116858
7961546	7.259236
7961569	4.742258
7961571	3.913045
7961580	4.573071
7961593	2.921753
7961595	3.258814
7961602	3.807412
7961604	3.070081
7961622	4.899687
7961624	2.578424
7961626	3.287533
7961652	4.793632
7961654	6.093108
7961673	6.255817
7961693	8.342505
7961702	4.349974
7961710	3.908331
7961755	3.665176
7961757	5.01623
7961767	7.228037
7961798	4.344746
7961820	4.988383
7961829	6.862607
7961844	2.99149
7961865	8.417727
7961873	2.632605
7961875	2.761465
7961887	7.554183
7961889	5.335721
7961891	7.070591
7961900	8.50623
7961960	6.42271
7961962	4.718807
7961964	5.717518
7961983	7.392218
7961998	5.874168
7962000	3.963561
7962013	6.912111
7962029	4.080471
7962058	5.663853
7962083	6.347206
7962085	6.415197
7962112	5.363121
7962137	3.060038
7962139	3.957123
7962146	4.736567
7962151	4.161021
7962183	7.615993
7962185	7.94078
7962194	12.09689
7962197	3.440582
7962199	2.075276
7962201	2.604386
7962203	5.570001
7962212	6.53295
7962226	4.915137
7962236	2.912563
7962238	4.030544
7962240	6.967412
7962242	3.663951
7962246	4.492635
7962248	2.895271
7962250	5.145835
7962274	5.560297
7962312	3.878808
7962325	4.668798
7962327	5.365571
7962341	2.950442
7962343	2.772196
7962345	2.438736
7962347	1.966782
7962349	6.115912
7962358	6.414496
7962367	6.163589
7962375	5.676612
7962384	3.709931
7962427	5.345564
7962441	8.994308
7962455	4.368115
7962479	3.440871
7962481	3.336221
7962487	3.158075
7962489	6.207444
7962499	7.367056
7962516	8.226115
7962537	10.28362
7962557	4.914954
7962559	5.004056
7962579	6.482101
7962588	3.913789
7962590	5.606846
7962608	5.279105
7962623	6.303813
7962625	6.546475
7962659	7.582874
7962689	7.895757
7962703	6.622342
7962760	6.327677
7962783	6.416862
7962792	4.138919
7962794	7.268488
7962804	3.187424
7962811	6.370015
7962827	3.120738
7962829	4.197645
7962831	9.127709
7962842	7.03873
7962869	7.703781
7962884	8.43004
7962893	6.05818
7962895	6.770474
7962904	9.348349
7962916	2.728525
7962918	6.324719
7962930	5.757474
7962935	8.43513
7962951	7.260679
7963009	5.306856
7963020	5.710251
7963024	7.915489
7963046	9.175272
7963052	5.135445
7963054	8.328049
7963061	6.66223
7963064	6.575614
7963084	5.034533
7963092	7.116672
7963121	6.343164
7963134	5.706021
7963137	6.874705
7963139	6.090446
7963142	5.739367
7963157	6.396009
7963174	7.078934
7963187	8.219777
7963201	2.158598
7963203	3.309698
7963206	4.816651
7963208	3.021855
7963210	4.331294
7963212	8.428154
7963233	3.973301
7963235	7.278274
7963244	6.99682
7963261	5.972755
7963263	4.01657
7963265	6.252408
7963280	8.837904
7963289	8.644891
7963304	5.539503
7963313	6.265792
7963328	4.607943
7963333	8.410564
7963348	5.733048
7963353	5.414536
7963359	6.11125
7963366	4.905798
7963375	5.909944
7963386	5.353124
7963396	3.888739
7963406	8.461582
7963410	10.6645
7963421	9.906558
7963427	6.608726
7963438	5.777804
7963448	5.000365
7963459	4.780027
7963471	4.378512
7963479	4.428384
7963491	4.651818
7963502	5.885782
7963513	4.340246
7963523	5.089321
7963534	10.17546
7963545	6.183426
7963555	11.25515
7963567	10.31053
7963575	5.050477
7963577	7.21953
7963588	2.56266
7963590	7.931678
7963614	6.926211
7963631	7.61197
7963646	6.865923
7963664	6.121805
7963670	5.203907
7963689	5.797097
7963696	5.251156
7963698	6.482909
7963713	7.574872
7963721	8.3857
7963739	4.459103
7963741	6.301604
7963750	6.634391
7963758	2.472485
7963760	6.631676
7963768	2.456383
7963770	10.79165
7963774	6.847927
7963786	9.178583
7963817	3.514161
7963826	6.09034
7963837	5.323693
7963845	4.992465
7963851	3.809853
7963863	3.40147
7963865	3.12939
7963869	6.80428
7963878	2.176002
7963880	5.103443
7963911	10.1992
7963923	5.45204
7963935	6.328084
7963946	6.030772
7963965	6.679864
7963970	4.774848
7963986	6.374054
7963988	7.928559
7964021	6.946862
7964033	6.465156
7964064	8.585598
7964076	7.026887
7964089	6.59185
7964119	8.679568
7964142	4.07318
7964145	5.319416
7964177	4.880886
7964183	4.968113
7964203	7.792319
7964234	10.383
7964246	5.863708
7964248	4.47127
7964250	9.681575
7964260	6.602851
7964262	8.842034
7964271	4.610647
7964285	6.027066
7964292	4.845493
7964300	5.8528
7964303	4.767865
7964316	5.342744
7964347	6.370167
7964360	9.475471
7964388	6.736138
7964400	5.47876
7964413	7.063693
7964436	7.36648
7964460	10.553
7964466	6.939
7964484	5.420589
7964499	6.122693
7964522	6.679507
7964535	5.300294
7964548	5.45547
7964555	6.591388
7964575	5.589544
7964577	5.567958
7964579	8.862395
7964592	3.295908
7964594	2.634482
7964602	4.953021
7964625	2.111944
7964627	2.041362
7964629	3.152384
7964631	5.978006
7964640	3.772737
7964642	6.546459
7964646	6.633719
7964658	6.306084
7964660	4.271393
7964665	4.007885
7964675	4.83584
7964677	5.187591
7964687	4.775922
7964699	2.643807
7964701	9.802522
7964718	5.132507
7964722	4.454704
7964733	2.902655
7964736	5.719259
7964739	7.653787
7964745	8.952248
7964757	6.655852
7964759	4.970012
7964785	2.905546
7964787	4.452351
7964795	2.676648
7964803	4.105618
7964810	4.8157
7964828	7.213825
7964830	6.02273
7964832	4.940518
7964834	7.776091
7964846	4.572413
7964852	2.976914
7964868	2.64775
7964872	4.078521
7964907	5.726162
7964927	3.542348
7964937	9.060097
7964976	5.979697
7964979	2.277786
7964981	2.302205
7964983	4.125339
7964985	4.628092
7964987	4.645826
7964997	3.472137
7965022	6.166442
7965036	5.67402
7965038	5.09421
7965040	11.10348
7965048	8.80146
7965060	4.655857
7965064	9.272053
7965090	6.238914
7965094	5.430794
7965108	3.180283
7965110	3.917763
7965112	7.339276
7965123	8.424855
7965150	4.941038
7965152	3.83942
7965154	4.389331
7965156	5.977886
7965166	3.68864
7965200	5.45321
7965206	3.159976
7965226	4.027674
7965231	3.006213
7965245	4.7027
7965249	3.352494
7965264	4.063564
7965322	4.411683
7965335	9.155654
7965343	6.886569
7965357	8.349667
7965359	11.00846
7965384	4.054901
7965390	3.202255
7965398	3.553129
7965403	2.615919
7965410	3.509957
7965423	11.41098
7965429	3.786617
7965431	4.359743
7965436	5.909183
7965467	10.10184
7965469	2.733031
7965471	7.00375
7965478	7.86776
7965480	8.644814
7965484	5.952147
7965486	4.07319
7965508	5.073963
7965510	8.118388
7965515	7.132492
7965523	4.654082
7965541	7.133988
7965565	3.082063
7965573	9.257701
7965587	2.506918
7965589	2.791541
7965606	7.612525
7965627	9.128496
7965652	6.35711
7965671	3.812303
7965673	5.415593
7965675	6.79462
7965677	2.912899
7965679	4.038557
7965681	5.286162
7965686	3.584979
7965721	5.765576
7965723	7.373169
7965746	5.64134
7965760	2.397612
7965767	2.144539
7965769	4.227335
7965787	2.366117
7965789	6.872022
7965800	3.212299
7965812	7.376441
7965840	3.250012
7965846	5.854993
7965855	5.876371
7965867	2.371602
7965873	3.428669
7965884	3.593681
7965900	4.024744
7965916	2.21095
7965918	5.736987
7965935	2.997953
7965941	3.512091
7965956	5.726881
7965964	6.226135
7965976	5.893934
7965979	3.905342
7966003	7.701486
7966026	4.569232
7966035	7.83436
7966046	5.328542
7966052	7.637913
7966068	3.838197
7966070	2.397641
7966072	7.641258
7966089	5.592555
7966098	7.181829
7966122	5.977362
7966127	7.92927
7966135	9.75317
7966148	2.278111
7966150	5.391676
7966172	4.294265
7966181	2.508592
7966183	5.352954
7966189	6.044614
7966202	6.927575
7966213	5.183659
7966223	5.006063
7966225	3.129136
7966227	3.068784
7966229	3.491426
7966234	6.328811
7966257	6.232672
7966259	8.199949
7966266	5.682343
7966268	8.156786
7966293	5.890292
7966301	6.873914
7966315	10.90629
7966321	6.315687
7966332	7.200955
7966343	6.461799
7966345	8.602788
7966356	7.292069
7966368	9.256003
7966379	3.749304
7966389	7.100986
7966397	8.368036
7966427	7.36937
7966441	3.369475
7966448	6.967263
7966462	6.082978
7966488	6.794014
7966517	7.473017
7966534	9.623919
7966542	6.369461
7966568	2.601331
7966570	6.927158
7966594	2.331268
7966596	5.868727
7966600	7.411387
7966621	6.329369
7966631	5.054181
7966638	6.779716
7966666	7.643992
7966668	5.441399
7966686	3.873941
7966688	2.108139
7966690	7.421088
7966706	9.586971
7966738	7.682845
7966746	7.337567
7966749	6.363961
7966760	6.755299
7966779	4.812893
7966810	5.443408
7966829	8.52246
7966839	6.650197
7966851	8.419679
7966876	5.199992
7966878	5.142447
7966929	8.1034
7966938	7.53703
7966996	8.660387
7967002	8.280949
7967021	6.52087
7967025	7.522091
7967028	5.477897
7967030	6.298515
7967032	5.492437
7967034	5.105579
7967039	5.970009
7967056	6.180231
7967060	8.438148
7967067	4.798865
7967072	5.929704
7967082	2.705081
7967084	4.521214
7967089	5.128113
7967091	7.690852
7967107	4.760924
7967109	6.190392
7967117	7.090436
7967127	8.583758
7967149	6.544611
7967175	5.74129
7967193	5.493235
7967202	7.265488
7967210	5.988855
7967212	5.166138
7967226	4.307156
7967230	7.065591
7967240	6.790214
7967255	8.237495
7967287	6.429125
7967304	9.039883
7967318	13.03347
7967322	12.74419
7967325	5.336952
7967331	9.388097
7967337	4.657221
7967358	5.345743
7967386	5.072309
7967412	7.830397
7967418	4.214265
7967420	8.345472
7967452	5.878094
7967454	6.526243
7967456	10.07855
7967463	5.079512
7967473	7.167021
7967486	5.159899
7967493	7.375253
7967544	6.897179
7967563	13.80766
7967586	5.655419
7967588	6.640196
7967620	11.89192
7967622	4.747515
7967624	9.541672
7967636	7.026834
7967641	5.442293
7967654	2.388124
7967656	4.24035
7967658	4.943159
7967660	5.190704
7967685	4.500196
7967700	5.155643
7967702	4.834385
7967705	5.471123
7967707	5.611392
7967709	6.740967
7967711	6.266481
7967727	5.15648
7967736	5.998759
7967789	6.866261
7967792	5.666609
7967794	8.737622
7967810	7.497076
7967841	8.244142
7967863	4.139161
7967868	2.242762
7967870	4.562793
7967872	6.132458
7967874	4.608127
7967876	3.812511
7967879	7.099955
7967881	7.140063
7967896	3.337574
7967898	5.596873
7967900	8.285406
7967933	5.093181
7967969	7.499579
7967976	8.991815
7967987	6.115242
7967993	3.056947
7968000	4.020859
7968002	2.144936
7968004	4.229683
7968015	5.687724
7968029	4.102261
7968035	7.408549
7968052	2.856049
7968056	3.774934
7968062	4.44773
7968085	2.281205
7968126	9.223687
7968128	6.86778
7968132	9.378749
7968154	4.447088
7968195	2.631612
7968197	3.138066
7968199	7.118777
7968212	5.330211
7968226	8.577006
7968232	4.15611
7968234	5.651224
7968236	5.842705
7968242	6.16119
7968254	6.519626
7968260	6.893762
7968265	6.023379
7968270	7.183618
7968272	7.271308
7968274	9.049006
7968295	4.002404
7968297	7.774055
7968307	5.104776
7968323	4.765297
7968329	4.149949
7968331	8.420641
7968333	7.456194
7968344	10.9567
7968351	4.092294
7968361	2.665992
7968370	4.120677
7968389	2.511263
7968411	6.76303
7968417	8.19838
7968484	4.304644
7968514	3.679875
7968516	7.135809
7968556	4.66743
7968563	5.77727
7968577	5.151333
7968630	4.003032
7968632	3.627311
7968637	4.666623
7968650	6.183656
7968653	4.819273
7968658	5.117064
7968670	7.711722
7968678	4.947446
7968703	6.304785
7968711	6.701941
7968732	2.175868
7968734	4.560807
7968746	4.902413
7968759	5.825987
7968761	5.521695
7968787	7.064511
7968789	6.939804
7968796	4.625716
7968798	4.519188
7968800	7.54657
7968835	6.424163
7968851	4.989912
7968866	3.367442
7968872	5.317346
7968883	6.259112
7968890	6.637765
7968892	4.889874
7968898	6.749274
7968915	5.978637
7968926	4.781435
7968928	7.121487
7968931	6.998221
7968957	4.120029
7968962	2.967767
7968970	2.729493
7968972	7.331398
7968976	5.997006
7968999	5.525004
7969003	11.43843
7969017	8.15704
7969048	8.723234
7969050	3.767352
7969058	5.99429
7969060	8.119964
7969091	4.816416
7969093	5.626605
7969096	6.206498
7969114	6.508767
7969129	7.346685
7969143	6.842949
7969145	6.711276
7969151	3.211582
7969153	6.398224
7969166	5.02018
7969171	4.837978
7969177	6.586034
7969179	5.835438
7969192	4.805147
7969202	4.517956
7969204	7.176282
7969222	5.241058
7969228	6.150101
7969241	6.044943
7969243	5.062885
7969256	4.469771
7969263	3.688155
7969271	6.65491
7969286	5.021401
7969288	8.966368
7969298	5.234047
7969300	5.829002
7969306	5.829002
7969312	5.829002
7969318	5.829002
7969324	5.829002
7969330	5.233974
7969339	4.631824
7969341	5.616799
7969358	4.387558
7969360	2.589361
7969364	3.967492
7969366	2.375581
7969368	7.017786
7969370	6.395698
7969372	5.783477
7969374	4.752614
7969390	5.265616
7969414	9.076446
7969424	2.57228
7969426	2.907494
7969428	7.508282
7969438	10.31497
7969472	7.72351
7969477	5.455085
7969479	4.967531
7969482	5.065018
7969488	5.691844
7969493	10.47738
7969531	5.497269
7969533	6.42133
7969544	8.289848
7969559	8.945097
7969563	2.04913
7969565	2.70991
7969567	2.50671
7969569	5.353291
7969574	10.76117
7969576	6.231402
7969596	4.299479
7969609	3.615896
7969611	3.931834
7969613	4.51398
7969626	5.390552
7969638	3.098891
7969640	4.132481
7969651	8.338293
7969665	6.187553
7969671	6.757608
7969675	3.591989
7969677	7.937781
7969693	6.842928
7969701	2.841962
7969703	6.574236
7969736	6.720984
7969770	2.728779
7969772	7.540014
7969774	2.951723
7969776	7.674609
7969792	13.25293
7969794	4.637471
7969796	9.519045
7969815	4.467025
7969828	4.446539
7969830	6.486086
7969835	5.932425
7969861	5.928646
7969879	3.244823
7969881	7.652823
7969914	2.583884
7969916	4.572052
7969933	6.88657
7969935	7.72311
7969955	4.506976
7969959	3.203626
7969975	5.340949
7969977	5.345379
7969979	7.697508
7969986	7.823662
7969995	5.18082
7970031	5.005831
7970033	6.543588
7970082	5.785707
7970084	6.726417
7970096	7.391035
7970111	7.358252
7970139	5.619568
7970146	6.002951
7970150	2.866729
7970158	4.174718
7970162	7.86831
7970194	6.234267
7970232	6.289596
7970241	6.00158
7970251	4.678476
7970262	6.961448
7970287	9.10064
7970301	7.30971
7970317	8.286262
7970325	5.98569
7970329	5.999238
7970347	6.307151
7970370	7.764891
7970376	5.062435
7970381	4.811137
7970388	5.286285
7970390	3.006532
7970392	6.783824
7970395	7.049407
7970404	3.406929
7970413	8.197571
7970428	5.558904
7970439	6.406302
7970441	6.759348
7970448	5.532451
7970455	6.13759
7970467	4.840553
7970473	5.633558
7970498	7.954226
7970507	5.645436
7970509	2.561799
7970511	2.835532
7970513	4.279229
7970524	8.249933
7970542	4.64936
7970546	6.944985
7970563	2.391365
7970565	8.862418
7970567	2.928898
7970569	4.302083
7970577	5.30296
7970595	3.802095
7970597	6.131926
7970602	8.467703
7970622	2.245792
7970624	5.041062
7970648	5.91402
7970655	8.063201
7970672	4.563511
7970676	6.714422
7970681	6.17054
7970691	5.742939
7970696	7.890577
7970702	2.659642
7970704	6.35836
7970716	8.408367
7970727	6.529469
7970732	5.371357
7970735	6.97379
7970737	4.472579
7970763	5.335543
7970793	5.295255
7970804	5.189742
7970806	5.425235
7970810	6.966585
7970828	5.464868
7970831	8.586408
7970840	4.268032
7970842	9.948291
7970844	3.748505
7970858	7.32918
7970864	11.3749
7970887	2.897439
7970892	5.435724
7970905	3.815313
7970907	8.80525
7970922	2.285441
7970924	5.059366
7970947	2.516272
7970949	4.853229
7970954	4.020428
7970973	5.463013
7970975	4.68485
7970989	4.697847
7970999	7.637643
7971013	5.034333
7971015	5.116479
7971027	5.209903
7971039	7.342441
7971071	6.25437
7971075	4.171388
7971077	2.888916
7971104	3.488293
7971122	4.680607
7971126	4.007065
7971134	6.337614
7971150	5.9891
7971159	4.093654
7971161	2.761962
7971163	8.963995
7971165	4.732066
7971167	4.040585
7971177	7.806834
7971184	6.028261
7971191	4.63892
7971197	10.41969
7971208	6.493059
7971216	4.946198
7971218	6.46555
7971222	5.488338
7971239	4.414949
7971241	7.085357
7971243	5.88107
7971246	5.764822
7971294	4.69917
7971296	6.312379
7971311	4.211109
7971335	4.071947
7971345	5.056267
7971350	6.791855
7971359	2.888221
7971361	7.004073
7971367	2.406906
7971369	4.940003
7971373	9.987324
7971375	10.74278
7971386	8.254017
7971388	5.218771
7971400	3.730424
7971415	2.35632
7971417	3.100051
7971419	5.649104
7971422	6.81815
7971444	3.305576
7971461	12.72489
7971482	10.21269
7971484	2.246125
7971486	10.12869
7971513	5.460971
7971526	2.958886
7971535	3.594757
7971537	3.901804
7971539	6.088866
7971541	7.327947
7971550	6.747465
7971561	3.717085
7971563	7.994648
7971565	6.73909
7971573	6.929718
7971590	7.244207
7971602	6.693629
7971615	7.017418
7971620	6.492888
7971642	2.938117
7971644	5.959204
7971653	6.800776
7971659	4.313347
7971661	6.535482
7971663	6.849566
7971669	4.363546
7971671	4.428526
7971690	3.319033
7971692	8.851323
7971711	4.67357
7971713	7.257349
7971723	7.190934
7971727	2.641826
7971731	5.242524
7971757	4.107148
7971780	4.953
7971800	4.965012
7971813	5.398103
7971820	7.171866
7971838	3.853306
7971850	5.509447
7971858	8.487642
7971860	4.839398
7971862	6.630394
7971864	5.759881
7971866	2.875344
7971901	2.254115
7971905	5.12414
7971911	3.431117
7971913	4.000506
7971915	5.995153
7971920	11.28252
7971922	3.270777
7971931	2.702911
7971933	2.6215
7971935	2.14836
7971937	4.112694
7971950	4.810549
7971965	4.541289
7971967	7.393909
7971996	4.010974
7971998	7.485989
7972001	4.425912
7972003	4.827603
7972016	2.708078
7972018	3.086304
7972021	6.365637
7972044	5.646986
7972053	2.919013
7972055	7.630416
7972062	8.725351
7972069	7.668176
7972157	3.738992
7972173	4.859352
7972175	3.268538
7972177	5.233513
7972180	5.747468
7972190	6.645212
7972215	5.00872
7972217	4.354762
7972223	2.491591
7972225	2.948893
7972229	2.290768
7972231	3.913346
7972237	2.922271
7972239	3.844078
7972247	4.966618
7972251	3.671769
7972253	5.240093
7972255	2.505254
7972257	4.158186
7972259	3.855602
7972269	5.04577
7972287	3.017818
7972289	2.958086
7972291	5.134915
7972297	5.726487
7972334	2.788424
7972336	4.504843
7972365	2.020173
7972367	2.18356
7972369	5.353578
7972416	4.06261
7972418	2.147336
7972420	3.430553
7972426	6.119756
7972428	4.275186
7972438	6.229087
7972442	5.805675
7972444	9.078947
7972461	7.378081
7972487	8.941796
7972546	4.669819
7972548	4.476874
7972557	7.400607
7972561	4.610078
7972563	2.119902
7972565	2.389373
7972567	6.212593
7972570	6.069995
7972577	8.911034
7972579	6.344091
7972601	4.01219
7972650	3.441003
7972661	3.974668
7972663	6.153542
7972665	2.872765
7972670	3.670841
7972672	3.513392
7972674	3.783115
7972682	3.574862
7972692	4.76926
7972699	4.130978
7972709	2.927431
7972711	6.465757
7972713	6.611509
7972723	9.145232
7972733	4.598368
7972735	2.543906
7972737	7.02184
7972743	4.004138
7972745	8.15669
7972750	5.284118
7972803	2.592881
7972805	6.819249
7972808	6.165435
7972810	7.058174
7972826	5.526589
7972828	7.817902
7972840	6.411431
7972867	6.137877
7972888	5.903879
7972890	7.755556
7972899	6.266915
7972902	5.386401
7972912	6.349185
7972921	5.769344
7972923	5.400308
7972932	4.327847
7972936	5.206847
7972946	6.992058
7972973	6.778719
7972977	6.77796
7972979	2.291361
7972981	3.871057
7972983	4.265972
7973002	5.501943
7973004	2.915874
7973006	3.658759
7973008	3.19358
7973010	5.172984
7973012	3.926738
7973014	2.749137
7973016	3.482749
7973018	3.370292
7973020	4.378475
7973022	3.994582
7973024	3.639601
7973026	4.274675
7973028	3.175489
7973030	3.912844
7973032	4.165542
7973034	2.749392
7973036	5.539091
7973054	9.484165
7973056	7.618289
7973067	11.27952
7973078	3.524159
7973080	5.582337
7973082	2.869746
7973084	5.475396
7973093	2.992829
7973098	3.291901
7973101	6.484813
7973105	6.684468
7973108	5.617377
7973110	5.001482
7973114	5.188312
7973116	6.542538
7973135	4.718823
7973142	4.927368
7973149	9.349073
7973156	4.809456
7973158	6.438129
7973182	3.661535
7973185	3.857455
7973214	8.042836
7973221	5.126365
7973296	4.09866
7973298	4.173808
7973303	4.494414
7973306	7.64763
7973314	8.228254
7973327	6.054173
7973336	7.623071
7973350	2.570571
7973352	9.700329
7973363	6.56925
7973369	3.841367
7973371	6.797574
7973377	6.319051
7973384	8.486125
7973393	5.824764
7973403	5.173381
7973414	5.673785
7973427	4.891334
7973433	8.758903
7973444	4.885933
7973446	3.644774
7973448	6.315082
7973458	6.370133
7973468	5.727497
7973510	5.235421
7973530	6.294586
7973545	8.64939
7973564	8.927391
7973580	6.957913
7973584	7.136682
7973611	5.861563
7973613	5.940202
7973618	9.155431
7973629	7.776287
7973652	5.643893
7973660	8.672114
7973679	6.241778
7973694	5.825443
7973702	6.09175
7973709	6.08504
7973724	6.448303
7973727	6.430002
7973732	7.319844
7973743	4.493076
7973745	5.974625
7973752	3.173969
7973754	2.121602
7973756	5.169334
7973770	6.424317
7973797	4.350342
7973813	5.163437
7973820	2.061701
7973826	5.092645
7973838	2.089891
7973840	7.847804
7973850	3.940037
7973867	8.447892
7973869	2.405967
7973871	11.01732
7973873	3.682846
7973875	3.862154
7973894	4.412948
7973896	11.05346
7973898	6.749053
7973900	3.206804
7973902	10.05063
7973918	7.775809
7973924	6.093365
7973936	8.480505
7973943	5.325843
7973946	4.081665
7973948	4.280531
7973962	4.492571
7973966	6.271733
7973968	3.737961
7973970	4.982471
7973972	5.614467
7973974	8.499775
7973983	3.431189
7973985	4.665323
7974008	5.064336
7974027	3.736045
7974029	2.966629
7974047	4.574458
7974052	2.358378
7974054	4.087133
7974066	9.014836
7974080	3.993759
7974090	6.624212
7974109	3.696774
7974117	4.396718
7974125	6.094619
7974146	6.23527
7974164	3.488293
7974166	4.116818
7974190	6.483762
7974192	2.69749
7974194	5.204068
7974198	5.062878
7974207	6.696742
7974212	4.831429
7974214	3.825011
7974229	7.845209
7974245	3.426677
7974247	2.533516
7974249	9.39745
7974253	6.811496
7974255	6.943856
7974257	5.402552
7974270	5.769059
7974288	4.425828
7974303	8.049412
7974314	4.489953
7974316	5.505928
7974337	3.070269
7974339	5.63112
7974341	9.016752
7974352	7.282076
7974363	4.946998
7974366	8.347525
7974372	4.485219
7974380	7.901272
7974387	7.105703
7974402	3.523191
7974404	2.686748
7974418	4.402538
7974425	6.127469
7974445	3.718125
7974447	5.48784
7974455	9.082541
7974461	9.37158
7974471	4.448545
7974473	9.553449
7974479	7.527762
7974481	9.482248
7974483	7.574507
7974531	5.519759
7974533	7.789462
7974542	6.471016
7974562	2.918435
7974564	3.121027
7974566	6.501435
7974576	7.147773
7974585	5.326947
7974587	7.512048
7974603	7.179143
7974617	4.176973
7974619	3.908367
7974621	7.010376
7974647	4.518626
7974653	5.570279
7974687	1.720288
7974689	5.153255
7974695	4.372414
7974697	6.471821
7974725	7.707428
7974737	3.124776
7974771	6.168379
7974781	7.257307
7974793	6.776847
7974799	5.83145
7974811	2.331278
7974814	3.31021
7974816	6.131876
7974835	9.188416
7974851	11.23185
7974870	10.05409
7974882	5.06616
7974895	2.77995
7974900	5.154388
7974902	4.07404
7974912	2.087987
7974914	5.572318
7974916	4.160367
7974920	7.94011
7975045	6.532274
7975066	3.038568
7975068	7.182014
7975076	8.483258
7975081	5.247333
7975095	6.2524
7975113	7.498216
7975121	5.870548
7975136	5.967202
7975154	2.911605
7975167	5.316922
7975191	3.694439
7975203	7.520757
7975222	2.451571
7975224	6.959156
7975238	5.824535
7975268	7.77661
7975282	2.779641
7975284	5.125382
7975292	5.96082
7975309	3.991877
7975311	6.631895
7975324	5.469769
7975344	7.527594
7975354	4.678521
7975361	10.58733
7975368	11.6637
7975386	5.576096
7975390	5.871138
7975406	3.58206
7975408	2.031705
7975410	6.499965
7975412	9.253798
7975416	9.566382
7975453	7.120029
7975455	8.489173
7975457	9.239563
7975459	9.210691
7975482	4.882794
7975506	5.782113
7975521	8.616449
7975545	10.47487
7975562	5.318057
7975595	6.517253
7975598	6.725502
7975602	6.766382
7975607	5.986629
7975613	4.399954
7975616	3.285509
7975626	4.837983
7975630	2.322799
7975632	5.415216
7975645	7.369733
7975661	6.073077
7975676	4.227081
7975687	5.660879
7975694	3.98941
7975696	6.06472
7975702	5.095598
7975705	7.162511
7975713	6.675575
7975725	6.903479
7975747	7.356792
7975760	6.7005
7975770	2.891567
7975772	5.479477
7975779	11.91276
7975787	7.8334
7975793	7.079232
7975799	6.984113
7975813	3.72771
7975815	7.028724
7975851	4.607076
7975863	8.203253
7975876	4.47085
7975889	6.61281
7975901	4.492951
7975924	5.575146
7975926	6.480115
7975932	4.353196
7975956	5.300416
7975971	4.231224
7975976	8.390522
7975987	7.179149
7975989	8.015682
7975995	5.280551
7976000	5.697647
7976012	4.750962
7976037	3.687178
7976053	3.970361
7976055	4.077913
7976057	2.671108
7976059	3.558323
7976061	2.9323
7976063	2.188709
7976065	4.911736
7976067	2.292887
7976069	5.579068
7976073	3.301937
7976080	9.436132
7976084	3.958013
7976101	5.905574
7976126	2.498553
7976128	4.689396
7976146	1.927533
7976148	4.536531
7976152	2.223261
7976154	5.214766
7976156	4.158415
7976158	7.712028
7976160	5.645474
7976182	5.790951
7976187	2.708827
7976189	7.805726
7976200	8.631733
7976216	8.174497
7976239	5.823486
7976241	5.298611
7976243	8.042267
7976261	2.248452
7976263	5.381987
7976292	8.041437
7976307	6.408543
7976322	5.654998
7976333	10.21023
7976336	5.156185
7976350	3.74269
7976402	4.542551
7976407	6.326801
7976412	4.181743
7976425	6.271171
7976436	6.785498
7976443	7.805748
7976451	3.847164
7976481	4.70903
7976488	4.468524
7976496	5.356873
7976506	5.102856
7976512	4.748194
7976515	8.812381
7976523	4.641474
7976544	4.512944
7976552	2.521871
7976554	3.041631
7976556	5.041653
7976560	6.768894
7976567	7.172122
7976571	7.487442
7976578	3.3229
7976598	9.559753
7976621	5.877393
7976635	4.858579
7976642	5.810193
7976646	2.868614
7976648	8.040918
7976667	4.865083
7976669	6.417199
7976681	6.101174
7976698	6.984407
7976724	6.401869
7976726	6.389909
7976744	8.140707
7976755	6.27157
7976766	6.494984
7976778	5.137362
7976783	6.476634
7976795	6.118461
7976804	5.014166
7976806	2.803088
7976808	5.806657
7976810	2.525805
7976812	2.395157
7976814	2.829077
7976816	2.816161
7976818	2.537108
7976826	3.307978
7976828	5.995471
7976830	3.36816
7976832	2.471105
7976834	4.564384
7976836	2.764013
7976838	2.259972
7976840	3.487285
7976842	2.888396
7976844	7.567091
7976846	3.335278
7976848	6.77263
7976850	2.648252
7976852	2.44212
7976854	4.234448
7976856	2.572299
7976858	5.044456
7976863	7.023394
7976874	3.39507
7976876	8.494987
7976957	5.910477
7976967	5.887444
7976976	9.522239
7977003	8.599106
7977016	4.895615
7977018	8.25855
7977033	7.140375
7977046	11.6333
7977058	10.83823
7977075	8.407259
7977077	8.543163
7977103	7.714706
7977105	6.898656
7977117	2.507091
7977119	6.043096
7977125	2.744305
7977127	8.3536
7977149	6.897847
7977161	4.279939
7977201	4.529579
7977203	6.922508
7977214	4.493076
7977216	6.331918
7977234	7.161712
7977241	6.967999
7977249	7.338575
7977270	7.733636
7977273	6.406791
7977288	7.019552
7977294	6.528135
7977296	5.007075
7977299	7.246449
7977319	6.987415
7977331	4.88089
7977340	5.967382
7977344	7.195737
7977371	7.098639
7977373	6.325665
7977397	7.270765
7977409	5.92076
7977418	6.815279
7977432	6.627066
7977435	5.679232
7977438	5.16137
7977440	7.287689
7977445	4.284754
7977447	3.405427
7977450	3.385802
7977452	6.177883
7977454	9.677788
7977456	3.714211
7977472	4.026183
7977474	4.937358
7977476	4.668573
7977478	2.844299
7977480	2.979173
7977482	5.112127
7977497	4.728064
7977507	10.70343
7977511	7.196402
7977567	5.986073
7977571	6.895842
7977584	10.21362
7977592	2.792616
7977596	3.337366
7977598	2.992629
7977606	3.105617
7977609	3.917691
7977611	3.535287
7977613	3.85018
7977615	8.027815
7977621	10.29905
7977642	3.9967
7977646	5.748127
7977653	6.655062
7977655	5.6445
7977657	11.44421
7977674	6.958734
7977693	6.698667
7977732	7.908363
7977734	5.660299
7977736	6.112409
7977749	6.379666
7977761	5.034427
7977767	4.656278
7977771	4.731823
7977773	5.232279
7977775	10.47105
7977780	5.385578
7977782	5.406346
7977784	3.035911
7977786	7.950788
7977801	2.86137
7977803	8.756354
7977820	7.796043
7977841	7.831469
7977854	5.793182
7977868	5.96032
7977879	6.912678
7977888	6.252784
7977906	7.486574
7977928	6.322494
7977933	6.462646
7977951	3.399342
7977953	2.240193
7977955	7.212512
7977965	7.084248
7977978	6.486749
7977987	4.929414
7978019	2.610816
7978021	4.897252
7978054	6.633143
7978056	5.480305
7978059	5.646036
7978064	5.992138
7978066	7.847079
7978093	6.277531
7978103	4.235927
7978107	5.758648
7978114	5.578458
7978123	7.929976
7978132	6.16252
7978166	8.290526
7978174	7.14057
7978187	5.506529
7978192	5.355534
7978201	8.427959
7978208	9.486619
7978222	6.749989
7978239	6.624767
7978260	7.306973
7978272	5.239282
7978285	6.149411
7978312	6.266057
7978329	2.053538
7978331	5.482822
7978335	6.101828
7978343	4.235581
7978351	4.853084
7978360	5.755164
7978366	7.450973
7978376	4.92839
7978389	6.014976
7978391	3.474808
7978401	3.254232
7978403	2.237854
7978405	3.035133
7978407	3.960571
7978428	7.678713
7978449	9.177237
7978492	7.150308
7978527	5.306528
7978534	3.214029
7978536	2.729725
7978538	5.575702
7978542	6.892036
7978544	8.58677
7978553	6.391783
7978558	6.602881
7978568	11.05346
7978570	8.527691
7978586	6.486076
7978595	10.14615
7978626	3.022975
7978628	6.582743
7978644	13.49434
7978653	8.370998
7978662	7.492484
7978664	5.018943
7978666	5.988769
7978676	4.258652
7978686	5.960361
7978690	4.893894
7978692	3.526512
7978704	3.099107
7978706	7.469422
7978710	4.728585
7978712	5.407332
7978718	7.067666
7978739	7.739109
7978748	6.368618
7978754	9.429875
7978756	3.019042
7978760	7.665936
7978766	5.280182
7978776	4.710514
7978793	2.409868
7978795	6.659103
7978801	4.424187
7978822	2.332413
7978824	4.692098
7978831	6.777026
7978833	8.993877
7978838	5.23771
7978846	3.554594
7978866	7.261193
7978905	14.18374
7978911	4.98694
7978917	5.804917
7978923	6.427217
7978932	8.914949
7978956	5.699649
7978970	4.293427
7978997	7.297371
7979031	4.168141
7979033	7.274439
7979042	4.126386
7979044	7.83939
7979085	9.925181
7979108	5.016246
7979125	3.056288
7979127	8.774405
7979129	3.097087
7979133	4.411696
7979158	5.856285
7979179	12.19669
7979196	5.533624
7979204	3.998471
7979223	6.419168
7979241	4.600505
7979250	6.857447
7979260	7.24281
7979269	9.820308
7979281	4.190115
7979307	3.549726
7979328	6.413221
7979341	3.43113
7979351	5.552843
7979355	6.611305
7979357	5.665547
7979365	4.662777
7979367	6.86746
7979378	4.04362
7979387	4.527411
7979398	3.875482
7979400	4.541702
7979412	7.270667
7979414	2.875422
7979416	3.730743
7979426	6.343479
7979437	5.545006
7979444	2.681252
7979455	6.177449
7979473	8.050383
7979483	2.303797
7979505	5.38792
7979510	6.354985
7979516	5.927458
7979524	7.674655
7979529	3.569436
7979548	5.85705
7979551	7.800509
7979565	6.303922
7979572	5.160351
7979574	7.184328
7979583	3.894153
7979611	6.514998
7979615	5.451971
7979658	9.161011
7979663	6.10756
7979671	7.298899
7979691	3.658001
7979694	8.05962
7979696	2.287995
7979698	9.916555
7979710	6.21415
7979721	5.052465
7979725	3.386541
7979730	2.071354
7979732	6.02599
7979741	5.946393
7979743	6.92445
7979755	2.431184
7979757	7.203533
7979800	2.344926
7979802	3.325127
7979804	4.2284
7979806	3.045232
7979808	5.217924
7979811	4.864202
7979813	10.64582
7979820	7.954092
7979824	10.21385
7979849	7.920851
7979862	6.83235
7979864	7.425837
7979870	4.899713
7979876	7.45682
7979878	5.09261
7979886	6.403846
7979888	3.55827
7979902	3.920031
7979904	2.79588
7979906	6.989052
7979916	6.258621
7979925	4.786222
7979927	5.924538
7979931	7.450799
7979943	7.669911
7979957	4.431971
7979959	3.461905
7979961	2.839099
7979963	4.992619
7979980	5.988122
7979982	4.940364
7979984	8.081507
7979999	3.955368
7980001	3.993332
7980003	5.376889
7980005	10.36014
7980024	4.186589
7980044	7.011821
7980051	6.859621
7980069	5.661869
7980080	7.482564
7980096	3.245568
7980098	5.996106
7980113	4.088438
7980115	6.412904
7980140	5.642463
7980142	5.204
7980146	9.761368
7980152	6.229554
7980189	8.692295
7980213	4.084906
7980219	5.609805
7980233	6.226308
7980246	5.166771
7980265	4.968885
7980271	7.344806
7980296	8.379094
7980304	4.46613
7980306	4.296092
7980309	7.578205
7980316	5.23801
7980327	6.426145
7980338	7.366203
7980344	5.294408
7980350	3.283222
7980352	6.074233
7980358	5.61801
7980381	6.480453
7980390	5.160819
7980401	2.412005
7980403	5.9731
7980425	6.204464
7980438	7.436691
7980452	5.67842
7980454	4.826756
7980463	7.95471
7980477	4.601148
7980481	3.257713
7980485	4.822638
7980496	5.687559
7980523	9.11972
7980535	8.856726
7980537	4.948059
7980547	8.300797
7980574	3.07995
7980576	2.215344
7980578	2.323896
7980580	8.938974
7980603	3.630272
7980605	4.421563
7980616	5.694106
7980636	4.351256
7980680	7.876107
7980688	2.515556
7980690	5.786295
7980700	4.906417
7980702	5.99671
7980718	3.063246
7980720	6.098783
7980742	5.335437
7980744	7.214593
7980765	5.759413
7980773	6.077102
7980828	6.956994
7980833	7.6598
7980859	6.887245
7980861	6.290964
7980889	6.305333
7980891	9.573393
7980906	5.642973
7980908	5.592845
7980923	6.671178
7980940	7.201296
7980955	6.629965
7980958	9.251321
7980970	7.495101
7980983	9.588825
7980990	6.554335
7980998	6.666462
7981011	5.125953
7981013	5.851766
7981020	4.874286
7981032	7.936003
7981046	6.885629
7981051	5.228332
7981059	4.959579
7981065	5.412078
7981068	10.76654
7981078	6.570632
7981084	4.447513
7981098	4.525675
7981106	6.269258
7981111	8.976127
7981142	6.742775
7981157	5.899358
7981161	5.873736
7981181	6.575062
7981183	4.611947
7981190	3.006455
7981192	6.648496
7981215	6.532593
7981217	5.749428
7981233	5.03574
7981235	5.26179
7981237	3.357236
7981240	4.150894
7981242	5.946925
7981249	6.892281
7981266	6.651128
7981273	5.94734
7981278	8.37302
7981283	7.075126
7981288	3.730372
7981290	9.347392
7981309	5.780299
7981317	7.357622
7981320	6.138493
7981322	4.204318
7981324	2.408738
7981326	7.248386
7981333	10.51447
7981335	12.42445
7981346	5.235329
7981364	5.737139
7981373	3.981024
7981375	2.098031
7981377	6.931151
7981383	8.044715
7981385	4.850654
7981387	7.583133
7981425	6.346615
7981427	7.578413
7981439	6.508968
7981447	5.539755
7981460	7.730611
7981481	6.430522
7981488	7.769686
7981490	6.555837
7981494	8.324038
7981512	7.157296
7981514	6.289548
7981523	5.756288
7981525	7.125427
7981530	9.092184
7981538	6.373884
7981566	6.475188
7981573	6.173244
7981601	5.445605
7981708	5.301214
7981714	6.342113
7981718	4.894486
7981720	6.595607
7981722	8.500729
7981724	6.791123
7981726	2.676031
7981728	5.336361
7981730	7.364204
7981732	5.138487
7981737	7.607878
7981740	6.460739
7981742	6.347921
7981745	4.43406
7981748	2.248395
7981750	5.132646
7981752	5.991957
7981771	6.395559
7981773	5.820275
7981775	6.443215
7981777	5.613809
7981781	3.757228
7981783	2.305064
7981785	2.290009
7981787	4.732279
7981798	5.142833
7981824	8.344459
7981859	5.804255
7981872	8.146525
7981874	6.233749
7981893	6.395559
7981895	5.965683
7981909	6.476012
7981911	5.614241
7981917	6.02048
7981919	6.299559
7981943	4.407835
7981945	3.301212
7981947	4.748641
7981949	5.548283
7981951	5.538451
7981953	8.257804
7981955	5.56572
7981958	6.600526
7981960	3.895864
7981962	6.600526
7981964	7.78925
7981966	8.257804
7981968	2.546391
7981970	3.849315
7981972	3.427872
7981974	2.850553
7981976	7.727054
7981978	9.212357
7981980	2.063277
7981982	8.580401
7981984	2.6594
7981986	8.580401
7981988	7.511161
7981990	3.987689
7981992	1.921047
7981994	3.577293
7981996	7.564919
7981998	4.514454
7982000	3.832102
7982002	3.464207
7982004	3.811621
7982006	4.472511
7982008	3.712974
7982010	2.145448
7982012	2.116725
7982014	2.154108
7982016	4.216239
7982018	3.960402
7982020	3.010201
7982022	1.825635
7982024	4.216239
7982026	1.949598
7982028	4.339797
7982030	4.216239
7982032	3.712974
7982034	2.531498
7982036	2.209889
7982038	3.712974
7982040	2.866406
7982042	2.866406
7982044	2.866406
7982046	3.696309
7982048	2.310233
7982050	4.277228
7982052	2.545148
7982054	3.443938
7982056	3.320038
7982058	4.403806
7982060	2.687304
7982062	2.25492
7982064	4.339797
7982066	3.144835
7982068	2.74271
7982070	4.42135
7982072	2.906286
7982074	2.259086
7982076	2.231545
7982078	4.339797
7982080	2.470463
7982082	2.780789
7982084	5.040362
7982086	2.362017
7982088	2.667138
7982090	4.048376
7982092	4.339797
7982094	3.460522
7982096	2.501448
7982098	4.748641
7982100	3.785342
7982102	5.045317
7982117	3.347026
7982127	4.891499
7982129	10.10184
7982131	5.986916
7982152	6.010629
7982154	7.811473
7982185	6.643528
7982187	5.145439
7982204	9.637536
7982206	5.998985
7982228	8.820981
7982230	5.343471
7982248	4.743441
7982250	8.820981
7982252	4.411924
7982254	4.983811
7982256	6.547979
7982267	8.690594
7982269	4.625846
7982271	4.73385
7982282	9.917727
7982284	7.719758
7982287	4.514328
7982290	5.477793
7982292	2.593544
7982294	4.211154
7982299	5.705921
7982307	9.917727
7982309	4.862453
7982326	7.169673
7982333	4.627162
7982335	4.678304
7982337	3.797109
7982339	5.405233
7982341	6.43569
7982348	6.028811
7982350	6.577522
7982356	9.737763
7982358	3.612966
7982366	4.026832
7982375	3.748056
7982377	5.561179
7982388	2.52504
7982390	2.321933
7982392	4.331314
7982495	3.339282
7982497	5.139353
7982504	6.590958
7982507	8.627255
7982514	5.33398
7982516	4.868974
7982527	2.688718
7982529	8.022945
7982531	9.005722
7982533	3.457627
7982535	5.891295
7982550	4.333681
7982552	3.2465
7982564	5.745528
7982574	4.550968
7982587	6.160217
7982591	2.305064
7982593	3.359493
7982597	9.815815
7982620	5.658394
7982661	3.874969
7982663	4.23842
7982688	5.567764
7982703	5.949119
7982712	4.863499
7982723	6.371411
7982738	5.964403
7982745	6.638321
7982753	5.441389
7982757	4.037381
7982792	3.717869
7982805	6.462654
7982810	7.339432
7982812	6.248008
7982829	9.527599
7982845	9.817316
7982854	6.369511
7982868	9.065935
7982876	4.747974
7982878	10.53716
7982889	4.625927
7982904	6.927598
7982927	5.42622
7982938	6.000972
7982955	2.162329
7982957	6.628854
7982985	6.830897
7983021	6.953431
7983051	5.041579
7983054	6.02489
7983111	9.43495
7983123	5.337485
7983132	4.970634
7983143	4.762737
7983145	4.9004
7983157	7.157181
7983173	8.277689
7983189	2.208548
7983191	4.166977
7983206	5.777321
7983228	5.565534
7983239	7.164467
7983254	2.647444
7983256	7.164467
7983272	2.647444
7983274	10.37524
7983290	7.318413
7983298	6.962057
7983306	4.986016
7983321	8.114143
7983335	7.433301
7983350	7.217775
7983360	12.73444
7983365	7.352237
7983377	1.912924
7983379	3.72665
7983381	2.431376
7983391	2.875642
7983393	8.221024
7983405	10.36813
7983413	6.471299
7983447	4.556279
7983469	5.959662
7983478	11.16345
7983490	7.567873
7983500	5.380643
7983502	8.53564
7983512	8.517243
7983523	2.431443
7983527	4.803037
7983553	3.848208
7983564	4.586656
7983594	5.601922
7983606	7.399483
7983614	3.074186
7983616	5.877275
7983630	3.703587
7983638	3.488293
7983648	5.488646
7983650	5.923946
7983661	2.203477
7983663	6.995206
7983677	5.503624
7983679	6.051357
7983704	5.339946
7983718	3.221901
7983734	6.273133
7983744	10.43653
7983761	6.447385
7983763	9.621004
7983771	3.444601
7983773	3.978492
7983775	2.269079
7983777	3.130554
7983779	3.636835
7983811	6.618096
7983826	4.665836
7983828	4.015173
7983841	2.512133
7983843	6.883712
7983867	7.012922
7983890	9.169231
7983910	12.99978
7983922	10.32024
7983924	8.228833
7983926	9.307234
7983928	3.256787
7983938	6.686077
7983940	6.764617
7983951	4.789159
7983953	7.674964
7983969	4.309139
7983979	5.796762
7983985	4.31687
7983987	5.797954
7983989	2.210199
7983991	4.935597
7984001	9.328156
7984008	2.982027
7984011	5.741133
7984014	5.080687
7984016	6.615382
7984019	5.118149
7984077	2.053488
7984079	6.085217
7984103	7.942564
7984112	9.899279
7984124	6.844774
7984132	8.624044
7984152	5.311099
7984155	7.2004
7984174	6.043521
7984188	3.690275
7984190	7.588254
7984203	6.572527
7984213	4.531116
7984215	3.312703
7984217	10.44629
7984227	7.502417
7984245	5.264187
7984253	5.625962
7984255	2.213206
7984257	5.337424
7984259	4.546117
7984261	3.052417
7984263	7.378201
7984276	5.567646
7984289	9.639551
7984298	5.287921
7984317	2.678288
7984319	9.180724
7984330	4.83245
7984353	5.800366
7984364	8.85545
7984380	4.680163
7984405	5.371397
7984408	5.878582
7984436	6.867309
7984453	9.449106
7984470	7.817853
7984475	5.10563
7984488	3.94549
7984511	4.468317
7984517	6.523018
7984524	4.822063
7984538	5.778102
7984540	4.917461
7984562	10.28295
7984567	2.978362
7984569	5.637119
7984588	5.633089
7984606	5.442013
7984620	7.901513
7984624	3.929328
7984626	5.66768
7984631	6.123998
7984635	2.991529
7984641	9.715147
7984660	7.989294
7984662	5.619413
7984684	5.726103
7984686	5.2809
7984704	6.155354
7984736	3.077319
7984743	6.994831
7984759	5.712648
7984771	6.723904
7984779	7.062088
7984799	6.540207
7984802	5.290548
7984813	4.788352
7984819	6.151504
7984843	5.770358
7984846	6.559651
7984862	6.421652
7984871	7.601352
7984892	5.790377
7984908	5.927505
7984914	5.162856
7984922	6.227222
7984932	5.309216
7984943	8.765284
7984952	8.459246
7984961	5.813714
7984983	5.726103
7984985	6.170442
7984987	5.726103
7984989	6.950095
7985001	6.027762
7985016	7.842781
7985023	5.402549
7985025	4.419934
7985030	7.339046
7985032	2.876479
7985034	6.696376
7985037	4.327411
7985039	5.676001
7985044	6.737998
7985053	6.428412
7985066	5.70857
7985080	6.20368
7985087	2.393736
7985089	6.842062
7985099	6.847758
7985117	5.556782
7985119	5.89719
7985130	4.259541
7985134	7.336901
7985147	10.19257
7985159	5.586988
7985166	7.807425
7985192	5.169602
7985200	4.090231
7985202	8.944301
7985213	4.029757
7985221	7.706388
7985224	6.398499
7985226	8.391838
7985233	5.698921
7985236	4.611091
7985238	4.509511
7985240	7.722041
7985248	4.796861
7985253	6.028238
7985257	11.8114
7985259	9.208479
7985266	6.13592
7985268	5.624566
7985285	4.990247
7985310	7.900809
7985317	5.360021
7985349	7.341983
7985352	3.95663
7985364	6.734619
7985398	4.082893
7985402	6.338282
7985409	7.42362
7985416	5.012332
7985418	6.178611
7985431	7.915591
7985442	5.398786
7985444	6.457545
7985450	7.42362
7985457	5.012332
7985459	6.178611
7985472	7.232697
7985480	2.446918
7985482	7.089986
7985488	7.104521
7985493	8.0637
7985507	5.644849
7985522	4.613825
7985553	2.181744
7985555	6.441938
7985560	4.664172
7985562	7.176156
7985569	5.275496
7985571	7.890571
7985577	5.463155
7985587	5.912948
7985605	7.40311
7985620	6.414018
7985636	5.224635
7985662	6.882092
7985688	5.012332
7985690	5.822653
7985695	9.20459
7985741	3.57066
7985752	3.394278
7985757	6.292901
7985765	3.947622
7985767	6.074342
7985777	9.488703
7985786	5.207459
7985809	8.714409
7985829	4.860671
7985871	3.793904
7985873	4.493166
7985898	3.852038
7985918	6.286242
7985920	7.003914
7985924	8.675202
7985932	4.33784
7985934	7.24099
7985959	4.864669
7985963	4.718019
7985981	5.175186
7985983	7.174627
7985997	5.713134
7985999	4.784147
7986001	8.488393
7986004	5.865503
7986010	10.46078
7986049	6.564205
7986068	4.456229
7986092	7.579989
7986110	6.516758
7986132	7.950296
7986160	7.088678
7986186	6.029058
7986195	3.916222
7986214	9.252103
7986229	4.460598
7986239	3.44704
7986246	6.78584
7986248	7.425485
7986250	10.11389
7986291	4.669754
7986293	9.978666
7986323	7.798983
7986327	4.285793
7986329	6.811603
7986336	5.660902
7986338	4.041429
7986340	3.986459
7986348	5.103162
7986350	9.107406
7986359	7.832415
7986383	7.417479
7986385	6.043087
7986394	6.292818
7986407	3.593681
7986411	7.780023
7986426	5.290547
7986428	5.684723
7986433	6.159229
7986442	5.750093
7986444	5.961832
7986446	9.371636
7986463	6.396831
7986501	3.278968
7986503	6.462378
7986509	6.529752
7986512	6.529752
7986515	7.22447
7986517	6.589437
7986520	6.607627
7986522	6.589437
7986525	7.22447
7986527	6.529752
7986530	4.057024
7986532	2.674596
7986534	3.70155
7986536	4.040561
7986541	7.503918
7986561	6.348571
7986563	3.301393
7986565	5.91409
7986567	5.351167
7986569	8.068508
7986598	4.057323
7986601	6.805155
7986603	4.226912
7986605	3.687071
7986627	3.221459
7986629	4.736721
7986633	5.351167
7986637	4.050848
7986639	5.569793
7986642	6.327675
7986661	6.010629
7986665	8.359763
7986675	5.899954
7986685	6.643528
7986687	6.205359
7986701	8.053839
7986736	4.267321
7986739	6.805155
7986741	4.357974
7986744	5.855944
7986755	5.16571
7986757	4.826011
7986763	3.673697
7986765	10.53199
7986767	4.446725
7986769	7.176913
7986789	4.684028
7986820	5.082055
7986822	5.971233
7986836	4.840772
7986838	6.091651
7986863	6.485772
7986922	5.986916
7986943	6.010629
7986945	8.505394
7986947	5.548177
7986960	5.496575
7986969	6.036722
7986975	3.775338
7986977	8.983138
7987010	4.953024
7987012	6.09163
7987025	4.625846
7987027	6.506335
7987046	9.737763
7987048	7.397365
7987066	4.785275
7987068	4.893201
7987097	6.438581
7987099	6.095065
7987110	4.983811
7987112	8.820981
7987114	5.295804
7987135	2.531498
7987137	9.737763
7987139	6.577522
7987145	5.676001
7987163	5.859576
7987165	5.516031
7987172	7.859057
7987180	10.19456
7987192	10.10475
7987225	9.459497
7987230	8.39138
7987248	7.723407
7987279	7.707144
7987308	2.235646
7987310	6.678076
7987315	4.6833
7987325	7.417165
7987361	5.924627
7987365	5.146774
7987369	4.138946
7987379	4.663553
7987381	6.971013
7987385	5.76775
7987403	3.474963
7987405	5.880414
7987426	3.041964
7987439	5.232737
7987449	8.62501
7987454	6.691328
7987464	2.140552
7987466	5.742298
7987468	2.111366
7987470	2.265151
7987472	6.402919
7987475	7.967138
7987511	6.505408
7987526	6.084498
7987534	2.262487
7987536	6.891666
7987554	5.436283
7987565	5.295089
7987572	11.07072
7987574	7.852447
7987584	6.756196
7987623	3.421377
7987634	4.962729
7987636	4.137129
7987642	5.843372
7987648	2.027378
7987650	5.664546
7987675	5.824579
7987701	6.328722
7987772	9.161764
7987780	4.394645
7987792	6.909704
7987815	5.655141
7987840	7.530653
7987869	8.079283
7987892	7.547041
7987916	6.516522
7987926	2.934216
7987928	6.059763
7987960	6.151794
7987981	8.06653
7988031	8.690998
7988033	5.445506
7988050	5.882386
7988064	5.031458
7988077	5.484273
7988082	6.082558
7988091	4.88332
7988093	7.409857
7988124	5.979918
7988132	5.467191
7988163	4.880355
7988175	2.019336
7988177	5.635222
7988206	2.019336
7988208	5.385687
7988212	5.118395
7988227	5.433392
7988245	7.841649
7988258	1.933848
7988260	4.251954
7988281	10.48914
7988283	7.544794
7988286	8.011128
7988327	6.993156
7988342	7.471918
7988344	4.141413
7988346	6.658754
7988348	2.283791
7988350	11.77796
7988380	6.939025
7988400	5.942906
7988410	3.810142
7988412	3.654402
7988414	6.575138
7988424	6.495676
7988426	5.022876
7988438	2.184317
7988440	3.309669
7988442	3.512428
7988444	5.001124
7988465	2.947882
7988467	4.269327
7988537	4.148229
7988563	3.776196
7988581	8.906092
7988601	3.544672
7988605	7.753022
7988623	5.032247
7988625	2.902144
7988644	6.110538
7988672	4.434581
7988685	5.938361
7988687	7.449947
7988703	3.029011
7988705	3.818476
7988713	8.349524
7988753	9.572704
7988763	5.281182
7988767	3.769691
7988789	10.15662
7988833	6.266431
7988838	6.449309
7988852	5.55373
7988859	6.271023
7988876	5.755988
7988921	7.00589
7988963	8.059402
7988970	9.846122
7988987	6.933315
7988990	3.783886
7989013	7.375186
7989023	9.299388
7989037	7.630445
7989055	4.100798
7989069	4.350803
7989073	4.130218
7989094	4.907333
7989126	4.073546
7989128	7.713991
7989130	4.485995
7989132	6.042337
7989144	3.976731
7989146	2.534519
7989157	3.060742
7989159	5.658463
7989193	5.573094
7989195	6.509451
7989197	2.774252
7989199	5.931867
7989216	8.141405
7989218	9.824153
7989220	3.383123
7989224	10.34436
7989243	4.472038
7989245	6.87368
7989249	5.581278
7989251	6.674585
7989253	7.886966
7989277	8.233363
7989307	4.136387
7989309	5.584225
7989311	3.270074
7989313	2.713411
7989315	5.536475
7989323	8.875835
7989335	10.35594
7989347	6.194835
7989365	6.533968
7989387	8.42421
7989473	7.228542
7989476	4.906047
7989487	5.632292
7989489	6.177045
7989491	6.677686
7989493	5.453304
7989501	7.77356
7989516	7.468404
7989596	7.945068
7989611	7.372701
7989617	4.091055
7989619	8.49322
7989628	5.208237
7989647	3.778271
7989657	3.812066
7989659	3.438325
7989661	8.341032
7989670	6.39251
7989680	6.35882
7989696	9.20577
7989708	5.853281
7989718	5.954984
7989725	6.685337
7989735	8.221571
7989750	4.431819
7989759	6.176124
7989768	4.643781
7989770	6.225633
7989785	5.204476
7989806	7.01448
7989832	2.456987
7989834	6.34556
7989849	9.448271
7989883	7.280756
7989885	7.884992
7989887	5.70113
7989915	5.754404
7989922	3.200946
7989924	6.04328
7989932	4.673144
7989937	4.82907
7989951	3.485618
7989953	7.250595
7989968	5.669605
7989975	6.678623
7989985	5.185395
7990020	8.276346
7990027	6.732605
7990029	5.448111
7990031	3.414623
7990033	9.377897
7990054	6.739725
7990078	4.414834
7990080	6.440228
7990086	5.571701
7990090	7.331013
7990092	6.301447
7990138	5.035439
7990151	10.50324
7990165	7.369374
7990191	6.481173
7990211	7.991975
7990227	3.984154
7990231	8.524058
7990244	5.823309
7990253	8.699347
7990269	6.125811
7990273	6.31905
7990283	5.649625
7990307	5.726103
7990309	5.757657
7990333	4.738637
7990345	7.785255
7990361	7.089613
7990377	2.823258
7990379	6.426329
7990391	7.567327
7990400	7.2372
7990417	8.884191
7990429	5.656098
7990436	8.540477
7990442	6.278682
7990452	6.562918
7990457	7.428797
7990487	7.969428
7990511	6.868033
7990528	5.488091
7990540	7.095281
7990545	4.781253
7990555	7.927492
7990564	5.456351
7990566	6.917946
7990582	6.51769
7990616	4.873283
7990618	7.151737
7990620	10.75507
7990632	5.780756
7990636	4.107134
7990643	4.695289
7990652	5.754179
7990654	6.495487
7990657	6.505517
7990672	2.238482
7990674	4.013107
7990683	5.067885
7990700	4.7971
7990712	5.929173
7990714	4.264788
7990729	6.085483
7990736	7.902711
7990755	2.168273
7990757	9.441479
7990774	4.975764
7990808	4.220211
7990810	7.168634
7990815	9.269462
7990818	10.45038
7990825	5.18423
7990827	5.131619
7990830	6.399463
7990839	6.176995
7990848	4.176958
7990873	5.70506
7990879	4.425874
7990892	4.373682
7990894	7.606911
7990898	9.221012
7990902	7.790074
7990914	5.398786
7990916	8.507277
7990922	7.805127
7990928	6.178611
7990941	5.012332
7990943	7.797151
7990949	9.233712
7990952	7.916858
7990963	5.398786
7990965	8.507277
7990971	3.933378
7990987	5.122665
7991017	5.814619
7991019	4.076993
7991034	5.576355
7991047	4.720292
7991049	5.442983
7991057	7.469683
7991070	6.475912
7991080	4.405653
7991086	2.090237
7991088	7.96349
7991104	7.352478
7991106	5.750509
7991110	7.599181
7991120	6.069025
7991126	6.774009
7991138	6.09233
7991143	7.831482
7991153	4.081134
7991155	2.245311
7991157	2.309699
7991159	7.919682
7991169	7.352478
7991171	2.750252
7991173	5.647811
7991182	4.452235
7991184	2.50802
7991186	4.929975
7991209	6.488824
7991214	5.226691
7991216	5.159473
7991224	6.114613
7991234	5.816013
7991246	5.00645
7991258	7.582249
7991283	10.79646
7991296	6.003465
7991313	6.302736
7991323	5.847691
7991332	7.182561
7991335	9.183601
7991357	7.446515
7991367	7.364196
7991374	8.090814
7991386	7.6005
7991395	4.869383
7991399	4.497246
7991401	5.938346
7991406	5.406407
7991425	3.850296
7991427	6.265287
7991451	6.071373
7991453	8.422475
7991459	6.518948
7991465	3.853572
7991467	2.5644
7991469	5.14568
7991478	6.118064
7991485	4.94666
7991501	2.67229
7991503	5.321048
7991512	5.602361
7991516	6.174623
7991540	5.036615
7991542	4.840375
7991546	6.278464
7991562	4.28485
7991564	2.167155
7991566	6.23051
7991577	5.897273
7991581	9.067582
7991587	6.541332
7991598	5.252872
7991602	5.942256
7991630	8.434801
7991638	5.296341
7991640	6.277359
7991661	4.828247
7991663	2.943408
7991665	3.183183
7991668	5.89196
7991695	6.374678
7991714	7.783594
7991722	7.654004
7991731	6.269985
7991735	6.034632
7991742	7.035175
7991750	2.730174
7991754	6.448765
7991758	6.436759
7991762	7.35603
7991766	7.35603
7991770	2.62393
7991772	7.28474
7991777	4.46681
7991779	6.845659
7991800	6.337836
7991809	6.711412
7991815	5.41563
7991828	7.077523
7991835	5.938288
7991837	6.923242
7991846	6.29979
7991860	6.632731
7991877	6.884748
7991893	7.773437
7991898	6.787337
7991904	6.389452
7991917	7.114957
7991927	6.534574
7991932	6.391124
7991939	6.508611
7991989	7.126033
7992010	6.202556
7992021	7.271927
7992032	6.515169
7992038	6.953763
7992043	6.918258
7992049	7.053794
7992071	6.084088
7992092	7.322314
7992121	5.613806
7992125	6.665267
7992140	6.92028
7992145	6.10511
7992147	6.046663
7992181	6.336002
7992191	6.542853
7992197	6.861107
7992205	7.0209
7992219	6.398541
7992255	7.880216
7992269	7.990103
7992271	6.30929
7992293	6.239619
7992302	6.140808
7992337	6.703179
7992347	7.438279
7992379	7.582684
7992388	7.089559
7992396	5.125452
7992402	6.680548
7992409	6.133914
7992414	6.161732
7992439	5.455815
7992447	5.879645
7992460	6.834515
7992463	7.539361
7992474	7.85534
7992516	5.198374
7992518	7.194288
7992529	6.631881
7992552	7.030344
7992568	6.319672
7992584	5.340899
7992594	5.399295
7992614	7.004874
7992632	6.597021
7992639	5.978779
7992646	11.3851
7992656	7.604326
7992670	7.639241
7992678	7.666627
7992682	5.939107
7992685	7.839514
7992692	9.335746
7992716	6.256951
7992722	6.44944
7992732	8.257873
7992737	6.651791
7992744	7.325883
7992756	2.450332
7992758	6.762387
7992775	6.723638
7992782	6.4685
7992789	8.579208
7992795	6.693182
7992811	7.912983
7992828	6.964674
7992843	7.213904
7992845	6.783579
7992854	6.411116
7992861	4.610362
7992863	5.10052
7992865	3.781876
7992867	9.459703
7992870	7.997728
7992877	5.092775
7992887	4.966262
7992889	5.048541
7992891	2.423239
7992893	4.318845
7992895	4.154691
7992897	4.88037
7992905	7.99243
7992917	5.406908
7992934	5.484203
7992954	5.573216
7992956	5.894395
7992967	8.475283
7992973	6.503282
7992987	7.709623
7992996	5.120096
7992998	7.289473
7993017	6.684372
7993019	7.26627
7993024	6.136387
7993035	8.202327
7993054	6.2391
7993071	6.997363
7993083	3.364806
7993108	5.205962
7993110	2.901928
7993112	2.773808
7993114	6.725697
7993126	7.341031
7993146	3.881709
7993148	6.525332
7993157	3.387008
7993159	9.305437
7993165	6.521853
7993167	5.543117
7993179	2.599835
7993181	4.474467
7993183	2.201911
7993185	7.169579
7993195	6.337664
7993223	7.479602
7993248	5.722751
7993255	4.774258
7993257	3.594736
7993259	9.140371
7993265	6.851709
7993267	3.074218
7993274	6.795129
7993281	6.313798
7993296	7.166319
7993298	4.402097
7993310	6.564552
7993335	2.378722
7993337	5.216571
7993339	3.682297
7993341	6.821889
7993349	7.478889
7993359	7.490071
7993369	4.731655
7993371	8.794065
7993404	7.664054
7993433	7.903052
7993451	4.756329
7993453	4.881921
7993458	5.68214
7993467	7.056404
7993478	7.419269
7993511	8.794065
7993546	7.648295
7993580	8.079751
7993586	4.756329
7993588	6.10431
7993606	4.023294
7993608	6.645696
7993622	8.037053
7993624	7.338881
7993632	4.882432
7993638	8.435696
7993664	4.795379
7993680	6.504214
7993713	5.463673
7993726	5.618323
7993737	4.198005
7993754	3.2667
7993756	4.906789
7993774	3.871722
7993776	4.781899
7993798	3.205676
7993800	7.762183
7993807	9.736279
7993815	4.795545
7993821	6.222841
7993825	6.500596
7993831	4.19962
7993833	9.086701
7993846	5.971851
7993848	5.391059
7993872	9.252564
7993889	6.073187
7993898	4.562671
7993935	5.569753
7993946	5.555715
7993973	6.938541
7993999	11.19481
7994006	11.57344
7994026	10.35606
7994052	6.289229
7994058	9.31707
7994074	9.453962
7994091	2.946001
7994093	2.430804
7994095	6.308928
7994102	7.370934
7994109	5.366118
7994123	5.716114
7994131	9.206621
7994152	3.945974
7994161	8.194325
7994187	6.660353
7994216	5.372164
7994235	5.336952
7994237	6.662467
7994252	5.39851
7994260	5.454782
7994265	6.083772
7994267	6.318337
7994269	6.082853
7994280	9.632883
7994292	5.984776
7994308	7.210431
7994339	2.774306
7994341	4.601074
7994343	2.968152
7994345	6.719331
7994350	6.98569
7994353	7.798481
7994362	6.682954
7994371	8.107506
7994386	7.023872
7994415	8.87497
7994445	5.709035
7994463	4.713396
7994487	6.111892
7994506	7.452279
7994518	7.756
7994535	6.441929
7994541	6.434934
7994559	8.732292
7994565	8.053585
7994570	5.212463
7994572	5.590269
7994576	6.706235
7994582	7.477228
7994603	6.186275
7994609	7.183507
7994615	4.591388
7994620	5.99489
7994637	6.996062
7994647	6.675906
7994655	6.997199
7994659	8.240753
7994675	5.682399
7994683	6.864894
7994692	6.883217
7994715	6.369761
7994730	6.221417
7994737	8.45112
7994756	8.633638
7994769	9.749302
7994781	7.545553
7994804	6.242525
7994813	5.44674
7994817	4.882524
7994824	2.043235
7994826	7.804773
7994858	7.461566
7994874	8.27276
7994889	7.424277
7994926	4.672268
7994928	7.042913
7994939	6.840434
7994961	6.657935
7994967	6.846212
7994981	7.052974
7994985	6.737739
7995007	6.302176
7995017	9.779222
7995030	6.579011
7995033	7.772334
7995040	6.92555
7995055	7.143983
7995069	10.64983
7995088	5.73318
7995096	9.041306
7995128	11.10376
7995161	6.942811
7995193	5.883711
7995206	6.960768
7995222	5.606019
7995237	4.760235
7995242	6.536838
7995252	6.801452
7995258	11.76804
7995263	6.99624
7995267	4.460013
7995275	4.736627
7995282	4.735508
7995292	7.074286
7995306	9.196142
7995308	6.419817
7995310	6.443319
7995312	2.549513
7995320	11.78811
7995322	9.030002
7995324	8.71062
7995326	7.930901
7995328	9.120482
7995330	10.70013
7995332	7.529778
7995334	8.468942
7995336	8.92398
7995338	9.359192
7995340	8.533054
7995342	9.250906
7995344	8.020911
7995346	6.652346
7995348	10.11777
7995350	10.55249
7995352	9.679495
7995354	4.067025
7995362	6.695246
7995377	7.413834
7995379	3.12202
7995382	7.73096
7995417	5.026124
7995419	4.547883
7995421	8.204745
7995438	5.05041
7995440	4.965406
7995442	3.669662
7995448	7.508447
7995456	5.307247
7995477	6.791053
7995479	5.661861
7995492	7.190156
7995525	6.226556
7995539	7.867519
7995552	9.332863
7995574	10.21884
7995580	7.229878
7995583	7.030129
7995627	6.031549
7995629	4.855575
7995631	8.006907
7995655	6.269224
7995668	6.359092
7995674	6.086226
7995681	5.378811
7995697	9.20772
7995712	5.886325
7995714	5.006301
7995729	5.692307
7995739	4.825209
7995755	6.35131
7995772	5.756936
7995776	7.482516
7995783	9.018845
7995787	7.6636
7995793	7.801962
7995797	7.248363
7995803	5.673874
7995806	6.076735
7995813	7.538836
7995820	6.557866
7995825	7.345863
7995829	4.825159
7995834	6.133692
7995838	7.416178
7995843	6.575696
7995866	4.778887
7995868	5.860091
7995895	10.54391
7995907	4.921578
7995926	8.145362
7995976	6.767683
7995994	7.037282
7996012	6.301972
7996022	6.879806
7996027	8.646194
7996034	7.093542
7996041	7.367095
7996051	7.164071
7996064	5.88168
7996081	7.223899
7996100	10.37635
7996117	5.947143
7996137	6.59272
7996160	5.881382
7996164	6.095267
7996174	6.902313
7996185	6.101894
7996198	4.246462
7996211	5.372927
7996219	6.5438
7996239	4.835945
7996241	6.348102
7996252	2.551946
7996256	7.05152
7996258	3.583904
7996260	7.082058
7996264	5.268565
7996281	5.948855
7996286	5.449989
7996288	2.350574
7996290	7.609245
7996313	7.535119
7996318	7.237442
7996331	5.195267
7996341	4.767355
7996345	6.74793
7996361	4.769289
7996377	6.147649
7996393	8.249438
7996403	6.811536
7996423	6.796399
7996430	6.809251
7996448	7.260352
7996455	7.24892
7996468	6.604921
7996490	6.944716
7996498	5.361747
7996516	4.733473
7996546	3.643804
7996563	6.053304
7996569	4.645535
7996571	6.584907
7996593	7.404798
7996608	6.298999
7996647	5.851406
7996651	6.747714
7996654	4.615788
7996675	6.197183
7996677	8.818442
7996685	6.968917
7996715	6.138988
7996720	6.927016
7996725	5.51287
7996744	6.98721
7996759	5.33478
7996761	6.332325
7996772	6.399271
7996785	6.290689
7996805	2.721289
7996807	4.729066
7996819	5.652235
7996837	9.495323
7996860	5.947338
7996879	3.225433
7996883	6.249778
7996891	6.726284
7996908	7.137875
7996917	1.683875
7996919	6.710452
7996934	7.386744
7996943	5.503061
7996945	2.893538
7996947	7.405575
7996954	9.097745
7996976	7.657665
7997008	4.823286
7997010	6.334994
7997025	7.439569
7997032	6.824106
7997048	6.910112
7997059	5.85052
7997072	6.508387
7997099	7.605387
7997128	6.554062
7997135	6.071885
7997137	4.099191
7997139	4.992335
7997152	4.557606
7997158	7.298292
7997164	4.525175
7997166	3.513269
7997168	9.992589
7997179	5.878737
7997188	4.284755
7997192	4.025499
7997197	6.469049
7997226	3.614077
7997228	3.266021
7997230	8.282232
7997239	8.66051
7997245	7.047
7997247	7.500109
7997257	4.958736
7997264	6.828684
7997272	11.17193
7997281	7.320404
7997289	3.451477
7997319	6.614231
7997321	6.958201
7997332	5.220969
7997336	5.005812
7997346	3.942134
7997352	6.30279
7997374	3.243733
7997381	4.840082
7997396	7.207054
7997401	4.718602
7997414	9.37719
7997427	7.978412
7997453	8.478257
7997489	12.71171
7997491	7.419045
7997498	4.996554
7997500	2.456546
7997502	5.218839
7997504	4.814219
7997520	7.557088
7997525	6.243549
7997533	7.642447
7997542	5.514818
7997556	5.21712
7997569	7.323174
7997582	5.971337
7997593	6.903656
7997626	7.281915
7997633	7.501423
7997642	7.222754
7997662	6.632818
7997676	5.791407
7997680	7.222546
7997702	7.234694
7997712	8.910571
7997724	5.312811
7997726	5.287222
7997731	5.539218
7997733	6.726547
7997735	6.167068
7997738	2.873281
7997740	10.95693
7997746	4.764433
7997755	6.931293
7997765	6.670084
7997767	6.666667
7997779	8.494356
7997801	7.517841
7997808	5.323256
7997810	6.153778
7997827	6.235923
7997829	4.683321
7997832	6.222533
7997839	5.281737
7997852	6.248195
7997861	3.658606
7997863	6.424685
7997875	5.561424
7997880	5.60709
7997896	5.898325
7997904	7.095341
7997907	4.93259
7997909	6.650261
7997933	6.044995
7997940	5.771502
7997942	6.096497
7997962	6.537908
7997976	5.324072
7997982	6.438479
7998002	8.521379
7998015	7.257041
7998033	8.95496
7998053	6.166777
7998055	6.161406
7998063	6.886246
7998072	7.657023
7998083	5.912897
7998103	6.473612
7998115	9.106327
7998117	9.098082
7998119	7.797131
7998129	7.615951
7998136	7.210881
7998157	6.529369
7998174	7.345187
7998190	5.656838
7998211	6.497104
7998222	6.763745
7998233	8.035153
7998249	4.925257
7998251	6.535945
7998265	8.278543
7998267	7.162378
7998280	6.686792
7998297	6.452321
7998307	6.035305
7998336	5.49007
7998351	7.126704
7998367	6.23277
7998374	6.501904
7998381	6.592138
7998392	5.190444
7998399	6.049859
7998405	7.242296
7998407	6.127606
7998414	6.422593
7998427	6.072081
7998434	6.335719
7998444	7.904097
7998449	7.300735
7998457	6.763604
7998466	6.873727
7998485	5.710967
7998494	6.29285
7998510	7.567486
7998538	6.30887
7998542	6.107116
7998577	6.977652
7998585	7.286227
7998590	7.931376
7998601	6.970203
7998604	7.674506
7998615	2.77471
7998629	6.505887
7998634	7.372394
7998637	9.944423
7998643	5.789204
7998655	10.28837
7998664	7.937377
7998666	7.793066
7998668	6.364138
7998679	6.643977
7998692	7.192238
7998700	6.30598
7998722	6.568225
7998724	5.685397
7998749	7.052963
7998759	7.256073
7998762	7.040752
7998774	7.912192
7998784	5.654116
7998817	6.26488
7998820	5.720228
7998825	8.854947
7998835	6.767076
7998843	10.88513
7998852	8.326577
7998861	6.683688
7998872	6.790137
7998878	10.2173
7998886	5.85052
7998898	4.386693
7998902	6.676016
7998910	7.867859
7998921	5.548013
7998927	6.443447
7998929	5.988491
7998931	8.471206
7998940	10.05191
7998952	5.184616
7998959	3.312328
7998961	2.484217
7998963	1.887995
7998965	4.734334
7998967	5.661071
7998978	6.811213
7998983	5.913975
7999008	6.461204
7999023	4.210474
7999025	7.372209
7999044	8.906671
7999079	6.993121
7999093	4.797243
7999102	5.445203
7999112	6.887242
7999120	7.449404
7999149	7.122301
7999160	7.05138
7999173	6.848756
7999177	5.943035
7999196	6.258261
7999206	4.213279
7999217	6.877801
7999233	8.01778
7999253	10.76857
7999279	6.045561
7999291	5.864248
7999304	6.482723
7999315	2.369622
7999317	5.901636
7999319	7.86178
7999326	9.225145
7999356	4.237898
7999360	8.37831
7999362	7.341776
7999364	4.934222
7999384	4.748379
7999387	8.672845
7999396	4.407024
7999404	2.919269
7999406	5.625397
7999408	2.377598
7999410	1.885941
7999412	4.791957
7999419	5.28251
7999423	8.227851
7999427	4.758543
7999431	6.318097
7999433	6.327599
7999435	6.085188
7999440	5.251089
7999447	8.452927
7999468	13.21319
7999476	11.81206
7999478	7.453325
7999496	7.18487
7999520	6.793841
7999532	8.174858
7999547	3.53827
7999550	5.283453
7999553	9.517406
7999560	2.535014
7999562	7.514281
7999588	5.555835
7999591	7.117917
7999594	4.756329
7999596	8.264279
7999598	5.803081
7999608	7.160857
7999614	7.135084
7999634	6.660457
7999642	8.045565
7999674	5.20951
7999718	5.391285
7999725	5.199431
7999727	6.290773
7999750	4.756329
7999752	6.334061
7999754	7.389724
7999766	8.345944
7999769	7.667191
7999791	8.794065
7999827	8.555391
7999834	11.26329
7999841	9.813224
7999884	7.531232
7999886	5.464871
7999889	7.782688
7999903	6.006905
7999909	5.713762
7999916	7.515935
7999920	4.956973
7999936	5.928634
7999952	4.066662
7999965	4.557481
7999981	4.478774
7999999	2.489504
8000001	2.363851
8000003	5.873281
8000013	5.34654
8000028	9.621285
8000034	4.224445
8000097	3.914267
8000117	8.305073
8000131	10.36736
8000156	11.0234
8000167	11.50491
8000184	11.12812
8000192	8.24145
8000200	7.937582
8000205	10.38225
8000217	12.00238
8000222	11.19481
8000229	3.303802
8000236	6.971505
8000244	6.858287
8000263	6.334208
8000284	7.12491
8000310	5.794418
8000323	6.072895
8000329	5.454023
8000346	5.847441
8000369	2.464579
8000371	4.967076
8000375	6.610162
8000399	4.376273
8000407	3.761814
8000409	9.609205
8000411	4.668646
8000413	6.702282
8000425	7.194246
8000465	3.455762
8000467	6.058021
8000480	5.577234
8000482	11.13076
8000501	8.691412
8000507	8.87497
8000537	8.674083
8000543	7.942358
8000567	6.178068
8000574	6.286574
8000582	5.533354
8000590	6.319448
8000600	6.932594
8000603	7.656638
8000614	2.645491
8000616	6.807491
8000632	6.354022
8000634	3.306015
8000636	9.344026
8000638	11.44386
8000649	7.605396
8000651	10.93552
8000676	10.35869
8000687	10.58649
8000690	7.605396
8000692	10.04016
8000702	6.753537
8000706	8.617674
8000716	5.880864
8000738	6.167118
8000746	5.24762
8000748	5.254488
8000757	5.340165
8000772	6.434502
8000779	5.897594
8000791	9.131211
8000799	6.591774
8000811	8.275715
8000823	10.93447
8000834	11.49734
8000848	7.418917
8000856	6.700478
8000869	5.97801
8000882	5.470716
8000884	7.50891
8000890	8.300271
8000897	7.70366
8000899	6.693791
8000903	7.635547
8000906	6.272311
8000910	6.193715
8000917	6.444498
8000924	6.18222
8000928	4.192457
8000930	3.566302
8000932	5.751911
8000941	6.292241
8000945	5.898865
8000948	6.824194
8000957	5.151931
8000963	5.731177
8000974	6.001362
8000978	6.33561
8000998	8.299039
8001007	9.333766
8001014	6.732603
8001030	7.340656
8001037	4.744689
8001041	6.830253
8001046	6.047345
8001048	6.571406
8001064	3.4244
8001067	6.953172
8001070	2.503686
8001072	4.735508
8001082	7.143272
8001099	7.463004
8001102	6.979836
8001104	6.541213
8001108	6.924174
8001111	7.248662
8001113	2.929291
8001131	2.748003
8001133	4.132309
8001147	7.783398
8001149	8.586348
8001163	6.010653
8001178	4.595114
8001185	7.400952
8001197	5.293601
8001211	8.001431
8001233	4.233691
8001235	4.173108
8001271	4.716926
8001306	7.848253
8001317	9.237442
8001325	2.482829
8001327	3.277931
8001329	4.892669
8001337	4.424416
8001348	5.499053
8001350	6.421066
8001371	4.25427
8001373	6.116345
8001385	2.762314
8001387	4.979197
8001394	6.429739
8001402	2.753123
8001410	6.389956
8001423	3.387658
8001449	6.991084
8001455	6.314711
8001457	8.572098
8001464	4.411397
8001477	7.24019
8001496	8.435552
8001507	6.52647
8001529	8.776163
8001531	7.718323
8001535	2.564008
8001537	7.925561
8001547	7.135592
8001552	5.731133
8001564	6.153996
8001576	6.233319
8001587	7.985633
8001615	5.940291
8001651	6.290288
8001656	3.875482
8001658	8.039527
8001666	7.119809
8001680	6.070763
8001682	4.34704
8001691	2.548885
8001693	10.32981
8001746	6.878435
8001748	7.765545
8001750	5.769291
8001764	7.635084
8001776	4.509594
8001780	3.087099
8001782	6.476624
8001784	4.12227
8001798	3.968018
8001800	4.399179
8001816	6.051578
8001818	6.751493
8001830	6.115841
8001841	8.027883
8001858	2.770609
8001876	5.924893
8001898	5.878762
8001918	6.944821
8001924	7.812307
8001932	5.858026
8001938	7.846476
8001946	5.902765
8001953	6.03159
8001971	6.198538
8001981	6.364178
8002005	4.376009
8002018	3.048591
8002020	5.969921
8002027	5.294737
8002029	5.366165
8002041	10.54134
8002051	6.451772
8002057	6.382455
8002072	6.544006
8002082	6.194227
8002087	7.240813
8002102	5.138433
8002104	6.117823
8002121	6.64525
8002133	6.93625
8002143	6.414275
8002152	6.268122
8002181	6.472614
8002194	8.315681
8002209	5.977011
8002211	5.514443
8002216	2.204926
8002218	7.46365
8002237	6.788499
8002245	6.629118
8002249	5.134496
8002260	3.488292
8002262	6.619106
8002264	3.041769
8002266	7.427865
8002270	7.309902
8002272	7.108304
8002283	4.905446
8002289	7.500889
8002301	4.238928
8002303	6.650499
8002312	5.826697
8002320	2.547758
8002322	8.144276
8002333	10.77936
8002342	7.370562
8002344	8.127655
8002347	7.112715
8002370	7.899041
8002379	5.864606
8002381	6.808884
8002403	6.399894
8002421	6.549994
8002444	5.54752
8002446	3.837475
8002470	4.60662
8002481	4.356223
8002492	4.670219
8002523	6.351293
8002533	5.171888
8002547	5.610665
8002556	4.208551
8002571	5.116626
8002590	4.772496
8002592	9.579925
8002618	4.962439
8002629	3.626369
8002660	7.226091
8002667	4.551913
8002692	6.581237
8002706	5.467091
8002711	7.26524
8002713	6.786085
8002729	8.257471
8002758	3.414095
8002760	4.067635
8002762	6.089238
8002778	8.914874
8002792	6.706055
8002802	6.861172
8002830	5.780492
8002845	6.804953
8002854	6.941176
8002865	6.776476
8002878	8.733806
8002882	5.553777
8002891	5.455983
8002897	5.558203
8002904	8.698428
8002919	7.527472
8002937	7.945634
8002939	5.227091
8002941	4.470257
8002967	3.73835
8002969	6.442039
8002975	6.182779
8002987	6.467968
8002992	4.529215
8002999	5.503173
8003007	4.75812
8003056	5.111271
8003060	5.761777
8003066	6.331362
8003068	6.321508
8003075	5.046007
8003077	5.487139
8003087	6.524515
8003089	7.782249
8003116	6.614999
8003125	6.319051
8003145	5.836485
8003149	5.844293
8003156	5.464177
8003158	6.242245
8003171	9.604153
8003180	7.593645
8003193	6.768834
8003204	4.069168
8003210	6.737571
8003217	5.843577
8003228	2.462079
8003230	5.367546
8003233	5.715056
8003243	6.096704
8003249	6.396933
8003263	5.585471
8003283	6.007891
8003298	10.03798
8003313	3.214186
8003318	4.727264
8003322	8.104544
8003332	7.071748
8003344	7.2164
8003348	6.617671
8003357	7.765129
8003401	6.534865
8003410	7.251703
8003425	6.112448
8003444	6.597247
8003448	7.261329
8003465	8.270385
8003467	8.089664
8003478	7.077801
8003484	7.811454
8003503	5.608482
8003553	5.223558
8003560	6.990264
8003566	4.058337
8003571	5.501138
8003576	3.216339
8003578	5.17536
8003583	5.948324
8003601	6.753537
8003605	3.951356
8003607	5.667765
8003611	6.714999
8003619	4.901953
8003621	6.270236
8003627	7.097478
8003633	6.02409
8003635	5.503361
8003639	5.840866
8003656	5.511182
8003667	5.433768
8003679	6.777509
8003700	6.887345
8003719	6.487088
8003722	4.739282
8003733	6.541847
8003758	8.893522
8003769	7.396281
8003771	7.58954
8003773	7.694361
8003800	6.735985
8003802	3.394096
8003804	4.369866
8003806	5.669084
8003808	5.50371
8003810	6.245098
8003812	5.289762
8003814	3.743659
8003824	6.605152
8003840	6.480759
8003844	4.337969
8003846	5.205038
8003848	3.019283
8003850	6.809171
8003857	6.896634
8003859	2.685644
8003861	6.225906
8003875	11.19499
8003892	7.042013
8003903	10.68121
8003922	5.681549
8003926	5.604661
8003939	6.177054
8003948	6.541201
8003953	8.206976
8003962	6.919767
8003991	7.232838
8004024	5.316095
8004030	7.403687
8004043	6.188293
8004057	7.485353
8004081	5.665209
8004086	4.779699
8004111	7.237554
8004133	6.176552
8004144	6.213196
8004152	5.355551
8004165	2.11862
8004167	4.954062
8004175	5.645274
8004184	8.306994
8004195	5.533442
8004201	5.582018
8004221	9.310961
8004237	11.42025
8004241	8.205257
8004247	8.245155
8004255	5.648716
8004266	5.950158
8004271	9.039682
8004293	6.939804
8004309	6.372545
8004325	6.677767
8004331	7.156298
8004360	8.078456
8004364	5.330645
8004372	6.248375
8004385	5.771863
8004394	5.087729
8004400	5.381825
8004404	6.841415
8004408	6.017927
8004416	5.633692
8004428	7.23964
8004431	8.939503
8004464	7.066748
8004485	6.834462
8004497	10.05792
8004506	10.54869
8004508	9.725672
8004510	10.31522
8004521	9.269291
8004532	4.778575
8004534	5.467648
8004545	5.556504
8004556	6.297058
8004571	5.483927
8004580	4.837889
8004671	10.43092
8004691	9.815803
8004694	9.728387
8004699	8.191596
8004741	5.984591
8004763	6.045275
8004784	6.240637
8004802	6.48863
8004804	6.157244
8004832	5.620605
8004842	6.673273
8004859	2.508654
8004861	3.712546
8004867	10.56079
8004880	6.505025
8004889	4.210293
8004905	6.149472
8004922	4.546738
8004938	4.696937
8004940	3.741449
8004946	5.445829
8004948	5.497352
8004955	5.332936
8004957	4.642092
8005029	8.449602
8005043	4.132868
8005048	4.394383
8005064	5.838988
8005089	6.592176
8005097	7.45385
8005102	5.10283
8005104	3.628109
8005106	2.761946
8005110	5.15393
8005117	6.122406
8005132	6.216191
8005134	7.289905
8005141	7.193186
8005153	2.322642
8005155	4.823623
8005157	5.60385
8005166	12.18104
8005171	5.852324
8005191	8.230658
8005200	5.095064
8005202	5.286219
8005204	5.129554
8005221	2.549299
8005223	3.853479
8005225	5.807631
8005231	5.27236
8005233	4.053679
8005235	7.528617
8005243	4.847567
8005245	6.092033
8005247	6.521586
8005260	5.920304
8005265	2.438203
8005267	6.360186
8005289	4.847427
8005305	5.712231
8005313	5.864387
8005328	5.647386
8005397	2.685668
8005399	7.535934
8005407	6.271453
8005435	7.252483
8005441	7.509254
8005444	6.571772
8005446	5.639056
8005449	8.558928
8005458	8.501689
8005471	9.756798
8005473	5.602785
8005475	9.249137
8005483	6.877372
8005501	7.937485
8005510	3.86095
8005512	6.379038
8005529	5.891137
8005547	9.537592
8005549	5.10154
8005553	9.537592
8005555	6.327989
8005557	7.131615
8005574	5.598426
8005576	6.569791
8005586	4.520494
8005601	6.082557
8005603	4.995692
8005626	6.650582
8005628	5.941106
8005630	3.239285
8005632	3.188522
8005634	1.948854
8005636	3.244717
8005638	7.009734
8005655	3.646325
8005657	6.309656
8005659	4.847427
8005661	7.819312
8005679	7.001417
8005683	2.683342
8005685	3.80176
8005687	5.400346
8005689	6.892407
8005695	6.496961
8005697	6.135702
8005699	6.456093
8005707	10.43601
8005726	7.295913
8005733	7.200318
8005736	10.90258
8005739	5.933671
8005743	4.562407
8005745	2.220997
8005747	3.728783
8005749	4.767945
8005751	5.357601
8005753	5.357908
8005755	2.631718
8005757	1.900753
8005759	2.506901
8005761	2.240657
8005763	2.27237
8005765	11.44045
8005777	5.955313
8005785	7.092186
8005809	6.10895
8005814	6.375631
8005829	5.108518
8005833	7.04317
8005836	5.324706
8005839	7.86477
8005847	6.822732
8005857	6.908441
8005865	5.889958
8005877	4.844005
8005879	5.482355
8005894	5.13284
8005903	9.17703
8005943	8.0452
8005951	5.392971
8005953	4.559453
8005955	3.474933
8005957	4.180293
8005959	6.258339
8005978	8.723829
8005992	2.029191
8005994	6.491937
8006005	5.497229
8006019	4.345499
8006030	8.110283
8006052	6.678435
8006063	5.749431
8006081	4.223423
8006083	2.917465
8006085	3.663905
8006112	6.867732
8006119	6.795166
8006121	4.653741
8006123	11.49489
8006148	7.17142
8006161	6.046266
8006170	6.1898
8006181	6.676084
8006183	8.564996
8006187	3.80364
8006214	6.513537
8006227	3.311366
8006229	6.748429
8006237	5.616258
8006239	7.640763
8006296	3.987199
8006298	7.411844
8006317	4.708496
8006321	6.319091
8006323	2.619075
8006325	8.156973
8006336	5.62338
8006345	8.933145
8006367	5.178868
8006377	9.473657
8006392	8.16151
8006409	6.118346
8006415	6.778309
8006423	4.985926
8006433	9.706476
8006440	4.285057
8006445	5.448382
8006453	3.985149
8006459	4.954212
8006466	5.278457
8006477	6.728042
8006479	5.919368
8006502	2.209139
8006504	4.468206
8006509	5.209758
8006531	8.899426
8006540	4.708943
8006542	8.946899
8006562	6.89637
8006569	7.096739
8006573	9.03784
8006590	4.072428
8006594	5.644122
8006602	10.17483
8006606	4.061337
8006608	11.92633
8006621	12.32967
8006627	6.602776
8006634	4.516117
8006638	8.205976
8006655	6.293855
8006668	5.948441
8006681	6.601861
8006690	7.967474
8006706	3.122513
8006715	5.612911
8006736	8.093848
8006744	2.939138
8006746	9.237329
8006762	7.794849
8006768	6.480004
8006779	7.009399
8006786	7.259279
8006788	7.945617
8006812	9.819866
8006820	9.590633
8006834	6.428061
8006836	4.273386
8006845	9.620153
8006850	7.333415
8006865	6.535281
8006877	7.873952
8006896	5.954545
8006900	5.377171
8006906	7.550431
8006940	7.255806
8006958	2.847967
8006968	6.00429
8006984	7.39492
8006999	7.822199
8007008	6.181163
8007023	8.297001
8007028	8.637741
8007043	6.513715
8007058	6.932708
8007069	7.728946
8007071	5.440718
8007084	7.941477
8007100	7.118577
8007108	3.920167
8007112	7.535811
8007115	8.029213
8007118	6.006054
8007123	5.394753
8007127	5.517585
8007130	5.90605
8007134	5.921311
8007141	13.02413
8007148	6.57754
8007152	7.173544
8007154	5.307658
8007169	3.135484
8007176	4.218164
8007188	7.356212
8007197	7.201104
8007208	4.538862
8007212	7.86477
8007228	7.971487
8007250	7.489068
8007259	7.544762
8007263	6.307849
8007272	6.945668
8007290	7.069239
8007302	6.599143
8007310	4.125529
8007312	6.121945
8007323	5.279537
8007348	5.491588
8007355	6.455517
8007363	6.05948
8007388	3.553755
8007397	8.493916
8007414	5.926357
8007420	5.599955
8007427	7.233532
8007429	3.882849
8007435	6.751015
8007441	8.969236
8007446	7.761168
8007454	5.295687
8007462	6.40009
8007471	8.656977
8007483	7.688936
8007493	6.439025
8007497	2.327503
8007499	2.503667
8007501	3.527193
8007503	3.473685
8007505	7.729566
8007530	3.781185
8007537	6.269533
8007548	6.946248
8007550	6.733551
8007561	7.190786
8007569	4.757436
8007584	6.518081
8007594	7.796479
8007603	2.580388
8007607	5.705538
8007620	10.66116
8007637	7.052492
8007641	7.743548
8007643	2.76704
8007651	5.696021
8007673	5.687835
8007675	6.065842
8007701	5.470135
8007707	4.740835
8007715	7.042651
8007730	6.04444
8007745	10.48557
8007750	6.7448
8007757	8.657505
8007790	6.329414
8007794	6.771941
8007797	10.46976
8007799	7.158418
8007803	5.384737
8007808	5.275094
8007826	7.266045
8007828	5.482727
8007846	5.198153
8007848	6.407242
8007850	8.152549
8007865	5.916591
8007867	8.229323
8007883	5.916591
8007885	8.932087
8007895	7.703788
8007902	3.804062
8007904	6.234741
8007917	6.239453
8007919	8.356329
8007921	4.542929
8007931	5.737553
8007949	4.021619
8007976	10.08367
8007990	7.191246
8007992	8.959954
8008016	6.352365
8008029	6.215553
8008038	4.836389
8008040	5.036562
8008049	3.754611
8008052	6.569041
8008064	6.010834
8008074	8.07393
8008087	7.784495
8008096	6.904963
8008110	5.778995
8008113	8.57154
8008130	3.767776
8008132	6.8992
8008139	8.463554
8008151	5.088671
8008170	3.833105
8008172	5.863142
8008185	6.297781
8008195	4.54367
8008201	6.780595
8008208	6.683959
8008213	7.519506
8008228	6.759226
8008237	7.235128
8008263	5.710103
8008277	6.033565
8008289	6.723392
8008297	6.168217
8008310	4.803752
8008321	6.764275
8008339	6.756033
8008350	4.571076
8008372	7.088924
8008388	6.490569
8008409	5.558867
8008454	7.260334
8008491	3.050876
8008493	7.55059
8008511	6.360707
8008517	6.136659
8008530	6.550017
8008540	4.817248
8008544	6.009626
8008547	5.729062
8008564	4.301618
8008566	4.472733
8008588	5.11896
8008596	3.812645
8008598	6.407295
8008609	6.273715
8008627	5.226692
8008629	4.816824
8008644	5.503616
8008646	7.598242
8008662	6.16626
8008664	5.774125
8008682	6.561916
8008700	6.033071
8008702	7.875846
8008706	7.593379
8008711	4.473457
8008716	6.649991
8008718	3.188544
8008723	5.388992
8008736	4.824513
8008754	4.710966
8008768	4.039699
8008778	2.922083
8008780	2.541734
8008782	3.872507
8008784	4.031877
8008795	4.268519
8008802	4.280802
8008817	2.413688
8008819	7.618242
8008825	6.820143
8008834	9.716917
8008868	8.243732
8008870	12.02992
8008885	11.74991
8008887	7.84411
8008900	6.104452
8008912	4.648371
8008914	3.847103
8008922	7.968991
8008933	7.775911
8008963	3.302247
8008965	6.081854
8008969	6.349354
8008980	5.51298
8008982	5.877405
8008991	2.674706
8008995	3.645986
8009006	3.536185
8009008	6.331906
8009014	8.085523
8009040	5.803152
8009073	2.581499
8009075	7.737798
8009094	6.38023
8009096	5.327868
8009145	5.511003
8009164	7.782285
8009176	5.826619
8009183	7.140728
8009205	7.898743
8009227	8.020828
8009241	9.308846
8009243	5.525224
8009253	6.091752
8009255	7.179062
8009275	4.478832
8009277	4.097619
8009299	4.07567
8009301	6.338649
8009322	5.230264
8009324	3.759302
8009326	5.251147
8009334	5.541074
8009343	5.329594
8009349	5.029359
8009351	5.134034
8009353	6.651563
8009366	5.07625
8009380	6.328139
8009382	7.196182
8009417	8.052905
8009430	6.992545
8009432	7.379483
8009443	6.933066
8009457	10.88877
8009474	2.023036
8009476	5.553532
8009491	2.09671
8009493	4.603527
8009502	10.67388
8009513	4.87053
8009515	2.422513
8009517	7.420588
8009524	5.237564
8009526	5.832947
8009533	6.183908
8009552	4.780427
8009561	9.158396
8009568	6.147169
8009585	5.493602
8009602	5.416455
8009631	6.870246
8009639	6.822752
8009653	10.28693
8009662	4.224632
8009666	6.350457
8009685	8.801669
8009693	6.269977
8009705	5.477378
8009713	6.044792
8009721	6.288221
8009727	6.005579
8009737	7.424
8009746	7.688393
8009755	6.341594
8009759	2.927845
8009761	6.382193
8009784	6.632924
8009792	2.927633
8009794	2.082992
8009796	7.440268
8009832	6.725448
8009844	7.272127
8009873	5.901646
8009875	6.073048
8009913	6.23724
8009929	7.854227
8009932	8.0138
8009951	7.517022
8009995	6.225864
8010012	7.401943
8010017	7.105363
8010021	6.616674
8010030	6.77126
8010036	5.302586
8010050	8.564524
8010057	2.948138
8010059	2.941566
8010061	8.123297
8010071	5.860457
8010078	6.651525
8010080	2.948527
8010082	3.783472
8010084	6.281544
8010086	6.690022
8010092	7.614513
8010113	6.669674
8010137	7.613855
8010139	9.457426
8010161	7.785272
8010184	6.396886
8010186	4.879993
8010188	6.322139
8010210	3.372735
8010212	6.685537
8010237	7.121713
8010243	8.572404
8010248	6.243873
8010260	5.37477
8010271	9.831627
8010285	6.549506
8010287	6.015513
8010295	7.523074
8010313	6.445195
8010320	5.954077
8010328	5.195993
8010354	7.027949
8010379	6.313113
8010405	7.103388
8010426	11.01239
8010454	11.28146
8010499	6.040379
8010512	6.276986
8010550	6.113347
8010560	4.392377
8010562	7.960771
8010583	6.433987
8010590	5.78058
8010614	6.286267
8010622	2.73199
8010624	5.744191
8010629	6.18647
8010638	8.352605
8010664	7.379306
8010673	6.082558
8010686	5.401058
8010696	7.954947
8010702	7.031502
8010719	6.18824
8010737	6.67677
8010747	7.022218
8010766	5.802201
8010768	8.357273
8010770	10.2145
8010778	8.008553
8010780	5.065189
8010783	6.528875
8010785	3.204412
8010787	6.812641
8010804	8.316971
8010820	7.381399
8010832	6.561461
8010841	5.718108
8010848	6.980794
8010897	7.489592
8010901	6.449963
8010903	6.195346
8010915	7.546069
8010918	7.298764
8010924	7.908958
8010946	5.946668
8010949	7.600763
8010963	5.344345
8010967	6.341628
8010978	8.256288
8010983	7.766534
8011009	2.622454
8011011	8.666743
8011018	9.782462
8011027	7.835778
8011062	8.045199
8011077	10.70635
8011093	10.27597
8011110	8.417735
8011112	10.6731
8011114	8.6164
8011131	7.637531
8011141	8.611581
8011188	7.483891
8011193	8.641545
8011200	6.035686
8011212	7.705634
8011214	4.793272
8011218	7.025491
8011220	7.587755
8011222	6.565308
8011245	5.947034
8011262	7.073298
8011270	5.764721
8011275	5.806342
8011291	6.267744
8011293	7.094368
8011320	4.588226
8011322	4.065317
8011324	3.931705
8011328	5.125867
8011331	5.023839
8011337	5.073399
8011339	4.590518
8011341	3.164655
8011343	2.955994
8011354	5.420527
8011375	6.68159
8011396	6.993858
8011407	8.498052
8011415	5.598355
8011430	6.298768
8011462	7.830097
8011480	5.590029
8011499	6.145446
8011516	7.241323
8011542	7.727653
8011599	7.608406
8011626	9.60013
8011640	6.442419
8011671	6.993639
8011678	3.073499
8011680	5.489297
8011692	6.125166
8011713	8.828417
8011724	4.875648
8011732	4.408463
8011734	6.60044
8011747	7.40439
8011759	9.753675
8011765	6.52192
8011774	7.401175
8011797	5.59157
8011808	6.831858
8011817	4.408586
8011823	3.467761
8011826	5.483295
8011832	6.394041
8011850	6.707738
8011861	5.970904
8011875	8.444856
8011884	7.81777
8011912	6.180465
8011924	6.039935
8011945	6.334105
8011968	6.702556
8011975	6.183146
8011990	4.513183
8012000	9.622682
8012004	5.525686
8012006	5.549967
8012013	5.580386
8012028	6.304543
8012043	5.745449
8012054	5.093014
8012079	7.411951
8012099	7.708934
8012110	10.60374
8012116	8.256161
8012126	9.587191
8012138	3.178101
8012140	6.812811
8012150	7.98477
8012166	5.801335
8012197	5.661468
8012207	5.519123
8012212	6.525757
8012218	7.079956
8012220	6.618222
8012226	7.130672
8012247	6.566523
8012257	6.932413
8012270	5.243895
8012274	6.911747
8012282	6.327246
8012285	4.591648
8012304	7.510351
8012309	5.176338
8012326	5.906756
8012344	6.745846
8012349	8.417925
8012376	7.455572
8012383	5.959972
8012397	6.837929
8012403	6.31018
8012416	5.001197
8012423	7.306683
8012450	5.409901
8012464	5.654809
8012466	5.762077
8012469	6.08709
8012473	8.118963
8012475	5.806675
8012518	5.377968
8012520	4.322053
8012528	5.012897
8012535	6.307761
8012539	6.361262
8012558	8.706202
8012581	5.75832
8012591	5.207152
8012598	4.393193
8012605	6.617803
8012625	4.021644
8012663	2.851811
8012696	3.342695
8012726	2.816666
8012753	4.015438
8012787	4.808213
8012823	6.258422
8012830	5.298145
8012837	5.472196
8012839	2.75945
8012843	5.586312
8012852	3.614686
8012854	1.850846
8012856	6.972796
8012883	6.072394
8012887	6.16059
8012891	5.933235
8012893	4.445286
8012896	6.741233
8012906	4.213292
8012908	4.304284
8012918	4.602733
8012924	5.472985
8012928	2.537933
8012931	6.852832
8012949	6.205056
8012951	8.131034
8012953	9.758578
8012958	7.847815
8012961	8.236225
8013013	4.367111
8013015	5.676862
8013022	6.22869
8013026	3.730761
8013035	5.209889
8013042	9.785049
8013049	5.992531
8013061	7.848512
8013068	6.866461
8013071	7.767106
8013089	7.409901
8013094	6.766165
8013109	7.526948
8013112	7.480476
8013120	6.386538
8013131	5.050356
8013135	7.492876
8013157	6.579764
8013159	8.004306
8013177	2.428057
8013179	6.034789
8013191	8.598362
8013222	7.631184
8013243	5.355832
8013259	7.497878
8013262	8.453478
8013268	5.368423
8013272	5.464237
8013292	3.86095
8013294	5.383763
8013305	3.966915
8013307	9.775944
8013309	4.773682
8013312	5.836661
8013319	4.824659
8013323	9.537592
8013325	9.537592
8013327	6.327989
8013329	9.537592
8013331	5.533278
8013341	4.803771
8013348	10.16288
8013354	6.636589
8013356	2.85109
8013358	2.642813
8013360	2.169165
8013362	2.512365
8013364	5.236725
8013384	7.341609
8013399	5.752287
8013431	7.063547
8013448	2.445448
8013450	8.869896
8013465	7.908428
8013473	5.900609
8013479	5.737451
8013484	2.858049
8013486	7.723564
8013500	6.517273
8013509	6.735204
8013515	5.058455
8013517	2.349626
8013519	3.694097
8013521	7.631567
8013523	4.050082
8013525	2.073695
8013527	2.508213
8013529	4.752034
8013531	4.130772
8013533	7.070596
8013536	8.037177
8013567	3.503085
8013570	4.073912
8013572	2.251964
8013574	5.729074
8013581	6.23455
8013588	7.579717
8013602	4.91292
8013606	5.502414
8013616	5.648587
8013622	6.021597
8013633	7.574718
8013641	7.695109
8013660	7.909914
8013671	5.221921
8013696	7.848115
8013741	8.595062
8013747	6.039491
8013753	5.571495
8013771	6.260562
8013776	7.447595
8013784	2.168327
8013786	2.198365
8013788	8.946589
8013804	8.382374
8013812	6.748978
8013833	5.43569
8013858	5.314019
8013860	6.738689
8013906	8.877413
8013908	9.311535
8013915	5.875009
8013917	2.545696
8013919	6.362432
8013923	6.783279
8013947	5.466674
8013965	9.369805
8013987	5.051452
8013989	4.881728
8014008	5.427152
8014023	5.617628
8014025	3.852278
8014033	8.424675
8014035	5.779716
8014037	9.035379
8014047	4.75016
8014057	3.281232
8014063	10.22327
8014066	7.190561
8014071	3.470327
8014073	6.526686
8014081	7.183096
8014100	4.202005
8014113	2.392005
8014115	7.446087
8014140	5.583787
8014142	3.967385
8014144	4.431622
8014158	4.558016
8014160	5.141896
8014167	4.372571
8014169	5.110577
8014172	3.995098
8014189	7.967533
8014197	3.951323
8014199	5.929911
8014214	6.050738
8014230	6.445621
8014233	6.0673
8014241	5.386709
8014248	5.138296
8014257	5.929621
8014259	3.729224
8014264	4.141568
8014269	6.782852
8014282	6.568105
8014298	3.914466
8014316	7.178605
8014326	4.133695
8014334	3.419477
8014342	3.931624
8014349	6.465655
8014361	3.912835
8014369	12.08552
8014376	9.150549
8014391	13.27465
8014397	9.062728
8014414	13.27465
8014420	9.152084
8014435	2.939138
8014437	9.171029
8014452	4.519817
8014454	6.324719
8014485	5.858789
8014487	6.84742
8014551	7.873673
8014574	6.688357
8014591	5.813345
8014603	9.250803
8014633	9.229871
8014648	2.939138
8014650	10.32146
8014664	6.681654
8014666	5.074711
8014679	6.228833
8014700	5.444852
8014702	6.099745
8014704	7.260878
8014706	6.572514
8014723	7.25656
8014738	8.471375
8014749	7.690789
8014755	7.491557
8014757	2.640317
8014768	5.510422
8014787	4.352374
8014794	6.421594
8014812	5.653916
8014825	7.264185
8014841	6.580369
8014861	2.283752
8014865	5.903498
8014871	6.322143
8014882	8.614059
8014891	6.303969
8014903	7.299283
8014916	7.722265
8014925	6.837401
8014954	2.570858
8014956	9.202552
8014969	6.865054
8014974	4.286724
8015016	6.395434
8015031	6.38831
8015037	4.375239
8015039	7.623795
8015049	3.3193
8015060	5.908379
8015070	3.953483
8015078	3.328423
8015087	4.719806
8015095	2.739836
8015104	5.832136
8015115	4.175965
8015124	4.90839
8015133	9.810054
8015144	4.324814
8015152	4.477999
8015163	2.880334
8015169	4.551498
8015173	5.167278
8015179	6.411452
8015187	7.552934
8015189	6.637749
8015196	7.142664
8015206	8.324832
8015208	8.33187
8015210	7.6205
8015214	7.562039
8015218	7.660247
8015221	7.555514
8015223	7.20866
8015230	7.625309
8015232	5.893798
8015236	7.261082
8015240	5.51608
8015242	7.498125
8015247	6.610893
8015252	6.074287
8015257	6.493987
8015262	6.258422
8015268	4.607871
8015273	5.067556
8015280	5.414397
8015287	4.552087
8015293	5.390324
8015301	5.189089
8015312	3.505077
8015323	13.47961
8015337	8.753414
8015349	11.07688
8015357	3.85616
8015366	6.579387
8015376	8.505177
8015387	9.626655
8015396	6.34561
8015410	7.097126
8015412	9.006015
8015432	5.427506
8015445	6.322263
8015456	5.728395
8015460	7.66963
8015490	7.084791
8015503	5.658474
8015511	6.508325
8015526	6.487727
8015545	9.99158
8015554	6.10851
8015572	6.412418
8015575	6.381582
8015590	9.116257
8015607	11.723
8015635	5.383735
8015642	5.727036
8015655	7.669369
8015665	6.718418
8015681	6.157057
8015685	7.606445
8015706	6.022445
8015712	6.183124
8015715	7.631907
8015730	6.164434
8015735	4.737628
8015737	7.947981
8015739	3.306077
8015741	6.161539
8015757	5.228851
8015759	8.768645
8015769	4.965796
8015798	5.493815
8015802	2.212705
8015804	5.52265
8015806	5.156982
8015821	6.124458
8015827	6.488492
8015835	7.8239
8015846	5.854384
8015868	4.855662
8015884	4.709761
8015890	5.825219
8015900	6.249715
8015906	3.329441
8015908	7.582452
8015914	7.236372
8015944	3.711855
8015946	6.212647
8015955	6.697411
8015969	7.537794
8015991	4.637033
8016018	8.029932
8016033	5.702807
8016042	3.934837
8016044	5.637722
8016077	6.734733
8016086	6.120855
8016088	5.534521
8016094	5.82522
8016099	7.379376
8016128	6.586703
8016139	5.850813
8016147	5.34425
8016155	7.609446
8016159	6.814696
8016168	7.428349
8016187	4.694033
8016194	5.997924
8016213	6.366981
8016215	8.506126
8016232	6.736212
8016239	8.241366
8016245	8.256166
8016257	5.643615
8016259	6.145333
8016261	6.7666
8016263	5.553648
8016266	7.701113
8016283	2.435572
8016285	6.369229
8016300	6.309549
8016311	6.012556
8016320	8.21697
8016324	5.875882
8016336	6.408731
8016366	5.683824
8016371	6.187865
8016382	6.523884
8016387	6.367188
8016390	5.818821
8016400	5.669503
8016402	7.392345
8016412	3.546776
8016414	5.153867
8016429	6.091101
8016431	3.040485
8016433	5.291912
8016438	5.707143
8016444	5.908204
8016452	6.731579
8016455	3.154391
8016457	5.40048
8016463	6.286562
8016468	5.4067
8016473	5.998953
8016476	5.561567
8016482	5.69443
8016484	4.807848
8016487	5.495176
8016494	4.747545
8016504	6.135812
8016508	7.201409
8016519	6.792089
8016521	3.646055
8016523	5.227901
8016532	4.350313
8016540	6.867165
8016546	6.889061
8016552	7.380648
8016562	8.206474
8016578	7.219003
8016590	6.780416
8016600	5.855936
8016607	4.252272
8016609	5.119009
8016615	6.004334
8016628	6.792398
8016640	6.458525
8016646	7.211894
8016699	6.83182
8016708	8.272836
8016718	5.442573
8016725	6.388723
8016735	5.336952
8016739	10.73779
8016745	11.13459
8016787	10.40741
8016789	6.925357
8016806	5.746357
8016808	4.186053
8016825	4.911214
8016832	4.990279
8016841	2.865948
8016847	10.70671
8016858	7.003767
8016866	4.964408
8016868	5.536529
8016870	4.179263
8016878	6.935521
8016891	6.944231
8016898	9.735229
8016909	4.852369
8016932	5.255622
8016947	6.405149
8016980	7.604812
8016982	8.612953
8016994	6.868902
8017010	4.014731
8017019	7.214351
8017039	6.019652
8017057	4.177685
8017061	3.556543
8017096	6.502693
8017098	7.20041
8017100	4.604122
8017102	5.210776
8017104	3.826912
8017106	6.121514
8017133	6.432857
8017139	2.220413
8017141	2.69513
8017143	4.846295
8017148	2.637707
8017150	5.021569
8017162	7.877583
8017173	8.51829
8017186	5.873894
8017210	8.826616
8017212	10.31577
8017235	7.881962
8017251	4.211858
8017253	4.094901
8017257	3.254821
8017259	3.27385
8017262	3.577708
8017283	6.196714
8017310	2.191189
8017312	9.507761
8017344	6.46574
8017346	8.17309
8017361	5.487619
8017363	2.080065
8017365	3.895955
8017378	5.908791
8017391	2.606425
8017393	7.512258
8017402	6.427716
8017421	8.444437
8017437	6.521786
8017460	7.242578
8017476	5.870346
8017480	4.50816
8017488	6.137469
8017499	6.171745
8017505	4.394487
8017511	5.237583
8017521	5.593409
8017547	5.88596
8017555	8.569289
8017582	6.154341
8017597	4.822178
8017599	9.759176
8017619	2.720896
8017621	6.834844
8017634	11.53432
8017651	7.102589
8017671	8.137591
8017675	10.08068
8017688	7.919854
8017702	4.982252
8017704	5.708327
8017711	9.555424
8017718	5.759521
8017736	3.623514
8017766	3.208279
8017776	7.617633
8017810	6.752672
8017825	4.973728
8017827	3.918415
8017829	4.189283
8017831	5.607648
8017840	5.343438
8017843	8.18776
8017850	7.47991
8017867	5.551005
8017885	3.298769
8017927	3.99481
8017964	3.698727
8018006	3.833478
8018038	6.886827
8018078	2.118218
8018082	6.753613
8018093	4.729094
8018095	2.227549
8018097	7.406224
8018102	5.037105
8018107	7.473541
8018114	5.253134
8018156	4.339663
8018164	5.981493
8018169	7.32851
8018177	7.376619
8018184	5.318751
8018189	7.860178
8018196	7.957858
8018209	6.54625
8018220	5.960452
8018236	6.267557
8018251	5.898905
8018258	5.630996
8018264	7.019564
8018288	8.96751
8018295	2.89201
8018297	6.422798
8018305	8.320557
8018315	8.274959
8018324	7.110132
8018343	5.690672
8018352	5.712745
8018364	9.749495
8018377	5.175786
8018379	5.818811
8018400	6.976357
8018428	6.65482
8018439	12.47139
8018445	5.316887
8018449	7.813258
8018482	8.769264
8018494	6.930785
8018502	6.830078
8018511	6.218847
8018522	6.660437
8018558	9.103155
8018579	7.861686
8018600	7.660923
8018620	6.938346
8018646	6.121298
8018652	5.617535
8018673	5.722086
8018694	6.709975
8018708	5.944548
8018731	7.163042
8018754	6.144658
8018761	6.848714
8018774	6.1185
8018786	5.353354
8018791	4.6675
8018793	8.820965
8018803	10.33645
8018816	7.562249
8018818	4.206898
8018823	7.600303
8018849	6.515807
8018860	4.039123
8018864	10.73109
8018870	5.76978
8018872	6.636163
8018906	8.510996
8018908	4.715975
8018922	8.58776
8018935	5.405243
8018937	8.636311
8018966	10.02405
8018972	7.520413
8018975	8.64574
8018982	7.558836
8018993	6.276633
8019005	6.46176
8019010	6.601324
8019018	7.456042
8019031	5.988773
8019046	11.67043
8019061	8.005568
8019071	5.441621
8019074	5.82522
8019081	5.164799
8019083	6.120015
8019088	5.901161
8019090	6.634631
8019108	6.559167
8019136	6.160373
8019149	7.509305
8019170	6.460177
8019177	6.057265
8019181	6.977992
8019183	13.43797
8019194	6.885107
8019211	9.064425
8019231	5.935805
8019238	7.218846
8019243	5.965304
8019250	10.60259
8019263	8.959705
8019273	8.090604
8019280	7.417596
8019296	8.030312
8019308	9.091017
8019316	5.863419
8019331	6.930506
8019334	5.659763
8019347	5.108897
8019350	7.12522
8019357	8.07508
8019367	6.58966
8019376	7.081614
8019392	7.40716
8019437	6.393839
8019463	10.25936
8019478	8.411123
8019486	9.428989
8019494	5.834458
8019507	8.213038
8019517	4.029094
8019521	5.237865
8019523	9.162527
8019532	6.070597
8019541	7.18418
8019545	6.524287
8019559	7.217056
8019561	2.163009
8019563	4.586008
8019565	7.20866
8019570	5.173798
8019574	7.562039
8019576	7.6205
8019578	7.142664
8019585	6.637749
8019588	6.411452
8019593	5.167278
8019597	4.551498
8019599	2.880334
8019604	4.477999
8019614	4.324814
8019622	7.685382
8019631	10.33282
8019633	10.33282
8019635	10.33282
8019637	10.33282
8019639	10.33282
8019641	10.33282
8019643	5.814707
8019647	2.939138
8019649	6.681654
8019651	12.32967
8019655	9.209111
8019669	6.007613
8019687	5.364151
8019693	7.954947
8019699	6.050013
8019703	10.33282
8019705	10.33282
8019707	10.33282
8019709	10.29448
8019711	6.40781
8019716	9.232415
8019731	13.27465
8019737	8.011515
8019751	3.515457
8019754	6.627043
8019762	10.28432
8019765	8.944856
8019772	8.243953
8019778	7.286741
8019796	9.889931
8019798	8.378789
8019802	10.34637
8019804	3.841769
8019807	6.603272
8019828	3.791373
8019831	4.509764
8019842	4.166812
8019851	5.092117
8019857	3.254333
8019875	2.125407
8019877	11.35166
8019885	10.86879
8019908	6.479619
8019910	4.319396
8019912	7.878169
8019924	7.823605
8019930	10.0598
8019937	6.333495
8019939	7.171442
8019954	9.612962
8019958	2.019741
8019960	2.323907
8019962	5.558434
8019964	3.484649
8019988	6.837768
8020025	5.817072
8020027	5.993486
8020029	6.980593
8020037	5.810278
8020058	7.899839
8020068	9.024004
8020086	9.388712
8020088	7.067735
8020090	7.760381
8020100	8.349047
8020110	10.05114
8020123	4.870029
8020129	7.95036
8020139	8.571643
8020141	6.258452
8020149	7.324874
8020162	7.356536
8020164	4.700763
8020179	9.971656
8020183	7.152746
8020197	3.202059
8020209	2.469506
8020211	4.916545
8020220	8.09486
8020226	5.823923
8020239	3.062013
8020241	6.923639
8020252	2.35245
8020254	6.482478
8020267	6.256975
8020308	6.171249
8020321	5.327675
8020323	8.815449
8020339	4.658043
8020343	4.501176
8020347	4.087851
8020349	4.105217
8020352	5.217163
8020354	3.864107
8020357	2.583008
8020375	3.734581
8020377	3.346665
8020382	2.715521
8020384	3.809438
8020411	5.169615
8020419	4.322073
8020421	2.31206
8020423	6.58901
8020449	5.763251
8020451	4.407957
8020453	3.98074
8020455	6.701725
8020464	3.0069
8020466	2.405973
8020468	6.480092
8020491	5.624187
8020493	3.143997
8020495	6.652295
8020508	10.67573
8020527	7.932559
8020549	5.716961
8020551	5.39829
8020630	6.171146
8020647	5.735708
8020650	5.867721
8020653	4.47965
8020664	2.055703
8020666	3.454922
8020668	5.567112
8020682	2.328124
8020684	4.086922
8020691	2.631621
8020702	3.951872
8020717	2.638088
8020722	2.21611
8020724	3.171629
8020740	3.562142
8020760	6.198663
8020762	4.762142
8020779	7.789947
8020795	5.572143
8020802	2.41197
8020806	5.220816
8020814	7.046739
8020825	6.304078
8020827	3.400304
8020842	5.591033
8020844	3.466797
8020847	3.761127
8020878	7.626097
8020889	6.831506
8020898	5.48776
8020903	9.304548
8020919	4.376988
8020930	6.326616
8020955	5.77516
8020973	4.891856
8021001	3.859191
8021013	3.160141
8021015	7.688243
8021043	3.841497
8021045	3.767642
8021047	5.877093
8021058	4.942146
8021081	5.6346
8021091	5.654315
8021101	3.478596
8021113	8.586168
8021120	5.084624
8021129	4.92006
8021131	4.270338
8021147	2.473246
8021150	4.024218
8021152	4.184526
8021154	6.376297
8021169	6.45188
8021181	10.08175
8021183	10.27762
8021185	3.976692
8021187	2.749229
8021199	5.521104
8021208	8.069293
8021222	5.361059
8021228	7.757168
8021243	2.611665
8021245	4.572666
8021275	6.117495
8021286	3.054889
8021297	2.856639
8021301	7.746456
8021312	6.970173
8021342	4.79787
8021344	6.275362
8021349	3.175745
8021357	5.968835
8021363	5.740069
8021365	7.159473
8021368	5.916303
8021372	4.461577
8021374	4.003182
8021376	8.880411
8021416	2.596417
8021418	7.361159
8021440	5.194108
8021442	5.721586
8021453	6.581861
8021461	5.82028
8021468	5.819856
8021470	9.671918
8021478	5.208211
8021480	2.280397
8021482	3.141027
8021484	4.22031
8021496	7.789205
8021528	7.520502
8021540	2.843114
8021542	7.555102
8021546	6.486716
8021563	5.968492
8021565	7.49696
8021584	4.406661
8021594	2.957293
8021603	8.881639
8021614	5.126288
8021623	4.146291
8021635	9.961607
8021645	3.704549
8021653	7.938368
8021664	2.677351
8021666	2.817657
8021668	3.969123
8021683	2.181076
8021685	3.60695
8021695	4.207769
8021707	6.947121
8021712	7.501315
8021714	5.772452
8021716	5.096133
8021725	6.395915
8021727	9.129192
8021741	4.602401
8021756	6.693493
8021768	5.352486
8021774	5.796832
8021777	3.690185
8021783	5.868408
8021818	5.007349
8021824	3.002705
8021826	6.303161
8021832	6.939517
8021866	6.292501
8021884	7.91648
8021900	7.103726
8021905	5.90184
8021914	8.137808
8021919	7.06953
8021924	6.637237
8021946	5.34189
8021963	6.974672
8021966	6.786169
8021984	7.816953
8021993	4.098091
8021995	2.506195
8022007	5.014301
8022009	6.677285
8022020	3.42478
8022022	7.588765
8022043	7.41989
8022045	5.273402
8022085	5.786687
8022100	5.193745
8022102	2.47999
8022104	3.169428
8022106	4.493076
8022110	5.145092
8022118	7.716183
8022145	5.221583
8022168	2.925762
8022170	9.946009
8022176	4.722381
8022243	4.466591
8022245	2.907766
8022247	2.836908
8022249	3.555868
8022251	9.804233
8022275	2.40486
8022277	7.211616
8022279	3.408528
8022281	2.242376
8022283	3.647266
8022295	4.31016
8022310	4.890525
8022320	9.216088
8022326	6.748016
8022338	6.648385
8022340	2.958307
8022342	6.589404
8022356	6.700967
8022378	3.467927
8022380	4.614888
8022393	7.516956
8022404	8.004556
8022410	7.70807
8022412	3.974616
8022418	6.676732
8022420	3.583261
8022426	4.151384
8022428	3.867219
8022434	4.589444
8022436	2.96579
8022439	2.215344
8022441	7.989351
8022471	1.892317
8022473	7.784999
8022488	9.051294
8022498	2.72753
8022500	2.108386
8022502	4.495299
8022504	2.889616
8022506	6.253968
8022508	3.318137
8022514	5.281087
8022531	8.831002
8022557	6.472449
8022559	4.650537
8022570	3.243242
8022572	6.076831
8022606	5.829474
8022608	6.756039
8022610	5.699491
8022612	4.389186
8022623	6.289826
8022625	7.383668
8022640	6.06275
8022642	1.808573
8022644	2.831493
8022646	5.350834
8022653	5.606192
8022655	3.452071
8022666	3.869878
8022674	4.941736
8022692	4.189304
8022711	8.388979
8022728	3.182293
8022745	3.064481
8022747	3.915018
8022761	2.540684
8022763	2.363125
8022767	7.892722
8022799	5.29184
8022803	7.621262
8022814	10.20568
8022817	3.90687
8022831	2.560444
8022856	3.485183
8022870	5.020901
8022872	4.281911
8022882	7.587806
8022892	3.758469
8022902	5.836739
8022912	6.242821
8022914	7.361897
8022927	7.598195
8022941	6.801344
8022952	6.095218
8022970	4.833193
8022972	8.033936
8022974	3.088627
8022976	3.288758
8022986	4.432296
8022994	2.555841
8022996	8.492867
8023043	9.58749
8023059	7.805679
8023061	5.939428
8023063	7.803362
8023078	2.849769
8023080	5.780167
8023121	4.896935
8023133	7.032341
8023152	5.58644
8023154	5.597188
8023156	5.604689
8023159	5.134319
8023165	7.248473
8023175	7.311358
8023184	5.963907
8023187	2.393727
8023189	5.740502
8023191	6.119244
8023195	7.567658
8023212	6.49857
8023216	4.330289
8023218	4.447862
8023220	6.869703
8023228	7.666418
8023246	7.502569
8023252	5.727638
8023259	5.207668
8023261	5.350764
8023267	8.814236
8023308	6.007049
8023310	3.012674
8023312	4.611858
8023314	4.286468
8023323	8.040632
8023344	7.005578
8023361	3.4605
8023373	2.194071
8023375	3.46938
8023377	7.659885
8023380	4.023176
8023382	8.967382
8023392	7.194906
8023394	2.383632
8023401	3.209615
8023415	5.259129
8023437	3.991396
8023448	6.267454
8023450	7.379789
8023462	1.898055
8023466	5.526724
8023481	9.390063
8023497	8.890192
8023526	6.582657
8023528	4.185754
8023545	2.260226
8023549	6.598094
8023554	3.324076
8023561	6.917041
8023575	4.834673
8023591	3.964476
8023593	3.931682
8023596	4.456988
8023598	6.244145
8023605	6.539917
8023640	3.288555
8023642	2.080367
8023646	6.425067
8023656	7.637795
8023672	10.1648
8023688	8.540746
8023696	10.59555
8023703	4.121375
8023708	3.96385
8023710	3.685388
8023727	4.35198
8023735	5.974373
8023757	4.548582
8023766	4.862072
8023816	3.630551
8023822	5.06207
8023828	3.049752
8023843	3.577365
8023855	8.106918
8023862	7.295526
8023864	4.563415
8023868	5.776799
8023871	6.900573
8023876	4.486479
8023882	6.980437
8023889	7.798264
8023906	2.142172
8023908	3.251754
8023910	5.140263
8023914	7.684616
8023920	5.857799
8023926	4.768126
8023933	5.754266
8023935	3.198145
8023937	2.943408
8023939	5.62486
8023941	7.457525
8023948	7.039707
8023955	9.416298
8023968	7.546215
8023977	6.697944
8023984	7.088144
8023990	6.620402
8023995	6.927947
8024001	8.245423
8024003	7.153915
8024013	6.654043
8024019	8.928167
8024038	6.474725
8024048	7.366168
8024056	6.943853
8024062	8.190176
8024070	6.808989
8024078	7.08264
8024089	7.112695
8024100	6.633312
8024111	9.918426
8024120	7.659042
8024170	7.401005
8024194	9.169143
8024204	6.646491
8024219	7.894433
8024228	9.490131
8024238	9.093248
8024246	7.746344
8024250	6.872875
8024255	5.948236
8024273	6.470963
8024282	6.986981
8024299	8.15099
8024304	5.553867
8024306	5.576692
8024323	6.807836
8024331	7.255044
8024347	6.372163
8024356	6.34134
8024358	8.27383
8024373	6.481504
8024391	7.743313
8024420	7.609987
8024429	6.876201
8024436	10.81037
8024444	6.371801
8024446	7.010192
8024467	5.978206
8024485	12.06612
8024494	3.416277
8024497	6.875392
8024511	6.53614
8024518	8.02234
8024527	5.399119
8024532	6.127866
8024537	4.890114
8024557	6.733736
8024566	6.563784
8024572	9.29207
8024582	7.08208
8024584	7.109865
8024605	5.757801
8024623	7.301709
8024637	7.503952
8024655	7.804692
8024660	7.653391
8024676	6.193727
8024682	5.583161
8024687	9.401978
8024708	5.624094
8024712	5.998129
8024728	6.612308
8024740	7.173048
8024754	6.242611
8024768	6.697834
8024792	6.238125
8024798	6.37952
8024808	5.964473
8024816	5.572219
8024829	6.084787
8024843	7.231767
8024864	6.879877
8024882	5.215142
8024885	5.185758
8024888	4.658402
8024896	5.196819
8024898	6.394989
8024900	6.099853
8024909	7.580198
8024934	5.197187
8024936	9.178017
8024956	5.766434
8024966	7.415845
8024971	4.956239
8024995	6.988483
8025000	6.201164
8025004	8.429774
8025011	3.964545
8025028	6.912604
8025035	5.217874
8025041	7.109988
8025051	6.664042
8025053	7.196092
8025058	9.956958
8025076	9.736284
8025103	9.604474
8025124	5.678918
8025126	5.97702
8025129	5.311654
8025132	5.124711
8025142	7.64339
8025169	5.084677
8025179	6.839637
8025183	8.71794
8025199	7.776744
8025237	7.270741
8025255	8.978028
8025278	6.079674
8025285	8.004605
8025296	8.439878
8025301	4.847427
8025303	4.390895
8025321	7.123693
8025328	6.162423
8025347	5.784036
8025351	6.188516
8025368	7.613485
8025375	5.597406
8025382	6.819969
8025395	9.839915
8025402	7.587831
8025414	8.899098
8025421	7.650961
8025429	9.1067
8025450	6.027179
8025452	3.23369
8025456	5.060597
8025458	6.038568
8025470	4.049273
8025474	3.57588
8025476	3.850594
8025478	5.705921
8025488	4.992754
8025498	10.81868
8025500	8.007036
8025506	6.549792
8025515	5.206316
8025522	4.895615
8025551	6.743483
8025563	6.529044
8025584	3.452889
8025586	6.257324
8025601	12.3115
8025612	9.424266
8025621	6.896946
8025633	6.4607
8025659	7.204223
8025672	9.664709
8025697	8.0282
8025728	6.618162
8025741	9.624757
8025766	6.604452
8025783	6.086614
8025788	7.560948
8025826	6.21434
8025828	8.977897
8025850	5.975278
8025858	3.918644
8025868	6.542587
8025877	7.574249
8025888	6.499496
8025893	4.000874
8025895	8.833919
8025918	5.474112
8025927	6.31416
8025933	4.366445
8025945	5.438933
8025951	4.531555
8025958	6.545559
8025964	4.919049
8025968	5.798562
8025973	6.959865
8025978	5.23249
8025982	5.814572
8025984	7.791329
8025990	3.987617
8025992	4.831661
8025996	3.337708
8025998	6.558346
8026005	3.51212
8026007	6.656895
8026013	6.256253
8026024	7.358534
8026035	4.770112
8026047	11.52737
8026051	6.395477
8026063	5.167901
8026090	5.766236
8026106	9.030931
8026122	7.192884
8026133	5.175785
8026139	6.728176
8026155	6.671925
8026163	10.9347
8026170	6.985713
8026182	6.495617
8026193	8.179613
8026198	7.698821
8026212	6.466168
8026214	7.200373
8026217	6.652215
8026250	7.298631
8026265	5.489166
8026272	6.141044
8026292	6.776891
8026294	6.521162
8026298	5.779716
8026300	9.930152
8026315	7.423975
8026339	5.557022
8026341	8.17105
8026350	6.203306
8026361	7.32757
8026363	5.76775
8026365	6.019591
8026381	2.609571
8026383	4.36021
8026385	4.574383
8026388	5.229531
8026390	6.173263
8026398	3.906292
8026405	6.340159
8026407	5.528441
8026418	3.380791
8026420	4.582842
8026422	6.763578
8026424	5.7073
8026440	8.379749
8026442	4.726468
8026456	9.186236
8026468	6.751601
8026483	4.352195
8026486	3.610983
8026488	5.401296
8026490	8.104272
8026494	3.658373
8026496	4.587655
8026503	5.343571
8026513	9.863185
8026520	7.323256
8026533	7.447812
8026541	6.111263
8026548	6.887432
8026564	8.241963
8026568	5.256516
8026579	5.856266
8026587	5.479305
8026610	7.162733
8026631	5.957979
8026638	8.802384
8026679	6.691696
8026687	6.630858
8026696	3.408471
8026698	7.12264
8026712	5.687545
8026724	7.212832
8026729	8.203346
8026735	6.658921
8026751	6.885532
8026763	5.997092
8026780	5.921811
8026787	5.587616
8026806	7.813638
8026821	6.982272
8026830	6.415979
8026861	8.309591
8026868	9.905589
8026875	8.583117
8026877	5.025668
8026895	7.186887
8026900	5.665095
8026915	7.500518
8026926	7.848201
8026954	6.049251
8026971	12.14108
8026982	7.312461
8026989	5.110058
8026991	6.53508
8027002	9.727799
8027006	7.44357
8027018	7.591707
8027024	10.10695
8027032	6.646929
8027040	6.489732
8027049	5.640772
8027053	6.959644
8027074	7.883533
8027100	6.574005
8027117	6.429358
8027128	7.002299
8027139	6.861251
8027152	5.357287
8027167	2.169033
8027169	8.143597
8027184	7.47598
8027205	6.389569
8027213	7.514133
8027222	6.028305
8027233	7.798635
8027239	3.828595
8027241	4.705944
8027247	4.93451
8027254	5.445608
8027258	8.526355
8027260	6.83902
8027268	6.725973
8027272	5.04931
8027279	6.034036
8027285	5.487755
8027292	7.02466
8027297	6.309644
8027304	6.573403
8027312	6.208314
8027320	4.009825
8027323	3.162793
8027330	3.981322
8027332	2.894926
8027341	3.001571
8027343	6.531123
8027345	4.381109
8027348	3.785405
8027352	12.18183
8027354	5.760666
8027363	3.148377
8027368	6.454488
8027377	5.644698
8027381	6.682511
8027383	2.733149
8027385	7.47883
8027390	6.090918
8027398	6.981247
8027402	6.158927
8027414	7.091447
8027416	6.827947
8027431	3.555102
8027439	5.907462
8027448	5.135692
8027473	7.540145
8027480	4.470966
8027482	3.866502
8027510	5.584366
8027519	2.260184
8027521	5.450677
8027543	4.04984
8027556	6.56917
8027564	4.970459
8027566	6.550189
8027574	6.896729
8027584	5.261598
8027592	8.987877
8027604	7.280062
8027621	8.414279
8027642	4.744195
8027650	6.965593
8027665	6.85344
8027674	6.379322
8027685	4.67338
8027692	3.170562
8027701	10.24848
8027719	7.263636
8027728	6.752194
8027744	3.913995
8027746	4.130173
8027748	8.986547
8027760	7.242908
8027770	7.368237
8027778	7.930867
8027793	8.055669
8027805	8.13788
8027819	6.381457
8027824	5.097337
8027837	5.951703
8027854	7.173092
8027856	6.28928
8027860	6.770829
8027862	11.79268
8027864	5.324582
8027876	7.091958
8027884	12.59185
8027886	6.100685
8027908	6.657556
8027920	6.167757
8027932	8.081632
8027938	10.27807
8027947	6.02804
8027956	6.625319
8027996	9.290597
8028004	7.145449
8028016	6.171018
8028030	6.836895
8028058	5.838516
8028084	5.467283
8028102	7.008744
8028104	7.366434
8028112	5.707995
8028117	7.450119
8028119	5.557851
8028158	5.835125
8028162	7.884045
8028172	10.01484
8028186	5.774219
8028190	5.306174
8028192	6.488827
8028194	3.207876
8028200	3.463814
8028206	4.540818
8028213	4.037307
8028219	4.771856
8028227	5.363682
8028233	5.000669
8028241	4.937262
8028248	4.171653
8028254	5.192396
8028266	3.382185
8028275	1.989502
8028277	2.607365
8028279	2.264088
8028281	2.480985
8028283	3.085931
8028286	6.897608
8028309	5.349863
8028311	8.092926
8028323	6.178127
8028325	8.422567
8028332	7.558803
8028341	5.695565
8028380	8.107883
8028389	6.553502
8028397	7.150932
8028407	5.380309
8028514	8.19276
8028524	10.50166
8028546	6.924212
8028552	8.08168
8028563	5.53553
8028570	6.190042
8028583	7.694863
8028600	11.14475
8028607	6.61884
8028613	6.118087
8028624	8.127947
8028643	7.731828
8028645	8.674611
8028652	11.96149
8028656	7.982324
8028674	7.680387
8028705	6.974765
8028719	5.000574
8028730	6.615668
8028737	3.345428
8028742	3.257699
8028744	4.637969
8028750	3.723508
8028756	7.756695
8028770	3.60415
8028778	6.452289
8028789	2.464897
8028791	7.65244
8028806	5.374561
8028851	8.519216
8028872	6.709812
8028908	9.044497
8028916	6.213665
8028924	7.165142
8028930	8.030546
8028940	6.651757
8028950	5.996725
8028955	10.64532
8028963	7.908874
8028973	6.746441
8028984	4.816085
8028991	6.636458
8029006	6.037917
8029029	7.739963
8029050	6.727321
8029056	6.959517
8029065	7.695492
8029076	5.758815
8029086	10.33357
8029098	10.18297
8029107	8.719534
8029117	6.25402
8029129	7.586231
8029136	5.608801
8029147	8.001009
8029182	6.028206
8029188	5.836636
8029193	7.213267
8029214	4.666174
8029219	5.66216
8029236	6.473996
8029273	5.255093
8029280	7.570854
8029289	4.085613
8029299	5.744192
8029301	6.22075
8029306	5.363445
8029311	6.232348
8029318	5.042058
8029321	4.888766
8029331	3.954
8029340	4.831427
8029347	4.849622
8029353	6.726017
8029360	5.00257
8029368	5.028537
8029377	5.756006
8029385	4.56249
8029392	5.408524
8029399	5.018077
8029413	4.980104
8029423	4.388521
8029435	2.849769
8029437	6.857891
8029446	5.996545
8029458	6.017366
8029465	9.345653
8029476	6.420227
8029489	5.590622
8029507	7.797193
8029521	6.430471
8029530	7.541068
8029536	5.670322
8029541	6.285504
8029547	4.463313
8029551	6.632583
8029560	8.138347
8029580	8.373677
8029592	6.799825
8029615	4.824879
8029617	5.413883
8029624	6.512132
8029640	7.907238
8029642	6.618505
8029669	3.283658
8029671	6.313943
8029688	5.549702
8029693	10.13225
8029701	5.167499
8029710	9.026011
8029726	4.937502
8029728	6.678074
8029744	6.867694
8029754	5.653637
8029759	6.932712
8029773	4.76326
8029779	5.770322
8029784	6.051346
8029814	6.517281
8029829	4.860218
8029831	8.633329
8029845	2.685376
8029847	6.014409
8029854	5.739419
8029856	6.420419
8029870	5.636612
8029884	7.239078
8029894	8.086444
8029907	10.70208
8029914	7.134069
8029918	7.971976
8029939	6.180068
8029950	6.62146
8029958	7.704373
8029969	7.906806
8029978	4.725246
8029988	4.127401
8029996	6.188421
8030002	4.040298
8030007	8.03832
8030015	6.155151
8030022	5.553759
8030035	6.942482
8030044	6.025179
8030049	9.525355
8030064	7.059793
8030067	7.575725
8030076	4.425452
8030078	6.335668
8030092	6.377831
8030094	8.018214
8030105	4.937391
8030113	7.181765
8030128	12.07823
8030133	8.987417
8030148	6.469854
8030158	7.638251
8030171	13.14359
8030181	6.588379
8030187	6.598249
8030199	8.663106
8030212	6.337982
8030220	5.857297
8030251	7.871169
8030277	9.883635
8030292	5.608635
8030299	6.329525
8030321	6.653226
8030339	7.46041
8030351	10.49991
8030360	7.64566
8030362	11.32454
8030364	6.959771
8030366	8.222223
8030368	10.58003
8030374	9.153323
8030383	6.464995
8030391	6.762132
8030393	5.636618
8030403	6.788951
8030416	6.900724
8030429	5.839558
8030437	6.832322
8030448	5.406358
8030470	6.968137
8030498	7.741466
8030525	6.949
8030539	7.353156
8030557	6.648214
8030563	4.650562
8030569	5.024274
8030578	5.550949
8030582	7.953178
8030630	7.743285
8030641	5.959937
8030671	5.884439
8030677	5.015564
8030706	7.851313
8030721	6.256653
8030731	2.74439
8030733	4.498958
8030736	6.364068
8030749	5.783684
8030753	5.460031
8030768	5.998286
8030782	6.806839
8030789	6.589338
8030796	4.249574
8030804	5.877789
8030813	3.230527
8030823	4.814633
8030831	4.205966
8030838	5.637427
8030840	2.935217
8030842	7.469338
8030844	5.077396
8030846	7.000274
8030848	6.684553
8030860	11.59346
8030866	7.811069
8030871	4.792163
8030879	2.336512
8030881	8.63842
8030899	5.336175
8030908	5.516173
8030914	5.12304
8030925	5.193769
8030931	5.485756
8030939	4.002273
8030944	2.237678
8030946	7.681897
8030950	5.737573
8030954	5.053298
8030964	5.845363
8030969	3.395869
8030972	3.821032
8030974	5.14739
8030978	5.589021
8030980	9.722744
8030982	7.96016
8030991	9.306881
8030993	5.987591
8030997	4.52218
8030999	7.109251
8031011	5.268194
8031013	3.546939
8031027	2.894681
8031029	2.256233
8031031	3.212215
8031035	2.650163
8031037	1.946467
8031039	2.176237
8031045	2.80401
8031047	9.396034
8031057	5.138498
8031076	6.149107
8031084	7.480955
8031090	6.449636
8031097	7.508819
8031102	6.399534
8031122	7.116992
8031145	7.786377
8031152	10.94821
8031157	5.922069
8031176	8.636798
8031196	6.444964
8031200	3.976752
8031207	7.04977
8031213	7.912108
8031223	8.248766
8031238	7.6536
8031253	6.051634
8031260	5.296889
8031277	5.072073
8031293	5.214946
8031297	4.995758
8031311	5.13211
8031328	5.349904
8031344	7.543931
8031346	5.096118
8031358	5.581124
8031374	10.24205
8031387	6.752966
8031398	5.586134
8031414	9.325159
8031439	4.8287
8031441	5.826048
8031466	6.724638
8031475	7.133543
8031483	7.338078
8031489	6.968819
8031495	7.052279
8031499	6.948124
8031511	6.812504
8031514	6.234513
8031516	6.81849
8031522	5.938555
8031526	5.818131
8031536	7.356171
8031550	7.479615
8031566	3.73719
8031568	6.611046
8031570	3.842942
8031573	3.817076
8031576	3.726452
8031586	3.882669
8031600	4.304921
8031617	6.717564
8031622	5.210491
8031629	6.871843
8031632	4.739457
8031640	4.594985
8031646	5.01575
8031650	3.781185
8031659	5.016318
8031669	4.130775
8031675	6.364071
8031680	2.42762
8031682	5.968393
8031684	2.115969
8031686	3.445651
8031690	7.656885
8031700	5.9405
8031712	4.989003
8031714	8.562585
8031720	5.741181
8031726	5.319983
8031732	6.044732
8031737	6.863981
8031744	5.282548
8031748	4.59243
8031750	5.697487
8031759	5.358857
8031762	5.085694
8031768	4.782215
8031778	4.83786
8031784	6.245387
8031792	5.811222
8031799	3.052882
8031807	5.300971
8031815	6.338957
8031821	7.219623
8031825	7.79497
8031827	8.077397
8031837	7.310493
8031840	3.28155
8031843	5.878627
8031847	6.689287
8031857	6.7153
8031865	7.029255
8031867	9.746145
8031871	7.543959
8031884	5.854086
8031893	6.03286
8031899	8.528961
8031906	4.251086
8031908	5.440232
8031913	8.792109
8031931	7.196782
8031933	7.061291
8031939	5.590888
8031949	6.08977
8031956	5.902004
8031962	6.633345
8031973	7.263007
8031981	7.761738
8031984	3.463938
8031990	9.28674
8031992	11.63622
8031997	9.106327
8031999	9.485622
8032009	6.299979
8032023	5.740771
8032034	6.630815
8032037	6.191815
8032051	7.117284
8032057	7.247364
8032070	5.995109
8032076	7.214878
8032088	7.006853
8032094	6.187313
8032106	7.913586
8032127	9.717243
8032137	8.525784
8032149	7.728006
8032157	9.236968
8032197	7.638402
8032208	5.790022
8032212	7.03476
8032214	6.978066
8032224	7.763071
8032232	5.869785
8032249	6.181819
8032265	6.830588
8032273	4.773672
8032275	6.629178
8032284	6.524684
8032290	7.277794
8032312	5.79701
8032347	6.537446
8032365	7.173826
8032371	8.102079
8032375	6.88066
8032380	6.903467
8032392	9.333973
8032410	9.377886
8032418	8.33942
8032455	7.799351
8032465	7.829247
8032473	6.576905
8032478	5.777207
8032480	5.91271
8032484	6.575919
8032491	6.502583
8032507	2.878099
8032509	6.249243
8032518	6.882051
8032525	6.309257
8032530	8.266576
8032544	5.789798
8032553	7.419688
8032576	8.536008
8032588	6.390921
8032595	7.198561
8032601	6.70497
8032608	7.829099
8032623	5.79955
8032637	6.655447
8032650	7.550435
8032670	6.176258
8032682	6.070394
8032699	6.132739
8032718	7.365258
8032730	10.57702
8032749	6.181881
8032751	5.938658
8032755	8.043271
8032761	7.610388
8032770	6.900411
8032782	6.020597
8032789	7.313203
8032804	9.517591
8032815	7.556386
8032829	6.722223
8032834	9.31313
8032839	8.280264
8032863	7.757646
8032871	6.568959
8032899	7.825457
8032909	9.857645
8032922	6.434544
8032926	5.868142
8032965	6.409142
8032972	7.849679
8032974	8.736232
8032996	6.043261
8033002	7.056348
8033023	6.515208
8033025	6.552493
8033043	8.735143
8033054	8.877619
8033064	6.919949
8033069	6.95134
8033075	7.081405
8033097	7.279709
8033118	7.344951
8033135	6.949472
8033151	5.307115
8033159	6.187057
8033162	6.913164
8033179	5.510656
8033190	7.376395
8033207	6.778555
8033233	5.348069
8033241	5.789661
8033248	9.488219
8033257	9.171024
8033300	8.749859
8033319	7.316793
8033330	2.723957
8033332	5.303392
8033349	5.155895
8033352	5.522794
8033356	5.81626
8033359	5.81626
8033362	7.206416
8033385	6.882699
8033392	7.110286
8033414	7.122826
8033420	4.841659
8033433	5.620747
8033445	5.009859
8033455	7.707772
8033458	7.197488
8033460	5.567505
8033462	7.027935
8033465	6.831223
8033479	6.39431
8033487	5.605502
8033554	6.854807
8033564	6.666792
8033571	6.324725
8033587	6.987845
8033598	7.092801
8033605	10.2743
8033635	5.995549
8033662	6.675186
8033667	4.790921
8033674	6.013477
8033734	3.282255
8033736	3.828555
8033738	4.697688
8033740	5.911775
8033742	3.056288
8033744	5.231889
8033746	3.708704
8033754	6.832058
8033767	3.48678
8033780	9.312869
8033789	7.019576
8033795	5.861931
8033801	6.240971
8033809	5.328452
8033813	6.351446
8033818	6.052999
8033825	7.086868
8033892	6.512147
8033899	8.21556
8033912	6.517673
8033956	7.733721
8033960	6.524497
8033969	7.578028
8033987	9.453001
8033996	8.529087
8034021	8.17676
8034034	7.233137
8034043	7.330278
8034055	6.625282
8034075	7.949134
8034084	7.088122
8034097	5.497573
8034099	2.815234
8034101	6.131069
8034108	6.767784
8034122	2.999849
8034130	6.619236
8034151	6.288018
8034199	7.704776
8034202	6.942996
8034210	7.380075
8034217	5.852282
8034227	6.026775
8034249	5.582101
8034263	4.956016
8034276	7.183456
8034286	6.783934
8034297	5.490849
8034299	6.828037
8034304	7.809158
8034313	10.30023
8034315	5.769834
8034320	5.75681
8034326	4.187088
8034330	3.358349
8034332	2.234998
8034334	5.267737
8034342	6.595718
8034344	4.315804
8034349	6.075462
8034370	3.854915
8034379	5.647298
8034390	5.909292
8034393	3.179591
8034395	3.348923
8034401	5.78771
8034408	6.08093
8034416	8.645213
8034420	7.864461
8034448	6.551099
8034454	6.7675
8034469	6.442617
8034482	6.781665
8034512	5.971456
8034514	9.343973
8034521	7.083632
8034544	6.448156
8034555	5.423765
8034565	6.421938
8034578	7.004863
8034583	4.798938
8034589	7.415689
8034605	7.012095
8034608	7.123182
8034615	6.395112
8034631	8.080008
8034643	4.760416
8034694	9.796094
8034696	9.756543
8034698	10.03338
8034700	6.149411
8034712	5.790356
8034722	6.692233
8034744	6.926105
8034747	6.374837
8034754	6.914
8034762	8.028515
8034772	6.497952
8034783	6.015504
8034806	7.966372
8034821	7.1549
8034827	9.164455
8034837	12.96694
8034843	6.762178
8034851	10.39691
8034871	8.337795
8034873	9.522921
8034890	3.612388
8034892	2.97128
8034897	2.605503
8034899	4.356243
8034901	3.914251
8034905	3.419403
8034907	4.592065
8034920	7.020547
8034940	7.455249
8034974	8.926441
8034983	7.114131
8035007	7.322463
8035023	7.764881
8035040	5.91902
8035050	6.165793
8035069	5.126791
8035078	4.927551
8035080	4.428851
8035083	6.399504
8035095	7.629551
8035110	3.993676
8035120	7.738958
8035144	5.052343
8035146	3.806929
8035156	7.188698
8035175	6.92343
8035177	7.795102
8035187	6.409894
8035193	6.942925
8035201	6.547537
8035232	4.62976
8035236	5.200401
8035249	7.960428
8035254	5.931272
8035271	6.666087
8035278	6.919058
8035297	6.429573
8035304	6.520146
8035311	7.364492
8035315	6.280336
8035318	4.79064
8035345	6.092115
8035351	8.182917
8035380	6.504022
8035398	6.35857
8035408	6.555612
8035435	7.122499
8035445	9.037194
8035449	7.686964
8035456	7.851424
8035465	6.335664
8035477	8.013445
8035494	8.552485
8035506	7.837807
8035517	5.40474
8035539	6.004155
8035551	6.95655
8035553	7.716912
8035566	7.466884
8035579	2.437529
8035581	7.293019
8035600	6.355108
8035612	7.253833
8035628	5.40988
8035639	5.381531
8035646	8.707026
8035648	6.273691
8035666	6.933522
8035682	5.580052
8035684	4.709541
8035694	6.141009
8035703	7.937845
8035714	7.560721
8035737	7.046637
8035765	3.898815
8035773	7.039991
8035779	9.113229
8035782	5.465016
8035789	4.058317
8035793	7.750934
8035795	7.210804
8035801	6.762962
8035803	6.533201
8035808	7.15897
8035813	4.042879
8035819	2.414127
8035825	2.342344
8035829	9.449085
8035831	3.238516
8035836	2.265724
8035838	3.145009
8035842	7.294266
8035847	5.327111
8035855	4.513016
8035863	5.506094
8035865	3.458959
8035868	3.275706
8035880	6.176208
8035884	6.437853
8035886	6.33215
8035896	4.727827
8035901	2.185437
8035903	5.279536
8035905	7.025412
8035935	3.550946
8035937	3.14756
8035939	5.437041
8035941	5.758321
8035956	6.108756
8035958	6.186411
8035980	7.312883
8035993	7.236982
8036004	6.870923
8036010	7.545118
8036025	4.38581
8036027	4.270429
8036029	3.520612
8036031	6.27315
8036033	5.067479
8036038	4.256509
8036045	4.667877
8036055	5.43324
8036069	5.550143
8036072	5.819705
8036079	8.580444
8036103	6.459958
8036110	5.387307
8036133	6.816572
8036136	6.885619
8036143	6.234939
8036151	5.276293
8036155	5.356097
8036170	5.771708
8036172	7.026536
8036176	6.213935
8036207	10.65585
8036224	11.63606
8036232	5.562781
8036242	6.605041
8036252	6.587725
8036270	6.46286
8036276	5.225419
8036284	5.300883
8036291	4.350888
8036300	2.509946
8036302	3.920225
8036304	3.929784
8036309	4.390787
8036318	3.78732
8036324	6.096215
8036333	4.815662
8036341	4.928225
8036351	4.719368
8036357	5.367512
8036363	3.01907
8036365	4.375559
8036373	4.37012
8036389	5.402203
8036395	3.972091
8036403	5.291465
8036406	4.529925
8036416	2.890855
8036418	1.734348
8036420	5.399117
8036430	2.933762
8036436	4.423149
8036444	3.945881
8036451	4.586278
8036460	5.517197
8036473	5.753899
8036479	7.294653
8036483	6.510058
8036494	6.54634
8036503	7.895819
8036525	5.328159
8036563	5.978286
8036584	6.638089
8036589	2.242872
8036591	7.290025
8036602	8.56713
8036613	8.814973
8036622	6.011773
8036636	7.864576
8036656	5.776432
8036676	6.121913
8036686	7.706064
8036689	6.142874
8036699	6.154477
8036702	7.363552
8036707	6.04427
8036710	10.72891
8036720	9.50817
8036737	9.735006
8036744	4.961373
8036749	7.661316
8036755	4.066856
8036763	7.106039
8036777	6.554633
8036787	9.434322
8036808	9.698098
8036813	5.423293
8036820	4.139822
8036830	5.400752
8036835	6.20603
8036840	7.346143
8036862	5.801688
8036865	2.941424
8036867	6.217293
8036881	4.722526
8036883	6.457003
8036890	6.297882
8036902	9.643819
8036908	7.193931
8036913	8.295995
8036923	7.631324
8036936	4.520247
8036938	6.387246
8036954	2.626758
8036956	6.375243
8036969	7.278447
8036981	6.794489
8036989	6.953172
8036993	4.335118
8037001	5.485844
8037003	6.831748
8037005	8.467951
8037018	6.774511
8037023	5.236827
8037032	6.474297
8037037	7.229622
8037043	5.446546
8037045	6.921547
8037053	11.37627
8037061	5.464591
8037071	7.946895
8037079	5.477412
8037103	5.764032
8037123	6.689257
8037144	9.781144
8037152	8.326226
8037166	7.958331
8037170	7.085385
8037179	12.70535
8037186	6.283584
8037197	8.752783
8037205	9.218398
8037222	6.299473
8037231	2.820474
8037236	4.370474
8037240	4.132456
8037246	3.589065
8037251	5.059188
8037259	2.894316
8037267	2.50983
8037272	4.321324
8037283	6.281734
8037290	6.202651
8037298	6.117786
8037301	7.40121
8037309	5.600129
8037315	6.946319
8037322	7.168248
8037331	6.449955
8037352	6.299189
8037355	5.259449
8037363	7.210603
8037374	12.81058
8037387	13.88892
8037389	6.936428
8037408	6.341004
8037422	6.848895
8037430	4.037359
8037433	4.963982
8037444	4.208755
8037453	4.821108
8037459	4.392863
8037467	4.67746
8037474	6.134774
8037482	5.298897
8037495	7.0131
8037502	6.61248
8037505	6.551769
8037513	6.272779
8037525	5.025365
8037535	5.500954
8037537	5.823543
8037563	7.410231
8037579	6.477633
8037594	6.686596
8037608	6.85773
8037614	7.337219
8037621	6.816955
8037640	6.064931
8037642	6.050954
8037647	7.345512
8037651	6.664513
8037657	6.730597
8037679	6.827364
8037688	6.377101
8037695	6.716387
8037723	7.166515
8037728	6.537471
8037732	6.105748
8037737	5.889501
8037742	6.655567
8037750	4.164258
8037755	5.061181
8037760	2.092893
8037762	6.09255
8037767	5.581672
8037775	6.474015
8037785	5.735039
8037788	7.224257
8037794	7.139339
8037814	6.844498
8037816	7.029888
8037835	6.911291
8037847	7.878492
8037853	7.772835
8037856	6.475515
8037872	7.359872
8037878	6.231459
8037888	6.177859
8037898	6.538618
8037913	9.147717
8037931	5.883173
8037947	5.348536
8037949	3.685741
8037959	3.078987
8037962	4.813235
8037970	4.632162
8037991	6.128866
8038023	4.687809
8038029	8.809293
8038048	5.662325
8038069	5.966778
8038078	8.192983
8038086	10.49405
8038093	6.451246
8038109	7.406899
8038117	7.643769
8038126	6.83697
8038139	5.695715
8038150	6.716622
8038163	5.321194
8038177	5.151855
8038192	5.953489
8038200	5.188268
8038202	7.168913
8038213	5.685861
8038225	6.448706
8038246	5.023143
8038261	6.585984
8038278	7.114313
8038280	6.372115
8038288	6.00272
8038292	6.622219
8038299	6.365599
8038305	5.613083
8038309	5.123585
8038314	6.50551
8038319	5.390556
8038326	5.125627
8038343	5.919984
8038347	5.293891
8038362	7.22487
8038367	5.207539
8038382	6.500319
8038393	6.471951
8038395	7.529444
8038407	6.958819
8038416	7.522518
8038427	5.247389
8038441	2.817844
8038443	6.722056
8038458	6.969685
8038477	7.830241
8038487	7.763288
8038505	5.411159
8038515	7.551239
8038532	5.212544
8038540	6.516605
8038547	6.712142
8038556	5.765002
8038565	5.372931
8038571	7.043353
8038577	6.406159
8038584	5.904522
8038587	5.61363
8038598	5.608809
8038624	5.794787
8038633	6.090445
8038643	5.490524
8038653	4.928283
8038655	5.169533
8038668	4.786135
8038670	5.60447
8038683	8.796913
8038695	6.445468
8038707	6.672366
8038716	6.400487
8038725	8.539971
8038735	8.513341
8038747	8.263893
8038760	9.282894
8038770	6.440009
8038782	7.170973
8038785	9.054491
8038792	6.473511
8038804	6.940525
8038809	7.381081
8038815	5.085641
8038824	7.71108
8038839	5.698667
8038852	7.037321
8038861	5.94181
8038874	4.633135
8038877	8.980122
8038885	7.45844
8038890	6.885094
8038899	11.96696
8038904	5.995462
8038913	5.807
8038919	6.498173
8038925	3.789701
8038933	4.350385
8038942	4.813769
8038949	7.658708
8038952	4.526604
8038954	5.895945
8038960	2.38363
8038962	6.931677
8038967	9.005136
8038981	6.62243
8038989	5.470205
8038993	5.901804
8038998	5.581501
8039006	4.575595
8039010	9.500947
8039013	5.956737
8039017	5.115735
8039025	3.466115
8039034	7.102074
8039044	4.66756
8039054	4.085192
8039062	2.554052
8039068	7.966626
8039070	3.172571
8039075	2.369388
8039078	4.315366
8039084	2.698229
8039086	5.506626
8039090	5.940947
8039092	3.221803
8039094	2.710211
8039096	6.963143
8039109	5.2711
8039120	6.098054
8039131	6.712671
8039139	5.77704
8039144	8.610342
8039164	5.010331
8039166	10.40582
8039180	6.416553
8039196	9.963263
8039210	2.18444
8039212	9.311702
8039226	7.429457
8039236	7.327311
8039246	5.501398
8039257	7.744153
8039269	6.720599
8039273	7.98498
8039280	4.107965
8039294	7.386755
8039306	8.78213
8039316	7.665351
8039340	5.766895
8039353	5.337228
8039362	5.929869
8039378	5.800007
8039389	7.508533
8039409	6.616161
8039413	8.010715
8039440	7.297531
8039453	6.644567
8039462	4.941039
8039474	4.789887
8039477	7.15945
8039484	6.586886
8039491	7.483153
8039498	5.123224
8039504	7.230106
8039511	6.93335
8039520	6.654911
8039524	7.493048
8039526	6.016817
8039530	7.436261
8039533	4.500438
8039545	3.248762
8039557	4.03237
8039569	7.168345
8039574	4.846693
8039577	5.265138
8039584	2.180263
8039586	4.708289
8039593	5.037002
8039605	5.927488
8039607	5.655605
8039625	3.619657
8039635	3.467008
8039642	3.692295
8039645	4.249992
8039655	5.928128
8039664	5.283051
8039672	3.055671
8039674	5.562784
8039680	5.469396
8039687	6.524044
8039692	6.704843
8039695	6.228714
8039698	5.662281
8039706	5.215923
8039713	3.076761
8039719	6.249297
8039730	6.938639
8039740	5.126099
8039748	6.703015
8039759	6.504598
8039766	6.265651
8039769	6.273516
8039771	5.944795
8039779	5.149011
8039791	5.822511
8039796	10.71487
8039805	7.681616
8039809	6.09488
8039820	5.71511
8039829	4.979581
8039842	5.387764
8039859	4.967444
8039871	5.006121
8039884	5.283532
8039892	4.738696
8039896	5.382674
8039905	8.937922
8039909	7.989676
8039923	8.445717
8039928	3.747946
8039933	10.73105
8039937	6.608714
8039939	6.849587
8039947	6.805101
8039961	7.183051
8039975	3.276287
8039977	4.689671
8039996	4.623348
8040018	6.438519
8040034	5.334668
8040036	6.03824
8040045	6.913156
8040053	3.357074
8040068	2.295529
8040070	6.108686
8040073	4.279854
8040077	4.708924
8040080	9.613831
8040090	6.224289
8040101	6.386782
8040103	9.450608
8040111	3.864028
8040113	7.799833
8040142	6.164675
8040163	6.155017
8040171	2.146859
8040173	5.102153
8040190	8.828327
8040211	6.92125
8040221	5.159866
8040223	5.224109
8040231	6.20952
8040238	7.686398
8040247	3.493791
8040249	8.247323
8040265	6.74374
8040270	5.165253
8040278	6.948203
8040286	2.452566
8040288	3.059176
8040290	8.450701
8040292	4.660871
8040334	12.33032
8040338	13.20326
8040340	10.39332
8040362	6.195922
8040365	8.215986
8040372	3.733664
8040374	7.828919
8040386	7.994147
8040413	2.56677
8040415	5.234701
8040417	6.31409
8040419	5.309786
8040426	2.301178
8040428	3.090751
8040430	4.302966
8040440	5.283849
8040456	7.080668
8040458	5.209678
8040463	4.586945
8040467	3.510894
8040469	6.031427
8040473	9.139477
8040477	5.758718
8040479	6.867658
8040483	2.270176
8040488	3.69767
8040490	4.550538
8040503	5.787795
8040514	4.941944
8040516	5.033206
8040522	4.51417
8040528	2.395838
8040530	6.945917
8040541	3.699905
8040547	8.226711
8040549	4.625657
8040552	9.205091
8040576	4.041687
8040578	5.586771
8040587	5.21479
8040614	5.306206
8040618	9.819453
8040630	6.578167
8040632	6.421735
8040639	8.792699
8040655	6.538015
8040672	4.113349
8040690	5.685388
8040695	5.884485
8040698	6.54287
8040712	5.774691
8040725	5.100827
8040742	5.373315
8040753	7.618719
8040774	5.509717
8040792	6.023034
8040802	4.991765
8040815	4.969773
8040827	6.755742
8040831	6.847075
8040843	5.433099
8040889	4.316072
8040898	6.171024
8040908	7.417436
8040927	8.255313
8040949	6.717664
8040960	5.144056
8040980	3.611025
8040985	6.324777
8041000	6.177533
8041015	7.152848
8041027	5.640049
8041031	8.109069
8041048	10.88987
8041061	6.89762
8041122	10.76081
8041138	4.08165
8041149	6.522939
8041168	5.316953
8041170	5.737135
8041172	5.877478
8041179	7.535943
8041197	9.057476
8041204	7.937377
8041206	6.218342
8041212	6.042983
8041223	6.644886
8041225	6.795325
8041234	3.051778
8041236	7.718094
8041255	3.828945
8041257	6.681472
8041273	8.897889
8041281	8.865104
8041283	8.031803
8041360	5.847356
8041383	5.884295
8041420	3.876587
8041422	5.39886
8041445	2.752937
8041447	7.914602
8041467	3.944769
8041487	5.814366
8041495	6.225647
8041508	8.78625
8041519	3.871724
8041536	3.806736
8041540	4.142358
8041542	6.468258
8041553	4.829548
8041561	5.735299
8041568	3.168215
8041570	7.074503
8041582	6.808631
8041592	9.92097
8041617	6.047859
8041638	4.023924
8041640	5.166279
8041642	3.488476
8041644	3.852402
8041676	4.485501
8041696	5.261971
8041711	2.541073
8041713	8.105374
8041727	4.108236
8041745	5.619012
8041759	5.965011
8041763	7.112093
8041781	7.594489
8041804	5.418394
8041808	10.13999
8041813	7.382818
8041820	6.000402
8041826	7.13064
8041853	7.412388
8041867	4.929057
8041886	5.018153
8041888	4.676414
8041900	5.176732
8041902	7.266501
8041913	7.10546
8041937	6.329408
8041940	4.738143
8041957	3.251815
8041961	3.528446
8041967	6.434986
8041982	5.805042
8041987	3.2727
8041995	8.973844
8042038	4.824847
8042040	5.01617
8042052	7.197142
8042059	5.318979
8042062	3.205504
8042066	4.715576
8042079	4.515985
8042086	6.46282
8042107	6.889108
8042109	4.315395
8042111	3.035102
8042113	3.598754
8042115	3.941948
8042117	3.12036
8042119	6.994376
8042144	10.19186
8042157	5.713956
8042159	2.912412
8042161	7.68533
8042168	5.896165
8042195	7.751929
8042207	6.441779
8042211	7.409573
8042219	5.425884
8042223	4.81067
8042251	6.822338
8042257	6.316443
8042259	6.334104
8042270	9.056383
8042283	6.796675
8042291	9.132434
8042306	6.876518
8042308	4.578076
8042310	5.52986
8042324	3.656392
8042326	5.924629
8042333	5.039124
8042335	10.30692
8042337	11.54415
8042346	4.087684
8042356	6.511627
8042373	4.74447
8042381	5.748773
8042391	13.04135
8042402	4.80092
8042413	5.27572
8042416	7.752086
8042431	2.536059
8042439	4.730564
8042460	2.642467
8042462	2.576725
8042464	2.928833
8042466	2.659789
8042468	7.918651
8042487	7.75639
8042495	6.924714
8042501	3.062427
8042503	12.91595
8042513	7.004622
8042515	10.0125
8042519	7.153283
8042530	5.748222
8042532	7.294981
8042537	6.273602
8042556	3.831342
8042558	5.681252
8042566	5.448797
8042568	5.26722
8042574	7.488224
8042576	9.524385
8042588	5.659039
8042601	7.692238
8042637	8.640673
8042696	6.298223
8042701	7.259484
8042705	5.67021
8042720	8.060779
8042737	5.642375
8042761	4.886487
8042769	5.012825
8042772	7.466949
8042788	4.916479
8042801	6.546928
8042811	8.807168
8042825	5.799616
8042827	4.49101
8042830	8.147087
8042843	5.034361
8042859	6.456891
8042867	8.267473
8042874	5.418344
8042896	7.419141
8042905	7.096165
8042917	6.166299
8042925	5.878777
8042942	9.770098
8042953	6.591325
8042958	3.969166
8042960	2.11171
8042962	6.06393
8042970	4.518158
8042972	6.493164
8042974	2.448421
8042976	2.114041
8042978	3.41468
8042986	3.866707
8042993	4.380588
8043018	5.498822
8043020	2.538971
8043026	2.146236
8043028	3.488292
8043030	2.282352
8043032	4.828131
8043034	2.581124
8043036	4.752968
8043038	2.339372
8043040	3.518495
8043043	3.851807
8043055	4.906731
8043059	3.308463
8043071	3.852102
8043098	2.394164
8043100	9.531026
8043105	8.929992
8043114	5.703327
8043129	2.051661
8043131	5.727536
8043155	6.215267
8043157	5.808781
8043185	5.355023
8043187	10.63306
8043197	9.384969
8043203	7.476169
8043209	8.359588
8043218	6.372691
8043236	5.287849
8043244	5.388474
8043251	7.137611
8043276	8.303251
8043278	5.496578
8043283	8.492649
8043310	9.747415
8043320	3.830213
8043322	5.708678
8043324	10.18111
8043347	4.932986
8043349	5.538723
8043360	6.100684
8043363	9.438846
8043367	5.038914
8043375	8.377419
8043377	7.884426
8043379	2.648348
8043381	3.289781
8043393	5.670718
8043405	3.041528
8043407	5.53546
8043413	7.434
8043423	3.517068
8043426	5.800387
8043429	4.552241
8043431	4.576365
8043433	7.518291
8043436	4.299366
8043438	7.534019
8043441	4.264056
8043443	6.849551
8043446	4.042581
8043449	6.553127
8043456	2.490945
8043459	6.086673
8043465	5.771394
8043468	4.380386
8043470	5.362798
8043474	8.871309
8043476	5.44417
8043478	4.412395
8043480	5.350822
8043482	3.571103
8043484	5.761397
8043487	2.295834
8043489	4.774547
8043491	6.790094
8043498	2.757473
8043500	2.787089
8043502	2.757209
8043504	12.4503
8043512	4.937312
8043522	7.610854
8043552	5.240106
8043564	6.236486
8043570	7.000368
8043572	4.432227
8043574	3.771769
8043581	2.831259
8043583	5.036066
8043585	7.276206
8043597	4.718995
8043602	3.890827
8043621	7.104684
8043630	7.174746
8043632	5.59554
8043639	5.546347
8043657	7.233366
8043666	6.39543
8043682	8.199428
8043685	5.879632
8043687	7.086077
8043697	9.359134
8043718	6.639445
8043725	5.641326
8043743	8.515072
8043745	5.258003
8043747	3.779322
8043782	4.692264
8043791	7.598867
8043820	6.054966
8043833	2.583713
8043835	2.912694
8043840	5.531751
8043848	6.924593
8043861	6.908278
8043890	5.004526
8043900	3.98013
8043902	5.41405
8043909	8.673889
8043932	5.922995
8043937	7.696123
8043945	9.561794
8043981	11.21804
8043993	7.220802
8043995	8.778808
8044008	6.282123
8044021	4.584191
8044035	5.787004
8044049	8.501567
8044067	5.05701
8044080	6.170508
8044094	4.934465
8044105	3.355322
8044107	2.355826
8044109	7.567719
8044111	5.421225
8044124	4.785772
8044127	6.021741
8044133	8.762027
8044143	3.641434
8044149	3.591625
8044154	5.848935
8044161	10.34997
8044189	6.311262
8044191	4.097888
8044204	3.445777
8044212	4.582046
8044225	2.827271
8044236	8.558897
8044258	9.692937
8044263	8.83051
8044278	4.139509
8044295	6.944026
8044301	7.159013
8044304	10.15626
8044333	9.567637
8044346	5.476274
8044351	8.189067
8044353	6.549903
8044375	7.584328
8044391	7.524609
8044415	6.297187
8044417	7.844386
8044440	5.706101
8044450	6.015457
8044462	7.330704
8044473	5.453285
8044491	5.76672
8044499	11.33925
8044512	5.070985
8044530	3.208553
8044532	3.692862
8044541	6.06124
8044548	10.3419
8044552	7.677043
8044563	5.533679
8044572	3.044458
8044574	12.07896
8044584	7.498269
8044605	4.860044
8044611	5.671648
8044613	7.83995
8044634	5.628039
8044640	6.861531
8044643	3.526838
8044649	7.456952
8044669	7.142577
8044682	6.598145
8044684	2.371417
8044686	12.05878
8044700	3.477017
8044731	5.212029
8044733	5.180329
8044735	2.296551
8044737	2.893655
8044739	2.180691
8044741	4.096738
8044743	1.904798
8044745	8.799642
8044760	6.057731
8044764	6.191116
8044766	7.158399
8044773	7.736765
8044791	4.98842
8044793	6.034274
8044804	7.477731
8044813	6.198073
8044818	3.21629
8044844	5.692957
8044849	4.671119
8044878	2.16442
8044880	3.223791
8044882	6.653277
8044909	2.019174
8044911	2.090636
8044913	2.653949
8044915	6.456682
8044917	2.268172
8044919	10.22729
8044927	6.661401
8044931	2.302407
8044933	4.877273
8044959	4.294632
8044961	6.436124
8044963	5.837837
8044965	6.828374
8044976	4.198576
8045005	2.372313
8045007	2.279299
8045009	6.060096
8045018	6.403888
8045028	2.913487
8045030	5.74031
8045075	5.081041
8045083	6.814377
8045086	5.210919
8045088	4.90485
8045090	7.779813
8045134	2.789032
8045136	7.69661
8045142	9.995802
8045146	6.356526
8045148	6.012878
8045151	2.287435
8045153	2.509891
8045155	2.419544
8045157	2.509216
8045159	2.683357
8045161	2.322591
8045163	2.161458
8045165	4.443545
8045167	5.696561
8045169	2.72829
8045171	7.324203
8045182	6.323611
8045198	6.238404
8045205	3.979625
8045208	7.973324
8045210	4.311179
8045216	5.894081
8045224	5.947723
8045229	5.802954
8045247	10.91504
8045257	3.690123
8045275	4.516371
8045277	1.998074
8045279	8.706062
8045281	2.490962
8045283	2.423239
8045285	1.988077
8045287	8.474888
8045289	8.492371
8045291	6.891354
8045301	6.470675
8045309	5.872735
8045319	5.14502
8045321	9.625751
8045323	6.751266
8045330	1.904517
8045332	7.421432
8045334	3.688595
8045336	4.913166
8045339	4.668388
8045341	3.550075
8045343	2.636804
8045345	5.747032
8045347	4.471566
8045349	7.734422
8045368	4.464443
8045381	7.902176
8045398	7.592771
8045423	5.233352
8045425	5.634891
8045453	3.164141
8045455	8.68549
8045470	3.984685
8045499	6.009767
8045514	8.693503
8045525	3.654231
8045527	3.448761
8045529	2.424448
8045531	2.1545
8045533	4.583331
8045535	4.29061
8045537	2.516395
8045539	10.04851
8045559	7.01182
8045561	2.617988
8045563	9.173963
8045577	2.35672
8045581	4.362397
8045583	2.256301
8045585	2.274647
8045587	7.141138
8045602	2.373246
8045604	5.662054
8045619	6.504626
8045637	5.23734
8045664	7.07704
8045674	5.119702
8045688	12.31713
8045695	9.202899
8045697	7.310628
8045736	5.017102
8045768	6.464369
8045776	3.322775
8045793	5.03365
8045795	5.367116
8045800	2.136723
8045802	2.475769
8045804	9.861629
8045806	2.051898
8045808	3.656971
8045810	2.41674
8045812	2.355597
8045814	5.841354
8045816	7.790074
8045835	8.890756
8045846	6.31577
8045848	4.334951
8045857	5.332193
8045860	6.97041
8045882	4.516709
8045887	7.065207
8045889	7.808918
8045919	9.957161
8045931	3.328018
8045933	9.333456
8045946	7.305078
8045962	4.581679
8045972	2.778135
8045974	3.884663
8046003	10.81353
8046012	2.71733
8046014	2.52264
8046016	1.831439
8046018	4.517147
8046020	2.830146
8046048	4.805602
8046060	2.280963
8046062	3.139235
8046078	3.527858
8046084	4.108058
8046086	8.652785
8046099	2.665014
8046116	3.699519
8046124	9.788739
8046147	4.492519
8046160	3.755448
8046169	6.377116
8046186	5.506835
8046199	4.499547
8046201	8.119356
8046213	6.187419
8046238	4.804053
8046276	6.683636
8046279	6.112568
8046281	2.051916
8046283	5.096898
8046306	7.072612
8046318	4.870693
8046333	7.736649
8046340	8.162941
8046346	7.793919
8046360	4.451365
8046373	5.68972
8046380	6.390561
8046408	8.226705
8046426	6.727757
8046428	4.943832
8046461	5.765821
8046488	3.816043
8046500	4.618656
8046502	4.569676
8046512	4.24597
8046515	11.64356
8046518	5.439692
8046520	2.672125
8046522	3.578888
8046524	6.59948
8046527	4.60552
8046530	5.276646
8046536	5.287065
8046542	6.241994
8046546	5.56018
8046553	2.201207
8046555	6.552559
8046560	4.497617
8046564	6.858196
8046573	5.863003
8046586	2.791638
8046588	2.513835
8046590	10.30829
8046604	6.982818
8046626	2.313388
8046628	4.659298
8046646	3.919207
8046680	7.164543
8046685	6.730755
8046695	6.695779
8046726	8.694566
8046746	4.518996
8046755	6.147524
8046757	2.995203
8046759	7.140436
8046788	3.261855
8046790	2.834399
8046792	3.188502
8046804	5.546019
8046815	4.369675
8046822	2.387459
8046824	3.283207
8046833	2.756476
8046836	2.634754
8046848	7.885869
8046861	8.750221
8046895	4.890272
8046906	6.731669
8046922	5.809866
8046975	5.910444
8046997	6.150852
8047006	3.917039
8047038	5.394642
8047059	9.912497
8047062	4.962206
8047069	7.046256
8047078	7.651401
8047086	6.491608
8047097	9.580757
8047125	3.060619
8047127	7.335459
8047159	5.030097
8047161	12.08074
8047172	2.525797
8047174	5.648411
8047187	3.510557
8047213	4.484136
8047215	2.996686
8047217	9.310813
8047223	6.735857
8047228	7.4531
8047241	5.484338
8047243	5.902722
8047248	3.860857
8047257	4.458938
8047262	5.781724
8047265	5.393067
8047272	8.349102
8047286	6.134703
8047288	3.236919
8047300	3.703532
8047337	2.760074
8047339	10.88318
8047356	4.806766
8047370	2.851896
8047372	5.871391
8047377	2.765563
8047379	6.203442
8047381	10.43607
8047401	9.791395
8047403	6.8053
8047419	7.242491
8047441	5.950406
8047443	6.424304
8047457	2.118527
8047459	1.956036
8047463	2.359004
8047465	2.195513
8047467	3.701411
8047485	2.519577
8047487	6.396292
8047492	4.228889
8047503	3.458757
8047505	3.742978
8047518	7.847896
8047536	3.151384
8047538	7.142073
8047555	2.067046
8047557	6.775613
8047559	2.028676
8047561	1.820897
8047563	3.661638
8047565	6.440968
8047577	4.654908
8047596	8.3524
8047606	7.231241
8047635	10.04043
8047641	6.445533
8047659	5.735387
8047677	4.562955
8047690	2.42783
8047692	5.016649
8047702	3.287529
8047709	6.52087
8047736	7.789027
8047738	5.515299
8047763	4.850698
8047765	4.561902
8047767	2.371953
8047769	3.304272
8047771	5.558196
8047778	3.800023
8047780	4.2669
8047784	4.458647
8047788	4.268572
8047815	5.736594
8047829	3.552625
8047839	9.529237
8047852	2.460328
8047854	7.940746
8047865	7.153561
8047910	4.196469
8047926	4.443669
8047952	5.95553
8047963	4.531651
8047965	3.897901
8048014	7.223275
8048022	4.008937
8048024	2.651152
8048026	4.825593
8048071	3.897907
8048075	6.356894
8048077	2.263562
8048079	2.095282
8048081	5.342204
8048110	2.786637
8048112	3.592473
8048114	4.058845
8048116	8.995943
8048118	2.448926
8048120	7.092037
8048139	4.70401
8048141	5.03245
8048146	9.228556
8048171	5.883722
8048173	4.397022
8048175	5.612133
8048195	7.03897
8048205	6.518452
8048211	5.966059
8048227	10.62579
8048234	10.50679
8048249	5.627152
8048257	6.90832
8048272	5.425365
8048283	9.205788
8048304	7.835789
8048317	5.820285
8048319	4.769866
8048340	6.959739
8048350	4.014468
8048368	1.829861
8048370	5.676356
8048381	6.095522
8048411	7.390913
8048432	7.128558
8048445	6.491691
8048452	7.144153
8048460	7.276683
8048466	6.02268
8048468	7.320597
8048478	7.474065
8048489	7.10502
8048505	6.390284
8048518	6.932558
8048523	7.304591
8048541	6.598765
8048551	5.435622
8048595	6.611807
8048611	4.236839
8048628	6.341383
8048639	5.963324
8048647	6.62961
8048673	6.286819
8048699	5.935593
8048701	3.359318
8048703	6.74574
8048705	4.992478
8048707	4.615019
8048712	6.452029
8048715	3.734827
8048717	8.549955
8048723	3.845598
8048725	3.857239
8048733	8.447011
8048749	5.002504
8048752	5.200229
8048761	7.580398
8048763	5.053231
8048772	7.415731
8048782	5.480193
8048835	6.402263
8048847	9.347709
8048864	10.45851
8048870	3.227995
8048885	2.742214
8048887	2.734864
8048889	5.648348
8048896	2.563087
8048898	7.842721
8048926	7.189054
8048940	8.343773
8048976	6.84787
8048978	2.112813
8048980	10.16276
8048993	2.38131
8048995	7.732043
8049007	5.748235
8049016	7.981052
8049042	5.338682
8049044	5.048612
8049071	6.381387
8049075	6.540708
8049079	5.710915
8049083	6.919547
8049088	5.832765
8049097	6.680595
8049123	6.159352
8049128	5.750973
8049137	6.448568
8049152	5.492097
8049166	7.000486
8049180	6.933804
8049187	6.634207
8049195	7.128426
8049197	2.942283
8049199	7.190481
8049237	3.609114
8049239	7.145713
8049243	5.815792
8049246	8.339386
8049271	6.104197
8049297	8.686824
8049299	7.512855
8049301	4.548611
8049317	6.467421
8049349	8.110102
8049375	5.085706
8049394	4.137409
8049425	3.085505
8049435	6.238957
8049448	6.581403
8049471	3.913563
8049478	5.652891
8049487	8.285532
8049509	7.146475
8049512	8.9687
8049528	9.328497
8049530	8.307868
8049532	6.355898
8049534	7.383986
8049536	8.651865
8049538	8.729912
8049540	6.202585
8049542	4.831534
8049544	4.377178
8049552	3.785304
8049567	7.011058
8049574	8.356943
8049582	6.154222
8049598	6.82924
8049610	5.93511
8049620	5.959965
8049635	5.415843
8049655	2.626171
8049657	6.161444
8049665	2.66703
8049667	4.269444
8049670	7.390831
8049682	6.97788
8049684	6.59717
8049689	7.233068
8049702	5.76019
8049722	6.676262
8049729	7.076602
8049737	6.346718
8049752	5.547928
8049784	6.865646
8049799	6.198156
8049825	5.163764
8049827	9.025463
8049847	7.363581
8049876	6.847731
8049888	7.084641
8049906	5.651737
8049919	6.756175
8049934	6.527294
8049942	6.643204
8049950	6.617522
8049952	6.762502
8049957	4.302084
8049959	5.076111
8049961	7.125678
8049963	8.439191
8049965	6.915919
8049969	5.975491
8049990	7.500347
8049998	6.763269
8050007	5.64574
8050031	4.459403
8050060	5.947312
8050071	6.641452
8050079	6.498954
8050089	8.239334
8050093	5.772558
8050095	4.446006
8050102	7.272524
8050113	6.680188
8050115	4.48167
8050128	8.457917
8050160	8.136902
8050176	5.271948
8050190	8.984112
8050213	6.38477
8050215	9.341371
8050225	2.426313
8050227	5.708065
8050232	7.873543
8050236	3.590457
8050238	4.854578
8050240	8.697607
8050253	7.103919
8050255	6.745028
8050278	10.03262
8050293	5.059074
8050302	7.23113
8050336	6.234282
8050350	7.273071
8050352	5.647016
8050363	5.038607
8050365	2.404113
8050367	6.32142
8050423	5.680901
8050425	6.42941
8050427	9.529099
8050441	7.753728
8050443	5.74446
8050472	2.210378
8050474	5.735349
8050480	4.293648
8050495	3.176442
8050497	5.486407
8050503	3.974953
8050507	5.155404
8050537	4.117475
8050548	10.76876
8050557	8.968844
8050565	9.110256
8050591	5.267031
8050594	6.852869
8050608	5.927223
8050619	4.264279
8050654	2.297878
8050656	3.608994
8050658	6.938531
8050687	3.850104
8050689	4.84518
8050695	8.133257
8050702	7.525218
8050713	4.810794
8050719	8.565939
8050761	3.513607
8050763	6.440716
8050766	6.720851
8050790	5.654536
8050801	2.824808
8050803	2.065586
8050805	5.161425
8050813	6.633136
8050844	4.580903
8050846	6.807863
8050869	5.106604
8050873	2.534501
8050875	7.052545
8050894	5.903971
8050906	5.180139
8050908	8.459763
8050924	6.014619
8050942	4.902686
8050993	4.473953
8051001	4.876603
8051012	7.007797
8051024	5.649401
8051028	5.471129
8051030	6.623162
8051050	5.939355
8051061	6.67868
8051066	7.626325
8051075	7.260312
8051097	6.554531
8051113	7.52421
8051119	7.97729
8051133	7.96806
8051135	5.233918
8051185	2.247989
8051187	6.726868
8051197	5.947104
8051202	3.05435
8051204	6.431344
8051215	6.135369
8051226	5.048954
8051236	2.70739
8051238	5.598238
8051241	5.188714
8051273	2.946622
8051275	5.814068
8051298	6.461412
8051319	3.998043
8051322	7.28044
8051361	4.977468
8051370	7.410095
8051372	6.978395
8051387	7.831999
8051394	4.287492
8051396	5.915546
8051409	3.301121
8051411	4.186909
8051413	6.282547
8051422	5.920539
8051427	6.668495
8051443	8.47517
8051462	5.089358
8051464	6.873362
8051501	8.782692
8051520	2.943062
8051528	5.140248
8051547	5.293742
8051569	2.414998
8051571	2.406209
8051573	10.48181
8051583	8.429903
8051589	7.730342
8051605	6.295058
8051622	9.406363
8051637	4.97201
8051666	2.965063
8051668	5.64167
8051670	7.688154
8051696	2.766836
8051707	7.452869
8051744	4.023939
8051746	5.233139
8051762	7.920425
8051773	4.440833
8051775	2.363168
8051777	7.167604
8051785	4.955769
8051793	6.287414
8051799	6.60526
8051812	4.472892
8051814	8.83376
8051820	6.844914
8051862	2.23313
8051864	2.888999
8051866	3.939927
8051882	7.334004
8051924	2.477376
8051926	5.754255
8051928	6.529568
8051949	7.913518
8051956	3.036524
8051963	6.569868
8051985	7.451435
8051987	3.500949
8051989	4.801899
8051993	5.446646
8051998	7.096999
8052004	4.728907
8052010	8.277706
8052018	6.882038
8052022	8.479249
8052024	8.446947
8052054	2.288035
8052056	3.499429
8052058	3.651127
8052072	4.083896
8052087	7.897753
8052089	2.730671
8052091	4.310139
8052119	2.93134
8052121	3.720596
8052123	4.137954
8052125	7.305377
8052139	4.749322
8052141	5.764927
8052143	6.701437
8052149	7.811803
8052200	5.742482
8052204	8.817718
8052231	7.071554
8052233	4.159198
8052250	5.332036
8052269	6.206089
8052305	2.319441
8052307	8.402086
8052331	6.754547
8052355	5.055197
8052370	6.995311
8052372	2.41739
8052374	3.058399
8052376	5.432456
8052380	4.72208
8052382	4.6697
8052397	7.265572
8052399	5.394967
8052413	4.8725
8052416	6.491203
8052418	5.241097
8052438	3.597281
8052443	9.022485
8052524	4.444805
8052526	8.209601
8052554	3.783416
8052562	7.347618
8052581	4.346232
8052583	5.263439
8052585	3.684276
8052594	4.713611
8052598	5.115132
8052620	4.961614
8052622	8.881227
8052624	6.764105
8052626	5.481041
8052654	11.91111
8052667	4.895335
8052669	9.02196
8052674	3.884998
8052676	6.084651
8052678	2.32619
8052680	11.0934
8052689	6.702959
8052696	4.451232
8052698	7.624358
8052703	5.693115
8052719	5.327431
8052721	9.70605
8052731	4.54721
8052733	2.111206
8052735	5.992052
8052742	4.774584
8052747	3.334166
8052753	2.90468
8052762	8.70947
8052784	5.563242
8052798	6.953302
8052803	8.118804
8052826	4.957638
8052828	6.219975
8052834	6.665551
8052845	8.337562
8052861	7.448741
8052866	7.04919
8052872	9.113432
8052882	4.692876
8052902	3.479573
8052908	5.615941
8052916	5.367802
8052925	7.300451
8052932	7.108351
8052934	5.036604
8052940	5.815162
8052945	2.407257
8052947	5.005226
8052956	7.207176
8052979	6.11083
8052994	6.633393
8053004	6.95867
8053009	5.96396
8053022	6.6179
8053025	5.231202
8053030	6.281794
8053036	4.98823
8053046	8.715036
8053057	4.58826
8053059	7.255145
8053064	10.18077
8053073	4.942069
8053107	7.488862
8053139	6.432696
8053142	5.621902
8053158	6.765188
8053165	7.288011
8053171	5.569045
8053183	6.052199
8053187	5.812972
8053200	5.370494
8053214	8.302073
8053231	6.275561
8053248	5.108094
8053263	5.560651
8053266	5.114352
8053276	2.246374
8053278	4.51142
8053288	4.572359
8053311	6.772369
8053313	3.060374
8053315	4.787443
8053325	4.172601
8053330	3.040703
8053337	3.417433
8053341	2.816354
8053347	3.885547
8053349	4.506096
8053360	3.232988
8053362	2.304926
8053364	3.327604
8053366	6.379014
8053379	5.844257
8053386	4.37806
8053388	8.772804
8053404	2.082472
8053406	7.04398
8053417	7.948846
8053427	3.854753
8053429	6.146202
8053449	6.491819
8053458	7.457534
8053467	5.651186
8053480	6.899034
8053482	3.488292
8053484	6.198997
8053496	6.388986
8053533	6.618423
8053549	3.312156
8053551	4.692338
8053560	4.515607
8053562	8.998533
8053574	3.195783
8053576	9.547896
8053584	6.4685
8053594	3.01281
8053599	7.917797
8053602	5.038914
8053610	8.34355
8053622	10.18111
8053648	6.471563
8053654	3.188915
8053662	5.301066
8053664	4.02259
8053666	5.838449
8053668	8.939162
8053690	6.115856
8053710	6.560422
8053713	7.809118
8053715	2.748663
8053718	2.447244
8053720	4.552241
8053722	9.201173
8053725	5.159492
8053728	6.258796
8053731	6.206589
8053733	6.975639
8053735	5.406469
8053737	4.157708
8053741	4.160821
8053744	5.082388
8053751	2.527366
8053753	5.222612
8053761	6.285077
8053763	6.795337
8053775	4.901694
8053785	2.831259
8053787	3.533658
8053795	5.156683
8053797	9.153812
8053801	10.64909
8053834	9.927341
8053840	6.207756
8053842	6.864072
8053869	7.740726
8053872	8.35041
8053882	11.54748
8053890	8.390942
8053901	10.02927
8053909	8.197797
8053944	6.69365
8053949	6.745578
8053975	6.065087
8053984	5.903553
8053998	7.222089
8054004	5.873084
8054020	5.605751
8054037	3.660979
8054039	2.570603
8054041	2.530682
8054045	6.16223
8054054	8.927119
8054064	8.037105
8054075	2.836372
8054077	6.392481
8054090	4.18979
8054092	7.019207
8054131	5.67382
8054135	7.648837
8054154	6.072601
8054166	3.913377
8054192	6.25959
8054200	3.703258
8054209	4.992856
8054217	4.871791
8054227	6.881888
8054254	4.870032
8054281	5.31541
8054295	5.232302
8054297	4.956604
8054308	7.336834
8054329	11.43649
8054338	5.717772
8054344	3.274344
8054354	5.604062
8054356	6.348377
8054364	5.823294
8054377	7.106133
8054393	3.308197
8054395	7.922676
8054412	3.563421
8054414	10.51294
8054437	5.327854
8054439	5.317195
8054449	7.571595
8054451	5.112444
8054465	5.682318
8054467	6.187194
8054477	8.18246
8054479	10.22346
8054486	3.717738
8054511	4.493076
8054513	4.810296
8054517	5.486841
8054519	9.567637
8054532	10.3793
8054557	10.44095
8054580	4.223803
8054607	4.493064
8054611	9.564821
8054614	6.710266
8054664	5.140044
8054676	10.33788
8054702	4.004462
8054712	11.12104
8054722	13.3907
8054731	4.500439
8054740	6.941645
8054758	5.26519
8054762	7.932444
8054766	5.434476
8054769	6.27616
8054771	8.772031
8054790	5.581024
8054792	5.045716
8054794	3.434256
8054796	4.876713
8054798	2.230017
8054800	2.795467
8054802	3.196106
8054804	8.76902
8054831	6.314714
8054834	4.258187
8054837	3.946438
8054846	4.597897
8054862	8.316867
8054866	5.013978
8054870	7.747949
8054872	5.957181
8054888	7.971642
8054930	6.804208
8054941	2.237432
8054943	2.650132
8054945	7.063033
8054967	4.516867
8054978	6.550173
8054995	4.137969
8054997	8.434936
8055016	7.40011
8055021	7.089176
8055038	6.558789
8055060	7.39427
8055085	5.949001
8055087	2.124334
8055089	5.629494
8055096	6.254782
8055104	7.17014
8055130	7.728154
8055135	5.537785
8055137	3.854248
8055139	5.787149
8055143	4.356243
8055151	11.91407
8055153	3.31574
8055171	5.898307
8055173	5.696582
8055183	6.080559
8055194	4.268965
8055198	2.100236
8055200	2.331543
8055202	3.910393
8055204	8.67468
8055206	2.206982
8055208	7.067614
8055214	4.69851
8055220	11.33788
8055222	3.59157
8055234	5.14502
8055236	3.979625
8055239	6.249671
8055247	6.616485
8055249	7.926157
8055261	7.522192
8055263	2.408227
8055265	6.243853
8055267	2.166209
8055269	1.931311
8055271	2.322591
8055273	2.722374
8055275	1.978117
8055277	2.314896
8055279	3.002905
8055281	6.008885
8055284	6.012878
8055287	7.593113
8055291	7.246126
8055294	4.358248
8055297	4.293157
8055303	2.434209
8055305	3.203806
8055312	2.683132
8055314	5.740228
8055323	5.051363
8055348	5.149672
8055350	6.561814
8055361	2.541032
8055377	3.692008
8055402	2.576517
8055404	6.903666
8055406	3.891863
8055424	2.94213
8055426	4.69107
8055445	9.082534
8055465	12.15999
8055474	3.699704
8055476	9.824196
8055478	5.256245
8055484	2.540262
8055486	5.572325
8055488	1.839877
8055490	2.257662
8055492	3.852245
8055494	4.279467
8055496	3.729209
8055590	2.753673
8055592	4.423635
8055594	2.473738
8055596	3.917834
8055598	2.290012
8055600	2.331405
8055602	2.17205
8055604	2.903507
8055606	7.402325
8055624	9.500055
8055639	8.54109
8055641	4.989968
8055643	2.522676
8055645	5.99205
8055664	5.003489
8055668	2.821481
8055672	8.840984
8055680	2.215344
8055682	2.884088
8055688	11.60666
8055697	4.014273
8055702	7.69252
8055711	4.188584
8055862	7.42571
8055872	5.204907
8055890	7.306247
8055909	2.277359
8055911	3.929902
8055913	8.256386
8055941	5.175785
8055946	2.958474
8055948	2.31697
8055950	2.607423
8055952	9.330186
8055965	4.386898
8055969	3.359497
8055978	8.877017
8055980	9.814592
8055992	5.085333
8056005	6.208545
8056020	2.270325
8056022	2.407182
8056039	4.737386
8056041	7.939535
8056045	6.899277
8056047	5.175344
8056060	9.086967
8056100	4.717445
8056102	8.528223
8056113	7.990412
8056151	7.115758
8056184	7.474511
8056201	8.53172
8056206	7.695152
8056215	5.947989
8056217	7.101058
8056220	7.694104
8056222	5.307956
8056250	3.506406
8056257	5.902485
8056285	9.526833
8056303	3.944913
8056323	4.363511
8056327	2.961341
8056343	7.418239
8056359	4.403879
8056361	4.829972
8056363	4.080716
8056376	2.844037
8056408	7.968122
8056426	4.939781
8056457	3.364559
8056489	4.803644
8056491	4.965411
8056518	3.064318
8056545	8.803867
8056566	3.933796
8056568	4.908706
8056570	3.40332
8056572	2.404811
8056583	4.178573
8056611	4.467041
8056693	5.192464
8056710	2.423239
8056716	7.356274
8056726	3.173519
8056728	7.138028
8056730	5.221918
8056734	6.959883
8056753	5.454457
8056763	6.548793
8056766	5.722199
8056784	5.943602
8056790	4.132407
8056792	7.331096
8056794	3.603606
8056798	8.167554
8056810	5.203662
8056812	5.835698
8056821	5.737107
8056823	2.758435
8056825	6.356784
8056829	5.712084
8056837	6.808487
8056860	9.964524
8056877	5.326441
8056890	3.464822
8056909	8.511122
8056930	5.573525
8056943	7.50738
8056959	6.621459
8056963	5.082387
8056966	8.162495
8056968	5.260914
8056972	5.312931
8056975	2.255227
8056977	11.14577
8056983	4.238306
8056993	7.511503
8056995	4.288123
8056999	5.370545
8057004	3.737483
8057034	6.523567
8057045	4.129567
8057056	4.033246
8057377	3.375085
8057394	8.193478
8057416	4.492426
8057418	4.247048
8057439	6.24175
8057441	7.252607
8057463	4.554929
8057480	3.732481
8057486	2.938926
8057506	3.170244
8057517	8.898172
8057554	8.018094
8057557	2.257237
8057559	2.168835
8057563	2.29187
8057574	3.482435
8057576	2.472344
8057578	3.490001
8057599	6.491409
8057613	7.766784
8057615	4.100765
8057620	5.191421
8057677	7.697498
8057689	3.699211
8057700	6.047945
8057711	2.634832
8057713	2.503435
8057719	6.086864
8057732	5.417339
8057736	3.029028
8057742	4.38803
8057744	11.4363
8057771	7.672767
8057797	4.43747
8057803	3.044621
8057817	4.517543
8057819	2.305064
8057821	4.222296
8057887	9.644792
8057898	5.814211
8057929	2.77961
8057931	5.947762
8057933	6.116307
8057954	4.324968
8057959	5.920629
8057990	9.213068
8058024	10.12968
8058052	9.204062
8058063	4.12751
8058075	3.262091
8058091	5.339884
8058104	2.764731
8058106	4.909017
8058108	4.957993
8058118	5.576782
8058127	10.74908
8058145	6.887211
8058147	5.887634
8058159	2.548501
8058161	7.025044
8058182	9.767859
8058195	2.102074
8058197	5.035611
8058199	2.539959
8058201	3.030937
8058203	4.246991
8058221	6.11864
8058238	2.939204
8058256	2.936077
8058258	4.297754
8058273	4.991169
8058295	5.92919
8058333	8.912583
8058335	7.239256
8058340	8.580116
8058342	3.93529
8058344	4.410997
8058346	2.578047
8058348	2.205883
8058350	3.67229
8058373	5.795172
8058386	2.896399
8058388	3.592756
8058390	6.401819
8058411	3.950282
8058415	7.725618
8058428	8.221991
8058450	3.957157
8058456	3.332021
8058458	9.291242
8058460	2.078253
8058462	3.292993
8058477	8.351339
8058486	6.698296
8058496	5.002183
8058498	6.600426
8058509	6.439466
8058512	7.964916
8058514	4.998814
8058516	8.409315
8058518	4.393482
8058520	4.447642
8058524	5.747151
8058530	3.752003
8058535	4.43446
8058542	3.318759
8058552	9.701678
8058566	2.708861
8058568	3.15333
8058570	6.179306
8058591	3.618483
8058604	3.284901
8058614	5.579782
8058627	5.233223
8058658	2.485167
8058660	2.46769
8058662	2.535565
8058664	4.806108
8058666	2.581902
8058668	3.940844
8058670	7.150279
8058693	3.864926
8058695	5.631043
8058708	5.898164
8058765	5.873249
8058824	7.103786
8058837	4.789343
8058849	5.681486
8058855	5.716544
8058857	5.048462
8058866	4.648426
8058869	6.679288
8058905	11.38463
8058912	3.3137
8058914	7.388284
8058927	11.45388
8058940	6.402104
8058971	2.792244
8058973	5.968112
8058985	5.846994
8058997	5.584823
8059012	3.551347
8059014	5.640291
8059019	6.454407
8059026	6.966092
8059028	5.430275
8059067	5.19901
8059071	6.460139
8059081	6.125403
8059097	6.857327
8059111	6.272985
8059139	7.11785
8059158	5.482004
8059177	8.070483
8059186	5.464549
8059211	3.187035
8059213	4.517375
8059222	6.84369
8059244	6.994606
8059249	4.982637
8059277	6.759858
8059279	5.839643
8059301	4.301219
8059319	5.983256
8059339	6.864452
8059341	4.809688
8059343	2.411039
8059345	4.222145
8059350	6.23743
8059361	8.173373
8059376	4.077979
8059387	5.19252
8059393	8.728025
8059413	6.750542
8059470	5.631751
8059475	4.918511
8059477	5.80247
8059525	3.04446
8059532	5.207665
8059538	4.198964
8059549	2.981837
8059551	3.740873
8059565	5.246092
8059576	10.93115
8059578	5.336953
8059580	5.525561
8059596	9.916349
8059642	5.341189
8059648	6.201086
8059650	8.387397
8059672	6.70582
8059674	5.270227
8059680	3.699817
8059687	5.464417
8059689	9.00646
8059708	6.424996
8059710	3.465065
8059712	5.729424
8059716	4.058698
8059720	6.085711
8059729	3.61237
8059731	7.01634
8059739	7.678337
8059744	6.201878
8059748	5.969476
8059770	5.93232
8059776	3.531854
8059783	5.53155
8059799	2.591517
8059801	5.994348
8059832	5.38321
8059838	5.315438
8059852	4.716777
8059854	7.81097
8059862	2.213327
8059864	7.697273
8059868	5.092804
8059876	3.395837
8059878	3.599145
8059900	4.853168
8059902	4.215653
8059905	4.756622
8059949	3.793761
8059951	5.130046
8059953	3.151064
8059955	6.371682
8059965	3.915643
8059969	5.500842
8059985	5.079771
8059989	6.821183
8059996	6.662846
8060020	4.411932
8060030	7.523245
8060061	6.738667
8060063	6.790985
8060080	3.479743
8060082	5.50756
8060084	2.983938
8060086	5.291459
8060094	7.441647
8060101	6.795532
8060103	6.282954
8060126	6.955201
8060134	5.317211
8060187	8.770597
8060196	5.423976
8060205	5.988831
8060225	9.438391
8060255	1.956003
8060257	7.206679
8060274	6.8536
8060286	4.976486
8060294	6.716421
8060303	3.165968
8060308	4.139682
8060314	2.729792
8060320	3.206433
8060325	6.307248
8060330	6.453255
8060334	6.602671
8060339	5.692266
8060344	7.090903
8060353	7.83264
8060368	2.301629
8060370	7.529774
8060379	7.998046
8060395	2.749171
8060400	4.791671
8060416	4.322129
8060418	9.143532
8060427	7.771424
8060432	6.95221
8060447	5.611853
8060461	3.366768
8060484	6.874143
8060501	6.720161
8060503	8.86495
8060505	6.577677
8060526	5.023394
8060528	5.745971
8060533	6.57084
8060539	6.702247
8060594	6.040801
8060599	6.999336
8060604	7.099561
8060611	5.955473
8060625	2.878688
8060627	6.582122
8060660	6.089172
8060675	5.75338
8060698	6.589612
8060705	7.107659
8060722	7.780098
8060734	5.112206
8060736	7.624235
8060738	10.06678
8060741	5.286263
8060745	6.365424
8060758	8.165079
8060765	5.500949
8060772	8.107166
8060790	4.931858
8060792	5.104648
8060796	6.374894
8060803	6.138447
8060805	4.695992
8060813	4.673309
8060835	2.453208
8060839	5.943249
8060850	6.994066
8060854	5.558071
8060893	2.302528
8060895	6.200447
8060897	3.859366
8060940	4.902357
8060947	3.914011
8060949	4.665606
8060963	5.218857
8060977	5.356109
8060988	6.578813
8060997	5.191375
8061013	4.825827
8061019	4.035845
8061035	5.1271
8061064	4.051596
8061066	2.102603
8061073	6.246867
8061075	7.250252
8061082	3.610666
8061092	3.271307
8061094	4.574597
8061112	4.453526
8061114	6.586002
8061122	4.56649
8061127	1.995364
8061129	6.160418
8061136	11.18643
8061138	5.00926
8061154	5.699932
8061165	6.16613
8061167	5.013021
8061169	4.993588
8061171	4.9375
8061184	5.140364
8061186	8.361753
8061211	6.737423
8061222	6.169974
8061224	3.4198
8061227	6.454663
8061247	8.191375
8061262	6.237171
8061272	3.69401
8061303	6.645993
8061305	5.82501
8061324	8.146566
8061357	5.910699
8061364	10.13625
8061366	5.196108
8061368	7.243995
8061373	7.622191
8061382	4.014881
8061389	3.885517
8061396	2.649505
8061402	5.058434
8061404	5.299944
8061406	5.528869
8061414	5.96804
8061416	7.692959
8061426	4.181092
8061428	6.864626
8061445	6.10425
8061447	7.424747
8061471	4.11195
8061481	4.863731
8061483	4.712341
8061490	5.185268
8061497	6.507616
8061504	4.278159
8061507	4.657137
8061509	4.881756
8061517	2.511176
8061519	4.38147
8061529	6.269653
8061542	9.12599
8061562	6.507972
8061564	7.856459
8061572	5.710169
8061579	4.196576
8061605	5.000203
8061620	4.598454
8061645	4.704994
8061647	6.557004
8061653	6.471876
8061666	5.0671
8061668	11.23607
8061685	9.098498
8061706	6.255643
8061715	7.080488
8061725	6.194403
8061742	4.761164
8061746	4.736153
8061772	10.88089
8061780	6.02879
8061799	4.413914
8061815	5.895093
8061831	5.072316
8061847	4.332994
8061859	3.62407
8061869	5.091778
8061883	4.694964
8061894	5.666873
8061912	4.856547
8061916	3.603273
8061919	6.129827
8061940	8.0212
8061944	6.7581
8061946	6.208461
8061958	9.37135
8061966	9.408129
8061982	5.618321
8061986	9.820786
8062016	6.795282
8062023	6.852223
8062034	9.779707
8062041	8.172701
8062064	5.913418
8062108	5.822346
8062117	3.085244
8062119	7.148633
8062123	5.17426
8062134	4.506042
8062137	5.858369
8062174	8.390789
8062190	5.566643
8062206	6.342404
8062211	6.90513
8062213	7.599932
8062235	3.164551
8062237	3.913043
8062251	6.853939
8062284	6.501907
8062286	6.944009
8062293	7.319795
8062312	6.922933
8062319	7.814172
8062326	8.83185
8062337	7.40891
8062339	6.010901
8062347	5.162612
8062349	8.335686
8062371	6.665601
8062377	8.091005
8062395	5.315968
8062404	5.92634
8062409	6.77178
8062427	6.958141
8062433	7.319845
8062444	4.667276
8062461	4.95494
8062478	3.895174
8062480	6.048572
8062490	6.298191
8062492	8.66834
8062527	5.659955
8062532	7.104692
8062539	5.85496
8062545	5.750418
8062555	4.49059
8062557	6.124362
8062569	6.319082
8062571	9.475358
8062576	6.373798
8062599	5.351543
8062601	3.803403
8062603	9.951797
8062623	6.47202
8062658	5.915949
8062681	5.74166
8062687	6.078051
8062689	3.474043
8062691	2.200438
8062693	2.486989
8062695	8.663023
8062705	5.782984
8062728	6.472834
8062748	5.550892
8062766	5.359575
8062782	5.441032
8062794	4.500707
8062796	5.617487
8062813	5.672439
8062821	3.012368
8062823	6.508898
8062842	5.336953
8062844	7.24126
8062852	5.724278
8062862	2.843472
8062864	6.880976
8062873	6.939286
8062880	9.772889
8062890	6.279666
8062908	10.05636
8062927	10.93391
8062933	4.068822
8062944	3.481311
8062948	6.074703
8062962	4.535104
8062964	8.034452
8062971	6.988427
8062981	7.627209
8063000	6.58416
8063011	4.885302
8063014	5.90355
8063019	3.058208
8063024	2.570539
8063026	3.624654
8063028	8.062079
8063043	6.188437
8063057	6.377755
8063071	5.413431
8063074	5.600669
8063078	9.906101
8063097	6.592927
8063115	8.963869
8063129	4.299864
8063156	7.133478
8063171	3.609386
8063174	5.143597
8063177	7.178792
8063187	7.035004
8063209	4.03839
8063211	8.959723
8063240	4.847427
8063242	7.448421
8063283	6.728973
8063313	6.368319
8063315	7.323222
8063337	8.487679
8063345	9.10294
8063347	6.308485
8063349	2.810358
8063351	8.669348
8063369	8.420426
8063380	5.20546
8063382	6.742478
8063386	9.844681
8063389	8.238686
8063394	8.981254
8063408	4.612328
8063410	10.76683
8063417	7.472415
8063427	5.209011
8063433	2.899791
8063437	5.219155
8063442	4.724418
8063444	4.063626
8063447	2.524684
8063449	6.95936
8063453	3.18142
8063458	3.822651
8063473	10.31447
8063476	5.242744
8063478	6.633805
8063484	7.041754
8063497	8.844272
8063509	8.942954
8063522	5.410903
8063524	6.244532
8063526	6.564588
8063531	6.431184
8063534	2.54484
8063536	6.738489
8063545	3.344543
8063547	5.224406
8063549	5.896747
8063551	2.613117
8063566	6.661469
8063583	6.518249
8063590	4.608695
8063601	5.617352
8063607	8.280985
8063620	7.014943
8063634	6.046961
8063636	8.339071
8063650	6.792432
8063668	8.094882
8063697	6.814827
8063716	3.281688
8063723	5.510249
8063729	5.08335
8063739	5.418251
8063755	4.28128
8063761	6.352838
8063785	4.819928
8063793	5.368165
8063796	5.468452
8063814	5.970637
8063835	5.198461
8063839	6.82334
8063857	7.560079
8063869	5.823207
8063873	8.846909
8063893	8.097307
8063903	6.185995
8063914	6.880201
8063921	2.62693
8063923	9.093156
8063942	5.432673
8063949	7.170653
8063955	8.387412
8063970	7.263589
8064003	5.198059
8064007	7.824846
8064014	6.756748
8064029	4.680164
8064031	6.392086
8064042	6.661781
8064059	6.901395
8064098	3.993908
8064100	9.6933
8064108	6.114354
8064111	6.513663
8064156	7.901093
8064168	7.43335
8064175	6.462964
8064188	7.92148
8064191	9.494688
8064203	6.648512
8064208	9.452908
8064216	6.284644
8064218	7.086639
8064242	6.566627
8064245	6.101542
8064261	6.270786
8064277	4.972917
8064302	7.316477
8064319	2.586983
8064322	4.498899
8064336	7.933804
8064351	8.666386
8064370	7.723843
8064375	8.831577
8064382	6.349967
8064384	6.11358
8064388	6.94923
8064394	7.870459
8064396	5.173383
8064407	6.272623
8064415	4.642765
8064418	9.295653
8064430	6.186646
8064432	6.358902
8064438	8.283987
8064451	7.063763
8064462	3.158031
8064464	6.030833
8064471	8.283089
8064485	5.65462
8064495	4.339832
8064500	2.118218
8064502	7.650569
8064514	4.46477
8064522	7.430434
8064539	4.617783
8064557	6.535131
8064575	5.920497
8064581	6.408922
8064591	6.765031
8064601	7.290734
8064613	7.80731
8064637	6.534232
8064676	7.643587
8064686	7.012858
8064716	6.063078
8064739	5.937868
8064751	6.354243
8064762	7.084016
8064766	8.677894
8064779	6.566854
8064787	4.298393
8064790	9.617741
8064808	6.867943
8064831	6.916261
8064833	8.142577
8064842	6.340224
8064844	6.653678
8064857	9.822837
8064859	4.553227
8064864	2.937694
8064866	6.173872
8064868	9.827887
8064879	5.894398
8064894	5.654223
8064900	4.539422
8064904	4.959684
8064926	4.139521
8064928	3.101857
8064939	8.112614
8064952	4.64239
8064967	4.504592
8064976	5.940586
8064978	7.579828
8065009	3.431495
8065011	4.256615
8065013	6.006873
8065018	5.880466
8065032	5.593683
8065045	3.411431
8065067	2.372302
8065069	5.472816
8065071	6.156509
8065080	2.568013
8065082	5.101046
8065084	5.626865
8065089	5.33367
8065120	4.984755
8065122	5.9739
8065124	3.793676
8065134	3.023538
8065136	7.969666
8065163	2.091105
8065165	7.051425
8065185	5.967696
8065194	5.231639
8065200	3.543975
8065202	5.39253
8065230	4.894653
8065240	2.419895
8065242	3.849797
8065244	3.178314
8065248	4.493076
8065252	4.315939
8065254	10.03053
8065256	6.803585
8065278	5.297822
8065280	9.589457
8065321	3.326049
8065323	4.035863
8065325	6.496835
8065327	8.023546
8065330	6.441772
8065332	2.829422
8065334	4.563157
8065339	2.528331
8065344	6.06168
8065351	3.453054
8065353	9.213547
8065359	8.349154
8065363	5.212279
8065370	5.236176
8065372	5.891858
8065386	3.907054
8065388	4.070887
8065392	2.164259
8065396	4.329065
8065400	4.65056
8065403	9.21138
8065410	6.747593
8065412	4.728966
8065416	5.883183
8065421	5.51346
8065427	5.267147
8065433	8.265036
8065444	6.357162
8065460	5.164547
8065469	8.562194
8065485	7.498152
8065510	5.836146
8065515	4.105854
8065517	6.032901
8065527	5.734821
8065537	4.534979
8065541	6.715
8065547	2.448883
8065550	6.78708
8065552	3.299974
8065555	3.341465
8065563	3.707442
8065566	6.984752
8065569	8.955164
8065576	6.600526
8065580	5.763939
8065596	5.897713
8065603	6.853603
8065607	7.765759
8065612	6.168246
8065630	3.674436
8065633	6.049149
8065637	7.123802
8065652	4.138494
8065668	6.471086
8065683	6.706473
8065693	6.69956
8065710	6.696766
8065719	5.104475
8065730	6.671981
8065738	8.467875
8065752	2.370091
8065756	5.34587
8065758	4.454247
8065762	6.790465
8065776	7.108826
8065795	5.143524
8065798	5.939221
8065817	6.451686
8065832	8.256512
8065853	2.97983
8065855	7.235514
8065868	8.833065
8065880	5.849379
8065889	6.136251
8065905	4.734234
8065911	5.561584
8065920	8.408
8065948	9.5279
8065963	8.15624
8065990	3.34689
8065992	6.619509
8066009	10.48163
8066025	3.310286
8066027	1.795261
8066029	2.144222
8066031	5.595005
8066038	5.508341
8066051	6.842903
8066072	4.535686
8066074	5.268361
8066091	5.505733
8066117	9.075389
8066136	5.489407
8066161	4.424723
8066189	5.296378
8066195	8.828374
8066198	5.548057
8066200	6.182499
8066210	2.131544
8066212	5.18572
8066214	7.778142
8066231	5.645285
8066247	6.642104
8066254	5.129553
8066256	7.529557
8066258	7.156138
8066260	7.773085
8066262	7.990213
8066266	8.484746
8066273	4.017943
8066275	4.90626
8066279	5.380251
8066294	5.07892
8066303	6.367896
8066343	3.42307
8066345	3.376786
8066347	5.437382
8066382	2.768031
8066384	3.542068
8066391	6.215195
8066393	5.901974
8066402	8.295993
8066407	6.047983
8066411	4.943427
8066417	10.96332
8066431	7.325632
8066444	5.057599
8066451	6.251797
8066461	6.576734
8066475	4.975614
8066482	5.608148
8066489	6.127469
8066493	10.8404
8066498	5.734704
8066513	9.57721
8066521	4.356243
8066530	3.066802
8066536	5.214152
8066542	3.704184
8066549	3.356612
8066557	4.13537
8066559	3.411533
8066567	10.58786
8066569	3.25453
8066574	4.860136
8066579	5.239776
8066590	5.499441
8066598	6.667357
8066609	5.71378
8066612	6.135516
8066619	6.751881
8066637	6.489855
8066641	7.124593
8066668	7.34735
8066683	6.235992
8066697	7.509992
8066716	6.878108
8066739	4.097086
8066745	4.585914
8066754	6.074975
8066757	5.712764
8066776	6.142592
8066786	7.744481
8066818	2.147074
8066820	5.06706
8066822	8.010548
8066848	10.28076
8066889	8.621061
8066905	8.65817
8066921	5.265964
8066925	4.548312
8066939	11.08399
8066953	6.008507
8066960	2.997564
8066962	5.344161
8066964	6.996151
8066981	6.07806
8066983	6.551745
8066985	5.481533
8067007	10.39721
8067011	7.342387
8067017	7.82939
8067029	5.707461
8067033	6.25286
8067040	5.790259
8067055	7.431823
8067087	5.439169
8067094	5.619089
8067111	4.026655
8067113	8.78501
8067121	8.859671
8067125	9.323801
8067140	5.260294
8067155	4.284297
8067157	3.259516
8067165	4.01442
8067167	5.331424
8067178	4.833264
8067183	6.543129
8067185	4.452863
8067197	2.331203
8067199	2.65103
8067201	2.937942
8067203	4.981735
8067206	6.539567
8067208	4.77624
8067221	7.406798
8067233	5.775453
8067242	6.181142
8067248	7.394501
8067270	6.561961
8067277	5.676001
8067279	8.818979
8067288	7.271361
8067295	7.995487
8067303	6.941769
8067305	3.955368
8067351	8.091458
8067358	4.394015
8067361	7.211638
8067380	5.173111
8067382	8.265512
8067394	5.562803
8067409	7.106557
8067495	6.734128
8067506	6.566648
8067521	7.526021
8067530	6.846263
8067543	7.303687
8067546	6.762001
8067551	6.963889
8067554	6.789588
8067563	7.685637
8067585	6.774552
8067588	5.431108
8067593	7.165773
8067602	5.822928
8067610	5.562398
8067626	5.622108
8067652	6.235497
8067662	8.585114
8067671	6.441177
8067680	7.841658
8067709	7.147578
8067722	6.770648
8067727	6.771243
8067743	6.311221
8067754	6.539195
8067756	6.390482
8067773	5.949725
8067792	6.602489
8067798	6.392978
8067802	8.117448
8067812	7.668359
8067818	4.867939
8067820	8.390306
8067822	4.172506
8067825	3.300166
8067834	2.245925
8067836	2.971593
8067839	2.960832
8067842	3.006532
8067844	3.013353
8067858	2.829165
8067860	3.020177
8067864	6.77645
8067867	7.348795
8067869	3.491302
8067877	3.318856
8067899	3.33141
8067901	3.035116
8067903	8.426146
8067932	3.591359
8067942	4.840181
8067944	2.868736
8067946	3.482034
8067948	4.046837
8067950	2.977808
8067955	9.901071
8067963	5.511849
8067965	3.212447
8067969	5.188219
8067978	10.69729
8067981	3.783948
8067983	4.024793
8067985	3.822184
8068006	2.934504
8068014	2.446249
8068020	2.666749
8068022	8.677649
8068024	3.758906
8068039	6.659103
8068044	2.942205
8068046	5.605466
8068052	2.903563
8068057	3.275954
8068062	7.264988
8068083	5.715961
8068100	4.905538
8068105	9.138261
8068120	4.615681
8068126	3.736403
8068130	3.234721
8068136	5.690349
8068139	3.178936
8068145	6.25873
8068151	6.113865
8068154	4.56966
8068157	4.560858
8068161	4.22835
8068164	2.724272
8068168	7.210865
8068180	5.094759
8068192	5.29819
8068200	5.812815
8068202	6.65607
8068214	2.421181
8068216	2.598871
8068218	4.889011
8068220	4.414228
8068231	5.445464
8068235	6.99623
8068238	8.328643
8068254	10.08122
8068266	9.465982
8068280	10.19889
8068289	8.69271
8068305	6.195866
8068350	5.324319
8068353	8.295325
8068361	9.300705
8068363	4.71329
8068369	3.91235
8068375	6.016057
8068383	7.436362
8068391	2.49109
8068393	2.305064
8068395	2.180311
8068397	4.942386
8068399	2.399641
8068401	5.764252
8068410	7.260775
8068413	5.608488
8068422	6.878906
8068460	8.414796
8068478	5.191405
8068494	4.265065
8068496	5.403607
8068510	6.809211
8068512	6.052817
8068520	2.785327
8068522	6.334583
8068543	4.280144
8068551	8.42617
8068570	2.623396
8068578	4.63107
8068583	10.0464
8068593	12.00414
8068608	2.494771
8068610	2.577108
8068612	6.389012
8068620	4.237294
8068633	8.742948
8068644	6.059114
8068651	5.549894
8068660	2.756445
8068662	1.997855
8068664	4.79134
8068671	8.216472
8068684	8.05306
8068697	10.04807
8068713	9.031868
8068731	4.537881
8068735	3.92111
8068740	5.252206
8068761	7.991725
8068786	5.536327
8068788	4.995493
8068810	7.718075
8068833	6.652896
8068857	6.743259
8068866	8.051
8068883	7.290233
8068891	5.27115
8068894	4.996277
8068898	8.558846
8068902	6.286386
8068919	8.688272
8068938	7.176632
8068952	7.141956
8068974	7.490398
8069003	6.433709
8069026	6.518656
8069037	6.818291
8069057	8.349454
8069083	6.769053
8069085	6.363487
8069122	5.548183
8069131	5.481436
8069133	2.189215
8069135	5.984153
8069142	8.159001
8069146	5.496068
8069148	6.729744
8069150	7.514418
8069153	6.693233
8069156	5.961508
8069161	6.681448
8069168	6.996012
8069174	6.121924
8069178	5.877211
8069200	5.295687
8069208	7.554634
8069252	5.676002
8069269	7.44508
8069301	7.366158
8069332	4.372553
8069340	5.929107
8069348	6.302761
8069399	6.527072
8069444	3.564231
8069446	5.655237
8069448	2.028897
8069450	7.183054
8069470	7.494009
8069472	2.682114
8069487	2.911211
8069494	3.446182
8069499	2.175739
8069503	6.747508
8069505	6.112572
8069508	4.364852
8069511	6.754878
8069517	5.561376
8069519	7.070159
8069521	2.541186
8069532	7.277927
8069541	9.938827
8069553	7.946558
8069559	2.368586
8069561	7.125756
8069563	2.581949
8069565	6.960642
8069574	6.701287
8069582	3.114413
8069608	2.072671
8069610	4.127374
8069612	3.46756
8069620	6.112492
8069633	5.966047
8069644	9.510054
8069666	7.011869
8069668	4.806158
8069676	4.871989
8069689	4.274343
8069700	5.432239
8069711	6.38591
8069744	4.631471
8069753	7.327924
8069764	4.413136
8069766	5.08212
8069768	3.132963
8069770	3.228523
8069790	4.435232
8069795	3.821779
8069800	4.613492
8069804	4.028863
8069808	3.853765
8069811	5.842537
8069813	3.101226
8069818	3.36951
8069822	4.41579
8069827	3.249538
8069831	4.448603
8069836	2.885019
8069838	5.073962
8069841	3.18156
8069845	4.000136
8069848	5.387008
8069852	6.229558
8069855	3.668224
8069859	3.446664
8069863	6.221732
8069868	4.194067
8069872	5.521183
8069876	3.122255
8069880	7.798656
8069910	7.277071
8069933	5.720394
8069943	6.761837
8069983	5.845831
8069985	7.505006
8069987	6.053583
8069991	4.414243
8069998	6.351604
8070010	7.169542
8070046	6.522902
8070073	4.194097
8070081	5.893274
8070083	6.511189
8070097	4.019392
8070102	6.587407
8070129	5.88148
8070141	5.617655
8070160	7.120604
8070169	6.456994
8070171	4.423306
8070173	5.576951
8070182	7.062597
8070194	8.252772
8070213	2.734224
8070215	6.070289
8070231	4.568688
8070233	4.133922
8070239	5.999967
8070255	2.728968
8070257	5.553576
8070269	7.777913
8070279	3.333564
8070286	5.087839
8070295	4.212665
8070297	3.911907
8070315	4.488719
8070321	4.859674
8070328	4.236747
8070330	6.865407
8070341	7.664591
8070386	4.975162
8070389	7.25207
8070396	4.311847
8070398	3.958261
8070411	7.473005
8070421	4.471681
8070458	6.421521
8070467	11.06258
8070482	5.567708
8070489	8.293653
8070503	6.081003
8070538	6.989205
8070557	8.165133
8070563	5.192654
8070567	5.978856
8070574	5.700587
8070579	7.203311
8070584	5.492522
8070601	2.491335
8070603	5.202932
8070615	6.488759
8070629	5.006224
8070632	6.326336
8070655	10.03848
8070665	8.700136
8070681	5.742949
8070689	4.635315
8070701	12.46716
8070708	5.363863
8070712	4.644814
8070714	3.095343
8070716	5.662603
8070720	6.819038
8070730	4.644525
8070744	6.1371
8070755	2.270495
8070757	6.609134
8070771	7.678248
8070777	7.408599
8070780	6.299529
8070782	6.493901
8070786	7.166712
8070789	7.428746
8070791	6.931269
8070795	5.633432
8070799	7.1466
8070811	7.965717
8070819	9.954277
8070826	9.605277
8070847	5.99425
8070853	6.171337
8070863	4.842153
8070867	6.008859
8070876	6.203207
8070891	6.034371
8070896	6.028104
8070900	5.825002
8070905	5.1874
8070912	7.859523
8070925	6.387458
8070933	6.66539
8070953	6.539148
8070961	7.387059
8070988	7.058339
8071020	5.689518
8071036	4.280177
8071042	3.119959
8071044	6.489015
8071049	3.976869
8071051	6.385856
8071058	2.487649
8071061	4.966778
8071063	3.552023
8071069	8.427567
8071084	5.707855
8071086	4.818736
8071107	5.370926
8071119	7.090926
8071134	10.60187
8071136	6.683804
8071147	6.393307
8071155	6.392898
8071161	4.031621
8071168	6.181439
8071170	5.913473
8071179	7.442677
8071185	6.235341
8071194	4.816336
8071196	4.542606
8071202	2.30876
8071204	2.887489
8071206	4.904261
8071212	4.067053
8071234	6.8047
8071259	6.437272
8071268	6.50428
8071272	7.550107
8071274	8.223991
8071276	5.860652
8071289	7.753797
8071301	7.074584
8071312	7.147047
8071314	6.851156
8071332	6.470251
8071339	6.122467
8071355	6.243076
8071357	5.489533
8071361	3.853781
8071368	7.977579
8071371	5.04878
8071373	3.389066
8071375	4.038605
8071382	6.531951
8071390	2.998979
8071392	8.227062
8071411	5.526321
8071414	5.111078
8071420	3.995522
8071426	6.846178
8071434	8.405878
8071442	1.908396
8071444	5.376017
8071466	6.849723
8071489	5.514616
8071504	4.728548
8071516	6.777429
8071523	3.887115
8071530	4.906496
8071532	4.663411
8071536	7.15431
8071541	8.381238
8071543	5.04878
8071545	3.389066
8071547	6.102239
8071554	5.793582
8071559	6.694255
8071564	5.730608
8071566	7.048046
8071593	7.933489
8071595	5.520675
8071597	5.541986
8071642	5.331751
8071646	4.579412
8071649	8.150197
8071655	8.040739
8071658	5.095054
8071662	6.598142
8071671	5.980858
8071676	6.487112
8071691	7.754925
8071713	7.190843
8071715	6.4699
8071717	6.026354
8071737	8.903785
8071745	5.636441
8071758	5.958751
8071768	7.121467
8071783	5.859268
8071801	3.82389
8071804	7.283187
8071806	7.944524
8071809	5.55875
8071817	3.497231
8071819	5.329516
8071823	6.9215
8071861	6.615955
8071877	6.833159
8071881	8.478293
8071899	9.530272
8071907	6.228062
8071920	7.70818
8071927	7.352749
8071951	6.258595
8071953	5.953186
8071981	6.5195
8071989	7.171227
8071997	6.694398
8072004	6.995607
8072007	5.297501
8072009	7.002865
8072015	7.04699
8072039	5.323938
8072088	4.744714
8072108	5.288928
8072113	5.731623
8072122	6.562694
8072124	5.842884
8072131	1.948616
8072133	5.875981
8072139	2.041146
8072141	3.648444
8072143	5.538641
8072153	8.163303
8072160	5.536237
8072170	6.749545
8072187	2.169643
8072189	7.518634
8072206	9.441424
8072216	6.899275
8072226	3.43937
8072229	4.62448
8072242	6.65799
8072266	5.373877
8072272	6.20464
8072274	7.72675
8072279	9.697436
8072302	7.473371
8072304	3.579227
8072314	5.129554
8072316	6.211027
8072328	6.325211
8072344	4.720791
8072346	5.949366
8072353	5.525875
8072355	4.24828
8072358	6.189648
8072360	6.196104
8072374	6.046045
8072382	6.448818
8072400	3.702081
8072407	9.782516
8072411	5.577581
8072413	5.996102
8072436	5.953926
8072454	6.691395
8072461	10.77757
8072482	7.910092
8072484	6.925093
8072486	5.324776
8072488	6.538847
8072494	7.453256
8072529	5.958701
8072573	3.58128
8072575	2.140707
8072577	6.737545
8072582	6.185869
8072584	3.763835
8072587	4.973143
8072603	4.562725
8072605	2.562751
8072610	7.579464
8072626	6.252776
8072636	4.546178
8072645	7.568798
8072659	9.82151
8072678	10.57655
8072687	6.400182
8072705	5.122782
8072710	8.796986
8072721	4.589578
8072727	1.85394
8072729	6.042529
8072731	2.050193
8072733	2.618284
8072735	10.46757
8072744	8.694517
8072757	11.07561
8072775	2.173672
8072777	6.657059
8072784	6.772711
8072796	6.494946
8072798	10.458
8072817	8.110909
8072825	7.594277
8072847	6.906324
8072870	7.844024
8072876	8.242257
8072883	7.153982
8072894	7.057289
8072924	3.955868
8072926	9.093392
8072931	5.447506
8072941	7.16636
8072946	8.417085
8072960	3.038249
8072962	6.73992
8072979	7.077127
8072989	6.570707
8073007	9.5365
8073013	8.770271
8073015	4.722518
8073022	5.179804
8073032	5.388421
8073039	10.02699
8073056	9.149652
8073062	7.274883
8073068	6.114675
8073072	6.976112
8073081	5.547808
8073088	4.680164
8073096	4.866256
8073104	6.103943
8073114	5.698222
8073129	7.078833
8073135	5.720249
8073148	9.728959
8073152	5.61587
8073192	8.361009
8073194	5.212402
8073207	5.742578
8073214	7.757557
8073242	6.13543
8073259	6.789423
8073293	5.140368
8073296	5.89851
8073309	7.227999
8073311	5.85012
8073328	3.877127
8073330	2.700498
8073332	2.913201
8073334	6.972624
8073341	3.077374
8073343	7.27541
8073345	8.398978
8073379	6.618711
8073397	7.472842
8073422	6.448772
8073430	7.735361
8073449	6.495313
8073457	8.854418
8073470	5.540818
8073474	5.414739
8073511	5.763364
8073513	6.325651
8073522	7.325522
8073544	4.051596
8073546	6.812212
8073548	4.502972
8073562	4.576169
8073573	6.686522
8073578	6.786416
8073582	5.462341
8073585	5.209804
8073596	5.39175
8073603	6.846178
8073605	6.356448
8073612	7.378986
8073623	6.641767
8073631	4.702168
8073633	4.282136
8073645	5.833229
8073662	5.91386
8073680	5.968637
8073682	7.510417
8073698	5.57557
8073705	6.865253
8073733	7.149412
8073743	6.902596
8073752	7.043315
8073766	3.781185
8073775	7.65409
8073799	6.400884
8073816	6.016878
8073822	6.262033
8073824	6.804511
8073826	5.652627
8073842	6.061607
8073858	4.62013
8073875	6.6297
8073890	6.251647
8073909	8.494751
8073924	5.796334
8073929	7.324895
8073939	5.271525
8073941	6.41516
8073943	6.30843
8073949	6.369337
8073960	10.57164
8073962	4.639337
8073992	6.732262
8074003	7.879912
8074020	6.711267
8074030	7.350842
8074057	5.401036
8074059	3.874188
8074061	9.18794
8074063	7.530172
8074070	6.930772
8074082	6.961153
8074106	6.472505
8074108	6.198814
8074131	6.043901
8074153	5.944388
8074157	7.758063
8074168	6.082558
8074170	4.261365
8074192	4.855378
8074194	3.871057
8074196	6.778042
8074201	3.442789
8074204	3.931297
8074210	3.477471
8074212	5.656744
8074223	6.747312
8074227	6.185713
8074237	7.08326
8074249	3.724371
8074251	8.134441
8074261	9.39325
8074274	6.359739
8074286	6.494855
8074307	6.357101
8074309	3.776909
8074316	6.980064
8074330	4.441748
8074335	5.177841
8074349	7.951735
8074364	5.333782
8074371	6.476706
8074384	7.383212
8074388	7.086232
8074399	4.99031
8074432	6.644442
8074458	7.254248
8074464	7.329609
8074473	6.469673
8074481	5.980363
8074498	6.516942
8074522	6.571541
8074541	7.439958
8074556	2.791343
8074558	6.769511
8074565	6.794386
8074569	6.236709
8074577	8.543947
8074591	3.613823
8074593	5.59137
8074597	4.115041
8074606	5.897473
8074615	4.915045
8074617	6.315999
8074632	6.255682
8074640	3.262757
8074642	5.93508
8074644	9.693788
8074647	8.032938
8074688	6.644119
8074695	5.974232
8074701	6.054783
8074712	4.906496
8074714	5.777263
8074716	6.996633
8074730	5.941178
8074734	5.192691
8074737	3.887115
8074744	3.389066
8074746	5.04878
8074748	8.506787
8074769	3.604007
8074771	5.54929
8074773	6.710746
8074780	5.351452
8074789	4.169464
8074791	9.678157
8074806	7.4387
8074817	6.798452
8074836	3.844419
8074842	6.864427
8074845	4.284755
8074853	3.537084
8074856	4.60692
8074867	5.998845
8074869	5.372814
8074878	7.668221
8074880	5.548392
8074884	2.814613
8074886	3.252606
8074888	6.475558
8074890	5.852228
8074892	6.411728
8074897	4.645083
8074909	7.665857
8074916	4.818841
8074925	8.888773
8074927	8.684045
8074931	5.901026
8074934	5.744302
8074939	7.176607
8074944	6.429499
8074956	3.637407
8074958	3.661769
8074962	5.55875
8074969	6.644044
8074972	4.490836
8074978	2.867544
8074980	6.50999
8074988	2.864075
8074991	7.073182
8075005	6.589365
8075009	7.866641
8075016	5.938814
8075024	6.074748
8075026	4.28113
8075049	5.287987
8075052	6.33468
8075059	4.517134
8075061	2.3361
8075063	6.161526
8075089	6.989197
8075106	6.929449
8075118	5.672585
8075126	5.446614
8075130	8.971996
8075142	4.109952
8075160	5.346521
8075164	3.802765
8075182	10.06367
8075190	5.213851
8075192	2.745329
8075198	2.548232
8075200	6.836959
8075211	5.942366
8075217	7.650882
8075239	7.184549
8075263	5.953501
8075276	7.0283
8075285	9.238663
8075306	5.844407
8075310	7.178941
8075316	12.8443
8075322	6.144236
8075332	7.077585
8075343	8.068686
8075363	4.680164
8075365	6.531353
8075375	4.233191
8075390	5.083473
8075401	5.925234
8075406	5.973218
8075423	5.616682
8075430	6.65695
8075458	6.229711
8075462	6.998223
8075468	5.421729
8075477	4.275016
8075479	3.571963
8075481	8.909149
8075483	9.562762
8075493	6.398301
8075505	2.562029
8075507	6.985609
8075529	8.270648
8075542	6.744707
8075550	4.84727
8075553	4.543455
8075555	4.847427
8075564	4.104289
8075569	4.463257
8075585	8.071882
8075600	3.551866
8075616	5.654597
8075633	5.236226
8075635	4.515884
8075637	7.117839
8075657	6.402695
8075659	5.272205
8075668	5.925184
8075673	7.152367
8075691	10.14751
8075693	2.348495
8075695	5.934311
8075705	7.531516
8075707	2.305925
8075709	6.440352
8075720	7.645236
8075728	10.08964
8075778	6.276412
8075785	5.562556
8075798	8.601667
8075817	6.895625
8075820	3.564407
8075828	5.822875
8075838	5.362389
8075846	4.641963
8075850	4.413945
8075857	8.200174
8075863	5.720708
8075865	5.781945
8075886	6.176981
8075897	5.947453
8075906	6.93713
8075910	10.55252
8075918	5.150619
8075921	4.886392
8075924	6.439201
8075934	6.556056
8075956	4.874544
8075963	6.64428
8075969	4.926701
8075971	6.827432
8075981	4.870729
8075992	6.074225
8076002	7.107844
8076007	6.205199
8076025	5.621274
8076046	8.163276
8076056	9.470087
8076072	6.817441
8076077	10.50769
8076094	3.626908
8076113	5.030405
8076128	11.00719
8076137	8.299952
8076161	5.71637
8076169	6.762171
8076176	6.487213
8076185	6.486644
8076193	5.069954
8076195	6.155773
8076209	9.864925
8076219	6.273434
8076221	6.491902
8076223	7.81453
8076225	7.242733
8076231	3.355329
8076239	3.63019
8076241	7.675545
8076260	6.259643
8076272	8.540216
8076292	3.974291
8076298	8.812101
8076300	3.634162
8076302	6.939804
8076307	7.142782
8076327	4.650088
8076329	3.43737
8076331	7.070546
8076339	6.386503
8076344	6.553669
8076355	5.849321
8076365	7.098946
8076374	7.001993
8076382	3.505032
8076384	5.078238
8076387	6.880209
8076393	6.155976
8076403	7.538968
8076415	2.376525
8076417	6.900447
8076424	6.770657
8076431	6.702191
8076436	7.202338
8076441	7.712066
8076449	7.942089
8076455	7.549247
8076461	8.555789
8076463	2.954052
8076465	7.800341
8076481	7.672708
8076493	5.016257
8076497	6.769819
8076509	5.431396
8076511	10.12038
8076513	7.337747
8076515	8.68587
8076533	9.528836
8076547	5.656705
8076561	6.41516
8076563	7.104335
8076569	7.236697
8076584	6.780362
8076586	6.182031
8076612	3.885894
8076644	4.231761
8076655	5.369691
8076668	5.326209
8076673	5.61666
8076677	6.961946
8076690	7.315242
8076704	3.060956
8076732	7.639385
8076734	6.158737
8076739	6.259651
8076744	5.920285
8076747	8.003478
8076749	6.303111
8076754	4.218031
8076757	6.490121
8076792	7.721126
8076813	4.565741
8076815	5.171086
8076819	4.447293
8076826	6.129528
8076836	6.984803
8076851	7.346173
8076865	5.818949
8076882	4.995295
8076894	5.860274
8076909	6.534415
8076937	6.845063
8076962	6.206084
8076978	5.891443
8076998	9.330691
8077036	6.778455
8077042	7.535757
8077082	7.232975
8077099	7.532212
8077103	8.719904
8077116	7.080542
8077123	7.146726
8077160	6.996839
8077169	3.308255
8077171	7.133412
8077185	6.35729
8077192	5.771248
8077198	4.187662
8077204	5.733725
8077211	7.177766
8077226	5.753551
8077238	7.121309
8077250	6.8536
8077262	4.976486
8077270	4.46157
8077299	4.063299
8077323	3.368367
8077351	6.84844
8077353	5.879316
8077366	4.10791
8077370	4.998057
8077376	7.168572
8077441	10.87893
8077450	9.099709
8077458	9.022494
8077472	3.956765
8077490	5.934274
8077499	3.024814
8077503	5.111093
8077511	2.797222
8077513	6.804008
8077526	9.263484
8077528	8.956868
8077550	8.371589
8077572	4.970146
8077595	6.171146
8077612	7.475148
8077635	5.855552
8077652	9.640052
8077663	7.277752
8077668	5.47872
8077688	6.466561
8077712	6.066591
8077728	5.565956
8077731	5.771993
8077768	2.799473
8077770	7.431406
8077777	4.284139
8077779	6.823374
8077781	8.023219
8077786	10.81323
8077804	7.737618
8077815	6.921964
8077817	6.195188
8077833	5.244424
8077851	6.368997
8077858	9.970185
8077877	5.869038
8077879	6.026917
8077899	7.457727
8077914	5.607868
8077929	4.440743
8077931	7.499544
8077942	2.173347
8077944	6.158092
8077958	5.875767
8077970	5.94057
8077989	6.637394
8077993	8.577848
8078008	5.435162
8078012	3.650014
8078014	10.63598
8078033	6.130238
8078046	4.443714
8078066	4.800208
8078091	7.989058
8078110	7.275594
8078134	2.191605
8078136	7.119885
8078138	8.463019
8078147	6.26848
8078155	4.440505
8078173	6.093962
8078187	6.220678
8078196	3.337705
8078214	10.89092
8078225	5.546608
8078227	8.640269
8078248	9.115005
8078252	5.479712
8078260	6.45259
8078262	7.070674
8078270	8.746494
8078272	8.247615
8078284	4.153097
8078286	4.942204
8078300	6.029417
8078305	5.096044
8078310	4.070805
8078312	4.509181
8078319	3.423849
8078330	4.147001
8078350	9.139692
8078360	9.376955
8078378	5.785629
8078380	4.302813
8078382	3.684524
8078386	5.635228
8078395	3.498304
8078397	5.650196
8078405	7.850082
8078412	6.848036
8078435	6.626757
8078442	4.938617
8078450	6.337007
8078461	4.729335
8078479	9.45707
8078497	3.872157
8078527	3.959832
8078529	3.903044
8078542	4.233943
8078544	7.127384
8078565	2.078749
8078567	5.607206
8078569	7.416546
8078600	7.800959
8078605	4.601361
8078619	5.63483
8078650	5.964552
8078663	4.388953
8078665	7.27262
8078688	5.080315
8078690	5.64684
8078729	8.89376
8078738	10.63514
8078759	5.876743
8078772	5.093932
8078784	5.158167
8078805	5.229877
8078818	4.983997
8078832	4.41342
8078834	7.399725
8078857	5.107824
8078888	4.131874
8078896	2.476398
8078898	6.474782
8078905	7.963351
8078916	5.767749
8078918	5.991439
8078920	4.607821
8078933	4.694985
8078956	2.71483
8078960	4.217584
8078962	7.191862
8078971	7.19849
8078984	7.019851
8078991	5.125917
8078999	5.870089
8079005	5.918037
8079019	10.32801
8079021	9.884119
8079037	8.050563
8079060	6.856855
8079074	7.160911
8079079	6.939311
8079099	6.221887
8079107	5.703396
8079117	6.339543
8079124	6.127928
8079131	5.313033
8079138	5.396186
8079140	9.781968
8079149	7.697698
8079153	10.63396
8079163	4.323422
8079165	5.180451
8079167	7.511549
8079170	5.690738
8079187	4.026737
8079189	4.832389
8079198	2.664803
8079204	4.310522
8079217	6.035233
8079224	3.735866
8079229	4.518759
8079237	2.810046
8079274	6.429358
8079279	4.824049
8079294	5.50926
8079305	6.718472
8079311	6.178964
8079334	7.187682
8079346	8.022825
8079370	4.255428
8079375	2.322196
8079377	5.940362
8079383	5.150864
8079392	5.466132
8079401	5.752244
8079407	12.17253
8079415	3.509161
8079420	5.393582
8079422	2.690249
8079426	5.627991
8079433	5.490981
8079462	8.681767
8079517	6.797537
8079532	6.884514
8079561	3.130264
8079563	6.637693
8079590	6.494496
8079598	5.4867
8079613	2.678614
8079615	3.571806
8079628	5.031086
8079630	7.339387
8079637	6.013227
8079662	6.8325
8079677	6.969511
8079693	7.594729
8079707	7.211134
8079719	3.539269
8079731	3.48429
8079733	5.891257
8079740	4.322383
8079742	3.0661
8079744	2.442705
8079746	8.239393
8079753	6.789266
8079759	4.7215
8079772	7.162377
8079796	6.41375
8079839	5.587874
8079842	7.369179
8079867	5.318312
8079869	8.380618
8079896	6.757684
8079919	4.842387
8079931	4.74214
8079950	10.196
8079964	7.617508
8079966	5.917165
8079988	6.856625
8079993	6.242504
8079999	2.889062
8080001	5.720914
8080013	7.587931
8080028	5.536574
8080082	3.314888
8080084	8.030119
8080093	6.502621
8080100	6.194775
8080121	7.060308
8080128	5.173677
8080138	2.635332
8080142	4.234493
8080144	6.309056
8080158	6.578235
8080162	6.501471
8080168	6.193612
8080184	9.668199
8080198	6.095347
8080212	6.647418
8080226	6.123982
8080306	4.641097
8080320	7.022727
8080344	6.699177
8080416	5.703764
8080419	8.575829
8080438	8.243775
8080445	5.094284
8080466	5.233209
8080487	9.705838
8080509	3.694968
8080511	5.399903
8080562	3.949706
8080578	4.009444
8080617	3.591546
8080619	6.262516
8080621	4.125504
8080640	4.133725
8080645	7.145783
8080674	3.330764
8080676	6.648826
8080683	3.725655
8080685	8.323226
8080714	8.587134
8080762	5.41277
8080773	6.690728
8080781	7.665291
8080804	5.760384
8080810	4.758491
8080847	4.059164
8080853	4.35553
8080855	3.322755
8080863	2.194425
8080868	3.578218
8080878	8.977177
8080894	3.978456
8080896	5.892368
8080911	4.994791
8080918	3.206856
8080923	7.839534
8080926	9.734496
8080936	6.413269
8080938	5.860624
8080956	2.772778
8080958	8.125282
8080960	5.051408
8080962	4.089095
8080964	3.706323
8080973	9.360242
8080980	6.113864
8080983	2.945521
8080987	3.657131
8080989	1.929278
8080991	11.17493
8080994	3.061965
8080998	7.136455
8081001	4.651556
8081028	6.383421
8081030	4.694855
8081032	3.495944
8081036	3.872933
8081051	2.162311
8081053	4.087006
8081055	9.41137
8081065	2.640415
8081067	3.926657
8081069	7.181053
8081073	6.122296
8081079	2.05688
8081081	3.52853
8081103	2.817795
8081105	4.568631
8081107	2.408187
8081109	2.272545
8081111	2.044863
8081113	2.411358
8081115	6.615087
8081128	7.215696
8081135	8.425419
8081138	3.199975
8081158	4.047559
8081171	6.519431
8081192	2.713791
8081194	2.622706
8081196	2.475276
8081198	2.827243
8081200	4.483211
8081202	2.926193
8081204	2.667604
8081206	2.830944
8081208	3.615185
8081210	2.217221
8081212	2.378444
8081214	4.821765
8081217	4.115467
8081219	6.529231
8081233	3.691437
8081235	4.232288
8081241	4.840202
8081254	4.986018
8081256	8.179792
8081277	5.898103
8081288	3.779083
8081298	3.051915
8081316	8.205684
8081331	2.841358
8081333	2.284722
8081335	4.177629
8081337	2.54484
8081339	3.384043
8081341	2.995522
8081343	5.149384
8081348	8.561423
8081354	3.286567
8081356	2.182949
8081358	6.259687
8081362	5.267125
8081375	5.322287
8081386	11.35561
8081405	5.284621
8081407	4.200461
8081427	4.127707
8081429	3.604096
8081431	8.054976
8081452	2.373893
8081454	2.621874
8081456	2.116807
8081458	2.702728
8081460	3.441147
8081462	2.875147
8081465	8.009861
8081488	3.061236
8081501	4.234969
8081503	4.774915
8081537	4.443288
8081546	4.597252
8081548	5.284226
8081564	6.60791
8081582	6.30338
8081590	4.3892
8081612	5.462365
8081620	4.697161
8081631	4.339801
8081645	6.996158
8081657	4.672513
8081667	8.802525
8081676	5.428483
8081686	4.3475
8081710	6.702191
8081740	9.510034
8081758	7.788018
8081779	6.646769
8081786	5.123013
8081799	4.65302
8081808	2.600528
8081810	5.254759
8081818	4.887174
8081820	5.353602
8081822	3.033422
8081826	8.987569
8081838	7.140808
8081853	4.872286
8081867	7.966681
8081878	6.377265
8081880	4.869423
8081890	5.221603
8081903	3.271299
8081925	4.155617
8081941	3.443337
8081943	1.850468
8081945	6.973999
8081951	2.211641
8081953	5.87874
8081959	3.394666
8081989	3.625333
8081995	5.291394
8081997	4.201361
8082003	6.26772
8082012	8.991469
8082035	5.864745
8082046	4.922756
8082058	9.079821
8082066	6.742107
8082075	8.893442
8082086	4.396545
8082100	10.06901
8082118	3.436279
8082120	9.087875
8082133	4.924567
8082153	5.658166
8082163	7.299074
8082165	5.092289
8082229	6.216181
8082236	3.249842
8082238	3.772354
8082240	2.105777
8082242	3.726129
8082244	7.419166
8082246	6.973101
8082248	7.167082
8082250	5.679226
8082252	4.004507
8082254	6.170068
8082261	4.212386
8082270	4.650171
8082289	6.347559
8082298	5.043823
8082305	6.480217
8082314	6.418955
8082347	4.888242
8082350	5.781806
8082368	6.29168
8082380	8.647478
8082400	4.806544
8082406	5.990884
8082408	8.770451
8082422	6.990012
8082431	11.56566
8082442	9.241056
8082444	6.54574
8082465	7.017266
8082473	6.197795
8082478	7.29633
8082504	8.036145
8082517	7.17533
8082523	5.755228
8082552	5.367316
8082560	6.525952
8082570	4.179631
8082572	2.490938
8082574	5.324515
8082583	4.443107
8082585	3.721807
8082597	4.090751
8082605	4.191006
8082607	7.698773
8082643	5.010093
8082663	6.591014
8082667	6.815462
8082673	6.746516
8082688	7.372442
8082745	2.721202
8082750	6.181993
8082767	3.943048
8082774	5.205529
8082786	2.407621
8082788	9.361906
8082797	4.233593
8082816	6.187259
8082827	6.55285
8082846	6.562112
8082869	5.082055
8082886	6.812832
8082905	4.454359
8082911	7.441552
8082916	5.530603
8082926	5.04721
8082928	4.778522
8082940	6.773473
8082965	5.294235
8082974	4.589448
8083000	4.826191
8083011	5.000813
8083025	5.383197
8083030	7.609056
8083032	13.29937
8083034	5.018599
8083053	4.348301
8083063	6.627791
8083071	5.947172
8083075	5.23459
8083090	8.532674
8083092	7.506472
8083094	9.056473
8083119	5.904502
8083129	3.678636
8083136	6.839293
8083142	3.361064
8083144	2.708366
8083146	8.543645
8083164	6.50794
8083166	3.900067
8083183	7.386503
8083214	6.711444
8083221	8.005773
8083223	9.029366
8083227	4.191721
8083229	2.790844
8083233	3.789652
8083240	4.37476
8083246	3.918966
8083260	3.752052
8083272	8.701211
8083282	7.045838
8083301	3.936049
8083310	10.01283
8083318	4.719073
8083320	2.673525
8083324	9.463613
8083333	6.776825
8083352	10.08328
8083360	4.000472
8083407	4.927216
8083409	3.090409
8083415	2.600796
8083422	3.72436
8083429	8.908959
8083445	6.685994
8083447	5.885659
8083453	4.463241
8083455	2.529205
8083457	8.723865
8083463	3.921161
8083467	2.355203
8083469	6.135448
8083471	6.013289
8083492	4.454401
8083494	10.02591
8083523	6.555177
8083538	3.463854
8083546	4.50263
8083569	10.82531
8083576	4.296596
8083592	5.445794
8083594	6.984325
8083599	3.779026
8083605	6.956918
8083616	4.316826
8083630	5.943876
8083652	4.980099
8083656	9.899618
8083673	3.741134
8083677	5.325698
8083690	4.816309
8083704	4.469402
8083707	5.474467
8083709	9.006336
8083737	3.445929
8083739	2.849608
8083743	4.380803
8083745	2.583282
8083747	2.266103
8083749	6.509714
8083757	7.932868
8083770	4.97347
8083775	4.331931
8083777	5.747097
8083779	4.389252
8083792	8.167806
8083794	6.405586
8083808	3.615363
8083814	3.785828
8083826	6.762993
8083839	7.163941
8083848	4.325669
8083850	5.375142
8083852	2.583311
8083854	7.217772
8083876	10.26143
8083887	7.373227
8083893	4.999755
8083895	3.025921
8083897	3.727813
8083901	11.2021
8083933	9.347296
8083935	4.601565
8083937	2.603592
8083939	2.595013
8083941	5.6914
8083968	2.751748
8083978	6.494852
8083994	2.426452
8083996	3.013541
8083998	2.333776
8084000	2.255579
8084002	3.737613
8084012	5.35783
8084014	2.583201
8084016	7.244754
8084035	4.693748
8084045	7.208015
8084064	7.095677
8084067	6.005318
8084092	7.72551
8084100	4.41215
8084122	6.170987
8084124	2.190005
8084126	2.841591
8084128	5.981544
8084146	8.41308
8084165	5.049662
8084169	2.808117
8084171	3.161771
8084173	8.809087
8084206	9.965384
8084213	6.416549
8084215	5.514855
8084217	2.736473
8084219	8.485909
8084232	6.734655
8084266	5.032099
8084275	4.386335
8084284	4.638319
8084299	2.65136
8084303	6.733559
8084323	7.461082
8084345	8.583261
8084360	6.311687
8084382	5.39376
8084397	5.790589
8084423	6.5392
8084439	8.062064
8084478	6.115191
8084488	7.202077
8084496	6.219691
8084524	6.254824
8084541	8.061706
8084589	7.230405
8084605	5.138864
8084607	7.276976
8084627	3.904728
8084630	6.384041
8084634	8.3594
8084648	3.618986
8084657	4.595199
8084668	3.440482
8084679	3.624165
8084694	10.48893
8084704	8.546505
8084708	9.232292
8084710	4.699847
8084715	6.815142
8084717	5.970563
8084726	5.660974
8084732	6.415925
8084737	2.589484
8084739	7.470058
8084742	9.422172
8084755	3.553111
8084757	9.09312
8084766	4.971486
8084788	4.825913
8084794	10.11616
8084812	3.860406
8084814	3.200596
8084818	6.31449
8084832	5.34165
8084834	3.126199
8084838	5.112515
8084844	7.373369
8084878	4.468367
8084880	9.532751
8084887	4.886162
8084889	5.031485
8084891	7.628855
8084895	10.00842
8084904	10.49465
8084912	8.63985
8084917	6.220582
8084921	5.658309
8084923	4.731462
8084927	3.658417
8084929	5.781468
8084941	5.543306
8084943	3.781185
8084945	6.038499
8084947	5.628466
8084951	6.653626
8084955	7.655728
8084963	8.613416
8084971	8.15534
8084982	6.099215
8084986	7.35974
8085000	7.178677
8085024	4.799675
8085026	9.670416
8085033	5.332827
8085052	2.131456
8085054	9.28674
8085056	3.466834
8085058	2.956929
8085062	3.589444
8085081	7.328643
8085094	6.807045
8085112	3.37723
8085114	5.306072
8085116	5.366826
8085118	5.389434
8085120	4.995596
8085122	5.896921
8085138	5.046476
8085145	6.418315
8085164	5.497875
8085193	7.199414
8085195	7.081644
8085206	5.906158
8085220	6.598582
8085233	6.324211
8085244	4.956234
8085253	5.352474
8085255	5.346357
8085263	8.707612
8085272	6.023414
8085276	6.509876
8085283	5.538688
8085287	3.52858
8085293	6.324323
8085300	6.747523
8085311	5.458088
8085340	6.949444
8085350	6.0057
8085360	5.094689
8085370	9.10561
8085372	5.427058
8085374	9.270874
8085393	8.691103
8085407	5.114224
8085412	8.304882
8085429	7.440346
8085431	6.224353
8085475	6.230984
8085481	5.286756
8085486	6.04868
8085504	5.724566
8085529	2.206918
8085531	6.058669
8085537	5.275287
8085554	6.58553
8085556	9.671251
8085571	6.27782
8085579	1.897241
8085581	5.730641
8085606	5.629495
8085608	6.69045
8085628	6.347174
8085660	7.258961
8085665	6.7145
8085676	4.138919
8085689	6.429452
8085714	9.288023
8085716	7.567979
8085730	2.129666
8085732	3.27854
8085749	2.787249
8085754	2.884998
8085768	5.23641
8085770	3.452277
8085772	2.344444
8085774	3.571257
8085784	3.50757
8085786	2.444541
8085788	6.457911
8085797	6.825024
8085811	3.704568
8085813	4.112708
8085815	7.434525
8085852	7.761652
8085867	4.015584
8085912	2.938215
8085914	6.239383
8085946	6.04468
8085954	6.230317
8085967	5.19849
8085970	4.26208
8085972	2.909432
8085984	7.251786
8085999	10.54991
8086008	7.642071
8086024	5.359508
8086028	7.342459
8086048	6.95939
8086051	5.933946
8086057	7.086492
8086075	4.229758
8086077	7.409609
8086120	4.111133
8086125	7.662028
8086139	3.493589
8086141	7.793379
8086148	9.38683
8086150	7.336208
8086181	5.083793
8086183	5.756254
8086185	6.379023
8086201	8.288377
8086216	3.052473
8086218	1.929516
8086222	4.814372
8086255	4.165726
8086283	3.863879
8086313	2.587817
8086315	3.094935
8086317	7.336218
8086330	11.26909
8086341	5.503743
8086344	5.573379
8086350	2.773838
8086352	5.084507
8086368	4.466208
8086370	2.168274
8086372	5.420022
8086389	3.099983
8086391	5.735897
8086400	4.807833
8086406	5.379671
8086417	8.826852
8086419	5.518037
8086434	5.989971
8086451	7.318265
8086457	4.691641
8086462	6.129556
8086465	3.02829
8086467	7.435628
8086482	6.489713
8086494	5.706583
8086498	6.430805
8086503	7.132272
8086505	8.045527
8086517	8.745688
8086530	8.209693
8086536	2.702381
8086538	7.779581
8086540	5.585824
8086555	4.537362
8086572	6.92561
8086595	5.324583
8086600	9.771615
8086607	6.08404
8086615	2.950294
8086627	7.720985
8086660	7.016475
8086669	5.635062
8086683	7.711205
8086689	4.539479
8086698	7.185302
8086706	7.324636
8086729	4.135571
8086752	8.173743
8086754	7.825568
8086784	5.064506
8086797	3.379181
8086799	5.171932
8086810	8.531553
8086842	6.660989
8086876	4.690796
8086880	5.238806
8086899	4.96137
8086908	6.759015
8086949	5.255501
8086953	9.749136
8086961	7.229366
8086981	5.925862
8086985	6.835279
8087100	6.837851
8087116	7.41392
8087119	5.808098
8087145	5.348244
8087182	5.9095
8087201	7.374738
8087210	7.425948
8087224	5.933628
8087234	6.681463
8087236	7.238289
8087250	7.17417
8087252	7.616028
8087254	7.336705
8087271	7.407181
8087283	7.807629
8087308	7.484966
8087337	6.256046
8087372	6.229982
8087374	8.278976
8087380	9.275584
8087405	8.434326
8087409	11.39681
8087419	5.758653
8087433	6.478553
8087447	4.927957
8087453	6.377233
8087461	7.32799
8087473	7.322358
8087481	6.650042
8087485	7.404535
8087513	5.156116
8087530	4.439589
8087547	6.561435
8087568	4.95247
8087576	6.306867
8087596	5.828652
8087611	5.995591
8087624	6.881812
8087634	7.083606
8087640	6.013584
8087653	5.742781
8087669	5.94666
8087685	6.849432
8087691	5.084106
8087731	6.13506
8087739	7.661093
8087746	3.8192
8087748	7.279738
8087778	3.520929
8087780	5.65795
8087782	3.879119
8087790	6.315965
8087806	5.488964
8087825	6.172134
8087830	6.845509
8087833	6.414856
8087839	5.506887
8087852	6.193415
8087860	7.592703
8087874	8.783871
8087881	4.600125
8087883	4.545805
8087885	6.88268
8087907	5.933379
8087925	5.59222
8087935	6.59189
8087951	8.955184
8087985	6.653338
8088001	6.818818
8088020	5.68814
8088047	5.713059
8088054	6.777813
8088065	5.816662
8088090	7.221871
8088092	8.188463
8088106	8.709107
8088126	3.014857
8088128	7.755741
8088140	2.327826
8088142	4.983717
8088151	6.422479
8088167	9.285775
8088172	5.280086
8088174	4.028738
8088180	7.243659
8088192	4.129007
8088212	4.385502
8088219	6.605426
8088247	5.969473
8088264	4.792015
8088285	3.495727
8088292	3.101048
8088299	2.919397
8088315	2.613952
8088322	3.032847
8088335	2.461673
8088337	3.565675
8088339	11.01266
8088348	7.136455
8088369	7.650321
8088371	3.797587
8088384	6.400949
8088397	4.728209
8088415	6.209985
8088425	8.058005
8088436	3.341422
8088458	4.696866
8088468	3.731557
8088472	3.154993
8088474	7.146162
8088478	7.43806
8088480	7.219809
8088485	5.686942
8088491	3.969594
8088524	3.296604
8088526	6.504781
8088535	7.382294
8088546	4.727088
8088548	3.920883
8088550	5.13693
8088560	5.545119
8088602	6.451591
8088634	3.437778
8088636	5.870612
8088642	5.699053
8088664	7.332052
8088669	4.460576
8088671	4.72355
8088680	6.396507
8088700	8.323013
8088718	8.822641
8088739	3.016642
8088745	8.661989
8088768	5.406191
8088770	5.270293
8088772	4.277914
8088776	7.943363
8088803	9.518661
8088813	10.95207
8088820	10.06286
8088828	3.545914
8088830	6.458733
8088842	2.384184
8088844	3.096898
8088846	5.409822
8088848	5.939027
8088864	3.074971
8088866	6.165489
8088889	6.264614
8088891	5.376748
8088893	5.87874
8088895	5.364706
8088903	4.429033
8088905	8.340919
8088908	2.971534
8088911	6.513619
8088917	2.318559
8088919	6.844522
8088952	5.136389
8088954	3.095721
8088956	2.949671
8088958	8.72461
8088977	3.146337
8088979	5.886334
8088986	4.180097
8088996	3.216822
8088998	2.321222
8089000	8.060553
8089007	2.205379
8089009	2.255988
8089011	3.482926
8089013	4.103982
8089015	5.38371
8089026	4.562155
8089029	6.510747
8089034	5.686652
8089036	5.483891
8089038	8.276982
8089040	5.132842
8089060	2.7062
8089062	8.859691
8089072	6.128771
8089082	6.165236
8089106	2.153893
8089108	4.295154
8089112	4.772431
8089128	6.318301
8089145	5.45104
8089185	4.026546
8089203	6.861832
8089230	8.749819
8089232	2.47027
8089234	6.516188
8089247	3.269667
8089249	8.91429
8089255	2.855186
8089259	2.956929
8089261	6.920575
8089283	2.132364
8089285	11.58988
8089287	1.87586
8089289	2.127742
8089291	3.13017
8089293	5.171107
8089295	4.894583
8089299	9.769036
8089314	5.442602
8089329	3.738277
8089372	3.660796
8089394	5.356555
8089402	2.576294
8089407	3.739532
8089436	3.492593
8089438	2.435292
8089448	4.36249
8089457	3.438066
8089459	2.930994
8089462	4.661678
8089464	5.055015
8089467	6.433206
8089472	5.152315
8089478	4.567919
8089489	2.805768
8089519	4.746693
8089527	10.436
8089544	4.766381
8089559	2.878646
8089568	4.568474
8089584	6.128296
8089596	6.765526
8089606	5.380226
8089627	5.981182
8089647	8.062235
8089652	10.50187
8089659	4.518894
8089677	8.045469
8089679	4.094002
8089694	3.976912
8089701	6.379206
8089714	4.539905
8089723	5.600777
8089727	3.372055
8089729	5.038118
8089743	7.505143
8089757	2.364326
8089759	6.991171
8089771	6.138958
8089785	3.943536
8089795	7.639349
8089801	7.694814
8089818	4.846678
8089820	3.578142
8089830	6.365229
8089835	7.647074
8089849	4.829893
8089851	4.771684
8089867	7.655228
8089873	6.090846
8089875	3.233218
8089911	9.963482
8089926	8.029624
8089930	7.87962
8089954	5.520452
8089970	7.029047
8089986	3.033947
8089988	5.455672
8089993	5.685119
8089999	7.95912
8090018	9.398517
8090030	6.795444
8090044	6.287254
8090070	5.762714
8090091	7.301946
8090098	5.138037
8090133	4.841276
8090152	3.648587
8090162	6.939075
8090180	5.761963
8090193	7.615065
8090212	4.345828
8090214	6.205287
8090235	2.281379
8090237	7.303701
8090256	6.42313
8090277	6.992639
8090291	5.781641
8090295	6.164198
8090314	7.328709
8090341	6.262244
8090343	5.835852
8090349	6.630951
8090351	7.576809
8090364	6.167258
8090366	5.042556
8090388	5.488565
8090395	4.341215
8090416	4.559054
8090418	2.953084
8090420	9.082258
8090433	6.920976
8090448	5.199806
8090462	6.67129
8090464	4.629902
8090469	6.179496
8090485	6.622114
8090490	8.489809
8090503	5.530411
8090505	4.799599
8090507	6.839786
8090509	4.867771
8090511	4.880644
8090518	5.861192
8090529	6.451867
8090533	7.198218
8090546	9.610984
8090555	7.580693
8090559	5.712808
8090565	6.635697
8090567	4.81751
8090577	6.454373
8090591	6.387398
8090630	8.404964
8090637	7.333132
8090639	6.965981
8090660	2.854481
8090662	2.950345
8090664	4.782404
8090674	4.610533
8090676	2.401136
8090678	7.614204
8090688	3.829938
8090690	3.615711
8090715	5.255802
8090737	6.087161
8090770	6.901649
8090772	6.540257
8090801	3.399715
8090803	5.158469
8090817	5.503781
8090823	6.834288
8090840	7.329338
8090852	7.061295
8090866	7.828622
8090872	5.116364
8090889	3.560563
8090891	6.406271
8090893	9.011172
8090898	7.070766
8090934	5.254019
8090936	5.974052
8090938	4.786222
8090955	4.175014
8090960	5.067756
8090972	5.583575
8090988	4.927228
8091009	7.687119
8091032	6.419069
8091037	5.66625
8091039	5.932999
8091043	3.575316
8091048	8.628801
8091071	5.227937
8091078	5.555722
8091087	5.318227
8091095	7.925066
8091097	4.383667
8091099	4.65432
8091101	2.501558
8091103	5.553169
8091120	5.996985
8091141	9.148213
8091188	5.788034
8091190	6.359433
8091239	2.94063
8091241	5.351399
8091243	4.702886
8091255	5.341559
8091260	5.798683
8091279	2.425993
8091281	2.861154
8091283	7.614433
8091306	4.564671
8091318	4.541507
8091327	9.813667
8091340	1.999295
8091342	4.409615
8091352	6.189237
8091354	5.099216
8091385	8.267927
8091402	3.56473
8091411	8.514706
8091422	7.029703
8091432	6.473506
8091444	6.743483
8091446	5.396791
8091452	8.144969
8091456	3.099782
8091458	9.487161
8091469	3.292312
8091485	7.780613
8091491	3.771143
8091503	4.762574
8091511	8.506292
8091515	5.497078
8091523	9.580671
8091530	3.707466
8091537	3.398945
8091546	4.770146
8091550	4.289444
8091552	5.997341
8091556	2.567402
8091558	1.834179
8091560	3.563693
8091562	7.111296
8091588	5.366146
8091595	4.493559
8091600	5.550756
8091627	4.018751
8091629	3.081737
8091637	7.151915
8091648	7.364911
8091656	4.988873
8091658	11.8589
8091676	6.030905
8091678	3.523988
8091696	5.457584
8091698	5.097812
8091712	2.264303
8091715	4.897594
8091723	7.675215
8091731	4.528388
8091733	2.659236
8091735	2.240628
8091737	6.572649
8091757	4.587397
8091764	8.6872
8091778	10.13844
8091780	5.10616
8091799	7.267434
8091806	8.386801
8091809	7.865366
8091811	3.063568
8091861	2.678972
8091863	3.389241
8091867	2.322028
8091875	3.465243
8091877	2.563783
8091879	2.021791
8091881	2.545793
8091883	2.22399
8091885	2.740053
8091887	2.82529
8091910	3.242935
8091922	3.912777
8091941	6.929117
8091954	5.492838
8091972	7.116989
8091991	6.165898
8091998	2.206
8092000	6.416755
8092002	4.943716
8092009	3.170182
8092021	3.14644
8092035	8.304806
8092053	4.227365
8092055	4.196964
8092065	5.158788
8092067	5.28681
8092073	4.705666
8092081	5.960027
8092083	3.023633
8092095	6.144523
8092132	5.717446
8092134	7.27581
8092162	6.669557
8092165	6.012906
8092169	9.162262
8092177	8.832925
8092183	2.475605
8092185	3.202103
8092187	3.282122
8092199	2.219962
8092201	8.81356
8092218	5.034338
8092220	3.507508
8092222	3.934396
8092224	4.432784
8092226	2.56288
8092228	6.287682
8092230	6.758038
8092239	2.213531
8092241	5.652956
8092251	7.335609
8092265	6.47302
8092275	4.025448
8092277	4.883763
8092295	2.429706
8092312	2.718402
8092314	5.17617
8092321	8.643646
8092328	7.173759
8092348	8.152559
8092358	4.678335
8092390	6.131835
8092392	7.884086
8092404	5.901073
8092409	6.806896
8092418	6.709526
8092455	5.09549
8092457	7.646447
8092468	8.11374
8092473	5.691227
8092501	6.024357
8092514	7.381402
8092520	5.482318
8092523	4.663993
8092532	8.874693
8092534	7.391567
8092541	8.677667
8092552	5.778071
8092564	9.571389
8092578	5.110495
8092594	4.70184
8092596	6.260727
8092621	4.241169
8092627	5.478225
8092638	2.521035
8092640	5.39783
8092654	3.601515
8092661	4.864672
8092682	5.482717
8092686	5.197296
8092691	10.94345
8092702	3.676683
8092705	2.620533
8092707	5.896463
8092724	2.241537
8092726	8.160155
8092735	3.863739
8092741	2.505286
8092748	2.63873
8092750	4.247272
8092763	2.600502
8092765	8.2089
8092769	3.955549
8092800	6.27889
8092834	5.34416
8092836	6.176147
8092839	5.770394
8092845	5.944216
8092849	10.87378
8092883	4.84326
8092886	2.596214
8092888	6.281681
8092905	7.328101
8092922	6.330498
8092931	6.927518
8092933	9.685184
8092957	6.938314
8092959	8.357618
8092968	6.383536
8092970	6.668572
8092978	10.36825
8093013	7.649278
8093039	9.131427
8093053	10.12708
8093074	5.819902
8093086	7.878341
8093096	3.837422
8093104	5.876106
8093110	3.707644
8093112	7.867656
8093126	5.385001
8093128	6.638965
8093130	7.128096
8093137	3.139609
8093141	5.375751
8093145	6.88455
8093150	5.074134
8093152	2.696856
8093156	7.058243
8093166	5.701754
8093171	6.321939
8093191	8.059682
8093219	6.00264
8093230	7.675195
8093256	7.397926
8093258	5.120036
8093272	3.65382
8093278	4.771684
8093294	5.128878
8093298	5.752244
8093304	12.22951
8093314	6.973999
8093320	5.556398
8093330	5.533793
8093332	3.976438
8093336	6.663288
8093343	7.296141
8093360	5.735035
8093386	5.882489
8093398	7.201455
8093413	7.232557
8093425	6.509942
8093440	7.044495
8093451	3.939796
8093453	5.104944
8093456	5.721793
8093462	8.63668
8093476	6.408663
8093494	6.79003
8093500	6.975723
8093518	6.5831
8093539	5.477829
8093576	6.375088
8093578	5.510231
8093590	7.326156
8093601	7.174514
8093624	8.2879
8093643	8.699795
8093665	4.238809
8093683	4.66979
8093685	7.00004
8093756	4.493755
8093764	6.293746
8093792	6.141028
8093807	7.429843
8093821	5.036504
8093826	6.75013
8093829	5.739453
8093839	4.972708
8093852	6.06818
8093858	4.81376
8093872	7.42594
8093878	7.075938
8093906	6.19174
8093916	6.628537
8093936	8.691833
8093943	7.585573
8093950	8.774816
8093957	6.374406
8093961	7.894135
8093974	5.867671
8093976	8.705578
8093991	6.682226
8093993	6.950994
8093997	5.656513
8094026	7.314231
8094028	5.135453
8094030	6.482286
8094032	7.166433
8094056	6.707164
8094068	5.201882
8094070	6.082557
8094086	4.411767
8094093	5.489238
8094101	6.723192
8094116	6.012475
8094118	6.012475
8094120	6.012475
8094122	6.029018
8094124	6.012475
8094126	6.012475
8094128	6.012475
8094130	5.895112
8094132	6.012475
8094134	5.084651
8094136	3.686234
8094139	2.629349
8094142	3.648984
8094144	8.388072
8094148	6.668231
8094154	5.764524
8094156	6.646819
8094163	2.974384
8094165	7.397608
8094169	8.734002
8094184	3.744436
8094190	4.664598
8094226	4.951971
8094228	9.386995
8094240	6.047947
8094251	6.533016
8094253	4.78885
8094257	3.967937
8094259	7.776189
8094271	8.611699
8094278	4.25684
8094301	4.220865
8094340	3.321696
8094342	6.188174
8094355	5.283733
8094357	2.792932
8094359	5.479579
8094361	3.402372
8094372	5.635334
8094378	6.98623
8094393	5.394541
8094408	6.251973
8094439	3.609033
8094441	5.654528
8094456	6.30369
8094460	8.907028
8094476	4.815694
8094499	6.555733
8094501	7.058368
8094516	4.262714
8094518	2.339616
8094520	5.518452
8094531	2.057315
8094533	3.029105
8094542	5.530733
8094550	8.653755
8094556	8.676582
8094574	7.862426
8094596	5.129554
8094599	8.245916
8094609	6.502994
8094625	7.4822
8094638	5.04508
8094677	2.923835
8094679	4.974467
8094686	2.340245
8094688	4.218994
8094701	5.138321
8094704	8.661985
8094717	4.537516
8094719	5.732454
8094739	4.090484
8094741	5.909925
8094743	10.03413
8094751	3.506285
8094759	6.194042
8094772	4.413373
8094774	2.007231
8094776	3.581281
8094778	5.455657
8094789	6.454303
8094830	8.220496
8094843	4.649814
8094848	7.554634
8094870	4.737387
8094872	4.578029
8094874	5.484352
8094876	5.808255
8094897	2.480558
8094901	3.092423
8094911	6.937157
8094936	4.278693
8094938	8.032297
8094946	2.439892
8094948	8.565037
8094960	6.118385
8094968	7.014885
8094974	6.501418
8094986	3.369488
8094988	5.066772
8095005	4.817644
8095009	5.838377
8095021	5.6067
8095035	2.163577
8095037	2.394477
8095043	5.427973
8095048	6.704916
8095072	6.407399
8095074	6.474001
8095078	3.586694
8095080	4.055371
8095110	6.799505
8095135	4.175555
8095137	2.462299
8095139	8.413404
8095148	10.41678
8095159	7.595151
8095161	1.986941
8095163	8.305092
8095185	4.080195
8095187	6.319435
8095214	7.588289
8095216	6.518998
8095221	5.286194
8095230	6.803975
8095246	3.938524
8095251	4.231059
8095262	7.384712
8095269	8.853754
8095295	3.15559
8095297	2.26141
8095299	4.029222
8095301	2.520252
8095303	3.134547
8095331	2.945982
8095333	5.212982
8095335	2.570462
8095337	2.008472
8095339	2.132453
8095341	8.217658
8095343	3.163673
8095356	3.708707
8095358	2.339157
8095360	5.379853
8095362	10.32679
8095364	10.69396
8095376	9.935541
8095380	10.83235
8095390	2.91245
8095395	4.329336
8095402	4.237408
8095404	2.068847
8095412	3.029059
8095422	2.358287
8095430	3.367773
8095435	3.108458
8095441	3.067198
8095451	4.68462
8095456	2.835229
8095467	3.543758
8095477	3.444062
8095484	3.045545
8095488	4.619076
8095491	3.05018
8095500	2.934384
8095504	4.294668
8095508	3.473558
8095519	3.162107
8095535	4.164356
8095539	6.668412
8095543	2.695769
8095545	6.511632
8095562	3.554884
8095564	2.088432
8095566	6.05143
8095574	5.870857
8095585	6.652449
8095616	2.804493
8095624	2.560507
8095626	5.728267
8095628	3.465942
8095646	3.259295
8095663	3.104148
8095680	13.33965
8095688	8.850653
8095694	5.406549
8095697	11.51633
8095703	6.14115
8095705	4.304368
8095723	2.744785
8095728	9.746759
8095736	9.050019
8095744	9.240331
8095751	6.820649
8095760	5.504329
8095767	3.333735
8095773	7.82686
8095800	6.767692
8095802	3.140506
8095806	2.83937
8095819	4.301641
8095826	5.783081
8095832	2.329524
8095834	5.878567
8095854	7.919318
8095868	5.369853
8095870	10.74517
8095886	4.488524
8095894	4.900619
8095907	5.318871
8095986	9.01457
8096002	6.531368
8096004	7.387125
8096025	5.092938
8096027	2.91693
8096030	3.610045
8096032	8.09368
8096050	4.863946
8096061	2.843967
8096070	7.317709
8096075	2.000763
8096077	6.078021
8096079	6.43597
8096081	7.467928
8096091	6.23688
8096098	4.730556
8096109	4.062246
8096116	9.491907
8096130	8.568068
8096147	5.253721
8096158	5.408401
8096160	5.304697
8096176	7.488028
8096224	8.544524
8096249	2.578142
8096251	6.043367
8096265	3.730115
8096274	2.963896
8096281	4.396537
8096290	3.867367
8096296	9.056052
8096301	8.464925
8096312	3.612762
8096314	6.268263
8096331	5.078395
8096333	2.510229
8096335	7.510891
8096361	6.675894
8096385	9.562773
8096411	4.854135
8096415	3.841698
8096425	6.468476
8096438	3.845683
8096440	3.842619
8096457	2.290709
8096459	2.254323
8096461	5.028486
8096463	5.313199
8096489	9.669191
8096511	4.351978
8096528	4.675963
8096533	3.497779
8096536	2.658651
8096538	7.02439
8096554	2.901446
8096556	7.029704
8096568	3.124117
8096580	3.412594
8096602	9.204474
8096615	3.621516
8096617	4.076623
8096635	11.04856
8096661	5.285414
8096663	8.272812
8096667	2.840756
8096669	9.032046
8096675	9.4849
8096680	3.418728
8096682	4.34397
8096688	4.876823
8096704	4.999021
8096718	5.528022
8096731	2.463382
8096733	6.930244
8096744	4.683209
8096753	6.849445
8096765	4.579101
8096771	7.172055
8096777	5.666524
8096781	8.622741
8096808	6.407833
8096821	6.854281
8096830	3.534067
8096839	4.160251
8096845	4.777903
8096873	2.346941
8096875	3.615711
8096897	4.780143
8096899	7.26184
8096905	6.837629
8096917	3.334907
8096919	9.179758
8096938	5.886193
8096955	6.082557
8096957	4.153445
8096959	3.86671
8097011	3.465135
8097013	5.417932
8097015	3.79742
8097017	4.960585
8097028	5.020604
8097030	4.577359
8097034	2.454
8097036	3.064072
8097038	3.356841
8097056	8.096858
8097058	4.569754
8097062	8.050846
8097064	9.34833
8097066	6.145691
8097080	4.556753
8097086	2.822011
8097096	8.215607
8097098	9.057292
8097116	6.048457
8097118	7.377017
8097120	2.274503
8097122	4.168626
8097124	2.840737
8097126	4.320562
8097128	6.049215
8097146	5.855405
8097148	8.454255
8097236	2.618479
8097252	4.073856
8097256	5.675703
8097262	5.050492
8097282	7.137715
8097288	3.635884
8097305	2.354802
8097307	4.669669
8097327	3.379928
8097335	5.446831
8097356	3.067719
8097373	6.366652
8097388	5.158628
8097415	4.718819
8097417	6.649067
8097435	6.154401
8097443	5.814117
8097445	2.820703
8097447	5.083674
8097449	5.146871
8097457	2.583498
8097459	5.036619
8097461	6.82498
8097468	4.443682
8097470	5.759879
8097472	6.369447
8097474	3.627676
8097478	2.116037
8097480	6.388874
8097505	2.197297
8097507	7.222115
8097513	7.409213
8097521	5.539506
8097529	5.380579
8097541	3.97624
8097543	7.441463
8097553	4.631428
8097568	4.378521
8097570	9.131045
8097586	7.464149
8097600	8.464142
8097626	6.487988
8097628	4.336251
8097647	5.561663
8097655	8.420492
8097657	5.455242
8097670	6.251454
8097679	5.413966
8097685	4.906631
8097687	4.927469
8097690	2.86762
8097692	3.379541
8097704	7.467663
8097717	8.05023
8097743	6.69942
8097747	4.84481
8097749	4.257061
8097751	2.195127
8097753	5.183722
8097773	4.764616
8097780	2.791477
8097782	9.105038
8097790	2.569989
8097792	5.476435
8097794	4.407922
8097801	8.297821
8097809	5.70159
8097811	5.914917
8097813	9.386222
8097827	6.785121
8097829	5.80241
8097841	7.347612
8097857	3.230207
8097867	7.333251
8097903	10.25843
8097910	3.286746
8097920	4.733315
8097928	2.847335
8097938	4.737387
8097945	2.045896
8097947	4.530172
8097949	2.020023
8097951	2.073144
8097953	2.341538
8097955	5.120325
8097957	5.046173
8097973	5.840936
8097991	3.00493
8098004	2.247254
8098006	3.284544
8098021	3.310893
8098041	6.502994
8098058	3.203299
8098060	3.028962
8098084	7.005649
8098101	4.78124
8098103	8.505335
8098121	8.910613
8098146	2.910076
8098150	4.632863
8098157	4.719446
8098159	2.357948
8098163	4.626262
8098165	5.799794
8098167	5.322576
8098170	5.812464
8098175	4.2823
8098177	8.428598
8098193	6.935436
8098195	7.114287
8098204	4.521822
8098214	4.147648
8098240	6.569166
8098242	4.439019
8098244	6.806416
8098246	5.428491
8098259	2.744829
8098261	3.738029
8098263	5.507356
8098287	2.63106
8098289	4.116347
8098291	8.371223
8098307	4.707666
8098326	8.454316
8098328	7.853527
8098342	7.422481
8098344	3.731325
8098348	4.722296
8098368	3.058954
8098379	2.585516
8098412	4.004801
8098414	8.550304
8098421	5.968231
8098423	6.055873
8098437	2.514418
8098439	7.225236
8098441	4.310371
8098465	3.076052
8098470	6.626396
8098496	3.390462
8098498	3.747838
8098500	8.420146
8098506	3.107875
8098508	5.994773
8098512	7.106892
8098547	5.004527
8098549	5.267946
8098554	2.893311
8098556	4.110538
8098571	6.304323
8098576	6.724906
8098581	5.95235
8098604	10.00097
8098611	6.762564
8098620	5.185059
8098637	5.576316
8098654	3.719265
8098671	3.779922
8098688	3.89868
8098690	3.488292
8098697	3.562971
8098705	7.507616
8098707	6.357185
8098712	7.262831
8098714	5.177931
8098721	6.791322
8098723	5.025324
8098725	7.387103
8098730	7.275902
8098732	7.514101
8098740	7.70437
8098743	7.275902
8098745	3.107744
8098752	3.809278
8098758	6.565097
8098762	7.320352
8098769	7.616599
8098782	6.6022
8098789	8.513102
8098822	6.765024
8098848	6.297513
8098856	5.095421
8098870	6.010989
8098877	6.92107
8098880	8.040586
8098895	6.330575
8098902	5.139537
8098904	7.357682
8098916	6.349351
8098924	6.798557
8098938	3.848612
8098940	4.167637
8098942	6.80338
8098958	5.162067
8098985	5.292327
8098995	6.92344
8099008	5.856821
8099025	3.524227
8099027	2.205422
8099029	7.649741
8099037	8.082867
8099051	6.257242
8099073	8.416482
8099082	6.999243
8099084	7.360229
8099091	7.691554
8099093	4.858017
8099099	5.815169
8099107	5.401165
8099121	6.877279
8099130	4.788616
8099132	5.902666
8099140	2.704043
8099142	4.042732
8099144	5.792794
8099172	5.298466
8099193	4.710474
8099200	5.435971
8099218	5.08877
8099233	6.006515
8099235	7.139597
8099240	5.793213
8099242	5.795465
8099246	7.570012
8099253	6.116509
8099255	5.20166
8099259	5.392807
8099279	6.270345
8099302	2.093832
8099304	7.446676
8099324	4.422152
8099326	5.761788
8099340	10.57793
8099362	8.84387
8099364	6.511005
8099368	3.806894
8099388	7.441172
8099393	6.212314
8099395	6.42079
8099406	5.705921
8099410	8.25668
8099438	3.748359
8099447	5.061764
8099449	10.88491
8099467	5.887623
8099471	3.598333
8099476	6.273123
8099504	3.383138
8099506	6.136371
8099524	5.584897
8099537	5.701006
8099539	3.002919
8099541	4.956917
8099551	6.202028
8099570	6.636165
8099581	5.666189
8099589	4.273698
8099591	3.066118
8099593	3.328005
8099612	5.257946
8099631	10.60195
8099633	3.59283
8099649	8.576513
8099668	6.849343
8099670	5.831841
8099685	4.45958
8099696	5.9516
8099713	3.659988
8099715	4.129162
8099717	2.993451
8099719	1.999589
8099721	7.139323
8099746	4.643688
8099754	4.064509
8099758	2.910362
8099760	8.281483
8099797	8.773956
8099805	3.488079
8099807	3.305581
8099811	4.41313
8099813	4.741658
8099815	4.358225
8099817	5.088216
8099826	6.095559
8099834	9.062766
8099841	7.134696
8099850	3.782869
8099860	6.469809
8099887	9.226896
8099897	8.223005
8099912	7.913599
8099918	5.356716
8099922	2.944469
8099924	8.217351
8099926	7.634603
8099965	7.436777
8099967	10.91985
8099982	4.997512
8100001	6.151128
8100003	3.673975
8100007	4.488515
8100013	3.963374
8100015	5.223449
8100026	6.166548
8100068	5.845503
8100070	5.953308
8100076	2.619332
8100085	4.038134
8100095	4.248679
8100097	3.189079
8100109	2.924138
8100125	10.04983
8100127	3.103455
8100131	3.242762
8100143	2.594147
8100145	5.255803
8100154	4.763609
8100177	5.932453
8100179	7.400507
8100202	5.535476
8100210	5.21255
8100227	5.156961
8100229	2.171005
8100231	6.458683
8100251	8.211412
8100292	7.273983
8100298	5.559519
8100306	4.687645
8100308	4.764332
8100310	5.02107
8100312	2.920905
8100318	5.37593
8100328	6.468004
8100338	4.756725
8100347	5.97871
8100360	3.466976
8100362	8.779902
8100376	9.162287
8100378	5.442738
8100382	7.526735
8100389	2.876796
8100391	2.587468
8100393	4.305525
8100428	5.810487
8100454	2.33363
8100458	2.828846
8100464	4.635194
8100474	2.413212
8100476	2.88655
8100478	5.173322
8100495	4.911098
8100507	6.823098
8100519	3.302939
8100523	2.75536
8100530	2.958223
8100532	6.253418
8100541	6.631936
8100547	4.097731
8100549	2.132207
8100553	4.466111
8100555	4.598931
8100557	2.47723
8100572	2.73349
8100574	2.067203
8100576	1.959978
8100578	3.890924
8100601	3.631609
8100603	5.866493
8100615	8.890696
8100655	3.300948
8100664	11.14928
8100675	9.484345
8100688	7.776781
8100699	3.910699
8100701	10.85047
8100714	10.04828
8100734	2.673095
8100737	3.841313
8100746	3.841313
8100754	5.829703
8100756	4.143972
8100758	5.561049
8100760	2.527082
8100768	3.70743
8100782	10.63269
8100784	2.550622
8100791	2.844278
8100798	9.188886
8100808	3.119817
8100819	2.723761
8100827	4.281941
8100832	3.762081
8100834	6.906531
8100851	5.892289
8100853	3.16288
8100868	2.689572
8100870	4.644321
8100893	6.312086
8100902	8.883033
8100941	6.771924
8100943	5.235452
8100960	2.783897
8100962	7.423331
8100964	4.965419
8100966	4.707088
8100971	4.238777
8100977	7.450236
8100984	7.236255
8100990	4.427395
8100994	9.964349
8101000	6.306924
8101002	5.078269
8101011	3.301787
8101013	6.874771
8101031	3.626899
8101043	8.310017
8101061	7.285862
8101065	4.714378
8101086	7.266851
8101099	6.713232
8101118	5.051627
8101126	8.607287
8101131	5.633377
8101141	5.2091
8101143	5.368277
8101158	8.085538
8101174	3.186697
8101203	2.09723
8101207	7.187872
8101210	5.522333
8101212	11.04013
8101224	6.554581
8101226	2.537376
8101228	6.859637
8101235	1.966406
8101237	4.174553
8101253	5.220348
8101256	2.730221
8101260	9.577829
8101284	4.127632
8101304	9.478354
8101322	7.95762
8101324	9.269934
8101340	9.09935
8101357	4.673487
8101359	3.270362
8101366	5.406135
8101376	9.596588
8101411	7.159408
8101427	4.369236
8101429	7.587471
8101437	7.345337
8101449	7.498046
8101467	5.817071
8101489	3.355298
8101501	3.404279
8101507	6.242771
8101511	9.859472
8101585	6.354183
8101587	6.619336
8101607	5.362113
8101609	5.835254
8101616	4.282374
8101622	8.975669
8101624	6.259858
8101637	4.107142
8101648	9.682572
8101657	6.232845
8101659	3.676744
8101673	2.762238
8101675	3.31903
8101697	2.415931
8101699	4.378729
8101701	5.605864
8101716	2.195186
8101718	7.186239
8101721	3.005532
8101723	5.140156
8101728	6.59361
8101757	5.872298
8101762	4.851239
8101774	11.78654
8101778	3.556557
8101780	2.82188
8101788	3.979965
8101810	4.204298
8101814	3.449599
8101816	3.698421
8101828	8.082085
8101839	6.211613
8101844	6.633324
8101852	3.124593
8101862	2.839843
8101874	5.408679
8101881	3.099866
8101893	5.337755
8101904	3.768401
8101916	4.098335
8101925	9.476961
8101934	6.547817
8101945	8.801861
8101952	5.230861
8101957	2.85017
8101971	9.065795
8101990	5.321218
8101992	9.522768
8102004	4.728717
8102006	7.690653
8102024	8.459979
8102037	3.76441
8102039	2.809143
8102050	4.826331
8102065	4.050082
8102076	2.710411
8102127	3.468069
8102135	4.616557
8102141	5.142268
8102160	4.597553
8102162	5.172126
8102171	6.830506
8102200	4.166853
8102210	4.247922
8102212	5.095819
8102214	6.764485
8102230	2.590615
8102232	3.824111
8102247	4.245795
8102249	3.462086
8102263	5.683438
8102305	3.690199
8102307	2.776308
8102311	5.464365
8102321	6.66559
8102328	6.501811
8102342	6.025382
8102350	5.341343
8102352	5.403892
8102362	9.00194
8102368	5.177834
8102371	4.744313
8102389	4.103228
8102404	2.262118
8102406	2.150497
8102408	2.039227
8102410	9.222555
8102415	6.476344
8102440	4.317761
8102450	3.104669
8102464	3.881764
8102468	5.971898
8102482	6.828121
8102513	2.792394
8102518	8.219628
8102523	2.852555
8102530	9.106327
8102532	3.384683
8102560	3.933918
8102567	5.408708
8102587	4.389105
8102594	8.909783
8102606	2.557017
8102608	2.230337
8102610	3.201869
8102619	10.94962
8102636	4.515104
8102643	4.648372
8102655	4.759685
8102678	3.99095
8102695	5.478441
8102697	2.425448
8102707	3.410782
8102713	4.553207
8102720	6.75896
8102726	2.118218
8102728	6.32343
8102730	6.233443
8102743	5.073081
8102745	7.617459
8102751	8.601214
8102775	3.472367
8102777	4.397554
8102779	3.21639
8102781	5.793515
8102783	6.702472
8102785	2.015757
8102787	10.9999
8102789	5.826496
8102792	3.817593
8102800	8.670168
8102817	8.760313
8102829	3.356116
8102831	5.707448
8102839	7.42703
8102848	7.392582
8102858	4.945819
8102860	11.72604
8102862	6.783851
8102869	5.97687
8102871	4.916888
8102875	4.774389
8102877	3.307716
8102894	2.681841
8102904	4.894341
8102912	7.932328
8102936	4.268902
8102938	5.06512
8102948	3.231593
8102950	8.859264
8102979	4.291328
8102982	6.528005
8102984	6.198497
8102986	3.408473
8102988	4.88269
8102993	2.426394
8102998	2.046899
8103005	4.154314
8103011	6.465575
8103023	9.47827
8103025	6.002212
8103041	3.196605
8103043	5.804964
8103064	2.849725
8103079	6.078888
8103092	5.801274
8103094	5.66118
8103106	7.236519
8103166	7.184921
8103188	5.586565
8103202	3.851757
8103204	3.802245
8103206	7.51224
8103222	9.338461
8103226	9.862007
8103235	5.247193
8103238	2.37915
8103240	7.016901
8103242	5.795771
8103244	3.871289
8103254	4.047732
8103260	3.786814
8103289	7.487372
8103309	2.823414
8103311	3.915426
8103326	2.397898
8103341	2.478279
8103358	2.118218
8103360	4.355604
8103362	2.749925
8103364	2.259185
8103366	2.194149
8103368	2.399586
8103370	2.020467
8103372	4.230547
8103374	2.932691
8103376	2.652027
8103378	2.640415
8103389	5.725098
8103399	5.278894
8103409	3.505547
8103411	4.485693
8103413	6.304733
8103415	5.013935
8103431	6.609183
8103437	7.243395
8103452	2.666826
8103458	2.430799
8103460	3.851275
8103462	1.993684
8103464	1.968289
8103466	2.688438
8103483	4.475241
8103485	4.531761
8103494	2.688691
8103503	3.691216
8103508	5.549667
8103516	4.433239
8103518	6.823814
8103520	4.847427
8103524	5.915798
8103535	12.0834
8103540	2.191655
8103542	3.020195
8103544	3.583621
8103559	4.476676
8103561	3.896828
8103563	6.997875
8103601	9.952272
8103620	2.2066
8103622	6.413356
8103630	6.798935
8103644	5.78216
8103646	5.920985
8103684	4.583668
8103693	2.624344
8103695	5.897605
8103706	4.330076
8103722	8.077044
8103725	6.063724
8103728	7.194771
8103736	3.485958
8103743	5.169688
8103745	5.61424
8103753	4.137836
8103755	6.358801
8103769	11.64029
8103778	3.296937
8103789	4.9593
8103802	3.265094
8103812	3.688292
8103822	6.142185
8103834	5.980769
8103847	5.341816
8103851	2.856692
8103853	5.05928
8103859	7.402414
8103867	4.236426
8103873	7.162486
8103875	3.109308
8103877	2.707954
8103879	3.696396
8103881	5.503307
8103892	4.018184
8103894	3.869082
8103904	4.605024
8103906	6.048149
8103911	9.309769
8103922	7.893166
8103932	7.145384
8103951	12.53397
8103975	9.776382
8103979	5.192935
8103986	3.986808
8103998	5.093003
8104012	5.157997
8104014	3.224783
8104022	4.834174
8104035	7.748629
8104066	4.955574
8104068	3.593681
8104072	6.919245
8104074	5.981802
8104079	7.466906
8104107	4.57739
8104115	6.331478
8104117	2.520746
8104119	8.222296
8104122	7.684459
8104124	4.239629
8104129	4.470396
8104131	4.387284
8104136	7.158237
8104139	5.209285
8104141	5.887145
8104163	5.624022
8104166	9.253392
8104180	7.429123
8104201	7.377429
8104220	5.717881
8104234	3.827354
8104253	5.759432
8104268	5.714319
8104281	5.772673
8104298	7.206149
8104305	5.502605
8104307	6.848989
8104314	6.29575
8104319	6.213043
8104321	4.945817
8104348	5.839029
8104350	6.238988
8104369	7.546977
8104378	6.187161
8104392	3.714107
8104394	4.936834
8104422	6.850043
8104441	4.973398
8104443	3.076241
8104449	8.042237
8104461	7.432729
8104463	9.110268
8104490	7.011408
8104492	6.904383
8104499	8.127963
8104504	2.595006
8104506	7.555779
8104568	5.302828
8104570	6.781052
8104580	7.119759
8104590	5.605985
8104592	5.734795
8104599	3.203063
8104601	10.79479
8104607	9.15267
8104609	6.4685
8104611	2.458509
8104613	6.273136
8104615	3.993038
8104617	5.55919
8104619	2.694223
8104621	9.802464
8104625	3.905253
8104627	2.785519
8104632	2.299185
8104634	3.121498
8104643	5.625696
8104648	2.32927
8104652	2.106316
8104654	4.226356
8104656	4.677306
8104659	2.544423
8104663	4.299118
8104680	5.728026
8104693	7.551408
8104723	3.064
8104725	6.360717
8104727	4.362903
8104729	2.239719
8104731	3.624256
8104738	8.719219
8104746	3.94883
8104758	3.244707
8104760	7.391349
8104781	6.404415
8104786	4.496861
8104788	5.559983
8104812	4.00499
8104823	3.489205
8104825	5.526477
8104838	6.436161
8104854	4.709274
8104856	3.243307
8104901	8.347728
8104912	5.81774
8104926	3.028588
8104930	6.964691
8104944	8.624472
8104996	4.90591
8104998	6.330289
8105013	4.546814
8105040	7.137007
8105063	5.810444
8105067	9.061159
8105077	5.631358
8105084	3.824068
8105104	8.232254
8105111	4.755826
8105121	3.051347
8105132	5.814827
8105136	6.688843
8105144	7.287127
8105146	5.460648
8105151	5.26193
8105153	7.211899
8105181	5.966884
8105189	5.096744
8105191	9.024098
8105218	2.071573
8105220	4.975893
8105229	5.631121
8105267	8.621397
8105302	4.525177
8105311	2.735852
8105318	3.638434
8105323	3.617777
8105328	7.724547
8105331	4.422737
8105338	1.877522
8105340	5.214862
8105348	2.922648
8105353	8.32657
8105384	3.587982
8105409	2.227028
8105411	3.488549
8105432	10.11968
8105434	8.005947
8105436	8.299805
8105456	4.956552
8105463	9.50567
8105479	2.709959
8105481	7.063792
8105487	4.06311
8105495	4.109497
8105499	6.384317
8105504	8.555868
8105506	10.93726
8105517	3.87895
8105523	6.948822
8105545	6.417646
8105577	3.894713
8105579	3.520734
8105583	3.178728
8105585	4.982662
8105596	3.934329
8105603	3.539638
8105605	2.019319
8105607	3.610762
8105612	5.683113
8105629	2.764355
8105631	7.735476
8105633	6.208776
8105645	1.960446
8105647	5.571155
8105661	2.530247
8105663	5.378072
8105681	10.30918
8105714	7.092052
8105731	3.875856
8105739	6.349797
8105741	7.067362
8105778	7.459998
8105799	2.716127
8105801	6.632506
8105828	4.832601
8105842	2.515435
8105852	3.713138
8105862	7.306431
8105878	5.474908
8105899	6.586374
8105908	8.559393
8105918	6.383755
8105935	8.890604
8105937	7.280291
8105949	5.031151
8105958	6.934729
8105970	6.531812
8105987	8.860339
8105989	8.825831
8105991	9.806381
8105995	8.865939
8105997	5.031151
8106006	7.019643
8106017	4.319345
8106019	2.637865
8106025	6.830142
8106068	7.37528
8106088	4.36332
8106096	13.99772
8106098	4.591613
8106107	5.605985
8106120	2.161635
8106122	8.057082
8106141	9.442008
8106168	2.531498
8106170	4.599916
8106176	3.531333
8106181	7.969579
8106189	4.355697
8106193	4.984987
8106210	6.315864
8106250	5.239364
8106252	9.164148
8106271	6.551122
8106278	3.084916
8106280	8.2768
8106303	5.702833
8106325	4.482754
8106336	4.52858
8106350	4.262728
8106352	6.011238
8106354	7.869579
8106393	4.791673
8106401	5.645909
8106403	8.291465
8106411	4.834384
8106418	4.544516
8106429	6.780198
8106448	4.691738
8106473	6.566471
8106475	12.55609
8106477	3.225222
8106479	7.304654
8106494	5.677189
8106504	5.505449
8106512	3.965927
8106514	3.117078
8106516	7.802943
8106528	3.773475
8106530	7.680369
8106532	4.180731
8106534	7.795594
8106556	6.284803
8106573	4.56301
8106597	3.102616
8106602	8.89992
8106626	5.845079
8106633	6.487893
8106660	4.645841
8106689	4.600023
8106702	6.545415
8106709	5.609501
8106722	4.64887
8106727	4.077826
8106730	6.380554
8106743	9.408095
8106761	3.619358
8106763	2.330599
8106765	2.266562
8106767	2.412585
8106769	7.201415
8106771	4.87197
8106776	6.672943
8106784	7.416363
8106814	1.878705
8106816	5.073037
8106818	5.511849
8106820	6.321389
8106827	4.148203
8106919	2.322975
8106921	4.067607
8106923	6.741396
8106929	2.845575
8106931	4.185779
8106950	4.031631
8106960	2.430747
8106962	4.153533
8106976	6.823196
8106978	3.145168
8106986	6.818889
8106999	4.43418
8107005	9.245216
8107044	6.937148
8107066	7.678239
8107090	8.69642
8107092	2.01956
8107094	6.718506
8107096	8.938439
8107098	6.467385
8107100	5.622195
8107109	3.148177
8107111	1.925515
8107113	2.690418
8107115	7.57244
8107117	3.165745
8107119	6.481205
8107125	5.843295
8107127	4.021987
8107129	3.557065
8107133	6.658992
8107162	5.083743
8107164	7.529054
8107194	5.406802
8107198	4.791022
8107200	2.94171
8107202	3.341384
8107204	10.15852
8107206	4.266279
8107208	5.127452
8107232	3.836199
8107234	7.476198
8107259	7.613306
8107270	3.348788
8107282	5.820504
8107307	5.077911
8107321	6.64505
8107326	5.353118
8107328	6.467296
8107330	6.036582
8107348	3.856715
8107350	7.263583
8107353	6.561015
8107356	8.656308
8107373	3.378034
8107375	6.913223
8107406	6.321551
8107408	4.840754
8107421	5.992465
8107429	3.614936
8107458	6.887737
8107468	4.789017
8107470	11.22266
8107474	6.431221
8107518	3.242061
8107520	7.627575
8107530	6.395947
8107532	7.931348
8107554	4.840191
8107563	3.709431
8107574	2.480603
8107576	3.530698
8107578	5.410561
8107591	3.802037
8107594	5.644898
8107613	7.848118
8107632	6.678592
8107646	6.026626
8107655	5.993927
8107671	6.489566
8107673	7.242218
8107691	5.940237
8107702	3.001022
8107706	8.693047
8107720	5.006926
8107722	5.116159
8107750	7.342171
8107764	4.074423
8107769	7.333729
8107798	3.202233
8107814	7.268442
8107823	4.45616
8107847	3.173119
8107850	3.131143
8107855	6.32548
8107857	5.44311
8107859	4.083138
8107868	9.968142
8107878	4.843101
8107887	3.726543
8107897	6.281137
8107909	6.704368
8107920	6.410802
8107934	8.102424
8107940	2.610624
8107942	6.168134
8107970	4.739326
8107977	3.346299
8107985	5.432645
8107992	6.6235
8107996	8.138473
8107998	6.502195
8108006	5.545967
8108013	6.206315
8108015	8.040578
8108040	5.00075
8108050	5.437929
8108066	10.6805
8108078	3.358612
8108080	6.61166
8108099	8.941606
8108127	6.69809
8108134	7.344597
8108161	3.691507
8108163	6.840691
8108166	6.916795
8108174	5.499171
8108180	9.438329
8108182	3.99991
8108192	6.573781
8108199	5.963115
8108205	3.209691
8108217	8.647525
8108238	6.083753
8108251	4.135947
8108256	4.02795
8108267	2.7992
8108287	5.528557
8108299	2.015581
8108301	3.511796
8108321	9.186626
8108330	8.890079
8108359	6.074924
8108370	12.33795
8108376	7.006948
8108378	10.08403
8108399	6.508267
8108401	4.183785
8108403	7.846062
8108420	5.892568
8108422	6.962579
8108424	9.767349
8108435	8.410697
8108447	8.236372
8108453	5.450265
8108470	6.480431
8108472	7.261314
8108475	5.374638
8108478	10.21849
8108483	5.569649
8108510	8.695972
8108558	8.174259
8108566	2.822712
8108568	8.200585
8108579	6.618309
8108593	7.068426
8108603	6.674319
8108620	7.667394
8108627	4.398245
8108629	5.28772
8108631	5.812719
8108633	5.078663
8108679	3.955368
8108683	5.666643
8108688	3.839772
8108693	2.881604
8108697	4.787186
8108703	3.272021
8108706	3.610699
8108708	3.445232
8108713	2.464434
8108716	4.366911
8108720	4.118404
8108724	2.672096
8108729	4.069482
8108733	4.06179
8108737	3.468291
8108744	3.860312
8108749	4.192299
8108753	3.568116
8108757	4.56198
8108820	4.38542
8108822	6.000519
8108832	7.627609
8108847	7.46595
8108861	7.868212
8108873	10.74972
8108900	6.071844
8108903	5.066244
8108905	4.38729
8108912	5.723656
8108927	7.414676
8108949	5.107618
8108954	6.885107
8108977	5.460601
8108981	4.95862
8108995	3.841054
8109001	11.95643
8109039	2.40404
8109044	3.253969
8109049	9.884252
8109057	3.094026
8109062	7.959523
8109086	7.56843
8109093	7.79594
8109120	5.65423
8109141	8.638176
8109149	6.448365
8109157	5.685857
8109159	3.432687
8109161	5.753844
8109177	4.830724
8109179	6.21638
8109194	5.21237
8109201	7.181946
8109222	8.525681
8109226	6.53512
8109236	4.849767
8109254	6.572098
8109283	6.824861
8109303	3.861335
8109305	6.48444
8109315	5.888616
8109326	6.454628
8109333	7.374695
8109344	9.394381
8109350	6.476833
8109368	9.030536
8109383	4.757712
8109401	3.266845
8109403	7.194312
8109407	7.124804
8109426	5.231635
8109428	5.97198
8109436	3.318954
8109438	7.4498
8109462	8.61657
8109475	4.725276
8109484	4.406558
8109486	5.643355
8109490	3.926178
8109503	2.316074
8109505	4.559967
8109507	4.604419
8109526	2.382152
8109528	7.892921
8109563	6.166268
8109570	2.201376
8109572	3.838599
8109576	5.708089
8109585	5.039186
8109591	2.768754
8109593	4.636155
8109595	4.73911
8109597	6.641341
8109610	3.10702
8109612	6.333383
8109618	3.480456
8109620	6.178792
8109629	6.211374
8109637	4.050469
8109639	5.708714
8109649	5.489355
8109651	4.102043
8109663	4.327974
8109677	3.394235
8109693	5.838534
8109695	2.139656
8109697	7.056638
8109712	3.10106
8109732	7.85147
8109746	5.176855
8109748	3.315576
8109750	8.868294
8109752	4.041737
8109773	7.780274
8109802	6.75341
8109819	5.83066
8109821	11.60356
8109824	2.574829
8109826	2.708242
8109828	2.370335
8109830	4.784344
8109843	9.119698
8109901	6.696304
8109908	9.57687
8109912	4.362094
8109926	11.29769
8109938	5.063968
8109967	4.444418
8109969	5.127269
8109973	4.223269
8109975	5.3824
8109981	6.297709
8109990	4.931884
8109995	3.816369
8109999	8.865261
8110018	2.351949
8110022	10.3896
8110032	8.749912
8110043	4.290932
8110055	10.10207
8110068	4.111395
8110074	4.439839
8110084	6.243311
8110090	6.4847
8110104	4.275698
8110106	7.771815
8110112	5.049644
8110114	5.878741
8110123	5.566039
8110147	4.636374
8110158	5.248306
8110166	7.427958
8110169	7.388966
8110183	5.354741
8110216	2.639909
8110218	7.706693
8110224	6.882716
8110237	6.217601
8110253	5.878058
8110265	5.250605
8110289	7.073933
8110318	9.37883
8110327	7.351182
8110347	6.043179
8110362	8.452653
8110382	7.395393
8110392	7.923387
8110399	6.518994
8110408	6.950478
8110415	7.184417
8110417	6.1271
8110427	6.248788
8110430	6.711592
8110437	7.263498
8110450	9.451645
8110461	5.674128
8110463	4.270965
8110472	3.958952
8110478	4.594103
8110486	5.349916
8110491	4.000816
8110499	7.483393
8110518	5.413388
8110520	3.269999
8110522	10.36279
8110546	7.446119
8110562	6.208213
8110569	11.72581
8110587	2.440301
8110589	6.968878
8110604	4.484405
8110606	7.398626
8110616	6.874996
8110618	5.992796
8110620	3.875603
8110629	3.350693
8110631	5.893527
8110647	5.393769
8110649	5.70262
8110666	5.386618
8110668	7.787689
8110670	9.28674
8110672	7.769875
8110674	2.702445
8110676	4.935209
8110678	6.894846
8110681	5.580603
8110685	6.196829
8110688	5.675622
8110706	6.473125
8110708	5.972474
8110721	5.548233
8110734	6.294838
8110755	7.248137
8110783	6.61594
8110803	7.974465
8110821	6.618225
8110841	11.2782
8110858	8.473845
8110861	10.89348
8110865	5.890458
8110872	6.290838
8110880	1.953728
8110882	4.666191
8110886	6.008763
8110894	7.795989
8110914	9.866987
8110916	7.613305
8110920	4.089448
8110928	1.84944
8110930	5.116969
8110932	7.056299
8110960	3.850266
8110966	5.404109
8110971	5.166326
8110980	3.462408
8110982	7.980752
8110990	5.755919
8111017	2.495747
8111019	5.815004
8111099	7.646273
8111101	5.911322
8111118	2.891887
8111122	3.126154
8111124	3.669901
8111127	3.757996
8111129	7.101792
8111136	5.340589
8111151	4.345722
8111153	7.268058
8111197	3.186855
8111199	4.688423
8111201	3.553605
8111203	6.131429
8111210	12.13687
8111212	5.525208
8111214	5.998446
8111216	7.084734
8111218	2.88141
8111220	4.095134
8111234	3.299613
8111251	3.718829
8111253	2.751974
8111255	3.772361
8111269	1.969022
8111271	2.992938
8111284	3.959516
8111286	5.498241
8111327	3.373029
8111331	8.904358
8111339	6.629531
8111358	2.986116
8111360	7.320295
8111385	2.965597
8111387	4.496508
8111415	2.119004
8111417	4.783667
8111430	5.48609
8111443	4.726423
8111455	8.8766
8111457	6.190993
8111474	4.929216
8111490	3.154979
8111506	3.308288
8111512	3.822469
8111524	4.585427
8111533	6.186521
8111552	5.614807
8111569	3.291483
8111584	4.571051
8111627	5.615367
8111629	6.307646
8111668	2.613038
8111670	4.254734
8111677	5.947465
8111698	8.566236
8111739	9.742292
8111757	3.638533
8111772	7.046982
8111788	5.097111
8111796	8.249707
8111812	7.19529
8111814	6.548691
8111821	3.945346
8111864	3.239723
8111887	3.62403
8111892	5.097867
8111913	4.564127
8111915	5.094002
8111922	5.226734
8111925	4.68513
8111930	5.62797
8111932	5.069884
8111941	9.991235
8111952	5.248868
8111960	2.89781
8111974	6.737838
8111989	6.013845
8111991	2.429372
8111993	3.882765
8111998	4.243663
8112007	6.71393
8112014	2.330059
8112016	2.773947
8112020	5.834587
8112033	6.188931
8112041	6.058926
8112043	5.311868
8112045	3.451333
8112053	3.873687
8112070	5.967996
8112072	5.942907
8112081	6.775202
8112107	6.764286
8112121	5.880792
8112139	8.803388
8112157	3.673432
8112159	4.56435
8112174	6.977181
8112176	6.439479
8112178	4.968369
8112180	2.713149
8112182	6.487459
8112196	4.747792
8112198	3.872185
8112202	9.064741
8112220	5.934437
8112256	4.307154
8112258	2.307395
8112260	4.658347
8112274	8.017548
8112285	3.850048
8112302	7.501118
8112306	2.738518
8112310	2.814921
8112312	6.284606
8112327	6.087606
8112329	2.520615
8112331	5.582323
8112333	5.509552
8112335	5.475857
8112337	5.877377
8112342	3.35434
8112376	3.758789
8112388	5.749606
8112407	2.161002
8112409	7.427852
8112422	4.925668
8112424	2.039935
8112426	2.897843
8112428	4.258417
8112433	6.273405
8112435	6.991344
8112437	2.929505
8112439	7.129292
8112458	6.051881
8112469	8.363478
8112476	8.659369
8112478	9.180667
8112491	7.164078
8112519	8.69204
8112521	8.977472
8112538	6.344613
8112558	8.933725
8112560	9.814054
8112564	8.387493
8112570	6.105584
8112582	3.611305
8112584	5.623813
8112592	5.312024
8112596	5.508541
8112607	2.116806
8112611	2.91181
8112613	6.129259
8112615	7.473095
8112622	6.183402
8112647	1.991219
8112649	4.495447
8112664	2.180692
8112666	4.735308
8112668	5.017964
8112672	3.450752
8112687	9.150269
8112709	5.511848
8112724	4.852156
8112726	5.779618
8112728	10.13714
8112731	2.933164
8112740	7.581182
8112746	6.778075
8112761	2.928265
8112763	5.723251
8112767	8.869061
8112772	8.339743
8112801	3.478271
8112803	7.871248
8112807	6.70418
8112822	4.77668
8112841	6.542183
8112857	5.320592
8112865	9.367507
8112881	6.580808
8112883	7.584451
8112886	3.661506
8112888	5.193795
8112890	6.364871
8112892	7.868163
8112894	5.602161
8112896	3.493659
8112902	6.020085
8112914	8.276982
8112916	13.573
8112918	5.703678
8112920	4.004943
8112940	8.169829
8112959	5.086414
8112961	6.788676
8112967	7.950583
8112971	3.077568
8112980	3.270123
8112994	6.453767
8112996	2.502458
8112998	3.429923
8113003	3.367189
8113006	3.273564
8113008	5.408487
8113010	8.308195
8113023	6.918552
8113035	5.285853
8113037	2.528427
8113039	7.263506
8113050	3.361993
8113059	5.215671
8113064	7.661966
8113071	8.131051
8113073	10.64956
8113083	7.349666
8113094	6.603728
8113097	6.715263
8113103	7.191721
8113113	5.690305
8113120	11.17255
8113122	3.815934
8113124	2.586668
8113130	10.27507
8113157	6.444447
8113202	2.966335
8113214	8.285987
8113220	9.405924
8113232	2.37951
8113234	4.061699
8113250	7.714001
8113274	3.982325
8113276	2.120369
8113278	4.546281
8113286	4.717732
8113299	3.806192
8113301	3.002462
8113303	2.249702
8113305	10.30551
8113342	2.890219
8113344	4.475241
8113346	3.320081
8113348	4.865726
8113350	1.870336
8113352	2.108546
8113354	2.273043
8113356	2.611378
8113358	9.099759
8113367	5.197176
8113369	6.380352
8113385	2.612584
8113403	4.116052
8113413	5.281107
8113421	4.805487
8113427	2.341295
8113429	2.445889
8113431	3.234524
8113433	5.807053
8113443	5.096118
8113445	6.803459
8113467	6.13839
8113469	9.69798
8113481	3.996478
8113483	4.468032
8113489	4.656218
8113491	7.047782
8113502	5.460524
8113504	4.32225
8113512	6.112075
8113542	7.957098
8113551	5.948709
8113573	4.502079
8113577	5.01461
8113591	7.315315
8113602	3.440916
8113614	4.410483
8113616	8.639632
8113623	6.632072
8113641	5.073524
8113651	6.610365
8113658	5.547624
8113660	6.237639
8113664	3.144715
8113666	4.072078
8113689	2.314253
8113691	6.234893
8113699	5.399652
8113703	2.766042
8113705	2.324646
8113709	4.279207
8113717	3.72368
8113724	6.095606
8113726	7.034353
8113733	6.401178
8113759	3.130719
8113761	5.642744
8113771	5.891511
8113773	5.659123
8113782	2.1636
8113784	4.582801
8113786	2.10065
8113788	2.317719
8113790	7.92386
8113796	5.621539
8113800	5.165597
8113871	2.056693
8113873	7.092745
8113879	7.321845
8113881	7.630477
8113914	9.192485
8113936	5.152187
8113938	4.664855
8113981	6.915966
8114002	5.476119
8114006	3.837328
8114010	11.59131
8114023	2.981432
8114030	5.718374
8114050	6.81672
8114068	6.857968
8114080	5.707006
8114083	10.14817
8114111	5.004168
8114113	5.192014
8114119	5.021653
8114136	2.182811
8114138	7.075916
8114145	7.126781
8114152	7.286456
8114158	10.16083
8114171	3.962495
8114185	4.491994
8114191	3.48891
8114193	7.881624
8114203	2.256153
8114205	2.443606
8114207	4.475241
8114209	4.521802
8114211	8.878445
8114213	2.156155
8114215	8.578886
8114225	9.051249
8114239	5.508969
8114245	5.486825
8114249	5.653785
8114256	4.495616
8114263	4.186307
8114270	3.803894
8114273	3.318245
8114287	5.529705
8114300	4.707455
8114320	7.795285
8114326	7.642645
8114352	2.57312
8114354	3.171347
8114363	4.802029
8114365	6.533358
8114396	5.853643
8114415	3.253151
8114425	4.438046
8114443	9.613255
8114455	10.63098
8114468	7.994549
8114470	3.583353
8114476	5.703311
8114489	4.483378
8114491	6.559031
8114511	5.557858
8114518	5.611455
8114526	4.731642
8114536	6.944262
8114546	6.722221
8114548	2.309358
8114550	6.808977
8114567	6.080314
8114572	10.27176
8114581	2.218256
8114583	7.636114
8114593	7.917932
8114612	10.77902
8114618	6.569293
8114625	5.312782
8114628	7.096932
8114643	5.00638
8114645	5.963609
8114647	5.585042
8114653	8.535201
8114658	8.715487
8114691	7.609476
8114709	6.356307
8114733	7.103394
8114767	8.3762
8114778	6.556046
8114780	4.759988
8114787	9.140868
8114797	4.229163
8114805	4.311931
8114812	3.821171
8114814	8.426046
8114829	7.442479
8114843	5.013945
8114845	4.628313
8114856	4.593334
8114861	7.274431
8114896	4.553227
8114900	4.827563
8114918	4.259542
8114920	5.375291
8114938	3.930022
8114964	8.949863
8114970	3.416999
8114977	4.554792
8114991	6.898281
8115010	3.262244
8115012	5.268255
8115014	5.833575
8115022	10.17985
8115037	2.240697
8115039	4.557728
8115041	3.772037
8115064	4.217129
8115066	4.651124
8115068	5.001536
8115074	2.261515
8115076	7.815291
8115099	5.691577
8115122	5.995404
8115144	5.532969
8115147	10.10425
8115158	8.168097
8115164	4.548855
8115166	3.560477
8115168	8.247765
8115181	7.882074
8115196	4.85559
8115205	4.324559
8115210	10.06005
8115234	7.24018
8115261	8.324297
8115274	3.621476
8115287	5.043971
8115300	3.444907
8115302	4.949772
8115327	5.193528
8115340	2.339661
8115342	2.494257
8115346	6.853989
8115355	4.510956
8115368	4.359272
8115375	5.76152
8115391	5.520526
8115395	3.33154
8115397	4.615409
8115410	5.091913
8115441	3.78389
8115443	2.512588
8115445	4.342739
8115455	4.260991
8115464	6.656941
8115476	7.100685
8115481	4.108555
8115487	5.559043
8115490	7.344421
8115516	4.377813
8115524	9.401269
8115543	4.343998
8115562	8.389338
8115570	5.159308
8115580	7.557483
8115584	7.153085
8115594	5.147356
8115600	2.738524
8115606	7.972618
8115623	7.883065
8115651	4.490362
8115664	5.758883
8115666	5.225248
8115673	2.610757
8115675	2.727432
8115677	2.697028
8115679	3.026784
8115681	7.454
8115689	3.767164
8115691	5.683894
8115730	5.336952
8115732	4.939888
8115734	12.74133
8115756	5.567082
8115765	8.474548
8115783	9.42988
8115806	8.183699
8115812	7.87287
8115814	7.291154
8115828	2.217664
8115831	13.52206
8115836	2.009673
8115838	4.835673
8115840	7.080233
8115847	6.341094
8115849	6.606337
8115851	4.68261
8115863	2.651609
8115865	6.859569
8115871	4.844856
8115875	4.305075
8115884	5.931858
8115886	6.664851
8115895	6.831776
8115907	5.84778
8115918	8.696529
8115927	6.893965
8115939	5.606917
8115941	6.340549
8115948	6.103006
8115957	6.584658
8115978	7.022638
8115997	9.03177
8116012	6.964534
8116020	8.562511
8116031	6.1157
8116033	5.841993
8116051	6.496421
8116070	7.542244
8116086	6.996573
8116096	7.905073
8116113	6.583852
8116128	5.241048
8116130	5.328289
8116162	6.974796
8116168	6.289609
8116174	2.617594
8116177	6.899179
8116195	6.980517
8116227	7.484679
8116245	6.183804
8116247	5.933722
8116253	5.110773
8116272	5.900609
8116295	2.20156
8116297	10.7056
8116313	4.917881
8116316	7.287406
8116335	6.374366
8116346	4.365602
8116348	7.086
8116372	9.294779
8116384	5.47798
8116400	4.663909
8116402	6.994899
8116418	4.824602
8116439	6.180158
8116445	5.36296
8116479	4.469711
8116482	4.476047
8116484	8.877919
8116494	6.644477
8116500	4.876132
8116502	5.456976
8116504	5.407965
8116520	10.09794
8116530	5.642581
8116532	9.639594
8116534	6.532856
8116537	7.384737
8116545	3.851163
8116548	6.72378
8116559	5.834309
8116571	4.755118
8116573	4.464331
8116577	3.481057
8116579	7.715918
8116582	5.055188
8116585	7.485655
8116589	2.588225
8116591	7.912809
8116593	4.519238
8116595	6.657296
8116607	5.98132
8116610	7.021216
8116620	5.544433
8116622	8.530437
8116635	4.978885
8116649	6.3271
8116651	6.172138
8116653	6.3271
8116655	5.646134
8116658	6.191544
8116662	2.630563
8116664	7.755082
8116696	4.231295
8116707	4.335408
8116710	8.133203
8116722	4.307549
8116724	5.348123
8116734	6.150632
8116740	7.534096
8116760	5.160931
8116780	8.636248
8116807	6.308884
8116818	6.700291
8116827	3.576363
8116829	2.356586
8116831	5.103469
8116835	4.525736
8116846	4.652285
8116848	5.202735
8116859	6.585614
8116867	7.752994
8116874	3.537644
8116904	3.720724
8116906	2.410801
8116908	4.812885
8116910	9.406232
8116921	10.13767
8116929	8.485384
8116932	6.265545
8116952	6.6094
8116954	2.212348
8116956	6.22765
8116969	5.635404
8116980	4.124411
8116983	11.65105
8116992	11.56777
8116994	4.606772
8116996	3.6657
8116998	8.996727
8117018	8.496065
8117020	11.01443
8117032	4.653936
8117034	4.863444
8117045	3.250436
8117054	5.077497
8117071	7.819165
8117077	2.342897
8117079	7.848923
8117081	7.6245
8117106	10.0211
8117118	4.624949
8117120	7.279881
8117126	2.2037
8117128	7.223212
8117138	3.385899
8117140	6.89036
8117161	4.322395
8117165	8.528194
8117172	6.652751
8117176	7.214345
8117178	4.205287
8117187	3.678312
8117189	4.403768
8117192	2.268079
8117194	6.052102
8117207	5.511849
8117219	6.456785
8117225	5.897109
8117237	8.81295
8117239	4.396359
8117241	4.504444
8117243	5.959273
8117284	5.71276
8117286	4.938076
8117288	3.257463
8117301	3.4211
8117304	4.007856
8117321	8.608722
8117330	8.027134
8117334	7.714515
8117339	5.803024
8117343	5.123297
8117368	8.756241
8117372	10.198
8117377	8.978065
8117382	7.828424
8117389	5.83811
8117395	6.924718
8117402	8.872274
8117408	8.393822
8117415	3.854235
8117422	5.172176
8117426	6.982979
8117429	3.781391
8117435	8.227622
8117447	8.076971
8117458	8.58392
8117470	4.965786
8117476	6.877252
8117485	8.609554
8117498	4.645635
8117510	7.159543
8117520	1.953723
8117522	6.273654
8117529	2.07245
8117531	5.393613
8117533	6.335015
8117535	7.176205
8117537	5.733494
8117543	5.718026
8117547	5.554934
8117561	3.51687
8117563	4.394678
8117565	5.92289
8117567	3.822741
8117572	4.459334
8117576	2.703433
8117578	2.555654
8117580	5.342594
8117583	6.78974
8117589	6.477979
8117594	5.831107
8117598	6.839146
8117600	5.267109
8117608	5.067513
8117614	6.393966
8117620	6.052555
8117622	4.424873
8117624	3.663233
8117626	6.183411
8117628	3.831882
8117630	7.785683
8117640	4.499183
8117646	5.280598
8117653	4.709894
8117655	5.125581
8117663	3.469999
8117667	4.08944
8117675	4.065298
8117685	4.36722
8117696	4.742745
8117698	6.881451
8117700	3.730077
8117707	5.091686
8117712	2.569247
8117714	3.848988
8117716	3.546468
8117718	3.087027
8117720	5.3408
8117722	3.197293
8117724	2.694498
8117727	4.446659
8117732	4.378403
8117739	6.495502
8117741	6.657698
8117746	5.614241
8117748	5.201555
8117760	10.21481
8117773	6.942175
8117777	12.23928
8117800	13.29559
8117809	4.176088
8117813	13.09904
8117822	5.265508
8117834	8.202579
8117840	5.96352
8117849	6.329264
8117861	8.046846
8117869	7.412575
8117881	7.319318
8117888	7.848771
8117890	13.06845
8117900	8.155457
8117922	6.438591
8117929	8.417408
8117955	6.535609
8117965	5.676001
8117987	6.141665
8117995	9.203305
8118005	3.781185
8118007	5.459867
8118023	5.223415
8118028	6.269417
8118061	5.395675
8118069	12.42422
8118076	4.968731
8118086	5.173364
8118093	6.589527
8118098	6.686291
8118100	6.106608
8118111	10.41346
8118116	8.024935
8118124	6.387331
8118127	6.304985
8118137	5.726661
8118142	9.721557
8118147	6.947974
8118149	9.72571
8118158	8.518165
8118174	7.504748
8118207	5.754668
8118209	5.755517
8118216	4.477548
8118218	9.757311
8118228	6.605257
8118235	6.135856
8118242	5.153449
8118249	6.095454
8118259	5.112074
8118293	5.162863
8118302	6.724325
8118310	13.73072
8118314	13.24981
8118319	7.781425
8118322	9.259814
8118324	6.738172
8118345	8.884482
8118367	7.326513
8118395	7.156191
8118409	5.979835
8118455	5.979835
8118498	6.09439
8118509	5.584122
8118535	6.487281
8118544	6.452114
8118548	10.95445
8118556	6.670463
8118564	7.836132
8118571	10.03672
8118580	10.09903
8118594	9.52465
8118607	4.679689
8118611	3.179628
8118613	7.496247
8118622	6.140775
8118632	5.839472
8118634	7.0776
8118644	8.491392
8118655	7.248991
8118661	5.864775
8118667	9.282285
8118669	5.605195
8118682	7.819248
8118696	5.783903
8118721	6.025915
8118724	5.344666
8118726	5.950288
8118734	7.362139
8118794	8.43735
8118804	6.501264
8118818	2.4783
8118820	3.054215
8118822	3.088583
8118824	4.952562
8118826	6.410732
8118833	5.483669
8118861	4.069252
8118863	8.249213
8118890	5.618491
8118915	6.269062
8118932	7.129077
8118945	8.446823
8118963	6.048425
8118974	7.366446
8118979	2.657071
8118981	5.329525
8118990	5.250593
8118995	4.871299
8119000	7.991629
8119016	8.862828
8119034	6.951023
8119052	6.935778
8119067	8.316547
8119078	4.254473
8119080	11.14393
8119088	9.897928
8119096	5.03806
8119102	4.847427
8119107	6.354916
8119109	7.937286
8119124	5.516916
8119132	6.766428
8119153	9.071194
8119159	6.211308
8119161	10.12218
8119169	6.272145
8119184	5.316588
8119196	4.553227
8119198	7.552975
8119223	3.506297
8119227	8.667751
8119235	7.781638
8119237	6.69746
8119239	2.428933
8119241	2.646694
8119243	3.054494
8119336	3.333426
8119338	5.464879
8119357	4.337354
8119386	5.394353
8119390	5.371266
8119394	4.186205
8119396	5.398598
8119403	4.122762
8119408	8.711555
8119423	6.873681
8119427	7.742995
8119435	6.561596
8119444	6.780563
8119466	6.192208
8119473	6.608763
8119490	2.681756
8119492	6.104753
8119503	6.61062
8119515	5.659707
8119525	5.346943
8119527	2.748692
8119529	9.088809
8119580	2.849919
8119582	6.45318
8119595	5.915524
8119599	6.369026
8119609	9.28551
8119620	4.983459
8119627	6.685521
8119648	7.516662
8119661	5.295828
8119670	6.608629
8119689	6.764716
8119712	8.722652
8119722	6.564161
8119765	6.390195
8119782	4.68542
8119799	3.593434
8119801	6.276353
8119827	2.092204
8119829	6.242661
8119842	6.529985
8119856	2.269316
8119858	6.497443
8119874	6.715844
8119882	3.589128
8119894	4.474966
8119896	5.77319
8119898	11.16261
8119915	4.981809
8119918	5.725648
8119926	6.910591
8119951	4.460244
8119974	6.623712
8119993	12.18642
8120004	5.07156
8120011	3.875719
8120022	7.280375
8120043	6.508781
8120057	7.446839
8120059	2.831484
8120061	7.260067
8120067	5.557303
8120082	3.497656
8120088	4.403639
8120102	8.803904
8120124	4.137575
8120135	4.181623
8120151	4.200494
8120163	2.956929
8120165	3.766184
8120176	4.51604
8120184	3.082954
8120194	4.799356
8120204	4.762677
8120206	4.356243
8120208	5.445957
8120210	7.004213
8120215	7.685611
8120222	4.880688
8120239	6.118896
8120247	4.828251
8120249	13.65843
8120251	6.823546
8120269	4.894956
8120271	3.999784
8120273	6.557179
8120275	3.021495
8120277	4.11913
8120279	7.302659
8120300	3.22329
8120315	2.887273
8120333	2.080906
8120335	6.711178
8120342	4.509782
8120350	2.699091
8120360	2.345315
8120362	2.841829
8120378	4.907474
8120382	6.207899
8120402	5.018837
8120411	4.489127
8120428	8.478002
8120431	9.419654
8120441	7.562557
8120460	3.341222
8120462	3.088401
8120464	3.235514
8120466	2.016588
8120468	3.87134
8120501	5.079009
8120552	7.451002
8120579	4.597965
8120585	7.702172
8120600	3.316272
8120602	8.704762
8120613	3.888974
8120654	3.946871
8120675	4.803029
8120679	3.425044
8120698	5.887608
8120715	2.565789
8120717	4.936502
8120719	4.908278
8120756	3.430114
8120758	7.184012
8120783	10.25657
8120820	5.870656
8120822	3.957415
8120824	2.19059
8120826	3.969213
8120833	9.977311
8120838	2.669832
8120860	6.662493
8120876	5.086678
8120878	4.116601
8120880	7.989187
8120883	6.32111
8120927	5.13183
8120932	4.697277
8120937	4.610384
8120943	9.040136
8120961	4.032596
8120967	4.08883
8120981	6.453634
8120983	4.273078
8120990	4.690441
8120992	9.669174
8121002	6.370129
8121009	3.661023
8121015	2.805201
8121031	6.536584
8121041	2.759395
8121043	5.998954
8121062	3.86107
8121064	4.239732
8121066	3.038777
8121076	12.17376
8121087	6.947481
8121095	5.940114
8121112	5.817904
8121116	2.909009
8121118	5.389118
8121130	3.569907
8121132	4.050048
8121134	2.396681
8121136	4.243475
8121138	4.106033
8121140	2.837811
8121142	3.04762
8121144	5.285615
8121152	3.879065
8121159	4.378909
8121161	7.065202
8121181	2.831712
8121193	3.508643
8121209	6.826804
8121212	3.851573
8121214	4.679409
8121216	6.89851
8121223	2.188777
8121225	4.036577
8121247	2.166522
8121249	2.68107
8121251	2.475218
8121255	2.834407
8121257	10.79144
8121273	4.994803
8121275	4.765372
8121277	9.604568
8121298	3.852436
8121300	5.632222
8121312	4.276479
8121317	2.732882
8121319	4.40965
8121330	3.27303
8121332	3.06731
8121334	3.947677
8121347	2.06083
8121349	4.901235
8121363	2.159857
8121365	6.468358
8121370	5.252743
8121390	2.664272
8121392	3.375109
8121405	5.434741
8121416	6.100606
8121418	7.012919
8121429	6.774907
8121454	6.07583
8121461	7.170475
8121485	2.510368
8121487	2.663434
8121489	8.041714
8121502	7.304274
8121508	2.174187
8121510	5.611761
8121515	6.357795
8121525	7.051295
8121532	4.619619
8121547	3.76317
8121553	3.646687
8121557	2.522285
8121559	3.906226
8121561	3.69944
8121563	10.96596
8121569	4.919223
8121578	5.858361
8121588	10.67972
8121596	7.172278
8121601	3.505771
8121605	3.240511
8121613	5.575431
8121622	3.231175
8121632	4.262994
8121649	3.091222
8121670	3.322935
8121672	5.071182
8121681	3.778382
8121683	4.388196
8121685	6.359901
8121704	8.063225
8121712	4.574109
8121725	3.014365
8121727	3.093382
8121729	2.507258
8121734	5.905972
8121739	5.07833
8121741	2.39344
8121743	8.370816
8121747	2.881451
8121749	5.495171
8121755	3.817301
8121757	5.480056
8121768	3.75914
8121782	10.22741
8121784	3.928509
8121794	6.156734
8121803	3.993474
8121814	4.506093
8121825	5.922872
8121838	6.848818
8121850	4.166238
8121861	6.627792
8121884	5.697298
8121886	7.199342
8121895	5.701618
8121911	3.201607
8121916	3.39973
8121927	7.415069
8121936	3.563402
8121943	2.648206
8121945	2.405002
8121947	3.696903
8121949	4.253788
8122013	6.329099
8122038	5.010488
8122045	4.358781
8122058	3.382759
8122071	4.566147
8122099	3.824204
8122125	2.304036
8122127	4.148086
8122129	3.355076
8122131	3.729486
8122136	8.089402
8122142	7.810116
8122144	6.811332
8122146	3.205242
8122150	4.005558
8122174	7.852848
8122176	4.910503
8122182	7.209576
8122196	6.652612
8122198	7.278753
8122200	3.593681
8122202	5.179742
8122222	4.013127
8122240	3.57236
8122242	5.340551
8122256	5.762359
8122259	6.122162
8122261	3.585347
8122263	2.052347
8122265	12.88922
8122277	3.722267
8122279	7.108271
8122317	9.43775
8122327	7.318178
8122334	6.547326
8122336	7.496976
8122343	9.001405
8122348	6.802453
8122365	7.680534
8122396	7.499206
8122405	4.79055
8122409	4.75464
8122426	8.408471
8122440	6.175552
8122452	2.877801
8122457	10.60005
8122464	8.284381
8122537	4.495388
8122552	3.402713
8122554	7.127685
8122561	3.083346
8122598	5.862408
8122600	8.701753
8122634	5.319121
8122637	9.624059
8122658	3.404115
8122660	6.091692
8122670	4.087867
8122672	9.470448
8122684	7.152658
8122689	7.080383
8122699	7.581614
8122701	3.805075
8122703	5.752564
8122705	7.126636
8122717	5.645057
8122720	3.690493
8122724	5.148507
8122732	4.703881
8122734	6.703403
8122740	5.950963
8122742	5.977369
8122744	5.036668
8122756	6.112649
8122773	6.634251
8122803	3.018467
8122805	2.553556
8122807	5.953853
8122818	6.831535
8122827	5.148077
8122840	4.967095
8122843	6.476896
8122856	4.877755
8122858	2.394629
8122860	4.391864
8122865	3.328512
8122877	1.863772
8122879	3.085699
8122881	2.410971
8122883	2.514269
8122885	3.166682
8122887	3.972814
8122909	7.978411
8122933	5.125085
8122966	4.573229
8122969	2.496214
8122971	7.106434
8122982	6.163222
8122986	10.45622
8123006	6.651726
8123038	5.227563
8123044	6.535475
8123060	4.43155
8123062	8.390432
8123080	7.180904
8123104	4.331966
8123129	10.50827
8123137	7.078717
8123148	8.912335
8123155	4.818508
8123176	4.060483
8123181	9.681212
8123230	6.854846
8123232	7.041946
8123246	4.440451
8123259	4.067543
8123274	7.798616
8123303	4.933648
8123313	2.184104
8123315	9.440985
8123334	5.756059
8123336	2.404881
8123338	2.09142
8123340	4.547123
8123342	6.882253
8123362	5.481858
8123364	4.876113
8123372	6.496583
8123374	4.77425
8123388	5.51737
8123398	4.776781
8123405	4.935362
8123407	8.983072
8123437	4.99512
8123446	5.10359
8123463	6.780695
8123467	5.26017
8123488	5.995226
8123494	7.323138
8123507	7.196899
8123520	8.983763
8123524	6.637539
8123558	5.137419
8123562	8.053979
8123579	5.016381
8123584	4.431362
8123598	10.94622
8123606	8.460936
8123609	11.20444
8123621	7.850574
8123637	6.79654
8123642	4.373816
8123644	7.053758
8123651	6.237387
8123658	6.984165
8123678	6.933702
8123685	3.089271
8123695	4.166447
8123714	4.242924
8123717	4.222946
8123726	5.643037
8123728	4.473987
8123737	5.149657
8123739	4.587555
8123744	5.491457
8123760	6.785396
8123763	6.234253
8123765	2.329462
8123767	9.274323
8123780	2.975073
8123800	4.888142
8123802	6.318013
8123819	3.82129
8123825	7.315619
8123843	3.673625
8123864	6.053407
8123876	3.539615
8123884	4.40201
8123889	3.353713
8123891	6.594392
8123893	6.461032
8123910	3.939159
8123920	3.866759
8123929	4.652175
8123936	9.315909
8123949	3.492584
8123951	7.320405
8123959	3.083061
8123961	10.42413
8123976	5.904568
8123981	4.620609
8123985	3.085117
8123989	9.865934
8124008	6.530488
8124018	2.534489
8124020	4.75126
8124022	7.262338
8124036	2.441887
8124038	4.773638
8124040	7.817295
8124055	5.528709
8124057	3.689281
8124059	8.007006
8124082	7.5423
8124086	2.059207
8124088	7.840693
8124129	5.689902
8124134	6.680015
8124144	8.281098
8124156	2.298235
8124158	2.554484
8124160	2.423239
8124162	2.606231
8124164	4.196832
8124166	7.411204
8124181	2.210933
8124183	7.400826
8124185	3.476737
8124192	4.255196
8124194	4.803833
8124196	5.870873
8124211	4.552382
8124240	5.088682
8124262	9.635653
8124273	10.2497
8124280	9.605051
8124305	7.023356
8124307	4.810396
8124327	4.641084
8124329	2.306022
8124331	3.563458
8124335	4.598284
8124337	3.154465
8124351	3.959356
8124365	5.181344
8124380	5.879231
8124385	7.864531
8124388	5.44215
8124391	6.636905
8124394	4.9545
8124397	7.228306
8124402	7.015268
8124406	8.304732
8124413	7.916524
8124416	8.687606
8124423	8.650329
8124430	5.821826
8124433	4.348713
8124437	6.948532
8124440	4.589614
8124446	5.809892
8124448	9.108409
8124455	2.911216
8124457	3.311838
8124459	5.308998
8124467	5.393613
8124469	8.136531
8124484	6.849763
8124492	8.190017
8124495	4.419719
8124498	3.089705
8124500	3.633376
8124502	5.056495
8124510	5.053726
8124518	2.627377
8124521	7.280114
8124524	6.322006
8124527	5.306005
8124531	7.835146
8124534	5.103735
8124537	5.320985
8124540	5.905554
8124547	3.227157
8124549	3.26567
8124551	6.146729
8124553	5.201704
8124562	5.61398
8124574	4.042333
8124583	3.465118
8124588	4.145204
8124594	4.818707
8124604	3.620745
8124606	2.930706
8124608	3.480733
8124610	7.266771
8124622	3.729336
8124630	3.22647
8124632	3.74655
8124634	3.188927
8124636	3.093588
8124639	2.738815
8124645	3.354059
8124648	3.53724
8124650	7.755792
8124654	6.234859
8124684	4.707354
8124689	6.49406
8124691	5.026358
8124695	8.82182
8124707	9.240565
8124716	5.122883
8124726	7.723019
8124742	6.927318
8124756	9.001248
8124775	6.675658
8124798	7.912939
8124806	5.868216
8124813	5.827871
8124828	10.03101
8124846	6.970659
8124848	12.11403
8124855	7.49456
8124859	6.239494
8124862	6.569227
8124865	6.304012
8124868	6.259
8124889	6.298813
8124897	4.880967
8124901	12.75408
8124911	13.26458
8124920	3.598233
8124922	3.102988
8124924	3.799079
8124926	8.896749
8124940	5.229764
8124942	5.173424
8124950	8.684052
8124955	6.53245
8124967	8.551567
8124994	6.841405
8124998	5.893405
8125007	5.726292
8125017	7.285531
8125038	6.142829
8125042	6.083203
8125048	7.316064
8125059	10.08192
8125072	5.839343
8125091	6.283085
8125123	6.280645
8125125	5.663114
8125134	6.122458
8125139	9.991102
8125149	10.45111
8125172	6.251468
8125201	6.28137
8125204	7.042651
8125220	6.680095
8125234	5.732708
8125289	5.99556
8125295	8.183581
8125316	5.524834
8125321	6.454584
8125328	6.967976
8125341	6.938524
8125360	7.993844
8125373	7.545147
8125383	6.55452
8125415	3.055807
8125426	6.024946
8125434	5.097101
8125436	7.721724
8125447	6.119941
8125461	4.285116
8125463	7.62248
8125470	6.366671
8125483	8.72432
8125500	8.864903
8125512	11.05476
8125527	4.310482
8125530	8.038502
8125537	7.577623
8125545	6.065514
8125556	10.53409
8125563	4.276669
8125568	6.877994
8125638	6.954803
8125649	7.327146
8125671	7.155107
8125687	8.346905
8125713	10.14361
8125731	6.864185
8125734	5.99998
8125748	7.50722
8125750	9.47104
8125752	7.974566
8125766	7.180349
8125772	5.668849
8125775	6.658703
8125780	5.507459
8125788	7.437841
8125798	6.304654
8125805	6.629701
8125818	7.320839
8125825	7.487448
8125835	7.921052
8125843	5.596003
8125850	8.204236
8125859	6.266277
8125870	4.714644
8125887	7.560598
8125903	5.553807
8125919	7.553075
8125936	5.361026
8125941	8.750856
8125959	5.535995
8125980	6.452665
8125993	6.204636
8126007	2.837769
8126016	2.077132
8126018	8.975788
8126033	5.607882
8126035	5.130834
8126058	6.11632
8126066	8.017451
8126086	4.523778
8126093	4.139224
8126095	5.617331
8126102	4.739363
8126119	3.659929
8126121	7.930036
8126135	6.927889
8126145	5.300383
8126147	6.250548
8126153	6.282315
8126163	4.477407
8126173	5.698137
8126184	3.803035
8126212	6.985128
8126214	4.676774
8126238	2.941676
8126240	4.782675
8126244	5.065449
8126248	4.951499
8126259	6.178537
8126269	5.598273
8126279	4.682759
8126288	8.111323
8126296	7.24246
8126301	7.777856
8126303	11.78803
8126310	4.102399
8126312	5.900847
8126324	4.970783
8126337	5.91939
8126347	6.17949
8126360	7.755254
8126369	4.08808
8126371	7.552433
8126379	8.673643
8126382	8.498256
8126387	5.517118
8126394	8.704778
8126402	6.663486
8126428	7.055408
8126432	1.929778
8126434	2.24494
8126436	4.965466
8126442	6.290359
8126446	5.574492
8126450	9.041718
8126452	6.030789
8126474	7.439424
8126482	5.139103
8126484	5.534421
8126486	6.024103
8126512	6.843255
8126524	6.373857
8126531	6.091547
8126542	4.94208
8126556	6.281345
8126566	5.846144
8126574	8.539696
8126588	5.796512
8126629	8.668384
8126646	6.752161
8126653	7.095866
8126658	8.235687
8126666	9.247352
8126674	4.857812
8126681	5.876225
8126705	2.912438
8126710	3.781609
8126729	5.245798
8126750	4.205449
8126760	5.91711
8126770	4.019938
8126784	9.016622
8126798	3.875109
8126820	10.46152
8126839	9.053921
8126853	4.620992
8126855	5.497849
8126860	7.024466
8126878	4.073289
8126891	5.238398
8126905	12.70319
8126916	4.879417
8126920	3.906351
8126931	2.290061
8126934	2.558005
8126937	5.08946
8126939	2.856743
8126943	2.660408
8126946	2.917112
8126948	5.440035
8126950	5.502437
8126952	12.29975
8126954	6.2768
8127024	4.960964
8127031	6.044581
8127051	5.571949
8127065	3.293546
8127072	5.331648
8127079	2.636784
8127087	3.549047
8127094	4.356243
8127107	4.629362
8127109	6.004233
8127128	7.404223
8127130	4.634744
8127141	2.951694
8127143	3.27979
8127145	11.84496
8127156	4.155976
8127158	8.686828
8127177	4.743338
8127180	3.397481
8127193	3.437116
8127201	4.453618
8127234	7.567726
8127346	4.35972
8127360	3.672397
8127362	2.308073
8127364	4.840214
8127370	4.233731
8127380	3.911472
8127391	3.319909
8127393	2.824704
8127396	4.567101
8127399	3.257739
8127408	2.286064
8127419	6.67771
8127421	5.230245
8127423	9.090638
8127425	9.015026
8127446	5.4295
8127484	4.939073
8127496	3.014495
8127498	4.925923
8127500	3.958335
8127502	5.604633
8127507	4.729579
8127509	2.423239
8127511	4.947393
8127522	4.614542
8127526	8.002542
8127532	6.025244
8127534	7.749384
8127542	7.463411
8127544	8.929959
8127549	7.767168
8127563	4.129315
8127629	7.136455
8127637	9.19467
8127646	3.966381
8127656	2.82581
8127658	6.883654
8127660	5.222466
8127662	4.203072
8127664	2.942802
8127666	3.938895
8127686	3.882392
8127688	2.093169
8127690	6.725184
8127692	5.901437
8127696	5.153587
8127698	8.171452
8127743	5.510882
8127752	3.736891
8127754	4.639076
8127756	4.716721
8127767	3.017213
8127776	2.756983
8127778	7.837391
8127787	6.96268
8127822	5.078885
8127824	4.185754
8127841	5.580168
8127854	6.736844
8127872	4.919494
8127903	4.165922
8127932	3.818422
8127943	7.036376
8127977	7.293224
8127987	9.219381
8127989	9.127184
8127991	3.897313
8127993	2.759386
8127997	2.262134
8127999	3.440932
8128001	3.975887
8128007	3.911563
8128013	6.92496
8128034	8.669258
8128043	3.504499
8128052	6.641715
8128079	3.789143
8128087	4.316863
8128099	5.830322
8128109	3.399449
8128111	7.766622
8128123	7.931635
8128133	6.15286
8128138	6.269025
8128245	2.225133
8128247	4.997491
8128258	6.847027
8128260	7.173241
8128282	3.462118
8128284	3.793329
8128308	4.295117
8128310	2.304963
8128312	5.658979
8128314	2.709717
8128316	3.708932
8128322	4.976762
8128329	4.263819
8128356	6.149124
8128371	5.597228
8128383	4.589257
8128394	8.691238
8128409	4.5843
8128429	8.316625
8128445	2.474544
8128447	4.276688
8128459	3.714179
8128472	7.599474
8128522	6.491161
8128549	4.333169
8128553	3.820203
8128565	3.652174
8128572	6.548432
8128592	7.755196
8128604	5.140807
8128606	5.405658
8128618	2.569937
8128620	4.898046
8128624	4.282471
8128626	4.725715
8128638	5.83113
8128650	8.744437
8128667	5.82656
8128669	8.130892
8128683	7.188216
8128695	2.912313
8128698	5.861411
8128712	5.604244
8128714	3.697219
8128716	10.11404
8128726	4.044472
8128737	6.37869
8128767	5.677209
8128777	3.597154
8128788	4.410679
8128795	5.251569
8128818	3.586766
8128837	3.159838
8128843	4.348929
8128850	3.438529
8128865	5.33196
8128867	7.680369
8128886	5.995884
8128888	4.444168
8128890	4.474277
8128892	3.420649
8128894	6.536324
8128934	2.755697
8128936	2.456146
8128939	7.721488
8128954	1.919825
8128956	6.773721
8128977	5.674435
8128991	4.510922
8129037	5.47554
8129039	4.906235
8129043	3.631858
8129045	7.391813
8129062	6.043668
8129067	3.548142
8129069	3.611492
8129071	7.608947
8129082	5.076891
8129087	4.174599
8129089	6.476803
8129095	6.506515
8129097	5.4863
8129099	8.80089
8129105	3.955368
8129108	4.854032
8129120	6.740092
8129125	3.444568
8129134	3.381861
8129179	2.733745
8129181	6.417968
8129193	5.054007
8129214	5.160815
8129218	5.337136
8129231	4.116816
8129254	8.349529
8129271	2.694556
8129273	4.678392
8129309	3.463401
8129311	2.585526
8129313	2.2387
8129317	10.19609
8129330	2.910032
8129363	6.716374
8129375	7.148635
8129377	3.805534
8129379	8.165666
8129390	4.45278
8129392	3.378988
8129410	4.849671
8129418	7.714412
8129454	6.090099
8129456	5.739781
8129458	6.65054
8129476	3.206557
8129482	3.849292
8129497	5.019617
8129522	7.441526
8129558	5.522915
8129560	5.135896
8129562	8.089843
8129573	3.030997
8129590	8.724221
8129604	4.850929
8129608	3.662829
8129610	3.800982
8129615	4.308453
8129618	6.784253
8129627	7.701751
8129637	11.10688
8129649	6.0578
8129666	4.821022
8129675	6.586469
8129677	10.23207
8129693	9.34795
8129695	4.653718
8129706	7.021047
8129728	6.19137
8129761	3.184195
8129763	4.077733
8129773	8.555424
8129783	7.030386
8129804	8.798497
8129835	3.089275
8129837	6.015063
8129848	3.573034
8129861	10.38241
8129872	4.673392
8129876	4.17054
8129880	9.123144
8129888	6.228468
8129899	3.413354
8129901	7.360142
8129924	4.24664
8129937	9.699603
8129943	4.859893
8129947	3.98785
8129953	9.788729
8129963	6.854705
8129974	6.497432
8129985	7.465988
8130003	6.137954
8130009	7.537714
8130011	3.459613
8130013	4.267681
8130027	3.781185
8130032	7.721542
8130038	5.947723
8130071	11.24447
8130073	7.210479
8130087	6.063062
8130102	5.060976
8130116	7.119883
8130129	6.962184
8130142	6.776123
8130151	3.577366
8130163	6.957328
8130173	6.959984
8130176	5.161104
8130181	4.42313
8130183	3.050154
8130185	6.469995
8130191	4.205452
8130209	2.368956
8130211	5.6657
8130370	2.450947
8130372	3.878103
8130374	4.345695
8130383	6.669018
8130394	6.372807
8130401	3.073986
8130403	6.869516
8130406	2.477543
8130408	7.594041
8130422	6.836257
8130436	4.701832
8130438	4.655586
8130447	4.314172
8130462	6.815913
8130464	6.602005
8130470	6.956173
8130472	2.31145
8130474	5.572945
8130495	2.425308
8130497	2.35744
8130499	7.349951
8130505	10.23272
8130522	4.328571
8130528	7.056466
8130539	12.33436
8130553	7.312138
8130556	13.37243
8130565	6.351456
8130567	11.19012
8130578	8.730529
8130580	7.419164
8130582	4.291952
8130598	5.284853
8130608	4.81005
8130622	7.933489
8130624	8.132481
8130626	4.138919
8130628	5.577309
8130641	5.343074
8130645	5.271928
8130660	6.902025
8130662	3.291641
8130664	3.29644
8130674	6.052938
8130701	3.488292
8130703	5.678392
8130715	7.027104
8130720	7.967056
8130732	7.509692
8130739	7.078259
8130765	7.340641
8130768	8.363927
8130783	5.543439
8130785	5.439158
8130787	4.857671
8130803	5.555437
8130807	6.39612
8130811	5.022668
8130817	5.122629
8130824	5.373798
8130827	5.627815
8130837	4.980411
8130859	6.037315
8130867	4.442473
8130891	5.791835
8130916	7.134211
8130927	4.237816
8130934	3.54175
8130939	6.144556
8130952	7.296728
8130962	7.498152
8130976	5.555437
8130980	6.39612
8130982	5.022668
8130988	6.540639
8130993	5.811918
8130997	4.900655
8131000	6.638238
8131013	7.695664
8131042	5.67369
8131044	8.276838
8131056	7.166866
8131067	5.119472
8131069	5.522417
8131087	8.330992
8131091	7.073684
8131096	5.505208
8131098	6.583477
8131101	6.751846
8131111	7.316549
8131135	6.910554
8131140	6.068568
8131143	7.181024
8131155	7.119542
8131179	7.301017
8131195	6.621813
8131203	3.548736
8131205	5.937152
8131253	6.594948
8131263	4.67538
8131265	8.120823
8131286	6.023526
8131292	5.581057
8131296	7.1114
8131301	3.260132
8131303	7.088082
8131324	4.807919
8131326	5.730401
8131335	2.854585
8131337	6.00171
8131339	7.841164
8131349	5.42609
8131356	7.250629
8131374	6.546266
8131379	6.712273
8131381	3.934782
8131385	4.779783
8131387	6.959495
8131406	7.405112
8131412	4.593215
8131414	6.670689
8131427	6.858796
8131438	7.724573
8131441	5.917833
8131444	6.144946
8131452	3.836753
8131475	7.053942
8131479	7.021464
8131494	4.344765
8131496	7.067329
8131506	5.711486
8131512	6.259376
8131515	3.777011
8131519	6.290613
8131539	8.08654
8131550	7.144018
8131573	6.597385
8131581	4.387006
8131583	6.169366
8131600	8.166651
8131612	4.65096
8131614	8.543837
8131631	5.751144
8131661	8.362442
8131666	9.362671
8131682	2.586119
8131703	3.061226
8131705	5.408536
8131707	4.259217
8131709	6.935002
8131719	4.436028
8131801	2.721499
8131803	6.346983
8131811	9.648227
8131813	7.565516
8131815	5.796433
8131831	5.518083
8131844	9.294918
8131860	6.295409
8131869	7.737435
8131871	6.730484
8131881	5.779591
8131890	3.382193
8131917	6.227403
8131919	5.084442
8131925	2.161993
8131927	4.904159
8131942	5.210705
8131944	7.448028
8131949	7.595228
8131957	10.67371
8131965	7.135746
8131967	4.776412
8131970	6.663584
8131975	10.20071
8131996	8.081302
8132013	6.162971
8132031	7.324809
8132034	2.934655
8132036	5.43271
8132043	3.410787
8132045	7.326068
8132055	6.154761
8132062	8.927614
8132070	10.24758
8132092	5.685718
8132097	4.844361
8132118	4.802675
8132130	5.524192
8132151	4.333766
8132167	4.208749
8132182	5.292853
8132188	7.284032
8132209	7.666517
8132212	2.648572
8132214	5.737165
8132218	5.946707
8132245	3.902147
8132248	5.542362
8132250	4.942824
8132270	4.547259
8132286	3.714034
8132288	2.648572
8132290	6.649738
8132292	7.596589
8132302	5.592021
8132305	6.654943
8132318	3.598461
8132343	3.559971
8132345	2.152562
8132347	8.035193
8132349	4.447797
8132369	4.951487
8132376	6.970747
8132387	5.3712
8132399	4.965967
8132404	3.819775
8132406	7.798192
8132413	4.152482
8132415	2.737903
8132417	8.124096
8132439	4.97195
8132458	6.343486
8132463	3.152839
8132465	4.04745
8132493	4.156981
8132503	8.139148
8132513	5.989683
8132515	7.034562
8132523	6.699817
8132531	5.746811
8132539	8.944871
8132557	6.563347
8132580	8.221153
8132589	8.199267
8132592	8.223533
8132617	7.067686
8132642	6.879445
8132646	6.953342
8132660	6.550538
8132667	5.768578
8132690	8.227709
8132692	3.177607
8132694	7.004743
8132705	3.752402
8132707	4.564506
8132710	4.495358
8132715	4.603882
8132725	8.284733
8132743	6.095935
8132803	3.717624
8132805	7.142126
8132811	2.694811
8132813	2.910633
8132819	7.477791
8132830	5.821089
8132832	6.124594
8132838	5.280361
8132840	5.537097
8132843	5.505021
8132845	3.562702
8132849	4.999009
8132851	4.855086
8132856	2.071734
8132858	6.236145
8132860	6.367503
8132897	6.703537
8132909	6.228911
8132911	3.333148
8132913	4.060387
8132915	3.314274
8132917	4.634217
8132922	5.764127
8132929	6.35311
8132943	7.780993
8132960	3.65363
8132962	5.038527
8132964	7.179619
8132978	8.996998
8132980	6.596286
8132984	3.648734
8132986	2.328392
8132988	1.883083
8132990	2.233641
8132992	6.396202
8132994	2.242288
8132996	2.826182
8132998	7.447881
8133000	1.948263
8133002	1.953728
8133004	3.555895
8133006	2.140811
8133008	2.827048
8133010	2.007242
8133012	7.378682
8133014	2.297972
8133016	2.727735
8133018	4.011992
8133021	4.677131
8133023	3.371098
8133027	9.256051
8133030	7.19065
8133032	3.791065
8133034	3.554134
8133036	3.238846
8133038	4.703699
8133040	2.079588
8133042	3.425535
8133049	7.627566
8133057	5.476312
8133062	5.34494
8133070	8.079782
8133072	4.919176
8133074	7.154853
8133085	2.749371
8133089	5.647129
8133095	7.409392
8133106	8.543894
8133108	4.919176
8133110	6.419353
8133112	4.767053
8133114	6.170915
8133119	5.084
8133122	7.172854
8133145	7.587146
8133155	6.376368
8133163	4.045805
8133165	4.836225
8133167	6.01301
8133176	10.8932
8133187	2.389422
8133189	3.071695
8133192	8.02062
8133200	5.41722
8133202	4.334615
8133209	6.040824
8133215	5.882965
8133219	8.353231
8133221	6.313407
8133223	3.914118
8133225	2.11938
8133227	1.92497
8133229	2.675506
8133231	2.320657
8133233	5.108002
8133258	4.626856
8133273	7.947832
8133275	7.601446
8133293	4.877317
8133300	8.938764
8133309	7.854147
8133314	9.223806
8133326	6.589649
8133331	6.588473
8133335	7.058846
8133339	7.411359
8133345	7.770278
8133360	9.318516
8133366	5.406781
8133372	6.918332
8133413	7.429989
8133434	9.504464
8133442	8.415234
8133459	6.699548
8133477	7.388532
8133500	4.67243
8133504	8.309326
8133518	8.848019
8133531	8.26582
8133540	7.100986
8133549	6.544596
8133571	6.226501
8133582	5.92977
8133590	6.092969
8133600	6.198981
8133610	7.690908
8133623	4.287554
8133625	6.03332
8133633	6.568449
8133654	6.065321
8133662	8.954211
8133670	8.729504
8133688	6.370033
8133690	8.559299
8133702	2.090465
8133704	6.594682
8133721	11.9291
8133728	5.014495
8133736	7.270135
8133741	8.913464
8133750	2.545524
8133752	7.711823
8133754	9.023491
8133770	6.800535
8133788	9.112235
8133809	7.274614
8133818	6.913463
8133847	3.485731
8133854	2.144779
8133856	3.553868
8133858	2.690693
8133860	4.709745
8133872	4.687333
8133874	7.384596
8133876	5.639031
8133896	11.58469
8133898	2.842931
8133900	3.862632
8133902	5.761005
8133904	3.808993
8133914	7.510638
8133938	7.387046
8133959	3.065537
8133961	3.537391
8133976	4.311266
8133983	5.02493
8134018	3.677665
8134024	4.309422
8134026	4.459661
8134030	3.615839
8134036	6.748198
8134051	4.043682
8134077	2.551786
8134079	6.631314
8134091	7.66378
8134098	7.43036
8134117	6.4847
8134122	6.652611
8134180	7.25524
8134201	6.566837
8134211	5.894114
8134219	4.708964
8134252	2.455808
8134257	3.69332
8134263	5.867759
8134318	5.81174
8134339	4.89564
8134345	2.611761
8134347	3.387854
8134349	5.371653
8134351	5.6844
8134372	2.521874
8134374	7.433346
8134376	3.449144
8134384	4.260487
8134403	3.802342
8134405	2.607699
8134407	6.934889
8134415	5.101702
8134420	3.835344
8134429	5.251855
8134433	5.062083
8134435	8.374128
8134452	6.95829
8134454	9.456597
8134460	5.457975
8134463	5.753928
8134470	6.973186
8134550	4.774046
8134552	9.561832
8134564	4.740409
8134581	8.643332
8134589	6.865144
8134599	6.691147
8134613	5.439981
8134621	5.476213
8134631	7.100089
8134644	7.136609
8134655	3.759827
8134676	2.625887
8134678	2.935244
8134680	6.861898
8134689	5.728019
8134699	8.147976
8134712	6.388211
8134730	4.052947
8134737	5.957519
8134740	7.230803
8134745	5.734289
8134777	6.514562
8134785	3.123664
8134789	7.646805
8134814	10.06423
8134821	9.522152
8134827	6.440917
8134834	6.847131
8134856	5.914575
8134869	5.492125
8134880	7.495615
8134890	9.437096
8134904	6.176369
8134907	6.550536
8134915	5.451912
8134965	7.888516
8134981	7.654109
8134992	7.318451
8135015	6.150232
8135031	5.886116
8135033	5.877419
8135037	4.133864
8135048	4.272775
8135064	8.341534
8135069	6.875551
8135080	6.55843
8135089	5.388452
8135099	6.582958
8135114	7.867806
8135149	8.170783
8135160	2.545524
8135162	6.382471
8135172	6.358984
8135181	6.545728
8135197	5.672163
8135204	5.694851
8135211	5.953888
8135214	2.939117
8135216	4.037878
8135218	3.777214
8135224	7.283669
8135229	7.005151
8135235	6.60059
8135250	7.194674
8135262	4.814806
8135268	7.486151
8135271	4.691927
8135273	6.778577
8135275	5.610138
8135277	9.503934
8135319	7.284547
8135321	3.682262
8135323	5.519399
8135341	4.187341
8135361	2.994652
8135363	7.263546
8135378	5.797729
8135392	9.07414
8135405	2.908476
8135410	5.123207
8135422	6.961767
8135436	7.509288
8135458	5.930071
8135464	7.911474
8135480	7.592574
8135486	2.573208
8135488	4.450148
8135497	6.792226
8135512	5.652183
8135514	10.47524
8135532	7.298999
8135542	3.887676
8135544	3.941361
8135568	7.711615
8135576	9.043386
8135585	6.325437
8135587	5.12752
8135594	5.608055
8135601	7.333596
8135625	9.665518
8135638	4.808144
8135661	4.86973
8135688	6.454401
8135697	2.59705
8135705	4.483884
8135716	2.214592
8135718	7.904264
8135734	4.617707
8135763	5.232045
8135772	3.421151
8135774	3.56598
8135804	3.271307
8135821	4.862069
8135827	2.830386
8135835	2.926881
8135847	3.015899
8135849	3.585905
8135856	7.495898
8135865	4.527934
8135874	2.472198
8135876	8.364809
8135902	5.39462
8135907	5.095712
8135909	5.523906
8135915	10.19159
8135922	5.073493
8135929	8.208613
8135931	9.180648
8135933	6.397078
8135943	7.010252
8135945	5.055489
8135955	5.805603
8135967	5.687786
8135969	4.541317
8135990	5.989945
8136039	8.172702
8136045	6.526777
8136059	5.22474
8136061	6.326474
8136063	3.046371
8136065	6.493159
8136067	5.775358
8136078	2.765287
8136080	6.443974
8136095	7.476905
8136115	5.572283
8136138	3.251738
8136140	6.456532
8136159	5.276533
8136161	5.250057
8136163	7.36333
8136177	5.113288
8136179	3.0155
8136181	3.174646
8136187	3.551696
8136200	7.973104
8136213	4.018398
8136215	4.974528
8136217	3.891114
8136235	5.684339
8136248	5.425529
8136259	8.406154
8136281	3.460679
8136289	6.331369
8136291	2.445588
8136293	7.85703
8136315	3.774709
8136336	3.889372
8136341	10.10793
8136347	4.138958
8136370	2.880254
8136388	9.725184
8136391	3.954649
8136401	6.667889
8136446	3.19738
8136448	4.328411
8136457	2.765234
8136459	3.804637
8136469	3.605535
8136471	6.615444
8136473	7.018872
8136495	4.628396
8136516	6.819592
8136535	6.431318
8136539	7.727693
8136557	9.129694
8136576	5.606544
8136578	2.746013
8136580	6.295469
8136587	2.355193
8136589	6.219153
8136591	5.476322
8136602	6.469333
8136610	2.47119
8136614	5.691586
8136631	7.077914
8136641	5.381992
8136645	5.005524
8136647	5.249532
8136652	3.855797
8136654	4.163898
8136656	2.508821
8136658	5.145866
8136660	3.092978
8136662	9.531822
8136709	5.665866
8136727	5.834631
8136786	2.447519
8136788	3.308037
8136790	4.329487
8136795	4.189964
8136801	7.638074
8136807	8.23355
8136811	6.120341
8136832	5.928677
8136837	5.16217
8136839	5.967422
8136844	3.344329
8136846	4.236641
8136849	7.827428
8136863	5.982955
8136869	7.063873
8136889	6.678126
8136891	2.435254
8136893	5.939726
8136918	9.906901
8136930	5.067163
8136932	4.23834
8136934	5.434866
8136936	5.274447
8136938	4.546743
8136940	6.844997
8136954	6.96709
8136961	3.076774
8136963	4.062396
8136965	5.034513
8136967	3.485029
8136969	3.528207
8136971	3.8973
8136973	4.712315
8136975	4.234787
8136977	4.737918
8136979	4.151235
8136981	2.057883
8136983	6.292133
8136985	6.031609
8136987	6.720823
8137006	2.849139
8137008	10.15457
8137010	4.23277
8137042	3.270389
8137044	5.843591
8137046	4.91408
8137048	3.665325
8137050	4.269793
8137054	7.553311
8137081	5.594549
8137089	2.185115
8137091	7.153456
8137101	6.440582
8137112	7.938192
8137118	6.152844
8137131	5.251142
8137133	6.738656
8137151	7.107477
8137183	6.906962
8137202	6.557096
8137208	6.538021
8137215	6.342994
8137219	5.88551
8137223	2.144962
8137225	7.458991
8137228	7.547379
8137232	5.018548
8137240	4.701546
8137244	6.097255
8137250	4.989404
8137252	5.173632
8137257	6.080325
8137264	7.014076
8137271	6.042196
8137280	5.788846
8137310	6.234559
8137330	8.080236
8137332	6.781219
8137334	6.47513
8137336	6.236402
8137352	7.14848
8137381	7.300368
8137404	7.20394
8137414	8.471867
8137433	3.76979
8137437	2.939351
8137448	7.207096
8137464	5.689769
8137466	2.874361
8137468	6.368368
8137470	4.943052
8137472	4.642071
8137474	5.302763
8137483	5.986446
8137485	4.99454
8137517	5.23482
8137524	5.530666
8137526	11.1548
8137537	5.895431
8137542	7.707978
8137558	7.030284
8137566	5.250185
8137582	3.093606
8137584	6.630137
8137596	7.131672
8137627	9.197252
8137635	5.738362
8137637	5.814973
8137639	6.444941
8137666	9.28674
8137668	9.106327
8137670	5.975148
8137675	6.023394
8137680	6.853419
8137693	5.616821
8137700	7.275953
8137707	8.058137
8137709	10.81135
8137715	6.481073
8137739	6.903909
8137781	6.10058
8137783	7.380829
8137798	5.910957
8137802	6.43437
8137805	6.984754
8137826	6.369328
8137833	7.648527
8137847	7.200616
8137863	4.958242
8137865	7.160071
8137874	5.824191
8137900	3.477245
8137903	3.477245
8137906	5.105176
8137925	2.884856
8137927	2.69071
8137931	5.528515
8137942	7.584024
8137953	8.005142
8137959	7.495687
8137962	7.157101
8137964	6.962127
8137979	13.37095
8137986	6.784054
8138009	3.96201
8138030	6.135155
8138043	2.59924
8138045	7.639338
8138065	6.097836
8138067	5.887853
8138084	4.175881
8138086	2.610749
8138088	6.750833
8138091	7.465773
8138108	8.496229
8138116	7.072055
8138128	7.619121
8138145	7.362363
8138147	8.52
8138151	7.109328
8138155	6.303965
8138157	6.233382
8138189	5.589162
8138202	6.73355
8138224	7.098726
8138231	4.874091
8138258	4.12243
8138277	4.432809
8138287	3.723443
8138289	3.746798
8138308	1.70355
8138310	3.076642
8138337	2.765584
8138353	5.597155
8138361	6.324461
8138363	3.744496
8138370	5.82522
8138381	6.661221
8138392	4.85551
8138401	7.869074
8138435	4.45375
8138440	3.204586
8138442	6.464237
8138450	6.093741
8138454	5.637174
8138459	4.148079
8138466	10.27067
8138474	5.304641
8138483	1.833833
8138485	6.944466
8138487	6.274199
8138489	3.733828
8138504	5.998257
8138527	4.27693
8138531	12.77942
8138542	3.83303
8138545	8.912743
8138547	5.964122
8138553	6.079278
8138566	4.206625
8138581	10.13442
8138592	9.490983
8138596	6.940117
8138598	2.305064
8138600	2.906121
8138602	4.652283
8138613	8.019856
8138640	7.963536
8138647	4.535133
8138662	2.948881
8138668	2.903869
8138670	11.72588
8138686	4.680164
8138689	10.50056
8138706	3.192161
8138708	5.325797
8138718	4.065066
8138721	5.678084
8138728	4.517341
8138735	6.301494
8138741	5.49574
8138745	5.494717
8138749	6.568548
8138757	6.278232
8138765	5.327584
8138770	7.484741
8138773	9.670265
8138776	6.87058
8138789	6.647392
8138795	2.721426
8138797	4.384733
8138799	5.589756
8138805	6.743164
8138822	4.304159
8138824	7.330916
8138834	5.990696
8138842	5.242276
8138857	6.639899
8138862	7.045749
8138865	4.893021
8138882	4.573992
8138888	4.515152
8138912	3.851773
8138920	5.783363
8138922	8.541271
8138930	5.302587
8138939	4.396725
8138941	5.94732
8138948	5.401558
8138950	5.61101
8138956	2.798501
8138958	3.664676
8138977	5.248129
8138988	3.7056
8138995	4.517662
8138997	5.262119
8139003	7.915692
8139015	6.243381
8139019	3.347693
8139021	5.266619
8139031	4.044076
8139033	9.414157
8139055	6.361382
8139057	8.903876
8139083	6.570182
8139085	6.299
8139087	2.969355
8139100	4.985732
8139107	4.564291
8139113	4.908752
8139118	5.041208
8139121	4.796403
8139125	4.880561
8139128	5.055488
8139131	4.034561
8139158	5.925776
8139160	6.959769
8139163	3.408355
8139165	8.107767
8139196	2.254171
8139198	5.907965
8139201	7.167911
8139203	6.789232
8139207	7.604847
8139212	4.545845
8139228	5.149202
8139232	5.488012
8139242	4.123938
8139244	7.003079
8139250	6.639072
8139256	5.694461
8139264	8.538488
8139270	6.671557
8139276	6.87387
8139281	6.739817
8139299	6.255602
8139307	5.249377
8139314	5.837509
8139330	4.831621
8139356	7.014063
8139365	2.473795
8139367	5.49397
8139392	6.978278
8139411	8.022858
8139421	8.401651
8139430	10.51309
8139433	7.653511
8139456	6.287893
8139458	5.780827
8139460	6.450231
8139468	6.522272
8139482	6.330079
8139484	7.905614
8139486	6.215099
8139488	8.9223
8139500	6.609288
8139534	5.214473
8139592	7.42966
8139606	3.675333
8139622	3.017982
8139632	4.180917
8139640	4.631058
8139656	5.424565
8139678	3.682934
8139680	5.081182
8139695	3.934429
8139697	4.25026
8139699	4.095968
8139706	6.913009
8139712	8.040844
8139721	3.208303
8139723	5.679302
8139727	4.14927
8139737	6.006805
8139746	4.096254
8139758	7.816982
8139763	7.213929
8139765	3.654743
8139767	6.35026
8139769	6.654849
8139772	4.26518
8139776	2.303742
8139778	5.636472
8139780	6.417386
8139782	2.25259
8139784	2.500822
8139786	3.569328
8139788	2.604711
8139790	3.785864
8139792	2.33022
8139794	2.713397
8139796	5.227011
8139798	2.063442
8139800	3.227631
8139804	4.677131
8139806	1.940611
8139808	2.183512
8139810	3.293703
8139812	1.941955
8139814	2.161428
8139816	5.354306
8139818	2.089804
8139820	4.830785
8139826	5.09586
8139828	6.707559
8139832	8.690968
8139840	10.58285
8139843	2.93617
8139845	4.484024
8139857	4.161073
8139859	7.591266
8139873	6.174901
8139879	7.640355
8139881	4.420184
8139883	6.287193
8139885	5.499396
8139887	6.670169
8139889	6.063656
8139891	8.276085
8139896	8.501477
8139901	2.545524
8139903	2.969675
8139905	3.173154
8139907	6.58085
8139909	4.042426
8139911	3.367139
8139913	2.72196
8139915	3.710284
8139917	5.383121
8139919	4.623178
8139921	4.604275
8139933	2.762803
8139935	6.317649
8139941	4.635616
8139943	6.457433
8139947	6.725004
8139966	5.954764
8139975	4.287554
8139977	7.649789
8139996	6.200275
8140009	6.198981
8140020	6.822405
8140028	4.884605
8140033	4.973881
8140035	2.510988
8140037	7.157169
8140061	7.737106
8140070	6.258422
8140085	5.193904
8140107	6.51769
8140113	6.235241
8140127	4.012552
8140129	6.878038
8140140	8.258617
8140144	6.525442
8140151	6.657493
8140166	4.748963
8140170	6.530141
8140196	7.652795
8140211	6.23713
8140220	8.03922
8140227	9.239942
8140239	8.937057
8140249	7.100986
8140258	8.721248
8140269	9.016171
8140280	9.058634
8140291	4.897768
8140297	7.439449
8140311	7.920041
8140317	3.765782
8140319	7.998276
8140356	6.637432
8140358	4.232215
8140367	5.366816
8140371	7.144959
8140386	6.451469
8140398	8.260674
8140403	5.781355
8140420	5.421553
8140424	6.354669
8140433	6.678021
8140443	5.643473
8140445	6.285469
8140454	5.983123
8140461	7.34161
8140463	9.943615
8140468	7.454803
8140478	8.325435
8140498	2.728033
8140500	5.628016
8140504	4.504598
8140530	2.734925
8140532	2.193626
8140534	8.493069
8140554	4.232237
8140556	3.763576
8140579	3.761532
8140620	4.276495
8140650	5.308676
8140668	4.056674
8140686	3.521547
8140707	6.29209
8140709	5.903077
8140730	6.51721
8140737	5.889896
8140739	4.140988
8140752	3.513886
8140782	4.86004
8140814	6.90592
8140828	7.809446
8140840	11.3734
8140850	6.642481
8140852	4.811913
8140855	2.191091
8140857	2.365252
8140859	5.09999
8140864	5.660855
8140869	3.186651
8140878	6.236027
8140907	2.611477
8140909	4.051595
8140915	6.253894
8140942	8.843446
8140955	5.463249
8140967	9.775793
8140971	8.405677
8140984	2.798056
8140995	3.037596
8141016	5.661596
8141024	5.590453
8141035	3.910522
8141050	8.300736
8141052	3.1088
8141066	3.644317
8141076	6.938797
8141094	6.43689
8141107	8.43902
8141127	3.200906
8141133	7.992105
8141138	2.840391
8141140	6.186943
8141146	2.647954
8141148	2.903392
8141150	7.194324
8141166	9.289988
8141169	7.566117
8141173	5.180387
8141180	6.698093
8141206	8.66407
8141222	8.830301
8141228	5.745438
8141239	3.516674
8141241	9.045067
8141263	6.223255
8141273	7.063603
8141281	3.704285
8141283	5.642013
8141295	7.874625
8141303	6.043302
8141305	7.325619
8141311	3.955269
8141317	2.703335
8141328	8.201168
8141342	3.158093
8141358	5.253074
8141361	5.095591
8141363	5.577999
8141371	5.063549
8141374	6.097918
8141380	5.866005
8141395	6.614575
8141419	6.34753
8141421	5.189394
8141423	5.537344
8141425	6.047196
8141445	7.03009
8141459	6.273887
8141463	4.467005
8141466	6.180017
8141477	6.172697
8141490	7.066679
8141498	5.162966
8141517	6.824265
8141522	6.703987
8141526	7.248816
8141533	4.529907
8141535	7.986431
8141560	5.327291
8141580	5.148593
8141595	6.506444
8141625	5.615472
8141643	7.200152
8141648	6.88786
8141659	6.579488
8141661	5.325453
8141664	6.614766
8141669	4.627395
8141676	5.462268
8141688	6.71274
8141708	6.644285
8141717	6.800918
8141726	2.629358
8141728	6.315437
8141737	4.92627
8141746	3.895561
8141748	5.6811
8141750	5.549091
8141757	6.032519
8141762	6.698833
8141765	7.592514
8141768	6.747159
8141791	8.126316
8141795	8.385683
8141803	6.531343
8141829	8.12192
8141843	5.22718
8141846	7.269067
8141872	4.384097
8141882	4.029958
8141896	4.965061
8141898	5.530264
8141922	4.401172
8141946	2.106224
8141950	4.247738
8142019	5.664892
8142036	8.749423
8142059	6.776811
8142061	3.90463
8142079	2.935111
8142084	7.074744
8142087	5.504984
8142096	6.486196
8142098	6.013255
8142100	6.017176
8142102	6.27071
8142104	5.750072
8142110	9.035044
8142120	13.35192
8142136	8.607791
8142143	8.58693
8142169	3.289837
8142171	2.904917
8142194	5.341361
8142230	3.83008
8142232	3.605036
8142270	3.3914
8142307	10.73809
8142324	6.822221
8142329	3.815081
8142332	3.591928
8142343	3.987738
8142345	9.102315
8142401	5.695022
8142403	2.338658
8142405	6.968251
8142407	6.952463
8142415	8.049663
8142424	3.31157
8142431	6.039017
8142435	3.190576
8142444	3.424092
8142446	4.634906
8142448	3.611982
8142450	2.829433
8142452	7.502357
8142464	4.229322
8142466	4.523354
8142468	10.93911
8142471	4.29835
8142480	2.892078
8142497	4.403685
8142522	4.484815
8142524	7.220292
8142534	2.582044
8142536	3.116911
8142538	2.851199
8142540	8.322747
8142554	6.866155
8142580	4.827716
8142585	5.419417
8142618	2.846413
8142622	4.683256
8142624	2.656997
8142628	2.959451
8142646	2.726289
8142661	2.52628
8142663	6.807718
8142671	9.496332
8142685	4.387547
8142687	5.048821
8142692	3.745751
8142697	5.542699
8142718	4.469691
8142730	7.647036
8142740	6.929411
8142747	5.960362
8142763	4.47823
8142765	6.181061
8142770	5.615579
8142774	6.087986
8142795	7.418917
8142814	4.159239
8142821	7.024203
8142830	6.76089
8142852	7.665776
8142878	7.128828
8142880	3.945699
8142882	3.538381
8142884	4.774542
8142886	10.65154
8142897	2.299872
8142899	5.566902
8142912	6.232241
8142930	4.308076
8142945	5.338445
8142971	6.586905
8142975	6.978823
8142977	3.814504
8142979	7.123492
8142981	5.941404
8142993	6.15708
8142997	5.213346
8143028	6.169755
8143035	8.61965
8143038	5.983394
8143040	5.010396
8143054	7.112002
8143065	7.471169
8143070	7.004577
8143088	6.537461
8143108	2.917018
8143110	5.516296
8143127	4.381168
8143132	9.752245
8143142	2.186726
8143144	5.609159
8143154	4.934329
8143188	6.987958
8143205	2.826547
8143207	3.004973
8143209	4.667062
8143221	6.59243
8143247	5.722231
8143268	3.289085
8143270	5.451472
8143279	9.120142
8143294	2.687526
8143296	5.912724
8143307	6.856963
8143327	7.695247
8143341	8.179547
8143363	3.420235
8143365	3.956639
8143367	7.440502
8143383	4.032184
8143385	7.395761
8143387	9.321373
8143397	5.210321
8143417	9.424626
8143433	4.173159
8143437	3.943357
8143441	6.317608
8143448	5.82522
8143457	2.218477
8143459	3.756189
8143461	2.503004
8143463	4.062141
8143471	6.43424
8143482	4.866865
8143486	3.06872
8143494	3.550904
8143499	5.430571
8143518	5.339874
8143534	5.240077
8143555	4.289668
8143557	3.940337
8143562	2.926682
8143564	5.490148
8143575	6.033797
8143594	7.201431
8143597	2.755483
8143599	4.546743
8143601	4.544152
8143605	4.490767
8143610	6.466014
8143627	5.435663
8143629	6.127469
8143633	5.236917
8143635	4.928985
8143643	6.633079
8143657	3.451386
8143659	4.483001
8143661	5.630338
8143663	7.888204
8143684	8.086179
8143697	5.477033
8143702	5.640849
8143708	7.599056
8143710	5.219468
8143712	2.872688
8143714	5.028389
8143725	7.153298
8143733	6.723152
8143747	1.989426
8143749	6.518518
8143759	6.029972
8143766	6.257708
8143772	6.530724
8143781	5.457518
8143788	6.74747
8143790	7.343151
8143803	8.506418
8143825	6.378724
8143850	6.534314
8143863	7.914301
8143879	7.173536
8143885	5.210192
8143887	6.052796
8143894	3.505684
8143899	5.900641
8143905	5.991013
8143919	5.753174
8143937	5.251309
8143939	6.038407
8143941	6.239453
8143949	6.91699
8143955	6.597406
8143957	8.097905
8143961	6.837446
8143984	6.725993
8143986	3.35295
8143988	9.057998
8144036	3.865842
8144042	5.751629
8144044	4.691521
8144047	5.445261
8144072	4.868177
8144078	6.366058
8144082	6.021912
8144089	7.758996
8144112	7.018528
8144117	1.97913
8144119	7.179211
8144121	5.65663
8144149	3.5663
8144151	2.556085
8144153	5.71433
8144184	8.383078
8144213	4.82651
8144226	2.698598
8144228	5.577572
8144230	3.59056
8144239	6.611952
8144253	4.871727
8144267	7.973692
8144279	7.600599
8144281	5.089595
8144315	5.68044
8144317	6.281559
8144322	4.820537
8144361	6.338321
8144378	6.470069
8144388	5.316728
8144392	3.019036
8144395	5.617446
8144397	5.473683
8144399	2.880261
8144401	3.842669
8144405	2.774548
8144410	6.321611
8144412	6.334902
8144414	6.334902
8144416	6.327043
8144418	6.327043
8144420	6.346525
8144422	6.243772
8144424	5.731468
8144428	5.560696
8144432	5.560696
8144436	5.560696
8144440	5.731468
8144444	5.560696
8144448	5.473722
8144452	2.487599
8144457	4.272042
8144460	3.826512
8144473	4.376716
8144481	5.478675
8144488	6.702104
8144490	6.327043
8144492	6.327043
8144494	6.346525
8144496	6.498735
8144498	5.548563
8144503	4.981149
8144505	7.687494
8144512	3.243788
8144514	4.304044
8144516	8.924246
8144526	3.953968
8144528	6.955314
8144557	6.923824
8144569	4.465316
8144571	2.998823
8144577	6.220328
8144582	2.629227
8144584	3.628561
8144586	5.990508
8144600	4.075899
8144604	5.654781
8144619	6.686173
8144621	5.313777
8144625	5.242205
8144639	4.578977
8144643	6.127891
8144656	5.170678
8144658	6.618667
8144667	4.913152
8144669	8.366504
8144683	4.383299
8144685	8.5
8144687	2.668063
8144691	4.014627
8144699	7.349324
8144701	3.750869
8144703	6.651642
8144705	5.027821
8144712	3.469033
8144717	6.920722
8144719	2.614911
8144721	3.958786
8144724	2.086824
8144726	7.08534
8144740	4.148212
8144742	3.411015
8144758	7.451458
8144774	7.24914
8144786	5.747788
8144802	4.895514
8144810	4.602033
8144812	7.015081
8144857	3.588514
8144864	2.724501
8144866	3.173612
8144874	3.905708
8144878	3.463978
8144880	7.877252
8144894	6.594637
8144915	4.954857
8144917	4.87826
8144931	11.87525
8144949	4.481365
8144951	7.750628
8144953	6.672404
8144982	6.3984
8144993	4.79764
8144995	6.512222
8145005	5.842296
8145027	6.763837
8145047	6.747907
8145055	6.076713
8145083	5.157897
8145085	6.384964
8145097	3.463406
8145122	5.03159
8145134	4.087908
8145136	6.641172
8145151	6.268407
8145175	7.24288
8145193	6.66843
8145201	7.062037
8145225	3.980608
8145227	5.935848
8145244	8.837023
8145259	7.002026
8145272	5.553475
8145281	11.42091
8145291	10.49623
8145293	7.399697
8145317	6.230857
8145334	3.070015
8145361	4.879479
8145365	9.625443
8145418	4.715358
8145438	4.040839
8145440	8.363894
8145454	10.27287
8145470	6.849119
8145490	8.792542
8145529	8.679132
8145532	4.069134
8145555	5.962265
8145566	3.015153
8145568	5.875268
8145570	3.068227
8145586	7.369279
8145603	6.230265
8145609	3.001153
8145611	5.457907
8145622	5.244726
8145624	6.820144
8145634	1.873814
8145636	7.06026
8145652	7.958052
8145660	6.098317
8145669	7.857879
8145685	5.358716
8145687	2.106299
8145691	5.16596
8145702	5.160132
8145736	4.51965
8145766	4.037032
8145768	4.25245
8145770	3.405764
8145772	2.873871
8145774	2.102306
8145776	5.553374
8145778	3.076244
8145780	3.196137
8145782	5.651788
8145793	8.625708
8145795	5.852228
8145799	5.450494
8145818	3.625998
8145820	2.359737
8145822	4.025592
8145824	2.775127
8145827	4.283662
8145829	6.720959
8145835	6.432611
8145854	7.421978
8145865	5.980201
8145887	5.871299
8145889	6.889734
8145894	8.123844
8145912	2.05364
8145914	6.363257
8145922	5.295134
8145942	4.618567
8145954	9.181084
8145977	8.513979
8145989	6.334455
8146000	10.51798
8146024	5.071356
8146051	3.023334
8146069	3.43419
8146092	8.874302
8146105	4.929932
8146115	7.167794
8146118	4.470009
8146120	2.71556
8146122	9.024123
8146130	4.881016
8146142	8.599165
8146157	2.16697
8146159	5.656876
8146171	8.481217
8146198	8.158532
8146216	8.126747
8146225	5.842332
8146230	3.493858
8146239	5.992944
8146241	2.652806
8146243	8.793715
8146268	6.922507
8146278	7.643553
8146285	7.46769
8146305	5.804127
8146307	2.674888
8146322	3.226382
8146324	2.758641
8146328	6.092833
8146330	3.829965
8146332	3.020143
8146334	4.713573
8146336	7.843806
8146353	2.447031
8146357	5.513931
8146377	2.766047
8146379	7.614197
8146388	4.926805
8146391	4.676949
8146393	3.311924
8146401	3.981959
8146403	3.964936
8146423	3.74091
8146425	3.689145
8146427	3.094054
8146429	4.469701
8146435	4.678473
8146448	5.92451
8146456	5.478855
8146458	3.194471
8146460	4.286881
8146462	6.836493
8146468	2.850834
8146475	6.085655
8146482	6.282985
8146500	11.60393
8146517	5.452827
8146525	2.962027
8146527	3.345423
8146533	4.781842
8146544	8.65835
8146550	12.15832
8146559	6.182048
8146564	9.081442
8146579	7.66025
8146618	4.576666
8146625	3.725671
8146633	4.91794
8146635	2.080131
8146637	9.544454
8146643	5.876391
8146645	4.981236
8146647	3.698684
8146649	6.262764
8146660	3.763595
8146669	4.624665
8146685	5.480698
8146687	5.179553
8146703	5.335264
8146709	2.184784
8146711	4.227817
8146717	6.62965
8146738	3.928716
8146756	4.682043
8146788	4.260503
8146790	3.915232
8146792	2.459724
8146794	3.674406
8146837	2.889222
8146839	4.304905
8146857	3.38215
8146859	7.480556
8146861	4.909456
8146863	3.520752
8146892	3.987255
8146894	4.026179
8146896	3.302385
8146898	4.203307
8146900	3.491611
8146906	4.936866
8146908	4.755009
8146914	6.560024
8146921	10.24204
8146930	5.755033
8146934	7.544941
8146941	6.369648
8146943	3.927139
8146945	5.05792
8146955	9.26357
8146957	4.13277
8146967	3.473393
8146986	4.928086
8147000	4.527103
8147012	5.10663
8147019	5.597939
8147030	3.986843
8147038	2.950496
8147040	7.254682
8147049	6.608697
8147057	6.835058
8147065	2.917657
8147079	3.994404
8147101	4.805998
8147112	6.717605
8147123	5.938754
8147132	6.213786
8147145	3.249865
8147156	7.637453
8147172	9.043076
8147194	2.975123
8147206	9.336491
8147221	7.316146
8147228	7.556403
8147242	2.983496
8147244	3.190652
8147262	6.253706
8147273	3.515005
8147303	9.189939
8147305	5.140339
8147307	5.675687
8147313	4.319554
8147344	9.186982
8147351	8.825865
8147371	4.736573
8147373	4.643535
8147375	5.479996
8147396	6.633297
8147424	4.243217
8147439	7.994589
8147445	2.537332
8147447	7.345877
8147461	6.546971
8147469	9.192241
8147479	4.863251
8147481	7.509146
8147483	8.042594
8147501	3.006565
8147503	8.681778
8147516	5.172979
8147541	3.006643
8147543	5.720197
8147548	4.703192
8147564	3.479147
8147566	4.932404
8147573	5.301332
8147580	8.171946
8147650	5.932296
8147652	1.7978
8147654	7.082118
8147661	7.267073
8147683	5.03662
8147687	3.703449
8147689	4.913075
8147691	3.265902
8147693	5.237385
8147697	6.351646
8147715	3.20573
8147717	4.175694
8147721	6.061735
8147724	9.688606
8147742	5.591554
8147744	3.74335
8147746	4.119243
8147748	2.215344
8147750	3.093978
8147752	3.459385
8147754	1.922495
8147756	5.792436
8147766	6.488318
8147777	5.637048
8147785	7.113659
8147796	4.430138
8147828	2.315198
8147830	3.637028
8147837	4.180241
8147848	7.744259
8147862	3.869204
8147864	7.709234
8147877	3.988204
8147883	6.524117
8147891	3.201877
8147970	5.389419
8147986	2.55053
8147988	2.885067
8147990	6.426472
8147992	3.914571
8147994	5.554213
8148000	5.610169
8148003	3.777679
8148018	4.826375
8148020	5.258843
8148022	5.080854
8148029	4.852969
8148040	10.24083
8148047	2.363996
8148049	6.53481
8148057	12.46971
8148059	5.947131
8148070	4.318446
8148124	3.378289
8148147	4.21419
8148149	8.171718
8148156	1.99961
8148158	4.808885
8148184	9.261708
8148196	6.378249
8148198	5.120236
8148206	2.178857
8148208	9.591759
8148220	5.35642
8148261	3.198432
8148263	5.506248
8148265	7.400499
8148270	7.356786
8148276	4.354259
8148280	6.666343
8148293	7.479569
8148302	5.521463
8148304	11.94978
8148309	2.570091
8148313	3.326233
8148315	6.152581
8148317	6.048171
8148325	5.701769
8148327	5.02789
8148329	6.514492
8148331	2.313776
8148333	8.772282
8148358	8.794685
8148385	6.959466
8148435	5.384178
8148446	1.914616
8148448	6.319612
8148463	4.815221
8148465	4.722479
8148467	6.829043
8148474	5.1476
8148476	9.46246
8148501	7.238305
8148512	6.945793
8148515	3.556417
8148517	5.372347
8148548	10.12212
8148553	6.275678
8148559	6.806566
8148565	3.471903
8148572	8.958697
8148580	4.693436
8148591	6.601794
8148597	5.750506
8148607	6.856202
8148615	6.325228
8148619	4.871576
8148621	6.178368
8148640	6.440618
8148642	7.086235
8148655	6.926343
8148658	5.740169
8148662	6.016026
8148671	5.387245
8148674	7.362549
8148692	5.690927
8148694	8.955379
8148703	6.647527
8148710	7.359555
8148715	7.349092
8148728	7.93434
8148737	7.143901
8148748	5.687547
8148772	7.27675
8148783	7.980537
8148796	6.10769
8148799	6.578259
8148808	6.48507
8148821	6.10769
8148824	7.315022
8148841	7.172209
8148850	6.768222
8148867	6.938331
8148888	7.053259
8148902	6.223821
8148917	6.289597
8148923	6.086651
8148930	7.269156
8148932	5.889337
8148941	6.199269
8148949	5.178521
8148951	6.021945
8148955	7.19011
8148962	7.880676
8148964	9.28674
8148966	4.544383
8148968	5.274623
8148973	6.125442
8148978	8.916377
8148982	5.777308
8148985	7.965093
8148992	4.639811
8149065	4.208749
8149067	3.305197
8149071	4.226216
8149084	3.291861
8149086	4.46556
8149097	4.648487
8149104	4.42768
8149109	4.22372
8149116	6.246172
8149122	6.056657
8149126	6.246172
8149132	6.056657
8149137	6.246172
8149142	4.355972
8149146	5.855864
8149148	6.637524
8149151	6.504707
8149153	6.342635
8149157	6.342635
8149161	6.396047
8149165	6.463391
8149167	6.463391
8149169	5.478675
8149172	4.376716
8149180	3.678948
8149192	4.272042
8149195	2.487599
8149200	5.153587
8149204	5.842784
8149208	6.76842
8149210	6.396047
8149214	6.504707
8149216	6.353908
8149218	6.356003
8149220	6.356003
8149222	6.356003
8149224	6.356003
8149226	6.356003
8149228	6.495055
8149230	2.774548
8149235	3.842669
8149239	2.880261
8149241	5.473683
8149243	5.602015
8149245	3.019036
8149248	7.457086
8149250	6.766323
8149258	6.364489
8149262	2.451935
8149264	8.241988
8149269	2.758823
8149271	4.438541
8149273	4.900599
8149275	4.185783
8149277	3.690207
8149279	4.655187
8149281	3.340696
8149283	5.379801
8149289	6.933442
8149296	4.674214
8149307	5.47287
8149315	6.355896
8149318	2.513744
8149320	4.389575
8149322	2.741689
8149324	5.09719
8149330	11.12212
8149345	6.946411
8149347	3.422425
8149350	4.166546
8149353	2.82135
8149356	5.541717
8149358	4.647579
8149361	5.745864
8149365	5.732077
8149377	2.82135
8149380	3.807902
8149383	5.749513
8149387	4.837531
8149389	6.126712
8149396	2.830146
8149399	8.682101
8149413	4.248744
8149438	3.512814
8149448	4.911545
8149465	5.827778
8149475	7.423915
8149485	4.091662
8149500	7.666155
8149521	2.634832
8149534	11.41275
8149551	5.750788
8149555	7.400043
8149574	7.009704
8149590	6.534624
8149592	4.931748
8149612	6.2107
8149625	3.243125
8149627	2.097853
8149629	5.021751
8149638	6.362437
8149646	6.79716
8149652	6.727775
8149673	7.198294
8149685	5.227621
8149699	5.917008
8149705	8.469209
8149707	7.822614
8149718	6.879672
8149720	9.424914
8149725	5.633395
8149733	8.796667
8149749	9.115351
8149762	6.885975
8149774	5.908961
8149793	8.798831
8149809	7.085567
8149811	7.248953
8149820	6.773999
8149823	3.637151
8149825	4.545107
8149833	5.862378
8149835	5.060505
8149847	6.961646
8149849	5.788759
8149857	7.413505
8149865	4.365642
8149877	4.694995
8149885	4.222942
8149898	5.28904
8149907	6.45233
8149918	5.919111
8149927	6.420092
8149942	5.069902
8149953	3.4641
8149955	2.940938
8149966	5.866466
8149979	4.677715
8149986	6.713648
8150002	3.835235
8150014	6.576233
8150032	4.919952
8150034	5.666574
8150036	8.188593
8150076	8.736062
8150089	9.99856
8150099	4.005897
8150101	4.10949
8150103	6.854686
8150112	9.458912
8150126	7.467563
8150138	3.388776
8150143	3.800999
8150149	4.799392
8150153	3.527933
8150155	2.358311
8150157	2.073856
8150159	2.470283
8150161	2.363067
8150163	2.469571
8150165	6.035851
8150175	5.986701
8150186	7.72368
8150195	4.776711
8150197	5.332696
8150204	5.931857
8150206	7.407079
8150210	2.898964
8150212	2.460948
8150214	7.177371
8150217	6.44901
8150219	5.848618
8150225	8.090612
8150244	5.215405
8150249	5.363097
8150253	5.385264
8150266	6.573764
8150274	4.83054
8150276	6.950054
8150287	7.96687
8150318	5.831904
8150352	4.23397
8150356	6.408107
8150364	7.429437
8150373	3.375465
8150375	2.673743
8150395	2.962497
8150419	4.583644
8150428	5.668707
8150433	7.269281
8150439	5.286911
8150489	7.13817
8150491	8.963004
8150509	8.545797
8150529	5.6429
8150537	7.737124
8150550	3.733484
8150559	6.611673
8150565	7.177146
8150576	3.421374
8150578	5.553253
8150580	2.819752
8150582	2.102742
8150584	2.634078
8150586	3.446215
8150588	2.798085
8150590	4.431078
8150592	8.623013
8150599	8.375637
8150685	4.322694
8150687	3.834723
8150689	9.50603
8150691	2.78738
8150698	4.060248
8150704	4.284271
8150714	9.743455
8150722	3.107496
8150751	4.92449
8150757	8.335093
8150785	4.597094
8150797	8.759304
8150818	8.15575
8150830	9.192368
8150842	5.304437
8150844	5.283133
8150846	5.385798
8150860	6.290936
8150862	5.763592
8150864	6.436145
8150866	5.316437
8150868	4.693105
8150870	8.167035
8150872	8.63584
8150877	6.930412
8150879	4.764504
8150881	5.62886
8150889	5.640822
8150901	4.998217
8150906	5.728722
8150908	7.031048
8150918	4.003205
8150920	3.329011
8150928	7.105428
8150960	8.161448
8150962	4.612355
8150974	2.25248
8150976	2.86105
8150978	4.001205
8150988	7.785185
8151032	4.31877
8151042	4.156383
8151052	3.974287
8151054	5.082054
8151056	5.479384
8151066	5.468962
8151074	7.701125
8151090	4.203548
8151092	4.174812
8151099	3.636696
8151101	3.549419
8151118	8.427894
8151123	4.268364
8151125	7.569429
8151127	2.283569
8151136	6.12928
8151149	7.962892
8151191	4.108637
8151205	2.390009
8151207	2.601151
8151209	7.314476
8151211	2.170432
8151215	2.675126
8151217	1.871668
8151219	3.713432
8151223	4.922446
8151234	4.58572
8151236	4.318962
8151238	5.088772
8151240	4.837587
8151250	3.143987
8151252	5.2093
8151254	8.904981
8151281	9.425136
8151296	4.992214
8151306	4.243557
8151310	4.696673
8151332	2.042281
8151334	5.232377
8151341	3.298429
8151367	2.788661
8151369	5.932625
8151376	8.289678
8151384	7.188372
8151401	10.20774
8151411	9.371949
8151413	6.528989
8151421	3.036553
8151423	6.166668
8151430	2.374195
8151432	4.196166
8151436	5.890363
8151445	2.110753
8151447	4.527808
8151457	5.345131
8151471	3.549393
8151475	6.06496
8151490	2.255204
8151494	4.640504
8151496	5.725854
8151508	2.572667
8151510	3.89016
8151512	9.063421
8151525	3.459346
8151532	5.690472
8151540	9.301703
8151542	2.440864
8151547	4.046466
8151549	7.209101
8151559	3.49435
8151561	6.071989
8151572	6.065636
8151583	2.473135
8151585	2.267571
8151587	4.054344
8151592	3.946029
8151603	6.865491
8151605	6.699091
8151607	6.865491
8151609	6.353521
8151613	6.699091
8151615	6.090586
8151617	6.699091
8151619	6.959576
8151621	6.699091
8151623	6.865491
8151625	6.699091
8151627	5.995674
8151629	6.329239
8151631	5.94688
8151633	4.795429
8151637	2.559796
8151644	5.118734
8151657	2.38212
8151659	3.7759
8151679	4.485948
8151684	2.950999
8151686	3.587772
8151707	2.62708
8151709	6.356465
8151711	10.66281
8151730	5.637574
8151743	5.733998
8151745	4.63668
8151747	7.03009
8151756	7.428607
8151764	4.770068
8151766	2.991905
8151768	4.466844
8151784	6.899646
8151788	6.698711
8151795	3.567546
8151816	5.904555
8151824	3.86024
8151842	6.120979
8151869	4.566725
8151871	4.405559
8151888	2.423239
8151890	8.36879
8151898	4.23702
8151906	5.565301
8151909	5.108534
8151917	3.722654
8151927	2.670063
8151929	4.833113
8151931	5.724905
8151935	9.252287
8151942	5.050545
8151952	7.482206
8151967	7.878304
8151987	4.63996
8151991	4.857964
8151993	6.99219
8151999	2.996756
8152031	3.462571
8152041	8.968026
8152053	5.803892
8152062	5.905214
8152079	11.80727
8152090	2.840636
8152092	4.345478
8152096	11.20834
8152111	6.488158
8152115	5.01065
8152117	5.123136
8152119	4.932082
8152131	2.303512
8152133	7.479117
8152148	8.405121
8152211	4.782341
8152213	2.428588
8152215	11.81002
8152222	11.00893
8152240	4.934752
8152242	2.657983
8152244	2.332183
8152246	2.278246
8152248	2.38619
8152250	1.954095
8152252	4.998466
8152255	7.610576
8152264	4.570964
8152278	2.374892
8152280	4.325946
8152289	4.073606
8152291	5.059784
8152297	4.140661
8152314	4.780774
8152323	6.365918
8152333	9.57009
8152335	4.687487
8152340	5.808939
8152355	5.497694
8152369	5.754948
8152374	2.301147
8152376	3.575973
8152451	2.092718
8152453	6.952324
8152463	4.582106
8152465	8.182898
8152477	8.840406
8152491	7.603755
8152506	6.491735
8152512	4.679904
8152522	6.415145
8152551	3.326343
8152553	6.990919
8152582	3.368133
8152595	3.783914
8152597	3.26369
8152606	7.017783
8152617	5.775276
8152628	7.763813
8152640	2.971581
8152642	5.330553
8152648	6.221424
8152656	6.392839
8152664	3.926768
8152666	4.091604
8152668	5.82945
8152703	9.551421
8152715	5.120775
8152719	4.069466
8152734	3.376295
8152742	3.949717
8152750	6.797922
8152759	5.632486
8152764	6.930275
8152782	7.507335
8152812	6.720752
8152815	4.665492
8152821	3.285396
8152828	5.755348
8152845	10.12721
8152863	7.788581
8152865	9.065349
8152867	8.716021
8152900	4.829652
8152902	5.040079
8152922	2.064497
8152924	5.539899
8152938	4.686526
8152946	5.799643
8152962	6.734891
8152976	10.09389
8152988	9.61189
8153002	9.670937
8153021	7.483147
8153035	2.505438
8153037	3.578169
8153039	3.137764
8153041	4.628623
8153043	5.82689
8153065	2.933642
8153067	3.694712
8153069	2.806881
8153071	3.686319
8153101	6.824069
8153167	4.836632
8153175	7.756767
8153201	8.938073
8153223	8.153726
8153258	7.98733
8153262	8.956482
8153269	6.093069
8153273	5.311344
8153304	6.626365
8153322	7.383707
8153328	6.897772
8153334	7.124044
8153336	6.75464
8153342	9.679925
8153346	7.459169
8153359	7.063429
8153363	5.731252
8153373	5.446195
8153380	6.873863
8153390	6.088535
8153405	5.612507
8153409	7.04134
8153411	7.602908
8153424	7.228222
8153426	7.945583
8153430	7.740921
8153449	9.605577
8153457	7.370623
8153459	6.353113
8153474	6.841516
8153486	6.058239
8153488	7.093335
8153497	6.605983
8153536	8.016147
8153550	6.36423
8153568	7.8879
8153609	7.13748
8153625	6.537501
8153652	7.516539
8153664	6.834487
8153678	7.465845
8153684	8.718597
8153704	5.592162
8153709	5.769032
8153727	7.062807
8153762	7.38674
8153776	7.300282
8153790	6.055426
8153819	8.616816
8153823	7.012799
8153828	6.352942
8153835	5.364064
8153838	6.2455
8153862	7.49046
8153868	7.115574
8153876	5.841874
8153890	6.263159
8153896	5.188029
8153903	10.03152
8153911	7.132163
8153920	6.885402
8153930	5.320159
8153935	4.86139
8153937	6.770684
8153939	8.718597
8153959	9.838404
8154012	6.687036
8154034	4.84681
8154043	5.285833
8154047	3.4084
8154057	2.584291
8154059	7.640344
8154100	6.311477
8154124	4.666924
8154128	2.787225
8154130	4.214756
8154132	5.080268
8154135	5.345921
8154151	6.034219
8154153	6.604145
8154163	6.100523
8154176	2.318658
8154178	7.905066
8154207	5.60497
8154209	5.329438
8154211	4.353674
8154213	2.124377
8154215	2.27924
8154217	3.049639
8154219	2.676862
8154221	2.538868
8154223	2.604005
8154225	5.082054
8154227	6.425669
8154229	3.185426
8154233	10.41527
8154245	6.658276
8154254	7.541853
8154283	3.694295
8154285	4.356243
8154295	2.550483
8154305	9.840528
8154307	3.354501
8154316	6.57735
8154333	7.061376
8154357	8.743811
8154359	7.677166
8154363	8.19808
8154367	3.771607
8154379	2.956929
8154381	7.098315
8154386	3.955635
8154388	8.428887
8154392	4.127776
8154394	7.178416
8154414	2.287271
8154416	4.343185
8154447	5.138399
8154449	4.627647
8154476	6.253376
8154491	4.191809
8154510	3.058451
8154512	5.188139
8154523	6.495283
8154527	5.776512
8154529	2.483145
8154531	7.52718
8154563	9.270658
8154574	6.037393
8154620	6.231214
8154622	4.142653
8154627	4.072666
8154635	6.035382
8154654	5.950432
8154656	6.602719
8154660	3.471417
8154662	4.038053
8154666	4.216186
8154668	2.594364
8154670	3.610895
8154692	4.825891
8154719	2.898166
8154721	2.933609
8154725	10.06758
8154727	8.78554
8154729	5.452306
8154731	5.235583
8154733	7.271803
8154758	3.659387
8154760	6.172215
8154763	4.672036
8154765	10.46749
8154777	2.846476
8154779	4.509909
8154785	8.550984
8154793	7.526146
8154823	4.570629
8154836	10.76271
8154838	6.253569
8154841	5.314414
8154844	2.950034
8154846	3.575897
8154848	7.768936
8154856	8.596718
8154866	5.436573
8154868	7.648911
8154870	5.763927
8154872	10.4736
8154885	6.43352
8154892	4.832952
8154914	2.877316
8154916	5.768912
8154934	6.210226
8154951	13.0411
8154953	5.251233
8154962	5.986565
8154973	4.580129
8154979	4.372815
8154981	6.791789
8155024	4.840508
8155026	3.218707
8155048	7.126699
8155062	7.494623
8155073	6.809103
8155081	4.885519
8155083	6.276471
8155096	6.776279
8155110	6.412996
8155121	5.812459
8155148	6.521411
8155167	6.066259
8155169	4.688623
8155192	9.945831
8155200	6.185987
8155203	7.321763
8155214	4.449685
8155234	6.292317
8155246	6.656171
8155248	3.016921
8155250	6.354554
8155265	3.31442
8155268	5.990377
8155284	4.547765
8155301	5.33496
8155312	6.414884
8155323	4.98842
8155325	2.814688
8155327	5.327425
8155332	6.44858
8155336	4.004201
8155338	5.161598
8155340	4.864608
8155345	5.369649
8155349	4.806447
8155354	4.506135
8155359	7.216016
8155369	5.161598
8155371	4.997687
8155376	4.601431
8155383	4.914087
8155388	4.803302
8155393	5.856315
8155397	5.148739
8155414	4.132388
8155418	4.919184
8155422	7.603854
8155440	5.812895
8155442	7.056351
8155451	4.616286
8155453	4.493076
8155455	5.352235
8155458	5.955473
8155460	7.209724
8155487	3.447437
8155490	7.046113
8155493	3.17769
8155497	7.051777
8155501	6.362077
8155503	4.407878
8155508	3.401628
8155510	7.095471
8155514	5.931596
8155516	4.435192
8155519	3.17769
8155521	6.668918
8155525	4.594394
8155528	2.744305
8155530	4.498611
8155537	6.246601
8155540	7.251811
8155547	7.626205
8155550	5.948525
8155554	6.924685
8155563	5.967822
8155567	3.17769
8155569	6.518167
8155572	6.380025
8155574	5.19105
8155591	4.14916
8155596	4.451384
8155598	4.893118
8155600	4.893118
8155602	4.654088
8155627	4.964272
8155630	6.224133
8155634	1.839559
8155636	7.718884
8155661	6.192936
8155665	4.527133
8155673	6.425239
8155696	6.887671
8155699	5.959096
8155707	9.941092
8155734	5.823533
8155747	3.174011
8155754	4.51947
8155770	7.559394
8155794	5.767749
8155802	6.218848
8155824	4.781607
8155847	3.316382
8155849	12.46373
8155864	4.308362
8155877	4.366635
8155881	2.016192
8155883	9.777238
8155896	3.131063
8155898	6.352866
8155930	5.816048
8155942	7.863745
8155944	4.153473
8155946	6.194011
8156022	4.332715
8156024	3.266162
8156026	4.528442
8156043	6.566258
8156052	2.64007
8156054	3.38087
8156056	3.152901
8156058	5.806851
8156060	8.262317
8156082	3.861126
8156084	3.146715
8156086	2.599499
8156088	5.42263
8156090	3.197682
8156098	3.492443
8156103	4.012585
8156112	6.337024
8156116	5.052142
8156126	5.757787
8156132	4.541797
8156134	4.188757
8156160	6.40579
8156164	7.644105
8156167	7.346542
8156192	3.653288
8156194	5.344022
8156196	6.042397
8156199	9.105668
8156228	9.261328
8156240	4.30748
8156247	4.948153
8156253	4.048199
8156257	5.202281
8156261	2.148527
8156263	7.515869
8156274	5.416309
8156278	5.654631
8156290	10.01679
8156295	8.266063
8156309	7.148941
8156319	7.384593
8156321	8.796787
8156337	2.253412
8156339	3.738709
8156341	4.71709
8156354	2.185829
8156356	2.166229
8156358	6.761228
8156360	3.678617
8156371	4.75856
8156373	8.142407
8156393	5.473789
8156404	7.677722
8156415	5.705784
8156450	2.215344
8156452	7.725355
8156476	6.881414
8156506	5.714545
8156519	4.929692
8156521	6.204906
8156523	6.883727
8156525	2.565161
8156529	5.380681
8156538	8.967531
8156547	4.088002
8156549	5.924773
8156569	7.009746
8156571	4.499325
8156573	4.041182
8156575	7.698709
8156577	5.510166
8156581	5.451378
8156599	6.241147
8156601	6.352173
8156604	5.775366
8156610	5.847143
8156620	6.307009
8156633	5.200248
8156688	6.867342
8156706	5.759928
8156718	7.357755
8156743	6.468909
8156748	4.240823
8156750	6.237622
8156759	2.992293
8156761	7.764318
8156770	6.248909
8156783	5.91189
8156826	8.523046
8156838	8.610926
8156846	7.821523
8156848	10.37796
8156861	6.537997
8156873	5.388014
8156895	4.793416
8156897	6.718461
8156905	4.571195
8156919	4.336895
8156923	5.018809
8156935	5.639434
8156945	6.760841
8156969	2.728825
8156971	2.953026
8156982	4.355863
8157012	4.954053
8157014	2.916929
8157016	2.956924
8157018	3.772364
8157021	5.791968
8157027	3.283274
8157036	4.367402
8157038	7.567045
8157058	3.476039
8157074	4.916986
8157090	3.895018
8157092	6.62204
8157101	5.967731
8157103	5.896539
8157105	5.535462
8157123	2.96617
8157125	8.063444
8157139	6.523042
8157141	3.997285
8157144	6.030409
8157151	5.132617
8157153	5.289364
8157173	3.839716
8157189	3.022261
8157191	3.758865
8157193	3.338961
8157203	8.001587
8157214	7.417738
8157216	9.074348
8157227	3.051465
8157229	2.655619
8157231	4.330232
8157233	8.565429
8157246	6.099617
8157253	7.021239
8157264	8.700997
8157270	8.111473
8157281	5.40318
8157283	7.760694
8157300	7.035245
8157308	4.27781
8157324	6.482105
8157362	5.664013
8157381	4.774209
8157383	6.813171
8157444	2.952314
8157446	7.775197
8157450	4.415896
8157454	9.408217
8157463	6.582202
8157477	3.864771
8157487	4.620575
8157516	5.623902
8157520	2.916658
8157524	10.71721
8157534	5.265537
8157580	3.147152
8157582	8.769604
8157608	2.706709
8157610	6.233285
8157632	3.993985
8157638	6.097625
8157650	5.80975
8157668	2.560981
8157671	3.6671
8157674	4.097351
8157677	2.91286
8157679	3.326865
8157681	2.388207
8157684	3.645114
8157686	3.724695
8157688	3.21857
8157691	6.760057
8157696	6.102748
8157698	5.053229
8157700	8.632039
8157727	5.970115
8157729	3.636115
8157731	6.080469
8157751	5.765641
8157761	7.477999
8157777	5.957967
8157798	5.866458
8157800	4.435871
8157802	3.558748
8157804	6.894845
8157818	6.604044
8157828	6.256776
8157839	4.076855
8157843	5.183779
8157858	7.754881
8157890	5.975225
8157905	5.472281
8157922	6.203835
8157933	7.980243
8157939	11.63612
8157941	7.190474
8157945	8.018531
8157947	6.57506
8157949	6.983315
8157976	5.906707
8158009	6.457645
8158022	6.019681
8158028	5.54063
8158057	4.493076
8158059	5.384067
8158081	5.247794
8158094	5.875734
8158112	8.187988
8158123	6.45166
8158145	7.546513
8158147	6.648438
8158164	4.358529
8158167	12.12474
8158177	7.188619
8158183	6.302577
8158204	5.306584
8158212	6.119555
8158214	6.817947
8158224	6.839403
8158240	9.932327
8158242	6.05992
8158250	5.633242
8158269	6.798306
8158298	6.867249
8158317	9.017595
8158372	8.105755
8158380	5.810256
8158404	2.306471
8158406	6.703905
8158418	7.029495
8158424	7.813192
8158431	5.617711
8158446	6.804385
8158492	6.796326
8158513	6.608622
8158523	7.929581
8158539	5.865998
8158542	5.629708
8158544	7.055904
8158554	7.016488
8158560	8.620524
8158568	6.390117
8158597	7.31458
8158625	6.618168
8158627	4.882235
8158637	5.684935
8158666	6.184059
8158671	10.38525
8158684	9.071781
8158686	7.349109
8158708	6.321794
8158714	6.316805
8158725	6.532611
8158739	6.317466
8158771	9.087795
8158783	8.62871
8158823	5.076097
8158825	6.401207
8158829	7.940722
8158839	7.420991
8158862	5.437778
8158864	5.437778
8158866	7.085479
8158890	7.072652
8158902	4.712199
8158912	6.024207
8158918	6.087625
8158928	2.42291
8158930	5.486651
8158939	5.657038
8158952	12.71997
8158961	6.622951
8158976	5.447134
8158987	6.446994
8158991	2.929902
8158993	2.904646
8158995	5.075852
8158998	5.021883
8159004	5.965149
8159006	3.778254
8159008	6.914025
8159017	6.237526
8159036	5.888781
8159078	7.258168
8159086	6.279604
8159096	6.12119
8159109	4.978378
8159111	6.084646
8159127	8.557368
8159142	6.123177
8159211	7.952168
8159220	4.722953
8159235	4.544466
8159239	6.427205
8159243	6.470966
8159249	6.28267
8159255	7.38952
8159259	6.05802
8159265	6.019753
8159275	4.400821
8159283	5.26161
8159318	7.138198
8159337	6.679852
8159350	5.20742
8159354	7.323688
8159371	3.551451
8159373	6.753095
8159379	5.861633
8159385	5.569314
8159415	7.638325
8159439	5.249786
8159441	6.712081
8159448	6.704317
8159476	6.84461
8159491	7.090625
8159501	6.407218
8159519	7.746592
8159521	6.345309
8159531	6.580333
8159541	7.053315
8159549	5.743517
8159554	6.985296
8159566	6.722541
8159581	3.395279
8159583	5.298257
8159609	6.741057
8159616	7.314146
8159624	8.067536
8159627	5.637434
8159642	10.91566
8159646	6.477799
8159654	7.214547
8159667	6.712048
8159670	7.218565
8159687	7.214307
8159692	8.725142
8159702	7.268525
8159732	6.883672
8159734	5.746108
8159786	7.722918
8159790	7.484378
8159803	4.23145
8159808	5.685007
8159815	7.580601
8159838	4.866767
8159846	3.268241
8159850	3.646769
8159854	5.648438
8159873	5.025823
8159876	5.496356
8159900	5.675212
8159917	2.384758
8159919	5.019946
8159945	7.904728
8159959	3.048477
8159961	4.354102
8159963	2.890044
8159965	4.253104
8159967	2.604391
8159969	2.679887
8159971	3.982594
8159977	3.306705
8159981	4.910548
8159984	4.712045
8159992	8.764106
8160011	7.553648
8160016	6.336961
8160020	3.338608
8160024	6.212145
8160033	6.549592
8160036	5.225914
8160040	4.160066
8160086	5.937978
8160088	4.944561
8160138	5.50324
8160151	6.840126
8160163	4.322982
8160168	4.559916
8160213	5.627239
8160236	2.604675
8160238	3.747392
8160256	3.836963
8160258	4.267883
8160260	3.891537
8160274	3.265443
8160276	4.779043
8160278	4.622911
8160284	5.777609
8160295	5.698127
8160297	9.714401
8160308	9.633282
8160317	4.754554
8160319	3.462345
8160321	4.172082
8160332	5.341944
8160346	7.275135
8160360	2.830146
8160365	3.938985
8160371	2.203293
8160377	2.939992
8160383	2.840786
8160389	3.519017
8160392	2.528598
8160394	3.612458
8160401	4.232068
8160405	6.464833
8160417	3.993196
8160419	4.367073
8160422	3.190405
8160431	5.595132
8160435	3.652648
8160439	4.793253
8160441	6.889601
8160452	9.04919
8160459	3.19804
8160472	6.379713
8160478	5.542428
8160487	7.293285
8160504	2.481454
8160511	3.477245
8160521	6.662698
8160531	10.37083
8160546	3.214464
8160555	2.728121
8160557	9.356469
8160559	8.673791
8160581	6.475607
8160587	5.053961
8160597	5.255803
8160602	5.766626
8160622	8.754116
8160637	10.55783
8160647	7.559194
8160661	2.192384
8160663	6.484591
8160670	8.332012
8160682	5.819046
8160712	2.54713
8160718	9.351184
8160722	7.978433
8160756	9.106845
8160767	2.698045
8160769	6.828143
8160771	3.956814
8160782	7.824992
8160786	5.974635
8160792	5.599844
8160803	3.116825
8160805	6.042531
8160816	5.874197
8160823	5.910047
8160835	5.767885
8160839	7.437824
8160849	5.231282
8160857	6.919525
8160870	6.383906
8160879	5.512553
8160889	6.137223
8160898	4.900121
8160900	4.613344
8160906	3.238277
8160912	6.802895
8160914	9.394281
8160935	5.803726
8160953	6.964293
8160968	6.946897
8160981	7.53633
8161000	4.47297
8161004	5.40967
8161017	4.658167
8161024	10.57576
8161026	5.235075
8161044	5.10958
8161056	9.697757
8161114	7.530428
8161133	5.071944
8161147	5.726391
8161154	4.63407
8161164	5.282248
8161166	5.926992
8161169	9.121201
8161171	3.344721
8161174	8.432694
8161190	4.803291
8161192	7.544008
8161211	5.216051
8161224	5.871123
8161229	6.369549
8161238	6.504109
8161240	3.530064
8161242	5.973301
8161249	5.372816
8161255	7.152014
8161265	7.166835
8161270	5.501127
8161288	7.453924
8161319	4.595513
8161326	4.697673
8161337	4.423472
8161341	4.989389
8161346	4.518027
8161353	6.192112
8161362	4.671746
8161368	4.594394
8161371	4.421637
8161373	4.775908
8161375	4.493076
8161377	6.224133
8161381	4.964272
8161384	4.132388
8161388	5.148739
8161405	2.527366
8161407	4.666518
8161409	4.843402
8161415	4.329047
8161418	4.811591
8161423	3.447437
8161426	6.518167
8161429	3.17769
8161431	5.556576
8161433	7.017608
8161437	6.518167
8161440	3.17769
8161442	7.515563
8161444	2.332618
8161446	5.959801
8161451	5.856315
8161455	3.447437
8161458	5.375591
8161460	7.251811
8161467	4.558696
8161471	4.910731
8161476	8.049868
8161478	5.020291
8161482	2.769719
8161484	6.015315
8161488	7.031944
8161499	6.005164
8161503	7.070257
8161507	2.814421
8161509	8.391186
8161513	5.50954
8161520	5.412398
8161526	4.345807
8161533	5.64853
8161537	7.64772
8161554	4.775908
8161556	4.616286
8161558	7.266525
8161563	5.673791
8161566	2.769719
8161568	5.507321
8161571	5.937302
8161575	7.097888
8161580	5.668232
8161583	5.812895
8161587	7.765046
8161610	5.62066
8161615	5.752005
8161618	5.854627
8161632	7.823509
8161642	5.872876
8161646	2.043069
8161648	6.938291
8161654	4.691844
8161693	5.193594
8161695	3.357079
8161697	4.941197
8161701	9.320853
8161727	7.605238
8161737	6.658389
8161739	4.721778
8161745	6.061901
8161747	10.98015
8161755	6.44091
8161774	6.420145
8161824	6.918874
8161829	6.20196
8161839	6.277446
8161852	3.677866
8161854	2.906932
8161857	7.195027
8161863	2.664317
8161865	4.166857
8161884	3.207469
8161892	6.569905
8161904	2.338267
8161906	10.34134
8161913	3.599472
8161915	2.892171
8161917	1.744901
8161919	6.456175
8161938	4.173562
8161943	6.218848
8161945	6.708493
8161964	6.423043
8161986	2.539206
8161988	8.527837
8162006	3.297922
8162019	6.189904
8162039	6.230145
8162047	10.65057
8162059	5.505579
8162080	2.593283
8162082	5.222884
8162084	5.480871
8162086	8.494733
8162117	9.190819
8162132	3.697219
8162140	6.649331
8162142	7.339216
8162147	9.893293
8162179	6.004356
8162183	4.083135
8162187	4.661191
8162191	5.892342
8162194	5.126195
8162214	5.36943
8162216	6.111765
8162231	7.07565
8162236	8.602451
8162247	7.305176
8162249	3.781185
8162254	5.501624
8162260	5.839758
8162264	7.658486
8162276	10.05031
8162283	5.476236
8162294	7.754918
8162311	4.068224
8162313	7.59695
8162352	5.907461
8162373	3.153189
8162388	2.404508
8162394	2.965985
8162404	3.703007
8162419	1.942254
8162421	6.860381
8162438	6.867592
8162449	5.745418
8162455	10.59155
8162462	9.626275
8162466	7.021001
8162470	3.335728
8162472	6.576372
8162479	6.035505
8162490	4.429258
8162492	3.801063
8162502	8.673983
8162514	4.476974
8162529	6.599277
8162531	9.945314
8162533	4.920345
8162562	5.521782
8162568	5.072492
8162570	4.20804
8162584	2.676967
8162586	6.219131
8162601	4.16729
8162610	5.831754
8162624	4.933814
8162631	4.863407
8162639	4.805789
8162645	9.55611
8162652	5.943666
8162664	5.921362
8162667	5.988947
8162669	4.947689
8162674	4.727933
8162676	5.536958
8162696	6.724763
8162706	6.26734
8162719	3.615522
8162729	7.146058
8162744	7.682014
8162759	8.022704
8162777	5.365928
8162803	5.794096
8162823	5.085176
8162825	6.378639
8162827	6.730757
8162833	8.986693
8162848	4.737386
8162850	6.849234
8162868	6.98369
8162870	3.228724
8162880	6.10461
8162884	5.441126
8162902	4.985765
8162908	3.41517
8162920	5.275012
8162927	1.873814
8162929	2.498311
8162931	3.096246
8162934	4.049722
8162936	2.760969
8162938	3.417828
8162940	9.765351
8162996	2.485501
8162998	5.942503
8163000	6.826954
8163002	8.96971
8163011	2.420184
8163013	6.89048
8163015	6.930043
8163017	4.291908
8163019	6.370577
8163023	6.879979
8163063	5.230509
8163084	3.688699
8163086	7.143169
8163105	3.594182
8163107	4.736693
8163109	4.958365
8163116	5.600099
8163147	5.425415
8163149	8.77602
8163181	3.995471
8163185	9.565645
8163193	3.041997
8163202	4.212251
8163253	2.877257
8163255	2.721784
8163257	5.953401
8163271	6.558351
8163273	3.393679
8163275	7.988419
8163326	5.847509
8163328	9.051015
8163341	3.442555
8163348	3.116117
8163381	2.523075
8163383	6.820682
8163402	9.867202
8163424	7.266224
8163426	7.170406
8163428	7.278899
8163437	6.377233
8163444	3.214817
8163452	7.930473
8163481	8.00116
8163485	6.432221
8163491	5.805534
8163505	6.63133
8163509	6.376342
8163525	5.976462
8163533	6.933674
8163535	5.61424
8163548	6.410404
8163569	7.331833
8163599	6.206138
8163614	2.451661
8163616	2.689665
8163618	7.149393
8163629	6.799543
8163637	4.416991
8163666	3.586596
8163672	3.830201
8163678	5.602727
8163710	5.651062
8163712	3.089592
8163714	9.894267
8163716	4.282062
8163729	6.790826
8163731	9.51645
8163733	6.037466
8163775	8.469154
8163784	7.770851
8163795	6.686022
8163807	6.454456
8163825	9.760603
8163839	3.411936
8163882	8.680021
8163892	5.155283
8163896	8.356512
8163908	4.143116
8163916	5.967204
8163930	6.017859
8163936	6.777932
8163948	6.987049
8163956	2.716005
8163958	4.671919
8163960	5.376655
8163962	5.342846
8163964	6.016451
8163972	7.641603
8163999	6.930433
8164002	5.734384
8164008	5.68517
8164013	6.030941
8164034	7.237792
8164060	11.56855
8164062	5.686037
8164067	7.714232
8164077	5.865769
8164087	6.796244
8164100	7.571082
8164105	6.559537
8164129	4.176244
8164131	5.692042
8164153	5.486998
8164155	9.075649
8164165	10.96689
8164177	7.806077
8164194	4.204894
8164196	4.539588
8164200	5.087625
8164210	6.10497
8164215	6.905968
8164217	10.75161
8164235	6.390282
8164243	6.360247
8164252	6.689732
8164269	7.2925
8164293	5.596285
8164304	7.315629
8164314	6.819932
8164328	5.745775
8164336	6.019985
8164343	8.568624
8164357	5.449204
8164362	7.810366
8164373	7.167185
8164396	3.17769
8164398	7.253928
8164426	5.64979
8164428	6.496784
8164438	5.242295
8164440	7.04125
8164452	6.954481
8164464	6.931851
8164481	6.862596
8164496	5.744455
8164515	6.338214
8164521	8.225779
8164535	6.458096
8164554	8.394487
8164560	5.671484
8164562	5.965286
8164572	6.20719
8164580	7.898768
8164587	7.069277
8164596	7.280834
8164607	8.193994
8164627	5.810246
8164630	7.126909
8164632	6.297204
8164644	5.708163
8164649	4.0772
8164653	6.675866
8164665	8.541586
8164692	6.26765
8164694	7.167241
8164696	9.217699
8164698	4.88117
8164701	8.854993
8164729	5.554997
8164742	5.896253
8164766	4.999698
8164781	7.04738
8164808	6.72469
8164810	9.266601
8164833	6.62585
8164843	6.463265
8164848	4.93637
8164853	6.565068
8164862	5.735477
8164870	6.531641
8164872	6.609044
8164883	8.735076
8164896	7.060824
8164907	5.433462
8164918	7.122433
8164931	5.916306
8164937	6.238319
8164940	6.420443
8164967	5.417066
8164995	7.090811
8165011	8.114547
8165021	6.866759
8165024	6.139585
8165032	3.926982
8165038	6.037883
8165046	6.93965
8165064	6.239838
8165077	7.146486
8165083	6.752764
8165094	5.86493
8165107	6.332456
8165131	6.42984
8165156	5.648315
8165171	6.329013
8165183	8.226284
8165217	8.446355
8165255	6.13873
8165258	7.973343
8165271	5.962873
8165277	6.676405
8165285	5.987704
8165295	4.76306
8165298	5.04515
8165309	8.234629
8165319	7.859373
8165334	7.584187
8165345	5.942158
8165398	5.97756
8165406	6.418334
8165416	6.412416
8165430	6.946555
8165438	8.024739
8165453	7.99536
8165458	6.349537
8165462	6.815795
8165478	5.90711
8165486	6.712971
8165492	6.250156
8165496	7.22178
8165498	4.547058
8165508	6.979718
8165512	6.655164
8165538	6.304317
8165552	5.822984
8165575	6.621161
8165610	5.59577
8165622	7.370679
8165630	5.480715
8165637	6.250156
8165639	8.335964
8165642	6.28704
8165644	11.68564
8165646	13.43916
8165648	11.09861
8165650	12.67734
8165653	13.16077
8165656	8.650293
8165658	8.725257
8165661	13.62552
8165663	3.351912
8165665	13.66937
8165667	8.067058
8165669	12.75321
8165672	5.62212
8165674	13.07714
8165676	12.99963
8165680	9.925314
8165682	10.0615
8165684	8.256574
8165686	13.36019
8165690	13.93051
8165692	6.816154
8165694	10.80187
8165696	11.01732
8165698	7.969051
8165700	9.438704
8165703	11.12181
8165705	11.08628
8165707	11.17255
8165709	10.73384
8165711	7.559497
8165723	4.374713
8165735	8.826035
8165752	7.123582
8165765	5.885785
8165773	6.427192
8165794	8.270948
8165808	5.918813
8165817	5.176177
8165833	4.700294
8165843	4.005192
8165856	2.597177
8165858	4.130207
8165860	1.845979
8165862	2.248333
8165864	2.615007
8165866	10.11712
8165881	5.532231
8165888	4.717257
8165890	5.458714
8165903	4.550788
8165905	3.254989
8165907	3.935215
8165911	7.449392
8165932	4.990823
8165934	6.054888
8165945	4.521111
8165947	7.374421
8165974	5.016856
8165993	3.093957
8165995	7.749828
8166006	4.823199
8166015	6.974724
8166028	4.955594
8166047	2.78218
8166049	6.587595
8166059	4.662673
8166065	7.51694
8166072	11.31497
8166079	4.353635
8166094	3.811471
8166096	4.161946
8166098	8.244255
8166104	7.334957
8166124	5.365424
8166127	3.821826
8166140	7.863106
8166157	3.825763
8166179	5.679161
8166182	3.926352
8166184	6.344092
8166195	6.700974
8166202	3.955368
8166211	4.802037
8166213	2.692782
8166219	9.718153
8166230	5.682772
8166243	8.770166
8166264	6.284282
8166266	6.113532
8166278	5.464701
8166289	8.022454
8166314	3.381296
8166335	7.200603
8166349	1.977518
8166351	4.536327
8166353	2.485698
8166355	4.998889
8166382	5.264521
8166398	5.466856
8166402	8.672274
8166408	4.248294
8166433	3.302378
8166438	3.626672
8166440	4.027715
8166442	8.224203
8166447	4.900832
8166455	5.535612
8166469	13.43184
8166481	3.085267
8166493	10.09627
8166498	2.744305
8166500	8.593389
8166509	4.276447
8166511	6.765102
8166525	5.298971
8166563	2.551319
8166565	3.993326
8166569	5.267753
8166571	4.762763
8166576	3.391727
8166580	6.448197
8166585	4.130131
8166587	3.97828
8166593	4.344309
8166607	4.943779
8166611	3.808168
8166613	5.271407
8166619	4.511261
8166630	5.572538
8166632	12.09706
8166657	4.383217
8166659	2.941674
8166661	5.950465
8166663	3.490678
8166665	5.663052
8166667	4.166533
8166669	4.810281
8166671	3.174293
8166690	3.650134
8166703	5.402423
8166705	5.698411
8166712	7.295074
8166714	4.921352
8166723	5.658101
8166730	10.51409
8166745	4.517638
8166747	5.994123
8166769	3.396306
8166784	5.037251
8166797	8.152265
8166805	9.611345
8166817	5.245757
8166819	6.360069
8166824	2.708578
8166826	9.474214
8166872	5.047038
8166876	11.97094
8166899	7.241606
8166906	2.899381
8166919	3.130891
8166925	6.903277
8166945	4.284755
8166948	7.834101
8166950	4.496626
8166956	8.560259
8166989	6.017716
8166997	2.560585
8166999	6.368295
8167006	8.745566
8167013	5.752399
8167027	3.686193
8167038	2.163074
8167040	5.718318
8167042	7.913878
8167069	9.173537
8167099	7.214665
8167103	7.53976
8167125	7.310626
8167150	4.820392
8167152	4.744701
8167163	5.723278
8167165	7.959566
8167185	11.54392
8167195	5.191168
8167198	5.231003
8167201	5.912881
8167210	4.888442
8167218	3.231893
8167220	4.595926
8167228	5.414847
8167234	7.938101
8167249	2.793664
8167251	3.450433
8167254	3.847075
8167261	3.803921
8167270	7.045444
8167287	6.642874
8167305	5.958143
8167314	6.60068
8167322	6.908379
8167334	7.774693
8167347	5.202199
8167356	5.095199
8167360	6.4928
8167369	6.279639
8167407	6.111447
8167412	7.793074
8167428	4.825505
8167430	6.850093
8167441	5.160069
8167443	5.369938
8167449	8.891096
8167457	6.180275
8167476	6.304063
8167482	4.052908
8167508	4.083073
8167526	4.002962
8167560	2.741353
8167562	4.052908
8167573	8.505008
8167575	5.898713
8167577	4.142427
8167584	4.142427
8167592	4.732641
8167601	5.466223
8167603	5.601791
8167623	5.734369
8167625	3.781279
8167638	2.16427
8167640	4.471834
8167642	4.241996
8167645	6.047139
8167650	5.6835
8167652	6.728129
8167654	5.30311
8167656	6.088347
8167673	5.663029
8167690	4.983928
8167693	4.895615
8167701	5.271527
8167710	5.271527
8167721	6.057305
8167726	2.355842
8167728	4.44071
8167742	3.068341
8167749	6.915297
8167758	5.374802
8167763	6.595152
8167772	4.711584
8167774	4.639712
8167784	3.661498
8167786	5.82702
8167790	5.608352
8167797	6.742342
8167815	6.430914
8167835	5.094181
8167854	6.235894
8167862	5.246696
8167866	3.318293
8167871	2.468712
8167874	3.791321
8167876	2.489755
8167878	2.439069
8167880	5.793561
8167887	5.737165
8167893	5.261116
8167895	3.842737
8167897	5.268415
8167910	2.410298
8167912	6.157484
8167924	8.32252
8167930	5.849257
8167942	6.954468
8167945	2.484241
8167947	5.200232
8167949	1.960361
8167951	2.64554
8167953	4.41029
8167957	3.512068
8167965	10.32345
8167971	9.885736
8167973	3.97851
8167998	5.899964
8168016	3.868033
8168018	8.160365
8168026	5.331984
8168028	5.923419
8168045	6.341507
8168058	5.854764
8168062	4.411747
8168079	4.009978
8168081	2.694892
8168083	5.019363
8168085	2.687783
8168087	8.173737
8168098	3.355377
8168107	4.703689
8168115	6.541488
8168117	3.922152
8168135	4.037848
8168146	3.875482
8168161	4.122876
8168163	4.549681
8168179	5.656131
8168203	4.020263
8168205	7.613437
8168215	8.119322
8168264	7.179292
8168274	6.040737
8168280	8.663125
8168291	4.571749
8168303	7.037903
8168316	8.349914
8168345	4.568365
8168357	8.872167
8168359	6.339026
8168362	6.168142
8168366	4.758887
8168373	6.127795
8168375	6.269286
8168387	5.512619
8168391	4.807803
8168393	5.522328
8168395	4.470203
8168399	6.122659
8168408	4.71678
8168412	3.593681
8168416	6.704855
8168420	4.688036
8168422	3.413295
8168424	6.139248
8168432	4.586392
8168434	2.374737
8168436	2.76122
8168438	6.420621
8168447	5.776515
8168456	4.046556
8168458	6.081165
8168461	4.409286
8168463	3.882691
8168466	2.143589
8168468	2.81089
8168470	4.954813
8168472	7.402259
8168500	11.24254
8168517	4.209596
8168524	5.12108
8168531	4.826226
8168534	3.561784
8168546	2.720589
8168553	2.371909
8168555	2.851445
8168557	8.334641
8168565	2.834338
8168567	5.341101
8168569	2.815938
8168578	6.180177
8168580	5.668132
8168589	3.669393
8168602	5.610731
8168604	5.267186
8168620	2.309605
8168622	3.12891
8168638	3.277043
8168644	8.816589
8168646	3.353235
8168650	4.281953
8168657	3.791702
8168674	7.906109
8168676	4.211491
8168678	2.625101
8168685	2.505667
8168687	3.235857
8168689	3.324703
8168691	5.505548
8168723	5.001965
8168727	4.249743
8168729	3.815927
8168731	4.238034
8168733	4.447553
8168735	3.207555
8168737	3.026627
8168749	7.947762
8168762	6.077475
8168779	6.130215
8168781	2.900929
8168790	6.062149
8168794	3.74797
8168817	4.301275
8168841	2.243777
8168843	5.835228
8168852	10.4698
8168855	4.090867
8168868	5.233342
8168873	6.228189
8168875	8.13095
8168884	2.571265
8168886	3.592818
8168888	2.767182
8168890	2.789522
8168892	5.355421
8168900	3.564863
8168940	3.657514
8168958	5.192618
8168968	3.86284
8168976	4.631739
8168984	5.22778
8168990	2.544989
8168994	3.208805
8168996	2.070044
8168998	4.109134
8169000	3.329146
8169002	3.486063
8169004	3.099154
8169006	5.824754
8169009	7.216826
8169015	4.647963
8169022	5.8369
8169028	6.771526
8169035	6.1928
8169044	8.002056
8169049	5.746836
8169056	4.007682
8169061	4.923908
8169073	3.970769
8169080	7.116982
8169083	4.025073
8169085	7.32788
8169094	3.560236
8169109	5.20217
8169115	3.836463
8169145	5.0658
8169154	4.09788
8169156	4.34659
8169158	3.724636
8169174	6.051259
8169186	5.218798
8169210	4.838069
8169221	2.803869
8169231	4.48051
8169233	4.648259
8169235	4.379237
8169240	6.808049
8169247	3.796635
8169249	6.280267
8169263	6.593162
8169272	6.1343
8169291	2.930006
8169294	5.282101
8169348	2.117218
8169350	12.71005
8169352	6.622035
8169361	3.860202
8169365	8.156831
8169378	3.616132
8169385	3.796191
8169389	4.038596
8169412	6.283502
8169419	5.914298
8169432	3.522093
8169437	4.527051
8169439	4.739462
8169441	4.816894
8169443	4.988419
8169445	5.194211
8169447	3.402411
8169459	4.902076
8169461	2.903924
8169463	5.386336
8169465	6.028309
8169467	3.592865
8169473	8.410413
8169492	3.253511
8169504	10.37242
8169519	5.930241
8169541	8.703079
8169580	9.512198
8169598	3.825109
8169603	7.367123
8169617	8.40298
8169624	6.353227
8169634	8.07223
8169638	5.001639
8169640	8.411732
8169645	7.751
8169657	5.587569
8169659	7.6207
8169665	2.804925
8169676	4.817944
8169683	6.858458
8169687	4.82923
8169697	2.17308
8169699	5.459357
8169701	5.472323
8169709	7.064596
8169711	3.817862
8169715	2.961019
8169717	3.638584
8169740	11.99918
8169742	7.619114
8169750	8.568241
8169790	2.605344
8169792	4.20875
8169804	2.840014
8169806	5.302523
8169808	3.967637
8169811	6.113854
8169836	4.888289
8169859	6.961827
8169868	6.306263
8169882	6.192609
8169898	5.277681
8169904	5.24194
8169920	6.809571
8169928	6.521317
8169931	4.066762
8169947	3.36086
8169949	8.906118
8169965	2.59085
8169969	6.352708
8169984	7.241248
8169995	7.063809
8170007	5.867684
8170009	7.41551
8170013	6.117673
8170015	4.098455
8170024	5.678647
8170027	6.084504
8170052	3.662019
8170060	3.904775
8170068	4.332674
8170076	3.346273
8170097	6.651774
8170117	4.546748
8170119	5.288174
8170135	3.729222
8170159	3.992164
8170166	6.029735
8170179	8.283003
8170185	2.469309
8170187	2.64
8170196	4.065624
8170198	4.703917
8170200	4.770408
8170208	3.860623
8170210	4.826162
8170213	3.322765
8170215	2.804061
8170228	2.230962
8170230	2.767002
8170232	3.824396
8170235	5.833968
8170237	6.586979
8170239	4.87726
8170241	2.814517
8170244	2.814517
8170247	7.775983
8170249	4.002167
8170257	3.477981
8170260	4.302063
8170273	4.680164
8170280	2.365631
8170282	4.130506
8170286	3.645801
8170288	3.645372
8170290	3.481602
8170292	2.553239
8170294	2.343246
8170296	3.159081
8170298	4.797334
8170300	5.57135
8170302	3.514836
8170307	4.432729
8170319	3.36243
8170322	4.93259
8170324	2.632436
8170326	8.661758
8170353	6.069517
8170360	13.93455
8170362	3.752619
8170364	5.082271
8170390	9.900385
8170393	6.020223
8170400	5.693469
8170402	5.068357
8170407	7.512838
8170412	8.024671
8170418	4.830881
8170420	5.588917
8170428	6.642732
8170443	7.165388
8170464	2.380024
8170466	2.369787
8170468	5.127158
8170476	4.737617
8170479	6.714999
8170488	3.463358
8170507	4.092164
8170513	4.991468
8170520	4.422003
8170531	4.016402
8170538	4.083838
8170553	6.342449
8170562	5.790878
8170576	4.711211
8170580	4.554558
8170590	5.896002
8170602	8.863474
8170622	6.039548
8170630	6.169805
8170633	4.389151
8170635	4.896348
8170644	5.452956
8170648	6.311272
8170662	7.946375
8170671	5.332523
8170695	7.350506
8170702	4.841992
8170704	6.914853
8170716	6.121769
8170753	6.363527
8170775	6.578171
8170786	6.637589
8170794	5.732827
8170803	5.343917
8170811	3.28586
8170816	5.245231
8170825	5.209222
8170834	5.14182
8170850	8.612035
8170859	10.44532
8170863	10.70122
8170865	6.725089
8170882	9.322629
8170891	9.1245
8170906	7.715474
8170921	6.416162
8170955	6.131907
8170963	4.171643
8170965	7.178764
8170971	6.415331
8170990	4.577075
8170992	5.040666
8170994	5.037787
8170998	7.499544
8171001	5.934355
8171006	6.388634
8171013	4.853392
8171024	5.008966
8171026	4.974506
8171029	7.529955
8171032	3.056848
8171034	4.124037
8171041	8.071172
8171052	6.909276
8171066	7.474719
8171079	5.787155
8171087	5.82022
8171105	3.789919
8171111	9.490304
8171119	6.468974
8171136	5.776578
8171139	7.254864
8171148	6.720515
8171161	4.637143
8171170	5.347759
8171172	6.642466
8171180	7.166695
8171182	5.866986
8171193	3.837655
8171195	2.215481
8171199	2.352223
8171201	1.972986
8171203	5.214946
8171205	5.58677
8171216	5.468693
8171222	6.697943
8171229	5.636091
8171240	6.078198
8171248	4.657774
8171260	2.494066
8171271	3.190709
8171284	5.432056
8171295	5.542397
8171297	6.103291
8171311	2.994881
8171313	4.322576
8171334	2.416516
8171336	6.862963
8171338	2.888894
8171348	2.760355
8171350	5.781017
8171352	4.9438
8171359	3.447471
8171373	4.838
8171381	3.474722
8171392	4.481623
8171403	3.83545
8171418	8.187266
8171427	3.629946
8171435	6.393028
8171449	6.716634
8171472	4.512845
8171481	6.235189
8171489	2.586609
8171491	5.208475
8171493	6.50902
8171516	7.824681
8171533	2.556377
8171535	3.781185
8171537	3.875482
8171539	6.453228
8171545	3.134145
8171561	3.072375
8171577	3.11272
8171579	4.167705
8171587	7.149002
8171624	4.201739
8171653	4.071946
8171684	9.102601
8171708	6.549963
8171723	5.121687
8171725	4.498724
8171747	8.029388
8171758	5.638275
8171760	5.744779
8171762	8.958763
8171786	6.695305
8171791	2.943984
8171798	4.217383
8171800	3.446943
8171802	8.74938
8171823	5.762258
8171834	9.171851
8171837	7.891626
8171844	4.276447
8171846	7.089745
8171848	4.907841
8171865	6.84442
8171867	6.877479
8171874	3.369324
8171876	4.452527
8171879	4.637587
8171883	3.790481
8171885	4.83892
8171890	5.130839
8171892	4.261075
8171896	6.081123
8171901	8.249345
8171917	5.668243
8171921	3.598469
8172017	5.089841
8172022	6.628815
8172026	3.520722
8172028	6.213429
8172030	6.510129
8172032	4.709476
8172035	7.488646
8172043	4.680164
8172056	6.393904
8172082	3.726235
8172084	2.48164
8172088	7.076785
8172110	6.687911
8172119	8.165768
8172154	10.15047
8172158	6.684834
8172189	2.334338
8172191	9.628654
8172193	2.488472
8172195	2.431938
8172197	4.814615
8172204	4.677992
8172220	4.598788
8172225	4.061046
8172244	6.726177
8172252	3.985008
8172254	4.160657
8172266	8.273573
8172268	6.592255
8172270	8.584551
8172272	2.891451
8172274	6.185911
8172280	6.91049
8172296	8.358104
8172305	2.784478
8172307	5.659083
8172317	5.660553
8172333	8.527818
8172345	6.833675
8172358	7.22078
8172367	3.756369
8172369	5.917956
8172379	5.111859
8172387	2.848226
8172395	3.638633
8172399	2.91425
8172406	4.234494
8172415	3.887176
8172425	4.912506
8172443	7.08935
8172445	2.829807
8172447	7.519589
8172453	7.02334
8172460	7.879882
8172471	10.66861
8172478	8.049064
8172493	4.729233
8172504	6.659861
8172520	8.613916
8172531	6.415582
8172538	7.716568
8172548	6.947098
8172561	6.01853
8172573	5.893054
8172580	5.505317
8172631	6.290246
8172647	3.782279
8172654	5.593449
8172656	4.013061
8172658	5.502408
8172660	4.209353
8172670	4.603172
8172698	5.05722
8172708	3.056288
8172711	4.946111
8172713	8.51519
8172715	6.728129
8172717	2.849876
8172719	4.983928
8172722	5.663029
8172739	5.271527
8172749	4.895615
8172757	5.271527
8172766	5.271527
8172776	4.173294
8172781	3.781185
8172787	4.332582
8172800	3.056287
8172803	4.81335
8172806	5.714801
8172813	7.071149
8172827	8.666404
8172858	6.022266
8172876	7.148708
8172905	7.242454
8172914	8.367195
8173005	3.606409
8173007	4.09607
8173009	7.307663
8173039	2.083408
8173041	4.768194
8173059	4.193007
8173086	5.089879
8173106	5.049954
8173120	4.068998
8173135	5.657309
8173148	4.254425
8173154	2.22883
8173156	6.373445
8173158	1.867615
8173160	2.375137
8173162	4.420413
8173166	4.779756
8173168	3.870872
8173174	5.342624
8173176	4.764688
8173179	5.083898
8173181	5.498896
8173189	5.758449
8173198	3.914644
8173201	8.430549
8173204	5.69095
8173206	6.100168
8173208	5.751041
8173217	5.779289
8173232	5.271022
8173238	4.069839
8173245	4.788505
8173261	5.3897
8173269	6.086885
8173287	5.766914
8173299	5.004673
8173308	2.546782
8173310	5.824072
8173338	4.35391
8173340	5.505833
8173349	5.085831
8173358	2.708099
8173360	4.138919
8173362	2.282414
8173364	5.85941
8173366	6.415308
8173373	4.871237
8173381	2.981651
8173412	2.899868
8173414	4.887743
8173428	6.93391
8173430	7.036844
8173437	6.763358
8173444	9.765969
8173457	5.91094
8173486	6.029704
8173493	7.129405
8173501	2.796391
8173503	5.240288
8173506	3.591138
8173513	10.62641
8173522	2.245421
8173524	4.921988
8173531	6.113521
8173551	5.064351
8173579	2.950887
8173581	5.666825
8173583	5.827014
8173596	5.439661
8173600	4.024415
8173605	3.551477
8173607	9.407316
8173609	3.076924
8173611	4.635138
8173613	9.940432
8173615	8.808979
8173621	4.263208
8173629	5.81838
8173647	3.494144
8173665	4.075356
8173671	4.586811
8173673	7.29159
8173713	8.752957
8173729	7.857588
8173732	5.158171
8173745	7.806517
8173752	3.533113
8173755	4.51868
8173766	8.49311
8173812	3.707061
8173823	2.540002
8173825	4.582237
8173848	3.888426
8173862	3.268461
8173869	7.50444
8173890	3.407774
8173892	5.54752
8173912	7.209936
8173915	2.382495
8173917	3.765194
8173922	2.270995
8173924	4.427168
8173926	4.215337
8173928	2.472327
8173930	3.454547
8173933	3.492484
8173941	9.272216
8173955	6.988472
8173977	3.458598
8173979	7.050303
8173999	6.262269
8174005	6.581648
8174026	6.733783
8174029	3.915239
8174045	2.470727
8174047	7.167754
8174051	8.040705
8174076	11.42986
8174086	7.18907
8174092	4.966877
8174103	13.03998
8174105	4.431161
8174119	4.564159
8174132	2.276544
8174134	6.08931
8174141	4.590257
8174149	3.658261
8174189	2.968132
8174193	4.454664
8174195	5.862797
8174197	2.79484
8174199	3.099848
8174201	5.552695
8174207	4.345419
8174226	4.879084
8174228	5.856051
8174235	4.338291
8174239	5.133547
8174246	6.097955
8174251	3.58023
8174253	9.094254
8174263	5.190655
8174271	5.166387
8174277	2.841928
8174279	6.167782
8174281	2.935163
8174283	4.861876
8174288	5.686856
8174291	4.211864
8174297	5.53744
8174302	2.087771
8174304	3.44277
8174311	2.248556
8174313	4.863849
8174317	5.461716
8174322	4.814397
8174338	6.803324
8174340	5.197158
8174351	3.165618
8174361	8.826468
8174373	2.064199
8174375	6.455586
8174379	6.287428
8174389	5.311189
8174442	3.009211
8174444	4.444291
8174448	3.932218
8174469	6.949845
8174474	8.449451
8174494	1.760269
8174496	6.955469
8174507	4.574582
8174509	9.972062
8174513	4.746669
8174527	5.2454
8174543	3.930341
8174554	4.299521
8174556	4.096267
8174568	4.683551
8174576	5.391873
8174592	5.41341
8174594	3.291478
8174596	4.463114
8174598	2.527049
8174610	3.05261
8174634	2.279697
8174636	8.862455
8174642	6.213899
8174646	3.571245
8174648	3.952486
8174654	5.043432
8174664	5.031623
8174666	3.829027
8174668	2.094192
8174670	3.824268
8174675	6.097744
8174677	6.297575
8174684	4.422113
8174692	6.373587
8174710	7.959334
8174715	3.941057
8174717	5.819849
8174731	4.679953
8174737	5.112772
8174750	4.817944
8174755	4.943228
8174761	5.191826
8174767	5.528618
8174779	10.39993
8174794	7.777193
8174820	5.553335
8174831	5.921597
8174837	6.197149
8174841	6.197149
8174845	6.197149
8174849	6.197149
8174853	6.175463
8174862	6.197149
8174867	6.197149
8174872	6.197149
8174876	6.197149
8174882	6.197149
8174887	2.43619
8174889	4.642809
8174891	6.350811
8174893	6.743201
8174933	2.570102
8174937	4.802359
8174968	6.329966
8174970	13.573
8174972	5.799902
8174975	3.481457
8174977	5.184821
8174979	3.776806
8174983	4.972304
8174985	5.707809
8175016	5.889653
8175023	7.306573
8175039	7.607754
8175052	6.121992
8175076	4.555701
8175096	2.603253
8175098	5.617747
8175102	5.334438
8175119	5.164746
8175121	4.967075
8175151	3.976437
8175153	4.849826
8175155	3.977071
8175169	8.31461
8175177	5.631635
8175193	2.38316
8175195	4.873799
8175206	2.418031
8175209	3.300494
8175215	2.996103
8175217	3.791434
8175232	4.900012
8175234	4.457614
8175246	3.501782
8175248	3.089367
8175250	2.170882
8175252	2.234192
8175254	4.793487
8175256	6.73661
8175261	5.570475
8175263	4.595849
8175267	4.554637
8175269	6.496162
8175288	5.984115
8175297	2.511553
8175299	7.354774
8175302	6.855988
8175308	5.992843
8175311	4.852715
8175315	3.997901
8175317	6.117673
8175319	4.734813
8175330	4.017998
8175332	2.240481
8175336	3.28893
8175344	3.234316
8175353	3.124075
8175360	7.27499
8175365	3.334317
8175367	4.081417
8175369	3.984507
8175391	7.049794
8175393	6.999963
8175418	2.663346
8175420	7.575468
8175432	3.474359
8175434	5.310165
8175436	4.680805
8175438	6.016517
8175440	3.713241
8175442	4.563414
8175444	5.461362
8175455	6.86785
8175457	3.725299
8175490	3.038202
8175492	7.093951
8175524	2.647937
8175528	7.438135
8175531	2.924085
8175537	9.772862
8175539	5.680646
8175543	4.378577
8175550	4.002167
8175558	5.553998
8175562	3.40887
8175568	4.422985
8175570	3.324305
8175572	2.883805
8175574	3.658184
8175578	3.314813
8175583	2.857461
8175585	6.71599
8175587	3.874663
8175589	4.03749
8175591	3.575556
8175593	9.192613
8175609	6.54057
8175611	7.512838
8175616	5.068357
8175621	6.888641
8175629	3.832824
8175638	5.536935
8175642	6.429743
8175647	5.348232
8175662	2.208776
8175664	5.563808
8175666	7.056789
8175683	4.924023
8175685	5.962511
8175690	4.970208
8175696	4.051596
8175706	4.051596
8175708	3.977406
8175710	4.607413
8175724	4.838514
8175732	5.6779
8175747	5.455598
8175755	6.126386
8175763	5.757742
8175768	6.648005
8175773	4.389151
8175775	4.717214
8175782	5.909559
8175802	6.410204
8175808	6.694456
8175811	7.093839
8175815	6.570655
8175835	7.845402
8175844	7.358959
8175860	5.369233
8175871	5.377673
8175900	7.810461
8175924	6.639999
8175933	7.230452
8175947	6.579021
8175977	7.784795
8175998	7.381071
8176006	5.236204
8176012	5.236204
8176018	5.314138
8176026	10.18699
8176076	6.188486
8176091	7.13833
8176093	5.851333
8176098	6.349267
8176109	7.409848
8176117	7.536974
8176133	8.665634
8176149	7.178764
8176155	4.134485
8176159	8.023566
8176163	7.697206
8176174	9.13248
8176191	8.632444
8176193	4.056093
8176219	4.901006
8176230	4.806076
8176234	5.957096
8176243	3.056848
8176245	7.651046
8176249	5.037787
8176253	4.713759
8176255	6.67149
8176263	5.158171
8176276	7.1057
8176280	2.81089
8176282	7.857588
8176284	4.409286
8176286	7.765795
8176297	4.374713
8176306	8.826035
8176323	7.123582
8176336	5.834604
8176342	6.427192
8176360	8.270948
8176373	3.635244
8176375	4.263279
8176384	4.060129
8176395	9.967505
8176397	3.38618
8176400	3.743264
8176419	5.400926
8176427	5.207348
8176429	5.102288
8176435	4.411453
8176442	4.83942
8176460	5.349711
8176469	3.245556
8176471	3.59161
8176476	2.548023
8176478	2.283677
8176480	2.438423
8176482	6.861279
8176484	5.186205
8176494	5.034813
8176508	5.21615
8176517	5.382917
8176524	5.158905
8176532	4.776955
8176544	5.207891
8176553	4.737386
8176558	4.115939
8176568	4.13152
8176570	5.852242
8176572	6.56051
8176574	5.038766
8176576	4.751831
8176578	3.480634
8176624	4.79197
8176644	5.476856
8176648	7.187191
8176650	6.30027
8176655	4.737345
8176663	3.142445
8176665	3.813618
8176667	6.055716
8176669	5.534836
8176671	4.028011
8176673	2.643238
8176675	2.414353
8176677	5.502427
8176679	3.729755
8176681	2.785759
8176692	3.023806
8176698	4.215207
8176709	3.132224
8176719	3.528229
8176730	4.123315
8176737	3.407757
8176742	2.952905
8176753	3.102104
8176766	3.198935
8176782	4.506505
8176789	3.283095
8176806	5.084096
8176815	2.400797
8176817	2.540068
8176821	3.34757
8176832	4.097219
8176865	8.845906
8176867	3.34757
8176878	4.097219
8176910	6.714828
8176921	7.940166
8176923	5.259759
8176926	3.79661
8176931	2.908475
8176933	3.869178
8176935	5.392825
8176941	2.400797
8176943	2.540068
8176947	2.477369
8176949	3.644402
8176951	3.231757
8176955	4.124037
8176962	8.071172
8176972	6.909276
8176986	5.85706
8177003	9.490304
8177011	6.32234
8177026	5.776578
8177029	7.254864
8177038	2.403704
8177044	2.277141
8177046	5.689893
8177048	4.737386
8177053	4.115939
8177061	3.248976
8177070	2.342643
8177072	4.368632
8177079	2.404293
8177081	3.929317
8177083	3.882862
8177085	3.178128
8177092	4.062365
8177096	3.155387
8177101	4.411453
8177108	5.102288
8177114	5.207348
8177116	3.739131
8177118	4.396014
8177120	5.857378
8177130	3.551506
8177137	3.134128
8177169	6.30027
8177174	2.223735
8177176	3.142445
8177178	5.502427
8177180	2.414353
8177184	2.643238
8177186	3.608975
8177189	5.534836
8177191	6.055716
8177193	3.813618
8177195	3.023806
8177201	2.785759
8177212	3.729755
8177214	2.852943
8177217	6.771688
8177222	8.615862
8177227	2.155557
8177229	3.892899
8177232	4.439642
8177261	4.05485
8177269	4.16526
8177273	6.02096
8177277	3.538254
8177280	3.82007
8177282	4.372647
8177290	3.102104
8177303	2.834657
8177323	5.025021
8177331	3.291326
8177344	5.320157
8177347	4.506505
8177354	4.097219
8177387	2.477369
8177389	2.540068
8177393	2.400797
8177395	5.392825
8177401	3.869178
8177403	2.908475
8177405	3.79661
8177410	5.259759
8177413	6.714828
8177424	7.940166
8177426	4.368433
8177449	3.34757
8177460	8.845906
8177462	7.306431
8177478	5.208576
8177498	6.586374
8177507	6.344613
8177527	8.977472
8177544	8.212033
8177554	2.573863
8177560	6.871479
8177601	7.37528
8177620	4.36332
8177628	7.536661
8177635	6.605501
8177647	6.934729
8177658	5.031151
8177669	9.457905
8177674	6.549649
8177694	3.836724
8177696	3.546468
8177698	3.197293
8177700	2.661015
8177704	5.579889
8177706	5.324556
8177709	5.177931
8177717	10.64679
8177725	13.10727
8177732	13.5239
8177740	4.176088
8177744	8.202579
8177750	5.427227
8177760	6.329264
8177770	7.412575
8177782	7.338168
8177788	13.0731
8177797	8.417408
8177824	6.535609
8177834	5.494725
8177851	5.785856
8177858	9.203305
8177867	8.171304
8177885	5.459867
8177901	6.150833
8177931	12.43767
8177938	4.997741
8177947	5.173364
8177951	6.837705
8177955	7.869353
8177964	6.290217
8177967	6.304985
8177976	5.901485
8177983	9.721557
8177988	9.72571
8177996	8.518165
8178011	7.539866
8178043	5.755517
8178050	9.740043
8178059	6.978306
8178063	6.135856
8178070	6.181701
8178074	6.136087
8178080	7.627146
8178086	13.31347
8178090	8.048454
8178095	6.771611
8178115	9.034132
8178136	7.326513
8178164	7.156191
8178177	6.162272
8178188	7.582845
8178193	11.51869
8178199	10.15531
8178205	7.547893
8178211	10.03672
8178220	9.218729
8178225	7.496247
8178234	6.140775
8178244	7.093757
8178253	8.491392
8178264	7.248991
8178270	5.864775
8178275	3.729336
8178283	3.22647
8178285	3.74655
8178287	2.538929
8178289	3.266814
8178291	3.765875
8178293	3.53724
8178295	7.799306
8178298	6.151423
8178322	8.358753
8178324	3.847588
8178326	8.82182
8178330	9.099492
8178338	5.081699
8178346	6.969143
8178358	9.001248
8178377	6.617981
8178399	6.276107
8178404	5.827871
8178419	10.03101
8178435	12.33444
8178439	6.217386
8178442	6.595998
8178445	6.258422
8178448	5.981827
8178470	6.73839
8178476	9.39141
8178489	12.73827
8178498	13.3897
8178508	5.506409
8178512	8.684052
8178517	6.53245
8178526	8.62501
8178552	6.798192
8178554	5.749077
8178561	7.319091
8178582	6.142829
8178586	6.253971
8178590	7.242384
8178598	10.36473
8178609	6.283085
8178641	5.663114
8178650	6.122458
8178653	10.45111
8178676	10.3816
8178683	6.28137
8178686	7.042651
8178699	6.680095
8178712	5.982542
8178727	8.015364
8178749	5.524834
8178754	6.46602
8178762	6.967976
8178771	6.929376
8178790	8.069839
8178795	6.024946
8178802	9.540036
8178811	9.565655
8178826	7.853705
8178833	6.502351
8178841	8.88378
8178855	8.864903
8178867	11.05476
8178882	4.310482
8178884	7.664914
8178891	10.53409
8178897	6.848256
8178903	6.99088
8178917	7.327146
8178939	7.155107
8178955	8.443763
8178977	10.6789
8178988	6.676948
8178991	6.359456
8179003	3.836724
8179005	3.541897
8179007	5.579889
8179009	5.324556
8179011	4.822217
8179019	10.52699
8179028	8.558251
8179034	13.10727
8179041	13.40601
8179049	13.2437
8179055	6.708232
8179060	5.427227
8179070	6.329264
8179080	8.046846
8179088	7.412575
8179097	7.338168
8179103	13.0731
8179112	8.417408
8179139	6.535609
8179149	5.676001
8179167	5.785856
8179174	9.203305
8179184	8.158134
8179205	5.459867
8179221	5.789837
8179224	12.95543
8179228	5.170348
8179235	6.646753
8179238	6.146094
8179246	6.290217
8179249	6.304985
8179258	5.647107
8179263	9.721557
8179268	9.72571
8179276	8.518165
8179291	5.755517
8179298	9.581953
8179309	6.181701
8179313	6.446433
8179322	13.73032
8179324	13.31347
8179326	8.048454
8179331	6.771611
8179351	9.47418
8179364	7.312609
8179391	7.202478
8179399	5.979835
8179440	6.162272
8179451	5.62582
8179472	6.487281
8179481	11.1323
8179489	10.15531
8179495	10.03672
8179504	10.03723
8179519	9.559959
8179525	7.496247
8179534	6.140775
8179544	8.491392
8179555	7.248991
8179559	5.864775
8179564	5.82522
8179575	7.266771
8179587	3.22647
8179589	3.74655
8179591	3.765875
8179593	3.53724
8179595	6.237882
8179617	9.207652
8179628	5.122883
8179638	7.783562
8179648	6.687494
8179664	9.001248
8179683	6.276107
8179688	10.03101
8179704	12.11403
8179709	7.420076
8179713	6.145148
8179716	6.340903
8179719	6.298813
8179727	4.880967
8179731	13.43296
8179750	9.473775
8179762	5.173424
8179768	8.684052
8179773	6.53245
8179782	8.62501
8179808	6.798192
8179810	6.142829
8179814	6.123716
8179819	7.242384
8179827	10.34094
8179839	5.663114
8179848	6.122458
8179851	9.991102
8179861	10.45111
8179884	6.251468
8179913	7.042651
8179926	6.494896
8179935	5.982542
8179950	6.46602
8179958	6.967976
8179967	6.943197
8179987	7.545147
8179996	6.024946
8180003	9.41171
8180022	7.853705
8180029	7.763753
8180034	8.878168
8180049	8.864903
8180061	11.05476
8180076	4.310482
8180078	7.881348
8180086	7.664914
8180093	6.438043
8180100	10.5364
8180105	6.848256
8180111	6.85418
8180123	7.334754
8180144	8.443763
8180166	10.75822
8180179	6.189424
7899375	4.190711
7899600	4.803281
7899795	6.990944
7900197	6.09585
7900508	5.254962
7901338	2.931879
7901416	3.730678
7901495	2.501807
7902223	4.946198
7902493	6.448153
7902685	2.938277
7904691	2.593514
7904867	1.65619
7904946	1.65619
7905039	1.916301
7905127	7.261503
7905129	2.975776
7906233	3.593681
7907747	2.87086
7907788	5.768597
7909125	2.529563
7909283	5.449142
7910140	3.352216
7910583	2.220165
7910676	5.582336
7910692	2.506946
7910946	2.423795
7911566	4.946248
7912207	3.662702
7912209	3.296301
7914139	2.589761
7914350	6.121127
7914665	5.821175
7914807	2.056881
7914921	4.366525
7916075	2.404028
7916627	3.689633
7916783	2.151383
7918153	8.028836
7919153	3.559929
7919403	3.559929
7919574	3.008034
7919747	10.09505
7919778	6.625958
7919969	4.575254
7920025	5.566362
7920256	4.846414
7921220	4.043234
7922992	3.156111
7923005	3.820787
7924205	2.744305
7925126	2.996473
7925318	8.675564
7925440	4.192403
7925509	5.798062
7926366	2.305064
7926443	2.39746
7926484	2.829874
7926898	2.665005
7926979	4.860513
7927548	4.669008
7927852	4.419495
7928328	2.53562
7928815	3.14205
7929956	2.212445
7930274	3.106987
7931027	4.24882
7932614	2.230036
7932883	5.933722
7933088	2.535323
7933178	7.709073
7933840	3.300459
7933945	8.428948
7933976	8.202633
7934566	6.191464
7935859	2.680822
7936282	1.903565
7936318	2.816313
7936966	4.535836
7938588	3.129727
7939640	3.199124
7941170	2.403948
7942061	4.879532
7942542	3.978955
7942611	6.510096
7942983	3.351377
7943191	2.254168
7943550	2.0517
7943734	2.395416
7943777	3.389096
7944162	4.18299
7945031	2.824848
7946659	5.867875
7947915	6.177376
7947932	2.326067
7948033	3.871008
7948139	2.568132
7948397	6.528462
7948416	3.515726
7950030	3.685219
7951349	3.943487
7951435	2.241905
7951668	4.214849
7952396	4.284755
7952599	2.923949
7953685	2.437224
7953934	3.982294
7954434	8.947523
7955074	2.106049
7955421	3.271307
7956892	4.322549
7957041	3.138824
7957497	2.457399
7957568	6.838112
7957954	2.312968
7959823	2.438055
7959825	3.18373
7960359	6.874567
7960846	2.687116
7962181	2.518289
7964596	4.218238
7964598	3.48746
7964685	2.573739
7964720	2.134702
7964870	3.805102
7965224	2.287824
7965650	4.642253
7965836	3.003566
7965838	4.842635
7965842	6.395563
7965871	5.349422
7966299	7.412531
7966425	5.822603
7966684	3.195398
7967698	5.824312
7967967	3.071106
7968252	6.029621
7968911	5.478189
7968913	6.321907
7969768	3.97634
7970426	6.274721
7970674	5.900939
7970945	3.020848
7971124	4.16368
7971511	7.815506
7971640	3.769105
7971899	4.340975
7971903	2.096602
7972414	4.342609
7972748	5.968924
7973748	3.915964
7973865	5.94137
7974335	4.387432
7975404	3.439698
7976576	3.361189
7978909	6.417386
7979131	2.739217
7979689	3.743292
7980065	2.615779
7981486	2.84618
7981779	3.010028
7982751	2.588398
7982935	7.787901
7983252	4.966822
7983270	3.217372
7983525	3.360744
7984622	2.446604
7985308	2.388913
7985930	6.380535
7986325	2.386313
7986346	4.533028
7986635	3.036958
7988603	5.684474
7990806	1.801899
7992067	5.971836
7992131	5.254968
7992136	6.364427
7992458	6.680117
7992742	3.13573
7992841	6.216146
7995523	3.410667
7996391	4.160847
7997372	3.497368
7997700	6.863285
7998823	6.059515
7998841	6.059515
7999171	4.349139
7999382	8.85845
8000700	3.362828
8001183	2.379616
8001231	4.069292
8001392	2.156727
8002247	2.3987
8003226	4.5603
8003599	3.362828
8003889	6.43284
8004219	3.982195
8005433	6.682131
8006028	4.38432
8006319	6.893765
8006592	5.921793
8006679	5.463985
8007139	2.269727
8007605	1.928424
8008704	4.690293
8008967	5.705088
8012841	4.800811
8013507	6.375854
8013985	6.704617
8014863	4.090902
8015014	2.263161
8015796	4.765456
8016016	7.032877
8016733	6.284576
8018814	2.793491
8018902	5.331628
8020804	2.467546
8020971	4.345624
8021438	5.754217
8021961	2.655485
8022174	4.412324
8022424	5.490657
8022801	3.050084
8023547	2.488189
8023644	2.215344
8023755	2.432282
8027266	4.575045
8027429	3.611171
8027437	5.008108
8028002	5.600132
8029278	3.359618
8029375	5.577663
8029937	5.233443
8030197	5.332401
8030826	3.92632
8031615	2.431883
8035234	5.487746
8035787	2.454902
8035859	6.298478
8036557	4.733953
8038137	3.018005
8039945	4.946248
8040336	2.721581
8040465	4.645036
8040486	5.860254
8040616	2.671731
8041636	2.96412
8042221	5.599174
8042694	2.81007
8043022	5.03222
8043024	2.316731
8044698	2.461847
8045497	3.780629
8046644	6.389677
8047036	2.528012
8047185	4.781032
8047782	3.738589
8048108	7.032089
8049073	8.478715
8049235	4.048286
8050111	2.333893
8051234	2.234491
8052016	6.222085
8052303	2.32443
8052592	2.888726
8053447	5.348619
8053646	3.267055
8054939	4.979099
8055309	6.782647
8055482	2.967695
8055666	2.942714
8055670	2.173341
8055967	5.663794
8056043	2.446885
8057032	2.217702
8057561	2.916215
8058969	5.553764
8059275	4.583706
8059714	2.844728
8060609	7.153287
8060837	6.082597
8060986	2.693639
8061068	4.299814
8061539	4.411351
8061881	5.929069
8062204	6.025852
8062685	5.106195
8063185	4.291221
8065016	9.024016
8065196	7.45785
8065198	2.146968
8065903	5.427555
8066264	3.130727
8066292	4.674587
8066459	6.254024
8066528	2.609038
8067862	5.490657
8068018	2.572165
8068549	5.115431
8068733	3.271962
8069206	2.67748
8070871	5.42502
8070930	5.594882
8075057	3.769059
8075162	2.125122
8075308	2.037882
8075776	4.061018
8078153	4.794044
8078185	4.566352
8078384	2.372266
8078448	4.552714
8078603	5.369649
8078958	4.50215
8079058	6.074959
8079151	2.703025
8079368	5.105077
8079588	2.214732
8080909	6.015161
8080985	3.446904
8081034	2.196495
8082795	2.724083
8083061	3.626539
8083322	3.725292
8083590	2.450261
8083790	2.36414
8084810	7.771209
8084836	3.008947
8085060	3.536984
8085358	7.187216
8086515	2.564704
8086878	4.130617
8087545	5.436643
8088476	2.054292
8088915	2.95236
8089928	9.661123
8090446	2.835133
8091118	3.492222
8091186	2.462651
8091554	8.71376
8093035	5.814307
8093037	3.225585
8094391	3.102052
8094899	2.347615
8095260	4.800101
8095758	2.721576
8096413	2.455435
8096531	2.556848
8097285	2.250491
8097476	4.831013
8097645	3.285508
8097934	2.25734
8097936	6.573842
8098161	2.151363
8098463	2.575227
8099756	2.132357
8100123	2.678872
8100290	4.067162
8100426	6.191669
8100456	5.28799
8100521	5.273746
8100599	4.032614
8101063	2.08707
8102592	3.703178
8103538	2.634832
8103849	2.743774
8104070	5.221462
8104447	4.534207
8104650	2.376642
8104661	2.936199
8104928	3.623833
8105061	6.519648
8105179	3.668464
8105300	6.060688
8105321	5.714234
8106720	4.572389
8107131	2.912812
8107472	3.830735
8107644	6.60232
8108433	3.489059
8108979	3.324558
8109424	6.366808
8109661	2.861842
8110585	6.819115
8111666	4.996271
8111885	3.694085
8112018	3.318994
8112609	3.646601
8112738	5.47383
8112855	2.019685
8113639	3.399197
8113701	5.086013
8113707	2.422028
8114285	3.457691
8114579	2.493287
8114898	5.253799
8115344	4.357037
8115366	1.959936
8115541	2.670264
8115873	5.258728
8117170	2.907606
8117710	7.701638
8119076	4.574485
8120979	2.692529
8121085	7.800444
8121269	4.117933
8121483	2.409465
8122194	7.722678
8122816	3.846223
8122875	5.199791
8123101	4.975351
8123332	5.396512
8123712	3.118631
8124482	4.756303
8125443	2.760796
8125445	2.784705
8125857	7.905847
8126358	4.129886
8126627	3.019418
8127995	2.401983
8128075	5.390681
8128077	2.198302
8128327	5.8002
8129315	2.901361
8131867	3.456482
8132243	3.02134
8132501	5.997717
8132847	3.702073
8133845	2.948936
8134316	2.783922
8134431	8.566648
8136612	3.112996
8137040	2.701774
8137435	3.423481
8138007	9.271879
8139017	2.042281
8140168	3.134192
8140965	7.857664
8142017	5.332247
8142876	3.56647
8144947	3.60131
8145797	4.996418
8146326	2.931666
8146480	5.02564
8146754	2.764551
8147047	2.63463
8148194	4.010771
8148461	3.332305
8149069	4.783266
8149256	6.875676
8150087	8.92139
8150151	2.446399
8151030	5.663882
8151213	2.275833
8151279	2.402068
8151308	3.526457
8151434	2.50048
8151492	3.569915
8151989	2.999451
8152094	3.21252
8152367	1.956033
8152626	4.137252
8152701	5.16653
8152819	4.801525
8153320	6.789318
8154361	2.129441
8154365	4.784702
8154572	2.745826
8155212	2.785917
8156110	3.625089
8156579	2.604883
8156844	2.88175
8157485	2.364152
8157522	4.21638
8157605	4.545939
8157841	2.907204
8157888	2.820353
8158511	3.761435
8158664	2.883195
8158910	5.07634
8159848	3.367438
8159957	4.322689
8160084	2.384445
8160470	4.425083
8160784	2.606983
8161421	6.942851
8161644	3.651749
8162177	4.422979
8164006	3.327074
8166583	2.832953
8166609	2.272802
8167161	4.903791
8168672	1.988591
8169636	3.687824
8171531	4.364925
8171881	2.359578
8172086	6.918167
8172156	6.226374
8173164	3.514081
8173549	4.241542
8173627	2.586006
8174644	3.995829
8176415	2.279995
8176566	7.19356
8176779	4.326639
8177068	2.573245
7892796	13.45706
7892925	10.54717
7893130	11.27239
7893306	8.267305
7893613	9.469105
7893939	9.793851
7894584	7.090051
7894611	9.497815
7894970	13.7135
7895139	8.016923
7895220	10.60717
7896160	10.05373
7896366	12.12342
7896687	11.44567
7896688	9.079184
7896689	8.770234
7896690	7.408638
7896691	6.176981
7896692	7.112297
7896693	10.01493
7896694	9.500715
7896695	8.185635
7896696	9.406233
7896697	4.998185
7896698	8.231051
7896699	10.32348
7896700	5.922248
7896701	6.581556
7896702	5.26965
7896703	11.5651
7896704	8.021879
7896705	9.30197
7896706	10.34498
7896707	6.955785
7896708	5.699874
7896709	6.521015
7896710	9.035347
7896711	8.556841
7896712	8.343905
7896713	9.520308
7896714	6.190506
7896715	5.471735
7896716	8.883655
7896717	11.36487
7896718	5.739855
7896719	7.173635
7896720	5.260443
7896721	7.604838
7896722	5.256308
7896723	7.590617
7896724	9.021494
7896725	4.790521
7896726	8.302432
7896727	6.409332
7896728	9.350898
7896729	2.520883
7896730	4.261527
7892601	5.795599
7892698	1.941128
7892756	2.000288
7892815	2.376214
7892916	7.681241
7892943	2.046802
7892971	2.050848
7893026	7.255508
7893348	9.132339
7893368	1.9984
7893409	5.87666
7893426	2.399838
7893625	2.08537
7893643	2.667974
7893687	2.082012
7893988	1.959034
7894132	8.632331
7894198	1.989261
7894480	8.666031
7894592	8.85456
7894750	2.19859
7894862	8.081466
7894881	7.190146
7894892	5.183983
7894998	4.231077
7895078	3.107004
7895402	2.648677
7895613	2.450685
7895644	6.584105
7895667	2.323041
7895703	3.589569
7895732	8.765169
7895892	2.00308
7895923	8.710892
7895949	2.28621
7895968	3.008685
7895973	7.610049
7896216	2.003365
7896237	4.308799
7896388	8.31196
7896419	3.635198
7896573	5.366468
7896637	8.07165
7896658	2.165375
7896667	6.677076
7892501	2.854707
7892509	11.95051
7892514	7.713494
7892516	3.122784
7892521	6.601552
7892530	6.708512
7892536	8.009809
7892541	7.372918
7892542	7.915727
7892548	6.482575
7892549	7.367687
7892555	4.283683
7892556	11.09264
7892559	7.874707
7892561	9.743219
7892562	6.872077
7892564	10.72527
7892565	5.050729
7892568	9.947087
7892569	7.653761
7892574	9.159948
7892576	5.770607
7892578	4.262094
7892579	7.237047
7892596	4.366418
7892598	8.132179
7892599	8.198602
7892605	7.511057
7892609	3.593681
7892610	5.699677
7892618	4.977292
7892620	8.678156
7892621	12.64732
7892622	7.469691
7892623	7.82151
7892625	7.273204
7892627	8.110625
7892628	7.089559
7892630	8.809429
7892635	9.064117
7892639	3.208009
7892640	10.48055
7892643	7.840816
7892644	8.756096
7892648	8.09455
7892650	9.61501
7892652	12.32709
7892661	11.57714
7892662	7.886461
7892663	10.77456
7892668	8.583289
7892670	8.328917
7892674	6.412091
7892678	4.444468
7892679	4.719683
7892680	7.556124
7892682	2.533976
7892684	8.976768
7892687	7.830073
7892688	7.927576
7892694	6.720564
7892697	7.720055
7892699	5.265854
7892701	10.11027
7892703	7.405568
7892704	11.48933
7892717	5.346164
7892720	5.910868
7892732	4.847427
7892742	8.179307
7892745	8.406163
7892747	7.269401
7892757	7.064939
7892762	10.5286
7892764	7.469687
7892766	10.19986
7892770	9.006981
7892771	8.155417
7892773	7.481187
7892776	7.294353
7892778	6.101709
7892786	7.893548
7892788	10.02575
7892791	10.08105
7892797	7.342344
7892802	7.054161
7892803	10.62514
7892808	9.430488
7892814	9.349768
7892817	11.35666
7892820	9.025745
7892825	3.442218
7892829	12.61577
7892830	11.10474
7892831	8.616558
7892832	5.897956
7892835	7.528818
7892836	10.87809
7892837	8.886322
7892838	8.69128
7892841	8.495758
7892846	11.56621
7892847	6.535984
7892848	7.981326
7892853	10.82873
7892857	12.03263
7892861	9.435284
7892868	10.4961
7892870	5.511849
7892876	3.408453
7892880	8.959497
7892882	8.052047
7892884	8.948126
7892890	8.760897
7892893	7.327498
7892894	8.490863
7892896	11.00999
7892898	7.325474
7892900	9.697071
7892901	9.878303
7892902	13.45446
7892905	2.477514
7892906	11.67937
7892907	9.297609
7892911	7.390358
7892912	4.807655
7892919	7.06668
7892935	9.088259
7892939	7.752462
7892941	8.990952
7892944	7.430686
7892947	9.435719
7892951	6.902099
7892953	6.821947
7892954	8.271339
7892959	5.373863
7892966	10.10544
7892967	8.487642
7892968	8.151871
7892972	8.80429
7892977	9.83049
7892979	10.81133
7892981	7.949897
7892983	9.797201
7892986	8.643525
7892995	2.253012
7893001	6.29847
7893002	9.333405
7893005	1.71644
7893012	8.895184
7893015	11.56235
7893019	7.009024
7893023	7.943807
7893025	6.600574
7893027	5.578664
7893029	12.35976
7893030	5.946496
7893031	9.424254
7893032	5.979504
7893036	9.472073
7893039	10.37393
7893050	8.513732
7893058	8.238095
7893061	8.579312
7893064	7.317985
7893070	8.231007
7893073	7.767395
7893074	6.954709
7893079	8.424314
7893081	12.28212
7893086	7.588203
7893087	9.579637
7893090	11.24699
7893091	4.208749
7893094	9.878369
7893097	6.731668
7893103	11.03361
7893113	7.399556
7893118	9.094453
7893122	6.975194
7893125	6.503078
7893128	6.760909
7893131	10.91977
7893133	10.14156
7893138	12.77508
7893139	11.62234
7893153	8.859757
7893160	9.751907
7893164	8.483891
7893166	3.389525
7893170	3.320351
7893173	11.53886
7893181	9.298048
7893184	4.737386
7893187	8.054437
7893191	10.42371
7893194	9.33655
7893196	11.57149
7893201	8.517703
7893205	10.57804
7893206	4.707038
7893208	7.506621
7893217	7.351911
7893218	12.07063
7893229	4.937657
7893232	6.506762
7893235	8.081919
7893238	9.524434
7893240	7.47115
7893244	11.43538
7893248	6.811224
7893249	6.977927
7893250	5.004938
7893257	7.953958
7893258	7.280362
7893259	8.828819
7893261	9.767016
7893262	7.027768
7893264	12.34354
7893266	9.446958
7893268	6.241552
7893270	10.60699
7893271	9.232081
7893272	9.705729
7893273	6.836976
7893277	7.192618
7893291	4.4224
7893297	7.849736
7893298	7.880095
7893305	3.12545
7893309	3.992065
7893313	8.37719
7893316	12.53245
7893325	9.351484
7893333	5.257214
7893339	7.571706
7893340	7.055579
7893344	8.402633
7893345	10.84684
7893346	6.498532
7893349	7.360876
7893350	5.846657
7893354	8.557829
7893356	9.351519
7893357	10.19209
7893359	4.444457
7893362	7.843817
7893363	3.967009
7893364	8.754719
7893371	11.15941
7893374	9.642455
7893382	10.36031
7893384	6.506939
7893385	8.222914
7893386	11.52609
7893390	8.880228
7893392	5.451527
7893393	13.39158
7893394	9.413535
7893395	9.130162
7893399	9.036858
7893407	11.25584
7893413	9.419513
7893419	8.883942
7893420	8.798126
7893422	10.93801
7893424	11.53137
7893439	11.07421
7893441	7.330769
7893443	7.109601
7893447	9.883025
7893449	8.803945
7893453	8.035073
7893454	10.11393
7893455	4.291008
7893458	8.288328
7893460	11.90498
7893461	6.646183
7893463	5.684047
7893466	11.07022
7893467	8.929416
7893476	9.786184
7893477	6.450177
7893481	6.716352
7893485	7.830421
7893486	11.88812
7893494	7.238198
7893497	6.118107
7893500	6.242068
7893504	8.493476
7893506	4.783577
7893516	11.60069
7893517	8.131597
7893518	8.495715
7893528	6.78955
7893530	12.56564
7893534	7.114555
7893539	9.805964
7893543	11.66175
7893544	7.403749
7893547	13.03173
7893549	5.843895
7893550	10.70655
7893551	8.329383
7893552	4.504873
7893554	8.821504
7893558	10.51453
7893559	10.91212
7893561	9.323839
7893564	12.18424
7893568	8.347084
7893571	10.12461
7893572	6.232857
7893573	8.014725
7893574	8.989321
7893582	11.94837
7893587	6.166421
7893591	9.953572
7893592	11.57615
7893593	6.098697
7893594	5.549566
7893602	9.758458
7893603	11.15989
7893608	7.668069
7893609	10.08279
7893619	8.049202
7893628	6.92853
7893630	6.4847
7893632	11.32437
7893639	8.410709
7893640	8.009093
7893641	9.400345
7893642	9.797175
7893647	11.64382
7893649	8.966845
7893650	12.76929
7893657	7.21175
7893662	11.95818
7893664	7.642027
7893676	9.201425
7893681	3.380791
7893682	7.263386
7893684	7.766754
7893685	8.571301
7893690	7.752913
7893700	7.420528
7893709	8.888201
7893711	10.91883
7893714	8.59785
7893715	8.548667
7893717	4.796305
7893721	4.097664
7893727	12.02632
7893729	6.789736
7893732	10.20869
7893733	9.703242
7893734	9.134591
7893738	6.971163
7893740	9.787019
7893745	6.991631
7893747	8.54786
7893752	6.488529
7893759	11.3275
7893762	13.96196
7893763	10.1657
7893769	8.808396
7893773	8.874629
7893774	9.738787
7893777	5.86701
7893778	8.07547
7893779	8.569376
7893782	6.448294
7893785	10.48501
7893787	5.988901
7893788	8.265035
7893792	7.95829
7893793	6.500018
7893796	6.277463
7893798	3.898386
7893806	4.559421
7893808	12.27434
7893814	6.602851
7893815	10.95482
7893816	8.606842
7893821	6.185128
7893822	3.220762
7893827	7.114582
7893834	6.57157
7893840	7.714932
7893850	9.993651
7893853	8.53299
7893855	9.313014
7893856	6.629041
7893870	8.130305
7893880	10.12236
7893883	9.232341
7893886	7.476732
7893888	7.284129
7893892	7.886897
7893904	10.8626
7893905	8.740315
7893908	2.089111
7893910	6.264634
7893913	8.284446
7893918	5.08474
7893919	9.030532
7893921	6.651086
7893922	9.540411
7893923	11.42571
7893926	11.11412
7893928	9.777802
7893933	6.923739
7893941	8.443367
7893946	8.200855
7893948	6.92634
7893952	7.485643
7893956	11.2277
7893961	7.78158
7893963	2.459781
7893966	10.53288
7893968	8.28068
7893973	8.700214
7893979	7.886072
7893981	7.20975
7893991	7.262837
7894010	3.962452
7894011	7.548235
7894012	13.09196
7894019	9.488821
7894029	11.17303
7894033	9.841459
7894041	7.939332
7894042	10.76165
7894043	11.24434
7894044	10.25114
7894051	10.98849
7894055	9.759191
7894056	11.71661
7894057	10.98619
7894058	11.5307
7894061	7.729582
7894067	7.314605
7894068	9.072184
7894070	9.088613
7894072	8.750373
7894074	9.340245
7894076	8.305647
7894078	6.225811
7894083	11.29622
7894086	10.31746
7894088	8.821404
7894098	12.184
7894100	9.244967
7894104	9.399202
7894107	12.20216
7894110	12.57015
7894114	11.50315
7894115	7.990212
7894118	9.087855
7894119	7.650897
7894125	9.371424
7894134	8.684467
7894136	9.620482
7894138	7.804902
7894146	8.097962
7894157	2.211641
7894158	8.092138
7894160	9.212369
7894161	8.77701
7894165	3.708611
7894171	9.756408
7894185	10.0997
7894186	9.467002
7894188	7.645473
7894195	8.953877
7894196	2.636552
7894199	5.981801
7894204	3.016961
7894205	7.835415
7894209	6.104561
7894211	9.153656
7894212	7.207226
7894214	10.27609
7894226	6.589769
7894238	3.380791
7894239	10.07301
7894251	6.505468
7894252	9.312656
7894258	10.71519
7894262	10.17462
7894263	9.592419
7894264	11.28311
7894267	5.835171
7894269	9.515226
7894272	8.030591
7894277	5.952703
7894282	11.73175
7894284	8.666195
7894289	8.496928
7894290	8.274316
7894291	8.296483
7894294	12.14966
7894295	7.294951
7894304	9.997719
7894306	7.667818
7894307	11.76357
7894315	7.178618
7894316	7.319493
7894321	5.737165
7894324	11.07696
7894329	3.842852
7894331	6.646753
7894336	7.246611
7894341	7.481975
7894350	4.091925
7894355	6.806449
7894363	7.778672
7894366	11.99208
7894372	10.68887
7894373	6.564625
7894374	9.829801
7894375	8.435466
7894376	5.90547
7894379	9.36542
7894380	9.37075
7894386	5.394036
7894389	9.275947
7894395	9.728954
7894402	10.84777
7894404	11.91759
7894411	9.567531
7894412	8.113539
7894413	10.38939
7894416	9.113982
7894419	7.556105
7894421	9.555144
7894427	5.048677
7894428	7.461938
7894429	10.42109
7894431	8.386226
7894433	10.11695
7894435	7.973448
7894436	8.96734
7894437	5.213041
7894438	6.060325
7894439	12.24014
7894449	9.163425
7894451	7.077402
7894459	8.129705
7894469	10.03921
7894470	7.950509
7894471	10.71892
7894474	8.657148
7894478	8.927144
7894479	7.746313
7894485	10.89697
7894489	7.62584
7894492	10.45844
7894496	9.237187
7894498	8.137005
7894501	9.163964
7894504	3.965499
7894512	10.56923
7894513	8.192357
7894515	7.924911
7894516	7.163697
7894518	6.29533
7894519	10.40177
7894520	9.791123
7894527	11.1479
7894529	9.707682
7894535	11.56481
7894536	10.03042
7894540	12.08533
7894542	11.27919
7894546	6.095755
7894548	9.479955
7894549	4.407946
7894551	11.68018
7894552	9.288126
7894555	7.454941
7894557	7.118032
7894558	6.987374
7894561	7.705444
7894562	7.546226
7894563	7.205801
7894570	2.118218
7894574	6.358351
7894579	9.678514
7894581	7.213768
7894583	7.306228
7894594	2.513129
7894596	11.82473
7894599	4.415902
7894604	9.180678
7894605	11.48547
7894617	8.41999
7894627	5.874775
7894634	8.792336
7894635	6.236428
7894637	7.093224
7894638	10.42625
7894639	9.578892
7894642	10.0729
7894648	6.325747
7894657	8.57734
7894661	11.04392
7894662	8.789962
7894665	6.647526
7894666	12.46677
7894672	12.39519
7894674	8.993817
7894675	8.042053
7894681	9.302341
7894682	8.284106
7894683	3.813144
7894685	10.60471
7894687	10.6041
7894698	7.545491
7894699	12.11273
7894700	5.644835
7894704	10.97449
7894708	8.43544
7894711	7.147399
7894712	8.964862
7894716	10.13822
7894722	6.01829
7894725	9.939961
7894732	6.613342
7894737	7.438156
7894740	11.07478
7894742	4.905087
7894744	9.394477
7894746	4.73097
7894757	9.203624
7894758	11.64294
7894761	10.6319
7894767	11.63563
7894769	9.3648
7894771	7.763361
7894774	9.888988
7894777	5.500494
7894782	7.619045
7894788	5.449716
7894790	8.268947
7894791	6.285148
7894796	8.706404
7894798	11.10732
7894801	7.57294
7894806	9.306581
7894808	10.47875
7894813	7.29592
7894824	9.35381
7894826	9.378023
7894827	8.279257
7894834	8.054978
7894837	5.779212
7894838	8.251023
7894844	4.763652
7894845	10.16977
7894846	9.315296
7894858	9.720364
7894860	9.66074
7894873	6.828153
7894877	5.963848
7894878	8.825914
7894884	8.031339
7894896	11.5051
7894903	7.891079
7894906	6.984799
7894908	9.068106
7894914	12.14118
7894916	7.830792
7894919	9.154409
7894926	9.152966
7894927	4.686605
7894944	4.981979
7894946	1.893444
7894951	8.898893
7894964	9.618008
7894968	7.383767
7894969	6.112906
7894971	8.863445
7894974	6.127468
7894977	7.216567
7894978	7.032235
7894980	7.510386
7894982	9.854985
7894984	8.135297
7894990	10.02582
7894999	11.11485
7895001	6.709357
7895003	8.216072
7895005	9.923011
7895008	6.043494
7895012	7.642993
7895014	6.701086
7895016	7.762642
7895017	11.7073
7895018	6.718226
7895019	7.172624
7895026	5.306781
7895031	4.016736
7895032	7.50244
7895033	9.986615
7895034	9.060488
7895036	9.069118
7895038	8.67202
7895039	9.766742
7895042	8.577824
7895045	7.72091
7895052	8.818806
7895054	7.152607
7895055	9.429862
7895056	8.639666
7895057	12.12424
7895062	9.585962
7895067	8.354152
7895068	8.583476
7895069	6.279251
7895072	10.50751
7895077	8.223628
7895081	6.371968
7895082	9.457191
7895084	10.10612
7895087	9.361512
7895088	9.307511
7895089	11.0144
7895090	8.58516
7895091	7.146646
7895096	6.224627
7895098	7.239389
7895101	9.714577
7895105	3.980818
7895110	11.73557
7895112	11.02056
7895119	9.683718
7895121	6.457159
7895122	11.62074
7895123	10.68905
7895133	8.666693
7895136	2.744305
7895137	11.22517
7895145	7.229235
7895147	8.721748
7895149	11.5706
7895153	8.139442
7895157	8.726931
7895160	8.887823
7895161	9.545003
7895162	6.607743
7895168	7.107377
7895170	9.036046
7895171	7.362708
7895176	2.927336
7895177	8.91203
7895180	7.75071
7895186	5.855435
7895187	7.298745
7895192	8.786092
7895203	6.90185
7895214	9.956841
7895215	9.07947
7895221	8.377907
7895225	8.81083
7895226	9.103758
7895227	9.244061
7895231	8.711119
7895237	6.592966
7895238	9.855412
7895241	8.513587
7895246	7.959053
7895247	6.710247
7895248	11.21509
7895252	6.622034
7895256	7.558
7895258	5.832377
7895263	10.68044
7895264	7.390334
7895267	7.830316
7895271	9.758144
7895272	10.79643
7895273	9.741456
7895274	9.752605
7895275	9.792446
7895276	10.35763
7895277	10.56275
7895283	5.950027
7895288	7.11941
7895289	8.617329
7895290	7.877546
7895291	1.996017
7895294	3.271307
7895298	5.969888
7895299	11.66893
7895308	7.46125
7895312	9.1306
7895317	10.41273
7895318	5.861942
7895320	9.61447
7895322	9.085188
7895324	7.596657
7895325	8.131731
7895328	12.48359
7895330	10.66862
7895331	3.613337
7895334	7.713622
7895336	8.787746
7895340	8.882177
7895347	4.295039
7895355	5.481772
7895356	7.251019
7895357	5.745925
7895358	9.148481
7895360	9.363314
7895365	6.392348
7895373	10.50753
7895376	7.440274
7895379	9.294474
7895382	11.87752
7895393	9.302181
7895397	6.625789
7895404	7.726315
7895405	11.27575
7895411	7.648644
7895414	9.642202
7895417	7.042651
7895419	8.078221
7895422	7.229443
7895425	6.681104
7895427	8.717006
7895438	2.744305
7895439	4.760002
7895441	6.344052
7895444	9.681103
7895447	11.39732
7895468	3.51213
7895472	9.184666
7895475	10.79487
7895476	9.908608
7895478	8.171945
7895481	10.05131
7895484	10.63114
7895490	8.042317
7895492	8.038314
7895499	4.411251
7895509	6.948656
7895510	11.91137
7895515	8.719203
7895517	11.14637
7895518	8.878532
7895520	12.0689
7895521	9.232947
7895525	8.49562
7895532	6.056072
7895538	5.517452
7895539	9.193449
7895542	9.327169
7895544	5.296643
7895545	11.62585
7895547	9.443436
7895548	6.239453
7895551	11.36411
7895554	11.42681
7895557	11.43689
7895559	8.769311
7895574	10.01499
7895578	7.810748
7895579	12.14563
7895585	9.486106
7895588	10.46145
7895590	7.014834
7895596	9.394156
7895597	8.697155
7895599	7.705278
7895602	10.84761
7895604	7.345218
7895606	10.33288
7895610	8.932055
7895614	4.774875
7895616	9.285499
7895619	9.005781
7895620	7.371494
7895622	8.133831
7895626	9.798199
7895629	9.178407
7895630	7.179236
7895632	7.94755
7895640	6.290466
7895643	8.87537
7895647	3.410714
7895656	4.563976
7895657	11.32137
7895658	5.889756
7895661	9.439127
7895665	9.119454
7895674	9.828176
7895676	7.694098
7895677	8.110168
7895681	7.299304
7895685	7.996453
7895687	10.46538
7895690	8.88352
7895691	6.393986
7895693	10.23498
7895694	9.485209
7895697	9.096786
7895704	11.13367
7895710	9.462091
7895719	8.566554
7895721	7.606625
7895726	7.912457
7895729	7.130338
7895737	7.425869
7895739	7.366844
7895752	5.276009
7895758	9.573555
7895759	7.266699
7895761	5.615425
7895762	11.18523
7895767	8.410502
7895770	7.985137
7895774	5.577975
7895778	11.64088
7895780	9.401969
7895787	7.404811
7895790	8.560861
7895791	7.515111
7895806	7.024711
7895808	7.652334
7895810	6.688337
7895816	8.789307
7895817	7.684731
7895818	9.062
7895824	10.77829
7895831	6.115655
7895832	7.509174
7895841	8.941443
7895842	8.963283
7895846	7.8624
7895847	7.410911
7895853	7.426594
7895855	6.081747
7895857	5.772515
7895861	2.951797
7895866	9.33939
7895869	9.20038
7895873	10.42885
7895878	8.877236
7895879	7.738058
7895881	11.31082
7895885	9.37692
7895886	10.78657
7895890	6.776129
7895900	6.082759
7895901	6.666552
7895903	8.438195
7895904	7.114314
7895907	5.395013
7895908	6.742099
7895911	9.184228
7895913	6.908784
7895916	7.967906
7895918	7.994248
7895919	8.419202
7895928	10.97754
7895929	8.102258
7895932	9.163646
7895933	4.051596
7895934	9.373121
7895937	8.417107
7895939	8.865183
7895943	7.665362
7895944	10.23674
7895945	7.506528
7895947	4.450262
7895948	6.721956
7895952	7.291228
7895953	12.2594
7895954	7.664692
7895963	8.042173
7895964	9.345381
7895971	7.569145
7895972	10.00441
7895981	6.566426
7895982	9.866283
7895985	8.941274
7895994	11.45029
7895995	7.581614
7895996	8.911615
7895997	8.03428
7895999	7.891865
7896001	6.006054
7896005	8.690629
7896007	12.31731
7896013	4.787889
7896022	12.466
7896025	7.773612
7896026	6.563921
7896029	10.40246
7896030	8.999453
7896036	9.93912
7896038	10.39139
7896039	8.257509
7896041	8.363899
7896044	9.143332
7896047	8.954749
7896050	10.74965
7896054	9.118044
7896059	8.501951
7896064	6.875578
7896067	12.09698
7896069	6.544632
7896070	8.743449
7896076	7.178145
7896082	9.59308
7896084	11.19958
7896085	8.203244
7896089	7.763881
7896091	8.133865
7896094	3.822639
7896095	5.126482
7896101	7.325058
7896108	7.652528
7896111	10.88042
7896112	6.814618
7896120	5.725453
7896123	9.135098
7896128	7.179199
7896130	8.186173
7896133	6.612824
7896136	10.73722
7896137	6.373507
7896138	8.953984
7896139	8.633067
7896140	8.703599
7896142	10.33504
7896148	9.006691
7896156	9.367124
7896157	9.169042
7896158	8.432066
7896159	10.50087
7896162	9.190478
7896167	6.572023
7896168	11.12189
7896169	11.40172
7896170	10.39622
7896174	8.266501
7896175	7.445304
7896178	8.312897
7896184	11.1169
7896185	10.15895
7896186	8.111692
7896188	11.03855
7896191	8.657196
7896200	8.622169
7896201	9.94698
7896205	7.864717
7896210	9.670378
7896221	8.289681
7896222	5.424105
7896227	11.25259
7896228	7.835497
7896230	8.013721
7896231	7.406852
7896232	4.708474
7896240	9.688547
7896241	6.462644
7896247	11.49335
7896249	9.11962
7896250	10.83838
7896253	10.83745
7896258	9.820598
7896269	6.428377
7896277	4.370128
7896278	8.076612
7896283	4.680164
7896287	7.61212
7896292	12.07781
7896302	8.773544
7896308	9.411783
7896310	8.622074
7896319	8.764406
7896321	9.279996
7896324	6.062515
7896325	8.850691
7896329	6.609948
7896331	7.892078
7896337	6.28042
7896339	8.341921
7896343	6.874243
7896345	11.88402
7896349	10.07476
7896352	11.76217
7896356	7.849524
7896358	9.916487
7896360	10.69385
7896362	8.397374
7896365	5.695645
7896367	9.302671
7896369	7.810953
7896370	9.203133
7896371	10.4542
7896372	8.373101
7896374	1.833833
7896375	10.71426
7896378	7.058272
7896383	3.830386
7896384	8.42665
7896385	11.41207
7896387	13.52156
7896391	6.885248
7896394	5.769593
7896395	6.854696
7896397	12.25437
7896398	6.460877
7896421	10.12185
7896422	8.313439
7896425	9.069839
7896426	4.792706
7896427	11.20234
7896430	7.70477
7896431	4.277908
7896432	8.183339
7896434	8.744767
7896438	11.31968
7896439	9.340034
7896443	8.387704
7896446	5.752457
7896456	6.579451
7896458	9.087299
7896460	2.634832
7896464	8.26178
7896466	8.475291
7896468	7.809628
7896472	7.947134
7896474	6.396894
7896476	7.479648
7896482	8.543717
7896483	8.895256
7896484	8.253754
7896485	9.359951
7896490	7.002492
7896491	10.49042
7896493	8.531007
7896498	9.278624
7896499	5.295687
7896508	8.719057
7896511	11.23353
7896512	8.031293
7896520	8.207746
7896521	3.527585
7896522	8.004549
7896525	5.772758
7896528	11.36341
7896529	8.603004
7896530	2.591844
7896531	9.562191
7896533	10.18454
7896534	7.873631
7896542	9.454247
7896544	8.212627
7896546	7.202112
7896547	7.364074
7896553	5.530039
7896554	8.377419
7896558	5.672351
7896561	6.466074
7896582	6.382302
7896586	10.98315
7896594	10.28851
7896596	6.840251
7896599	9.644964
7896600	7.04636
7896602	9.204019
7896605	8.944973
7896608	9.984408
7896616	9.723861
7896621	9.565948
7896622	11.57524
7896623	7.71967
7896627	5.841771
7896646	6.375434
7896647	9.503934
7896651	8.311375
7896652	9.287498
7896653	11.03438
7896657	11.77683
7896659	6.892777
7896664	9.164662
7896673	7.784014
7896677	7.247616
7896683	11.15822
7896684	9.226132
7896685	9.139186
7892502	4.388786
7892503	5.010358
7892504	9.927871
7892505	3.222884
7892506	4.188759
7892507	5.03045
7892508	3.006809
7892510	4.106243
7892511	3.855718
7892512	8.286203
7892513	3.166058
7892515	10.17172
7892517	6.306549
7892518	2.249991
7892519	5.907966
7892520	10.31779
7892522	7.01683
7892524	6.570075
7892525	6.706492
7892526	7.754132
7892527	9.540823
7892528	3.001142
7892529	7.704326
7892531	7.198687
7892532	3.579686
7892533	9.452208
7892534	4.057082
7892535	7.990213
7892537	4.549341
7892538	6.77016
7892539	3.090858
7892540	5.643075
7892543	6.52663
7892544	5.476221
7892545	6.612073
7892547	4.406926
7892550	6.419497
7892551	11.56313
7892552	5.324152
7892553	5.016556
7892554	4.252467
7892557	2.581522
7892558	5.324981
7892560	5.467534
7892563	8.715666
7892566	2.240689
7892567	5.796999
7892570	9.180411
7892571	1.801072
7892572	6.965593
7892573	6.472548
7892575	6.222146
7892577	3.249618
7892580	4.064083
7892581	2.43701
7892582	2.557359
7892583	5.803168
7892584	6.836873
7892585	3.823653
7892586	2.311628
7892587	9.267097
7892588	2.182892
7892589	5.239354
7892590	7.161483
7892591	2.672929
7892592	6.304382
7892593	5.631494
7892594	4.654891
7892595	4.265335
7892597	5.327835
7892600	2.681933
7892602	2.28251
7892603	5.568051
7892604	5.232256
7892606	12.58494
7892608	9.395668
7892611	2.075346
7892612	2.850617
7892613	10.82867
7892614	2.891413
7892615	4.733057
7892616	2.123969
7892617	12.90453
7892619	3.770707
7892624	3.911525
7892626	2.901822
7892629	7.480053
7892631	2.175264
7892632	4.750601
7892633	8.503134
7892634	9.966669
7892636	8.823277
7892637	5.555015
7892638	1.72247
7892641	3.966509
7892642	10.59387
7892645	3.075155
7892646	3.197386
7892647	8.14817
7892649	5.60014
7892651	3.193551
7892653	2.741377
7892654	9.196724
7892655	4.745245
7892656	3.288956
7892657	2.531228
7892658	2.418625
7892659	4.02617
7892660	2.042281
7892664	5.150301
7892665	5.254368
7892666	3.083123
7892667	10.65992
7892669	7.454823
7892671	4.498065
7892672	5.138483
7892673	7.101076
7892675	4.728593
7892676	4.357914
7892677	11.04874
7892681	8.70435
7892683	4.06631
7892685	4.878134
7892686	8.081142
7892689	5.085675
7892690	5.360518
7892691	1.858546
7892692	7.850506
7892693	8.549858
7892695	6.595805
7892696	6.675996
7892700	6.072549
7892702	8.160595
7892705	6.157328
7892706	5.098293
7892707	12.06674
7892708	5.749876
7892709	4.700241
7892710	2.555454
7892711	10.38478
7892712	8.678464
7892713	10.21404
7892714	4.754925
7892715	4.759785
7892716	6.226483
7892718	4.32524
7892719	9.749249
7892721	10.3741
7892722	2.08652
7892723	2.35053
7892724	7.063471
7892725	3.868517
7892726	2.984297
7892727	2.931989
7892728	3.385685
7892729	3.922149
7892730	4.65612
7892731	5.431776
7892733	4.909757
7892734	5.645387
7892735	7.319223
7892736	5.340516
7892737	4.449511
7892738	7.327497
7892739	6.460195
7892740	5.039186
7892741	5.861253
7892743	3.261044
7892744	6.635348
7892746	3.00719
7892748	10.80113
7892749	4.905171
7892750	4.024408
7892751	8.525963
7892752	2.847273
7892753	13.86586
7892754	4.967391
7892755	4.910072
7892758	7.61454
7892759	9.585839
7892760	5.731974
7892761	7.175626
7892763	8.504366
7892765	10.60852
7892767	3.554641
7892768	5.301684
7892769	2.305738
7892772	4.083294
7892774	4.859674
7892775	3.19531
7892777	5.905555
7892779	2.467036
7892780	4.613737
7892781	7.96372
7892782	13.12314
7892783	9.983425
7892784	4.404385
7892785	3.385685
7892787	2.748215
7892789	4.501898
7892790	5.531637
7892792	7.178082
7892793	3.335351
7892794	7.707169
7892795	6.906909
7892798	2.904512
7892799	3.177137
7892800	2.907846
7892801	2.252235
7892804	4.361722
7892805	3.580313
7892806	7.419544
7892807	4.744874
7892809	2.732489
7892810	4.444457
7892811	2.054448
7892812	6.154188
7892813	3.982787
7892816	11.20739
7892818	2.194726
7892819	4.786222
7892821	3.239413
7892822	4.863245
7892823	7.032696
7892824	7.370554
7892826	5.861369
7892827	13.2773
7892828	1.961694
7892833	2.288915
7892834	3.534969
7892839	2.841445
7892840	5.371528
7892842	3.945399
7892843	2.687163
7892844	3.789968
7892845	6.95701
7892849	3.858671
7892850	10.17171
7892851	7.130976
7892852	8.336866
7892854	3.128569
7892855	4.828584
7892856	6.073113
7892858	2.409285
7892859	6.660684
7892860	6.832326
7892862	10.67896
7892863	9.277119
7892864	6.095814
7892865	11.54324
7892866	3.473821
7892867	2.421154
7892869	9.700809
7892871	10.89983
7892872	4.780146
7892873	4.138919
7892874	3.085584
7892875	6.295713
7892877	4.522633
7892878	7.188352
7892879	6.85123
7892881	4.08952
7892883	2.547662
7892885	3.562167
7892886	5.6366
7892887	4.12502
7892888	3.099501
7892889	12.8233
7892891	12.78939
7892892	3.604485
7892895	4.022712
7892897	6.979542
7892899	12.26125
7892903	8.692934
7892904	3.092599
7892908	4.342412
7892909	9.140806
7892910	4.847427
7892913	5.675043
7892914	4.201068
7892915	8.851275
7892917	4.923351
7892918	6.894761
7892920	7.373584
7892921	2.13166
7892922	4.696982
7892923	2.516612
7892924	11.71867
7892926	9.333236
7892927	2.826319
7892928	10.89626
7892929	3.400222
7892930	11.02185
7892931	5.743134
7892932	7.686059
7892933	5.886578
7892934	6.965809
7892936	4.353024
7892937	8.658924
7892938	10.51253
7892940	12.79459
7892942	3.540987
7892945	1.946077
7892946	6.808893
7892948	11.39857
7892949	3.062094
7892950	4.357376
7892952	5.912884
7892955	10.4343
7892956	11.86746
7892957	5.675903
7892958	4.202315
7892960	10.0109
7892961	7.511055
7892962	4.320498
7892963	4.095921
7892964	3.268939
7892965	2.173673
7892969	11.99383
7892970	5.750279
7892973	5.917943
7892974	8.589786
7892975	2.004598
7892976	2.393423
7892978	6.828688
7892980	4.946622
7892982	3.17769
7892984	6.160858
7892985	5.282752
7892987	12.45178
7892988	1.953648
7892989	5.879898
7892990	5.687646
7892991	9.77189
7892992	13.04715
7892993	10.80286
7892994	3.374252
7892996	9.401873
7892997	4.692495
7892998	5.656006
7892999	5.564928
7893000	5.819987
7893003	5.857163
7893004	7.29423
7893006	4.120191
7893007	10.32933
7893008	4.884662
7893009	4.398095
7893010	6.19596
7893011	5.462117
7893013	7.69621
7893014	4.628212
7893016	4.887623
7893017	6.89956
7893018	6.461993
7893021	5.85295
7893022	4.424109
7893024	3.868517
7893028	5.706583
7893033	12.01582
7893034	6.008535
7893035	5.540632
7893037	6.465041
7893038	1.789425
7893040	6.309311
7893041	3.17769
7893042	10.77606
7893043	6.126607
7893044	1.838082
7893045	4.029734
7893046	3.9047
7893047	6.690033
7893048	6.963138
7893049	5.231648
7893051	9.821473
7893052	4.94509
7893053	4.038739
7893055	4.103906
7893056	6.670169
7893057	2.475979
7893059	7.271882
7893060	4.848952
7893062	4.299815
7893063	4.830787
7893065	5.585105
7893066	2.289904
7893067	8.121433
7893068	9.174827
7893069	8.874413
7893071	6.349192
7893072	9.395406
7893075	8.421355
7893076	5.479884
7893077	13.72994
7893078	2.158622
7893080	2.671423
7893082	7.5195
7893083	4.201407
7893084	9.139232
7893085	10.98047
7893088	4.112839
7893089	6.813939
7893092	5.29337
7893093	2.759959
7893095	4.671504
7893096	11.34097
7893098	6.322407
7893099	6.389183
7893100	7.049634
7893101	13.82991
7893102	5.438227
7893104	6.464164
7893105	10.48438
7893106	8.38694
7893107	2.985725
7893108	2.118218
7893109	3.71875
7893110	3.406749
7893111	5.719787
7893112	4.272258
7893114	7.501329
7893115	4.994819
7893116	9.366802
7893117	3.358136
7893119	5.285617
7893120	6.764328
7893121	11.00395
7893123	8.698529
7893124	3.379274
7893126	4.319811
7893127	4.284755
7893129	7.845372
7893132	8.128236
7893134	5.780159
7893135	1.955419
7893136	5.340648
7893137	3.256266
7893140	13.12457
7893141	7.040712
7893142	7.071663
7893143	9.733751
7893144	3.980032
7893145	5.852228
7893146	6.058865
7893147	13.2771
7893148	9.312438
7893149	5.123081
7893150	3.464958
7893151	7.271861
7893152	11.82518
7893154	7.622374
7893155	5.363912
7893156	8.878775
7893157	2.110804
7893158	6.73141
7893159	5.810484
7893161	2.631501
7893162	3.754627
7893163	2.364334
7893165	9.822244
7893167	5.306943
7893168	7.463382
7893169	5.921
7893171	6.833973
7893172	7.865321
7893174	3.215619
7893175	8.758407
7893176	2.378521
7893177	1.793853
7893178	3.593639
7893179	6.063042
7893180	7.470881
7893182	6.978938
7893183	4.83659
7893185	5.627446
7893186	3.272848
7893188	4.79548
7893189	13.36103
7893190	7.458591
7893192	3.967534
7893193	2.956929
7893195	3.776213
7893197	2.260171
7893198	2.190342
7893199	2.17781
7893200	2.007896
7893202	5.37318
7893203	2.342835
7893204	4.331951
7893207	9.05155
7893209	8.766668
7893210	6.847792
7893211	2.988965
7893212	5.932317
7893213	4.280842
7893214	2.531499
7893215	4.933876
7893216	4.588993
7893219	5.404555
7893220	10.53857
7893221	3.048974
7893222	3.225726
7893223	4.418909
7893224	3.858443
7893225	7.176655
7893226	3.461427
7893227	6.158684
7893228	6.240762
7893230	2.423239
7893231	12.66459
7893233	3.471247
7893234	6.759119
7893236	6.575215
7893237	10.1721
7893239	6.013633
7893241	10.09206
7893242	10.41206
7893243	2.902513
7893245	5.792675
7893246	5.704315
7893247	11.44773
7893251	4.790487
7893252	5.973554
7893253	9.43855
7893254	4.561031
7893255	6.346372
7893256	4.591331
7893260	4.646296
7893263	7.272916
7893265	3.915425
7893267	3.874407
7893269	7.285088
7893274	2.196052
7893275	3.55576
7893276	3.706783
7893278	5.175814
7893279	3.023512
7893280	2.343502
7893281	12.3051
7893282	3.464947
7893283	11.73242
7893284	2.841543
7893285	6.465228
7893286	3.175895
7893287	3.207868
7893288	8.198395
7893289	11.98013
7893290	5.396406
7893292	2.186007
7893293	2.053583
7893294	9.508758
7893295	3.003508
7893296	3.886524
7893299	6.052442
7893300	4.94524
7893301	3.800808
7893302	7.246349
7893303	1.937853
7893304	6.531623
7893307	2.518123
7893308	4.042533
7893310	4.412822
7893311	10.87928
7893312	2.630996
7893314	5.677995
7893315	6.935316
7893317	1.956795
7893318	2.499605
7893319	6.09715
7893320	5.346588
7893321	12.21291
7893322	6.635348
7893323	2.563926
7893324	4.692392
7893326	3.758565
7893327	2.256035
7893328	2.415142
7893329	6.973625
7893330	2.903927
7893331	4.270032
7893332	6.110061
7893334	10.73649
7893335	10.82141
7893336	11.59274
7893337	10.4206
7893338	9.528644
7893341	7.296427
7893342	3.285429
7893343	6.880273
7893347	1.80808
7893351	11.05553
7893352	7.87765
7893353	8.397214
7893355	5.737165
7893358	4.284755
7893360	6.724299
7893361	6.493719
7893365	7.706255
7893366	6.678208
7893367	10.49109
7893369	6.86769
7893370	4.160442
7893372	1.25988
7893373	7.147399
7893375	1.645169
7893376	4.051596
7893377	1.590581
7893378	2.034981
7893379	2.254469
7893380	5.956535
7893381	4.082551
7893383	5.109322
7893387	5.418262
7893388	3.892797
7893389	2.609431
7893391	9.913666
7893396	6.763644
7893397	3.880767
7893398	2.978361
7893400	4.385538
7893401	3.12001
7893402	10.06325
7893403	5.124295
7893404	5.558157
7893405	5.273384
7893406	3.17769
7893408	7.586406
7893410	7.639541
7893411	6.201747
7893412	5.795552
7893414	13.30915
7893415	4.796741
7893416	5.616949
7893417	1.984297
7893418	9.567742
7893421	5.585244
7893423	2.824305
7893425	1.942752
7893427	4.115468
7893428	10.30385
7893429	3.642304
7893430	3.340528
7893431	2.622831
7893432	6.548301
7893433	5.081702
7893434	2.23276
7893435	9.741803
7893436	7.369842
7893437	6.925833
7893438	9.826141
7893440	2.499419
7893442	6.931677
7893444	6.22186
7893445	4.248197
7893446	5.008135
7893448	9.599776
7893450	2.975186
7893451	4.902712
7893452	3.634443
7893456	3.673228
7893457	2.628935
7893459	3.868276
7893462	4.327697
7893464	6.904028
7893465	5.917094
7893468	7.70521
7893469	13.106
7893470	7.084445
7893471	2.520185
7893472	8.459435
7893473	5.348147
7893474	4.470402
7893475	6.972507
7893478	8.331899
7893479	2.361704
7893480	7.982819
7893482	6.325407
7893483	7.714542
7893484	5.214946
7893487	4.121138
7893488	10.08045
7893489	2.115448
7893490	2.119976
7893491	10.34057
7893492	5.87874
7893493	6.046579
7893495	7.582019
7893496	5.006752
7893498	13.32054
7893499	2.567605
7893501	6.41923
7893502	2.085791
7893503	8.967886
7893505	2.052183
7893507	13.79636
7893508	3.154112
7893509	3.714426
7893510	4.235083
7893511	10.11261
7893512	3.153736
7893513	8.20155
7893514	4.161931
7893515	9.235096
7893519	5.016698
7893520	3.134012
7893521	5.763776
7893522	6.138378
7893523	4.869128
7893524	7.105901
7893525	7.256894
7893526	3.3798
7893527	5.794025
7893529	4.181655
7893531	7.763475
7893532	4.786222
7893533	7.723598
7893535	3.069832
7893536	11.88211
7893537	4.988834
7893538	3.862487
7893540	13.02481
7893541	2.97742
7893542	6.310731
7893545	9.997906
7893546	9.080481
7893548	3.607678
7893553	4.790505
7893555	5.932943
7893556	3.68607
7893557	9.327767
7893560	7.796855
7893562	5.692475
7893563	3.306553
7893565	5.375241
7893566	1.998568
7893567	7.359528
7893569	2.552998
7893570	4.680164
7893575	3.734581
7893576	5.87874
7893577	2.332466
7893578	3.418736
7893579	2.027085
7893580	4.334382
7893581	4.100209
7893583	10.91421
7893584	5.14833
7893585	8.564824
7893586	6.188737
7893588	4.844932
7893589	4.142612
7893590	5.282581
7893595	1.807662
7893596	3.462949
7893597	2.708058
7893598	9.365291
7893599	8.916691
7893600	6.281071
7893601	6.691576
7893604	4.183218
7893605	11.9136
7893606	4.833021
7893607	3.556722
7893610	5.215508
7893611	4.733193
7893612	2.763493
7893614	2.433299
7893615	4.051596
7893616	8.474253
7893617	6.258422
7893618	3.73524
7893620	3.875482
7893621	2.587253
7893622	2.744305
7893623	2.880515
7893624	4.455759
7893626	2.356925
7893627	8.521461
7893629	2.173189
7893631	7.039356
7893633	10.38061
7893634	12.41961
7893635	3.886361
7893636	1.861773
7893637	7.712425
7893638	2.741877
7893644	8.044338
7893645	9.258457
7893646	8.710946
7893648	2.921789
7893651	9.193649
7893652	5.726654
7893653	6.431967
7893654	7.796234
7893655	3.56032
7893656	4.277823
7893658	9.811886
7893659	2.728014
7893660	9.730869
7893661	10.79299
7893663	4.236707
7893665	5.710085
7893666	3.303547
7893667	5.809251
7893668	1.873814
7893669	4.395487
7893670	11.85668
7893671	4.305532
7893672	6.927158
7893673	5.367342
7893674	2.118218
7893675	10.63879
7893677	13.77691
7893678	2.960997
7893679	2.883823
7893683	5.277855
7893686	4.634789
7893688	3.608471
7893689	12.89548
7893691	2.229209
7893692	7.890803
7893693	4.166103
7893694	1.873814
7893695	7.372487
7893696	8.417431
7893697	5.523795
7893698	4.668596
7893699	4.711007
7893701	11.06197
7893702	2.817981
7893703	9.610625
7893704	7.058748
7893705	10.25614
7893706	4.429179
7893707	6.702099
7893708	9.850038
7893710	11.9493
7893712	5.421792
7893713	9.319278
7893716	3.96543
7893718	4.0486
7893719	3.060229
7893720	9.681666
7893722	5.716235
7893723	3.629246
7893724	6.807212
7893725	13.63377
7893726	8.434863
7893728	8.683686
7893730	3.875482
7893731	12.6118
7893735	5.504113
7893736	6.62771
7893737	5.555386
7893739	9.279903
7893741	4.350913
7893742	1.790177
7893743	10.77298
7893744	8.103595
7893746	4.871271
7893748	6.306141
7893749	3.883226
7893750	5.82522
7893751	8.895269
7893753	2.942393
7893754	7.399325
7893755	4.226791
7893756	4.503422
7893757	4.814626
7893758	5.826388
7893760	1.847522
7893761	5.237782
7893764	6.517025
7893765	7.750738
7893766	9.690593
7893767	6.153614
7893768	4.887791
7893770	4.500871
7893771	6.835954
7893772	3.06833
7893775	3.905977
7893776	2.138913
7893780	2.952787
7893781	9.955749
7893783	11.5945
7893784	10.71998
7893786	8.703192
7893789	11.18356
7893790	8.491291
7893791	8.867618
7893794	7.259195
7893795	5.927766
7893797	5.25149
7893799	3.860262
7893800	9.663209
7893801	3.379521
7893802	12.011
7893803	4.189365
7893804	4.916303
7893805	7.845023
7893807	7.650898
7893809	7.773821
7893810	6.687269
7893811	5.170194
7893812	10.01777
7893813	7.068083
7893817	5.456538
7893818	5.084538
7893819	6.196595
7893820	11.79019
7893823	4.833583
7893824	7.846047
7893825	5.790773
7893826	7.861395
7893828	5.335869
7893829	2.142915
7893830	4.674357
7893831	7.300558
7893832	6.380096
7893833	9.726254
7893835	9.596726
7893836	9.831779
7893837	4.412821
7893838	12.93956
7893839	2.346722
7893841	10.01019
7893842	5.981147
7893843	4.109977
7893844	4.692403
7893845	2.434465
7893846	2.988965
7893847	5.731066
7893848	4.979882
7893849	5.442296
7893851	7.297371
7893854	2.18611
7893857	8.788702
7893858	2.520436
7893859	4.187009
7893860	5.338911
7893861	7.23507
7893862	3.697219
7893863	2.319813
7893864	4.922421
7893865	3.137685
7893866	13.48504
7893867	7.213877
7893868	4.23542
7893869	8.514141
7893871	5.41022
7893872	10.24288
7893873	4.283656
7893874	3.487236
7893875	9.150131
7893876	10.07245
7893877	3.8663
7893878	6.424212
7893879	5.493223
7893881	7.553909
7893882	5.086119
7893884	6.718743
7893885	1.573898
7893887	3.028404
7893889	10.43985
7893890	5.526932
7893891	2.948065
7893893	9.678276
7893894	4.263907
7893895	3.212453
7893896	5.94331
7893897	6.130639
7893898	4.467107
7893899	4.557939
7893900	7.152873
7893901	10.06521
7893902	4.82239
7893906	6.344195
7893907	7.256895
7893909	4.037462
7893911	3.423346
7893912	3.271307
7893914	10.25925
7893915	4.275233
7893916	9.559792
7893917	2.555178
7893920	4.531133
7893924	9.192428
7893925	7.88935
7893927	3.375371
7893929	10.96664
7893930	5.828833
7893931	2.793893
7893932	7.786221
7893934	6.78705
7893935	2.423239
7893936	6.543355
7893937	10.70965
7893938	8.147085
7893940	4.487359
7893942	7.130911
7893943	3.621303
7893944	1.771142
7893945	9.095284
7893947	5.063833
7893949	9.815725
7893950	5.827896
7893951	4.301583
7893953	7.379368
7893954	7.472699
7893955	4.226363
7893957	4.370266
7893958	7.469956
7893959	9.169525
7893960	9.24579
7893962	3.937649
7893964	5.583673
7893965	4.019969
7893967	6.618823
7893969	2.888048
7893970	3.774524
7893971	5.059166
7893972	12.23615
7893974	2.926595
7893975	2.23276
7893976	4.565642
7893977	2.771525
7893978	3.279241
7893980	3.954799
7893982	3.030223
7893983	3.668941
7893984	4.310771
7893985	7.591647
7893986	6.719254
7893987	4.939119
7893989	5.989163
7893990	5.180287
7893992	7.216618
7893993	12.48556
7893994	2.878618
7893995	5.732259
7893996	3.377813
7893997	5.830503
7893998	10.06532
7893999	4.277908
7894000	13.26168
7894001	6.071977
7894002	3.92581
7894003	2.103954
7894004	1.994048
7894005	9.310815
7894006	3.434542
7894007	13.08359
7894008	7.643348
7894009	5.188926
7894013	9.080873
7894014	2.696512
7894015	7.558678
7894016	7.116483
7894017	6.244153
7894018	6.168213
7894020	6.736837
7894021	3.4419
7894022	5.705451
7894023	1.95651
7894024	2.085382
7894025	3.653934
7894026	7.621722
7894027	8.399972
7894028	6.374832
7894030	7.756313
7894031	8.418537
7894032	2.558658
7894034	4.681631
7894035	3.559902
7894036	13.07532
7894037	10.20753
7894038	7.438863
7894039	8.999069
7894040	3.651017
7894045	8.936987
7894046	8.897514
7894047	5.989129
7894048	9.695631
7894049	8.179771
7894050	3.704752
7894052	6.167446
7894053	3.162908
7894054	1.848337
7894059	4.534882
7894060	6.660185
7894062	11.45201
7894063	9.169487
7894064	11.78298
7894065	6.030222
7894066	4.924149
7894069	4.616695
7894071	4.21477
7894073	5.430571
7894075	5.809561
7894077	3.81083
7894079	3.038619
7894080	4.465483
7894081	5.233621
7894082	4.786222
7894084	5.325687
7894085	8.384203
7894087	11.41607
7894089	8.082654
7894090	2.496312
7894091	3.27965
7894092	7.067093
7894093	4.626532
7894094	4.849415
7894095	2.936903
7894096	3.67195
7894097	7.438568
7894099	3.349083
7894101	4.425488
7894102	10.60905
7894103	7.098873
7894105	2.522777
7894106	6.193578
7894108	5.15863
7894109	6.711545
7894111	5.491945
7894112	7.425095
7894113	3.302745
7894116	6.69118
7894117	9.141646
7894120	3.392757
7894121	5.795186
7894122	13.29236
7894123	2.173672
7894124	5.308965
7894126	9.606236
7894128	6.635209
7894129	8.270469
7894130	6.24859
7894131	10.95353
7894133	3.499149
7894135	11.85131
7894137	3.707576
7894139	3.659461
7894140	5.395493
7894141	6.547281
7894142	7.152668
7894143	1.99885
7894144	6.225257
7894145	11.62165
7894147	4.775742
7894148	9.46216
7894149	4.247667
7894150	2.042281
7894151	5.168797
7894152	5.208781
7894153	6.461159
7894154	7.448451
7894155	8.125485
7894156	9.27102
7894159	10.59715
7894162	6.363776
7894163	5.1185
7894166	3.206419
7894167	5.992962
7894168	3.978285
7894169	4.502777
7894170	4.376596
7894172	5.733064
7894173	5.373159
7894174	6.79457
7894175	1.855154
7894176	6.403391
7894177	5.105803
7894178	6.413251
7894179	3.230849
7894180	5.225002
7894181	9.022851
7894182	5.384599
7894183	5.82369
7894184	4.843186
7894187	3.481799
7894189	10.78042
7894190	3.042041
7894191	4.284848
7894192	11.5306
7894193	6.270858
7894194	4.236874
7894197	1.646724
7894200	9.018858
7894201	5.863869
7894202	7.876471
7894203	5.104108
7894206	3.23723
7894207	11.69645
7894208	5.929926
7894210	7.436668
7894213	11.71541
7894215	6.10982
7894216	6.145931
7894217	4.405533
7894218	10.35916
7894219	5.056329
7894220	7.789315
7894221	2.902015
7894222	4.476611
7894223	11.93586
7894224	6.72068
7894225	7.409854
7894227	4.218398
7894228	4.193514
7894229	6.307752
7894230	2.723883
7894231	4.809826
7894232	10.29633
7894233	4.299448
7894234	8.608834
7894235	10.05354
7894236	13.72204
7894237	6.579625
7894240	6.061513
7894241	3.710493
7894242	6.180279
7894243	2.118218
7894244	5.658877
7894245	2.647646
7894246	7.533799
7894247	4.907859
7894248	3.275157
7894249	11.24214
7894250	4.194732
7894253	3.414318
7894254	7.514341
7894255	2.316868
7894256	11.59882
7894257	4.853315
7894259	2.705517
7894260	3.691692
7894265	2.314546
7894266	8.583289
7894268	7.180876
7894270	3.401013
7894271	3.488292
7894273	6.37649
7894274	5.516426
7894275	3.868276
7894276	7.992676
7894278	11.72715
7894279	5.476448
7894280	8.472775
7894281	6.220819
7894283	8.937147
7894285	5.323316
7894286	4.924112
7894287	2.773868
7894288	8.92113
7894292	4.553227
7894293	5.952981
7894296	3.955368
7894297	5.387201
7894298	7.186864
7894299	9.269754
7894300	4.434723
7894301	8.025856
7894302	6.031903
7894303	6.384943
7894305	7.630662
7894308	9.902407
7894309	9.922995
7894310	2.956929
7894311	3.407295
7894312	7.301966
7894313	6.888681
7894314	3.63894
7894317	2.036819
7894318	5.492412
7894319	3.626149
7894320	11.63903
7894322	5.856212
7894323	2.677567
7894325	4.216368
7894326	3.392757
7894327	2.128812
7894328	6.741771
7894330	5.169022
7894332	6.714999
7894333	2.975282
7894334	2.777607
7894335	5.659128
7894337	5.941539
7894338	2.286172
7894339	1.732881
7894340	2.500012
7894342	4.331249
7894343	6.405903
7894344	2.066638
7894345	7.279291
7894346	9.480416
7894347	4.957466
7894349	2.923332
7894351	6.384737
7894352	6.466691
7894353	2.044579
7894354	5.599403
7894356	6.798461
7894357	3.050852
7894358	4.813931
7894359	2.748113
7894360	6.612047
7894361	6.671311
7894362	3.65886
7894364	5.2034
7894365	2.547256
7894367	9.039223
7894368	3.028861
7894369	9.087496
7894370	6.348018
7894371	5.397312
7894377	2.956929
7894378	3.998472
7894381	4.773714
7894382	12.30683
7894383	4.144472
7894384	7.711225
7894385	6.736192
7894387	7.535393
7894388	7.91775
7894390	4.957039
7894391	6.510265
7894392	13.53279
7894393	2.888786
7894394	4.472713
7894396	4.262146
7894397	1.965892
7894398	3.369429
7894399	10.18995
7894400	6.93541
7894401	3.321618
7894403	4.732762
7894405	6.115267
7894406	12.03524
7894407	3.876109
7894408	10.70196
7894409	5.511849
7894410	5.068289
7894414	1.560674
7894415	2.554194
7894417	2.285199
7894418	8.539547
7894420	7.313457
7894422	7.512713
7894423	5.103276
7894425	2.934464
7894426	5.254466
7894430	6.14068
7894432	8.781498
7894434	7.665639
7894440	5.593732
7894441	5.85198
7894442	5.658426
7894443	7.287659
7894444	10.3076
7894445	8.570912
7894446	5.850664
7894447	12.12961
7894448	2.521511
7894450	4.191574
7894452	4.415161
7894453	6.988912
7894454	7.172709
7894455	5.965555
7894456	5.434571
7894457	6.000859
7894458	2.721354
7894460	13.69912
7894461	8.722086
7894462	4.399177
7894463	2.011478
7894464	8.982641
7894465	3.292727
7894466	5.11206
7894467	8.761778
7894468	6.556259
7894472	6.301293
7894473	5.296345
7894475	11.2804
7894476	7.24245
7894477	2.405177
7894481	13.3364
7894482	8.418074
7894483	5.65385
7894484	7.196424
7894486	6.058543
7894487	2.335448
7894488	4.24744
7894490	8.221103
7894491	6.495967
7894493	9.313024
7894494	8.745231
7894495	8.270714
7894497	5.571113
7894499	12.11752
7894500	2.298266
7894502	4.843512
7894503	6.469767
7894505	3.518959
7894506	3.27924
7894507	4.999629
7894508	5.700541
7894509	5.239665
7894510	4.135617
7894511	6.113894
7894514	5.737672
7894517	2.067061
7894521	4.505628
7894522	9.54755
7894523	10.71047
7894524	3.335723
7894525	6.332416
7894526	7.195301
7894528	3.955368
7894530	4.015805
7894531	5.052527
7894532	5.246398
7894533	5.415967
7894534	4.088701
7894537	6.273171
7894538	4.59508
7894539	6.61957
7894541	1.793853
7894543	7.223944
7894544	2.351506
7894545	2.496064
7894547	3.740425
7894550	8.117382
7894553	2.444084
7894554	2.726078
7894556	9.074445
7894559	4.376342
7894560	7.062959
7894564	2.607713
7894565	7.016642
7894566	6.324046
7894567	2.273293
7894568	8.844317
7894569	5.588681
7894571	6.308083
7894572	6.814835
7894573	10.90641
7894575	8.544153
7894576	4.927425
7894577	10.69838
7894578	11.67862
7894580	3.758082
7894582	5.751442
7894586	3.238101
7894587	3.489523
7894588	2.118218
7894589	2.435012
7894590	4.847427
7894591	2.786889
7894593	3.007811
7894595	9.553308
7894597	7.182361
7894598	7.478174
7894600	4.98842
7894601	3.805776
7894602	2.704133
7894603	5.821665
7894606	6.049142
7894607	6.576519
7894608	3.574044
7894609	7.950685
7894610	6.442327
7894612	10.39591
7894613	11.94884
7894614	4.238842
7894615	3.072509
7894616	1.833833
7894618	4.859859
7894619	6.414952
7894620	5.891911
7894621	9.837803
7894622	3.823661
7894623	2.517535
7894624	9.643282
7894625	6.538641
7894626	11.50231
7894628	6.283844
7894629	3.460287
7894630	3.125502
7894631	6.249125
7894632	6.521036
7894633	6.720713
7894636	2.248681
7894640	11.82573
7894641	7.29118
7894643	3.27294
7894644	6.692166
7894645	10.35227
7894646	4.079842
7894647	13.86724
7894649	3.792292
7894650	6.14635
7894651	4.398351
7894652	4.672331
7894653	11.10214
7894654	2.367341
7894655	5.312197
7894656	5.290082
7894658	7.798833
7894659	1.745336
7894660	5.215703
7894663	3.045755
7894664	7.528464
7894667	4.651221
7894668	5.972578
7894669	4.526847
7894670	5.375512
7894671	8.98355
7894673	6.912329
7894676	4.946177
7894677	3.589464
7894678	7.313018
7894679	7.447521
7894680	9.555498
7894686	4.686407
7894688	6.332962
7894689	6.719004
7894690	3.936603
7894691	4.076656
7894692	5.674217
7894693	5.778517
7894694	7.4788
7894696	8.666896
7894697	6.2106
7894701	3.855379
7894702	4.794773
7894703	3.163473
7894705	3.177154
7894706	8.892586
7894707	7.353951
7894709	8.48436
7894710	2.318839
7894713	3.343214
7894714	5.407564
7894715	3.191046
7894717	7.885774
7894718	4.51344
7894719	5.523302
7894720	7.119104
7894721	3.09104
7894723	12.18747
7894724	3.112152
7894726	2.693064
7894727	7.863641
7894728	7.749443
7894729	4.887328
7894731	3.678735
7894733	8.835085
7894734	9.793565
7894735	2.446548
7894736	5.874874
7894738	3.6268
7894739	4.791698
7894741	8.870992
7894743	3.243433
7894745	4.406251
7894747	10.61864
7894748	4.040825
7894749	2.621122
7894751	3.130489
7894752	6.062213
7894753	6.357329
7894754	8.039985
7894755	3.179669
7894756	8.776323
7894759	2.763962
7894760	8.255022
7894762	7.402457
7894763	6.84009
7894764	4.86103
7894765	6.326338
7894766	4.520571
7894768	12.03518
7894770	13.58468
7894772	7.7102
7894773	2.324858
7894775	4.89194
7894776	6.576441
7894778	3.717243
7894779	11.47157
7894780	3.875482
7894781	5.444625
7894783	7.71596
7894784	9.561937
7894785	2.211642
7894786	4.402411
7894787	12.6225
7894789	13.3363
7894792	2.474182
7894793	5.197474
7894794	2.792116
7894795	6.257098
7894797	7.233519
7894799	13.26867
7894800	7.984565
7894802	7.332261
7894803	7.087051
7894804	6.092873
7894805	3.52373
7894807	3.930813
7894809	7.12378
7894810	5.013733
7894811	4.143195
7894812	7.622526
7894814	3.537129
7894815	4.752831
7894816	4.101226
7894817	10.25168
7894818	5.803381
7894819	6.976867
7894820	7.518392
7894821	5.967629
7894822	7.373971
7894823	7.284095
7894825	7.823848
7894828	2.732489
7894829	2.106137
7894830	7.958426
7894831	5.363189
7894832	2.729686
7894833	7.559017
7894835	4.498041
7894836	7.258247
7894840	9.31792
7894841	2.199687
7894842	6.422914
7894843	6.43681
7894847	3.110969
7894848	6.102404
7894849	8.188443
7894850	8.626987
7894851	2.257162
7894852	7.786861
7894853	8.422518
7894854	9.340146
7894855	3.090273
7894856	8.111029
7894857	2.920375
7894859	4.997767
7894861	6.257116
7894863	7.506361
7894864	7.350023
7894865	6.293492
7894866	6.221498
7894867	7.704283
7894868	3.97957
7894869	4.208749
7894870	3.697219
7894871	3.846065
7894872	11.21109
7894874	2.305064
7894875	4.137131
7894876	3.102212
7894879	3.359151
7894880	6.652968
7894882	8.30212
7894883	8.554674
7894885	6.335407
7894886	8.092734
7894887	2.349862
7894888	6.433666
7894889	12.14058
7894890	9.361868
7894891	10.45148
7894893	2.487715
7894894	9.646235
7894895	5.005934
7894897	5.897593
7894898	6.238893
7894899	6.018525
7894900	4.180905
7894901	6.037761
7894902	2.780883
7894904	3.523473
7894905	8.007004
7894907	3.702197
7894909	13.39752
7894910	4.804342
7894911	3.003918
7894912	6.408078
7894913	3.760306
7894915	3.703766
7894917	7.961483
7894918	2.392783
7894920	4.165534
7894921	3.663122
7894922	5.081717
7894923	2.685158
7894924	3.058206
7894925	2.594286
7894928	7.367325
7894929	2.118218
7894930	4.862946
7894931	7.53729
7894932	6.398351
7894933	5.739346
7894934	9.457604
7894935	3.447269
7894936	4.282286
7894937	3.265102
7894938	7.435845
7894939	4.278064
7894940	4.58691
7894941	13.37831
7894942	2.256764
7894943	2.886819
7894945	9.682832
7894947	5.782138
7894948	2.918671
7894949	8.465533
7894950	7.529078
7894952	6.635273
7894953	8.595425
7894954	6.573641
7894955	6.17532
7894956	6.956225
7894957	4.390094
7894958	6.171024
7894959	3.834219
7894960	11.02067
7894961	8.077235
7894962	1.836932
7894963	9.285772
7894965	7.439146
7894966	2.901667
7894967	2.460777
7894972	4.731127
7894973	9.870519
7894975	8.797587
7894976	9.201781
7894979	12.52701
7894981	5.295688
7894983	1.902216
7894985	2.912144
7894986	9.232156
7894987	3.248346
7894988	9.53524
7894989	3.563597
7894991	12.87729
7894992	10.57653
7894993	4.695323
7894994	7.751553
7894995	6.196743
7894996	3.062548
7894997	4.703532
7895000	7.990387
7895002	6.044879
7895004	11.39006
7895006	4.514153
7895007	9.010054
7895009	11.8839
7895010	5.271588
7895011	9.834301
7895013	5.532669
7895015	5.521179
7895020	10.52996
7895021	3.733022
7895022	9.180583
7895023	7.851954
7895024	4.738463
7895025	1.773306
7895027	3.821469
7895028	4.025898
7895029	1.716439
7895030	4.268297
7895035	1.959011
7895037	7.268638
7895040	4.165225
7895041	6.156543
7895043	1.955419
7895044	8.64103
7895046	7.152083
7895047	11.52788
7895048	6.367779
7895049	2.601201
7895050	10.4298
7895051	2.036819
7895053	3.409786
7895058	2.215344
7895059	4.828009
7895060	4.383646
7895061	3.902554
7895063	9.521983
7895064	6.144967
7895065	2.039268
7895066	4.296837
7895070	12.64963
7895071	2.221243
7895073	5.920735
7895074	5.412009
7895075	4.95542
7895076	2.741382
7895080	9.361621
7895083	4.681954
7895085	4.517266
7895086	3.268865
7895092	3.111381
7895093	6.342119
7895094	5.456846
7895095	7.851233
7895097	3.454841
7895099	6.554335
7895100	12.65547
7895102	2.161086
7895103	8.76648
7895104	8.440227
7895106	9.090994
7895107	6.812478
7895108	4.110439
7895109	4.002241
7895111	2.651894
7895113	9.032812
7895114	8.001641
7895115	8.363641
7895116	5.794569
7895117	3.58678
7895118	3.799584
7895120	2.640654
7895124	6.27865
7895125	8.700025
7895126	10.01286
7895127	3.839032
7895128	4.859676
7895129	4.736136
7895130	10.30889
7895131	5.652786
7895132	3.329141
7895134	4.700252
7895135	4.443902
7895138	3.687011
7895140	1.867839
7895141	7.502601
7895142	1.873814
7895143	8.248836
7895144	11.6586
7895146	7.511057
7895148	4.0072
7895150	6.043046
7895151	2.830146
7895152	5.506836
7895154	8.612544
7895155	5.840433
7895156	12.35756
7895158	8.094955
7895159	2.174259
7895163	5.116378
7895164	2.583772
7895165	7.5768
7895166	3.434319
7895167	5.352038
7895169	7.139882
7895172	4.002598
7895173	6.78625
7895174	8.009774
7895175	5.744863
7895178	9.343881
7895179	2.511004
7895181	7.025701
7895182	1.928189
7895183	4.085926
7895184	6.619245
7895185	9.617864
7895188	7.01651
7895189	6.014861
7895190	6.034175
7895191	5.299146
7895193	9.159314
7895194	5.511849
7895195	4.332215
7895196	11.93365
7895197	3.258667
7895198	4.747683
7895199	1.767192
7895200	5.825845
7895201	4.334218
7895202	3.07259
7895204	6.365101
7895205	5.256944
7895206	10.51668
7895207	6.686689
7895208	5.186071
7895209	7.556735
7895210	10.23823
7895211	6.112966
7895212	5.992197
7895213	4.198829
7895216	12.14322
7895217	7.472375
7895218	2.484666
7895219	6.723822
7895222	4.246212
7895223	8.919608
7895224	10.40831
7895228	5.799007
7895229	4.042116
7895230	12.69473
7895232	5.957296
7895233	9.393158
7895234	4.227584
7895235	8.378908
7895236	3.703787
7895239	10.27721
7895240	7.215051
7895242	1.865401
7895243	4.761138
7895244	1.646724
7895245	4.217245
7895249	10.58471
7895250	5.705921
7895251	3.355554
7895253	3.225499
7895254	6.856785
7895255	5.255803
7895257	6.4918
7895259	5.624704
7895260	7.983595
7895261	7.798635
7895262	6.179394
7895265	3.766225
7895266	5.772523
7895268	1.917661
7895269	10.03189
7895270	2.509287
7895278	6.294818
7895279	9.054396
7895280	7.76327
7895281	3.111176
7895282	6.989185
7895284	7.160425
7895285	4.870723
7895286	10.47467
7895287	3.419172
7895292	7.983307
7895293	5.01291
7895295	6.928437
7895296	5.025699
7895297	8.595709
7895300	9.525811
7895301	4.959418
7895302	3.437455
7895303	6.448795
7895304	7.583351
7895305	6.419721
7895306	9.015987
7895307	2.327452
7895309	4.465871
7895310	10.67422
7895311	2.963029
7895313	5.067468
7895314	2.84384
7895315	4.9674
7895316	10.14755
7895319	6.99182
7895321	8.764307
7895323	12.78092
7895326	9.970347
7895327	1.618249
7895329	7.705223
7895332	5.026094
7895333	12.74249
7895335	5.431261
7895337	7.070717
7895338	1.99885
7895339	5.131531
7895341	6.007013
7895342	13.74098
7895343	13.4221
7895344	6.073558
7895345	7.003452
7895346	5.531638
7895348	2.644603
7895349	8.402314
7895350	7.481026
7895351	5.127066
7895352	3.781185
7895353	3.785185
7895354	13.98971
7895359	7.277089
7895361	2.583165
7895362	10.98528
7895363	4.799868
7895364	2.162675
7895366	2.139132
7895367	5.069299
7895368	8.009881
7895369	2.997464
7895370	7.027181
7895371	4.193457
7895372	2.412743
7895374	12.72202
7895375	6.784664
7895377	4.774711
7895378	3.177132
7895380	2.170696
7895381	3.634738
7895383	2.721856
7895384	2.529036
7895385	4.22498
7895386	2.149982
7895387	8.118461
7895388	9.720111
7895389	3.209028
7895390	5.750346
7895391	11.78488
7895392	12.44439
7895394	2.250786
7895395	5.655245
7895396	3.361334
7895398	11.85448
7895399	5.989437
7895400	6.426138
7895401	6.556385
7895403	6.905433
7895406	9.786263
7895407	5.008702
7895408	6.585455
7895409	2.52515
7895410	5.391028
7895412	7.139035
7895413	3.056288
7895415	3.097342
7895416	7.705216
7895418	5.415679
7895420	1.890486
7895421	5.420573
7895423	2.570612
7895424	4.536942
7895426	2.587253
7895428	3.19602
7895429	4.238303
7895430	3.276293
7895432	3.993901
7895433	5.540565
7895434	5.067201
7895435	12.44435
7895436	3.823966
7895437	6.127372
7895440	12.21526
7895442	6.537985
7895443	5.574367
7895445	4.529394
7895446	5.839897
7895448	3.72183
7895449	4.384077
7895450	4.518371
7895451	12.12628
7895452	9.113224
7895453	5.221702
7895454	1.738782
7895455	3.361681
7895456	7.440656
7895457	2.382435
7895458	4.217302
7895459	4.285859
7895460	4.196404
7895461	7.348752
7895462	3.432494
7895463	11.0151
7895464	9.644227
7895465	4.71536
7895466	3.144791
7895467	6.753753
7895469	4.47605
7895470	7.149604
7895471	4.950744
7895473	2.649888
7895474	3.487236
7895477	6.887982
7895479	2.214342
7895480	3.781172
7895482	3.487138
7895483	10.35443
7895485	4.591191
7895486	12.81395
7895487	4.024334
7895488	5.944367
7895489	8.26225
7895491	9.572124
7895493	5.597069
7895494	2.776655
7895495	5.157612
7895496	12.80075
7895497	12.75929
7895498	9.175741
7895500	2.496064
7895501	5.92865
7895502	2.29126
7895503	5.776393
7895504	2.403712
7895505	4.126308
7895506	11.36668
7895507	4.62237
7895508	9.955286
7895511	7.212797
7895512	4.621182
7895513	4.095148
7895514	13.94977
7895516	4.733754
7895519	8.289644
7895522	9.891368
7895523	3.115874
7895524	4.138066
7895526	1.839935
7895527	9.211725
7895528	4.5956
7895529	3.440228
7895530	9.799645
7895531	5.80469
7895533	4.067163
7895534	5.249009
7895535	3.89474
7895536	10.25949
7895537	5.145386
7895540	6.440405
7895541	3.955832
7895543	5.253637
7895546	3.850188
7895549	5.445474
7895550	9.792633
7895552	6.203553
7895553	4.557017
7895555	5.225907
7895556	9.164935
7895558	5.321506
7895560	2.473131
7895561	7.813117
7895562	1.987731
7895563	10.00538
7895564	3.231183
7895565	2.737492
7895566	4.12926
7895567	3.990987
7895568	4.136158
7895569	2.23276
7895570	5.187281
7895571	9.398136
7895572	3.96701
7895573	2.788185
7895575	5.429437
7895576	10.40141
7895577	7.696422
7895580	6.63444
7895581	3.65728
7895582	2.251719
7895583	4.16854
7895584	3.431198
7895586	5.732039
7895587	13.78423
7895589	7.583694
7895591	8.259739
7895592	6.082443
7895593	2.713061
7895594	4.773704
7895595	12.17231
7895598	11.38393
7895600	5.508176
7895601	11.77184
7895603	8.694843
7895605	5.70678
7895607	3.718292
7895608	6.035604
7895609	4.989062
7895611	7.400128
7895612	5.058943
7895615	6.157264
7895617	1.874636
7895618	6.66433
7895621	12.89847
7895623	4.606691
7895624	3.091124
7895625	5.583097
7895627	7.931932
7895628	6.525814
7895631	2.74344
7895633	2.448193
7895634	3.691969
7895635	3.280018
7895636	2.407871
7895637	9.82328
7895638	6.952272
7895639	4.81149
7895641	5.041865
7895642	6.811651
7895645	7.20635
7895646	3.952586
7895648	2.549006
7895649	6.231047
7895650	4.169561
7895651	11.00764
7895652	10.51883
7895653	1.844146
7895654	6.903483
7895655	1.888353
7895659	9.060361
7895660	4.78022
7895662	9.706679
7895663	7.823645
7895664	6.392129
7895666	2.974777
7895668	2.907526
7895669	6.817882
7895670	6.99728
7895671	5.829896
7895672	5.11132
7895673	1.716439
7895675	5.697417
7895678	4.700148
7895679	2.493229
7895680	13.45349
7895682	4.075765
7895683	5.119869
7895684	7.269063
7895686	4.948436
7895688	6.991045
7895689	2.00793
7895692	11.96733
7895695	6.444508
7895696	2.551679
7895698	3.570344
7895699	6.031152
7895700	4.98842
7895701	4.487508
7895702	4.797902
7895705	9.847313
7895706	4.003884
7895707	5.762032
7895708	6.574916
7895709	3.226509
7895711	5.549611
7895712	11.09062
7895713	5.82522
7895714	12.3044
7895715	7.972032
7895716	8.012815
7895717	8.560822
7895718	2.955766
7895720	3.087871
7895722	6.3968
7895723	4.622375
7895724	6.901097
7895725	3.327074
7895727	6.944959
7895728	6.598971
7895730	3.523435
7895731	7.153432
7895733	7.265348
7895734	5.420457
7895735	6.339929
7895736	9.670546
7895738	6.542518
7895740	8.451151
7895741	3.27229
7895742	5.567557
7895743	7.162203
7895744	7.119815
7895745	9.580251
7895746	2.393293
7895747	2.256685
7895748	5.989439
7895749	2.831971
7895750	6.219901
7895751	9.638373
7895753	7.063207
7895754	3.432494
7895755	4.604367
7895756	2.195462
7895757	8.974023
7895760	10.01109
7895763	3.438831
7895764	4.459414
7895765	4.488885
7895766	10.77845
7895768	5.889169
7895769	3.642096
7895771	5.014946
7895772	8.009034
7895775	4.719637
7895776	8.719696
7895777	13.78235
7895779	12.36707
7895781	6.009473
7895782	10.24497
7895783	7.7615
7895784	8.63486
7895785	4.635561
7895786	7.402569
7895788	6.764941
7895789	4.744861
7895792	7.712094
7895793	3.147146
7895794	9.53363
7895795	9.860016
7895796	3.846729
7895797	5.643875
7895798	6.234627
7895799	3.197645
7895800	5.406801
7895801	6.54554
7895802	8.695327
7895803	2.714184
7895804	2.314333
7895805	9.286575
7895807	3.035998
7895809	5.182262
7895811	3.151151
7895812	8.293515
7895813	10.1534
7895814	4.462221
7895815	10.18965
7895819	12.46339
7895820	4.243568
7895821	8.286733
7895822	3.251172
7895823	3.239122
7895825	5.031739
7895826	10.46128
7895827	13.01197
7895828	1.901512
7895829	7.192196
7895830	2.717218
7895833	3.162896
7895834	6.512074
7895835	8.790989
7895836	5.289948
7895837	7.15845
7895838	2.042281
7895839	5.996439
7895840	7.171112
7895843	4.700095
7895844	8.969675
7895845	4.814054
7895848	3.539008
7895849	7.104239
7895850	2.548381
7895851	4.883945
7895852	3.835383
7895854	8.680317
7895856	2.456241
7895858	3.893174
7895859	3.6278
7895860	3.845229
7895862	7.044155
7895863	5.09615
7895864	2.140364
7895865	3.7949
7895867	2.743798
7895868	7.422261
7895870	2.662942
7895871	3.233488
7895872	9.526266
7895874	5.09734
7895875	4.728082
7895876	3.249834
7895877	4.311684
7895880	7.539143
7895882	6.838148
7895883	7.142732
7895884	4.348372
7895887	4.174379
7895888	6.153274
7895889	5.597415
7895891	2.895558
7895894	5.020317
7895895	2.965402
7895896	7.755831
7895897	2.375391
7895898	7.249557
7895899	11.4678
7895902	4.346132
7895905	4.320266
7895906	6.766967
7895909	7.049647
7895910	5.07079
7895912	10.25174
7895914	3.676107
7895915	4.147951
7895917	10.76897
7895920	13.80666
7895921	7.424577
7895922	2.984931
7895924	12.95222
7895925	6.702191
7895926	8.826354
7895927	4.979153
7895930	8.972206
7895931	5.861597
7895935	10.23107
7895936	11.55688
7895938	11.9219
7895941	11.55124
7895942	10.02265
7895946	6.958147
7895950	2.280224
7895951	4.111696
7895955	5.676793
7895956	12.66137
7895957	8.355191
7895958	3.505828
7895959	9.074062
7895960	4.725915
7895961	8.778171
7895962	6.523276
7895965	5.268282
7895966	5.29794
7895967	2.972332
7895969	9.343553
7895970	1.793599
7895974	10.10794
7895975	4.752989
7895976	7.466763
7895977	3.716526
7895978	2.629912
7895979	6.672101
7895980	3.056288
7895983	6.246975
7895984	2.956145
7895986	1.752056
7895987	7.943278
7895988	8.951999
7895989	5.683716
7895990	7.053168
7895991	3.217523
7895992	5.396702
7895993	6.598616
7895998	3.823622
7896000	4.389637
7896002	6.994638
7896003	4.12039
7896004	5.472825
7896006	3.854935
7896008	10.47218
7896009	2.305064
7896010	5.442085
7896011	3.137992
7896012	3.189304
7896014	2.794124
7896015	2.052698
7896016	3.526246
7896017	10.14112
7896018	9.033185
7896019	4.808627
7896020	7.867436
7896021	3.20013
7896023	2.871422
7896024	10.02252
7896027	5.781918
7896028	6.79188
7896031	3.875482
7896032	4.528088
7896033	6.531723
7896034	10.07552
7896035	2.567605
7896037	3.432494
7896040	8.094682
7896043	8.71121
7896045	12.18392
7896046	5.201517
7896049	7.657231
7896051	6.235953
7896052	6.343051
7896053	6.208878
7896055	7.979885
7896056	3.729391
7896057	7.210825
7896058	4.634837
7896060	10.99227
7896061	2.943674
7896062	6.449935
7896063	6.01991
7896065	7.060469
7896066	2.904594
7896068	6.444151
7896071	4.679484
7896072	3.249048
7896073	11.54435
7896074	5.049877
7896075	3.882193
7896077	8.943107
7896078	13.43304
7896079	4.525633
7896080	6.602411
7896081	2.761266
7896083	3.713557
7896086	4.933545
7896087	11.00447
7896088	9.722144
7896090	10.93691
7896092	7.175282
7896093	1.878718
7896096	3.174001
7896097	2.23276
7896098	8.520413
7896099	8.045084
7896100	1.873814
7896102	5.913926
7896103	10.10561
7896104	7.700218
7896105	4.305862
7896106	4.497281
7896107	9.57409
7896109	2.215344
7896110	5.393988
7896113	4.707121
7896114	5.482592
7896115	11.93507
7896116	3.720882
7896117	4.887237
7896118	4.32989
7896119	5.012446
7896121	11.94049
7896122	7.413576
7896124	8.157486
7896125	3.379708
7896126	7.567482
7896127	4.455328
7896129	2.531498
7896131	3.425377
7896132	9.412092
7896134	5.05619
7896135	6.482572
7896141	5.081019
7896143	6.680792
7896144	12.87081
7896145	5.612199
7896146	5.580866
7896147	3.891532
7896149	12.20489
7896150	8.754116
7896151	13.74861
7896152	4.321709
7896153	5.564782
7896154	5.51371
7896155	2.362423
7896161	2.743558
7896163	5.160489
7896164	8.30801
7896165	5.375749
7896166	6.752032
7896171	6.973711
7896172	6.316726
7896173	5.665263
7896176	11.39557
7896177	3.860144
7896179	7.553862
7896180	3.731213
7896181	6.922151
7896182	7.09329
7896183	10.43308
7896187	2.531498
7896189	9.109196
7896190	4.304436
7896192	12.27242
7896193	8.301362
7896194	12.26615
7896195	3.211913
7896196	4.186914
7896197	3.029983
7896198	9.320888
7896199	7.985617
7896202	3.05115
7896203	6.549131
7896204	9.276124
7896206	8.531387
7896207	2.423239
7896208	2.162906
7896209	4.799867
7896211	3.426478
7896212	9.377489
7896213	11.31809
7896214	2.364152
7896215	1.873814
7896217	7.001823
7896218	7.684439
7896219	5.124843
7896220	4.086782
7896223	5.327834
7896224	3.859665
7896225	4.869432
7896226	4.941174
7896229	2.153204
7896233	3.450951
7896234	4.361399
7896235	11.28394
7896236	4.532183
7896238	3.370321
7896239	6.538902
7896242	2.528043
7896243	11.67509
7896244	7.378388
7896245	6.458972
7896246	5.510493
7896248	4.08346
7896251	7.143705
7896252	12.61101
7896254	2.646847
7896255	4.962917
7896256	8.943588
7896257	5.090524
7896259	4.650473
7896260	2.524684
7896261	5.601715
7896262	7.089559
7896263	7.77912
7896264	1.955168
7896265	1.930168
7896266	11.68135
7896267	3.410467
7896268	4.259109
7896270	5.955473
7896271	6.509465
7896272	2.544155
7896273	4.378905
7896274	5.553407
7896275	3.747273
7896276	4.639743
7896279	6.006054
7896280	6.150198
7896281	7.054339
7896282	13.00837
7896284	5.039186
7896285	5.533625
7896286	2.042281
7896288	5.678044
7896289	4.460068
7896290	6.81705
7896291	4.449638
7896293	9.562012
7896294	4.617148
7896295	6.683465
7896296	4.118496
7896297	6.298112
7896298	9.271358
7896299	1.376322
7896300	8.306112
7896301	7.681043
7896303	3.17117
7896304	4.181537
7896305	1.783076
7896306	1.729876
7896307	4.575607
7896309	5.001328
7896311	5.828176
7896312	4.700488
7896313	5.509175
7896314	3.893435
7896315	2.790269
7896316	3.812505
7896317	3.571183
7896318	3.640947
7896320	5.768311
7896322	3.798953
7896323	5.262567
7896326	2.42893
7896327	4.461844
7896328	5.165668
7896330	6.836734
7896332	3.476527
7896333	11.73794
7896334	4.917923
7896335	10.32686
7896336	4.55317
7896338	9.8605
7896340	6.272287
7896341	9.522278
7896342	6.139337
7896344	2.801764
7896346	13.08577
7896347	5.039987
7896348	9.691295
7896350	6.335401
7896351	8.546439
7896353	3.248977
7896354	2.368855
7896355	5.5157
7896357	6.10662
7896359	5.820811
7896361	9.070945
7896363	7.090605
7896364	5.826764
7896368	8.284336
7896373	3.784752
7896376	7.884119
7896377	2.781874
7896379	4.278344
7896380	11.97974
7896381	6.651348
7896382	1.808089
7896386	4.457614
7896389	4.347868
7896390	5.593252
7896392	4.495459
7896393	8.889131
7896396	2.418281
7896399	7.965616
7896400	5.760106
7896401	5.307093
7896402	4.058745
7896403	13.55495
7896404	10.09895
7896405	6.546438
7896406	4.071388
7896407	3.271239
7896408	5.970658
7896409	4.428416
7896410	3.436168
7896411	5.268627
7896412	11.82414
7896413	9.584937
7896414	2.317226
7896415	5.969035
7896416	7.75663
7896417	8.585876
7896418	8.358646
7896420	6.573354
7896423	11.88486
7896424	6.250484
7896429	3.665998
7896433	4.622684
7896435	3.368964
7896436	2.229254
7896437	5.641327
7896440	4.848723
7896441	2.483314
7896442	3.757409
7896444	9.710152
7896445	6.308276
7896447	9.199
7896448	10.48768
7896449	5.035699
7896450	6.346817
7896451	2.324858
7896452	3.416205
7896453	4.460518
7896454	2.887162
7896455	2.422106
7896457	4.533434
7896459	2.959461
7896461	4.920695
7896462	6.699522
7896463	2.695885
7896465	2.70983
7896467	4.441269
7896469	2.044579
7896470	2.846174
7896471	2.840821
7896473	2.312
7896475	3.504449
7896477	8.529765
7896478	4.015813
7896479	6.498931
7896480	4.872676
7896481	11.04607
7896486	3.261378
7896487	3.593194
7896488	11.19164
7896489	5.039186
7896492	2.184025
7896494	10.57006
7896495	2.456229
7896496	13.06018
7896497	12.01968
7896500	7.769813
7896501	10.62374
7896502	4.917951
7896503	4.363053
7896504	3.320742
7896505	3.171597
7896506	5.234326
7896507	3.382811
7896509	4.93347
7896510	4.328046
7896513	3.12419
7896514	4.261202
7896515	2.423239
7896516	3.585974
7896517	9.337636
7896518	5.340637
7896519	5.522141
7896523	6.868096
7896524	3.679941
7896526	6.740746
7896527	2.166781
7896532	4.013905
7896535	3.875482
7896536	4.209761
7896537	4.275107
7896538	3.493117
7896540	7.973719
7896541	13.91985
7896545	4.865331
7896548	7.321188
7896549	12.41018
7896550	4.576932
7896551	2.450372
7896552	5.295687
7896555	3.94039
7896556	1.817282
7896557	3.275305
7896559	4.726824
7896562	6.353363
7896563	6.878661
7896564	3.017303
7896565	4.695321
7896566	7.335162
7896567	4.02574
7896568	2.029876
7896569	9.993376
7896570	4.210844
7896571	2.530045
7896572	6.429544
7896574	9.273007
7896575	6.77049
7896576	4.933911
7896577	5.875822
7896578	3.254273
7896579	3.551593
7896580	6.716065
7896581	5.828466
7896583	3.789536
7896584	9.852828
7896585	7.569137
7896587	2.735303
7896588	8.394165
7896589	2.52413
7896590	3.491116
7896591	2.250859
7896592	8.281887
7896593	3.159219
7896595	3.441612
7896597	3.887658
7896598	5.916318
7896601	6.773411
7896603	11.0357
7896604	5.557317
7896606	10.80631
7896607	5.782552
7896609	10.84648
7896610	2.92552
7896611	8.208321
7896612	11.29005
7896613	6.155016
7896614	5.717245
7896615	5.998654
7896617	2.591175
7896618	6.731446
7896619	3.447299
7896620	11.71598
7896624	8.276884
7896625	4.624598
7896626	3.24493
7896628	5.078397
7896629	6.474273
7896630	4.680164
7896631	14.43699
7896632	7.257996
7896633	7.68598
7896634	3.593681
7896635	3.106741
7896636	2.338082
7896638	6.803507
7896639	13.79603
7896640	7.410086
7896641	3.154159
7896642	10.70432
7896643	2.745536
7896644	8.830427
7896645	2.621159
7896648	8.826015
7896649	2.753318
7896650	6.078941
7896654	9.80647
7896655	7.103589
7896656	6.762154
7896660	9.093592
7896661	6.929219
7896662	5.894136
7896663	7.410425
7896665	3.380791
7896666	3.013374
7896668	4.883135
7896669	10.86586
7896670	8.720101
7896671	3.948847
7896672	2.745369
7896674	4.099481
7896675	10.54589
7896676	10.59301
7896678	2.61787
7896679	12.09565
7896680	2.59804
7896681	6.118016
7896682	6.399065
7896686	7.404249
8180192	13.76984
8180193	13.08967
8180194	7.719931
8180195	4.799876
8180196	8.227999
8180197	6.192589
8180198	4.345582
8180199	7.769413
8180200	8.203826
8180201	5.60269
8180202	5.103704
8180203	6.62756
8180204	4.974571
8180205	2.671866
8180206	6.799436
8180207	6.988802
8180208	4.338236
8180209	6.615967
8180210	5.422118
8180211	4.755239
8180212	7.597205
8180213	5.409437
8180214	4.078619
8180215	4.646453
8180216	5.969806
8180217	8.815229
8180218	7.746278
8180219	4.796271
8180220	4.352395
8180221	2.843748
8180222	3.69941
8180223	5.491399
8180224	5.890025
8180225	6.32999
8180226	4.430344
8180227	8.093623
8180228	5.424401
8180229	5.999365
8180230	6.584888
8180231	6.916755
8180232	6.290881
8180233	4.527689
8180234	6.657977
8180235	5.646853
8180236	5.665956
8180237	7.050673
8180238	4.446838
8180239	4.752179
8180240	7.380717
8180241	4.754195
8180242	4.787605
8180243	4.203051
8180244	6.118649
8180245	3.401593
8180246	5.835239
8180247	5.14392
8180248	4.468547
8180249	4.556985
8180250	5.505042
8180251	4.239402
8180252	5.717839
8180253	4.958937
8180254	8.35604
8180255	8.665272
8180256	6.992914
8180257	7.07023
8180258	5.103704
8180259	9.993442
8180260	7.344304
8180261	7.737485
8180262	6.660408
8180263	10.18254
8180264	3.503085
8180265	5.665956
8180266	5.863667
8180267	8.117108
8180268	6.569846
8180269	5.684425
8180270	6.214266
8180271	4.250389
8180272	5.886676
8180273	5.744008
8180274	6.40841
8180275	5.904204
8180276	4.761302
8180277	7.167071
8180278	5.547519
8180279	6.780348
8180280	5.650028
8180281	6.61775
8180282	7.401918
8180283	8.421768
8180284	8.446324
8180285	9.841875
8180286	7.771274
8180287	7.920743
8180288	7.719931
8180289	7.574705
8180290	7.481667
8180291	7.481667
8180292	7.567242
8180293	7.719931
8180294	7.048415
8180295	7.768428
8180296	7.60699
8180297	10.73411
8180298	8.116343
8180299	5.852605
8180300	6.136495
8180301	6.152143
8180302	6.194765
8180303	8.540391
8180304	6.070713
8180305	6.928338
8180306	8.558128
8180307	8.744334
8180308	8.786879
8180309	6.421979
8180310	10.65664
8180311	8.511407
8180312	8.94807
8180313	5.15661
8180314	5.246388
8180315	5.034555
8180316	11.03689
8180317	11.01075
8180318	11.05059
8180319	10.88242
8180320	4.08207
8180321	8.665272
8180322	6.323629
8180323	7.750985
8180324	7.537922
8180325	8.299629
8180326	8.429709
8180327	8.272418
8180328	8.516326
8180329	12.3398
8180330	12.40704
8180331	12.40498
8180332	12.38846
8180333	12.33863
8180334	12.39997
8180335	12.29399
8180336	7.767471
8180337	10.10404
8180338	6.464296
8180339	7.215568
8180340	5.792725
8180341	10.22183
8180342	10.30708
8180343	10.24439
8180344	9.628697
8180345	9.639466
8180346	8.811771
8180347	7.577761
8180348	4.535332
8180349	11.20526
8180350	8.730002
8180351	8.074302
8180352	5.018537
8180353	7.980668
8180354	7.825603
8180355	10.30345
8180356	7.16847
8180357	7.739722
8180358	7.019632
8180359	7.577133
8180360	4.54689
8180361	6.260777
8180362	8.579754
8180363	8.561284
8180364	7.988988
8180365	7.988988
8180366	6.193727
8180367	6.193727
8180368	3.660438
8180369	2.860113
8180370	6.129875
8180371	11.06046
8180372	6.848714
8180373	5.031459
8180374	6.536223
8180375	8.239757
8180376	8.108168
8180377	6.760232
8180378	7.253627
8180379	7.053486
8180380	4.782316
8180381	4.802941
8180382	8.479148
8180383	4.896328
8180384	11.84695
8180385	7.227999
8180386	7.36227
8180387	7.428174
8180388	7.468654
8180389	7.446496
8180390	6.881186
8180391	6.35755
8180392	5.64941
8180393	6.612094
8180394	6.485575
8180395	6.718143
8180396	8.018765
8180397	8.013807
8180398	10.39963
8180399	4.74641
8180400	7.179516
8180401	4.566098
8180402	8.793433
8180403	6.238832
8180404	9.42096
8180405	7.65191
8180406	11.52956
8180407	9.320472
8180408	9.555904
8180409	9.740242
8180410	8.331635
8180411	8.59371
8180412	6.902126
8180413	6.940773
8180414	6.153667
8180415	5.762928
8180416	5.083918
8180417	7.194055
8180418	7.458114
!sample_table_end
