^SAMPLE = GSM699142
!Sample_title = human urine sediment, without lesions subject 3
!Sample_geo_accession = GSM699142
!Sample_status = Public on Feb 06 2012
!Sample_submission_date = Mar 29 2011
!Sample_last_update_date = Feb 07 2012
!Sample_type = RNA
!Sample_channel_count = 1
!Sample_source_name_ch1 = human
!Sample_organism_ch1 = Homo sapiens
!Sample_taxid_ch1 = 9606
!Sample_characteristics_ch1 = gender: Female
!Sample_characteristics_ch1 = age: 30
!Sample_characteristics_ch1 = disease state: PBS without lesions
!Sample_molecule_ch1 = total RNA
!Sample_extract_protocol_ch1 = Urine (40-100 ml) was immediately placed on ice, transported to the laboratory and centrifuged at -4C for 5 minutes. Pellets were washed twice with ice-cold phosphate-buffered saline, suspended in 0.8 ml TRIzol and RNA was extracted according to the manufacturer's instructions.
!Sample_label_ch1 = biotin
!Sample_label_protocol_ch1 = RNA was stored at -80oC until all samples had been collected, then analyzed at our Microarray Core Facility using the Affymetrix GeneChip Whole Transcript (WT) Sense Target Labeling Assay protocol.
!Sample_hyb_protocol = Standard Affymetrix
!Sample_scan_protocol = Standard Affymetrix
!Sample_data_processing = Probe level data were produced by Partek GS (6.10) using the RMA output option. Probe set signal intensities < 4.2 were considered absent, and if > 10 chips rated a probe set absent, that probe set was not considered for further analysis.
!Sample_platform_id = GPL6244
!Sample_contact_name = Eric,M,Blalock
!Sample_contact_email = eric.blalock@uky.edu
!Sample_contact_phone = 859-323-8033
!Sample_contact_laboratory = Blalock
!Sample_contact_department = Molecular and Biomedical Pharmacology
!Sample_contact_institute = University of Kentucky
!Sample_contact_address = 800 Rose St.
!Sample_contact_city = Lexington
!Sample_contact_state = KY
!Sample_contact_zip/postal_code = 40475
!Sample_contact_country = USA
!Sample_supplementary_file = ftp://ftp.ncbi.nlm.nih.gov/geo/samples/GSM699nnn/GSM699142/suppl/GSM699142.CEL.gz
!Sample_series_id = GSE28242
!Sample_data_row_count = 33297
#ID_REF = 
#VALUE = RMA-calculated Signal intensity
!sample_table_begin
ID_REF	VALUE
7896736	5.475986
7896738	3.178618
7896740	3.548253
7896742	6.547927
7896744	5.838706
7896746	9.350485
7896748	8.539093
7896750	4.925169
7896752	9.010689
7896754	5.901653
7896756	4.732734
7896759	5.56492
7896761	6.731892
7896779	6.89854
7896798	7.118225
7896817	7.854846
7896822	8.231567
7896859	5.650139
7896861	3.390025
7896863	6.159548
7896865	6.733705
7896878	6.700205
7896882	6.851725
7896908	7.301404
7896917	7.310363
7896921	6.461027
7896929	8.020575
7896937	5.731493
7896952	6.677823
7896961	6.674543
7896983	5.526537
7896985	6.914098
7897006	7.497037
7897026	5.250141
7897034	6.149473
7897044	7.767787
7897066	6.015428
7897068	6.806691
7897076	5.064504
7897078	9.347658
7897089	6.701306
7897119	8.621136
7897128	5.699281
7897132	5.542115
7897154	6.762507
7897172	8.180149
7897179	6.142577
7897196	5.729395
7897210	5.604579
7897227	5.213009
7897236	7.079456
7897257	6.495266
7897263	6.654691
7897277	5.447338
7897280	6.764497
7897286	6.89647
7897288	6.809515
7897293	7.377862
7897295	5.078074
7897305	6.026937
7897322	7.758122
7897329	5.783346
7897339	4.899073
7897368	4.496741
7897370	7.795512
7897378	7.523964
7897404	8.423957
7897416	5.317024
7897422	5.737571
7897424	4.895005
7897426	5.05709
7897439	5.115312
7897441	7.19143
7897449	6.852317
7897460	6.300681
7897469	5.562386
7897482	6.556599
7897509	4.849872
7897520	5.892563
7897522	5.421437
7897527	7.737257
7897559	3.291773
7897561	8.213566
7897620	11.68858
7897632	5.129949
7897648	7.161175
7897661	8.046661
7897663	8.739582
7897675	3.533366
7897683	2.607016
7897685	6.9691
7897691	6.033924
7897714	6.705165
7897728	6.58824
7897737	7.710411
7897745	8.150326
7897753	5.929237
7897774	7.02775
7897801	8.938424
7897803	6.701626
7897824	8.045479
7897849	6.617051
7897860	6.921309
7897877	9.030673
7897890	7.69196
7897953	6.939153
7897955	5.014909
7897960	4.400524
7897964	3.20515
7897966	4.345492
7897974	5.176142
7897978	3.316211
7897987	3.400422
7897991	6.194733
7897995	3.673593
7897997	5.67282
7898002	5.503108
7898007	4.130185
7898012	4.04178
7898020	5.512012
7898026	4.237007
7898030	4.666147
7898034	5.512012
7898040	4.04178
7898048	4.742169
7898052	4.759691
7898057	5.152362
7898070	7.65623
7898084	8.929941
7898102	5.52132
7898112	6.041055
7898115	6.786108
7898124	5.242043
7898161	8.751184
7898167	5.567992
7898176	5.773933
7898184	6.05218
7898192	6.92677
7898209	7.201586
7898211	7.951191
7898227	7.954631
7898249	6.783748
7898256	5.8352
7898263	6.73219
7898276	8.543148
7898278	8.409255
7898294	2.685495
7898296	5.957705
7898300	5.353693
7898314	5.916929
7898328	8.292643
7898337	9.049739
7898350	4.842669
7898353	5.331444
7898355	3.279276
7898357	5.750411
7898371	6.078697
7898373	4.313313
7898375	11.44302
7898377	6.462349
7898405	2.845897
7898407	4.849055
7898411	11.44302
7898413	10.83856
7898431	6.925306
7898448	5.791942
7898466	4.408059
7898483	8.516656
7898516	5.209788
7898521	5.879842
7898533	6.874021
7898535	2.801321
7898537	6.468924
7898549	5.729901
7898556	6.945599
7898568	4.394206
7898570	8.572887
7898572	2.370499
7898574	8.219221
7898582	5.830144
7898585	7.764987
7898594	5.118722
7898602	6.949841
7898607	7.832603
7898609	4.921065
7898616	6.728189
7898623	6.17991
7898627	6.183434
7898653	7.787944
7898655	6.807801
7898663	8.047716
7898673	6.850649
7898675	2.742208
7898677	7.732061
7898679	5.841618
7898693	6.526098
7898707	6.35212
7898713	7.064269
7898721	3.206158
7898723	5.231948
7898725	6.066821
7898732	4.032141
7898734	2.839157
7898736	5.737124
7898739	7.692939
7898750	5.927433
7898773	5.799157
7898793	5.524126
7898799	6.130317
7898805	5.89786
7898809	6.639696
7898833	6.649243
7898854	3.6503
7898856	7.578812
7898858	5.705646
7898869	5.382346
7898875	8.734022
7898881	7.186766
7898894	6.475385
7898902	9.164747
7898910	11.18376
7898916	8.079068
7898939	9.142632
7898957	7.299538
7898967	5.959477
7898975	8.616777
7898988	8.182102
7898998	4.937487
7899005	10.15755
7899016	9.311785
7899018	10.19584
7899023	6.537503
7899029	6.373743
7899043	7.363346
7899057	7.050195
7899069	4.696069
7899071	4.438843
7899073	3.307732
7899075	5.795804
7899087	6.803834
7899093	6.962046
7899096	6.240546
7899101	7.159864
7899124	4.829324
7899134	4.994035
7899151	2.64653
7899153	8.992784
7899160	6.432338
7899167	5.756733
7899173	8.31364
7899187	9.313817
7899192	7.662945
7899220	7.331757
7899244	7.269174
7899251	3.056809
7899253	8.174352
7899265	8.445469
7899273	7.600633
7899284	8.703352
7899287	7.554702
7899289	7.604097
7899310	7.251348
7899323	7.026826
7899343	6.551657
7899346	7.223711
7899348	5.664279
7899350	5.560397
7899361	8.650913
7899377	7.254575
7899392	4.972073
7899394	7.281396
7899407	5.898592
7899417	6.929249
7899422	6.802257
7899424	7.173224
7899436	8.975497
7899448	6.702279
7899455	9.418915
7899462	7.579585
7899480	10.66389
7899484	5.141167
7899486	8.03879
7899499	4.51409
7899502	9.839315
7899504	6.902257
7899517	3.228937
7899519	7.582151
7899528	6.551673
7899534	6.938965
7899560	6.215007
7899562	7.123525
7899595	4.966504
7899602	3.445815
7899604	7.39941
7899615	10.48069
7899627	8.554186
7899643	6.009109
7899654	7.896721
7899675	5.636302
7899688	8.216034
7899703	7.066164
7899719	5.865551
7899727	5.719289
7899737	7.437314
7899750	5.760439
7899753	6.642705
7899774	9.634442
7899790	4.871437
7899797	5.391069
7899811	2.147393
7899813	8.950788
7899821	7.260356
7899829	6.434533
7899841	6.269051
7899849	6.186498
7899851	5.776135
7899870	6.469335
7899882	4.964611
7899884	5.456976
7899898	3.203483
7899905	4.353383
7899909	5.914835
7899911	4.734281
7899921	5.023945
7899927	5.533883
7899932	5.443495
7899939	6.278863
7899943	5.312381
7899955	11.98875
7899957	7.037766
7899988	2.669758
7899990	6.05449
7900001	7.348056
7900009	7.127697
7900030	6.328933
7900051	6.890222
7900076	5.665521
7900087	6.091117
7900095	8.264942
7900119	8.215396
7900129	6.95215
7900144	2.380439
7900146	8.506577
7900157	9.538242
7900159	5.696746
7900167	5.510942
7900181	3.086518
7900183	6.83995
7900192	6.928184
7900201	5.807156
7900212	2.994802
7900214	2.81187
7900216	9.570115
7900228	8.502411
7900235	7.733087
7900336	5.180525
7900340	6.263483
7900350	2.727467
7900352	6.274589
7900354	6.314239
7900365	6.235084
7900382	12.19515
7900395	9.187192
7900405	4.367769
7900407	3.234274
7900409	3.711587
7900413	8.298299
7900426	7.398238
7900438	4.556056
7900446	5.516093
7900454	5.095389
7900461	3.551428
7900468	7.59987
7900488	3.867383
7900490	4.936957
7900492	4.806784
7900510	6.516006
7900531	6.991602
7900538	7.19206
7900540	5.538787
7900546	7.992774
7900555	4.291724
7900576	5.920821
7900585	9.85717
7900597	5.632431
7900603	4.73245
7900609	6.311518
7900624	5.737278
7900633	2.776132
7900635	6.008167
7900639	4.265163
7900652	3.426891
7900654	6.972494
7900658	4.830556
7900683	5.111676
7900699	6.287424
7900710	6.39667
7900792	7.791127
7900833	7.710746
7900857	5.113181
7900876	3.183696
7900878	6.0453
7900888	5.893662
7900911	5.222471
7900922	9.234227
7900931	7.92719
7900944	6.567461
7900957	5.815979
7900962	6.630715
7900977	2.254826
7900979	6.429237
7900999	5.013697
7901010	5.184039
7901036	2.745465
7901038	9.181569
7901046	6.729932
7901048	8.093457
7901050	4.906541
7901052	3.831904
7901054	8.482461
7901071	2.921436
7901073	6.732831
7901087	5.005027
7901091	5.681944
7901102	6.243719
7901110	7.618752
7901123	6.573122
7901135	6.728838
7901140	6.022143
7901175	11.12192
7901187	6.266358
7901192	4.919793
7901212	5.911637
7901219	6.033028
7901227	3.078607
7901229	6.262956
7901247	6.530045
7901253	4.793651
7901256	9.143744
7901272	6.803707
7901287	4.852322
7901293	5.244796
7901299	9.096582
7901309	8.032352
7901311	5.845194
7901314	6.04563
7901316	4.8446
7901334	2.22048
7901336	7.740032
7901340	4.152828
7901342	3.980165
7901357	7.299189
7901359	2.109535
7901361	3.332074
7901363	5.080295
7901374	2.274465
7901376	8.859496
7901383	2.652717
7901385	9.262298
7901418	8.178864
7901426	4.983934
7901443	6.910926
7901445	7.225701
7901447	8.38981
7901460	4.797995
7901466	5.167837
7901477	5.410871
7901479	7.061315
7901497	4.409383
7901513	8.49172
7901535	5.825976
7901549	5.945674
7901557	6.627778
7901563	3.981491
7901565	3.917814
7901577	6.344391
7901592	6.948585
7901601	7.595209
7901611	5.472716
7901613	6.491643
7901634	5.84721
7901662	6.656156
7901675	8.834222
7901687	6.630663
7901691	5.435776
7901696	6.272466
7901710	2.164562
7901712	2.416288
7901714	4.66668
7901720	5.714528
7901732	3.875835
7901744	6.177432
7901746	9.739224
7901748	6.528835
7901765	5.376293
7901788	7.09169
7901802	5.304832
7901804	8.653921
7901852	6.498442
7901854	4.499257
7901856	5.896315
7901858	5.447897
7901860	3.289289
7901867	6.005025
7901883	2.575091
7901895	4.637167
7901911	3.943949
7901913	5.944247
7901915	5.253156
7901931	4.297115
7901948	1.963439
7901951	6.030916
7901967	8.250853
7901969	5.194232
7901982	2.622584
7901993	7.500286
7902023	5.695958
7902036	8.692177
7902038	7.532001
7902043	4.399135
7902072	3.300288
7902074	6.770425
7902102	2.459788
7902104	6.71083
7902127	3.776183
7902158	3.742432
7902166	7.916527
7902189	3.306667
7902203	5.237916
7902205	3.293974
7902225	2.265345
7902227	10.25231
7902235	3.539807
7902265	6.830657
7902267	6.69406
7902269	8.358875
7902282	5.443388
7902290	4.582605
7902306	3.955368
7902308	6.569398
7902317	3.332009
7902345	5.891991
7902353	4.195364
7902365	3.904824
7902367	11.43292
7902382	6.285301
7902396	4.944139
7902398	8.174062
7902400	4.732656
7902402	2.665802
7902425	4.565673
7902435	8.782647
7902439	2.737591
7902441	5.822061
7902448	9.225719
7902452	3.295187
7902472	5.493162
7902474	5.981541
7902476	6.08285
7902495	3.457272
7902512	8.924772
7902518	5.178583
7902527	3.665287
7902541	8.082072
7902553	7.434597
7902563	3.872344
7902565	6.521616
7902592	7.118664
7902594	7.300016
7902611	4.361967
7902615	2.262668
7902617	3.892644
7902623	3.200446
7902634	5.980663
7902645	2.579873
7902660	4.233863
7902687	7.209256
7902700	3.597899
7902702	4.98727
7902721	3.31437
7902738	10.96881
7902754	3.822643
7902771	8.753639
7902787	3.46225
7902789	6.957506
7902799	4.946556
7902808	4.152682
7902810	5.423982
7902822	10.3674
7902848	7.193359
7902850	4.875292
7902861	6.185696
7902874	5.434607
7902883	6.694084
7902891	6.639495
7902909	5.667192
7902911	4.889507
7902913	4.015684
7902930	3.404505
7902934	3.489543
7902957	5.018319
7902965	5.994301
7902977	5.505088
7902984	2.435645
7902992	5.006835
7903008	4.883443
7903010	6.49142
7903022	5.664153
7903024	4.540094
7903026	2.17941
7903028	3.895642
7903030	3.375948
7903032	7.838906
7903049	4.316292
7903079	8.535864
7903090	2.037312
7903092	9.47979
7903109	2.051816
7903111	2.619684
7903113	2.373919
7903115	3.019083
7903117	4.410349
7903119	9.824179
7903144	7.546222
7903162	5.906413
7903171	4.960888
7903181	3.093793
7903183	8.572063
7903186	2.895574
7903188	7.160594
7903203	4.922322
7903214	4.204212
7903227	3.783382
7903239	5.850332
7903281	10.15937
7903292	2.675106
7903294	9.196551
7903308	6.236769
7903321	7.831243
7903334	6.441322
7903355	6.083208
7903358	5.297052
7903369	7.294959
7903389	5.950481
7903391	3.792161
7903393	4.254273
7903399	4.478795
7903401	3.316506
7903404	8.06821
7903407	6.586206
7903414	5.905616
7903425	5.967701
7903440	5.967701
7903455	3.15714
7903457	5.113536
7903461	4.694173
7903474	8.010734
7903478	5.514439
7903490	5.745113
7903507	6.608279
7903519	6.937493
7903530	3.31363
7903541	7.741445
7903561	3.744982
7903565	8.024627
7903582	9.635846
7903586	9.048874
7903592	6.321543
7903619	8.557695
7903632	6.618042
7903667	5.969203
7903676	5.344272
7903688	7.074697
7903694	5.696305
7903703	9.128443
7903717	7.922133
7903719	6.566257
7903742	5.797847
7903753	4.980354
7903765	6.99417
7903777	4.022038
7903786	6.274541
7903803	9.591926
7903827	7.31188
7903851	5.522389
7903854	5.38491
7903867	6.564664
7903876	2.505365
7903878	7.247688
7903884	6.130362
7903889	4.11257
7903893	10.68287
7903906	3.406243
7903908	6.805198
7903920	4.503523
7903935	4.069013
7903945	4.364043
7903959	4.603547
7903970	4.194647
7903972	6.818455
7903980	6.039177
7903988	7.927781
7904000	4.478071
7904014	2.370121
7904016	1.70953
7904018	9.667191
7904025	6.608225
7904036	8.028086
7904048	7.132276
7904050	7.589885
7904073	5.270817
7904082	5.056035
7904084	4.989379
7904086	6.219589
7904106	9.291237
7904131	5.162192
7904137	9.231012
7904158	5.135508
7904164	3.529886
7904166	3.394075
7904168	2.476806
7904203	3.736228
7904209	5.625415
7904211	5.889737
7904226	5.963039
7904244	5.574855
7904252	3.185439
7904254	9.76935
7904281	3.129923
7904287	6.165859
7904293	6.967953
7904303	4.928361
7904314	5.566541
7904340	7.59271
7904361	6.209312
7904364	4.691352
7904394	3.816571
7904396	4.725232
7904408	3.970181
7904414	5.349047
7904417	2.986883
7904421	3.934994
7904429	4.784444
7904431	2.86069
7904433	6.209717
7904448	3.865915
7904450	2.302128
7904452	4.416696
7904463	8.621363
7904465	9.052962
7904469	8.361345
7904478	5.147652
7904480	3.771436
7904482	9.352371
7904486	11.86869
7904500	12.28518
7904506	12.21795
7904562	12.10341
7904569	12.62566
7904572	4.372305
7904574	9.592208
7904693	4.48599
7904695	9.519154
7904702	9.560442
7904713	7.17163
7904715	5.392247
7904717	5.55359
7904726	12.27669
7904737	5.483315
7904742	6.96964
7904751	6.552644
7904755	6.671181
7904761	4.808339
7904796	5.211764
7904812	7.32165
7904830	6.570569
7904843	3.998733
7904853	5.203431
7904863	6.984466
7904865	4.422024
7904869	6.899376
7904872	3.330118
7904874	12.25361
7904877	5.359317
7904879	7.227713
7904881	10.22296
7904883	5.111411
7904907	6.739143
7904921	4.700692
7904923	4.187155
7904927	5.088778
7904930	5.639688
7904948	6.899376
7904951	3.330118
7904953	2.451283
7904955	7.512187
7904959	5.140951
7904963	3.771436
7904965	5.497092
7904967	5.827849
7904969	8.482961
7904974	7.071285
7904976	9.879723
7904997	6.78476
7904999	9.868053
7905016	6.78476
7905018	6.056539
7905020	6.300198
7905025	5.216985
7905028	8.360387
7905033	3.957469
7905035	6.149104
7905037	6.282825
7905043	6.21653
7905047	5.834988
7905051	5.817493
7905054	4.396592
7905058	5.649786
7905060	5.950482
7905067	9.075489
7905077	4.846724
7905079	8.813771
7905085	7.408076
7905088	7.866376
7905092	6.747217
7905099	7.945055
7905116	5.772852
7905131	4.204415
7905145	4.245445
7905147	5.005176
7905154	7.983531
7905163	6.995563
7905171	7.205911
7905185	8.745896
7905198	7.60615
7905220	12.44296
7905233	7.27021
7905254	4.008379
7905256	3.999323
7905258	6.145562
7905283	9.830457
7905299	6.541569
7905308	9.304232
7905324	6.352206
7905329	5.876596
7905339	6.016468
7905349	5.587172
7905355	7.817107
7905365	8.777729
7905374	7.343161
7905382	6.860945
7905395	9.042968
7905406	8.188312
7905428	10.63944
7905444	7.296309
7905462	2.6585
7905464	3.955138
7905474	3.483659
7905481	4.260067
7905483	6.243068
7905486	11.7358
7905490	5.758173
7905492	7.151808
7905496	4.424862
7905500	5.603944
7905503	4.356469
7905505	6.437388
7905507	7.863592
7905510	6.167315
7905512	6.461293
7905515	7.406952
7905517	7.247722
7905519	6.56013
7905523	7.97316
7905525	3.296113
7905528	7.298754
7905530	4.549395
7905533	9.697478
7905536	6.971252
7905544	12.5975
7905548	13.51539
7905553	12.68865
7905559	6.79945
7905563	4.754645
7905569	3.368344
7905571	11.9136
7905576	4.591495
7905581	6.406375
7905589	7.349794
7905598	6.22326
7905606	5.348136
7905629	3.242136
7905631	7.468627
7905664	6.407851
7905677	5.248486
7905691	9.283675
7905698	2.526448
7905700	8.407788
7905731	5.366282
7905733	7.040485
7905742	2.692957
7905744	4.53124
7905746	5.64809
7905754	5.627847
7905789	7.881914
7905801	4.401249
7905817	6.105815
7905826	7.713602
7905831	6.483155
7905848	5.422716
7905854	8.084361
7905862	5.759541
7905881	6.29212
7905909	5.939168
7905918	5.21032
7905927	4.789957
7905929	7.515929
7905938	7.089531
7905949	5.046627
7905951	6.269146
7905968	7.073118
7905974	7.002021
7905986	7.104585
7905999	6.406734
7906015	4.851426
7906017	5.836324
7906021	5.704888
7906041	7.448689
7906056	5.242048
7906061	4.723729
7906069	5.801453
7906072	6.40636
7906079	9.968806
7906085	7.536994
7906107	6.442613
7906128	7.10529
7906133	7.463042
7906140	6.364933
7906146	6.437254
7906154	3.640366
7906163	5.893348
7906175	4.418017
7906177	6.614407
7906185	6.922918
7906194	4.576219
7906197	6.25406
7906205	6.374849
7906223	6.48698
7906235	7.553873
7906244	6.262457
7906264	6.060192
7906284	5.512379
7906303	3.987396
7906305	5.745369
7906307	5.755686
7906330	6.13182
7906339	4.948711
7906348	5.130721
7906355	6.230402
7906365	3.841033
7906367	2.501583
7906370	2.991542
7906372	4.540431
7906374	3.840139
7906377	7.012617
7906386	4.11197
7906400	7.488788
7906417	5.28169
7906433	5.4021
7906435	5.213367
7906443	4.96332
7906452	3.387633
7906458	4.620009
7906465	3.337958
7906467	4.894668
7906469	7.793629
7906475	5.230076
7906486	5.951025
7906496	6.100359
7906501	5.874438
7906527	4.607248
7906552	4.896571
7906564	9.258289
7906574	2.665484
7906576	8.350581
7906597	5.372298
7906602	6.073707
7906613	6.947402
7906622	5.422627
7906642	5.194568
7906652	7.162393
7906662	8.9146
7906671	7.068481
7906688	5.215283
7906703	8.284201
7906720	7.222929
7906728	5.979606
7906742	6.432378
7906746	5.734208
7906751	3.841183
7906753	6.013728
7906757	6.748489
7906764	10.99577
7906767	8.162055
7906775	10.3246
7906777	5.434923
7906784	3.110805
7906786	4.763036
7906797	6.115029
7906808	4.046333
7906810	5.658544
7906819	8.951324
7906838	6.876122
7906852	8.736099
7906863	8.140857
7906878	5.077635
7906898	5.380624
7906900	4.879556
7906904	5.950366
7906919	4.677751
7906930	3.476875
7906948	4.923094
7906950	4.42258
7906952	2.929888
7906954	7.15755
7906969	7.646857
7906973	3.862996
7906978	7.094795
7906988	3.847347
7906993	5.193098
7906995	6.848752
7907008	4.641276
7907010	5.918172
7907012	5.313686
7907024	6.819666
7907032	3.204855
7907049	6.162259
7907051	2.669867
7907053	5.235916
7907058	7.572355
7907079	6.570172
7907090	5.470365
7907092	8.342517
7907104	6.662281
7907124	6.254951
7907135	9.335309
7907146	5.996302
7907156	4.135383
7907160	11.78441
7907171	9.132174
7907183	4.420801
7907211	7.633073
7907213	5.621
7907222	4.860309
7907232	2.445771
7907249	4.135581
7907260	4.213081
7907271	6.62945
7907286	2.674538
7907297	8.138953
7907308	3.188383
7907310	9.061511
7907349	6.668122
7907351	7.013804
7907353	6.915039
7907368	4.035213
7907370	4.179675
7907394	2.703103
7907396	3.00723
7907404	7.304036
7907430	5.410599
7907439	8.630693
7907445	6.711413
7907462	3.135
7907464	4.201052
7907466	5.972011
7907486	6.068654
7907492	7.789502
7907531	5.128781
7907535	2.867344
7907537	7.601712
7907549	5.531099
7907568	5.156507
7907572	4.89501
7907601	5.580194
7907611	9.46071
7907633	2.775357
7907649	5.231604
7907655	5.900512
7907657	8.760327
7907680	7.818959
7907690	6.03292
7907700	5.909168
7907702	6.475946
7907719	2.641224
7907749	3.442897
7907769	5.323641
7907773	8.921874
7907790	7.028361
7907830	10.2556
7907847	8.038321
7907849	5.106084
7907859	5.884184
7907861	7.583348
7907882	5.736974
7907893	7.073113
7907904	10.42122
7907907	4.683061
7907911	4.888463
7907960	2.723074
7907962	5.141849
7907964	3.33207
7907966	5.914204
7907968	3.384512
7907970	5.170849
7907972	5.071743
7907977	5.960598
7907986	3.993738
7908003	6.52221
7908022	7.630544
7908041	7.068435
7908072	9.396278
7908097	8.536866
7908125	6.283617
7908147	6.435413
7908155	3.850798
7908157	3.383024
7908159	5.13976
7908161	7.523933
7908169	5.889266
7908178	5.746838
7908204	3.831455
7908312	3.300014
7908328	7.93531
7908330	7.154936
7908347	5.508493
7908351	6.455581
7908371	3.818017
7908376	4.38497
7908382	3.369745
7908388	5.171577
7908397	4.75049
7908407	8.365722
7908409	9.658364
7908421	7.265676
7908437	7.785409
7908459	7.840721
7908481	2.92304
7908488	3.383993
7908492	3.784259
7908496	2.30274
7908499	3.16489
7908508	4.419887
7908525	5.835479
7908529	4.872653
7908543	8.786358
7908553	7.722289
7908591	5.588149
7908593	3.284172
7908595	2.719949
7908597	5.220074
7908610	3.033284
7908612	5.59735
7908614	7.866655
7908635	7.892377
7908637	7.532851
7908639	8.243492
7908650	5.610404
7908672	6.130672
7908692	6.053451
7908694	6.20273
7908728	4.889105
7908730	2.879806
7908732	6.69937
7908758	6.070058
7908766	6.181208
7908775	3.959589
7908777	8.66806
7908779	9.159145
7908793	11.11196
7908812	7.943719
7908816	4.878877
7908839	2.633329
7908841	6.678039
7908861	5.5237
7908863	5.096009
7908867	8.946429
7908879	5.649578
7908907	5.909709
7908917	8.69283
7908924	5.142687
7908931	6.142211
7908940	7.324799
7908966	4.212971
7908968	4.811734
7908978	9.503405
7908988	4.625719
7908993	5.970412
7909011	7.183265
7909027	5.550944
7909064	5.559833
7909088	5.372768
7909102	5.128074
7909104	6.744092
7909127	9.909695
7909140	6.448507
7909142	3.889797
7909144	4.669005
7909146	4.325699
7909155	3.992393
7909164	5.449731
7909175	7.217444
7909188	7.345496
7909214	9.55275
7909225	5.042666
7909236	8.312288
7909250	7.39746
7909261	4.824999
7909271	3.957206
7909285	7.281359
7909306	4.217135
7909318	3.744555
7909332	9.402514
7909350	3.360639
7909371	5.4763
7909390	4.013835
7909400	10.92734
7909418	5.069934
7909422	5.130873
7909425	4.941054
7909441	10.39193
7909446	4.243794
7909455	6.073059
7909478	6.209056
7909494	3.299429
7909503	4.842798
7909510	6.086605
7909525	2.928278
7909527	5.642987
7909529	6.795908
7909545	4.588347
7909561	4.614581
7909568	4.003255
7909586	7.73502
7909601	4.041362
7909603	7.602233
7909610	8.986047
7909624	5.571998
7909626	2.680745
7909628	4.589003
7909642	5.295995
7909661	5.589446
7909681	4.060011
7909689	4.607576
7909708	4.194198
7909730	4.019932
7909745	8.82831
7909768	3.563342
7909780	4.297892
7909782	4.371554
7909789	5.476744
7909801	4.396085
7909811	5.258751
7909813	4.148537
7909815	6.776222
7909839	4.357942
7909841	5.144608
7909862	5.931384
7909866	4.038437
7909877	5.898968
7909888	2.727223
7909890	6.120539
7909896	6.411604
7909898	7.001255
7909931	10.46886
7909946	4.741413
7909954	4.791737
7909965	6.585728
7909967	10.00853
7909990	5.944328
7909992	9.057405
7909999	3.160474
7910001	5.965242
7910010	3.525345
7910012	3.317971
7910014	6.958982
7910022	4.121511
7910030	2.556159
7910047	3.636898
7910054	3.413825
7910096	4.660187
7910099	8.739348
7910111	7.34309
7910124	11.18683
7910134	6.374707
7910138	2.518617
7910142	5.477141
7910146	5.974269
7910164	6.430676
7910184	5.025897
7910186	4.419034
7910188	5.119787
7910190	5.398935
7910198	5.402698
7910200	6.477015
7910211	4.99257
7910217	5.562183
7910229	10.69184
7910241	9.03051
7910257	7.034683
7910261	6.049298
7910265	5.416682
7910369	7.112577
7910372	8.234985
7910377	8.538895
7910379	4.954602
7910381	5.872486
7910383	3.43144
7910385	10.26417
7910387	8.428225
7910396	4.112283
7910398	6.139823
7910414	7.065473
7910416	5.082947
7910427	7.65408
7910446	6.202224
7910466	6.221318
7910490	4.920148
7910492	5.162452
7910494	6.311291
7910503	5.773204
7910520	6.812435
7910539	7.00299
7910550	6.042575
7910559	5.192657
7910585	6.957827
7910587	2.871672
7910589	5.642222
7910591	6.048287
7910600	5.567028
7910611	9.301402
7910618	6.087715
7910630	5.647143
7910634	2.269911
7910636	6.28714
7910638	7.543732
7910640	6.032094
7910651	4.782013
7910672	1.986132
7910674	2.262047
7910680	8.589172
7910694	6.283187
7910706	8.145885
7910727	4.808078
7910752	6.220821
7910790	6.612568
7910792	3.470774
7910897	6.044522
7910899	7.986671
7910901	8.409623
7910903	2.471565
7910905	3.309748
7910907	2.110091
7910909	3.169621
7910911	2.172013
7910913	6.491642
7910915	3.070109
7910923	4.131774
7910944	4.722991
7910948	4.648794
7910950	3.721575
7910971	2.821119
7910997	4.697625
7911017	5.538864
7911038	6.547755
7911045	3.635732
7911047	7.698555
7911049	3.300658
7911056	4.595387
7911078	7.894623
7911085	6.166807
7911092	7.606151
7911094	2.264618
7911096	4.620275
7911108	5.555677
7911110	4.684875
7911112	4.805793
7911114	5.38155
7911136	2.003568
7911138	7.821089
7911155	8.690163
7911170	5.018111
7911174	3.177433
7911176	3.056287
7911178	5.180977
7911197	5.165447
7911199	3.056396
7911207	5.18326
7911209	3.372102
7911211	2.821921
7911213	3.994895
7911215	3.25041
7911218	6.30318
7911229	6.339019
7911231	6.339019
7911233	4.777362
7911235	3.238737
7911237	4.292007
7911241	3.626903
7911243	3.464009
7911248	3.113933
7911252	5.357801
7911258	4.890373
7911260	4.98903
7911263	5.066544
7911265	2.558748
7911267	2.820035
7911269	5.074103
7911271	4.587859
7911273	4.300428
7911276	3.41167
7911278	5.281345
7911281	4.380683
7911283	5.600779
7911285	3.067985
7911287	4.494809
7911289	8.897473
7911301	7.22308
7911307	9.083395
7911309	7.572486
7911323	3.367054
7911329	7.088778
7911331	7.15777
7911333	9.139228
7911335	11.47908
7911337	11.68491
7911339	9.170362
7911341	9.615424
7911343	11.46436
7911345	5.838706
7911347	6.547927
7911349	4.352279
7911351	7.163987
7911355	6.819848
7911359	7.019167
7911371	6.095037
7911376	8.002371
7911383	6.414928
7911403	6.682421
7911413	6.348994
7911422	7.783549
7911435	6.883327
7911444	6.739619
7911458	6.78437
7911486	6.852253
7911506	7.567119
7911529	8.930253
7911532	8.191873
7911539	7.829575
7911559	6.557765
7911568	7.297826
7911578	7.399532
7911591	7.239491
7911600	8.153537
7911619	10.50561
7911634	6.898176
7911643	4.836756
7911657	7.146383
7911659	4.93757
7911676	5.994395
7911681	4.825686
7911683	6.297089
7911699	7.392415
7911701	6.480031
7911718	5.494365
7911720	6.298905
7911730	6.400054
7911750	6.789928
7911754	7.700281
7911767	5.238423
7911793	7.005481
7911796	7.01697
7911799	6.521536
7911839	5.336297
7911854	6.008364
7911862	6.911097
7911870	6.478154
7911897	6.532065
7911902	5.595963
7911941	6.013042
7911989	3.966475
7911993	7.9186
7912004	8.032141
7912012	6.279418
7912031	6.50343
7912040	7.666292
7912056	6.08109
7912086	5.737479
7912102	7.715179
7912112	6.376199
7912133	5.029761
7912136	2.911479
7912145	5.499918
7912155	7.481998
7912157	10.02219
7912162	6.637839
7912164	2.61622
7912166	8.014044
7912194	6.322732
7912196	2.816958
7912198	11.10184
7912211	4.971457
7912224	6.063292
7912239	7.155642
7912248	4.747036
7912250	8.204527
7912252	4.618352
7912254	5.299258
7912257	7.977084
7912280	3.748459
7912283	7.151561
7912292	6.393243
7912303	6.11019
7912316	6.751778
7912343	6.850649
7912347	5.560853
7912349	6.25261
7912361	4.98117
7912374	7.261522
7912385	7.263293
7912412	7.09853
7912473	6.862296
7912481	6.654253
7912496	6.330068
7912511	7.343152
7912515	4.871542
7912520	5.464016
7912525	2.373349
7912527	3.62084
7912529	5.05489
7912531	2.402556
7912535	5.67464
7912537	10.31248
7912547	3.952549
7912552	3.921269
7912555	3.922431
7912561	5.528369
7912567	4.070631
7912575	4.130185
7912580	5.226611
7912582	3.675378
7912585	5.710899
7912589	3.673593
7912591	6.194733
7912595	3.494197
7912601	4.703031
7912606	6.194733
7912610	3.494197
7912617	4.703031
7912622	4.785558
7912625	3.21635
7912627	5.369989
7912629	6.099165
7912638	6.662609
7912646	8.749013
7912659	6.050836
7912670	7.561029
7912672	5.296392
7912675	6.694763
7912692	4.809819
7912701	6.69967
7912706	11.26422
7912724	6.048828
7912743	6.459951
7912750	7.973789
7912762	3.056772
7912764	5.467238
7912784	5.847807
7912800	11.44302
7912802	5.235472
7912804	8.869159
7912806	2.845897
7912808	9.141459
7912839	6.214407
7912850	11.44302
7912852	9.784448
7912854	6.733517
7912861	6.078697
7912863	6.164791
7912882	4.045044
7912884	4.842669
7912887	6.719303
7912898	7.482691
7912928	7.415512
7912937	6.597106
7912956	8.109424
7912968	5.678216
7912975	5.840733
7912994	5.819154
7913001	8.593201
7913110	6.715908
7913138	4.804515
7913146	7.343701
7913154	4.933284
7913156	6.835871
7913169	10.22153
7913185	5.905616
7913187	9.683008
7913206	5.812394
7913211	6.39095
7913216	6.20468
7913226	6.545865
7913235	6.579595
7913237	10.03274
7913242	7.733603
7913249	6.241904
7913252	6.098371
7913256	8.513404
7913271	5.356016
7913290	5.602347
7913300	8.578584
7913319	7.635651
7913357	8.082448
7913380	11.38549
7913385	5.816414
7913415	6.725495
7913450	7.678543
7913547	6.326105
7913556	2.813292
7913558	7.815197
7913566	5.733692
7913571	8.742987
7913582	6.822562
7913593	7.121731
7913609	6.033839
7913642	5.251184
7913644	5.395852
7913655	6.658899
7913663	4.128165
7913665	7.798144
7913667	8.242515
7913682	7.73524
7913694	9.806088
7913705	5.328858
7913712	6.226344
7913727	5.391918
7913768	5.002671
7913776	5.438708
7913787	5.221422
7913799	2.274188
7913801	3.164135
7913803	2.703428
7913805	6.849438
7913814	7.835551
7913824	8.641966
7913835	5.333024
7913850	5.781343
7913852	3.768543
7913858	7.143414
7913864	4.402804
7913869	6.49156
7913883	8.18798
7913896	6.13693
7913907	4.372668
7913918	6.318985
7913938	9.027964
7913965	6.097921
7913972	4.244478
7913976	3.113515
7913978	6.581541
7913990	5.756269
7914000	5.448859
7914003	6.881613
7914015	7.967745
7914021	7.240239
7914038	3.265018
7914040	8.633684
7914042	7.038548
7914075	5.892817
7914084	6.991628
7914094	8.830541
7914103	7.218255
7914112	7.900528
7914127	9.172405
7914137	1.955181
7914141	5.893016
7914153	7.320945
7914178	5.776082
7914180	8.363708
7914182	4.624228
7914184	6.964995
7914194	6.573338
7914200	2.241771
7914202	7.889216
7914212	9.056532
7914214	7.134059
7914216	7.951674
7914218	6.158747
7914230	2.639552
7914232	7.704083
7914235	9.112179
7914245	6.315263
7914260	4.802655
7914270	10.74105
7914282	5.927963
7914296	9.754539
7914322	4.665745
7914324	4.665745
7914326	5.637715
7914334	5.836186
7914342	6.102849
7914354	7.038582
7914361	7.213728
7914433	6.052536
7914467	6.054385
7914489	9.442465
7914496	6.523988
7914498	3.52726
7914500	5.934864
7914516	6.537585
7914525	10.61209
7914530	7.865231
7914550	4.841033
7914555	3.626211
7914557	5.146792
7914563	7.508996
7914580	5.412309
7914592	9.544468
7914603	9.036549
7914617	6.794189
7914628	4.42271
7914630	7.327462
7914643	4.538503
7914648	6.583838
7914667	4.921939
7914748	4.985828
7914750	6.157554
7914758	5.673685
7914764	6.614117
7914791	8.575342
7914805	4.146932
7914809	7.600318
7914834	8.556486
7914847	6.229377
7914851	4.109912
7914878	3.424853
7914880	6.575436
7914887	7.928607
7914898	7.698512
7914904	8.347782
7914917	7.299575
7914923	5.733106
7914938	5.415829
7914940	7.658412
7914950	8.148832
7914974	5.968577
7914992	4.857958
7914994	3.183607
7914996	7.0712
7915008	7.90836
7915015	7.64667
7915032	6.350995
7915045	4.556623
7915056	4.193758
7915074	3.745268
7915078	6.666655
7915084	6.917263
7915091	7.578779
7915101	6.327674
7915130	6.65415
7915147	5.782029
7915156	6.676393
7915160	8.542964
7915170	6.60515
7915178	5.121343
7915184	8.118583
7915198	3.677763
7915200	4.661126
7915202	5.162663
7915204	4.666434
7915207	7.514505
7915227	6.991398
7915229	6.175493
7915238	5.780512
7915245	4.699888
7915252	7.764404
7915257	6.274589
7915261	6.339715
7915275	3.690444
7915277	6.724763
7915284	4.55634
7915286	8.964317
7915297	7.284659
7915329	6.982228
7915331	5.651189
7915333	5.925322
7915345	7.480459
7915347	6.393546
7915351	6.075767
7915363	5.732866
7915385	9.943833
7915392	5.769773
7915404	5.845497
7915408	8.354575
7915425	4.378171
7915435	6.747443
7915444	5.152273
7915466	6.535028
7915468	5.213597
7915472	10.00631
7915485	5.696607
7915498	4.17952
7915500	7.329526
7915504	8.318258
7915516	6.001544
7915529	6.07296
7915543	7.308224
7915561	2.899309
7915563	4.930008
7915565	2.564672
7915567	5.276075
7915578	6.284352
7915590	1.939409
7915592	5.008703
7915594	5.866201
7915598	5.61364
7915609	5.563742
7915612	3.326278
7915614	6.246726
7915640	4.526213
7915657	5.69896
7915659	6.904345
7915682	5.657265
7915695	6.089004
7915718	6.945926
7915731	4.083169
7915733	8.753824
7915743	6.041092
7915758	9.612864
7915775	7.002722
7915787	7.845835
7915801	6.439316
7915827	7.6263
7915841	7.060925
7915846	7.628716
7915861	6.870667
7915870	5.695662
7915882	8.690719
7915896	4.760696
7915902	5.042383
7915910	10.81016
7915919	5.528754
7915926	4.456745
7915949	6.268552
7915951	2.580676
7915955	6.23955
7915971	4.753093
7915982	4.304718
7915991	6.00854
7915995	6.706861
7916016	4.392146
7916018	3.958307
7916020	2.202736
7916022	7.621427
7916024	6.382896
7916045	9.215265
7916077	8.27652
7916112	5.068618
7916120	8.690246
7916130	6.473399
7916135	7.244719
7916167	4.242083
7916185	6.216774
7916219	5.405576
7916225	5.864679
7916227	2.309374
7916229	6.925535
7916246	5.177674
7916248	5.448126
7916262	7.072173
7916274	6.424187
7916282	5.585179
7916304	5.926662
7916316	5.159781
7916341	2.802721
7916343	7.236962
7916356	4.681748
7916364	6.068845
7916372	11.83567
7916384	5.374158
7916393	5.28246
7916403	10.08729
7916412	7.000501
7916422	7.29014
7916425	10.17258
7916432	9.708802
7916443	6.933575
7916487	2.06824
7916489	5.285341
7916491	5.003989
7916493	8.04839
7916506	3.755234
7916526	3.955084
7916541	4.741677
7916562	10.07606
7916564	6.055851
7916566	2.88426
7916568	5.4637
7916570	6.460764
7916582	6.244898
7916584	11.38544
7916590	9.02905
7916592	7.512424
7916609	9.434701
7916616	5.375452
7916629	3.676192
7916643	5.613094
7916654	5.420303
7916667	3.646974
7916669	6.326996
7916725	4.266111
7916727	5.002717
7916741	6.593753
7916743	4.581618
7916745	2.100807
7916747	9.931024
7916775	4.935627
7916777	3.717719
7916781	5.474903
7916785	2.736082
7916789	4.661755
7916808	5.145609
7916822	2.444117
7916832	3.932004
7916834	2.695547
7916836	7.430376
7916841	2.771175
7916843	10.35568
7916851	5.660964
7916853	4.311822
7916862	8.917752
7916880	3.65901
7916882	3.98817
7916898	2.578377
7916910	5.043068
7916926	4.888586
7916928	7.200246
7916944	4.320729
7916969	8.255749
7916984	3.38198
7916986	3.922704
7916998	3.604833
7917000	4.596334
7917002	2.231156
7917004	2.514253
7917008	2.407426
7917015	3.445717
7917019	3.504666
7917037	6.300019
7917050	4.13089
7917052	5.209052
7917080	6.055051
7917082	2.995039
7917088	5.085042
7917103	6.534307
7917120	7.800169
7917148	7.856822
7917151	5.238888
7917156	8.54222
7917180	3.820185
7917182	2.447653
7917199	5.694909
7917232	9.538677
7917240	8.01322
7917251	4.127117
7917255	4.199409
7917276	7.227426
7917283	4.37819
7917304	3.335063
7917322	4.618349
7917331	6.095056
7917338	9.401008
7917347	6.982459
7917357	3.192582
7917359	6.181166
7917370	5.158619
7917431	4.377532
7917433	7.364917
7917455	9.208436
7917466	5.435212
7917468	6.341553
7917470	5.619879
7917472	10.26749
7917482	6.011554
7917503	8.152122
7917514	4.858436
7917516	9.845713
7917528	6.087292
7917530	7.998309
7917532	8.494339
7917548	5.774937
7917561	7.225382
7917576	7.643068
7917591	4.786494
7917593	4.498913
7917597	2.194188
7917599	6.695125
7917604	7.436204
7917612	2.674369
7917634	2.53247
7917645	14.63873
7917647	4.503712
7917649	6.469638
7917670	7.139128
7917672	6.533775
7917674	6.512871
7917676	3.82649
7917695	3.559794
7917697	5.714744
7917707	5.476398
7917726	2.405547
7917728	5.324753
7917735	2.239155
7917737	7.060627
7917739	3.727855
7917741	7.650895
7917752	5.32129
7917754	7.349373
7917771	7.1285
7917779	7.391236
7917790	3.657956
7917792	3.179522
7917794	2.367363
7917798	4.675199
7917850	6.468565
7917875	10.48774
7917885	9.216711
7917896	5.838099
7917902	3.884078
7917904	2.704255
7917906	8.736285
7917910	4.21346
7917912	8.45014
7917942	4.967355
7917944	4.722213
7917946	3.308839
7917954	5.763897
7917972	2.922489
7917974	3.079267
7917976	4.077624
7917996	3.198986
7918008	6.230855
7918026	2.722629
7918034	5.047845
7918048	4.027623
7918050	8.485075
7918052	3.770472
7918064	5.344047
7918134	5.967701
7918149	6.400597
7918151	2.144592
7918157	5.580214
7918188	7.451678
7918203	5.601693
7918223	4.484091
7918235	3.387911
7918255	6.228631
7918275	6.535933
7918284	7.848523
7918294	5.212826
7918300	6.169015
7918313	5.467027
7918323	11.27459
7918345	7.04811
7918359	7.137451
7918365	6.991472
7918367	5.131174
7918379	5.591392
7918394	6.531898
7918416	6.169604
7918424	2.735544
7918426	5.420686
7918437	7.094018
7918444	5.458362
7918449	4.757273
7918457	4.758388
7918465	2.455267
7918467	7.370316
7918474	8.083311
7918487	8.129571
7918504	5.382968
7918517	6.058808
7918533	5.021474
7918548	2.574468
7918550	4.899073
7918552	5.600828
7918558	5.118444
7918569	4.498816
7918593	8.357088
7918606	5.844654
7918620	5.016077
7918622	3.801865
7918634	5.809126
7918657	6.141522
7918681	7.518435
7918694	8.139491
7918703	7.916586
7918716	5.188299
7918725	7.615559
7918747	4.40969
7918749	5.781462
7918751	5.33091
7918753	2.902465
7918755	5.049477
7918757	3.687414
7918759	8.515498
7918768	9.334508
7918792	6.269714
7918794	3.868997
7918811	4.548084
7918813	8.510547
7918825	10.9329
7918847	6.462876
7918857	6.983578
7918869	6.419072
7918876	6.830338
7918878	4.315698
7918891	2.885817
7918898	3.406839
7918900	5.83495
7918902	7.079298
7918911	7.514132
7918913	6.329944
7918923	5.993356
7918925	5.864786
7918936	8.423714
7918951	3.545789
7918953	2.115553
7918955	7.764035
7918973	3.559948
7919024	3.019339
7919026	3.064786
7919028	3.904362
7919038	5.214627
7919047	2.811576
7919049	5.017573
7919051	5.787807
7919055	6.415905
7919067	4.245305
7919080	3.47958
7919088	4.075775
7919095	9.265838
7919129	7.17163
7919131	6.370577
7919133	6.130281
7919139	3.794395
7919146	3.900193
7919151	8.51
7919155	6.77645
7919157	6.252705
7919160	4.815404
7919162	5.817493
7919166	4.815404
7919168	7.065459
7919193	9.972778
7919195	2.302128
7919197	5.165046
7919208	5.417343
7919217	6.143466
7919226	7.873941
7919243	3.755839
7919251	5.689029
7919267	8.000548
7919269	11.89695
7919271	9.680246
7919299	7.200324
7919301	6.099012
7919303	4.360384
7919305	5.652452
7919314	5.734405
7919324	1.985817
7919326	5.989687
7919340	3.727433
7919347	8.000548
7919349	11.89695
7919351	9.679607
7919380	7.200324
7919382	5.087453
7919384	5.550072
7919386	7.37456
7919388	2.912555
7919390	4.306893
7919392	8.51
7919394	5.450768
7919405	6.77645
7919407	5.844427
7919412	9.974195
7919436	10.98026
7919438	9.74969
7919556	6.252699
7919560	6.203619
7919562	4.079963
7919564	7.037018
7919566	5.338069
7919568	5.77959
7919570	2.625172
7919572	5.418527
7919576	11.44302
7919578	5.294279
7919580	5.847646
7919582	5.85025
7919584	9.70749
7919589	8.561601
7919591	3.821084
7919594	2.671793
7919596	5.847646
7919598	8.044394
7919600	7.947365
7919602	6.582482
7919604	6.327974
7919606	10.02859
7919612	8.277637
7919614	7.408076
7919619	8.813771
7919625	9.424973
7919627	9.075489
7919637	9.5128
7919642	7.249606
7919645	4.470798
7919659	7.590065
7919669	6.026656
7919699	8.039047
7919715	5.896776
7919729	8.084079
7919743	7.117143
7919749	9.417092
7919751	11.72842
7919761	6.125674
7919763	6.936738
7919776	2.757286
7919780	9.676185
7919787	3.543467
7919800	9.875473
7919815	4.557019
7919825	8.36957
7919852	2.181126
7919854	6.377651
7919856	7.958414
7919872	6.495329
7919886	2.474618
7919888	9.579258
7919898	6.268379
7919923	5.839981
7919929	4.63218
7919940	7.95975
7919950	8.112006
7919971	6.594683
7919984	8.359285
7920000	6.938656
7920027	6.171162
7920045	2.1884
7920047	5.962817
7920057	5.391605
7920077	6.183591
7920082	6.322038
7920100	4.1053
7920114	5.273147
7920123	11.85153
7920128	11.19109
7920135	4.312256
7920141	4.952404
7920146	7.668123
7920155	6.203231
7920165	10.89578
7920175	3.836124
7920178	11.81542
7920182	6.192433
7920185	5.984008
7920191	6.910158
7920193	6.08813
7920196	6.835698
7920201	6.682183
7920205	12.82058
7920210	6.71674
7920214	7.139218
7920217	7.853384
7920220	6.17366
7920228	6.463405
7920238	9.430163
7920244	13.4335
7920249	3.211588
7920252	7.674211
7920258	8.091889
7920264	4.775043
7920271	6.367129
7920278	4.545753
7920285	6.922874
7920291	8.494499
7920297	8.759306
7920303	5.593106
7920317	8.014898
7920333	5.054853
7920335	3.294624
7920337	4.969746
7920341	7.830588
7920354	7.02298
7920382	7.250952
7920401	7.868428
7920409	8.831944
7920422	7.71355
7920426	3.34683
7920468	2.666694
7920470	2.444842
7920472	6.278141
7920487	5.038014
7920492	9.68889
7920506	5.747975
7920515	8.237659
7920531	8.787752
7920552	6.055684
7920567	6.366683
7920575	7.369476
7920594	6.368337
7920600	7.616481
7920616	5.595182
7920633	7.618941
7920642	10.72711
7920659	6.834297
7920664	5.823802
7920687	6.119298
7920697	9.205836
7920707	6.321003
7920725	7.245502
7920737	7.604742
7920744	6.499647
7920757	5.417962
7920766	8.041489
7920795	2.483812
7920799	8.262985
7920810	6.307101
7920839	9.975069
7920852	7.04737
7920873	10.48176
7920875	4.630031
7920877	8.064389
7920903	9.429232
7920912	6.873592
7920928	5.687799
7920944	7.201065
7920971	7.894101
7920980	4.450126
7920984	7.716975
7921003	4.340078
7921012	4.801623
7921014	8.843818
7921031	5.40257
7921033	5.31626
7921076	5.602963
7921088	5.914048
7921099	6.749209
7921110	7.138892
7921119	4.887859
7921121	6.834598
7921133	8.821199
7921144	6.236845
7921155	5.510739
7921179	6.693913
7921222	5.354078
7921228	8.563255
7921237	4.199257
7921259	3.450744
7921275	4.526485
7921298	4.46406
7921319	5.999085
7921332	5.092384
7921342	5.845169
7921344	8.306854
7921346	3.3011
7921354	3.294053
7921356	3.851107
7921358	3.578497
7921360	5.390293
7921362	4.641977
7921364	2.775757
7921367	3.780336
7921420	4.712319
7921422	2.90847
7921425	3.732465
7921427	4.256807
7921429	4.334355
7921431	4.325818
7921434	4.225371
7921442	3.119458
7921445	4.688022
7921447	3.809102
7921449	4.327225
7921462	5.738909
7921471	2.100422
7921473	4.913888
7921487	7.374629
7921492	6.424962
7921516	5.025391
7921526	5.958444
7921533	4.597614
7921538	6.681243
7921552	6.431262
7921571	7.552093
7921583	9.289975
7921621	5.876617
7921623	2.600255
7921625	4.589863
7921637	5.070165
7921652	4.284252
7921667	6.749666
7921677	4.880616
7921690	4.510465
7921702	4.060048
7921713	10.4177
7921738	8.567568
7921752	7.211293
7921773	10.54663
7921786	7.201608
7921793	7.220026
7921806	7.447147
7921821	5.053377
7921834	5.466896
7921840	5.301369
7921852	4.496212
7921862	3.893899
7921868	7.256834
7921873	10.30342
7921882	5.244377
7921895	5.759291
7921900	10.43058
7921909	4.309175
7921916	3.392455
7921930	4.36137
7921932	4.589428
7921936	5.780108
7921955	3.947068
7921970	7.109222
7921987	7.52376
7922001	5.204449
7922008	6.938576
7922018	4.256314
7922029	6.110281
7922040	6.095098
7922051	7.750297
7922058	4.018774
7922095	7.039855
7922104	6.349926
7922108	5.567959
7922121	2.66797
7922125	2.532769
7922127	3.350082
7922130	4.183247
7922137	4.643408
7922152	4.507815
7922162	7.936424
7922174	4.956649
7922200	4.653082
7922219	8.651215
7922229	5.094354
7922243	5.288957
7922250	7.881482
7922266	4.968384
7922268	6.058414
7922291	2.692623
7922293	2.314877
7922295	2.775284
7922297	4.824615
7922299	6.200744
7922301	3.744837
7922309	5.810837
7922324	3.437081
7922326	6.642659
7922328	6.011227
7922330	6.341053
7922337	3.356872
7922343	3.293395
7922351	5.01724
7922353	3.295716
7922382	2.991343
7922389	3.735238
7922391	4.577433
7922400	7.282703
7922402	5.666525
7922404	4.66094
7922406	5.860996
7922408	6.594898
7922410	7.045722
7922412	3.626961
7922414	8.181143
7922416	7.406533
7922418	8.613079
7922420	4.70841
7922432	9.147
7922456	6.249233
7922458	2.670086
7922460	2.190137
7922462	6.026583
7922472	3.043763
7922474	6.677567
7922482	4.785136
7922504	8.023154
7922523	6.396349
7922525	4.774149
7922550	5.51147
7922590	6.162675
7922596	6.813569
7922598	3.216718
7922610	6.902694
7922627	4.365016
7922637	9.689139
7922646	10.26714
7922648	7.478014
7922652	4.725868
7922656	4.926232
7922667	2.370311
7922669	6.523889
7922684	5.652563
7922686	4.871315
7922689	12.31677
7922703	4.59714
7922707	8.209176
7922717	7.147451
7922727	4.579451
7922737	2.937912
7922752	7.018967
7922754	5.27773
7922756	5.169973
7922773	10.45887
7922793	9.466478
7922804	3.472097
7922807	4.962442
7922821	2.503197
7922823	7.034729
7922846	8.154433
7922868	3.362324
7922870	7.400555
7922887	2.399432
7922889	10.96997
7922908	2.532104
7922910	3.815063
7922912	7.535323
7922969	2.943038
7922976	9.688887
7922994	3.536358
7923003	2.156309
7923007	5.363715
7923027	5.490867
7923034	3.738314
7923037	4.66587
7923039	2.182961
7923041	2.175259
7923043	3.464956
7923073	2.781669
7923086	3.501953
7923119	5.670607
7923131	6.704636
7923141	7.550104
7923162	4.263567
7923164	3.084129
7923173	4.147592
7923175	3.00685
7923177	2.586952
7923179	2.631798
7923183	6.534891
7923189	3.280059
7923221	5.653728
7923231	2.29852
7923233	6.077959
7923271	4.662917
7923317	5.323519
7923319	6.859675
7923332	6.191206
7923347	7.157473
7923360	6.465509
7923372	8.286338
7923378	8.294091
7923386	5.699377
7923394	8.50852
7923406	5.808554
7923424	2.79773
7923426	4.518558
7923436	4.837042
7923438	9.149121
7923440	2.383897
7923442	4.813339
7923453	9.705923
7923483	6.838924
7923489	7.910658
7923501	7.07828
7923503	10.69214
7923516	8.010698
7923528	6.166307
7923534	6.218911
7923547	5.914488
7923562	4.854601
7923578	3.994511
7923582	6.16761
7923584	5.057868
7923596	6.571569
7923608	7.353519
7923621	6.182403
7923628	6.263453
7923635	8.01122
7923659	10.8342
7923662	8.162649
7923698	5.604853
7923700	5.707268
7923705	5.098965
7923707	4.503137
7923712	6.828543
7923731	5.387545
7923753	6.619615
7923762	5.296573
7923772	5.102239
7923778	6.645177
7923792	6.608053
7923798	7.989229
7923810	2.761425
7923812	6.400597
7923824	6.938821
7923837	5.699986
7923850	5.271796
7923875	5.390023
7923885	6.201814
7923889	5.235117
7923905	2.952751
7923907	4.324439
7923917	5.516139
7923929	11.46817
7923942	6.006353
7923956	5.631845
7923958	10.40462
7923965	7.501716
7923967	10.81961
7923972	4.799243
7923974	6.001409
7923976	6.300867
7923978	4.78221
7923991	6.404384
7924029	9.664585
7924055	6.056959
7924058	8.480454
7924069	3.376178
7924071	4.255954
7924085	3.999925
7924092	7.564463
7924096	4.628451
7924107	5.06628
7924117	3.324425
7924119	5.622389
7924144	8.37477
7924148	2.772244
7924150	7.121759
7924163	5.206373
7924166	5.614931
7924172	6.965107
7924180	3.535212
7924184	4.632348
7924190	5.706166
7924203	4.424979
7924207	6.683154
7924230	6.788161
7924233	4.161813
7924307	4.542636
7924309	5.063452
7924325	2.224006
7924327	6.412148
7924340	4.077244
7924342	5.152071
7924351	6.787766
7924386	7.125861
7924388	6.273193
7924401	2.304366
7924403	2.861753
7924405	7.17708
7924443	7.194005
7924445	3.935345
7924450	9.263383
7924461	4.670344
7924463	7.15777
7924465	5.85425
7924476	3.751531
7924491	5.401674
7924495	2.802444
7924497	2.08673
7924499	6.115575
7924508	6.415543
7924526	9.776143
7924549	5.820835
7924551	6.385146
7924553	6.241496
7924558	6.298685
7924582	9.533077
7924603	7.788644
7924619	5.871436
7924636	7.874969
7924663	7.268277
7924669	7.078359
7924682	7.685197
7924686	6.143724
7924701	9.00115
7924712	4.602148
7924731	2.931357
7924733	6.046796
7924754	4.752233
7924756	7.147399
7924758	7.071285
7924760	6.28944
7924773	7.214449
7924817	5.951941
7924819	5.10165
7924821	1.990332
7924823	6.525383
7924832	7.160032
7924840	5.829512
7924842	7.659003
7924853	6.648301
7924863	5.366724
7924868	8.398946
7924874	7.604448
7924884	6.170917
7924888	8.030462
7924893	9.764877
7924895	4.961829
7924897	5.327082
7924908	5.071896
7924910	7.23131
7924923	5.964746
7924956	6.493933
7924967	2.311296
7924969	5.895779
7924977	4.619886
7924987	4.957098
7924996	6.083813
7925003	6.0745
7925028	5.399007
7925031	3.302187
7925033	5.03416
7925043	7.409799
7925048	8.303361
7925056	4.188927
7925058	4.484158
7925062	7.822422
7925087	2.40066
7925089	5.479941
7925128	6.791214
7925130	6.010987
7925161	8.70797
7925170	4.777885
7925174	5.948093
7925182	5.511336
7925184	6.419191
7925201	7.360025
7925229	6.539891
7925242	2.906434
7925244	6.774131
7925246	2.161809
7925248	2.112834
7925250	6.073052
7925257	7.402342
7925320	4.736355
7925342	4.497134
7925361	5.620699
7925364	6.087667
7925413	6.832848
7925417	2.785057
7925419	4.376935
7925432	2.141398
7925434	5.225119
7925436	4.155191
7925438	2.406027
7925442	5.133539
7925444	3.195161
7925446	5.540751
7925448	3.872
7925450	2.091233
7925452	4.986865
7925457	4.346353
7925480	5.674169
7925492	6.685055
7925500	5.59712
7925504	5.717628
7925511	5.09001
7925523	6.385146
7925525	4.973198
7925531	5.138347
7925550	7.250898
7925561	7.297684
7925565	9.84622
7925585	5.849223
7925587	5.762161
7925589	5.226516
7925607	2.748811
7925609	2.944293
7925611	5.830719
7925622	6.025272
7925662	3.743745
7925672	4.097341
7925677	6.006051
7925687	6.389969
7925691	6.390072
7925701	5.362893
7925703	2.864264
7925705	6.272953
7925718	4.848712
7925720	4.666881
7925724	1.971693
7925726	3.656055
7925728	4.490669
7925730	4.141533
7925732	3.510112
7925735	3.068392
7925737	5.788542
7925739	8.422713
7925741	5.689656
7925743	5.682823
7925745	2.440852
7925747	3.02563
7925749	5.600779
7925751	3.659767
7925753	2.255728
7925755	4.155191
7925757	4.379202
7925759	4.94645
7925761	4.315681
7925763	8.746417
7925773	6.928142
7925790	3.201375
7925792	7.706981
7925813	5.489573
7925821	2.818039
7925823	6.628914
7925846	4.735401
7925851	7.185304
7925870	4.286857
7925874	2.188598
7925876	8.377696
7925902	3.391081
7925904	5.314074
7925918	5.751586
7925927	3.115641
7925929	6.633129
7925939	3.442784
7925950	5.811348
7925954	9.899833
7925972	5.512799
7925976	4.660218
7925978	6.454898
7925996	6.777679
7926021	6.721659
7926037	10.14492
7926059	5.143199
7926061	3.707145
7926084	8.492981
7926096	6.564078
7926105	8.745686
7926117	4.059823
7926123	3.473507
7926127	6.311184
7926150	6.849508
7926152	6.423822
7926158	8.047505
7926168	2.293869
7926170	6.996327
7926189	5.694518
7926205	4.044377
7926207	7.232472
7926223	6.512856
7926239	8.737038
7926259	4.779433
7926283	7.615988
7926297	4.758784
7926299	6.460279
7926319	6.167211
7926330	2.862165
7926334	2.850727
7926345	5.864442
7926354	2.585965
7926356	8.509824
7926368	7.617087
7926383	3.191234
7926385	7.551942
7926403	4.548049
7926410	5.463813
7926445	4.548049
7926451	5.463813
7926486	3.890769
7926506	5.015728
7926531	9.280805
7926539	4.816967
7926541	2.531973
7926543	4.705597
7926545	6.432145
7926563	2.251352
7926565	5.680192
7926594	2.67335
7926596	6.470181
7926609	7.274381
7926622	4.31075
7926636	3.314212
7926638	3.045514
7926659	6.587191
7926661	7.680631
7926670	9.854731
7926672	2.261735
7926674	7.44732
7926677	7.65063
7926679	8.188162
7926706	5.36004
7926708	3.434991
7926715	4.982684
7926728	3.266391
7926766	4.945894
7926786	6.301725
7926805	3.795211
7926807	5.513074
7926817	5.223374
7926819	2.909233
7926821	6.873827
7926834	2.426804
7926836	10.28866
7926851	8.758341
7926871	4.918027
7926875	6.086174
7926882	4.080783
7926889	2.089491
7926894	4.591437
7926896	6.216444
7926900	8.527179
7926914	3.772174
7926916	5.548574
7926934	5.235103
7926936	4.321263
7926981	2.250042
7926983	6.419709
7927008	6.697845
7927028	5.381919
7927031	2.780075
7927033	3.228654
7927056	2.836213
7927058	3.553457
7927060	2.497524
7927062	6.521935
7927071	4.594387
7927082	6.65886
7927089	7.15777
7927091	6.161722
7927095	5.913496
7927097	2.425152
7927099	6.903193
7927106	2.652514
7927108	6.094061
7927120	5.401074
7927146	7.683648
7927153	5.246881
7927155	9.244266
7927167	4.921564
7927169	5.813185
7927173	5.657717
7927179	6.341195
7927186	4.7306
7927202	4.444018
7927207	2.22307
7927215	8.755616
7927231	7.436738
7927233	8.149731
7927265	2.322041
7927267	5.84084
7927277	5.875923
7927280	3.538284
7927285	8.459599
7927288	5.71745
7927294	3.900167
7927305	6.992156
7927307	5.621055
7927323	8.143408
7927353	7.344034
7927363	11.05604
7927367	5.683693
7927383	5.690412
7927389	9.796567
7927405	5.880414
7927425	6.353763
7927474	4.726573
7927482	5.618031
7927502	5.349433
7927505	5.065776
7927513	7.256566
7927517	2.322041
7927519	7.541088
7927527	5.075577
7927529	3.124496
7927536	9.395873
7927550	3.431352
7927552	6.953046
7927560	8.229504
7927595	4.539836
7927597	4.962994
7927599	5.015541
7927606	4.071417
7927631	10.96818
7927639	2.606444
7927641	2.297718
7927643	4.014903
7927645	5.493613
7927647	3.705125
7927649	5.467012
7927658	9.204716
7927669	6.175873
7927681	3.740403
7927694	3.51859
7927704	2.562167
7927706	2.777303
7927708	3.938553
7927710	3.346233
7927723	3.112163
7927732	10.174
7927745	6.776723
7927747	7.138269
7927767	5.990216
7927773	2.264184
7927775	7.202425
7927784	6.166763
7927786	8.45083
7927799	6.701219
7927801	5.2697
7927803	4.512786
7927812	4.00221
7927814	8.558302
7927827	4.112191
7927854	7.458886
7927872	6.520635
7927874	3.245657
7927876	4.331508
7927889	7.093251
7927915	3.790808
7927924	2.044677
7927926	7.150293
7927936	6.947699
7927955	6.860851
7927964	11.72225
7927972	8.981504
7927981	6.28648
7927998	4.587281
7928019	7.334733
7928046	8.870164
7928058	2.178891
7928060	2.883541
7928062	2.053832
7928064	6.753082
7928069	6.937233
7928107	5.867823
7928119	10.498
7928126	5.785132
7928147	5.474123
7928171	9.262402
7928189	6.862021
7928208	6.85886
7928216	5.525984
7928218	5.429905
7928291	6.374501
7928298	3.388149
7928300	8.033289
7928306	5.143101
7928308	10.11612
7928314	2.856905
7928316	2.529359
7928318	9.393489
7928330	4.80001
7928342	4.317765
7928354	7.083482
7928363	2.968755
7928365	2.768822
7928367	4.581819
7928369	8.087665
7928395	8.669172
7928401	6.155623
7928408	6.550612
7928411	6.502313
7928429	10.41408
7928444	8.752979
7928471	7.522497
7928489	7.430816
7928491	7.094464
7928514	4.316718
7928516	9.029745
7928524	8.369924
7928529	5.539747
7928531	5.640017
7928534	5.015275
7928543	4.269773
7928545	3.605917
7928547	10.45102
7928549	3.68537
7928551	5.983298
7928556	6.234199
7928558	7.801298
7928589	11.19819
7928600	9.647273
7928602	5.59138
7928619	6.186259
7928630	9.684551
7928632	5.59138
7928645	6.310553
7928653	6.29459
7928661	3.222057
7928671	6.769302
7928679	6.17779
7928685	4.043219
7928695	8.099593
7928705	9.781039
7928723	5.331477
7928736	4.417387
7928746	4.716428
7928748	2.323182
7928750	4.289949
7928752	8.417138
7928766	6.265485
7928770	5.415906
7928789	4.970682
7928800	7.529705
7928817	3.524739
7928819	3.716804
7928821	3.212144
7928823	5.928538
7928838	5.97016
7928855	7.170926
7928870	7.958193
7928872	9.101226
7928882	8.537388
7928890	7.748867
7928907	7.864526
7928909	5.061269
7928915	6.203704
7928937	5.884178
7928944	9.513126
7928959	9.280128
7928967	3.290764
7928982	2.564101
7928994	5.332768
7928999	5.394631
7929003	4.288109
7929012	4.220778
7929026	4.981351
7929032	7.927233
7929047	8.02518
7929052	7.229316
7929061	3.850798
7929065	7.932158
7929072	7.915909
7929078	2.87125
7929114	5.297586
7929116	6.862712
7929130	4.049496
7929132	6.378306
7929145	5.833372
7929168	9.138044
7929201	8.253993
7929243	6.070129
7929247	9.333598
7929256	8.000649
7929258	3.250169
7929282	5.06621
7929288	4.962599
7929315	6.149149
7929322	4.570832
7929332	4.484992
7929334	4.073902
7929344	5.340556
7929350	3.615495
7929373	3.668263
7929383	5.546844
7929388	7.516675
7929424	7.051688
7929438	3.511798
7929466	4.128398
7929478	3.715484
7929487	4.297552
7929497	4.084651
7929511	5.978528
7929525	2.190518
7929533	2.74548
7929536	3.955368
7929541	3.837554
7929550	6.102307
7929562	6.839441
7929574	4.476107
7929589	4.548881
7929591	3.723072
7929593	11.12132
7929596	8.943596
7929609	6.633105
7929612	4.051055
7929614	2.908584
7929616	6.259064
7929624	8.715976
7929634	7.109084
7929649	7.770264
7929653	6.817429
7929664	5.839543
7929674	4.286829
7929677	9.4538
7929689	5.983948
7929692	7.100684
7929711	5.044354
7929719	7.896281
7929732	4.660174
7929744	6.202709
7929750	7.412673
7929768	6.285625
7929779	5.082054
7929812	2.670161
7929814	3.325351
7929816	6.379982
7929822	4.933813
7929831	7.065001
7929840	6.393409
7929858	6.043724
7929882	6.272544
7929901	4.67444
7929911	7.138436
7929919	6.396498
7929932	5.904781
7929945	5.774899
7929947	5.016475
7929952	4.009984
7929954	2.214125
7929958	6.700294
7929976	6.286583
7929986	2.609638
7929988	6.45702
7929990	5.722643
7930008	6.310919
7930025	4.085702
7930031	8.100635
7930074	8.460593
7930099	5.577929
7930106	6.275435
7930120	6.04306
7930137	5.315891
7930139	9.128345
7930148	5.770724
7930162	7.261825
7930168	6.33226
7930170	4.522056
7930179	2.078484
7930181	5.499952
7930194	6.866715
7930205	5.073884
7930208	4.065078
7930213	6.027873
7930226	5.384463
7930264	6.450919
7930276	11.16545
7930299	5.164167
7930304	6.335011
7930311	6.542745
7930320	4.265728
7930341	5.555852
7930376	6.392176
7930378	4.359376
7930380	7.920548
7930398	8.893854
7930413	11.90766
7930422	6.546917
7930450	5.029036
7930452	2.53158
7930454	8.91186
7930470	8.998386
7930482	6.250957
7930487	3.054494
7930498	8.774571
7930524	7.38435
7930533	5.142184
7930537	7.080954
7930559	6.106151
7930561	5.575312
7930577	9.550405
7930593	5.810166
7930612	3.43021
7930614	7.477376
7930627	7.674429
7930629	2.579586
7930631	3.529785
7930663	6.39107
7930680	2.45869
7930682	8.175981
7930703	6.66316
7930714	3.566014
7930750	2.343781
7930760	4.369937
7930775	1.858623
7930777	3.46006
7930790	4.278792
7930804	4.757182
7930818	4.353535
7930833	5.313505
7930837	4.420017
7930857	5.199187
7930861	3.916277
7930870	7.656526
7930872	6.176109
7930880	4.345845
7930882	9.697534
7930894	5.23532
7930915	4.631021
7930917	4.622584
7930919	5.454251
7930921	9.843369
7930927	5.210542
7930954	5.501836
7930956	8.022855
7930980	5.120528
7930994	5.663623
7930996	7.130528
7931029	2.339537
7931031	7.457802
7931062	5.708438
7931079	4.594404
7931081	9.17517
7931097	6.884276
7931108	6.549513
7931140	6.061968
7931152	5.068081
7931155	4.360831
7931159	4.358075
7931168	5.263888
7931181	6.635399
7931184	6.135741
7931187	7.413023
7931199	4.482627
7931204	6.610252
7931214	2.920864
7931216	7.006719
7931226	8.983563
7931239	6.519654
7931268	5.789701
7931281	7.34248
7931293	7.437627
7931346	2.589593
7931348	7.220631
7931353	7.193186
7931379	6.875575
7931387	4.938486
7931389	4.221956
7931393	7.989452
7931403	3.500473
7931405	8.262352
7931417	5.239106
7931439	6.501215
7931455	5.821755
7931469	7.70104
7931473	4.611374
7931479	7.511004
7931500	5.527278
7931519	5.807765
7931553	7.714237
7931556	6.999954
7931561	5.916258
7931571	6.601608
7931582	6.885201
7931607	6.512069
7931623	5.889591
7931643	5.429077
7931656	7.270007
7931659	7.270007
7931662	7.270007
7931665	7.289887
7931668	7.270007
7931671	7.270007
7931674	4.698971
7931681	5.186201
7931683	6.534839
7931726	5.402997
7931728	8.400294
7931748	3.952507
7931754	10.31508
7931764	6.323026
7931778	8.229382
7931810	9.144974
7931822	4.126487
7931824	3.814278
7931830	3.115641
7931832	6.747094
7931838	2.700331
7931840	5.283644
7931850	2.735474
7931852	4.319331
7931859	7.385596
7931863	5.632411
7931873	9.57228
7931888	4.152634
7931899	6.274364
7931914	4.72392
7931926	4.378505
7931928	2.61218
7931930	4.764009
7931951	5.909819
7931975	2.450148
7931977	5.620549
7932000	6.616397
7932014	5.42
7932017	2.767955
7932019	4.856967
7932023	9.927408
7932041	6.495687
7932067	2.74551
7932069	6.459864
7932082	3.60018
7932086	5.154138
7932088	5.393909
7932094	5.786287
7932109	7.440284
7932118	5.766212
7932130	3.797775
7932132	5.315921
7932160	10.91751
7932177	5.107474
7932186	7.452476
7932209	6.115764
7932211	3.734719
7932214	3.338318
7932221	5.831781
7932227	6.590968
7932243	5.914625
7932254	4.13419
7932285	6.273804
7932304	2.527691
7932306	3.230916
7932308	6.880534
7932311	7.351866
7932326	4.930601
7932390	4.812751
7932407	2.869656
7932418	2.848316
7932420	3.89121
7932433	5.975206
7932445	3.850798
7932447	2.628327
7932449	2.861745
7932451	2.339056
7932453	8.538378
7932492	5.83636
7932495	5.224443
7932498	5.362032
7932508	2.366814
7932510	5.953845
7932512	6.801284
7932528	3.895092
7932530	7.400769
7932542	3.404608
7932548	2.719293
7932550	4.727343
7932552	3.621035
7932554	7.902187
7932584	3.384529
7932598	3.58107
7932608	3.118919
7932610	2.260971
7932612	5.015595
7932616	9.845045
7932635	6.133788
7932637	4.596263
7932676	3.190425
7932678	10.21591
7932703	7.062005
7932721	4.103
7932725	2.189764
7932727	3.234712
7932733	5.352499
7932742	3.880057
7932744	3.875847
7932765	8.008224
7932786	4.442871
7932788	5.640348
7932790	2.703591
7932792	4.319155
7932794	6.272107
7932796	7.268021
7932826	5.254044
7932832	3.007164
7932834	5.425599
7932860	6.903289
7932862	8.408046
7932864	2.774278
7932867	6.492178
7932881	7.452747
7932885	8.854534
7932909	4.141323
7932911	9.738085
7932938	6.826602
7932960	1.741716
7932962	3.971459
7932964	8.501891
7932966	9.813331
7932983	3.644654
7932985	7.293938
7933008	5.960531
7933010	8.925196
7933043	6.450947
7933045	3.424265
7933047	6.315534
7933071	4.605495
7933073	7.026624
7933075	6.894763
7933078	2.764668
7933080	6.979686
7933082	2.320802
7933084	13.02432
7933086	2.525862
7933090	2.246484
7933092	4.459398
7933105	4.401838
7933113	3.882694
7933115	6.446131
7933121	2.316836
7933129	6.09444
7933139	5.750354
7933145	2.634832
7933147	5.72619
7933149	5.993514
7933164	9.270849
7933176	4.716597
7933180	4.255438
7933186	5.042753
7933190	4.726999
7933192	7.055156
7933194	4.351223
7933204	8.871062
7933209	4.030408
7933217	2.233355
7933219	5.298851
7933228	6.834261
7933237	5.259125
7933252	7.058252
7933261	3.116452
7933263	3.681541
7933279	4.675608
7933290	7.022896
7933296	3.984513
7933298	6.982422
7933310	6.340682
7933312	5.631807
7933327	11.05604
7933331	7.344034
7933341	4.640569
7933359	5.087789
7933366	5.887031
7933372	5.772804
7933379	3.660783
7933394	4.675608
7933405	6.969552
7933413	6.829887
7933421	3.984513
7933423	11.05604
7933427	7.239074
7933437	4.391847
7933442	2.498287
7933446	4.808032
7933469	5.843329
7933484	4.164496
7933488	4.948915
7933498	6.486849
7933501	6.451797
7933509	6.634051
7933535	3.992963
7933537	5.557389
7933561	5.751402
7933572	3.116452
7933574	7.143106
7933582	7.259801
7933593	5.075577
7933595	2.322041
7933597	4.624156
7933619	6.866276
7933632	4.185526
7933634	5.434676
7933638	6.314627
7933640	4.830504
7933659	5.962691
7933665	5.378069
7933672	2.879726
7933707	5.978337
7933723	8.040595
7933731	3.543764
7933733	4.206059
7933750	5.099869
7933758	4.697991
7933760	9.312223
7933772	6.107407
7933821	4.564395
7933842	4.473382
7933855	6.237701
7933872	6.761318
7933877	10.01849
7933904	3.554023
7933929	2.689595
7933931	8.213474
7933933	4.784158
7933947	7.406248
7933978	5.256111
7933982	6.044937
7933999	6.284281
7934026	4.599391
7934050	6.280992
7934066	2.454831
7934068	2.469722
7934070	2.684689
7934072	2.912285
7934074	6.067664
7934083	5.538224
7934091	3.118451
7934093	2.269106
7934095	2.66516
7934097	3.781227
7934099	2.146041
7934101	5.837376
7934114	6.448853
7934122	8.8954
7934133	8.602301
7934141	6.241537
7934145	7.134946
7934154	7.101359
7934156	4.053386
7934161	6.248957
7934166	4.230684
7934178	7.268894
7934185	8.055164
7934196	10.4323
7934215	6.101006
7934228	6.399096
7934244	6.531518
7934255	7.686163
7934269	4.87036
7934271	5.529622
7934278	9.002781
7934295	2.721865
7934297	7.726458
7934299	6.148203
7934301	7.337625
7934318	2.724627
7934320	5.601392
7934326	7.860298
7934334	4.866305
7934365	2.930064
7934367	7.320255
7934384	5.831598
7934393	7.144083
7934411	8.807933
7934432	5.075233
7934434	4.651766
7934442	6.109343
7934451	7.293759
7934459	6.995934
7934477	7.548697
7934505	4.721948
7934513	7.546801
7934527	5.625878
7934531	4.047238
7934533	6.306656
7934544	7.314912
7934553	6.98395
7934568	2.062279
7934570	4.376349
7934613	3.02789
7934615	7.799106
7934651	6.549622
7934653	5.84626
7934690	6.096576
7934698	6.040771
7934706	5.841265
7934708	6.040771
7934717	5.841265
7934719	6.330584
7934729	7.995275
7934731	7.99367
7934733	11.89566
7934753	9.712103
7934755	4.914474
7934767	2.833478
7934777	2.518834
7934779	4.440114
7934783	5.329228
7934789	5.880939
7934810	5.030241
7934812	7.827594
7934838	3.380079
7934840	2.614901
7934842	6.907213
7934850	4.694898
7934852	10.20483
7934868	3.984513
7934870	7.976484
7934883	5.412868
7934885	6.326611
7934896	6.18491
7934898	6.771272
7934906	5.700604
7934916	4.79028
7934920	7.248371
7934936	3.961931
7934945	5.258437
7934959	4.70418
7934961	3.335398
7934966	6.011729
7934968	3.535625
7934970	5.196706
7934977	2.179417
7934979	4.042096
7934991	2.139033
7934993	3.311567
7934997	12.0242
7935002	9.189227
7935006	5.887569
7935011	8.238729
7935025	3.731262
7935027	6.768968
7935054	5.385751
7935056	2.252049
7935058	9.051056
7935114	3.695261
7935116	4.791182
7935123	3.885985
7935139	5.208546
7935142	5.438833
7935144	2.290007
7935146	3.853231
7935169	3.001048
7935180	8.398077
7935188	5.435288
7935228	3.071408
7935230	7.053166
7935251	6.207695
7935270	8.48838
7935288	3.910035
7935296	5.496406
7935320	10.68485
7935337	6.989668
7935359	2.830589
7935361	5.286905
7935401	3.377986
7935403	5.661268
7935421	6.944109
7935425	5.859012
7935462	6.470122
7935474	6.484901
7935510	5.001402
7935521	9.297039
7935528	6.287995
7935535	5.439249
7935553	6.121669
7935572	6.182328
7935588	6.556284
7935613	4.10658
7935627	6.786462
7935639	6.598784
7935647	7.800589
7935660	8.002548
7935679	3.719543
7935690	2.32857
7935692	7.791458
7935707	6.89474
7935730	6.663481
7935746	6.888163
7935756	4.817339
7935776	2.730129
7935778	2.654297
7935780	5.901516
7935810	7.411707
7935819	5.905458
7935834	6.113647
7935855	5.74523
7935861	2.982285
7935863	4.013281
7935865	5.955996
7935882	8.109262
7935892	6.502756
7935903	5.826658
7935910	9.27346
7935930	5.326779
7935951	6.874883
7935968	8.046926
7935983	6.661517
7935990	6.09965
7936011	6.088381
7936023	6.763258
7936028	8.643751
7936041	5.80353
7936050	5.169166
7936062	7.2613
7936064	11.31527
7936083	7.068253
7936089	4.655831
7936091	6.966246
7936096	6.052916
7936100	7.218166
7936108	5.726054
7936111	4.581539
7936115	7.933242
7936134	7.618943
7936144	6.189378
7936201	3.161141
7936242	8.936732
7936249	4.667747
7936280	3.486123
7936284	7.293046
7936307	9.179604
7936320	5.867913
7936322	5.280163
7936346	8.421799
7936360	4.880753
7936406	5.833785
7936408	4.848341
7936419	8.436095
7936439	7.471773
7936461	4.448997
7936463	10.73546
7936492	5.046088
7936494	4.910599
7936507	6.01804
7936516	5.438039
7936529	5.671912
7936552	6.085284
7936559	7.95238
7936567	7.189888
7936576	4.141793
7936578	6.733397
7936590	5.218986
7936596	9.832631
7936612	1.9359
7936614	9.843791
7936637	4.301932
7936639	5.464727
7936641	5.667014
7936661	8.481501
7936673	7.7419
7936683	6.472069
7936706	7.498505
7936727	8.439984
7936734	7.395798
7936762	7.666709
7936777	5.964318
7936793	3.731331
7936798	4.228361
7936809	4.798388
7936817	5.004693
7936826	6.605916
7936833	5.947075
7936835	4.277711
7936856	7.279837
7936871	7.313124
7936882	7.241426
7936884	6.370099
7936891	5.862172
7936902	2.446665
7936904	7.213904
7936916	5.094824
7936918	2.79888
7936923	6.205132
7936925	4.397391
7936928	5.870117
7936937	7.065726
7936949	9.177202
7936968	4.948447
7936994	3.729327
7936996	3.72071
7937007	4.487664
7937014	6.684715
7937016	3.850575
7937020	5.043438
7937037	3.601249
7937039	4.855392
7937059	7.537198
7937073	6.451868
7937079	8.366109
7937089	6.861764
7937104	4.973664
7937106	6.156216
7937112	5.477954
7937135	4.726103
7937148	3.286646
7937150	7.539348
7937175	6.802054
7937198	5.917646
7937200	7.459022
7937208	5.829078
7937217	8.929197
7937228	6.18205
7937230	4.398363
7937247	7.925489
7937251	4.483912
7937257	6.88585
7937263	5.181262
7937275	7.52477
7937287	6.913668
7937305	5.52115
7937314	6.352299
7937330	9.45544
7937335	8.541307
7937341	5.813339
7937363	7.129551
7937378	6.11683
7937391	6.812245
7937404	5.975973
7937407	8.853972
7937415	6.955127
7937433	7.558372
7937438	9.945925
7937443	9.075487
7937465	10.91336
7937474	6.059648
7937476	9.401531
7937483	7.883762
7937485	9.046411
7937498	7.584688
7937508	8.355981
7937518	6.091556
7937533	7.372367
7937560	7.296243
7937612	5.908528
7937667	5.223228
7937696	6.902236
7937698	7.964015
7937700	5.931807
7937707	6.220231
7937709	6.90313
7937711	4.681253
7937713	6.638943
7937728	6.449445
7937735	8.475046
7937749	7.012403
7937763	7.084801
7937772	4.156034
7937774	6.583915
7937782	6.321805
7937798	4.895222
7937800	3.516105
7937802	8.546119
7937813	6.93541
7937823	7.226565
7937847	6.281952
7937852	7.019208
7937866	4.834392
7937868	4.499612
7937876	7.230606
7937878	4.604654
7937882	5.829144
7937890	3.024059
7937892	6.652061
7937900	7.187873
7937913	6.33101
7937915	7.422952
7937934	4.170756
7937936	5.084379
7937938	4.209582
7937940	5.036392
7937942	4.081991
7937944	5.645404
7937946	3.197531
7937948	5.683569
7937950	5.383849
7937952	4.805663
7937957	4.786497
7937959	3.056287
7937961	3.497445
7937971	3.135623
7937973	4.444521
7937975	2.862409
7937977	3.411656
7937979	3.156395
7937982	3.258505
7937984	3.827371
7937986	4.603725
7937988	3.188236
7937990	4.648236
7937993	4.648236
7937996	2.987196
7938000	3.876279
7938002	4.138313
7938004	3.874226
7938006	4.647846
7938008	4.28271
7938010	4.166507
7938012	5.537838
7938035	7.759735
7938047	4.435201
7938049	4.058724
7938053	2.601361
7938055	4.092607
7938057	4.314131
7938059	4.629697
7938061	3.77373
7938063	2.802268
7938066	5.395266
7938070	2.916238
7938072	4.362202
7938074	4.546184
7938076	5.558532
7938078	5.349023
7938082	4.239319
7938090	5.727695
7938100	7.562945
7938111	7.476618
7938118	5.400201
7938128	5.475119
7938133	5.339073
7938139	5.530578
7938154	7.041472
7938170	4.372008
7938172	3.056288
7938176	3.664843
7938179	5.742986
7938181	3.549633
7938183	4.478642
7938195	5.343143
7938208	7.018165
7938213	4.079679
7938225	3.468571
7938231	7.401419
7938258	3.936531
7938261	4.052183
7938263	6.851485
7938269	5.765817
7938286	6.105187
7938291	9.171112
7938293	7.412594
7938295	6.298835
7938299	4.916913
7938301	6.05319
7938309	5.487162
7938313	6.958534
7938329	7.539616
7938331	7.700356
7938348	7.922116
7938364	7.361812
7938366	7.257129
7938368	6.841274
7938370	10.06965
7938388	6.620722
7938390	11.28125
7938396	8.903381
7938416	6.809464
7938420	4.601528
7938422	9.025555
7938448	7.233361
7938481	5.047516
7938485	6.138412
7938519	5.886808
7938528	6.616084
7938544	9.391692
7938559	6.560129
7938561	5.228975
7938563	5.807339
7938590	3.863881
7938592	7.907622
7938608	5.306765
7938625	6.221054
7938629	4.963952
7938646	4.88387
7938652	5.188478
7938667	2.650268
7938669	9.431765
7938681	5.061639
7938683	8.037817
7938685	8.145913
7938687	5.867198
7938702	5.015773
7938707	4.951848
7938730	4.95122
7938738	5.856966
7938741	3.251062
7938746	3.971925
7938748	8.367361
7938750	4.549366
7938756	7.896828
7938758	5.434858
7938762	7.065986
7938777	10.31173
7938788	2.957648
7938800	3.605821
7938812	7.35471
7938816	10.12329
7938834	6.597396
7938878	4.391269
7938880	7.695605
7938890	4.793893
7938907	4.929592
7938925	4.382614
7938951	3.242479
7938975	3.600244
7938989	3.582065
7939003	3.068732
7939005	4.228868
7939007	5.015101
7939024	4.203403
7939052	4.344598
7939056	3.017376
7939068	7.952188
7939070	2.866146
7939072	5.251227
7939080	4.995373
7939087	6.431801
7939093	4.41615
7939102	5.086004
7939116	5.789806
7939118	3.042738
7939120	7.910952
7939131	4.772223
7939137	7.738219
7939150	8.092688
7939158	5.796864
7939173	3.20535
7939184	5.069616
7939197	8.464041
7939215	4.861903
7939237	4.155657
7939240	3.721424
7939242	10.14058
7939265	6.156321
7939296	2.047622
7939298	7.660673
7939314	10.84784
7939329	7.011645
7939341	8.588357
7939365	5.454319
7939368	6.727355
7939374	5.135412
7939376	6.40293
7939383	6.342787
7939398	3.241061
7939411	4.336411
7939418	3.171795
7939420	1.962205
7939422	2.332289
7939424	7.604544
7939432	5.303175
7939434	7.299837
7939463	3.552423
7939465	7.216262
7939477	6.638481
7939492	6.859265
7939494	4.717262
7939507	5.908466
7939524	7.156323
7939546	10.40821
7939559	5.650875
7939569	5.862439
7939581	5.90357
7939587	7.823524
7939590	7.862482
7939595	7.569282
7939613	6.133772
7939620	6.810556
7939642	7.096634
7939657	6.496825
7939665	9.293644
7939676	8.45863
7939699	5.871346
7939706	4.748924
7939723	6.184388
7939738	7.258787
7939751	5.704268
7939767	7.498826
7939805	6.678561
7939818	6.626283
7939825	7.770678
7939835	6.010857
7939839	7.779607
7939865	4.24811
7939867	4.354613
7939869	3.988655
7939871	3.86171
7939873	3.633621
7939875	2.703229
7939877	2.897589
7939879	3.184165
7939884	4.271597
7939893	3.270621
7939897	5.318402
7939900	3.440565
7939902	5.73946
7939910	4.560837
7939912	3.735835
7939916	2.768306
7939918	2.848199
7939920	3.13444
7939922	4.325385
7939924	4.00739
7939926	3.07547
7939928	3.527272
7939930	3.496666
7939932	3.560823
7939934	3.127851
7939936	2.660813
7939938	3.344502
7939940	2.956363
7939942	3.613317
7939944	3.251225
7939946	4.204093
7939948	2.503148
7939950	3.846495
7939952	3.200571
7939954	3.953116
7939959	3.29802
7939961	2.524906
7939963	4.047647
7939965	2.660727
7939967	2.801554
7939969	3.053591
7939971	3.517575
7939973	2.479945
7939975	2.333987
7939977	3.488801
7939979	3.077814
7939981	2.917076
7939983	4.326246
7939986	3.510699
7939988	3.043724
7939990	3.663881
7939992	4.764133
7939994	3.450446
7939996	5.17309
7939998	2.900849
7940000	3.481603
7940002	5.914897
7940005	5.619157
7940018	2.995939
7940020	4.851402
7940022	7.427262
7940026	3.625325
7940028	8.429905
7940042	3.134926
7940044	3.705125
7940046	7.059251
7940051	9.255676
7940066	7.496521
7940070	7.102504
7940079	10.31809
7940103	4.010681
7940108	4.771538
7940110	3.997791
7940112	5.021008
7940114	2.524676
7940116	4.491874
7940118	6.520193
7940135	5.055804
7940147	3.480322
7940153	7.42167
7940160	8.9258
7940171	4.441061
7940173	4.727749
7940175	4.466007
7940177	4.211494
7940182	6.622119
7940185	3.187576
7940187	4.325095
7940189	3.705125
7940191	8.265075
7940210	3.386744
7940216	3.323336
7940226	2.66074
7940237	2.790068
7940253	2.926049
7940259	4.906256
7940279	2.534431
7940287	4.3531
7940299	3.812955
7940307	2.937203
7940315	2.552294
7940323	4.634983
7940333	4.672663
7940341	4.145069
7940349	5.912496
7940358	5.532022
7940372	7.948022
7940377	6.894488
7940391	6.80127
7940409	5.766257
7940421	5.342618
7940431	4.905899
7940441	4.746018
7940451	6.81014
7940473	5.974401
7940479	4.956573
7940486	8.318177
7940491	6.337329
7940493	5.844488
7940508	5.506196
7940530	6.394658
7940561	5.940854
7940565	6.182292
7940580	5.616807
7940582	6.621519
7940598	6.990429
7940600	6.506557
7940622	2.675345
7940626	5.014469
7940630	3.038949
7940636	3.984168
7940643	6.098947
7940654	6.718115
7940660	6.078973
7940662	5.443437
7940667	9.056467
7940669	5.922642
7940673	4.486103
7940679	5.796274
7940688	5.986746
7940698	6.56376
7940711	8.246033
7940717	9.091412
7940735	2.856958
7940737	3.60246
7940749	4.564048
7940762	5.777697
7940775	9.647586
7940781	7.216222
7940790	6.200025
7940798	8.040523
7940822	6.013342
7940824	6.407367
7940835	8.22335
7940840	8.005018
7940851	5.979252
7940857	8.576822
7940869	7.494791
7940884	7.359437
7940891	6.315428
7940904	6.635994
7940914	7.508969
7940924	6.944465
7940959	7.045213
7940971	6.375803
7940987	2.243558
7940989	8.051313
7940996	9.722366
7941004	7.325993
7941039	6.462803
7941059	5.005158
7941062	6.784634
7941074	5.361519
7941087	6.96412
7941104	7.289455
7941111	6.918962
7941122	7.72606
7941127	7.746658
7941136	7.60842
7941148	7.348545
7941164	7.626084
7941172	6.653751
7941179	10.09753
7941203	6.024013
7941214	5.619444
7941236	7.535259
7941243	8.13829
7941255	6.473564
7941260	8.251023
7941269	6.712296
7941272	13.65017
7941274	8.020452
7941296	7.321658
7941302	7.824617
7941311	7.165187
7941350	7.445374
7941364	7.49757
7941380	6.68528
7941382	7.351816
7941401	8.982327
7941408	4.644708
7941425	7.148717
7941444	5.837555
7941457	7.177607
7941460	8.968137
7941469	6.760301
7941478	7.372005
7941501	9.213402
7941505	8.19237
7941511	8.11161
7941537	7.029634
7941563	5.702868
7941565	6.343501
7941583	10.65629
7941587	6.736375
7941594	6.113175
7941597	4.173607
7941599	4.394987
7941608	5.53646
7941610	6.01977
7941621	7.361511
7941639	5.401674
7941662	5.453173
7941685	7.075583
7941694	7.596202
7941702	6.638717
7941707	6.678646
7941709	8.96074
7941714	6.432962
7941732	7.055319
7941743	6.400597
7941746	7.388016
7941749	5.936118
7941761	7.982383
7941769	8.413702
7941795	6.270189
7941797	7.80124
7941822	7.09669
7941843	7.273458
7941863	6.505199
7941865	7.51605
7941879	6.859541
7941890	6.655667
7941900	6.657477
7941917	6.20797
7941927	6.594538
7941936	10.87861
7941946	7.025554
7941961	8.08724
7941976	7.732768
7941985	8.091656
7942007	6.25026
7942032	8.950271
7942064	5.594311
7942071	3.838938
7942073	6.857379
7942091	6.561172
7942118	8.889791
7942123	7.908953
7942135	6.615632
7942168	6.828215
7942174	7.603377
7942204	9.448082
7942228	6.067771
7942232	6.994009
7942255	8.036816
7942261	5.646606
7942267	7.944764
7942274	6.030694
7942277	2.896456
7942279	5.824
7942284	3.655811
7942287	3.515394
7942289	7.052357
7942300	6.383241
7942315	5.498478
7942326	5.420564
7942328	5.341032
7942332	5.720439
7942342	7.322549
7942372	4.619158
7942379	2.200647
7942381	6.952055
7942400	6.655453
7942409	5.637925
7942417	6.131247
7942439	6.988817
7942453	5.460877
7942465	5.681792
7942476	5.623995
7942489	4.298619
7942503	7.836396
7942520	4.54462
7942525	5.300184
7942527	6.999011
7942544	9.565063
7942551	7.658734
7942553	8.946021
7942562	5.426171
7942569	5.48821
7942586	10.9484
7942592	6.425987
7942594	6.731162
7942596	7.92099
7942603	4.450393
7942613	9.012502
7942626	7.40705
7942645	4.703176
7942647	5.638059
7942650	6.444764
7942674	8.489067
7942679	7.256156
7942693	7.210388
7942697	9.173732
7942715	7.234325
7942717	5.933425
7942769	6.357397
7942771	4.781845
7942774	5.293969
7942779	5.132164
7942781	3.446506
7942783	6.182875
7942791	13.77546
7942793	5.081874
7942796	4.113138
7942798	5.581558
7942809	4.081954
7942812	5.040259
7942814	1.810633
7942816	2.157445
7942818	2.120494
7942820	6.443009
7942822	2.190363
7942824	9.806914
7942830	3.848937
7942832	4.689424
7942839	8.263297
7942858	6.034564
7942875	9.465316
7942877	5.764552
7942879	5.716638
7942889	5.131351
7942896	3.261575
7942910	2.962334
7942912	5.532221
7942914	7.75069
7942932	6.178431
7942941	3.777439
7942957	5.511338
7942964	6.038318
7942985	3.852244
7942987	2.329374
7942989	4.45447
7942991	4.115313
7942998	3.234382
7943019	4.003298
7943025	4.450537
7943031	3.414857
7943036	3.635326
7943047	2.97753
7943049	2.726585
7943051	3.394322
7943075	4.381036
7943098	5.82457
7943103	3.352417
7943124	6.230117
7943126	4.500213
7943156	3.1538
7943158	6.970528
7943160	10.29067
7943162	7.650369
7943176	6.465075
7943193	5.544281
7943195	5.695286
7943197	8.269475
7943218	6.319778
7943226	6.26965
7943231	5.707171
7943236	6.850269
7943240	4.552425
7943263	5.652098
7943282	4.172782
7943288	6.392544
7943293	6.054833
7943297	6.257767
7943314	6.475465
7943317	4.032144
7943319	3.524845
7943345	4.359417
7943347	6.971436
7943349	5.686663
7943367	6.172868
7943369	4.296139
7943373	3.961
7943376	3.746396
7943387	2.420003
7943398	8.96302
7943411	3.722456
7943413	9.138015
7943424	7.917765
7943437	2.45757
7943442	4.475891
7943498	4.23519
7943513	3.772459
7943515	7.645607
7943517	2.612973
7943519	2.039322
7943521	3.445458
7943526	4.385246
7943530	3.781337
7943552	7.01345
7943562	4.332232
7943573	5.266496
7943577	3.53567
7943580	6.58301
7943605	5.018167
7943620	5.567387
7943690	4.788897
7943707	3.880729
7943709	2.864456
7943711	5.709723
7943715	6.328396
7943721	6.766013
7943729	5.477072
7943736	3.830379
7943738	2.458519
7943740	4.163344
7943749	5.679196
7943760	6.924428
7943779	4.322046
7943787	4.980018
7943795	6.659873
7943803	5.923665
7943827	6.526969
7943842	6.098334
7943853	7.503274
7943859	3.789139
7943867	7.708542
7943882	6.634215
7943890	5.021982
7943892	4.347052
7943917	4.1734
7943919	6.112418
7943943	5.524751
7943954	5.301893
7943956	2.412912
7943958	3.539253
7943969	6.001573
7943984	5.693927
7943998	5.076577
7944006	7.075558
7944011	8.583172
7944021	2.340765
7944023	4.34792
7944033	2.780052
7944035	5.78095
7944042	7.943366
7944049	7.306287
7944082	5.190558
7944096	5.194297
7944111	5.069569
7944113	5.490764
7944147	5.586926
7944152	6.612619
7944164	11.84626
7944179	5.858113
7944185	5.829088
7944195	8.664804
7944216	8.66357
7944223	7.728086
7944262	6.283983
7944271	6.401689
7944275	5.914675
7944285	8.131329
7944300	3.4015
7944302	5.605116
7944331	3.172635
7944333	2.210328
7944335	4.083901
7944339	6.690159
7944341	7.443807
7944351	4.529043
7944359	4.537525
7944361	4.013696
7944363	4.151567
7944365	6.631474
7944375	7.368491
7944382	7.264227
7944401	5.978568
7944418	6.537682
7944435	6.726315
7944447	6.200676
7944463	6.595043
7944478	4.786489
7944493	7.208563
7944510	6.702703
7944516	5.178102
7944525	6.474266
7944527	4.528399
7944530	6.851485
7944537	6.740142
7944554	5.643267
7944560	9.58497
7944601	4.747228
7944603	6.080578
7944623	9.726576
7944632	5.047523
7944656	7.39656
7944667	8.411664
7944716	3.666059
7944718	3.632728
7944720	5.398831
7944722	6.039556
7944739	3.764312
7944751	4.444763
7944763	3.083467
7944765	7.236217
7944767	3.265585
7944769	4.761694
7944791	5.491378
7944793	3.187576
7944795	5.783644
7944797	4.954573
7944799	4.711333
7944801	4.251774
7944803	8.216953
7944825	5.54746
7944827	4.155191
7944829	3.647199
7944832	2.555171
7944834	2.977016
7944838	4.382098
7944843	4.04746
7944845	4.466466
7944850	6.953155
7944867	10.00214
7944869	3.050355
7944876	6.513196
7944882	5.397314
7944911	5.082982
7944913	4.102324
7944931	6.912852
7944952	4.337171
7944955	6.309014
7944970	5.422011
7944972	4.902802
7944978	8.321545
7944989	4.696444
7944991	8.944838
7945014	4.799341
7945033	4.513693
7945040	2.701983
7945045	4.446147
7945058	7.135798
7945069	6.879456
7945071	5.235306
7945084	4.301843
7945086	5.36426
7945101	6.384927
7945110	8.870958
7945125	5.749054
7945130	6.155052
7945132	6.092183
7945146	4.996888
7945156	2.950711
7945158	7.562799
7945162	8.107592
7945169	9.806614
7945177	5.651831
7945182	10.69916
7945204	9.857025
7945226	5.493333
7945228	5.7594
7945232	5.651845
7945241	5.379233
7945245	5.542767
7945260	2.946697
7945262	4.537654
7945275	6.476031
7945283	9.160027
7945296	4.7644
7945321	4.69336
7945342	6.547927
7945344	9.311646
7945347	7.15777
7945349	6.675226
7945357	7.839475
7945368	5.134317
7945371	8.003735
7945377	6.864937
7945394	6.907701
7945418	7.88449
7945420	7.252852
7945436	7.326205
7945445	6.654415
7945460	7.410848
7945462	7.466803
7945475	5.69298
7945498	7.278674
7945503	7.947941
7945521	6.885155
7945536	7.782239
7945539	6.473403
7945550	6.564919
7945573	8.196535
7945579	6.503578
7945595	5.690641
7945620	7.506738
7945631	6.100562
7945641	7.453963
7945645	8.928279
7945648	7.684284
7945652	10.43928
7945657	7.532864
7945660	4.688133
7945663	6.10322
7945666	10.38721
7945678	6.983069
7945680	11.96695
7945688	6.184363
7945712	6.063597
7945728	4.698627
7945730	6.295578
7945734	5.600916
7945740	6.430262
7945742	6.166534
7945767	9.023303
7945774	5.408919
7945781	8.474475
7945786	7.959753
7945801	6.761326
7945803	7.978992
7945829	5.890785
7945831	5.264452
7945857	5.0994
7945859	6.866295
7945864	7.419733
7945873	6.923175
7945875	5.605769
7945882	6.193726
7945892	6.61412
7945894	4.705516
7945896	6.14041
7945902	8.469699
7945942	4.146548
7945944	8.545251
7945950	4.805146
7945952	4.884464
7945954	4.170756
7945956	3.540558
7945958	5.030963
7945962	6.397183
7945972	5.541659
7945974	4.66944
7945979	6.741163
7945989	5.340941
7945991	4.069495
7945997	3.576012
7945999	3.788358
7946001	5.599591
7946004	5.455688
7946006	5.167877
7946008	2.891112
7946011	4.35758
7946013	3.857843
7946015	4.155191
7946017	3.4972
7946019	3.205179
7946021	3.439387
7946023	2.981358
7946025	2.625993
7946027	4.006153
7946029	3.083933
7946031	4.010309
7946033	9.65656
7946041	5.815569
7946048	5.012437
7946054	5.012437
7946061	4.448854
7946067	3.594154
7946069	5.415207
7946071	3.849901
7946073	5.062243
7946078	4.943585
7946082	4.566449
7946087	4.75275
7946089	6.314632
7946105	4.352587
7946107	4.235324
7946109	3.549128
7946111	3.651769
7946113	3.798265
7946115	4.33276
7946117	4.612278
7946119	4.510456
7946121	3.686269
7946123	3.362333
7946125	5.396081
7946128	6.437842
7946142	6.733557
7946149	5.788905
7946167	5.34317
7946180	5.908793
7946201	7.136449
7946211	5.449465
7946221	9.858368
7946228	8.311562
7946245	5.982767
7946267	7.340165
7946275	4.796664
7946278	4.490446
7946280	3.136663
7946286	4.560431
7946288	4.352965
7946292	5.792842
7946306	4.335544
7946321	5.437831
7946323	3.759231
7946326	4.985602
7946328	4.154782
7946330	3.054825
7946332	3.093554
7946334	4.992084
7946340	4.775114
7946354	5.400078
7946365	3.719584
7946380	6.149515
7946401	6.363881
7946426	5.754576
7946428	5.912293
7946436	3.633139
7946439	7.547869
7946446	7.164478
7946454	6.681759
7946478	7.60577
7946504	7.465876
7946516	7.362288
7946559	8.658052
7946561	4.639493
7946563	10.70744
7946565	13.89122
7946567	9.770376
7946569	9.257088
7946579	4.117342
7946589	6.17047
7946610	11.74952
7946635	7.209426
7946641	4.111578
7946655	7.92117
7946661	6.782596
7946676	7.537507
7946678	2.419336
7946680	9.198442
7946687	2.698748
7946693	2.217292
7946695	3.92944
7946697	7.847131
7946703	8.77495
7946728	8.125801
7946742	6.304216
7946749	6.449768
7946757	5.464345
7946781	8.186479
7946807	7.062818
7946812	9.004506
7946815	7.039725
7946849	5.899035
7946851	5.413439
7946853	5.418908
7946860	5.579642
7946903	5.178823
7946933	6.178046
7946946	2.995538
7946957	4.260684
7946972	4.940001
7946977	5.228191
7946983	6.821376
7946986	2.988523
7946988	7.444099
7947015	9.470596
7947027	7.415249
7947040	7.273927
7947052	5.553148
7947076	6.076461
7947093	5.082054
7947096	4.80781
7947099	3.889618
7947110	4.93819
7947127	3.018042
7947129	5.894387
7947136	4.824854
7947138	5.222411
7947147	6.315231
7947152	2.631252
7947156	7.96242
7947165	4.471878
7947184	5.164081
7947189	4.511637
7947199	7.616721
7947221	6.522582
7947228	2.795946
7947230	3.631807
7947245	9.374067
7947248	3.363204
7947266	3.493018
7947268	6.782963
7947270	5.467108
7947274	8.124571
7947282	3.880834
7947322	3.608529
7947332	5.040489
7947338	4.722519
7947358	7.055756
7947361	2.229371
7947363	5.815641
7947375	2.53167
7947394	3.943878
7947396	5.873231
7947421	6.284851
7947423	4.903809
7947425	11.21479
7947434	8.128439
7947450	7.089339
7947462	9.666926
7947481	7.823644
7947490	6.440104
7947496	3.59732
7947510	1.994611
7947512	3.972475
7947526	5.888246
7947528	5.278378
7947531	6.08771
7947540	7.396519
7947548	2.61912
7947551	5.007222
7947553	4.26546
7947561	3.053928
7947563	6.581806
7947570	7.243128
7947590	4.413867
7947599	5.926471
7947607	3.495187
7947609	7.399477
7947624	6.808868
7947649	6.341575
7947652	8.512231
7947674	5.081898
7947676	5.204422
7947681	8.481943
7947694	6.140578
7947740	5.620538
7947742	5.625927
7947744	5.351563
7947784	7.91972
7947801	6.881553
7947815	6.833127
7947828	6.402987
7947861	7.819615
7947867	7.841929
7947881	6.172745
7947890	2.778895
7947892	4.178392
7947894	7.532107
7947917	7.45515
7947926	2.588141
7947928	6.589314
7947934	7.783771
7947947	4.963435
7947969	7.950871
7947989	6.348576
7947991	6.86267
7948035	3.08979
7948037	4.169896
7948039	2.519637
7948042	3.078731
7948044	3.248454
7948046	4.349624
7948048	3.56684
7948054	4.879443
7948058	3.538712
7948085	3.061716
7948088	5.94276
7948090	2.618191
7948092	3.835241
7948099	3.194133
7948101	2.851118
7948103	3.288835
7948105	3.271085
7948107	3.145205
7948109	3.946746
7948111	3.097156
7948113	8.117279
7948115	4.34867
7948117	3.972599
7948119	2.900074
7948121	3.044387
7948123	4.015579
7948125	3.084311
7948127	2.757852
7948129	4.474018
7948131	4.093796
7948133	3.93537
7948135	3.54176
7948137	4.04201
7948141	4.581815
7948144	3.705125
7948148	4.834068
7948150	3.055966
7948155	3.793553
7948157	4.148057
7948159	3.33647
7948161	3.038877
7948167	4.790103
7948176	7.741474
7948192	6.977434
7948211	5.168585
7948213	5.328236
7948221	5.684747
7948229	6.446248
7948249	5.910059
7948267	5.290355
7948274	8.452359
7948282	5.826694
7948293	6.118806
7948303	4.633402
7948306	3.584666
7948308	3.876711
7948310	3.414682
7948312	2.779307
7948314	5.708352
7948316	3.991737
7948320	2.277724
7948322	3.391071
7948324	3.512475
7948326	2.200742
7948328	4.550755
7948330	4.068537
7948332	6.011005
7948344	3.648216
7948354	3.848464
7948364	7.408296
7948367	5.714345
7948369	4.981662
7948371	4.087051
7948375	3.535182
7948377	4.225603
7948379	8.182016
7948399	8.87099
7948418	4.966834
7948420	6.25871
7948424	5.849228
7948433	4.523747
7948444	6.055481
7948455	5.592081
7948470	6.694468
7948476	6.536068
7948493	6.971073
7948502	3.135707
7948504	7.357355
7948511	5.999242
7948534	8.198698
7948565	6.197609
7948574	7.484649
7948588	6.016371
7948599	5.790551
7948606	7.534988
7948612	5.737858
7948630	6.821674
7948643	5.774561
7948656	10.73918
7948662	3.875198
7948667	9.744676
7948679	11.5946
7948685	6.284409
7948696	7.85224
7948718	7.016695
7948741	4.872342
7948744	8.308674
7948772	7.502759
7948775	6.922667
7948782	7.868973
7948794	5.304861
7948798	6.868855
7948814	8.021919
7948829	6.37055
7948834	5.791478
7948836	6.226973
7948839	8.818177
7948864	8.146215
7948879	5.545007
7948881	6.05806
7948894	7.459116
7948896	5.908651
7948898	5.359267
7948900	6.627456
7948902	6.237801
7948904	7.69709
7948906	5.93395
7948908	8.126351
7948910	5.538876
7948912	5.983901
7948918	5.920789
7948920	5.807399
7948937	5.544275
7948951	3.51656
7948957	4.553195
7948973	5.60048
7948982	5.504582
7948987	7.862133
7948995	7.520449
7948997	7.736554
7949015	7.860285
7949019	2.646615
7949021	5.365405
7949033	7.167231
7949046	7.237402
7949058	5.511414
7949060	8.194043
7949067	6.889419
7949075	8.98122
7949080	6.413257
7949104	6.21819
7949124	5.449191
7949146	8.144094
7949172	6.030046
7949206	6.080802
7949227	7.15696
7949264	8.060433
7949273	5.27895
7949275	7.316287
7949277	7.730533
7949320	6.025161
7949327	4.659466
7949340	6.186194
7949344	5.759498
7949364	4.804843
7949371	5.739096
7949373	6.488773
7949377	8.761492
7949383	7.132059
7949400	5.96516
7949410	9.177764
7949412	7.176631
7949440	5.976152
7949444	6.852183
7949454	7.705146
7949465	8.476933
7949482	6.963329
7949490	6.753355
7949496	10.4769
7949503	6.6117
7949518	7.224288
7949532	8.002623
7949540	7.842371
7949545	7.264583
7949553	5.581582
7949568	5.528836
7949570	6.153606
7949577	7.139533
7949588	5.611323
7949592	6.469356
7949603	6.449211
7949615	4.512895
7949619	6.655551
7949637	6.864971
7949645	7.249586
7949650	6.575028
7949668	4.890596
7949672	2.117691
7949674	7.58404
7949679	6.875797
7949717	5.305108
7949719	5.613993
7949742	2.340093
7949744	4.554661
7949746	8.684349
7949754	7.476672
7949763	3.495918
7949765	9.367855
7949776	8.244531
7949792	7.179482
7949796	5.488877
7949798	7.501166
7949808	6.846779
7949836	7.426522
7949843	7.564063
7949851	4.122323
7949857	6.201216
7949863	6.303224
7949873	6.409455
7949882	7.289676
7949894	4.495925
7949896	6.06258
7949898	6.42376
7949904	7.585617
7949916	7.915024
7949931	7.95203
7949946	5.294379
7949948	5.207351
7949954	5.713031
7949956	5.009568
7949971	6.53116
7949995	6.158033
7950003	5.69561
7950005	5.536442
7950012	5.431492
7950016	5.473612
7950023	5.926792
7950032	7.102686
7950036	6.795952
7950042	6.43951
7950062	4.311152
7950064	5.305469
7950067	7.025373
7950078	7.054018
7950082	5.613296
7950086	8.52598
7950117	2.886661
7950119	7.550204
7950128	6.01206
7950136	5.549827
7950140	6.270073
7950142	6.146954
7950162	5.112854
7950195	7.861416
7950197	7.837262
7950235	6.978646
7950248	6.530114
7950269	2.764022
7950271	7.424404
7950282	7.226706
7950284	8.600121
7950292	3.103686
7950294	5.691672
7950299	5.352332
7950307	8.189541
7950321	5.280591
7950332	6.473484
7950336	7.449072
7950370	5.717319
7950372	5.49205
7950374	4.631687
7950391	6.678542
7950409	5.261528
7950420	6.196852
7950423	6.062193
7950425	5.325584
7950442	5.376438
7950444	6.267964
7950447	4.456964
7950469	4.380851
7950471	6.429173
7950473	8.272307
7950490	9.687273
7950492	7.082714
7950501	5.896992
7950524	5.099034
7950530	2.518682
7950532	2.498528
7950534	5.809255
7950544	5.06941
7950553	3.043048
7950555	7.011296
7950560	3.428267
7950578	8.547956
7950597	6.47844
7950606	8.134057
7950626	6.896185
7950628	6.432064
7950641	4.78063
7950644	7.536378
7950654	5.324468
7950669	6.668371
7950671	6.646992
7950683	5.273126
7950699	2.292771
7950701	5.510151
7950724	1.938326
7950726	6.487394
7950731	8.003675
7950743	5.884655
7950751	4.98244
7950753	6.536849
7950762	8.002282
7950764	3.918412
7950794	5.746112
7950796	7.147748
7950804	4.945289
7950810	8.14059
7950838	11.72783
7950862	5.178782
7950864	6.605465
7950883	3.429102
7950885	5.025296
7950893	2.471074
7950895	4.565437
7950897	3.501956
7950899	6.193264
7950906	7.391316
7950921	6.156485
7950933	5.039865
7950951	2.97753
7950955	4.108409
7950965	3.414857
7950971	4.450537
7950977	4.003298
7950983	7.272437
7950990	5.797442
7951004	5.864792
7951008	7.446138
7951030	7.022184
7951032	6.538494
7951034	7.088111
7951036	7.647458
7951038	6.577688
7951040	4.800774
7951046	5.515748
7951068	4.463149
7951077	6.726125
7951089	5.218841
7951091	7.470776
7951093	6.585482
7951108	5.573095
7951112	6.871947
7951131	5.486426
7951133	7.360159
7951140	7.834067
7951144	5.965573
7951157	6.220899
7951159	4.944731
7951161	2.319444
7951163	4.148139
7951165	3.949777
7951178	3.725715
7951195	2.758796
7951205	2.522063
7951207	9.619597
7951217	10.35356
7951224	4.190039
7951235	3.941773
7951246	2.840057
7951259	4.939686
7951271	5.08987
7951284	3.578939
7951297	5.053045
7951309	4.696184
7951325	6.455709
7951335	4.291832
7951337	2.509087
7951339	2.680308
7951341	4.365638
7951343	2.012353
7951345	3.570243
7951347	3.837575
7951351	4.889811
7951363	3.286518
7951372	9.84706
7951385	5.376662
7951397	7.055182
7951408	6.372015
7951413	6.543312
7951417	3.156584
7951420	3.177377
7951422	5.369543
7951429	4.269215
7951437	4.8497
7951447	6.039544
7951467	4.64384
7951479	4.770067
7951485	5.512703
7951497	7.653068
7951521	4.371201
7951535	5.693188
7951545	8.194382
7951552	4.308824
7951554	7.380154
7951565	4.291351
7951589	4.709929
7951591	3.444256
7951593	7.176711
7951596	5.925829
7951604	2.715957
7951612	6.541364
7951614	8.693366
7951633	6.670418
7951652	5.834057
7951654	4.536912
7951660	5.045416
7951662	9.659241
7951670	2.700191
7951672	3.580887
7951679	6.234653
7951686	9.809279
7951695	3.654132
7951701	6.076364
7951703	6.344925
7951715	3.136368
7951717	5.07929
7951734	5.580194
7951752	6.15088
7951781	5.95059
7951789	3.886653
7951796	3.045774
7951807	5.555912
7951824	4.974625
7951826	6.008659
7951838	6.512882
7951853	5.464833
7951859	5.633923
7951865	6.076432
7951873	7.624173
7951896	6.991376
7951910	5.640265
7951928	5.586552
7951966	7.840628
7951977	6.566422
7951987	6.596058
7952004	5.439332
7952011	5.998704
7952022	8.212361
7952036	9.952093
7952046	9.537063
7952056	4.952753
7952065	3.867977
7952069	6.056351
7952086	4.941482
7952103	9.400545
7952116	8.547359
7952126	3.496111
7952129	9.963964
7952132	6.452695
7952145	7.434791
7952179	7.356452
7952185	6.093991
7952200	6.375702
7952205	5.553652
7952223	3.572787
7952225	4.793026
7952227	6.071249
7952243	7.652515
7952249	5.360175
7952268	5.279174
7952274	6.25684
7952290	9.651956
7952305	7.2063
7952307	4.952026
7952309	3.483561
7952313	3.456553
7952315	2.337559
7952319	3.07804
7952321	6.461513
7952325	12.71601
7952335	8.557481
7952339	9.122772
7952341	5.163207
7952350	5.662476
7952361	5.660643
7952373	3.384378
7952375	2.84317
7952377	2.950197
7952382	4.566326
7952384	5.954282
7952386	5.608053
7952388	6.790181
7952390	3.372731
7952392	3.484354
7952394	4.243056
7952398	3.28087
7952400	3.321243
7952402	3.355879
7952404	4.269215
7952406	4.339821
7952408	6.662562
7952426	9.384291
7952436	7.545203
7952445	6.005883
7952451	5.205412
7952453	6.362741
7952475	5.853318
7952484	6.928273
7952488	5.560176
7952490	5.119064
7952503	3.328541
7952517	3.231551
7952522	4.264528
7952526	5.274724
7952549	5.706911
7952557	9.184908
7952577	5.606892
7952601	7.381606
7952617	3.505152
7952626	3.868331
7952631	4.479136
7952641	9.060075
7952671	6.801692
7952673	4.698225
7952675	4.426998
7952677	6.639575
7952707	6.250463
7952733	6.848351
7952735	2.836874
7952737	4.498495
7952739	6.638277
7952750	2.51967
7952752	6.462268
7952766	6.317351
7952768	7.717128
7952781	3.934262
7952785	4.416257
7952795	6.105142
7952797	4.764986
7952805	4.101873
7952810	4.794618
7952813	5.996921
7952830	5.381062
7952869	6.337471
7952882	5.072122
7952884	5.735879
7952893	8.631171
7952897	5.62388
7952914	5.425842
7952927	6.440086
7952950	5.220448
7952953	8.486583
7952984	4.525561
7952986	6.604324
7952988	7.522825
7953012	6.376356
7953021	9.932784
7953032	6.085145
7953040	5.397296
7953094	5.66853
7953098	3.315692
7953100	9.355245
7953111	7.135361
7953128	4.544891
7953130	6.325411
7953135	6.18866
7953150	5.990917
7953166	5.674423
7953181	4.275925
7953198	2.979715
7953200	5.950482
7953211	6.02292
7953218	3.578336
7953229	4.312079
7953243	7.355094
7953252	4.243428
7953264	5.585872
7953274	4.755779
7953278	4.892369
7953284	4.363017
7953291	10.16597
7953303	7.744442
7953321	7.233238
7953333	6.004983
7953341	7.013523
7953351	6.826339
7953383	9.260054
7953385	12.15269
7953390	4.882511
7953395	7.730147
7953409	7.230824
7953418	5.98966
7953428	6.176096
7953442	5.161748
7953450	6.23334
7953469	5.346525
7953483	5.780839
7953508	8.578078
7953516	4.745724
7953518	6.55704
7953520	5.95128
7953532	6.169448
7953547	6.709651
7953564	6.854643
7953569	7.474918
7953590	6.848381
7953592	5.993805
7953594	6.100128
7953603	4.717854
7953620	3.24694
7953622	5.664396
7953626	5.501499
7953651	5.703177
7953665	4.362273
7953670	3.014404
7953675	4.94123
7953687	4.521364
7953689	3.461287
7953695	2.871892
7953697	7.724194
7953699	7.346606
7953715	8.646209
7953723	6.777036
7953733	3.006279
7953735	6.121434
7953737	3.9441
7953747	2.408366
7953749	4.606432
7953761	3.736324
7953763	5.779458
7953765	5.382515
7953775	12.02353
7953812	6.764002
7953835	3.833869
7953844	5.779548
7953871	2.767709
7953873	2.822542
7953878	6.705713
7953892	2.738261
7953901	4.758536
7953914	3.776819
7953924	4.137988
7953936	4.864421
7953943	8.388853
7953949	3.885392
7953965	4.50713
7953967	3.475286
7953975	2.454209
7953977	2.328384
7953979	2.125953
7953981	9.294495
7953993	5.483285
7954006	10.01429
7954008	3.424128
7954010	3.12474
7954012	5.392945
7954021	6.987556
7954029	9.145231
7954036	7.876392
7954055	5.731359
7954061	6.991139
7954063	8.516775
7954065	11.46143
7954071	6.649311
7954077	5.892104
7954090	13.02439
7954098	3.916907
7954100	2.957494
7954102	2.354954
7954104	8.532186
7954124	7.206853
7954132	3.787956
7954136	4.348977
7954143	4.023682
7954173	7.880155
7954185	8.543307
7954196	6.448483
7954206	2.398458
7954208	4.023502
7954240	3.045418
7954243	5.671611
7954245	6.928651
7954277	6.933049
7954279	7.728979
7954291	3.705125
7954293	4.017739
7954310	12.29492
7954312	3.706491
7954330	2.215345
7954344	2.587199
7954356	3.242267
7954375	2.150746
7954377	2.829367
7954382	5.842297
7954388	7.575743
7954398	3.033088
7954407	9.190115
7954419	7.429215
7954436	8.241062
7954460	7.054147
7954465	5.175297
7954469	5.472677
7954481	6.188406
7954488	4.650438
7954490	2.239416
7954492	7.278376
7954503	6.809298
7954511	9.710314
7954527	9.748328
7954551	4.421584
7954559	8.204638
7954589	3.473411
7954591	6.64371
7954602	4.825193
7954604	6.247787
7954613	6.323232
7954631	4.16169
7954645	5.888434
7954653	5.334937
7954655	6.001549
7954690	4.531396
7954692	5.728158
7954695	2.800578
7954697	4.919278
7954699	2.081302
7954701	4.132835
7954711	10.06308
7954717	6.087111
7954729	7.051274
7954752	6.915131
7954775	2.351553
7954777	5.620539
7954783	3.807392
7954785	4.126123
7954787	7.078833
7954789	5.272559
7954794	3.19539
7954810	6.98483
7954864	4.547094
7954899	3.718498
7954926	3.235388
7954938	3.035855
7954940	6.806142
7954961	6.963437
7954963	7.077732
7954965	2.624664
7954969	7.782597
7954985	7.43356
7954995	3.03636
7954997	7.299055
7955019	7.535556
7955043	4.609659
7955045	5.823353
7955055	7.046657
7955063	6.828925
7955076	6.812831
7955078	5.447216
7955107	6.049864
7955110	6.265019
7955112	6.962461
7955117	2.75511
7955119	3.549222
7955129	5.329724
7955132	4.487115
7955135	3.57284
7955140	2.515356
7955142	6.380279
7955156	4.662418
7955168	2.204084
7955170	6.725807
7955179	7.784827
7955184	5.571978
7955195	5.91943
7955211	4.678836
7955217	5.833526
7955231	5.895739
7955248	2.860693
7955250	6.415266
7955277	11.32159
7955290	6.831511
7955297	6.415549
7955305	5.781485
7955317	4.510015
7955331	6.480145
7955348	5.833849
7955358	6.096653
7955361	7.936183
7955376	7.870207
7955417	2.340221
7955419	5.091537
7955423	2.151628
7955425	6.669685
7955433	3.397529
7955441	7.08385
7955448	2.415914
7955450	7.062928
7955462	2.091004
7955464	10.75444
7955469	4.419008
7955502	4.865963
7955533	4.732161
7955535	7.85565
7955551	5.579891
7955562	5.956776
7955578	5.705241
7955589	8.747902
7955606	7.172058
7955613	9.891606
7955624	6.464538
7955635	3.775626
7955637	10.9944
7955646	8.94055
7955663	5.687409
7955694	7.352104
7955702	5.664254
7955719	8.649293
7955721	7.001736
7955729	7.178887
7955736	7.793254
7955768	6.7618
7955777	6.81355
7955787	9.03042
7955797	5.947393
7955810	9.613344
7955817	8.876564
7955829	6.958693
7955845	5.228597
7955852	6.201654
7955855	4.881611
7955858	5.054711
7955863	3.628976
7955865	4.641346
7955869	5.921546
7955873	4.806176
7955887	5.128836
7955890	5.493634
7955896	8.322519
7955906	4.482584
7955908	5.863853
7955943	5.240892
7955963	4.940372
7955974	4.63448
7955979	4.44121
7955981	3.272858
7955983	4.033198
7955985	2.742522
7955987	4.06778
7955989	2.522399
7955991	3.38457
7955993	3.448596
7955995	3.430812
7955997	3.522584
7955999	3.747136
7956001	2.501339
7956003	3.317972
7956005	3.904725
7956007	5.739096
7956009	5.781721
7956013	6.945225
7956018	5.68049
7956026	5.001592
7956031	7.656508
7956038	6.020123
7956044	5.439661
7956046	8.195515
7956076	6.859313
7956088	9.600732
7956097	5.785784
7956105	5.671332
7956114	6.746531
7956120	9.813662
7956152	8.403214
7956159	6.505498
7956162	6.107509
7956166	7.215994
7956200	6.300497
7956211	11.03731
7956220	6.558656
7956229	5.624437
7956242	5.539823
7956251	9.324028
7956257	6.375778
7956261	8.917749
7956269	4.1969
7956271	3.421668
7956279	4.244112
7956281	5.637504
7956285	6.038369
7956287	6.525331
7956301	6.021398
7956395	6.424599
7956399	2.407952
7956401	6.641877
7956417	3.367212
7956419	3.80191
7956423	5.097096
7956426	5.472355
7956430	5.170311
7956443	7.37111
7956470	7.245904
7956488	4.978898
7956522	4.447795
7956524	7.88832
7956539	5.850153
7956551	5.045848
7956573	4.562953
7956593	9.262122
7956613	9.023611
7956623	5.047542
7956631	5.265289
7956639	6.285268
7956648	5.591413
7956658	7.243192
7956668	7.194513
7956670	8.03075
7956697	8.341743
7956737	6.654911
7956739	2.584837
7956741	4.225281
7956743	9.763275
7956747	5.648782
7956749	5.493185
7956759	9.428838
7956783	4.076496
7956785	6.748269
7956795	8.002745
7956819	6.853732
7956826	5.923769
7956838	3.738744
7956842	7.10747
7956856	3.936513
7956867	4.833742
7956876	3.18338
7956878	4.553211
7956894	5.604467
7956908	4.837762
7956910	8.170883
7956930	6.853721
7956937	9.965435
7956949	6.31186
7956978	6.36765
7956987	5.200661
7956989	9.880192
7957006	2.052797
7957008	7.195337
7957023	10.33028
7957032	5.966562
7957043	7.402501
7957052	7.045669
7957072	6.139235
7957092	3.754666
7957106	7.937906
7957126	4.796748
7957140	3.488508
7957159	4.783765
7957161	3.098892
7957167	6.541731
7957177	9.951833
7957186	9.514802
7957205	3.617661
7957221	3.759904
7957242	8.142345
7957245	2.987518
7957253	2.441763
7957260	7.633116
7957271	5.396706
7957273	2.279685
7957275	7.965342
7957277	6.737547
7957298	4.400937
7957338	3.662322
7957351	2.332746
7957373	4.770656
7957379	4.074512
7957386	4.841296
7957404	5.522542
7957417	6.43115
7957431	2.422368
7957433	3.258104
7957452	3.53797
7957458	3.261807
7957467	7.844659
7957476	4.076863
7957478	6.359392
7957495	3.10924
7957499	3.020022
7957503	4.303984
7957508	2.701381
7957510	5.760602
7957514	5.083501
7957528	2.653177
7957530	7.530072
7957532	2.591579
7957534	3.251979
7957536	6.237576
7957540	6.91917
7957549	6.698997
7957551	5.257167
7957560	5.023064
7957570	6.67246
7957602	3.667063
7957604	8.092593
7957606	4.21309
7957608	7.136523
7957611	4.64422
7957613	7.780683
7957627	2.162066
7957629	2.727095
7957631	5.091179
7957633	7.29502
7957649	4.168445
7957654	5.57577
7957665	8.726202
7957673	3.498382
7957688	2.92359
7957715	6.227213
7957733	1.978494
7957735	2.072531
7957737	8.017959
7957746	8.65001
7957759	8.481667
7957790	4.197762
7957793	6.16502
7957806	10.12497
7957819	5.77697
7957833	3.161824
7957835	4.235072
7957850	5.677602
7957861	3.645561
7957890	5.165781
7957956	2.768822
7957958	2.258666
7957960	4.477711
7957962	3.208513
7957966	5.159803
7958000	8.452014
7958011	6.92336
7958015	5.439259
7958017	2.89217
7958019	6.569216
7958031	2.999137
7958051	5.008323
7958056	4.437058
7958128	2.38285
7958130	9.957445
7958147	7.018724
7958152	8.689418
7958158	5.524388
7958174	11.22557
7958197	9.305774
7958200	8.891469
7958202	7.33022
7958207	4.770047
7958209	2.71307
7958211	4.872756
7958216	7.398271
7958253	6.125358
7958262	11.20822
7958273	8.198827
7958275	6.986584
7958305	3.521809
7958331	5.771994
7958346	6.004785
7958352	5.190468
7958375	4.979403
7958377	1.850433
7958379	6.560844
7958396	4.473348
7958398	5.315471
7958410	6.837177
7958414	7.82631
7958423	4.55633
7958425	4.320475
7958439	6.973038
7958453	6.226908
7958455	6.160551
7958466	5.494918
7958524	3.834143
7958532	8.289692
7958565	6.064766
7958577	7.35924
7958582	6.962303
7958600	10.55051
7958620	4.509326
7958644	9.291912
7958666	3.571096
7958677	3.012197
7958692	6.191169
7958711	3.786168
7958724	6.22031
7958726	5.719571
7958749	6.410395
7958759	5.261336
7958761	5.445982
7958784	7.006012
7958800	6.497338
7958819	7.559482
7958826	2.392003
7958828	8.014128
7958842	5.615305
7958844	2.516183
7958846	8.972447
7958860	4.989756
7958884	9.733873
7958895	7.696058
7958913	8.423709
7958931	5.990382
7958942	6.347473
7958948	7.194927
7958950	6.658975
7958960	8.282563
7958989	6.175585
7959002	6.474711
7959010	4.206232
7959012	4.279602
7959014	2.703901
7959016	5.530864
7959023	10.46613
7959025	5.029572
7959039	5.951935
7959052	5.609893
7959070	8.01837
7959078	9.184518
7959080	7.907537
7959085	3.064219
7959087	5.259788
7959100	5.159185
7959102	12.21936
7959108	5.915246
7959123	8.705772
7959131	7.536863
7959144	6.192134
7959146	7.425875
7959148	5.373943
7959153	9.868391
7959157	8.42943
7959164	8.34973
7959173	10.06752
7959195	5.781354
7959205	7.043307
7959212	6.326549
7959220	6.896109
7959232	5.729356
7959234	6.325266
7959249	6.773169
7959251	5.150641
7959267	5.829086
7959282	8.097401
7959292	2.854335
7959294	6.72268
7959298	5.072141
7959312	4.785314
7959314	7.118619
7959322	5.921576
7959330	4.691545
7959354	6.930916
7959361	8.019108
7959386	4.802776
7959402	5.976568
7959408	4.962408
7959473	6.226089
7959482	3.527985
7959484	4.121899
7959500	7.680797
7959535	6.56146
7959549	7.915177
7959563	5.317475
7959572	2.84566
7959574	7.382214
7959586	6.104806
7959597	10.20155
7959604	5.744851
7959621	6.18
7959623	5.84155
7959638	6.032325
7959657	6.429898
7959681	4.45414
7959696	5.449283
7959751	8.107139
7959761	6.136286
7959772	5.74864
7959775	2.120045
7959777	6.21613
7959786	6.084842
7959807	4.068659
7959818	3.830137
7959827	4.52832
7959834	6.444527
7959848	7.360246
7959850	6.427909
7959856	4.482646
7959880	9.661977
7959882	7.820511
7959891	5.261436
7959893	5.227093
7959921	6.155473
7959925	5.950472
7959927	8.153181
7959946	6.465823
7959957	7.90541
7959986	6.350627
7959995	6.515285
7960052	7.631924
7960054	6.079902
7960068	6.092415
7960088	7.954065
7960099	6.048542
7960117	7.060617
7960124	7.040806
7960131	9.477971
7960134	4.957369
7960143	6.195279
7960150	6.083861
7960158	4.403623
7960165	6.311539
7960172	2.423613
7960177	6.589448
7960201	5.463281
7960221	8.07083
7960253	6.188944
7960259	2.593224
7960261	7.061463
7960280	7.113308
7960283	6.221224
7960320	5.32733
7960331	5.958196
7960338	7.598575
7960340	4.424939
7960355	4.978528
7960357	7.160814
7960362	6.130764
7960365	3.684045
7960370	5.971978
7960381	4.884088
7960383	4.894774
7960397	5.658931
7960407	6.632934
7960411	5.858117
7960427	4.385185
7960434	3.97987
7960436	3.830146
7960438	5.447385
7960464	5.937187
7960512	7.401961
7960514	3.305017
7960516	5.137202
7960518	8.992547
7960529	9.445131
7960544	6.077587
7960553	7.778568
7960559	5.704341
7960575	6.396832
7960594	9.050134
7960635	6.966979
7960637	7.023134
7960642	5.525353
7960654	7.689048
7960666	7.584448
7960682	6.136084
7960689	8.548135
7960700	3.26507
7960702	5.24637
7960709	7.429368
7960716	7.907018
7960728	8.045742
7960730	8.934375
7960744	6.266457
7960757	6.55108
7960764	6.852544
7960771	5.745683
7960794	5.273664
7960813	2.562366
7960815	2.348114
7960817	2.056275
7960819	6.795129
7960821	3.553172
7960828	4.124717
7960832	4.780694
7960848	2.089155
7960850	8.135288
7960861	2.960887
7960863	6.282712
7960865	10.55187
7960874	8.628594
7960878	6.582489
7960881	4.962497
7960889	6.333283
7960894	8.367422
7960896	7.193187
7960898	6.745805
7960900	5.03742
7960910	4.189377
7960919	3.951998
7960933	9.175191
7960942	3.297259
7960947	7.561949
7960984	4.461016
7961022	10.14053
7961024	2.591641
7961026	2.573848
7961031	6.047709
7961059	5.349625
7961067	4.432691
7961069	3.669258
7961075	6.891438
7961083	5.666671
7961091	3.231942
7961097	5.360669
7961102	4.18716
7961111	3.644957
7961120	6.134027
7961142	5.564348
7961151	4.358174
7961166	4.581663
7961173	3.868883
7961175	3.104695
7961182	3.28404
7961187	3.243764
7961198	3.83648
7961208	5.893079
7961215	8.285786
7961230	10.17546
7961239	2.74179
7961243	2.90505
7961245	3.128361
7961249	3.100418
7961252	6.237146
7961259	4.84803
7961269	4.63988
7961275	3.595239
7961279	3.740927
7961281	3.21329
7961285	4.727788
7961287	4.471877
7961291	3.928932
7961293	2.599601
7961295	3.159383
7961298	3.656368
7961300	7.36678
7961306	6.454679
7961320	6.497037
7961339	5.944298
7961363	6.331437
7961365	6.783857
7961371	9.194629
7961381	3.310237
7961386	6.590176
7961390	7.125146
7961399	4.54472
7961413	7.174008
7961418	6.278496
7961420	2.61771
7961422	5.004458
7961438	5.201361
7961440	9.407457
7961453	6.542698
7961455	3.760864
7961483	8.054912
7961489	6.944033
7961503	2.830187
7961507	3.737628
7961514	4.19054
7961524	7.086271
7961532	11.81145
7961540	4.574061
7961546	8.292841
7961569	4.309012
7961571	3.799118
7961580	4.736345
7961593	3.171151
7961595	3.395506
7961602	3.814198
7961604	3.167271
7961622	6.00672
7961624	2.23442
7961626	2.932456
7961652	4.714762
7961654	5.049999
7961673	4.477848
7961693	7.12663
7961702	4.426126
7961710	4.463766
7961755	3.740512
7961757	5.314309
7961767	6.44711
7961798	4.476337
7961820	4.963256
7961829	7.646007
7961844	2.8209
7961865	8.579816
7961873	2.548885
7961875	2.994053
7961887	7.630587
7961889	5.603295
7961891	6.733142
7961900	6.631314
7961960	4.684724
7961962	5.018418
7961964	5.42298
7961983	7.997309
7961998	5.673529
7962000	4.245934
7962013	6.767025
7962029	4.067235
7962058	4.081117
7962083	5.912662
7962085	6.712413
7962112	4.73553
7962137	3.188383
7962139	3.635361
7962146	4.689916
7962151	4.253672
7962183	7.059611
7962185	7.242111
7962194	11.50763
7962197	3.39612
7962199	2.701923
7962201	3.32005
7962203	5.588058
7962212	7.024085
7962226	4.802248
7962236	2.75385
7962238	4.514063
7962240	7.581143
7962242	3.58627
7962246	4.116449
7962248	2.481976
7962250	4.568161
7962274	5.1403
7962312	4.323766
7962325	4.72373
7962327	5.206388
7962341	2.618148
7962343	2.510011
7962345	2.615863
7962347	2.24344
7962349	6.309538
7962358	6.637361
7962367	6.569699
7962375	5.483702
7962384	3.879305
7962427	5.809607
7962441	9.915002
7962455	4.709059
7962479	5.089521
7962481	3.251179
7962487	3.103986
7962489	6.561817
7962499	7.046269
7962516	7.838625
7962537	8.663135
7962557	4.684533
7962559	3.666532
7962579	6.33557
7962588	3.670476
7962590	4.282035
7962608	5.328439
7962623	6.025696
7962625	6.922901
7962659	8.101237
7962689	7.805485
7962703	6.589324
7962760	6.231668
7962783	7.452441
7962792	4.004481
7962794	5.574517
7962804	2.808876
7962811	6.085159
7962827	3.531459
7962829	3.885496
7962831	8.151851
7962842	7.274827
7962869	8.110299
7962884	7.802067
7962893	6.36179
7962895	6.166862
7962904	9.008678
7962916	2.830968
7962918	6.524423
7962930	6.116709
7962935	8.291443
7962951	6.889467
7963009	4.851943
7963020	5.689638
7963024	8.010286
7963046	9.525495
7963052	5.813913
7963054	7.43806
7963061	6.541401
7963064	6.775412
7963084	4.659375
7963092	5.671563
7963121	6.178396
7963134	5.419221
7963137	5.604275
7963139	6.204296
7963142	5.746756
7963157	6.297876
7963174	6.154724
7963187	9.151238
7963201	2.264356
7963203	3.396474
7963206	3.952557
7963208	2.86802
7963210	4.554507
7963212	8.932589
7963233	3.407233
7963235	7.44349
7963244	6.868325
7963261	6.218997
7963263	3.635948
7963265	6.814217
7963280	9.605456
7963289	6.318115
7963304	5.42943
7963313	5.933841
7963328	4.898595
7963333	10.06181
7963348	5.750373
7963353	5.782725
7963359	5.490985
7963366	5.072069
7963375	5.819297
7963386	5.28997
7963396	4.448854
7963406	7.983394
7963410	10.27328
7963421	9.084978
7963427	6.045731
7963438	6.043786
7963448	5.12578
7963459	5.013097
7963471	4.707997
7963479	4.270755
7963491	5.179118
7963502	5.929899
7963513	4.415999
7963523	5.590016
7963534	11.10968
7963545	6.340976
7963555	11.803
7963567	11.17081
7963575	5.083656
7963577	7.167493
7963588	2.296975
7963590	6.786024
7963614	7.231977
7963631	8.708532
7963646	6.58807
7963664	6.264137
7963670	5.301486
7963689	5.756479
7963696	5.335699
7963698	6.200341
7963713	7.86061
7963721	9.210491
7963739	4.440893
7963741	7.071285
7963750	6.643124
7963758	2.625551
7963760	5.131433
7963768	2.510964
7963770	5.521089
7963774	7.846614
7963786	7.388405
7963817	3.13854
7963826	6.140291
7963837	5.331009
7963845	5.069435
7963851	3.984638
7963863	3.001874
7963865	3.217745
7963869	6.697308
7963878	2.202749
7963880	5.032473
7963911	10.14366
7963923	6.264843
7963935	6.915895
7963946	4.864044
7963965	6.936551
7963970	4.961996
7963986	7.168683
7963988	8.707256
7964021	6.661442
7964033	6.200838
7964064	8.800384
7964076	6.738384
7964089	5.821134
7964119	8.172956
7964142	4.340091
7964145	5.364512
7964177	5.283769
7964183	5.177076
7964203	8.263177
7964234	10.62044
7964246	6.426147
7964248	3.920656
7964250	9.519196
7964260	6.028316
7964262	9.357187
7964271	5.025218
7964285	6.558876
7964292	5.150776
7964300	5.689297
7964303	5.044055
7964316	5.319458
7964347	5.878745
7964360	8.766838
7964388	6.509735
7964400	5.442884
7964413	7.032443
7964436	6.806133
7964460	8.461872
7964466	7.666131
7964484	5.023271
7964499	5.850136
7964522	6.792417
7964535	5.453636
7964548	4.90963
7964555	6.408302
7964575	5.598098
7964577	6.498186
7964579	10.06115
7964592	3.850798
7964594	2.848533
7964602	5.410351
7964625	2.12081
7964627	2.213817
7964629	2.740379
7964631	4.514161
7964640	2.951789
7964642	6.581845
7964646	6.686126
7964658	7.058354
7964660	4.608994
7964665	3.78659
7964675	5.080166
7964677	5.155422
7964687	6.212903
7964699	2.759074
7964701	8.844866
7964718	5.31
7964722	4.758157
7964733	2.940101
7964736	5.411362
7964739	7.903003
7964745	8.815931
7964757	6.664752
7964759	4.959507
7964785	2.923381
7964787	3.291997
7964795	2.897895
7964803	3.929766
7964810	4.721931
7964828	7.967024
7964830	6.21349
7964832	4.833162
7964834	8.55505
7964846	4.695983
7964852	3.01123
7964868	2.680639
7964872	3.45022
7964907	4.639376
7964927	3.832312
7964937	7.857929
7964976	6.507833
7964979	2.21136
7964981	2.212218
7964983	3.737459
7964985	5.066561
7964987	5.138514
7964997	3.730083
7965022	7.216705
7965036	7.248147
7965038	5.102886
7965040	11.8943
7965048	8.055918
7965060	4.728335
7965064	8.609485
7965090	6.306437
7965094	5.318086
7965108	3.25824
7965110	4.071249
7965112	7.614573
7965123	7.989251
7965150	3.720706
7965152	3.932786
7965154	4.289904
7965156	4.440071
7965166	3.768186
7965200	5.586958
7965206	3.530884
7965226	4.14388
7965231	3.09084
7965245	4.867439
7965249	3.365751
7965264	3.644981
7965322	5.353098
7965335	10.05654
7965343	8.284368
7965357	9.535333
7965359	9.427214
7965384	4.500365
7965390	3.753178
7965398	3.902289
7965403	2.398415
7965410	3.347241
7965423	10.63291
7965429	3.632077
7965431	5.100912
7965436	5.905578
7965467	10.80335
7965469	2.736489
7965471	6.946708
7965478	6.398283
7965480	8.781059
7965484	5.635686
7965486	3.678376
7965508	4.879217
7965510	7.587448
7965515	7.467329
7965523	5.765858
7965541	9.183343
7965565	4.196572
7965573	9.729136
7965587	2.665848
7965589	3.36951
7965606	5.629181
7965627	7.864223
7965652	5.648533
7965671	4.156595
7965673	5.438068
7965675	6.631366
7965677	2.896199
7965679	4.258842
7965681	4.445577
7965686	3.821806
7965721	6.046113
7965723	6.194794
7965746	5.776587
7965760	3.489456
7965767	1.730961
7965769	3.652259
7965787	2.43006
7965789	7.805461
7965800	3.122384
7965812	7.774446
7965840	3.71347
7965846	5.672061
7965855	5.90852
7965867	2.481014
7965873	3.390378
7965884	3.653096
7965900	4.191483
7965916	2.208935
7965918	5.777588
7965935	3.171967
7965941	4.037419
7965956	6.055595
7965964	5.690944
7965976	5.904627
7965979	3.623866
7966003	7.660544
7966026	5.822688
7966035	8.070476
7966046	5.202138
7966052	7.297667
7966068	2.940615
7966070	3.030689
7966072	8.435441
7966089	4.204651
7966098	7.595051
7966122	5.949708
7966127	6.562151
7966135	9.422842
7966148	2.516842
7966150	5.588387
7966172	4.180178
7966181	2.360474
7966183	5.216383
7966189	6.356936
7966202	7.465021
7966213	5.54523
7966223	5.19826
7966225	3.749719
7966227	3.015691
7966229	3.832103
7966234	6.636934
7966257	6.807026
7966259	9.141029
7966266	5.325219
7966268	7.885107
7966293	6.208626
7966301	7.093701
7966315	10.95329
7966321	6.378418
7966332	6.875176
7966343	5.290347
7966345	8.856052
7966356	6.056515
7966368	9.451186
7966379	3.488215
7966389	6.889479
7966397	9.042622
7966427	7.952905
7966441	3.841717
7966448	6.7233
7966462	6.105188
7966488	6.830789
7966517	7.558341
7966534	9.819257
7966542	7.541831
7966568	2.684774
7966570	6.73567
7966594	2.343042
7966596	5.890837
7966600	7.847423
7966621	5.663269
7966631	5.452804
7966638	6.579036
7966666	7.799007
7966668	5.703141
7966686	3.272439
7966688	2.509256
7966690	8.518485
7966706	8.71933
7966738	8.922607
7966746	7.699116
7966749	6.510196
7966760	7.267318
7966779	5.009231
7966810	5.605327
7966829	9.335526
7966839	7.091059
7966851	8.367382
7966876	5.2944
7966878	5.186205
7966929	8.223008
7966938	7.91622
7966996	9.304359
7967002	7.84795
7967021	6.262468
7967025	7.659344
7967028	4.673943
7967030	6.33041
7967032	5.783368
7967034	4.834292
7967039	6.380961
7967056	6.411906
7967060	9.119279
7967067	5.430514
7967072	6.12001
7967082	3.442592
7967084	4.845422
7967089	5.154135
7967091	7.976582
7967107	4.741502
7967109	6.270787
7967117	6.997068
7967127	6.834406
7967149	6.404783
7967175	5.10775
7967193	5.557026
7967202	6.787521
7967210	5.939083
7967212	5.371178
7967226	4.397527
7967230	6.968221
7967240	7.202998
7967255	8.947099
7967287	6.757962
7967304	8.690217
7967318	9.507676
7967322	9.435383
7967325	4.611988
7967331	9.664092
7967337	4.718763
7967358	5.620538
7967386	5.036138
7967412	8.0707
7967418	3.918792
7967420	8.483723
7967452	5.610259
7967454	5.313492
7967456	7.31998
7967463	4.828169
7967473	7.697149
7967486	5.130321
7967493	7.536649
7967544	6.865223
7967563	13.93234
7967586	6.148836
7967588	6.365243
7967620	12.17771
7967622	4.921551
7967624	7.516352
7967636	5.729237
7967641	5.390924
7967654	2.457317
7967656	3.189619
7967658	3.916247
7967660	5.686755
7967685	4.17661
7967700	5.387936
7967702	5.671908
7967705	5.950472
7967707	5.35189
7967709	7.035804
7967711	6.576435
7967727	5.715011
7967736	5.96304
7967789	7.054328
7967792	5.421227
7967794	8.832592
7967810	7.491253
7967841	7.875044
7967863	3.987357
7967868	2.529266
7967870	4.625269
7967872	5.947131
7967874	4.65026
7967876	3.272995
7967879	6.211552
7967881	6.902892
7967896	3.993124
7967898	5.942217
7967900	8.659326
7967933	4.35027
7967969	7.388385
7967976	8.796988
7967987	6.417615
7967993	3.14955
7968000	4.080704
7968002	2.132973
7968004	4.806723
7968015	6.310804
7968029	4.251217
7968035	6.593592
7968052	3.678533
7968056	3.55103
7968062	5.540985
7968085	2.543164
7968126	8.019498
7968128	7.742759
7968132	7.334764
7968154	4.155301
7968195	2.7527
7968197	3.681139
7968199	7.124631
7968212	5.13679
7968226	8.500074
7968232	3.489977
7968234	5.265524
7968236	5.979047
7968242	6.426887
7968254	7.187166
7968260	6.908688
7968265	6.376469
7968270	6.759234
7968272	7.613103
7968274	8.364738
7968295	4.484092
7968297	7.533572
7968307	5.190187
7968323	4.490694
7968329	4.040709
7968331	9.139315
7968333	6.928273
7968344	8.588211
7968351	3.876977
7968361	2.81696
7968370	3.833549
7968389	2.999108
7968411	6.464196
7968417	6.396303
7968484	3.970632
7968514	3.765411
7968516	7.059492
7968556	4.958766
7968563	5.200096
7968577	6.119444
7968630	3.875789
7968632	3.453094
7968637	4.488574
7968650	5.93051
7968653	4.723657
7968658	5.171335
7968670	7.901486
7968678	4.89047
7968703	6.682475
7968711	7.070779
7968732	2.686695
7968734	4.971342
7968746	5.126883
7968759	5.419223
7968761	5.473547
7968787	7.050671
7968789	6.769797
7968796	4.729636
7968798	5.688696
7968800	6.883542
7968835	6.438385
7968851	4.522245
7968866	3.397136
7968872	5.022072
7968883	4.404124
7968890	6.334758
7968892	5.086458
7968898	6.612733
7968915	5.579032
7968926	4.825404
7968928	7.080686
7968931	7.434471
7968957	4.37815
7968962	2.873126
7968970	3.308016
7968972	7.313724
7968976	6.06767
7968999	4.922733
7969003	10.80216
7969017	7.257653
7969048	8.900355
7969050	3.614023
7969058	5.960522
7969060	8.312945
7969091	4.872893
7969093	5.698798
7969096	5.31968
7969114	5.459057
7969129	7.246241
7969143	6.163698
7969145	5.27016
7969151	3.772098
7969153	6.665913
7969166	5.258884
7969171	4.726453
7969177	6.917498
7969179	4.905024
7969192	4.629065
7969202	4.41052
7969204	7.024482
7969222	5.192853
7969228	7.116513
7969241	6.155388
7969243	5.092173
7969256	4.959993
7969263	4.340867
7969271	6.502892
7969286	4.892087
7969288	11.35694
7969298	4.96381
7969300	5.472023
7969306	5.472023
7969312	5.472023
7969318	5.472023
7969324	5.472023
7969330	5.566897
7969339	3.258626
7969341	5.265952
7969358	4.026153
7969360	2.473966
7969364	3.235337
7969366	2.260016
7969368	6.677405
7969370	6.480768
7969372	6.007253
7969374	5.013039
7969390	5.612023
7969414	10.31331
7969424	2.604519
7969426	3.473794
7969428	7.474359
7969438	11.13791
7969472	7.73479
7969477	5.803036
7969479	4.136844
7969482	3.786955
7969488	5.326355
7969493	11.36378
7969531	7.237848
7969533	5.979424
7969544	9.455215
7969559	9.562028
7969563	1.994776
7969565	3.016755
7969567	2.430095
7969569	5.617598
7969574	11.29554
7969576	4.219486
7969596	4.283491
7969609	3.233662
7969611	3.790001
7969613	4.155192
7969626	5.738664
7969638	3.250555
7969640	3.962324
7969651	7.762948
7969665	5.995709
7969671	6.880912
7969675	2.827627
7969677	9.205757
7969693	6.727618
7969701	2.749751
7969703	6.379766
7969736	6.849402
7969770	2.587446
7969772	7.585005
7969774	2.993259
7969776	7.816228
7969792	13.25171
7969794	5.306938
7969796	10.20603
7969815	4.479795
7969828	4.832181
7969830	6.540044
7969835	6.304163
7969861	5.834743
7969879	4.265117
7969881	8.592534
7969914	2.947754
7969916	5.180217
7969933	7.282584
7969935	8.759213
7969955	4.4858
7969959	2.908705
7969975	5.912448
7969977	5.584919
7969979	7.50345
7969986	5.609067
7969995	5.261795
7970031	4.823242
7970033	6.445124
7970082	6.178702
7970084	6.929112
7970096	6.840945
7970111	7.210464
7970139	5.778442
7970146	5.823371
7970150	3.079219
7970158	4.085171
7970162	7.802866
7970194	6.48928
7970232	6.723996
7970241	6.403158
7970251	5.008437
7970262	8.385995
7970287	8.792439
7970301	7.269646
7970317	6.643472
7970325	5.758631
7970329	5.998045
7970347	6.31544
7970370	7.920428
7970376	5.093152
7970381	6.153674
7970388	5.510187
7970390	2.509068
7970392	7.251636
7970395	6.701211
7970404	4.147042
7970413	7.415709
7970428	6.064686
7970439	6.711403
7970441	7.224997
7970448	5.679945
7970455	6.056892
7970467	5.03389
7970473	5.025725
7970498	8.277727
7970507	6.135801
7970509	2.937897
7970511	2.873893
7970513	3.826128
7970524	8.386086
7970542	5.281846
7970546	6.440328
7970563	2.694074
7970565	8.976808
7970567	2.635118
7970569	4.208858
7970577	5.136354
7970595	3.470178
7970597	6.285107
7970602	8.431616
7970622	2.356952
7970624	5.221858
7970648	5.961085
7970655	7.090819
7970672	4.558764
7970676	6.015617
7970681	6.514772
7970691	5.43012
7970696	6.32444
7970702	2.482886
7970704	6.707441
7970716	9.152768
7970727	6.209325
7970732	5.293952
7970735	7.649376
7970737	4.42631
7970763	4.199523
7970793	4.731219
7970804	5.401103
7970806	5.052748
7970810	7.120815
7970828	5.377096
7970831	9.255838
7970840	4.694885
7970842	10.23066
7970844	4.46675
7970858	7.04506
7970864	10.94559
7970887	3.05687
7970892	5.345742
7970905	3.616166
7970907	7.944304
7970922	2.261954
7970924	5.031487
7970947	2.717104
7970949	5.074312
7970954	4.052202
7970973	3.816597
7970975	4.472105
7970989	4.722311
7970999	5.921014
7971013	5.373646
7971015	5.1562
7971027	5.532696
7971039	6.666506
7971071	6.279215
7971075	2.765446
7971077	2.944094
7971104	3.619613
7971122	4.355641
7971126	4.085104
7971134	7.244905
7971150	5.87874
7971159	4.109129
7971161	2.525988
7971163	8.992082
7971165	5.276296
7971167	4.258633
7971177	7.851499
7971184	6.035523
7971191	5.409322
7971197	10.15588
7971208	6.309221
7971216	4.970744
7971218	5.418935
7971222	5.261682
7971239	5.01724
7971241	7.043353
7971243	5.450466
7971246	5.595596
7971294	4.807439
7971296	6.021726
7971311	4.069385
7971335	4.481564
7971345	4.899072
7971350	7.470087
7971359	3.188383
7971361	6.698658
7971367	2.615228
7971369	4.647176
7971373	8.509816
7971375	10.33833
7971386	7.387259
7971388	6.193727
7971400	3.430246
7971415	2.967762
7971417	2.992008
7971419	5.569752
7971422	6.470719
7971444	3.19979
7971461	10.58072
7971482	7.873065
7971484	2.274352
7971486	7.758843
7971513	4.608417
7971526	3.300485
7971535	3.778067
7971537	4.779765
7971539	5.523799
7971541	7.683087
7971550	6.620238
7971561	3.717886
7971563	7.9735
7971565	6.045642
7971573	5.478608
7971590	7.791798
7971602	6.673918
7971615	7.455653
7971620	6.643038
7971642	3.727141
7971644	5.980745
7971653	5.677776
7971659	3.537322
7971661	5.491378
7971663	6.655928
7971669	4.586133
7971671	4.146155
7971690	3.802016
7971692	7.259623
7971711	4.800532
7971713	6.119142
7971723	5.762208
7971727	2.952828
7971731	5.59755
7971757	4.269215
7971780	5.057263
7971800	4.99123
7971813	5.623228
7971820	7.235857
7971838	3.824407
7971850	5.799572
7971858	9.053159
7971860	4.757856
7971862	6.248639
7971864	5.619362
7971866	3.185495
7971901	2.32404
7971905	6.099285
7971911	3.835793
7971913	3.816569
7971915	6.095565
7971920	10.20455
7971922	3.197172
7971931	2.564476
7971933	2.728981
7971935	2.094211
7971937	4.21891
7971950	4.611162
7971965	4.415193
7971967	8.008128
7971996	4.363262
7971998	7.24386
7972001	4.226696
7972003	5.667654
7972016	3.489837
7972018	2.952584
7972021	6.046469
7972044	5.723762
7972053	3.219757
7972055	7.021397
7972062	8.849389
7972069	6.780339
7972157	3.573985
7972173	4.742724
7972175	3.519019
7972177	5.337227
7972180	5.28259
7972190	6.619672
7972215	5.740412
7972217	4.468703
7972223	2.385965
7972225	2.768822
7972229	2.641059
7972231	4.138893
7972237	2.895735
7972239	5.30869
7972247	5.220272
7972251	4.117723
7972253	4.73866
7972255	2.722416
7972257	4.420456
7972259	3.900799
7972269	5.08248
7972287	2.913723
7972289	2.9568
7972291	5.554199
7972297	5.955989
7972334	3.134545
7972336	4.641787
7972365	2.108084
7972367	2.052369
7972369	5.149998
7972416	4.124016
7972418	2.460409
7972420	3.376291
7972426	5.793396
7972428	3.954313
7972438	6.487882
7972442	6.162563
7972444	9.345343
7972461	8.042782
7972487	9.37641
7972546	4.994583
7972548	4.608543
7972557	4.77666
7972561	4.104164
7972563	2.412057
7972565	2.817244
7972567	6.134156
7972570	6.315642
7972577	7.027975
7972579	6.776363
7972601	4.043507
7972650	3.710198
7972661	4.302989
7972663	6.05031
7972665	3.437922
7972670	3.054137
7972672	3.739887
7972674	3.664695
7972682	3.091529
7972692	5.122753
7972699	4.178344
7972709	2.673446
7972711	7.483351
7972713	7.313618
7972723	8.684072
7972733	4.930296
7972735	3.222749
7972737	6.115606
7972743	4.138526
7972745	6.832207
7972750	5.400115
7972803	2.648356
7972805	5.303536
7972808	6.269272
7972810	6.130426
7972826	3.95695
7972828	6.997077
7972840	5.976206
7972867	6.795358
7972888	6.122693
7972890	8.205505
7972899	6.420629
7972902	5.627975
7972912	6.282924
7972921	5.753804
7972923	5.279313
7972932	3.761003
7972936	5.132624
7972946	5.221391
7972973	7.064931
7972977	7.044213
7972979	2.769448
7972981	3.72876
7972983	4.271404
7973002	6.303495
7973004	3.315279
7973006	3.6589
7973008	3.506448
7973010	5.044338
7973012	3.89079
7973014	2.661868
7973016	3.338454
7973018	3.514411
7973020	4.458974
7973022	3.898561
7973024	3.386558
7973026	4.831951
7973028	3.188383
7973030	3.570022
7973032	4.496169
7973034	2.610709
7973036	5.987179
7973054	10.61119
7973056	7.273707
7973067	8.709873
7973078	4.214448
7973080	5.722419
7973082	4.120248
7973084	6.452912
7973093	2.812697
7973098	3.55764
7973101	5.342017
7973105	6.483327
7973108	5.239037
7973110	4.894778
7973114	5.166507
7973116	6.597021
7973135	4.422368
7973142	5.108177
7973149	11.10069
7973156	5.817734
7973158	6.517057
7973182	3.963919
7973185	3.711715
7973214	8.165441
7973221	4.900977
7973296	4.471738
7973298	4.35605
7973303	4.435191
7973306	8.077206
7973314	8.325832
7973327	5.951369
7973336	7.862319
7973350	2.193739
7973352	10.5117
7973363	5.552121
7973369	3.509909
7973371	6.8081
7973377	6.46054
7973384	8.317122
7973393	5.668779
7973403	5.141756
7973414	5.979236
7973427	5.310654
7973433	6.754902
7973444	4.688468
7973446	3.920605
7973448	6.279052
7973458	6.458332
7973468	5.875184
7973510	5.203303
7973530	6.43781
7973545	7.643304
7973564	8.290335
7973580	6.020401
7973584	6.898339
7973611	5.467297
7973613	6.025116
7973618	8.44105
7973629	6.759562
7973652	5.485182
7973660	8.402637
7973679	6.168714
7973694	6.054607
7973702	5.596488
7973709	6.242864
7973724	8.169869
7973727	7.24011
7973732	7.785417
7973743	3.343584
7973745	6.221471
7973752	3.236832
7973754	2.373349
7973756	5.907776
7973770	6.123637
7973797	4.40789
7973813	4.927529
7973820	2.20324
7973826	4.873377
7973838	2.009644
7973840	8.698776
7973850	4.608583
7973867	8.957041
7973869	2.859085
7973871	11.68491
7973873	4.180368
7973875	3.907853
7973894	4.579135
7973896	11.48385
7973898	6.618633
7973900	3.459697
7973902	9.035868
7973918	5.870409
7973924	6.33055
7973936	8.816071
7973943	5.44722
7973946	3.602958
7973948	4.034468
7973962	4.731687
7973966	6.068175
7973968	3.752959
7973970	5.89941
7973972	5.605504
7973974	9.59817
7973983	3.408814
7973985	4.825247
7974008	4.811909
7974027	4.075295
7974029	3.406147
7974047	4.818164
7974052	2.214682
7974054	4.180525
7974066	8.867565
7974080	3.458791
7974090	6.314193
7974109	4.016224
7974117	4.736646
7974125	6.556967
7974146	5.718132
7974164	3.67178
7974166	4.055002
7974190	6.255155
7974192	2.627899
7974194	5.641695
7974198	5.234419
7974207	6.797133
7974212	4.70384
7974214	4.540812
7974229	8.226041
7974245	2.967972
7974247	2.62812
7974249	9.516437
7974253	7.122459
7974255	7.135806
7974257	5.616938
7974270	6.972588
7974288	5.636477
7974303	7.45654
7974314	4.560795
7974316	5.629072
7974337	3.095018
7974339	5.305664
7974341	5.594185
7974352	7.091996
7974363	4.910152
7974366	4.748255
7974372	4.378832
7974380	8.833408
7974387	7.388731
7974402	3.510895
7974404	2.770225
7974418	4.071485
7974425	5.658376
7974445	3.815022
7974447	5.345576
7974455	9.271224
7974461	10.07952
7974471	5.527452
7974473	10.46859
7974479	7.980244
7974481	9.730077
7974483	7.893539
7974531	5.538755
7974533	6.696786
7974542	5.625265
7974562	3.11081
7974564	2.681732
7974566	7.399186
7974576	7.662616
7974585	5.256917
7974587	7.790942
7974603	6.669108
7974617	4.159834
7974619	3.435911
7974621	6.952446
7974647	4.507212
7974653	5.368161
7974687	2.402955
7974689	4.747113
7974695	4.601056
7974697	7.429978
7974725	8.161202
7974737	2.762055
7974771	6.983185
7974781	7.768802
7974793	6.933096
7974799	5.491379
7974811	2.896674
7974814	3.252201
7974816	5.80877
7974835	9.988787
7974851	9.838563
7974870	7.795381
7974882	5.120551
7974895	2.96035
7974900	5.119239
7974902	4.564321
7974912	2.285932
7974914	5.663056
7974916	3.931359
7974920	7.60229
7975045	6.508564
7975066	3.786731
7975068	6.835046
7975076	7.472843
7975081	5.128692
7975095	6.077749
7975113	6.903759
7975121	5.891853
7975136	6.378301
7975154	2.769684
7975167	5.055304
7975191	3.495492
7975203	8.0915
7975222	2.378752
7975224	6.519139
7975238	6.356391
7975268	7.720068
7975282	3.281533
7975284	5.148682
7975292	6.208333
7975309	3.816351
7975311	6.400597
7975324	5.531364
7975344	8.368192
7975354	5.326455
7975361	10.67647
7975368	10.90021
7975386	4.894194
7975390	6.213153
7975406	3.957285
7975408	2.232376
7975410	6.493718
7975412	10.36368
7975416	7.524764
7975453	4.209035
7975455	6.254525
7975457	7.059498
7975459	7.675216
7975482	5.044365
7975506	5.068846
7975521	7.743654
7975545	9.157045
7975562	5.406145
7975595	6.341074
7975598	6.787982
7975602	7.316305
7975607	7.254411
7975613	4.240432
7975616	3.511862
7975626	4.718671
7975630	2.683995
7975632	5.668463
7975645	7.028966
7975661	6.097589
7975676	4.347951
7975687	6.529199
7975694	4.398634
7975696	6.061617
7975702	5.155715
7975705	7.764412
7975713	6.283403
7975725	6.851314
7975747	8.078377
7975760	7.95394
7975770	2.916521
7975772	5.496787
7975779	9.828223
7975787	7.846589
7975793	6.781524
7975799	6.169148
7975813	4.274947
7975815	7.092875
7975851	4.999734
7975863	7.067818
7975876	4.660532
7975889	6.390803
7975901	4.211052
7975924	5.469012
7975926	6.525505
7975932	4.30385
7975956	5.950234
7975971	4.745112
7975976	7.541332
7975987	4.866393
7975989	8.22702
7975995	6.189335
7976000	5.007135
7976012	4.616992
7976037	4.043498
7976053	3.980379
7976055	4.27318
7976057	2.774704
7976059	2.81305
7976061	3.426911
7976063	2.297216
7976065	3.722518
7976067	2.269317
7976069	5.696816
7976073	3.7088
7976080	6.650517
7976084	4.093748
7976101	6.013402
7976126	2.453995
7976128	4.773041
7976146	2.621654
7976148	4.521317
7976152	2.086746
7976154	5.300215
7976156	3.860898
7976158	7.600173
7976160	5.86401
7976182	6.198063
7976187	2.66328
7976189	8.437447
7976200	8.690313
7976216	6.859752
7976239	5.955351
7976241	4.995321
7976243	8.627831
7976261	2.154269
7976263	5.186027
7976292	8.71594
7976307	7.211006
7976322	6.220804
7976333	8.807377
7976336	6.005235
7976350	3.930056
7976402	4.306262
7976407	6.256759
7976412	4.319324
7976425	6.873098
7976436	6.744671
7976443	9.459076
7976451	4.921204
7976481	5.285587
7976488	4.935529
7976496	7.850667
7976506	5.217592
7976512	5.150523
7976515	9.064051
7976523	5.119017
7976544	4.448025
7976552	3.616524
7976554	2.991715
7976556	4.966396
7976560	7.57989
7976567	7.802953
7976571	8.600793
7976578	3.734478
7976598	9.772918
7976621	5.573099
7976635	5.493559
7976642	5.485779
7976646	3.056645
7976648	8.21747
7976667	4.67221
7976669	6.728542
7976681	6.502103
7976698	8.100869
7976724	6.214674
7976726	6.556819
7976744	8.445933
7976755	6.191553
7976766	5.961178
7976778	5.601239
7976783	6.476132
7976795	6.121919
7976804	5.140616
7976806	2.800789
7976808	5.856061
7976810	2.470945
7976812	2.867267
7976814	2.591782
7976816	3.327946
7976818	2.395715
7976826	3.025318
7976828	5.755333
7976830	3.322106
7976832	2.675297
7976834	4.690233
7976836	2.437407
7976838	2.310337
7976840	3.122666
7976842	3.004035
7976844	8.199011
7976846	3.423421
7976848	6.677466
7976850	2.65801
7976852	2.846016
7976854	5.25256
7976856	2.633473
7976858	4.937316
7976863	7.311349
7976874	3.376518
7976876	8.064713
7976957	6.075004
7976967	6.415225
7976976	6.35323
7977003	8.431601
7977016	4.038067
7977018	6.698846
7977033	7.459656
7977046	9.516624
7977058	9.32206
7977075	5.295798
7977077	8.620962
7977103	8.296932
7977105	6.479784
7977117	2.845413
7977119	5.80877
7977125	3.048332
7977127	8.088888
7977149	7.480474
7977161	3.533736
7977201	4.729455
7977203	6.880701
7977214	4.672916
7977216	6.464774
7977234	7.117167
7977241	6.998906
7977249	7.747954
7977270	7.918276
7977273	6.172778
7977288	7.071285
7977294	6.206208
7977296	4.695765
7977299	7.033743
7977319	6.737958
7977331	5.032785
7977340	6.428422
7977344	6.514352
7977371	6.623322
7977373	5.966878
7977397	7.741599
7977409	6.503292
7977418	6.686686
7977432	6.774731
7977435	5.944191
7977438	5.524397
7977440	7.233851
7977445	4.533454
7977447	3.369746
7977450	3.052525
7977452	6.065657
7977454	9.52199
7977456	3.747075
7977472	3.867481
7977474	4.114642
7977476	4.17545
7977478	3.392787
7977480	2.654316
7977482	4.494627
7977497	5.313011
7977507	11.15263
7977511	6.806358
7977567	6.129619
7977571	5.97881
7977584	8.137807
7977592	3.072179
7977596	4.084453
7977598	3.135013
7977606	3.303927
7977609	4.558195
7977611	4.100564
7977613	4.131099
7977615	7.331504
7977621	12.00866
7977642	4.918815
7977646	6.154075
7977653	6.217489
7977655	5.385571
7977657	10.12547
7977674	7.801517
7977693	6.94756
7977732	8.283243
7977734	6.137625
7977736	6.333792
7977749	5.64114
7977761	4.810058
7977767	4.2473
7977771	4.558569
7977773	5.155717
7977775	10.55045
7977780	4.988681
7977782	5.378451
7977784	3.104195
7977786	5.584012
7977801	3.718102
7977803	8.368401
7977820	7.608602
7977841	7.235151
7977854	5.927175
7977868	5.845791
7977879	7.291045
7977888	6.210881
7977906	7.628716
7977928	6.4131
7977933	6.822502
7977951	3.740806
7977953	2.546445
7977955	7.466959
7977965	6.997811
7977978	6.416618
7977987	4.82616
7978019	2.789001
7978021	4.964073
7978054	6.839905
7978056	5.704231
7978059	5.769984
7978064	5.911637
7978066	7.716814
7978093	6.697493
7978103	4.427073
7978107	6.116183
7978114	5.661784
7978123	7.054328
7978132	6.109946
7978166	8.528121
7978174	7.037297
7978187	5.924459
7978192	5.139941
7978201	7.790742
7978208	8.68667
7978222	6.643046
7978239	6.593448
7978260	6.945792
7978272	5.874996
7978285	5.869741
7978312	6.388416
7978329	1.875608
7978331	5.675902
7978335	6.209476
7978343	4.236002
7978351	4.864725
7978360	5.332099
7978366	6.4143
7978376	4.936676
7978389	5.655625
7978391	3.820777
7978401	3.771849
7978403	2.252144
7978405	2.768822
7978407	3.969848
7978428	7.465537
7978449	10.4577
7978492	7.915924
7978527	5.630227
7978534	3.425215
7978536	2.464061
7978538	6.495025
7978542	6.803057
7978544	9.664004
7978553	7.144639
7978558	7.528196
7978568	11.48385
7978570	7.83709
7978586	7.311982
7978595	8.554363
7978626	2.668608
7978628	5.652922
7978644	11.40938
7978653	7.380036
7978662	4.947412
7978664	5.064839
7978666	7.049231
7978676	4.248705
7978686	5.981314
7978690	4.726175
7978692	4.224758
7978704	2.971847
7978706	8.367336
7978710	4.899073
7978712	5.408328
7978718	6.76845
7978739	8.623577
7978748	6.144787
7978754	10.09536
7978756	3.717611
7978760	7.965308
7978766	5.109813
7978776	5.195999
7978793	2.360217
7978795	6.855201
7978801	4.364202
7978822	2.449121
7978824	5.415124
7978831	6.705767
7978833	9.130713
7978838	5.083151
7978846	3.500838
7978866	7.527209
7978905	14.3531
7978911	4.821249
7978917	5.449097
7978923	5.59013
7978932	9.318431
7978956	5.237747
7978970	4.528757
7978997	7.731373
7979031	4.619645
7979033	6.656742
7979042	3.872453
7979044	7.05487
7979085	9.669244
7979108	5.139003
7979125	2.995967
7979127	8.837223
7979129	3.054916
7979133	4.49825
7979158	5.005819
7979179	12.75084
7979196	5.494063
7979204	4.229397
7979223	5.527627
7979241	4.504656
7979250	6.631671
7979260	6.587277
7979269	7.363489
7979281	4.817208
7979307	3.829894
7979328	8.074874
7979341	3.305554
7979351	5.317703
7979355	6.735336
7979357	5.681808
7979365	4.548984
7979367	8.267956
7979378	3.942963
7979387	4.683538
7979398	3.669798
7979400	4.112082
7979412	6.601747
7979414	2.923374
7979416	3.992998
7979426	6.321549
7979437	5.24067
7979444	2.73146
7979455	5.707199
7979473	7.521333
7979483	2.309101
7979505	5.922333
7979510	6.941439
7979516	4.958035
7979524	8.176419
7979529	3.234814
7979548	5.780947
7979551	8.24729
7979565	6.021474
7979572	4.824908
7979574	6.931595
7979583	3.921854
7979611	6.329713
7979615	5.464149
7979658	8.872684
7979663	6.274786
7979671	7.189845
7979691	3.660198
7979694	7.902712
7979696	2.494758
7979698	9.40942
7979710	6.498717
7979721	3.666308
7979725	4.217281
7979730	2.083418
7979732	6.734599
7979741	5.083931
7979743	7.218772
7979755	3.152194
7979757	6.938965
7979800	2.233888
7979802	2.765059
7979804	4.706432
7979806	3.34898
7979808	5.524189
7979811	3.541219
7979813	10.30984
7979820	7.277339
7979824	7.748757
7979849	8.352089
7979862	6.754613
7979864	7.343711
7979870	5.255147
7979876	7.401293
7979878	5.427989
7979886	6.457527
7979888	3.919685
7979902	4.119816
7979904	3.920151
7979906	7.650661
7979916	6.248196
7979925	5.303536
7979927	6.382134
7979931	8.430463
7979943	8.249969
7979957	4.391965
7979959	3.561264
7979961	3.540504
7979963	5.220743
7979980	6.308754
7979982	5.061763
7979984	8.779451
7979999	4.329346
7980001	3.702073
7980003	5.849018
7980005	9.046515
7980024	4.727316
7980044	7.871162
7980051	6.37291
7980069	5.95027
7980080	7.586602
7980096	3.210834
7980098	6.754691
7980113	4.747224
7980115	6.948359
7980140	6.178448
7980142	5.128966
7980146	9.198134
7980152	5.814537
7980189	8.159558
7980213	4.019564
7980219	5.680707
7980233	6.125739
7980246	5.309595
7980265	4.426633
7980271	8.233597
7980296	8.742951
7980304	3.964332
7980306	3.998536
7980309	8.410771
7980316	4.589774
7980327	6.381678
7980338	7.520452
7980344	5.721948
7980350	3.317971
7980352	5.986387
7980358	5.216403
7980381	6.229603
7980390	5.382884
7980401	2.408284
7980403	6.927922
7980425	6.596069
7980438	7.164068
7980452	5.3487
7980454	5.475438
7980463	7.760928
7980477	5.603722
7980481	2.907753
7980485	6.389895
7980496	4.949378
7980523	8.475028
7980535	9.598938
7980537	5.276407
7980547	8.048779
7980574	2.541908
7980576	2.323512
7980578	2.078905
7980580	7.13781
7980603	3.367743
7980605	4.579946
7980616	6.433916
7980636	4.545335
7980680	7.292058
7980688	2.213594
7980690	5.841164
7980700	5.579527
7980702	5.629374
7980718	2.856051
7980720	5.940634
7980742	4.264309
7980744	6.892919
7980765	5.63063
7980773	6.153751
7980828	7.588599
7980833	7.910013
7980859	6.832179
7980861	6.743546
7980889	5.9126
7980891	10.49672
7980906	6.428788
7980908	5.35836
7980923	6.978449
7980940	7.339457
7980955	6.624721
7980958	9.281481
7980970	6.353689
7980983	7.59191
7980990	6.361931
7980998	7.124317
7981011	5.973987
7981013	5.635788
7981020	5.070842
7981032	7.680774
7981046	6.873229
7981051	5.345061
7981059	4.880175
7981065	4.563757
7981068	8.829194
7981078	6.111684
7981084	4.386565
7981098	4.537013
7981106	6.388575
7981111	8.216362
7981142	6.651379
7981157	5.177297
7981161	6.099985
7981181	6.78372
7981183	4.547305
7981190	3.049597
7981192	6.57806
7981215	4.875083
7981217	6.215047
7981233	5.542924
7981235	5.001678
7981237	3.410921
7981240	4.632497
7981242	6.179598
7981249	7.398186
7981266	6.922917
7981273	6.339491
7981278	8.558076
7981283	7.478343
7981288	3.918713
7981290	7.649395
7981309	5.339432
7981317	6.920215
7981320	5.775987
7981322	4.356334
7981324	2.514743
7981326	7.271303
7981333	7.746144
7981335	12.30063
7981346	5.362066
7981364	5.633578
7981373	3.856941
7981375	2.428106
7981377	7.41283
7981383	8.449375
7981385	3.157374
7981387	8.101479
7981425	6.687275
7981427	8.361091
7981439	6.719936
7981447	5.91658
7981460	8.109831
7981481	6.686601
7981488	7.711089
7981490	6.921008
7981494	8.176643
7981512	6.744171
7981514	7.073641
7981523	5.873414
7981525	7.025834
7981530	5.537511
7981538	6.379733
7981566	6.186322
7981573	6.359749
7981601	5.379358
7981708	5.859104
7981714	6.548584
7981718	5.078672
7981720	6.577631
7981722	8.460134
7981724	7.284282
7981726	2.771164
7981728	5.719828
7981730	7.412107
7981732	5.334235
7981737	7.579855
7981740	6.637782
7981742	6.31872
7981745	4.404412
7981748	2.264034
7981750	5.295133
7981752	5.83149
7981771	6.598448
7981773	5.043217
7981775	5.832281
7981777	5.354203
7981781	4.082204
7981783	2.489961
7981785	3.085514
7981787	4.915065
7981798	4.994682
7981824	8.902208
7981859	5.61377
7981872	8.43679
7981874	6.127186
7981893	6.598448
7981895	5.819401
7981909	6.891441
7981911	5.483736
7981917	6.155814
7981919	6.304636
7981943	4.186562
7981945	3.216449
7981947	4.553016
7981949	6.276751
7981951	5.726649
7981953	8.826116
7981955	6.064423
7981958	7.202858
7981960	4.217316
7981962	7.202858
7981964	8.237505
7981966	8.826116
7981968	2.740411
7981970	3.889601
7981972	3.388819
7981974	2.755513
7981976	8.467693
7981978	9.934496
7981980	2.060322
7981982	9.527572
7981984	2.462732
7981986	9.527572
7981988	8.129519
7981990	4.696034
7981992	2.439123
7981994	4.348181
7981996	8.179914
7981998	4.590312
7982000	3.333126
7982002	3.367575
7982004	3.605027
7982006	4.124299
7982008	4.253815
7982010	2.595952
7982012	2.328643
7982014	2.189727
7982016	4.77032
7982018	4.40845
7982020	2.573375
7982022	2.20398
7982024	4.77032
7982026	2.638848
7982028	4.849489
7982030	4.77032
7982032	4.253815
7982034	2.492713
7982036	2.198604
7982038	4.253815
7982040	3.208864
7982042	3.208864
7982044	3.208864
7982046	4.186037
7982048	2.235214
7982050	4.688098
7982052	2.605332
7982054	4.060248
7982056	3.994783
7982058	4.821419
7982060	2.619655
7982062	2.179753
7982064	4.849489
7982066	3.345663
7982068	2.568092
7982070	4.244945
7982072	2.520932
7982074	2.244332
7982076	2.679946
7982078	4.849489
7982080	2.201008
7982082	2.675601
7982084	5.341907
7982086	2.275969
7982088	2.165239
7982090	4.474325
7982092	4.849489
7982094	3.965336
7982096	2.843996
7982098	4.553016
7982100	3.65739
7982102	5.334009
7982117	3.793236
7982127	4.836882
7982129	10.80335
7982131	5.80741
7982152	6.528931
7982154	7.235847
7982185	6.963303
7982187	4.907701
7982204	8.977808
7982206	6.074024
7982228	9.517437
7982230	5.33305
7982248	4.176394
7982250	9.517437
7982252	4.391046
7982254	4.922434
7982256	6.489307
7982267	9.43563
7982269	4.162153
7982271	4.610345
7982282	10.61648
7982284	7.537053
7982287	5.035705
7982290	5.461337
7982292	2.628864
7982294	3.682739
7982299	5.8012
7982307	10.61648
7982309	5.336721
7982326	7.421643
7982333	4.989296
7982335	5.191844
7982337	3.882596
7982339	5.644452
7982341	6.576468
7982348	6.243733
7982350	6.602224
7982356	10.39858
7982358	4.056412
7982366	3.835798
7982375	4.05696
7982377	5.466313
7982388	2.274718
7982390	2.237045
7982392	4.47916
7982495	3.195516
7982497	4.702043
7982504	6.591141
7982507	9.31302
7982514	5.256071
7982516	5.320624
7982527	2.665181
7982529	7.217131
7982531	9.031179
7982533	2.5731
7982535	6.601696
7982550	3.872422
7982552	2.97336
7982564	5.768359
7982574	4.790217
7982587	6.210296
7982591	2.300173
7982593	2.934945
7982597	7.312714
7982620	6.019052
7982661	3.729056
7982663	4.256321
7982688	5.601026
7982703	6.002796
7982712	5.728564
7982723	6.854552
7982738	6.807182
7982745	6.702129
7982753	5.046565
7982757	3.930614
7982792	3.762086
7982805	6.69294
7982810	7.469769
7982812	6.645009
7982829	10.73803
7982845	8.105324
7982854	5.780853
7982868	10.48736
7982876	4.944542
7982878	11.46096
7982889	4.802639
7982904	7.475991
7982927	5.430573
7982938	6.090831
7982955	2.110347
7982957	5.849409
7982985	8.039821
7983021	7.010108
7983051	4.988429
7983054	5.878014
7983111	9.060072
7983123	5.460875
7983132	4.888588
7983143	4.356633
7983145	5.019211
7983157	6.943322
7983173	8.674363
7983189	2.519367
7983191	4.452711
7983206	5.632876
7983228	5.245555
7983239	7.755921
7983254	2.884963
7983256	7.755921
7983272	2.884963
7983274	10.23196
7983290	7.207745
7983298	6.693627
7983306	5.011756
7983321	8.144371
7983335	7.671208
7983350	6.54126
7983360	12.03415
7983365	5.364963
7983377	1.96731
7983379	4.132126
7983381	2.722654
7983391	3.085531
7983393	9.499158
7983405	11.3677
7983413	7.364031
7983447	4.752696
7983469	5.766222
7983478	10.11899
7983490	6.059556
7983500	4.146566
7983502	7.528544
7983512	8.090778
7983523	2.619399
7983527	4.897175
7983553	3.656979
7983564	4.209
7983594	5.805366
7983606	7.463866
7983614	3.53619
7983616	6.251611
7983630	3.886061
7983638	3.230659
7983648	6.268708
7983650	5.698547
7983661	3.097743
7983663	6.946736
7983677	5.306243
7983679	6.457529
7983704	4.65908
7983718	2.793278
7983734	4.516084
7983744	11.00481
7983761	7.056991
7983763	9.694531
7983771	4.19732
7983773	4.032561
7983775	1.818695
7983777	3.371843
7983779	4.270811
7983811	5.18825
7983826	4.496813
7983828	3.944394
7983841	2.407534
7983843	7.944164
7983867	9.101325
7983890	10.2283
7983910	9.886287
7983922	5.170896
7983924	3.268052
7983926	3.659765
7983928	3.509479
7983938	6.554919
7983940	6.681423
7983951	4.848474
7983953	7.316248
7983969	4.892717
7983979	5.458355
7983985	4.438043
7983987	5.91067
7983989	3.123333
7983991	4.986512
7984001	11.41422
7984008	2.826395
7984011	6.021741
7984014	5.135646
7984016	5.923388
7984019	5.103481
7984077	2.136226
7984079	7.033711
7984103	6.72892
7984112	8.753088
7984124	6.354744
7984132	8.404421
7984152	4.971106
7984155	7.716171
7984174	5.813944
7984188	4.077853
7984190	8.027063
7984203	6.803185
7984213	3.709776
7984215	2.989655
7984217	8.418973
7984227	5.916921
7984245	5.501401
7984253	5.819332
7984255	2.736998
7984257	6.378959
7984259	4.68009
7984261	4.11365
7984263	7.472424
7984276	5.552835
7984289	10.57203
7984298	5.365242
7984317	2.761559
7984319	9.567521
7984330	4.829418
7984353	6.43863
7984364	9.935282
7984380	4.625328
7984405	5.373901
7984408	5.804545
7984436	6.886749
7984453	9.280272
7984470	8.81772
7984475	4.881168
7984488	4.18857
7984511	3.947907
7984517	7.765945
7984524	4.46771
7984538	5.872416
7984540	5.721238
7984562	10.13056
7984567	2.75913
7984569	5.02428
7984588	6.067893
7984606	5.481583
7984620	9.573429
7984624	4.024796
7984626	6.056808
7984631	4.916047
7984635	3.027463
7984641	9.27622
7984660	7.937187
7984662	5.583635
7984684	6.248294
7984686	6.022535
7984704	6.892405
7984736	3.137662
7984743	6.918331
7984759	5.673371
7984771	6.812052
7984779	6.945766
7984799	6.478097
7984802	5.523004
7984813	4.654804
7984819	5.925251
7984843	5.62225
7984846	6.930118
7984862	6.330442
7984871	7.619037
7984892	6.055105
7984908	5.369578
7984914	4.718815
7984922	6.849298
7984932	5.542589
7984943	6.976336
7984952	8.073021
7984961	5.776017
7984983	6.248294
7984985	6.529926
7984987	6.248294
7984989	6.568903
7985001	5.966391
7985016	9.053515
7985023	6.122862
7985025	4.338
7985030	7.346294
7985032	4.020297
7985034	7.036453
7985037	3.464924
7985039	6.37452
7985044	7.554599
7985053	6.794065
7985066	5.874885
7985080	5.896586
7985087	2.331677
7985089	7.253744
7985099	5.915954
7985117	5.508862
7985119	6.411678
7985130	4.661865
7985134	7.994489
7985147	10.61377
7985159	5.19712
7985166	8.695983
7985192	5.665696
7985200	4.537898
7985202	8.554351
7985213	4.344638
7985221	8.161951
7985224	7.201059
7985226	8.551661
7985233	5.569229
7985236	5.049488
7985238	4.776565
7985240	8.783834
7985248	4.836084
7985253	5.587691
7985257	6.880502
7985259	10.07597
7985266	6.560959
7985268	5.57412
7985285	5.570622
7985310	8.683041
7985317	5.436686
7985349	7.545114
7985352	4.510418
7985364	6.443827
7985398	3.870027
7985402	7.185465
7985409	7.874052
7985416	5.088317
7985418	6.337792
7985431	8.492122
7985442	6.143324
7985444	7.284736
7985450	7.874052
7985457	5.088317
7985459	6.337792
7985472	7.539858
7985480	3.207145
7985482	7.330876
7985488	7.236895
7985493	5.291491
7985507	6.312379
7985522	4.565866
7985553	2.166912
7985555	6.882097
7985560	4.553033
7985562	7.649355
7985569	6.035341
7985571	8.380666
7985577	5.957127
7985587	5.923464
7985605	7.316357
7985620	7.132943
7985636	5.01724
7985662	6.74951
7985688	5.088317
7985690	6.14305
7985695	8.891249
7985741	3.583508
7985752	3.156883
7985757	6.980413
7985765	3.830802
7985767	6.269465
7985777	7.471531
7985786	5.348106
7985809	9.502818
7985829	4.963605
7985871	3.902316
7985873	4.725763
7985898	3.569494
7985918	6.569852
7985920	7.173759
7985924	8.569157
7985932	4.161705
7985934	7.517845
7985959	4.94967
7985963	4.63674
7985981	4.816966
7985983	7.535023
7985997	6.419322
7985999	5.552082
7986001	8.742231
7986004	6.557179
7986010	9.781706
7986049	6.281644
7986068	4.731514
7986092	7.436551
7986110	6.267193
7986132	6.703757
7986160	7.080353
7986186	6.362466
7986195	3.813183
7986214	7.373843
7986229	5.315721
7986239	3.477212
7986246	7.064218
7986248	7.135565
7986250	9.583912
7986291	4.503357
7986293	6.621598
7986323	8.028188
7986327	7.467107
7986329	6.745899
7986336	5.184275
7986338	4.462139
7986340	4.130356
7986348	4.757065
7986350	7.324647
7986359	7.775283
7986383	7.11657
7986385	6.2286
7986394	6.441986
7986407	4.035564
7986411	7.693563
7986426	5.782808
7986428	5.564075
7986433	6.985969
7986442	5.930786
7986444	6.137879
7986446	10.44975
7986463	5.981619
7986501	3.832439
7986503	6.765826
7986509	6.547593
7986512	6.547593
7986515	6.015107
7986517	6.003898
7986520	6.398448
7986522	6.003898
7986525	6.015107
7986527	6.547593
7986530	3.581453
7986532	2.799171
7986534	3.59595
7986536	3.462602
7986541	7.407356
7986561	6.530726
7986563	3.167543
7986565	5.768048
7986567	5.161139
7986569	7.528429
7986598	4.03055
7986601	7.88216
7986603	4.101787
7986605	3.684961
7986627	2.743117
7986629	4.521932
7986633	5.161139
7986637	4.371818
7986639	5.696974
7986642	6.1776
7986661	6.528931
7986665	8.535054
7986675	5.612398
7986685	6.963303
7986687	6.588366
7986701	7.746669
7986736	4.195116
7986739	7.88216
7986741	4.276814
7986744	5.82682
7986755	5.063031
7986757	5.232725
7986763	3.4103
7986765	10.65633
7986767	4.288462
7986769	7.658334
7986789	4.902074
7986820	5.270153
7986822	6.29606
7986836	4.865969
7986838	5.559193
7986863	6.291959
7986922	5.80741
7986943	6.528931
7986945	9.173473
7986947	5.597035
7986960	5.638436
7986969	6.010961
7986975	3.454447
7986977	9.993933
7987010	4.866372
7987012	6.094179
7987025	4.162153
7987027	6.377409
7987046	10.39858
7987048	6.352925
7987066	3.843336
7987068	4.822163
7987097	6.423807
7987099	6.318399
7987110	4.922434
7987112	9.517437
7987114	5.313069
7987135	2.144361
7987137	10.39858
7987139	6.602224
7987145	6.843017
7987163	4.867867
7987165	4.819963
7987172	8.277189
7987180	9.031807
7987192	10.57697
7987225	8.282817
7987230	9.196584
7987248	6.747221
7987279	6.774415
7987308	2.384901
7987310	6.859713
7987315	5.084227
7987325	8.317647
7987361	6.031458
7987365	5.037755
7987369	4.256567
7987379	3.676617
7987381	6.680499
7987385	7.986437
7987403	5.297441
7987405	7.015712
7987426	3.26584
7987439	5.507292
7987449	9.255978
7987454	6.641707
7987464	2.061763
7987466	5.99544
7987468	2.088451
7987470	2.092558
7987472	6.415736
7987475	6.147873
7987511	6.945515
7987526	6.217114
7987534	2.351817
7987536	7.250982
7987554	6.118216
7987565	5.556258
7987572	11.45956
7987574	7.729136
7987584	6.512789
7987623	3.703333
7987634	4.713273
7987636	4.386273
7987642	6.582147
7987648	2.110647
7987650	5.745243
7987675	5.663445
7987701	6.254596
7987772	9.348619
7987780	4.037099
7987792	6.441927
7987815	6.012296
7987840	8.518049
7987869	8.375546
7987892	8.173882
7987916	6.837619
7987926	2.712653
7987928	6.166558
7987960	6.046704
7987981	6.105187
7988031	9.024632
7988033	5.7188
7988050	6.108242
7988064	5.359175
7988077	5.523496
7988082	6.400597
7988091	5.059927
7988093	6.964455
7988124	6.538235
7988132	5.732415
7988163	4.468718
7988175	2.076913
7988177	5.887265
7988206	2.076913
7988208	5.263258
7988212	5.059167
7988227	5.118211
7988245	7.289473
7988258	1.788158
7988260	4.416347
7988281	10.22866
7988283	7.553326
7988286	7.891921
7988327	5.484225
7988342	4.438437
7988344	4.896832
7988346	6.470444
7988348	2.314777
7988350	12.94049
7988380	7.960959
7988400	6.168756
7988410	3.385082
7988412	4.087596
7988414	7.243996
7988424	6.283285
7988426	4.864008
7988438	2.29736
7988440	2.810117
7988442	4.155191
7988444	5.349696
7988465	3.843383
7988467	4.177724
7988537	4.158852
7988563	3.776732
7988581	10.23853
7988601	3.858932
7988605	8.41297
7988623	5.317037
7988625	3.416066
7988644	5.686704
7988672	4.448399
7988685	5.592649
7988687	6.97147
7988703	2.766773
7988705	3.698966
7988713	6.654376
7988753	9.617361
7988763	5.293352
7988767	3.527137
7988789	6.407104
7988833	6.193706
7988838	6.802957
7988852	5.376977
7988859	6.767351
7988876	7.850662
7988921	5.500114
7988963	7.715033
7988970	10.8349
7988987	7.228302
7988990	3.717992
7989013	6.798713
7989023	7.818692
7989037	6.146007
7989055	4.028764
7989069	4.635188
7989073	5.162007
7989094	4.100785
7989126	4.113648
7989128	8.114851
7989130	4.171787
7989132	6.04011
7989144	4.028496
7989146	2.637931
7989157	3.095569
7989159	5.818045
7989193	3.349318
7989195	6.055328
7989197	2.770395
7989199	5.583232
7989216	3.596512
7989218	6.955848
7989220	3.626316
7989224	10.41588
7989243	5.194915
7989245	6.899548
7989249	5.96044
7989251	6.888123
7989253	7.916725
7989277	8.947894
7989307	3.960381
7989309	4.899073
7989311	3.898466
7989313	3.262686
7989315	6.633488
7989323	8.14358
7989335	10.64643
7989347	6.23805
7989365	6.960693
7989387	7.601495
7989473	6.786906
7989476	4.50148
7989487	5.859666
7989489	6.548501
7989491	6.439925
7989493	7.175598
7989501	6.454176
7989516	6.67118
7989596	7.6034
7989611	7.200386
7989617	4.655169
7989619	8.529476
7989628	5.035569
7989647	3.695176
7989657	3.849102
7989659	3.339573
7989661	7.397177
7989670	6.648577
7989680	6.156807
7989696	8.546725
7989708	5.982689
7989718	5.711527
7989725	6.922771
7989735	8.998276
7989750	4.737896
7989759	5.741204
7989768	4.490922
7989770	6.453695
7989785	5.381009
7989806	7.036516
7989832	2.287985
7989834	7.506327
7989849	7.241341
7989883	4.493718
7989885	5.647712
7989887	5.818618
7989915	6.464931
7989922	3.288034
7989924	6.179801
7989932	4.742579
7989937	4.969715
7989951	3.838054
7989953	7.468912
7989968	6.122743
7989975	6.590427
7989985	5.24586
7990020	7.851998
7990027	6.443898
7990029	6.041667
7990031	3.601779
7990033	8.342125
7990054	7.689974
7990078	4.639132
7990080	6.459475
7990086	5.691578
7990090	7.561597
7990092	7.071672
7990138	5.004823
7990151	10.01792
7990165	6.777231
7990191	6.150719
7990211	6.906297
7990227	4.41811
7990231	7.068575
7990244	5.700663
7990253	9.363042
7990269	6.57291
7990273	6.309816
7990283	5.611172
7990307	6.248294
7990309	5.904571
7990333	4.753662
7990345	8.356913
7990361	7.271039
7990377	2.418167
7990379	6.906267
7990391	5.6474
7990400	8.75533
7990417	10.21003
7990429	5.671842
7990436	9.095685
7990442	6.204145
7990452	7.081666
7990457	7.069934
7990487	7.652074
7990511	7.10737
7990528	5.677276
7990540	7.498298
7990545	4.72108
7990555	8.426706
7990564	5.610236
7990566	7.042892
7990582	6.334348
7990616	4.628645
7990618	6.982202
7990620	11.47633
7990632	5.68573
7990636	4.215172
7990643	4.764133
7990652	5.345387
7990654	6.719535
7990657	5.647743
7990672	2.315554
7990674	4.222295
7990683	4.964387
7990700	5.157609
7990712	5.826112
7990714	5.010719
7990729	6.28185
7990736	7.521047
7990755	2.165987
7990757	9.554717
7990774	5.525918
7990808	4.227141
7990810	5.873512
7990815	7.487348
7990818	6.511413
7990825	5.393567
7990827	4.768068
7990830	6.670411
7990839	6.208596
7990848	4.205982
7990873	5.890862
7990879	4.422949
7990892	4.005308
7990894	7.303896
7990898	9.250103
7990902	8.432853
7990914	6.143324
7990916	8.549747
7990922	8.316065
7990928	6.337792
7990941	5.088317
7990943	8.301373
7990949	9.280424
7990952	8.493506
7990963	6.143324
7990965	8.549747
7990971	4.021151
7990987	5.201246
7991017	5.518384
7991019	4.040685
7991034	6.109972
7991047	4.927197
7991049	5.673326
7991057	7.653887
7991070	6.644145
7991080	5.179542
7991086	2.079972
7991088	8.654819
7991104	8.117123
7991106	5.59583
7991110	7.898427
7991120	6.794757
7991126	6.735208
7991138	6.25004
7991143	7.694958
7991153	3.684641
7991155	2.080707
7991157	2.583633
7991159	8.624818
7991169	8.117123
7991171	2.518038
7991173	6.090933
7991182	2.891192
7991184	2.426873
7991186	4.811008
7991209	6.482875
7991214	5.386857
7991216	5.307938
7991224	6.752629
7991234	7.393818
7991246	5.389399
7991258	6.986352
7991283	11.65962
7991296	6.175092
7991313	6.140604
7991323	6.535037
7991332	7.202677
7991335	6.963037
7991357	7.35825
7991367	7.706069
7991374	9.072061
7991386	7.991616
7991395	5.080223
7991399	4.811873
7991401	6.107333
7991406	6.022246
7991425	3.513651
7991427	7.074136
7991451	6.545033
7991453	8.988857
7991459	6.082911
7991465	4.484699
7991467	2.509256
7991469	4.993261
7991478	5.903425
7991485	5.147315
7991501	2.44233
7991503	5.665538
7991512	4.765527
7991516	6.29664
7991540	5.473954
7991542	4.849034
7991546	8.409788
7991562	4.747268
7991564	2.074321
7991566	5.882165
7991577	5.726985
7991581	7.980825
7991587	6.202198
7991598	5.160737
7991602	6.426872
7991630	7.515996
7991638	3.066916
7991640	6.097542
7991661	5.973361
7991663	3.548253
7991665	3.167902
7991668	5.631336
7991695	6.18752
7991714	8.373442
7991722	8.017159
7991731	6.638813
7991735	6.233616
7991742	7.102688
7991750	2.224611
7991754	7.094265
7991758	6.438754
7991762	10.7128
7991766	10.7128
7991770	2.455046
7991772	7.48003
7991777	5.280409
7991779	6.885024
7991800	6.54547
7991809	6.779034
7991815	5.693889
7991828	7.224119
7991835	6.469859
7991837	7.107301
7991846	6.383131
7991860	6.479225
7991877	6.753887
7991893	7.467101
7991898	6.321607
7991904	6.7488
7991917	7.192106
7991927	6.667929
7991932	6.632688
7991939	6.536057
7991989	7.117505
7992010	6.597086
7992021	7.445821
7992032	6.244709
7992038	7.052635
7992043	6.926867
7992049	7.178577
7992071	6.86991
7992092	7.188126
7992121	5.505569
7992125	7.141474
7992140	6.525112
7992145	6.145794
7992147	6.221787
7992181	6.636726
7992191	6.989816
7992197	6.771758
7992205	7.057032
7992219	5.597373
7992255	8.139363
7992269	7.948656
7992271	6.088759
7992293	6.300838
7992302	6.41905
7992337	7.539255
7992347	7.404952
7992379	7.252268
7992388	7.211459
7992396	5.351095
7992402	6.405158
7992409	6.341602
7992414	5.930769
7992439	5.663861
7992447	6.179371
7992460	6.969684
7992463	8.535011
7992474	8.001887
7992516	5.458731
7992518	6.783581
7992529	7.217404
7992552	7.185833
7992568	6.271987
7992584	5.13908
7992594	5.527686
7992614	6.792543
7992632	6.459806
7992639	5.689006
7992646	11.72482
7992656	6.865755
7992670	7.791481
7992678	7.26093
7992682	5.595318
7992685	8.570936
7992692	8.801709
7992716	6.87667
7992722	6.605217
7992732	9.655983
7992737	7.08945
7992744	7.152997
7992756	3.981764
7992758	7.113287
7992775	7.107426
7992782	6.245867
7992789	8.490164
7992795	6.658651
7992811	6.677616
7992828	6.73282
7992843	7.893654
7992845	7.034344
7992854	6.732788
7992861	3.155749
7992863	5.38697
7992865	3.89483
7992867	4.821668
7992870	5.94908
7992877	5.134327
7992887	5.197964
7992889	4.730293
7992891	3.221016
7992893	5.054391
7992895	4.21497
7992897	4.89562
7992905	8.197454
7992917	5.315774
7992934	6.248167
7992954	5.262833
7992956	6.433473
7992967	9.273465
7992973	6.548348
7992987	8.022649
7992996	4.837208
7992998	7.283134
7993017	6.841306
7993019	7.15107
7993024	6.330959
7993035	7.737015
7993054	6.063701
7993071	7.031043
7993083	3.313642
7993108	5.278902
7993110	3.583121
7993112	2.552546
7993114	6.138912
7993126	8.656739
7993146	4.535448
7993148	6.363954
7993157	4.135465
7993159	9.797591
7993165	6.771191
7993167	6.140865
7993179	2.785087
7993181	4.250247
7993183	2.497469
7993185	7.317923
7993195	6.163494
7993223	7.246899
7993248	5.959484
7993255	4.778412
7993257	2.913933
7993259	7.569837
7993265	6.546554
7993267	3.489013
7993274	6.06538
7993281	6.13482
7993296	7.124107
7993298	5.066716
7993310	6.812892
7993335	2.433024
7993337	6.193475
7993339	3.300681
7993341	6.976882
7993349	6.611675
7993359	6.619937
7993369	4.984182
7993371	8.653326
7993404	6.870165
7993433	8.602916
7993451	4.928463
7993453	4.829419
7993458	5.288044
7993467	6.560493
7993478	6.892339
7993511	8.653326
7993546	6.835707
7993580	7.259163
7993586	4.928463
7993588	5.827543
7993606	3.652559
7993608	6.325586
7993622	8.945114
7993624	7.591628
7993632	4.357675
7993638	10.23655
7993664	6.089198
7993680	6.953326
7993713	5.942488
7993726	5.133633
7993737	4.677007
7993754	3.863656
7993756	4.967792
7993774	3.070786
7993776	5.345212
7993798	3.588088
7993800	6.399361
7993807	10.76458
7993815	5.199844
7993821	5.952415
7993825	5.57797
7993831	3.755148
7993833	9.027926
7993846	5.158602
7993848	5.705734
7993872	8.599246
7993889	6.293281
7993898	4.523715
7993935	5.378848
7993946	6.492872
7993973	7.10498
7993999	9.705953
7994006	10.32708
7994026	9.121967
7994052	6.357341
7994058	9.801434
7994074	10.25535
7994091	3.435287
7994093	2.665534
7994095	6.220959
7994102	8.331032
7994109	5.609569
7994123	5.735925
7994131	6.554129
7994152	3.900384
7994161	7.357653
7994187	7.296254
7994216	5.487829
7994235	5.042246
7994237	6.787906
7994252	5.543218
7994260	5.63564
7994265	5.339847
7994267	6.519396
7994269	6.005016
7994280	7.84999
7994292	5.755184
7994308	7.567106
7994339	2.928624
7994341	4.885956
7994343	2.79297
7994345	6.848385
7994350	7.27844
7994353	7.012189
7994362	6.620053
7994371	7.370591
7994386	7.381007
7994415	9.166877
7994445	6.197045
7994463	4.880977
7994487	6.213455
7994506	7.70142
7994518	7.70307
7994535	6.52764
7994541	6.363758
7994559	7.696271
7994565	7.121228
7994570	5.583948
7994572	4.662888
7994576	5.708817
7994582	7.076468
7994603	5.392944
7994609	7.359124
7994615	5.078648
7994620	6.340874
7994637	6.909392
7994647	6.870554
7994655	7.185129
7994659	7.633325
7994675	6.005401
7994683	7.323859
7994692	7.190463
7994715	6.662704
7994730	6.119973
7994737	8.927845
7994756	9.122469
7994769	8.245292
7994781	7.190182
7994804	6.394805
7994813	5.341544
7994817	5.020828
7994824	2.052021
7994826	6.143219
7994858	7.239044
7994874	8.174129
7994889	7.427951
7994926	4.304178
7994928	7.260197
7994939	6.798554
7994961	7.171023
7994967	7.404786
7994981	6.921538
7994985	6.911822
7995007	6.519018
7995017	8.396558
7995030	5.787765
7995033	7.075539
7995040	7.173695
7995055	6.998194
7995069	9.063456
7995088	6.256069
7995096	6.986934
7995128	9.089615
7995161	6.656239
7995193	5.766482
7995206	7.181846
7995222	5.513081
7995237	4.418077
7995242	6.633149
7995252	7.306236
7995258	8.890968
7995263	7.162061
7995267	4.791536
7995275	5.170058
7995282	5.230453
7995292	7.574673
7995306	9.413036
7995308	6.850649
7995310	6.463284
7995312	2.357605
7995320	12.14638
7995322	9.086916
7995324	8.882374
7995326	8.548653
7995328	9.895521
7995330	11.45835
7995332	7.466057
7995334	8.46503
7995336	9.165228
7995338	9.582245
7995340	8.719332
7995342	9.684669
7995344	8.465481
7995346	6.640686
7995348	10.61686
7995350	10.96173
7995352	10.00532
7995354	4.100392
7995362	7.016704
7995377	7.236278
7995379	2.889985
7995382	8.083262
7995417	5.626221
7995419	5.592007
7995421	8.190706
7995438	4.807559
7995440	4.683129
7995442	3.480058
7995448	7.259314
7995456	5.235865
7995477	7.224792
7995479	5.472704
7995492	6.622872
7995525	6.361474
7995539	6.648911
7995552	7.829629
7995574	10.36569
7995580	6.76733
7995583	7.421708
7995627	6.340048
7995629	4.743403
7995631	8.210766
7995655	6.360902
7995668	6.684906
7995674	6.393637
7995681	4.965891
7995697	6.824066
7995712	5.777562
7995714	5.212276
7995729	5.543207
7995739	5.268469
7995755	6.835958
7995772	5.109684
7995776	7.071839
7995783	8.910923
7995787	7.638954
7995793	7.644441
7995797	7.62068
7995803	6.076936
7995806	6.610476
7995813	7.40036
7995820	6.724454
7995825	7.485682
7995829	5.784763
7995834	6.237316
7995838	8.146433
7995843	6.479017
7995866	5.18652
7995868	5.908964
7995895	9.090134
7995907	4.202843
7995926	7.342912
7995976	7.094014
7995994	7.044891
7996012	6.749444
7996022	8.837765
7996027	8.354218
7996034	8.166708
7996041	7.519025
7996051	7.235219
7996064	5.708569
7996081	7.550275
7996100	7.879911
7996117	5.705142
7996137	6.691934
7996160	6.87953
7996164	6.44122
7996174	6.755149
7996185	6.297958
7996198	4.269215
7996211	5.506207
7996219	8.030539
7996239	7.547997
7996241	6.561878
7996252	2.608935
7996256	6.744575
7996258	3.669533
7996260	9.225916
7996264	5.56561
7996281	6.187562
7996286	5.038418
7996288	2.351701
7996290	6.302572
7996313	6.22759
7996318	7.069707
7996331	5.050373
7996341	5.049171
7996345	7.023307
7996361	4.58965
7996377	6.484614
7996393	8.373479
7996403	6.733421
7996423	6.763583
7996430	6.813136
7996448	7.627532
7996455	6.920784
7996468	6.603513
7996490	6.901598
7996498	5.519969
7996516	4.938869
7996546	4.333144
7996563	6.177104
7996569	6.464254
7996571	6.740737
7996593	7.957979
7996608	6.560469
7996647	6.197138
7996651	6.658871
7996654	4.794299
7996675	6.151035
7996677	8.704375
7996685	7.132422
7996715	6.276006
7996720	7.261364
7996725	5.707454
7996744	6.86371
7996759	5.699227
7996761	6.239371
7996772	6.675484
7996785	6.523907
7996805	3.321223
7996807	5.354941
7996819	5.965263
7996837	9.606964
7996860	5.762472
7996879	3.304664
7996883	5.898718
7996891	6.447829
7996908	7.627857
7996917	2.376949
7996919	7.230475
7996934	7.425003
7996943	5.200041
7996945	2.829563
7996947	7.388725
7996954	7.8856
7996976	8.043332
7997008	5.176361
7997010	5.778603
7997025	7.07413
7997032	6.217512
7997048	7.592465
7997059	6.354744
7997072	6.182414
7997099	8.090649
7997128	6.656435
7997135	6.065127
7997137	4.300053
7997139	5.26948
7997152	4.672228
7997158	7.801316
7997164	4.158029
7997166	3.827536
7997168	10.40469
7997179	5.838598
7997188	3.898579
7997192	4.603951
7997197	6.466082
7997226	4.118998
7997228	3.384785
7997230	8.639797
7997239	7.731173
7997245	6.564612
7997247	8.041661
7997257	5.367105
7997264	7.014761
7997272	11.29547
7997281	7.755458
7997289	3.118308
7997319	6.100893
7997321	6.951454
7997332	5.345153
7997336	5.355389
7997346	4.392167
7997352	6.062255
7997374	3.434217
7997381	4.731245
7997396	8.638212
7997401	5.525365
7997414	9.376185
7997427	8.55055
7997453	6.536864
7997489	12.73427
7997491	5.178013
7997498	5.041027
7997500	2.457787
7997502	4.865564
7997504	4.965806
7997520	7.980909
7997525	6.555702
7997533	7.686688
7997542	5.0592
7997556	5.182045
7997569	7.056146
7997582	6.287704
7997593	6.535877
7997626	7.397502
7997633	7.920766
7997642	5.390853
7997662	6.600026
7997676	6.250021
7997680	7.498192
7997702	7.203253
7997712	5.939361
7997724	4.76112
7997726	5.320216
7997731	4.677958
7997733	7.047864
7997735	6.126143
7997738	3.826144
7997740	9.355269
7997746	4.947498
7997755	6.973626
7997765	6.39843
7997767	6.960291
7997779	7.548948
7997801	7.399057
7997808	6.479548
7997810	6.497323
7997827	6.381246
7997829	5.150475
7997832	6.334294
7997839	5.130776
7997852	6.414629
7997861	3.566764
7997863	5.724631
7997875	5.467628
7997880	6.250785
7997896	5.328566
7997904	7.123447
7997907	5.31523
7997909	6.654688
7997933	6.336245
7997940	6.256457
7997942	6.248552
7997962	5.957152
7997976	5.244325
7997982	6.27846
7998002	6.344319
7998015	7.07292
7998033	8.883453
7998053	5.57531
7998055	6.40228
7998063	6.749673
7998072	6.93922
7998083	5.766054
7998103	6.109468
7998115	7.15777
7998117	6.732832
7998119	7.772697
7998129	7.282503
7998136	7.702092
7998157	6.339872
7998174	7.220115
7998190	5.620766
7998211	6.89794
7998222	7.665513
7998233	8.225677
7998249	4.882855
7998251	6.844336
7998265	8.541271
7998267	7.387884
7998280	6.621655
7998297	6.927897
7998307	6.300269
7998336	5.582766
7998351	7.166477
7998367	6.42217
7998374	6.782768
7998381	6.402858
7998392	5.455522
7998399	6.116794
7998405	7.833681
7998407	6.057551
7998414	6.418579
7998427	5.859583
7998434	6.644664
7998444	8.003412
7998449	7.253597
7998457	6.749913
7998466	6.992538
7998485	5.804578
7998494	6.315611
7998510	6.880972
7998538	6.404174
7998542	6.16617
7998577	6.778255
7998585	7.258577
7998590	8.78141
7998601	6.982378
7998604	7.79286
7998615	2.444349
7998629	6.147723
7998634	7.475021
7998637	8.403402
7998643	6.252395
7998655	10.01566
7998664	7.838056
7998666	7.414618
7998668	6.685303
7998679	6.722919
7998692	7.90434
7998700	5.964039
7998722	7.2247
7998724	5.939343
7998749	7.383135
7998759	6.816875
7998762	7.627355
7998774	8.089271
7998784	5.833445
7998817	6.25109
7998820	5.444758
7998825	8.539108
7998835	7.583923
7998843	12.13274
7998852	8.855324
7998861	6.225127
7998872	7.055102
7998878	11.52984
7998886	5.829598
7998898	4.275562
7998902	7.035006
7998910	8.626736
7998921	5.530836
7998927	6.005324
7998929	5.889092
7998931	6.503956
7998940	6.990804
7998952	5.207291
7998959	2.779546
7998961	3.051456
7998963	2.203177
7998965	5.643014
7998967	5.867989
7998978	5.386068
7998983	5.79763
7999008	6.475256
7999023	4.409508
7999025	7.298536
7999044	8.251945
7999079	7.873537
7999093	4.676786
7999102	5.999518
7999112	6.792108
7999120	6.994597
7999149	7.268147
7999160	6.558044
7999173	7.085897
7999177	5.858968
7999196	6.314983
7999206	4.779066
7999217	7.242824
7999233	8.260844
7999253	11.08997
7999279	6.539497
7999291	6.200945
7999304	6.962226
7999315	2.603458
7999317	5.602587
7999319	9.054957
7999326	8.99505
7999356	4.381439
7999360	8.414255
7999362	9.080198
7999364	4.976633
7999384	5.946926
7999387	10.20408
7999396	3.998985
7999404	2.586192
7999406	6.10037
7999408	2.792988
7999410	2.476223
7999412	4.861532
7999419	4.983171
7999423	6.73188
7999427	4.486122
7999431	6.559493
7999433	5.727595
7999435	5.713747
7999440	5.158766
7999447	5.963603
7999468	11.79415
7999476	8.231752
7999478	7.437651
7999496	7.2247
7999520	6.992947
7999532	8.628959
7999547	3.670653
7999550	5.083056
7999553	8.153923
7999560	2.582244
7999562	7.140986
7999588	5.716062
7999591	7.320666
7999594	4.928463
7999596	8.118081
7999598	7.113378
7999608	6.069736
7999614	6.373499
7999634	5.880908
7999642	8.758866
7999674	4.852263
7999718	5.555823
7999725	4.877912
7999727	5.819993
7999750	4.928463
7999752	6.544433
7999754	7.073626
7999766	7.432224
7999769	6.844435
7999791	8.653326
7999827	8.925424
7999834	10.57525
7999841	8.439723
7999884	6.52183
7999886	5.971314
7999889	7.698651
7999903	6.254831
7999909	6.539945
7999916	7.354671
7999920	5.36947
7999936	5.728211
7999952	3.899901
7999965	5.075781
7999981	4.812318
7999999	2.606179
8000001	3.145274
8000003	6.421264
8000013	6.03928
8000028	8.752503
8000034	4.471925
8000097	3.973785
8000117	8.901909
8000131	9.160794
8000156	9.792723
8000167	10.15259
8000184	7.982117
8000192	7.491992
8000200	6.996418
8000205	9.14588
8000217	10.79826
8000222	9.705953
8000229	3.534869
8000236	6.331038
8000244	5.921252
8000263	6.184936
8000284	7.537378
8000310	6.093991
8000323	6.137716
8000329	5.794335
8000346	6.911983
8000369	2.388099
8000371	5.034559
8000375	7.341695
8000399	4.469759
8000407	3.55703
8000409	8.924948
8000411	4.5956
8000413	6.552061
8000425	7.874431
8000465	4.147357
8000467	5.901041
8000480	5.072336
8000482	8.243325
8000501	7.742822
8000507	9.166877
8000537	7.752774
8000543	8.170265
8000567	6.719423
8000574	7.252338
8000582	5.036922
8000590	5.950482
8000600	7.086529
8000603	8.210896
8000614	2.355608
8000616	6.846946
8000632	6.226879
8000634	3.472791
8000636	8.217966
8000638	10.2364
8000649	6.253699
8000651	9.714299
8000676	9.194913
8000687	9.28191
8000690	6.253699
8000692	9.144638
8000702	6.28296
8000706	8.267897
8000716	6.137252
8000738	5.777651
8000746	5.909895
8000748	5.246534
8000757	5.621548
8000772	6.490759
8000779	5.811954
8000791	8.8996
8000799	7.789249
8000811	9.086222
8000823	9.698852
8000834	10.15992
8000848	7.943081
8000856	6.237914
8000869	6.139843
8000882	5.743031
8000884	7.747287
8000890	8.075761
8000897	7.255262
8000899	6.6764
8000903	7.523637
8000906	6.618237
8000910	6.35835
8000917	6.379391
8000924	6.255808
8000928	4.060203
8000930	2.997655
8000932	5.56349
8000941	6.211703
8000945	7.019838
8000948	7.259955
8000957	5.286478
8000963	5.791788
8000974	6.114886
8000978	6.082604
8000998	8.167328
8001007	11.36752
8001014	6.686982
8001030	6.763674
8001037	4.52865
8001041	6.761337
8001046	6.407452
8001048	6.97296
8001064	3.388072
8001067	6.800808
8001070	2.218905
8001072	5.230453
8001082	7.551884
8001099	6.942372
8001102	6.939044
8001104	6.555579
8001108	6.981536
8001111	8.814169
8001113	2.913723
8001131	2.741529
8001133	3.914361
8001147	8.746754
8001149	8.587928
8001163	6.052381
8001178	4.887102
8001185	8.083743
8001197	4.772505
8001211	8.750764
8001233	4.416103
8001235	3.900325
8001271	4.681044
8001306	7.416082
8001317	9.069104
8001325	2.276271
8001327	3.219883
8001329	4.681587
8001337	4.388882
8001348	5.211093
8001350	7.369414
8001371	4.700071
8001373	5.614723
8001385	2.691594
8001387	4.574144
8001394	6.285443
8001402	3.02922
8001410	7.072875
8001423	3.800327
8001449	7.319335
8001455	5.752447
8001457	8.630181
8001464	4.748334
8001477	7.869936
8001496	8.425724
8001507	6.34358
8001529	8.911088
8001531	8.824882
8001535	3.156559
8001537	7.281076
8001547	8.365479
8001552	6.038829
8001564	6.533673
8001576	6.238596
8001587	9.017757
8001615	6.161737
8001651	6.309081
8001656	3.53356
8001658	7.353172
8001666	7.447475
8001680	5.934902
8001682	4.752728
8001691	2.141595
8001693	10.89621
8001746	7.499913
8001748	8.51731
8001750	5.930735
8001764	8.47977
8001776	4.598468
8001780	2.837108
8001782	6.816785
8001784	4.161986
8001798	4.101986
8001800	4.59546
8001816	6.73112
8001818	6.292758
8001830	6.343418
8001841	8.550392
8001858	2.830845
8001876	5.808548
8001898	6.539524
8001918	5.095871
8001924	7.709857
8001932	5.732756
8001938	8.367773
8001946	6.067176
8001953	6.055848
8001971	6.413644
8001981	5.897602
8002005	4.733407
8002018	3.825457
8002020	6.120958
8002027	5.59198
8002029	5.602864
8002041	9.843679
8002051	6.123496
8002057	5.69699
8002072	6.636137
8002082	7.00624
8002087	8.023221
8002102	5.847791
8002104	5.875175
8002121	6.494267
8002133	6.425987
8002143	6.350717
8002152	6.048857
8002181	6.066332
8002194	6.794858
8002209	6.459495
8002211	5.63328
8002216	2.167385
8002218	7.704829
8002237	7.064895
8002245	6.759307
8002249	6.377095
8002260	2.970073
8002262	6.830671
8002264	2.65445
8002266	7.903905
8002270	6.839186
8002272	7.336363
8002283	5.025969
8002289	7.424125
8002301	4.438974
8002303	6.509901
8002312	5.644428
8002320	2.825951
8002322	7.841749
8002333	9.51117
8002342	6.285944
8002344	7.785481
8002347	7.035554
8002370	6.760972
8002379	6.583088
8002381	7.448135
8002403	5.965547
8002421	6.33712
8002444	6.04247
8002446	4.211294
8002470	5.279739
8002481	4.307154
8002492	4.689167
8002523	6.167594
8002533	5.346166
8002547	5.646088
8002556	4.215686
8002571	5.008027
8002590	4.795022
8002592	9.859586
8002618	5.060869
8002629	3.88691
8002660	6.58267
8002667	4.443897
8002692	6.985532
8002706	5.355186
8002711	7.62927
8002713	6.180454
8002729	8.121921
8002758	3.283357
8002760	3.667029
8002762	6.592487
8002778	5.986753
8002792	6.32152
8002802	6.698226
8002830	5.784543
8002845	6.948514
8002854	7.441909
8002865	7.116283
8002878	9.038215
8002882	5.956722
8002891	5.585822
8002897	5.165229
8002904	7.09794
8002919	7.793607
8002937	7.902566
8002939	5.670948
8002941	4.484412
8002967	4.304679
8002969	6.726847
8002975	5.877751
8002987	5.906157
8002992	4.695856
8002999	6.265767
8003007	5.131912
8003056	4.683391
8003060	5.977367
8003066	6.048599
8003068	5.293434
8003075	5.265886
8003077	5.417354
8003087	6.439767
8003089	8.160507
8003116	6.784317
8003125	6.437662
8003145	5.558232
8003149	5.607946
8003156	5.848264
8003158	7.005164
8003171	8.507898
8003180	7.651022
8003193	6.838768
8003204	4.574932
8003210	6.749602
8003217	6.003002
8003228	2.887904
8003230	5.728588
8003233	6.100943
8003243	6.490684
8003249	6.465468
8003263	5.172012
8003283	5.846868
8003298	8.143991
8003313	4.169376
8003318	4.721075
8003322	7.193209
8003332	6.991704
8003344	7.217043
8003348	6.596939
8003357	8.116817
8003401	6.531212
8003410	6.977981
8003425	6.657358
8003444	6.852371
8003448	7.199625
8003465	8.023451
8003467	8.579782
8003478	6.82073
8003484	6.595046
8003503	5.471215
8003553	5.470822
8003560	7.134939
8003566	4.144513
8003571	5.458287
8003576	3.63534
8003578	5.153547
8003583	6.338492
8003601	6.28296
8003605	4.314611
8003607	5.705688
8003611	6.890803
8003619	4.962044
8003621	6.492094
8003627	7.602254
8003633	6.257346
8003635	5.838445
8003639	5.983507
8003656	5.425812
8003667	5.458523
8003679	7.16572
8003700	6.969172
8003719	6.618426
8003722	5.584919
8003733	6.8256
8003758	8.416833
8003769	6.353277
8003771	6.610731
8003773	7.534198
8003800	5.506284
8003802	3.72149
8003804	3.81785
8003806	6.014125
8003808	6.070893
8003810	6.401977
8003812	5.089522
8003814	3.747742
8003824	6.292173
8003840	6.633288
8003844	5.032375
8003846	5.435082
8003848	3.309359
8003850	7.219812
8003857	6.88075
8003859	2.897511
8003861	6.488397
8003875	12.23526
8003892	7.103019
8003903	7.947258
8003922	5.854832
8003926	5.735172
8003939	6.239686
8003948	6.766011
8003953	8.515269
8003962	6.977237
8003991	7.209982
8004024	4.49133
8004030	7.390813
8004043	5.515906
8004057	8.041056
8004081	5.701015
8004086	4.099098
8004111	7.070207
8004133	6.539953
8004144	6.748146
8004152	5.687131
8004165	2.498491
8004167	4.997096
8004175	6.466121
8004184	7.974802
8004195	5.495251
8004201	5.357169
8004221	11.25151
8004237	11.35317
8004241	8.036694
8004247	7.6764
8004255	5.547815
8004266	7.565145
8004271	9.049168
8004293	7.042292
8004309	6.244283
8004325	7.016997
8004331	7.610447
8004360	9.473639
8004364	5.183949
8004372	7.21274
8004385	6.269383
8004394	5.520119
8004400	5.778282
8004404	7.562927
8004408	7.077095
8004416	5.81053
8004428	7.468299
8004431	8.742496
8004464	7.313812
8004485	6.83359
8004497	8.767299
8004506	9.694401
8004508	7.57124
8004510	10.20162
8004521	9.262224
8004532	5.054604
8004534	5.423587
8004545	5.764166
8004556	6.245403
8004571	5.944015
8004580	4.607687
8004671	7.79593
8004691	6.627543
8004694	6.327416
8004699	8.362393
8004741	6.24528
8004763	6.251024
8004784	6.604583
8004802	6.200779
8004804	5.982151
8004832	5.746133
8004842	6.653098
8004859	2.105251
8004861	3.914569
8004867	10.11829
8004880	7.387259
8004889	4.3605
8004905	6.422382
8004922	4.671283
8004938	4.634205
8004940	4.156719
8004946	5.265583
8004948	5.762219
8004955	5.712817
8004957	4.815614
8005029	8.532522
8005043	3.893951
8005048	4.361084
8005064	5.614056
8005089	6.522861
8005097	5.476379
8005102	5.184851
8005104	4.194504
8005106	3.066005
8005110	5.083104
8005117	5.480582
8005132	6.234697
8005134	6.24706
8005141	7.173484
8005153	1.895815
8005155	4.753815
8005157	5.717262
8005166	11.89646
8005171	5.572412
8005191	8.221079
8005200	3.399453
8005202	4.497752
8005204	5.418054
8005221	3.011771
8005223	4.94281
8005225	5.198261
8005231	5.653606
8005233	4.259668
8005235	7.816878
8005243	5.496438
8005245	5.921754
8005247	6.615196
8005260	5.958438
8005265	2.72572
8005267	6.55495
8005289	4.667472
8005305	6.118295
8005313	6.395237
8005328	5.591635
8005397	2.768822
8005399	7.830746
8005407	6.570845
8005435	8.513731
8005441	7.764996
8005444	6.580662
8005446	6.452116
8005449	9.799919
8005458	9.691029
8005471	9.627093
8005473	6.150415
8005475	10.49511
8005483	8.175489
8005501	8.862078
8005510	4.455363
8005512	6.774383
8005529	6.027043
8005547	10.15844
8005549	5.381822
8005553	10.15844
8005555	6.273788
8005557	7.656235
8005574	6.374365
8005576	7.009742
8005586	4.612463
8005601	6.475899
8005603	5.101379
8005626	6.939153
8005628	6.191616
8005630	2.50991
8005632	3.585793
8005634	2.857592
8005636	4.186352
8005638	8.574327
8005655	3.403298
8005657	6.045942
8005659	4.338896
8005661	8.924555
8005679	7.109346
8005683	3.165339
8005685	4.764801
8005687	5.6507
8005689	5.030007
8005695	6.552375
8005697	5.668318
8005699	6.27303
8005707	9.348658
8005726	7.612605
8005733	6.889795
8005736	10.94334
8005739	6.186788
8005743	4.443256
8005745	2.25836
8005747	4.007152
8005749	4.691498
8005751	5.870572
8005753	5.8044
8005755	2.96508
8005757	2.113935
8005759	2.527328
8005761	2.339917
8005763	2.065075
8005765	8.953576
8005777	5.947892
8005785	6.952401
8005809	6.972174
8005814	6.381588
8005829	5.100326
8005833	7.121597
8005836	5.303215
8005839	6.813569
8005847	7.846869
8005857	7.422887
8005865	5.959202
8005877	5.285104
8005879	5.808758
8005894	5.426655
8005903	8.157565
8005943	8.693904
8005951	4.731892
8005953	4.082001
8005955	3.991916
8005957	4.686373
8005959	6.340367
8005978	9.438722
8005992	1.960925
8005994	6.557742
8006005	5.365422
8006019	4.648242
8006030	8.023861
8006052	6.618239
8006063	5.949214
8006081	3.765313
8006083	2.823019
8006085	3.849213
8006112	6.209984
8006119	6.483887
8006121	4.460824
8006123	8.959235
8006148	7.281823
8006161	5.942595
8006170	6.639345
8006181	6.795129
8006183	8.854787
8006187	3.959895
8006214	5.861327
8006227	3.201419
8006229	6.861764
8006237	6.554122
8006239	7.413974
8006296	3.797993
8006298	7.188039
8006317	5.084953
8006321	6.658375
8006323	2.698243
8006325	9.236319
8006336	5.643965
8006345	9.760104
8006367	5.6299
8006377	9.567744
8006392	8.939109
8006409	6.253544
8006415	7.881381
8006423	5.034672
8006433	6.558748
8006440	4.083003
8006445	5.408911
8006453	3.409797
8006459	4.55332
8006466	5.549301
8006477	6.71776
8006479	5.882291
8006502	2.263108
8006504	5.352469
8006509	5.045634
8006531	9.580256
8006540	4.835298
8006542	8.229566
8006562	6.60468
8006569	6.914024
8006573	8.892632
8006590	3.785585
8006594	4.713971
8006602	5.12401
8006606	4.726356
8006608	5.783626
8006621	6.178067
8006627	7.432074
8006634	4.326072
8006638	8.06778
8006655	7.486322
8006668	5.749072
8006681	6.575511
8006690	7.200617
8006706	2.776526
8006715	6.110408
8006736	9.454721
8006744	2.7307
8006746	8.267715
8006762	8.46409
8006768	6.01624
8006779	7.173049
8006786	7.031706
8006788	7.898666
8006812	8.988879
8006820	10.42828
8006834	6.133738
8006836	4.863249
8006845	10.1042
8006850	7.010104
8006865	6.978616
8006877	7.586559
8006896	5.920691
8006900	5.483305
8006906	7.996558
8006940	9.04732
8006958	2.982942
8006968	5.846667
8006984	7.553224
8006999	7.462656
8007008	7.025741
8007023	7.803967
8007028	8.29752
8007043	6.809412
8007058	7.075253
8007069	7.048509
8007071	4.337291
8007084	7.304029
8007100	7.05676
8007108	4.091463
8007112	7.380725
8007115	7.647017
8007118	5.662112
8007123	5.309918
8007127	5.777588
8007130	5.806863
8007134	5.879873
8007141	11.73942
8007148	6.600742
8007152	7.285938
8007154	5.545626
8007169	3.52883
8007176	4.131375
8007188	7.89703
8007197	8.102097
8007208	4.622622
8007212	6.541862
8007228	7.395223
8007250	7.651654
8007259	7.9432
8007263	6.318326
8007272	7.017723
8007290	7.464213
8007302	6.465639
8007310	4.421984
8007312	5.699986
8007323	5.387619
8007348	5.792231
8007355	7.802147
8007363	5.976433
8007388	3.914459
8007397	8.352106
8007414	5.037312
8007420	4.989632
8007427	7.872681
8007429	3.643993
8007435	7.328222
8007441	9.19183
8007446	7.731545
8007454	5.449583
8007462	6.737228
8007471	9.781052
8007483	7.819264
8007493	7.154622
8007497	2.454186
8007499	2.324223
8007501	3.894604
8007503	4.033607
8007505	8.479358
8007530	3.955368
8007537	6.384046
8007548	6.927241
8007550	6.601508
8007561	7.032021
8007569	4.900176
8007584	6.178496
8007594	8.096236
8007603	2.382785
8007607	5.357839
8007620	11.11002
8007637	7.176596
8007641	7.351524
8007643	2.524531
8007651	5.303536
8007673	5.317197
8007675	6.337956
8007701	5.387993
8007707	5.484958
8007715	7.114087
8007730	6.363692
8007745	9.825906
8007750	6.149613
8007757	7.193786
8007790	6.063517
8007794	7.701769
8007797	8.845007
8007799	8.326977
8007803	6.136306
8007808	5.475717
8007826	7.063615
8007828	5.251044
8007846	5.330334
8007848	6.47053
8007850	9.898219
8007865	6.1568
8007867	9.976123
8007883	6.1568
8007885	9.720109
8007895	7.434203
8007902	3.922739
8007904	7.122007
8007917	6.575602
8007919	10.47085
8007921	4.877656
8007931	5.585438
8007949	3.658971
8007976	10.3804
8007990	7.84024
8007992	9.199394
8008016	6.72721
8008029	6.509949
8008038	4.66841
8008040	5.227054
8008049	4.416321
8008052	6.92258
8008064	6.629457
8008074	6.997268
8008087	7.960126
8008096	7.228487
8008110	6.276983
8008113	8.073742
8008130	4.254758
8008132	6.846603
8008139	8.415838
8008151	5.092691
8008170	4.200976
8008172	5.781804
8008185	6.359181
8008195	4.471008
8008201	6.744662
8008208	7.287516
8008213	7.586424
8008228	6.396066
8008237	6.815275
8008263	6.940043
8008277	6.311213
8008289	6.882293
8008297	6.071473
8008310	5.01342
8008321	6.112776
8008339	7.127961
8008350	4.667675
8008372	7.731992
8008388	6.851056
8008409	5.555997
8008454	6.414886
8008491	3.328865
8008493	7.365382
8008511	6.476572
8008517	6.036013
8008530	6.185288
8008540	4.927072
8008544	5.869802
8008547	6.488934
8008564	5.371418
8008566	4.384725
8008588	4.964615
8008596	3.982158
8008598	5.342871
8008609	5.064704
8008627	5.578243
8008629	5.520441
8008644	5.923758
8008646	7.663553
8008662	6.036715
8008664	6.098314
8008682	7.08183
8008700	6.026519
8008702	7.882036
8008706	7.741867
8008711	4.507469
8008716	6.814034
8008718	3.403625
8008723	5.518043
8008736	5.06928
8008754	4.688477
8008768	4.305112
8008778	2.767765
8008780	2.554399
8008782	3.937074
8008784	4.55604
8008795	4.616249
8008802	5.066099
8008817	2.801325
8008819	8.951475
8008825	6.643395
8008834	9.747283
8008868	6.467972
8008870	10.16711
8008885	10.1535
8008887	8.12056
8008900	6.062152
8008912	4.927445
8008914	3.825223
8008922	8.688487
8008933	7.429519
8008963	3.912815
8008965	6.186416
8008969	6.547582
8008980	5.268929
8008982	5.429499
8008991	2.529969
8008995	4.071262
8009006	3.800096
8009008	6.869094
8009014	8.092237
8009040	5.716827
8009073	2.407842
8009075	8.636279
8009094	6.610311
8009096	5.5747
8009145	5.337686
8009164	8.140731
8009176	6.391758
8009183	6.000944
8009205	8.657067
8009227	8.265641
8009241	8.284964
8009243	4.274605
8009253	5.058204
8009255	7.234032
8009275	4.541381
8009277	4.167885
8009299	4.5637
8009301	6.081444
8009322	5.544647
8009324	3.652072
8009326	5.140767
8009334	5.94743
8009343	5.471091
8009349	5.467146
8009351	4.755508
8009353	7.519033
8009366	5.575521
8009380	6.779006
8009382	7.497464
8009417	6.939507
8009430	7.220606
8009432	7.282358
8009443	5.902441
8009457	9.985889
8009474	2.308593
8009476	5.232039
8009491	2.602863
8009493	5.193843
8009502	6.412538
8009513	5.071948
8009515	2.59954
8009517	7.633904
8009524	4.929829
8009526	5.629371
8009533	6.375041
8009552	5.364474
8009561	9.119231
8009568	5.942444
8009585	5.488492
8009602	5.512988
8009631	7.074904
8009639	7.171325
8009653	7.957722
8009662	4.090964
8009666	5.754358
8009685	8.748259
8009693	6.003127
8009705	5.35207
8009713	6.215316
8009721	6.345479
8009727	6.067125
8009737	7.522068
8009746	7.338612
8009755	5.949182
8009759	1.934315
8009761	6.18902
8009784	7.321252
8009792	2.208075
8009794	1.94292
8009796	7.191384
8009832	6.907964
8009844	7.466982
8009873	5.709522
8009875	6.006251
8009913	5.940285
8009929	9.042805
8009932	8.100252
8009951	7.970306
8009995	6.960114
8010012	7.852888
8010017	7.66085
8010021	6.133382
8010030	6.49373
8010036	5.768983
8010050	8.562207
8010057	2.533934
8010059	3.126575
8010061	6.445735
8010071	5.960625
8010078	6.498442
8010080	2.922643
8010082	3.984362
8010084	6.424049
8010086	6.506712
8010092	7.916516
8010113	7.122749
8010137	7.015712
8010139	8.36952
8010161	7.820049
8010184	5.932222
8010186	5.203628
8010188	5.789085
8010210	3.177023
8010212	6.870782
8010237	6.813569
8010243	9.625834
8010248	7.00109
8010260	5.536798
8010271	7.388591
8010285	6.224426
8010287	5.557003
8010295	7.095927
8010313	6.375721
8010320	5.84337
8010328	5.451507
8010354	6.208785
8010379	6.805737
8010405	6.724673
8010426	9.605325
8010454	9.745455
8010499	6.282062
8010512	6.030628
8010550	6.232957
8010560	4.28083
8010562	7.71623
8010583	6.599701
8010590	6.104202
8010614	6.030824
8010622	3.218409
8010624	6.047444
8010629	6.475574
8010638	8.766701
8010664	7.429726
8010673	6.32889
8010686	5.628864
8010696	7.932466
8010702	7.310521
8010719	5.791463
8010737	6.736152
8010747	7.330805
8010766	6.476436
8010768	8.553345
8010770	10.09986
8010778	6.889138
8010780	5.014134
8010783	6.193727
8010785	3.207433
8010787	6.936341
8010804	7.811618
8010820	7.169067
8010832	6.926333
8010841	6.173357
8010848	6.982461
8010897	8.290668
8010901	6.457488
8010903	6.68973
8010915	6.769968
8010918	7.132991
8010924	7.613501
8010946	6.33786
8010949	8.006111
8010963	4.935994
8010967	7.189131
8010978	9.582528
8010983	7.170252
8011009	3.092973
8011011	8.994292
8011018	9.228817
8011027	8.99045
8011062	7.901852
8011077	8.711471
8011093	7.96612
8011110	6.054021
8011112	7.509909
8011114	7.183669
8011131	7.901519
8011141	8.10612
8011188	7.447687
8011193	6.797745
8011200	6.222563
8011212	8.295643
8011214	5.69913
8011218	6.27182
8011220	7.159587
8011222	6.839775
8011245	5.962624
8011262	7.23909
8011270	6.133231
8011275	5.762713
8011291	6.344325
8011293	7.022184
8011320	5.675239
8011322	4.278101
8011324	3.668532
8011328	5.56992
8011331	4.6256
8011337	5.44166
8011339	4.762105
8011341	3.158017
8011343	3.502819
8011354	5.612587
8011375	6.457458
8011396	7.098218
8011407	9.466433
8011415	5.842371
8011430	5.758182
8011462	8.113668
8011480	5.67075
8011499	5.198632
8011516	7.380619
8011542	7.135563
8011599	7.441849
8011626	10.32742
8011640	6.610253
8011671	7.062483
8011678	3.347602
8011680	5.458201
8011692	6.113239
8011713	8.039252
8011724	5.026606
8011732	3.979051
8011734	5.930203
8011747	7.220118
8011759	8.593441
8011765	6.602777
8011774	6.772997
8011797	5.480679
8011808	6.554257
8011817	4.671474
8011823	4.065091
8011826	4.053537
8011832	6.870129
8011850	6.445821
8011861	6.238964
8011875	8.341982
8011884	6.0907
8011912	5.944011
8011924	6.09225
8011945	7.006482
8011968	6.861797
8011975	6.250021
8011990	4.113724
8012000	6.524967
8012004	5.511008
8012006	5.948611
8012013	5.274835
8012028	5.730408
8012043	5.652552
8012054	4.636796
8012079	7.556012
8012099	8.549157
8012110	10.9811
8012116	8.233904
8012126	10.57126
8012138	3.317972
8012140	7.464845
8012150	8.007306
8012166	5.591896
8012197	6.405455
8012207	5.803183
8012212	6.847567
8012218	6.998843
8012220	6.685198
8012226	7.39008
8012247	6.493217
8012257	7.413125
8012270	5.162578
8012274	6.671134
8012282	5.935953
8012285	4.366582
8012304	7.324499
8012309	5.153776
8012326	5.222954
8012344	6.871381
8012349	8.532413
8012376	6.960065
8012383	6.24706
8012397	7.061544
8012403	6.571728
8012416	4.603195
8012423	6.603322
8012450	5.66687
8012464	5.4696
8012466	5.894332
8012469	6.596504
8012473	8.672282
8012475	6.374161
8012518	5.349063
8012520	4.459525
8012528	4.448628
8012535	6.087965
8012539	5.430244
8012558	6.567151
8012581	5.811261
8012591	5.580194
8012598	4.357808
8012605	6.056557
8012625	4.380477
8012663	3.01093
8012696	3.286715
8012726	3.638665
8012753	4.220042
8012787	5.014394
8012823	6.649405
8012830	5.01616
8012837	5.161543
8012839	2.870787
8012843	5.37724
8012852	2.695243
8012854	2.557498
8012856	6.763203
8012883	5.906817
8012887	6.059822
8012891	5.763682
8012893	4.523787
8012896	6.194227
8012906	4.021512
8012908	4.639944
8012918	4.242574
8012924	6.204087
8012928	2.812434
8012931	8.207964
8012949	8.62356
8012951	9.372572
8012953	10.88419
8012958	6.109213
8012961	7.762582
8013013	3.203503
8013015	5.842631
8013022	5.946966
8013026	4.262462
8013035	6.255396
8013042	10.98907
8013049	5.983837
8013061	7.835143
8013068	6.320689
8013071	7.113927
8013089	5.271118
8013094	6.645777
8013109	7.709296
8013112	6.869977
8013120	6.791154
8013131	4.830404
8013135	7.531094
8013157	7.606502
8013159	8.70546
8013177	2.277826
8013179	6.401034
8013191	9.070368
8013222	7.367795
8013243	5.794993
8013259	7.286983
8013262	6.726904
8013268	5.731793
8013272	5.797635
8013292	4.455363
8013294	5.58055
8013305	3.895725
8013307	10.325
8013309	4.771603
8013312	6.219496
8013319	4.721281
8013323	10.15844
8013325	10.15844
8013327	6.273788
8013329	10.15844
8013331	5.478108
8013341	4.265935
8013348	9.898236
8013354	6.823378
8013356	2.878482
8013358	2.130649
8013360	2.730842
8013362	2.795026
8013364	5.189627
8013384	8.692926
8013399	5.798373
8013431	7.647322
8013448	2.150772
8013450	9.980378
8013465	8.356741
8013473	6.454345
8013479	5.719793
8013484	2.502782
8013486	8.768192
8013500	6.938965
8013509	7.362355
8013515	5.121263
8013517	2.774353
8013519	3.687378
8013521	8.054487
8013523	4.978433
8013525	2.470578
8013527	1.850433
8013529	5.154335
8013531	4.398178
8013533	6.523144
8013536	6.077077
8013567	4.117126
8013570	4.120215
8013572	2.406562
8013574	6.041082
8013581	6.044746
8013588	8.046522
8013602	5.57263
8013606	5.928751
8013616	6.263367
8013622	5.832875
8013633	7.141241
8013641	8.45267
8013660	8.45707
8013671	4.121338
8013696	7.635216
8013741	7.941956
8013747	6.352825
8013753	6.288275
8013771	6.226096
8013776	7.839599
8013784	2.501187
8013786	2.248388
8013788	7.58706
8013804	6.729456
8013812	6.918046
8013833	5.635505
8013858	5.114515
8013860	6.993832
8013906	9.970523
8013908	9.168695
8013915	5.993897
8013917	2.558973
8013919	6.465353
8013923	6.863154
8013947	5.741507
8013965	7.134735
8013987	6.184926
8013989	4.991534
8014008	5.323922
8014023	6.169184
8014025	3.555644
8014033	3.597495
8014035	6.010509
8014037	7.462094
8014047	5.075141
8014057	2.680056
8014063	8.004482
8014066	4.700158
8014071	3.583185
8014073	6.651594
8014081	6.770782
8014100	4.629212
8014113	2.756888
8014115	8.737707
8014140	6.03414
8014142	5.008776
8014144	4.033296
8014158	5.179105
8014160	5.286167
8014167	4.764133
8014169	4.917627
8014172	4.079231
8014189	7.854438
8014197	3.56106
8014199	6.059828
8014214	5.928693
8014230	6.788769
8014233	5.149016
8014241	5.205552
8014248	4.940972
8014257	5.550125
8014259	2.980881
8014264	4.3876
8014269	6.682362
8014282	6.600883
8014298	4.155558
8014316	7.891354
8014326	4.796536
8014334	3.138942
8014342	4.26031
8014349	5.658536
8014361	3.241955
8014369	7.056792
8014376	8.289722
8014391	8.08086
8014397	8.199802
8014414	8.08086
8014420	8.269238
8014435	2.7307
8014437	8.269312
8014452	4.293451
8014454	5.876806
8014485	6.36307
8014487	7.25151
8014551	8.770226
8014574	7.599423
8014591	5.7146
8014603	8.337063
8014633	8.322374
8014648	2.7307
8014650	10.42682
8014664	7.245669
8014666	5.265492
8014679	6.098906
8014700	5.264545
8014702	5.221476
8014704	7.189788
8014706	7.064554
8014723	6.945483
8014738	7.58926
8014749	7.470559
8014755	7.135165
8014757	3.080699
8014768	5.638037
8014787	4.56358
8014794	7.590672
8014812	5.570271
8014825	7.732537
8014841	6.403286
8014861	2.433257
8014865	6.015384
8014871	6.628951
8014882	9.354887
8014891	5.93823
8014903	6.574633
8014916	7.867389
8014925	7.131302
8014954	2.623369
8014956	10.31065
8014969	6.911034
8014974	5.110268
8015016	6.713017
8015031	5.998816
8015037	3.600993
8015039	8.098697
8015049	2.909915
8015060	5.041215
8015070	3.971187
8015078	3.455533
8015087	4.483805
8015095	2.610788
8015104	5.511243
8015115	3.810555
8015124	4.721513
8015133	10.48632
8015144	4.030105
8015152	4.548098
8015163	2.741425
8015169	4.733302
8015173	4.979846
8015179	6.403471
8015187	7.340815
8015189	6.560957
8015196	7.05748
8015206	8.126668
8015208	8.142849
8015210	7.371543
8015214	7.56254
8015218	7.519425
8015221	7.477959
8015223	7.097206
8015230	7.372734
8015232	5.916429
8015236	6.550457
8015240	5.1192
8015242	6.979243
8015247	6.637786
8015252	6.166672
8015257	7.137957
8015262	6.314692
8015268	4.502542
8015273	5.314518
8015280	4.899309
8015287	5.250467
8015293	5.368602
8015301	5.362445
8015312	3.608506
8015323	13.80566
8015337	10.9761
8015349	12.12097
8015357	4.148852
8015366	7.671903
8015376	9.532306
8015387	10.94137
8015396	6.369743
8015410	6.808664
8015412	10.23216
8015432	5.766425
8015445	6.458577
8015456	5.431063
8015460	8.006398
8015490	7.257126
8015503	5.628206
8015511	6.284679
8015526	6.601943
8015545	9.637998
8015554	6.200694
8015572	6.147359
8015575	6.238687
8015590	7.383482
8015607	10.9445
8015635	5.364915
8015642	5.759754
8015655	8.861959
8015665	7.234738
8015681	6.44408
8015685	7.4463
8015706	5.862237
8015712	6.957265
8015715	7.788241
8015730	6.086925
8015735	4.150111
8015737	7.229733
8015739	3.267653
8015741	6.361849
8015757	6.259694
8015759	9.582346
8015769	4.135043
8015798	5.999191
8015802	2.233367
8015804	5.385377
8015806	5.917201
8015821	6.478992
8015827	6.491995
8015835	7.897752
8015846	6.071912
8015868	4.910104
8015884	4.717919
8015890	5.977077
8015900	6.593204
8015906	3.566429
8015908	8.271561
8015914	7.914217
8015944	3.375962
8015946	5.987779
8015955	6.609167
8015969	7.98217
8015991	5.199196
8016018	8.311691
8016033	6.11841
8016042	3.726928
8016044	5.81729
8016077	7.751654
8016086	6.749746
8016088	6.454302
8016094	5.506918
8016099	7.547048
8016128	6.207598
8016139	5.718738
8016147	5.399988
8016155	7.707263
8016159	6.802396
8016168	8.055533
8016187	5.039322
8016194	5.957963
8016213	6.355807
8016215	9.080309
8016232	7.26336
8016239	9.520391
8016245	10.34942
8016257	5.781089
8016259	7.642665
8016261	6.636569
8016263	5.340138
8016266	8.230375
8016283	2.998325
8016285	7.626728
8016300	7.399245
8016311	6.297553
8016320	8.364762
8016324	5.825515
8016336	6.452235
8016366	6.40521
8016371	6.405587
8016382	7.012585
8016387	7.314478
8016390	6.413211
8016400	5.751451
8016402	7.585282
8016412	3.894092
8016414	5.078604
8016429	6.472139
8016431	3.087082
8016433	5.707369
8016438	6.184509
8016444	6.284278
8016452	6.592885
8016455	3.238011
8016457	5.514834
8016463	5.80877
8016468	4.904627
8016473	6.012919
8016476	6.553769
8016482	5.443819
8016484	4.897286
8016487	5.965405
8016494	4.36718
8016504	7.411009
8016508	7.101354
8016519	6.39356
8016521	3.630895
8016523	5.22892
8016532	4.364951
8016540	5.507815
8016546	6.737804
8016552	7.341133
8016562	8.297169
8016578	7.430929
8016590	6.80697
8016600	5.912973
8016607	4.657974
8016609	5.169965
8016615	5.967162
8016628	6.623861
8016640	6.644891
8016646	7.180467
8016699	6.911512
8016708	8.307741
8016718	5.380569
8016725	6.781609
8016735	4.974518
8016739	11.55506
8016745	9.156994
8016787	7.528496
8016789	6.825733
8016806	5.661858
8016808	4.587818
8016825	5.1242
8016832	4.890321
8016841	2.895003
8016847	8.986547
8016858	7.564761
8016866	5.013926
8016868	5.50078
8016870	4.842809
8016878	6.795129
8016891	7.434025
8016898	9.578232
8016909	4.722009
8016932	4.893294
8016947	6.139186
8016980	4.884181
8016982	8.761883
8016994	8.070903
8017010	4.092594
8017019	7.201651
8017039	5.728438
8017057	4.018088
8017061	3.292528
8017096	4.899268
8017098	5.693857
8017100	5.19363
8017102	4.926744
8017104	3.420708
8017106	6.199638
8017133	7.793287
8017139	2.241937
8017141	3.098675
8017143	4.349848
8017148	2.443497
8017150	6.13482
8017162	7.967073
8017173	7.66688
8017186	5.641902
8017210	5.263464
8017212	7.633708
8017235	8.63231
8017251	3.788078
8017253	3.894652
8017257	3.353954
8017259	3.935509
8017262	4.775377
8017283	6.309327
8017310	2.269911
8017312	9.46962
8017344	6.090245
8017346	7.351473
8017361	4.581286
8017363	2.248633
8017365	4.062262
8017378	6.416054
8017391	2.912748
8017393	7.497442
8017402	6.520208
8017421	7.832416
8017437	6.630703
8017460	7.801928
8017476	7.01195
8017480	4.356705
8017488	6.322714
8017499	6.492791
8017505	4.621088
8017511	5.380759
8017521	5.797285
8017547	5.843436
8017555	7.881337
8017582	7.520007
8017597	4.1641
8017599	6.949389
8017619	2.690459
8017621	5.467133
8017634	9.915783
8017651	7.856046
8017671	8.093183
8017675	10.81784
8017688	9.620024
8017702	5.618797
8017704	4.814327
8017711	8.512394
8017718	5.446605
8017736	3.399938
8017766	3.732221
8017776	7.59224
8017810	7.009292
8017825	4.346596
8017827	4.588101
8017829	4.659949
8017831	5.700508
8017840	6.542832
8017843	6.754666
8017850	8.630011
8017867	5.890406
8017885	3.320227
8017927	3.898414
8017964	3.791185
8018006	3.877042
8018038	7.642878
8018078	2.150746
8018082	8.174493
8018093	4.948181
8018095	2.502091
8018097	7.95809
8018102	5.530954
8018107	7.183653
8018114	5.289176
8018156	4.477248
8018164	6.289311
8018169	5.833531
8018177	6.526425
8018184	4.209659
8018189	6.784584
8018196	5.958785
8018209	6.665167
8018220	6.071754
8018236	6.348966
8018251	5.975704
8018258	6.086751
8018264	7.051714
8018288	9.036019
8018295	2.914416
8018297	6.733577
8018305	8.179793
8018315	8.865403
8018324	7.12219
8018343	5.870755
8018352	5.072613
8018364	8.89071
8018377	6.173588
8018379	5.970982
8018400	7.447243
8018428	6.660131
8018439	11.75034
8018445	5.275279
8018449	7.368716
8018482	9.146327
8018494	6.893136
8018502	6.785535
8018511	6.087582
8018522	6.797698
8018558	9.162053
8018579	7.772288
8018600	8.177661
8018620	7.854408
8018646	6.408358
8018652	5.824434
8018673	5.402647
8018694	6.997859
8018708	5.588994
8018731	6.076671
8018754	6.311764
8018761	5.612801
8018774	6.513
8018786	5.471287
8018791	5.107992
8018793	6.978736
8018803	8.524211
8018816	7.433142
8018818	4.556435
8018823	7.881818
8018849	7.26987
8018860	4.239582
8018864	7.938489
8018870	6.393383
8018872	6.31002
8018906	8.450232
8018908	4.658985
8018922	9.131043
8018935	5.380631
8018937	7.226552
8018966	10.82877
8018972	7.109699
8018975	8.805431
8018982	8.166976
8018993	5.923368
8019005	6.300592
8019010	6.554318
8019018	7.559906
8019031	6.324399
8019046	9.385238
8019061	7.601002
8019071	5.403108
8019074	6.080525
8019081	5.39919
8019083	6.304815
8019088	5.421144
8019090	6.385002
8019108	6.744633
8019136	6.775165
8019149	6.98819
8019170	6.757454
8019177	6.140918
8019181	7.236695
8019183	13.78159
8019194	6.796891
8019211	9.748131
8019231	6.489723
8019238	7.482695
8019243	5.999465
8019250	11.01338
8019263	8.20382
8019273	7.336374
8019280	7.365474
8019296	8.232266
8019308	8.318992
8019316	5.607522
8019331	6.969663
8019334	5.552961
8019347	5.402396
8019350	6.946248
8019357	8.137524
8019367	6.590254
8019376	7.295846
8019392	6.292962
8019437	6.218328
8019463	9.788733
8019478	8.229737
8019486	8.757813
8019494	6.062615
8019507	7.722741
8019517	4.280449
8019521	4.361569
8019523	9.762019
8019532	6.630279
8019541	7.583269
8019545	5.557743
8019559	6.105188
8019561	2.405931
8019563	4.793428
8019565	7.097206
8019570	5.258756
8019574	7.56254
8019576	7.371543
8019578	7.05748
8019585	6.560957
8019588	6.403471
8019593	4.979846
8019597	4.733302
8019599	2.741425
8019604	4.548098
8019614	4.030105
8019622	7.898756
8019631	10.82576
8019633	10.82576
8019635	10.82576
8019637	10.82576
8019639	10.82576
8019641	10.82576
8019643	6.143283
8019647	2.7307
8019649	7.245669
8019651	6.178067
8019655	8.341594
8019669	6.045237
8019687	5.613224
8019693	7.932466
8019699	5.878046
8019703	10.82576
8019705	10.82576
8019707	10.82576
8019709	10.77721
8019711	6.574272
8019716	8.348682
8019731	8.08086
8019737	6.852182
8019751	3.783237
8019754	6.508739
8019762	10.47676
8019765	8.071856
8019772	7.329452
8019778	7.341685
8019796	8.999551
8019798	7.90043
8019802	10.88138
8019804	4.749433
8019807	6.116034
8019828	4.231655
8019831	4.592689
8019842	4.337262
8019851	5.017292
8019857	3.410348
8019875	2.269323
8019877	10.3174
8019885	9.330985
8019908	5.588004
8019910	3.982765
8019912	6.776046
8019924	8.233996
8019930	10.37869
8019937	6.687492
8019939	6.78913
8019954	7.607978
8019958	2.195305
8019960	2.380487
8019962	5.494526
8019964	3.744064
8019988	6.051658
8020025	5.307633
8020027	5.915492
8020029	6.549835
8020037	5.281689
8020058	9.025339
8020068	7.747221
8020086	7.753148
8020088	5.160848
8020090	7.451516
8020100	8.944389
8020110	10.44667
8020123	4.792722
8020129	8.196954
8020139	9.448404
8020141	6.014424
8020149	7.801647
8020162	7.475021
8020164	5.226627
8020179	10.73796
8020183	6.934063
8020197	3.129975
8020209	2.768822
8020211	5.192419
8020220	8.656623
8020226	5.948346
8020239	3.21457
8020241	7.752691
8020252	2.054235
8020254	5.977329
8020267	6.498325
8020308	6.090106
8020321	4.401704
8020323	7.981804
8020339	4.970507
8020343	5.159166
8020347	4.316194
8020349	5.945201
8020352	6.133031
8020354	3.675151
8020357	2.310348
8020375	4.008478
8020377	3.702077
8020382	2.821826
8020384	4.940162
8020411	4.852623
8020419	4.676695
8020421	2.01041
8020423	6.833981
8020449	5.937423
8020451	4.511821
8020453	4.926373
8020455	6.987785
8020464	3.414739
8020466	2.482403
8020468	6.901681
8020491	5.443093
8020493	3.013719
8020495	7.175017
8020508	11.67599
8020527	8.548452
8020549	6.109617
8020551	5.214859
8020630	5.282638
8020647	5.903277
8020650	5.301125
8020653	4.992325
8020664	2.147212
8020666	2.946464
8020668	5.706306
8020682	2.187934
8020684	3.500229
8020691	2.644644
8020702	3.893396
8020717	3.179944
8020722	2.756408
8020724	3.255622
8020740	3.836174
8020760	5.25044
8020762	5.196032
8020779	7.504217
8020795	4.895839
8020802	2.6214
8020806	5.09306
8020814	6.677818
8020825	5.616234
8020827	3.58368
8020842	5.71327
8020844	3.947083
8020847	3.535427
8020878	7.935143
8020889	6.398767
8020898	6.130071
8020903	10.26077
8020919	4.587576
8020930	6.295449
8020955	5.384883
8020973	5.499373
8021001	3.494524
8021013	3.169499
8021015	7.666698
8021043	4.177926
8021045	4.23491
8021047	5.829907
8021058	5.723111
8021081	5.96014
8021091	5.553445
8021101	2.714684
8021113	9.207373
8021120	5.100814
8021129	5.261608
8021131	4.699028
8021147	2.424252
8021150	3.791737
8021152	4.264466
8021154	6.870726
8021169	6.122488
8021181	10.14161
8021183	10.28876
8021185	3.985957
8021187	2.869633
8021199	5.476098
8021208	7.335896
8021222	5.656448
8021228	7.705546
8021243	2.824333
8021245	4.889397
8021275	6.293763
8021286	3.107597
8021297	3.085286
8021301	7.866243
8021312	6.150698
8021342	4.542608
8021344	6.580926
8021349	3.149928
8021357	5.923592
8021363	5.773411
8021365	6.210131
8021368	5.272764
8021372	2.976858
8021374	3.497429
8021376	10.03421
8021416	2.378523
8021418	7.489795
8021440	5.208233
8021442	7.460054
8021453	6.555028
8021461	6.126262
8021468	6.028181
8021470	8.677162
8021478	5.260672
8021480	2.278072
8021482	3.282996
8021484	4.604105
8021496	7.97469
8021528	8.5335
8021540	3.143626
8021542	7.0015
8021546	5.602226
8021563	5.687658
8021565	7.73354
8021584	4.224056
8021594	4.935465
8021603	9.981171
8021614	7.581522
8021623	6.055263
8021635	10.75573
8021645	4.091185
8021653	7.519737
8021664	2.716572
8021666	2.84966
8021668	3.690424
8021683	2.229239
8021685	3.188383
8021695	4.182907
8021707	7.641814
8021712	6.986096
8021714	5.565679
8021716	5.200291
8021725	6.695543
8021727	10.56648
8021741	4.500756
8021756	6.216594
8021768	5.900843
8021774	5.944582
8021777	3.657815
8021783	6.013714
8021818	5.273129
8021824	3.286383
8021826	6.620613
8021832	6.184362
8021866	6.065609
8021884	8.048714
8021900	6.764417
8021905	6.066514
8021914	6.907528
8021919	6.76826
8021924	6.172495
8021946	5.070086
8021963	6.978703
8021966	6.445382
8021984	8.372546
8021993	4.038208
8021995	2.101179
8022007	5.549486
8022009	7.158887
8022020	3.283949
8022022	8.086994
8022043	7.130087
8022045	5.615729
8022085	5.783501
8022100	5.192341
8022102	2.834362
8022104	2.645467
8022106	4.361185
8022110	5.385141
8022118	6.075173
8022145	5.960967
8022168	2.808121
8022170	10.1083
8022176	4.807141
8022243	4.070668
8022245	2.996127
8022247	3.218534
8022249	4.325105
8022251	10.78564
8022275	2.298958
8022277	7.210259
8022279	3.322514
8022281	2.718711
8022283	3.57819
8022295	4.273772
8022310	4.974399
8022320	8.111965
8022326	6.491174
8022338	5.041146
8022340	3.092215
8022342	6.807245
8022356	7.398117
8022378	3.469756
8022380	4.835811
8022393	6.799938
8022404	7.559855
8022410	5.788925
8022412	3.627976
8022418	6.639953
8022420	3.663898
8022426	4.381304
8022428	4.01297
8022434	4.638
8022436	2.874873
8022439	2.074294
8022441	5.656272
8022471	2.254152
8022473	7.010419
8022488	9.871348
8022498	2.903979
8022500	2.058716
8022502	4.516479
8022504	2.89915
8022506	5.339714
8022508	3.605779
8022514	5.597633
8022531	9.826114
8022557	6.88272
8022559	4.477968
8022570	2.82639
8022572	6.725531
8022606	6.343282
8022608	6.583371
8022610	5.487384
8022612	4.867956
8022623	6.401415
8022625	7.379169
8022640	5.558449
8022642	1.947459
8022644	2.618562
8022646	6.095233
8022653	5.544495
8022655	3.198776
8022666	4.046115
8022674	4.522468
8022692	4.449081
8022711	6.786634
8022728	3.056942
8022745	2.634832
8022747	4.732994
8022761	2.134075
8022763	2.583906
8022767	8.425901
8022799	4.915313
8022803	7.699284
8022814	10.44162
8022817	4.083941
8022831	2.683167
8022856	4.08353
8022870	5.520339
8022872	4.786127
8022882	7.945246
8022892	3.785593
8022902	6.655655
8022912	6.245893
8022914	6.538449
8022927	6.730092
8022941	8.09113
8022952	6.111815
8022970	5.401674
8022972	8.178669
8022974	3.357902
8022976	3.285432
8022986	4.948507
8022994	2.490536
8022996	8.674349
8023043	6.154911
8023059	6.666922
8023061	6.637979
8023063	7.898336
8023078	2.889881
8023080	5.208111
8023121	5.03473
8023133	6.882545
8023152	5.660772
8023154	5.700704
8023156	5.77365
8023159	4.974152
8023165	7.583624
8023175	7.789735
8023184	6.036741
8023187	2.676707
8023189	6.059028
8023191	6.398232
8023195	7.801543
8023212	6.454493
8023216	4.77933
8023218	5.001066
8023220	7.096566
8023228	6.727051
8023246	7.601439
8023252	5.698311
8023259	4.522753
8023261	5.84544
8023267	9.621311
8023308	6.341801
8023310	3.668023
8023312	4.202995
8023314	4.567088
8023323	7.721148
8023344	6.80319
8023361	3.367959
8023373	2.802858
8023375	3.213265
8023377	8.063158
8023380	3.742673
8023382	9.30218
8023392	7.951078
8023394	2.627689
8023401	3.094503
8023415	5.736407
8023437	3.782594
8023448	6.653034
8023450	7.333413
8023462	2.929364
8023466	5.348482
8023481	9.069079
8023497	9.802354
8023526	7.251241
8023528	4.284759
8023545	2.406015
8023549	7.027415
8023554	3.466292
8023561	7.640619
8023575	4.876832
8023591	4.591304
8023593	4.136077
8023596	4.680825
8023598	6.654917
8023605	6.213565
8023640	3.684661
8023642	2.458049
8023646	7.132516
8023656	8.216432
8023672	11.0235
8023688	6.779216
8023696	9.484973
8023703	3.959505
8023708	4.552383
8023710	3.674343
8023727	5.110014
8023735	5.093564
8023757	4.252868
8023766	5.310652
8023816	3.440761
8023822	5.401949
8023828	3.369648
8023843	3.906568
8023855	7.632259
8023862	7.384911
8023864	3.8789
8023868	5.617366
8023871	7.187027
8023876	3.959829
8023882	6.715656
8023889	7.967428
8023906	2.566599
8023908	2.94954
8023910	5.585124
8023914	8.302334
8023920	5.873529
8023926	4.467457
8023933	5.475986
8023935	3.225851
8023937	3.548253
8023939	5.445126
8023941	7.408978
8023948	7.125285
8023955	9.402078
8023968	8.253585
8023977	6.837752
8023984	6.952159
8023990	6.70337
8023995	6.439385
8024001	8.211074
8024003	7.229836
8024013	7.194783
8024019	8.314196
8024038	6.397419
8024048	7.392203
8024056	7.185621
8024062	8.916303
8024070	6.810378
8024078	7.100786
8024089	7.109928
8024100	6.794476
8024111	9.143064
8024120	6.67007
8024170	6.391822
8024194	9.304846
8024204	7.097532
8024219	7.895811
8024228	9.783788
8024238	9.519999
8024246	7.986385
8024250	6.875968
8024255	6.446114
8024273	6.784631
8024282	7.504951
8024299	8.373463
8024304	5.531921
8024306	5.783984
8024323	7.272193
8024331	7.413523
8024347	6.555936
8024356	6.403607
8024358	7.405822
8024373	6.370942
8024391	7.267193
8024420	7.789948
8024429	7.048282
8024436	10.73888
8024444	5.908196
8024446	6.858568
8024467	6.185662
8024485	9.564424
8024494	3.276766
8024497	8.192085
8024511	8.592563
8024518	9.153065
8024527	5.303751
8024532	6.319361
8024537	5.020332
8024557	7.194543
8024566	6.999631
8024572	10.44801
8024582	6.332365
8024584	7.225895
8024605	6.021505
8024623	7.159855
8024637	7.966361
8024655	7.874919
8024660	8.317661
8024676	6.163102
8024682	6.060235
8024687	10.46021
8024708	5.652104
8024712	6.238804
8024728	6.547708
8024740	7.262088
8024754	6.098296
8024768	6.621333
8024792	5.70862
8024798	6.588929
8024808	5.617255
8024816	5.624536
8024829	6.288538
8024843	7.229496
8024864	6.948276
8024882	5.520312
8024885	5.134511
8024888	5.358455
8024896	5.094704
8024898	6.866492
8024900	6.318365
8024909	7.400074
8024934	5.468119
8024936	8.456425
8024956	5.67617
8024966	7.546729
8024971	4.619494
8024995	7.128227
8025000	6.171145
8025004	8.008881
8025011	3.840887
8025028	7.191042
8025035	5.390123
8025041	7.759938
8025051	7.215212
8025053	7.141698
8025058	10.98375
8025076	7.766434
8025103	5.521865
8025124	5.082054
8025126	6.021946
8025129	5.056124
8025132	5.518744
8025142	8.401888
8025169	4.865806
8025179	7.91134
8025183	8.138837
8025199	7.716054
8025237	7.289163
8025255	8.797336
8025278	6.010835
8025285	7.299256
8025296	8.529069
8025301	4.448854
8025303	4.137456
8025321	7.405645
8025328	6.214024
8025347	6.057466
8025351	6.555896
8025368	7.010433
8025375	5.516712
8025382	6.641281
8025395	9.729179
8025402	7.628716
8025414	9.222466
8025421	7.909137
8025429	8.638519
8025450	6.581871
8025452	2.776554
8025456	4.801037
8025458	6.710936
8025470	4.257245
8025474	3.457747
8025476	4.189083
8025478	5.801475
8025488	5.511794
8025498	9.486528
8025500	8.3745
8025506	6.977543
8025515	5.794498
8025522	4.465379
8025551	6.966063
8025563	6.191197
8025584	3.270526
8025586	6.346823
8025601	9.953
8025612	6.495811
8025621	6.599129
8025633	6.63035
8025659	7.627357
8025672	9.822319
8025697	7.495353
8025728	6.652764
8025741	9.495449
8025766	6.988902
8025783	6.855358
8025788	7.77772
8025826	5.965992
8025828	9.22773
8025850	5.912069
8025858	3.687346
8025868	6.000666
8025877	6.94332
8025888	6.594463
8025893	2.910729
8025895	8.762288
8025918	5.529648
8025927	8.012341
8025933	4.526132
8025945	6.350813
8025951	4.373946
8025958	7.504542
8025964	4.715137
8025968	6.140423
8025973	7.145354
8025978	4.820194
8025982	4.400882
8025984	7.055271
8025990	2.793649
8025992	4.950268
8025996	3.178991
8025998	6.474387
8026005	4.057452
8026007	7.616694
8026013	6.226671
8026024	7.965799
8026035	5.013393
8026047	11.17742
8026051	6.297893
8026063	5.372702
8026090	5.751197
8026106	9.549945
8026122	6.911565
8026133	5.446808
8026139	7.067196
8026155	7.47704
8026163	10.38173
8026170	7.172511
8026182	6.686697
8026193	8.451616
8026198	8.6838
8026212	6.331847
8026214	7.324978
8026217	6.875763
8026250	7.416413
8026265	5.535023
8026272	5.724861
8026292	6.417161
8026294	6.539106
8026298	6.010509
8026300	7.990772
8026315	7.828069
8026339	6.586079
8026341	8.655054
8026350	6.134534
8026361	8.044897
8026363	6.04247
8026365	5.276552
8026381	2.401345
8026383	4.602826
8026385	4.318925
8026388	5.423405
8026390	6.01484
8026398	4.108005
8026405	6.117624
8026407	5.33551
8026418	3.628314
8026420	4.762172
8026422	6.534002
8026424	5.897563
8026440	8.985307
8026442	4.657573
8026456	9.457868
8026468	7.060337
8026483	4.713329
8026486	3.329778
8026488	5.636299
8026490	8.961338
8026494	3.599339
8026496	5.280903
8026503	5.089795
8026513	10.28149
8026520	7.065951
8026533	6.79106
8026541	7.199709
8026548	6.226353
8026564	7.734952
8026568	5.301414
8026579	5.970812
8026587	5.505974
8026610	7.219658
8026631	6.007006
8026638	8.082137
8026679	6.641205
8026687	6.305764
8026696	4.097361
8026698	7.490256
8026712	5.819254
8026724	7.681522
8026729	9.123748
8026735	6.567242
8026751	7.347949
8026763	6.40035
8026780	6.739586
8026787	5.001737
8026806	6.940817
8026821	7.787349
8026830	5.312111
8026861	8.621071
8026868	10.50732
8026875	9.089259
8026877	6.231401
8026895	7.459523
8026900	5.402137
8026915	7.460642
8026926	6.810887
8026954	5.971589
8026971	10.77355
8026982	6.856425
8026989	5.293713
8026991	7.109334
8027002	9.940293
8027006	7.897319
8027018	7.082701
8027024	9.788019
8027032	6.829031
8027040	6.503223
8027049	5.769022
8027053	7.126879
8027074	8.191242
8027100	6.648192
8027117	6.238623
8027128	7.154622
8027139	6.755316
8027152	5.57155
8027167	2.239142
8027169	7.855579
8027184	7.662588
8027205	7.192235
8027213	7.4224
8027222	5.904034
8027233	8.402636
8027239	4.313414
8027241	5.276332
8027247	5.750921
8027254	5.484105
8027258	8.778503
8027260	6.403049
8027268	5.527169
8027272	5.271792
8027279	5.604329
8027285	5.868418
8027292	7.652674
8027297	6.405804
8027304	6.484612
8027312	5.89889
8027320	4.437837
8027323	3.684089
8027330	3.827814
8027332	3.090649
8027341	2.479492
8027343	6.981179
8027345	4.871269
8027348	4.168094
8027352	12.84155
8027354	5.935082
8027363	3.633926
8027368	7.143586
8027377	5.044414
8027381	7.240485
8027383	2.538117
8027385	7.17761
8027390	6.475125
8027398	8.175913
8027402	6.489439
8027414	6.17534
8027416	7.087017
8027431	4.095862
8027439	5.939831
8027448	4.693795
8027473	7.581803
8027480	4.34588
8027482	3.855541
8027510	6.016692
8027519	2.609374
8027521	4.845274
8027543	4.015541
8027556	6.303109
8027564	5.249906
8027566	6.353902
8027574	6.613333
8027584	5.777222
8027592	9.080453
8027604	7.929379
8027621	8.311389
8027642	5.058541
8027650	7.317495
8027665	7.037433
8027674	6.539372
8027685	4.889555
8027692	3.769093
8027701	6.968237
8027719	5.304385
8027728	6.428319
8027744	4.427907
8027746	6.287244
8027748	9.744746
8027760	7.190274
8027770	7.35486
8027778	7.927809
8027793	8.924573
8027805	8.198507
8027819	5.820183
8027824	5.250026
8027837	5.264125
8027854	6.657632
8027856	5.051493
8027860	4.743158
8027862	7.671803
8027864	5.589452
8027876	6.975564
8027884	13.32836
8027886	6.366092
8027908	7.548479
8027920	6.197362
8027932	8.571493
8027938	10.14048
8027947	6.211625
8027956	6.322236
8027996	9.737168
8028004	6.72246
8028016	6.290154
8028030	7.031975
8028058	5.865591
8028084	5.557935
8028102	6.201122
8028104	6.284534
8028112	5.545094
8028117	6.854988
8028119	5.484098
8028158	5.808944
8028162	7.574559
8028172	10.71621
8028186	5.777706
8028190	5.009902
8028192	6.407193
8028194	2.927189
8028200	4.076472
8028206	5.18413
8028213	4.122444
8028219	4.786493
8028227	6.478097
8028233	6.058322
8028241	4.355229
8028248	4.757071
8028254	4.296667
8028266	3.02092
8028275	2.171093
8028277	2.572044
8028279	2.461338
8028281	2.269214
8028283	2.598176
8028286	6.862183
8028309	5.083515
8028311	8.61626
8028323	5.117617
8028325	9.077526
8028332	8.134131
8028341	5.732825
8028380	8.177143
8028389	6.338583
8028397	7.704059
8028407	5.503413
8028514	8.281766
8028524	11.40992
8028546	7.3381
8028552	8.0271
8028563	5.430222
8028570	6.355944
8028583	8.124046
8028600	12.07533
8028607	6.5804
8028613	6.126082
8028624	8.578408
8028643	7.335541
8028645	8.126992
8028652	10.10634
8028656	8.343107
8028674	7.73157
8028705	7.455522
8028719	4.965652
8028730	6.445051
8028737	3.436737
8028742	3.260653
8028744	4.7249
8028750	3.805886
8028756	7.997389
8028770	3.66498
8028778	6.58903
8028789	2.297761
8028791	7.345124
8028806	5.388416
8028851	7.837194
8028872	6.759783
8028908	9.802634
8028916	6.58609
8028924	6.848372
8028930	8.085444
8028940	6.993584
8028950	5.40953
8028955	11.61397
8028963	8.919922
8028973	6.664931
8028984	5.619873
8028991	6.810702
8029006	5.916863
8029029	8.479007
8029050	7.465182
8029056	6.39318
8029065	8.160175
8029076	5.213363
8029086	11.72451
8029098	12.42779
8029107	7.529131
8029117	5.91194
8029129	7.94375
8029136	5.690707
8029147	6.963922
8029182	6.357628
8029188	6.192781
8029193	6.950171
8029214	4.657727
8029219	5.677298
8029236	5.979328
8029273	6.490655
8029280	10.16082
8029289	4.313833
8029299	6.180782
8029301	6.539474
8029306	5.708458
8029311	6.486866
8029318	5.345028
8029321	4.466294
8029331	3.775771
8029340	4.995013
8029347	4.227622
8029353	5.764112
8029360	4.652194
8029368	5.498931
8029377	6.361114
8029385	4.6566
8029392	5.649203
8029399	5.116377
8029413	4.979976
8029423	4.629428
8029435	3.268044
8029437	6.716291
8029446	5.82522
8029458	5.745132
8029465	7.84339
8029476	6.409649
8029489	6.148509
8029507	8.2518
8029521	6.49213
8029530	7.421352
8029536	5.804173
8029541	6.015175
8029547	4.225396
8029551	6.662932
8029560	8.81159
8029580	7.414291
8029592	6.386789
8029615	4.646201
8029617	5.832653
8029624	6.56313
8029640	7.932585
8029642	7.227694
8029669	3.028276
8029671	6.235297
8029688	5.99219
8029693	8.998197
8029701	5.728313
8029710	8.180949
8029726	5.356621
8029728	7.101298
8029744	6.677291
8029754	5.627331
8029759	7.063679
8029773	5.04163
8029779	5.750866
8029784	6.241343
8029814	6.755886
8029829	5.507807
8029831	9.274549
8029845	2.55423
8029847	6.44004
8029854	5.749469
8029856	6.978548
8029870	6.053263
8029884	7.910024
8029894	7.410632
8029907	9.41073
8029914	5.40414
8029918	6.595584
8029939	6.397609
8029950	6.666595
8029958	7.981791
8029969	8.996256
8029978	4.711143
8029988	3.820061
8029996	6.571729
8030002	4.164468
8030007	6.914275
8030015	6.350842
8030022	5.47854
8030035	7.061196
8030044	5.961511
8030049	10.07635
8030064	6.729236
8030067	7.115708
8030076	4.702301
8030078	6.34801
8030092	6.353669
8030094	8.952388
8030105	4.879515
8030113	6.812798
8030128	10.43714
8030133	8.927164
8030148	6.406199
8030158	7.67098
8030171	11.47157
8030181	6.849419
8030187	6.544065
8030199	7.999417
8030212	6.692098
8030220	5.973469
8030251	8.337728
8030277	8.155647
8030292	5.71234
8030299	6.676229
8030321	6.919961
8030339	7.434493
8030351	11.08747
8030360	7.929808
8030362	11.84716
8030364	5.699986
8030366	8.489331
8030368	10.51117
8030374	7.820286
8030383	5.963073
8030391	6.827649
8030393	5.724519
8030403	6.795534
8030416	7.33827
8030429	5.820573
8030437	7.303639
8030448	5.535974
8030470	7.857629
8030498	8.068632
8030525	7.422216
8030539	7.399939
8030557	5.90351
8030563	4.585361
8030569	5.160974
8030578	5.582878
8030582	8.429288
8030630	7.599232
8030641	6.40708
8030671	6.076461
8030677	5.208451
8030706	7.959447
8030721	6.244265
8030731	3.041784
8030733	4.674947
8030736	6.432656
8030749	5.391308
8030753	5.487598
8030768	6.015026
8030782	5.643573
8030789	6.17072
8030796	4.507422
8030804	5.895025
8030813	3.627941
8030823	4.801131
8030831	5.23534
8030838	5.942806
8030840	2.920984
8030842	7.312443
8030844	5.521847
8030846	6.958852
8030848	6.150294
8030860	8.144168
8030866	5.915472
8030871	4.847693
8030879	2.711365
8030881	9.125097
8030899	6.352604
8030908	5.056968
8030914	5.201675
8030925	5.368786
8030931	5.825776
8030939	4.222726
8030944	2.395683
8030946	7.84577
8030950	6.513535
8030954	5.645629
8030964	7.352483
8030969	3.448736
8030972	4.167204
8030974	5.577746
8030978	6.535209
8030980	10.13758
8030982	8.171345
8030991	8.925824
8030993	6.491638
8030997	4.782435
8030999	6.414156
8031011	5.24717
8031013	3.290228
8031027	3.045084
8031029	2.509256
8031031	2.785601
8031035	2.441303
8031037	2.190496
8031039	2.398372
8031045	3.003549
8031047	6.965236
8031057	4.829418
8031076	6.119098
8031084	7.670815
8031090	6.583148
8031097	7.827487
8031102	6.522607
8031122	7.028479
8031145	6.793952
8031152	10.68514
8031157	6.415901
8031176	7.978258
8031196	6.266573
8031200	4.378257
8031207	5.400728
8031213	6.097247
8031223	5.549944
8031238	6.262733
8031253	5.581672
8031260	5.429162
8031277	5.487834
8031293	5.28558
8031297	5.158237
8031311	5.18647
8031328	5.326449
8031344	6.647258
8031346	5.013447
8031358	5.87409
8031374	7.910218
8031387	6.662886
8031398	6.005696
8031414	10.25894
8031439	4.336651
8031441	6.341578
8031466	7.070491
8031475	7.47939
8031483	7.046595
8031489	6.913837
8031495	7.26904
8031499	6.939348
8031511	7.062536
8031514	5.79711
8031516	7.051714
8031522	6.540982
8031526	6.363171
8031536	6.673568
8031550	7.928495
8031566	3.599851
8031568	6.765166
8031570	3.655037
8031573	3.662218
8031576	3.518147
8031586	4.166262
8031600	3.913847
8031617	6.936002
8031622	5.50168
8031629	6.358349
8031632	5.024394
8031640	4.525047
8031646	5.412367
8031650	3.630624
8031659	4.867015
8031669	4.264431
8031675	5.859299
8031680	2.368143
8031682	5.476004
8031684	2.249887
8031686	3.476025
8031690	7.865308
8031700	6.148612
8031712	5.828776
8031714	8.934319
8031720	5.633667
8031726	5.575263
8031732	5.332126
8031737	7.366776
8031744	5.417846
8031748	4.992495
8031750	5.843837
8031759	5.784105
8031762	5.145592
8031768	5.230074
8031778	4.604338
8031784	6.558045
8031792	6.045668
8031799	3.272784
8031807	5.45357
8031815	7.379676
8031821	6.87928
8031825	8.571743
8031827	7.786901
8031837	6.858795
8031840	2.906375
8031843	6.735711
8031847	7.025395
8031857	6.548189
8031865	7.20769
8031867	11.19306
8031871	7.685866
8031884	6.033909
8031893	6.287664
8031899	8.408071
8031906	4.746587
8031908	6.02046
8031913	9.371155
8031931	8.046872
8031933	8.032651
8031939	5.517295
8031949	5.990417
8031956	6.240089
8031962	6.975371
8031973	9.355472
8031981	7.23183
8031984	3.367054
8031990	6.547927
8031992	9.533267
8031997	7.15777
8031999	10.06219
8032009	6.516954
8032023	6.165293
8032034	6.703056
8032037	5.599035
8032051	7.699172
8032057	7.396763
8032070	5.836584
8032076	7.368162
8032088	7.281806
8032094	6.992285
8032106	8.460548
8032127	9.575123
8032137	8.155496
8032149	7.377333
8032157	8.046245
8032197	7.326081
8032208	6.312961
8032212	6.796902
8032214	7.099339
8032224	7.749716
8032232	5.791415
8032249	6.123042
8032265	7.528439
8032273	4.876209
8032275	6.407375
8032284	7.127494
8032290	7.289125
8032312	5.666125
8032347	6.711682
8032365	7.222043
8032371	8.222939
8032375	6.610863
8032380	7.575818
8032392	9.382271
8032410	8.7644
8032418	8.637469
8032455	7.991459
8032465	7.990582
8032473	6.657598
8032478	5.83345
8032480	5.851222
8032484	6.646907
8032491	6.493214
8032507	2.655905
8032509	5.761983
8032518	6.968752
8032525	6.61625
8032530	9.964866
8032544	5.715535
8032553	7.689782
8032576	9.97472
8032588	6.645465
8032595	7.383305
8032601	6.822909
8032608	7.799381
8032623	6.340808
8032637	6.328138
8032650	8.011048
8032670	6.15998
8032682	6.407615
8032699	5.951486
8032718	8.12389
8032730	10.0209
8032749	3.285456
8032751	6.169383
8032755	8.493304
8032761	7.74363
8032770	6.789447
8032782	6.074642
8032789	8.912049
8032804	10.02316
8032815	8.069376
8032829	6.384151
8032834	8.432917
8032839	6.782641
8032863	7.788349
8032871	6.828454
8032899	8.448465
8032909	10.47344
8032922	6.178401
8032926	6.537413
8032965	7.757643
8032972	7.582509
8032974	8.263686
8032996	6.260771
8033002	6.250738
8033023	6.858416
8033025	6.520956
8033043	9.386524
8033054	10.10632
8033064	6.957221
8033069	6.753613
8033075	7.500166
8033097	6.047516
8033118	7.087013
8033135	7.570519
8033151	5.413941
8033159	6.286031
8033162	7.316823
8033179	5.454259
8033190	8.805219
8033207	5.886155
8033233	5.011793
8033241	5.863311
8033248	7.209957
8033257	7.648501
8033300	9.12424
8033319	7.060903
8033330	2.329153
8033332	5.316626
8033349	4.994046
8033352	5.326632
8033356	5.922713
8033359	5.922713
8033362	8.366077
8033385	7.126398
8033392	7.308008
8033414	6.997995
8033420	5.149839
8033433	5.743993
8033445	4.756362
8033455	7.84091
8033458	8.743161
8033460	5.121458
8033462	7.065845
8033465	6.586084
8033479	6.518852
8033487	5.759594
8033554	6.717498
8033564	6.984179
8033571	6.490977
8033587	6.615653
8033598	7.308982
8033605	7.40982
8033635	5.980902
8033662	7.285741
8033667	4.860747
8033674	5.478767
8033734	3.475744
8033736	4.701214
8033738	4.003039
8033740	5.932935
8033742	3.019244
8033744	5.129011
8033746	3.603569
8033754	7.611495
8033767	4.001271
8033780	10.47063
8033789	7.409722
8033795	7.188122
8033801	7.467488
8033809	5.445539
8033813	6.929261
8033818	6.361191
8033825	7.405135
8033892	6.243672
8033899	8.383698
8033912	5.982212
8033956	7.724636
8033960	6.806441
8033969	7.619519
8033987	6.596555
8033996	8.085788
8034021	8.497594
8034034	8.172158
8034043	7.45997
8034055	6.515303
8034075	7.545532
8034084	7.792273
8034097	5.159984
8034099	2.757519
8034101	6.255494
8034108	7.102967
8034122	3.225063
8034130	6.619905
8034151	6.461808
8034199	5.904871
8034202	7.111059
8034210	6.989105
8034217	5.527024
8034227	5.904533
8034249	5.332524
8034263	4.79459
8034276	7.17767
8034286	6.5653
8034297	5.547288
8034299	7.465983
8034304	6.644559
8034313	10.50127
8034315	6.900768
8034320	6.738593
8034326	5.667637
8034330	3.305906
8034332	2.109306
8034334	5.109956
8034342	7.227534
8034344	4.938562
8034349	5.94564
8034370	4.801768
8034379	6.511363
8034390	6.125762
8034393	4.073728
8034395	3.284223
8034401	6.698915
8034408	6.468756
8034416	8.61816
8034420	7.246791
8034448	6.753101
8034454	6.553889
8034469	6.225834
8034482	6.841749
8034512	5.482181
8034514	9.795973
8034521	7.175009
8034544	6.769976
8034555	5.609989
8034565	6.339135
8034578	6.853689
8034583	5.213342
8034589	7.492241
8034605	7.418802
8034608	7.327852
8034615	6.035664
8034631	8.32645
8034643	4.923916
8034694	5.962733
8034696	6.845757
8034698	7.368948
8034700	6.486887
8034712	5.885458
8034722	6.600802
8034744	6.728666
8034747	6.220052
8034754	7.105135
8034762	8.041004
8034772	5.911637
8034783	6.077387
8034806	6.260086
8034821	7.019038
8034827	10.58191
8034837	12.23542
8034843	7.273559
8034851	7.121236
8034871	8.647575
8034873	7.364676
8034890	3.416215
8034892	3.044972
8034897	2.733504
8034899	4.011241
8034901	3.542364
8034905	3.466866
8034907	5.215165
8034920	7.043555
8034940	7.449556
8034974	9.760652
8034983	7.308829
8035007	7.241714
8035023	7.741305
8035040	5.717693
8035050	5.823805
8035069	5.441946
8035078	5.788965
8035080	5.021473
8035083	6.570447
8035095	9.219482
8035110	4.27808
8035120	7.46642
8035144	4.399322
8035146	4.093486
8035156	7.353137
8035175	7.033364
8035177	8.117492
8035187	6.374565
8035193	7.499714
8035201	6.386362
8035232	4.960278
8035236	4.996932
8035249	8.086883
8035254	5.985209
8035271	6.893105
8035278	7.898315
8035297	6.628815
8035304	7.1045
8035311	7.744912
8035315	6.232747
8035318	4.938271
8035345	5.950087
8035351	5.840114
8035380	5.822374
8035398	6.601327
8035408	6.651159
8035435	6.779228
8035445	8.744763
8035449	8.495871
8035456	6.971482
8035465	6.4228
8035477	7.154251
8035494	8.726206
8035506	7.951933
8035517	5.166945
8035539	6.061092
8035551	7.010723
8035553	8.029133
8035566	8.11232
8035579	2.112221
8035581	6.871284
8035600	5.638589
8035612	7.155459
8035628	5.049315
8035639	5.696433
8035646	8.77989
8035648	6.135191
8035666	6.982168
8035682	5.702079
8035684	5.242365
8035694	6.096181
8035703	7.207583
8035714	7.536879
8035737	6.984749
8035765	4.141893
8035773	7.673634
8035779	8.865773
8035782	6.052173
8035789	4.471231
8035793	8.054286
8035795	6.733464
8035801	7.138925
8035803	5.952807
8035808	7.561779
8035813	4.236614
8035819	2.525898
8035825	3.470137
8035829	10.05568
8035831	3.404078
8035836	2.422655
8035838	4.802801
8035842	8.722868
8035847	6.625927
8035855	5.033126
8035863	5.52648
8035865	3.746875
8035868	3.17408
8035880	6.624578
8035884	6.371883
8035886	6.516936
8035896	4.791903
8035901	2.325665
8035903	5.645649
8035905	7.51548
8035935	4.546146
8035937	3.326556
8035939	5.830642
8035941	5.775237
8035956	6.308654
8035958	6.058642
8035980	7.389928
8035993	7.033024
8036004	6.8634
8036010	7.933377
8036025	4.338678
8036027	3.653961
8036029	3.743683
8036031	6.355786
8036033	5.488792
8036038	4.375221
8036045	4.985168
8036055	5.568304
8036069	5.645714
8036072	4.925395
8036079	8.337904
8036103	6.239684
8036110	5.773
8036133	7.068414
8036136	6.392337
8036143	6.189747
8036151	5.350003
8036155	5.262551
8036170	5.516213
8036172	7.241053
8036176	5.303995
8036207	7.031202
8036224	9.628224
8036232	5.717233
8036242	7.26728
8036252	6.510336
8036270	6.661583
8036276	5.734299
8036284	5.443119
8036291	3.907617
8036300	2.630576
8036302	4.285779
8036304	4.299838
8036309	4.500116
8036318	3.630364
8036324	7.251245
8036333	4.88124
8036341	5.587926
8036351	5.114393
8036357	6.04247
8036363	3.073616
8036365	4.295357
8036373	4.518109
8036389	6.2827
8036395	4.462506
8036403	5.449187
8036406	5.198261
8036416	3.272928
8036418	2.565265
8036420	5.373816
8036430	2.931476
8036436	3.890501
8036444	4.085607
8036451	4.395737
8036460	5.561141
8036473	5.952771
8036479	7.744963
8036483	6.6315
8036494	6.348172
8036503	5.333597
8036525	5.293439
8036563	6.04247
8036584	7.176038
8036589	1.882026
8036591	7.213562
8036602	8.487985
8036613	8.651704
8036622	5.678959
8036636	7.344035
8036656	5.578613
8036676	5.697824
8036686	7.658171
8036689	6.296444
8036699	6.544432
8036702	7.233134
8036707	5.865045
8036710	8.00372
8036720	9.172769
8036737	9.935762
8036744	4.910629
8036749	8.016318
8036755	3.742675
8036763	7.042461
8036777	7.178546
8036787	10.24038
8036808	9.502864
8036813	6.103092
8036820	5.331995
8036830	5.767778
8036835	6.576761
8036840	7.519651
8036862	5.729543
8036865	2.588364
8036867	6.337205
8036881	3.572407
8036883	5.238963
8036890	6.201691
8036902	8.717376
8036908	7.383081
8036913	8.553793
8036923	7.834914
8036936	5.094976
8036938	6.431124
8036954	2.735222
8036956	6.215319
8036969	6.752733
8036981	6.202859
8036989	6.662503
8036993	3.808607
8037001	3.711332
8037003	6.61701
8037005	6.640748
8037018	7.039001
8037023	5.573365
8037032	6.931369
8037037	7.225421
8037043	6.069953
8037045	6.061511
8037053	12.80843
8037061	5.355118
8037071	7.903854
8037079	5.108073
8037103	5.606713
8037123	6.570412
8037144	9.472177
8037152	8.23962
8037166	7.560867
8037170	7.343241
8037179	12.20117
8037186	6.277851
8037197	10.49544
8037205	10.99007
8037222	7.312549
8037231	2.939889
8037236	4.620588
8037240	3.810069
8037246	3.703987
8037251	5.422289
8037259	3.089633
8037267	3.122335
8037272	4.722842
8037283	6.534694
8037290	6.273414
8037298	8.253467
8037301	7.862597
8037309	6.31057
8037315	6.999841
8037322	8.030149
8037331	6.546247
8037352	6.286105
8037355	5.080314
8037363	6.341878
8037374	10.11518
8037387	10.85464
8037389	6.562042
8037408	6.003109
8037422	6.43341
8037430	3.79906
8037433	5.609179
8037444	4.134586
8037453	4.658879
8037459	4.081768
8037467	4.92871
8037474	6.493935
8037482	5.813643
8037495	6.912394
8037502	6.594255
8037505	6.18583
8037513	6.819326
8037525	5.199157
8037535	5.644578
8037537	6.258945
8037563	7.832788
8037579	6.669505
8037594	6.52057
8037608	6.2523
8037614	6.096828
8037621	6.288863
8037640	5.9558
8037642	6.358263
8037647	7.383756
8037651	6.880206
8037657	6.487236
8037679	6.642583
8037688	6.454092
8037695	6.803403
8037723	7.199911
8037728	6.828171
8037732	6.401443
8037737	6.153852
8037742	6.333541
8037750	4.957836
8037755	5.332368
8037760	2.250379
8037762	6.01482
8037767	5.54585
8037775	5.679535
8037785	6.192415
8037788	6.947781
8037794	7.932919
8037814	7.60231
8037816	7.134702
8037835	6.160978
8037847	8.038919
8037853	8.223497
8037856	7.049764
8037872	7.347949
8037878	6.05463
8037888	5.854088
8037898	5.58507
8037913	8.713918
8037931	5.621294
8037947	4.86906
8037949	3.932337
8037959	3.121187
8037962	4.966073
8037970	4.473104
8037991	6.369292
8038023	4.75494
8038029	6.922838
8038048	6.050719
8038069	6.118485
8038078	8.86382
8038086	11.1384
8038093	6.809949
8038109	7.461837
8038117	8.617876
8038126	6.986096
8038139	5.561001
8038150	6.798797
8038163	5.833312
8038177	5.290152
8038192	6.260387
8038200	5.610314
8038202	7.043046
8038213	5.74292
8038225	6.839599
8038246	4.738343
8038261	6.542994
8038278	7.047549
8038280	6.485885
8038288	6.166598
8038292	6.614265
8038299	6.416059
8038305	5.56055
8038309	5.206634
8038314	6.69708
8038319	5.635612
8038326	4.581278
8038343	6.106794
8038347	5.625882
8038362	7.342387
8038367	5.353275
8038382	6.696176
8038393	6.526784
8038395	7.658526
8038407	7.156903
8038416	7.390557
8038427	5.210649
8038441	3.35947
8038443	6.651139
8038458	6.939001
8038477	7.976834
8038487	6.886646
8038505	5.407681
8038515	7.748675
8038532	5.107939
8038540	6.802172
8038547	6.564525
8038556	5.471951
8038565	5.388151
8038571	6.93779
8038577	6.458958
8038584	5.728981
8038587	5.082417
8038598	5.934406
8038624	6.189608
8038633	6.361263
8038643	5.44357
8038653	5.488174
8038655	5.33474
8038668	4.215732
8038670	5.388674
8038683	9.170817
8038695	7.766708
8038707	7.269007
8038716	6.51603
8038725	9.740689
8038735	9.588078
8038747	8.619168
8038760	9.421477
8038770	6.521649
8038782	7.318261
8038785	10.27797
8038792	7.11681
8038804	7.076814
8038809	7.366431
8038815	5.085073
8038824	6.465498
8038839	5.699151
8038852	6.686074
8038861	5.760686
8038874	4.697555
8038877	6.886024
8038885	6.103879
8038890	6.916408
8038899	9.082073
8038904	6.132363
8038913	5.132546
8038919	6.548758
8038925	3.631839
8038933	4.361999
8038942	5.406714
8038949	7.308718
8038952	4.278926
8038954	6.096688
8038960	2.459548
8038962	7.23811
8038967	9.13245
8038981	7.2172
8038989	5.90268
8038993	6.591468
8038998	5.843695
8039006	5.104765
8039010	9.96931
8039013	6.341755
8039017	5.653737
8039025	3.256743
8039034	7.448729
8039044	4.730655
8039054	4.278494
8039062	2.780264
8039068	9.044599
8039070	3.642267
8039075	2.538604
8039078	4.546926
8039084	2.24909
8039086	4.704074
8039090	5.936755
8039092	3.024969
8039094	2.691686
8039096	5.149465
8039109	4.973962
8039120	5.57912
8039131	7.014872
8039139	5.303896
8039144	9.415264
8039164	4.902917
8039166	8.378711
8039180	6.082711
8039196	6.753932
8039210	2.109431
8039212	6.776947
8039226	6.304283
8039236	5.281781
8039246	5.489518
8039257	6.423804
8039269	6.802104
8039273	8.256289
8039280	4.337567
8039294	7.899767
8039306	9.075948
8039316	7.387379
8039340	6.193727
8039353	5.108231
8039362	6.079186
8039378	5.981104
8039389	9.050628
8039409	6.761101
8039413	8.586574
8039440	7.248049
8039453	6.299747
8039462	6.207586
8039474	5.218552
8039477	7.541977
8039484	7.074609
8039491	6.322572
8039498	4.700811
8039504	7.411635
8039511	6.888093
8039520	6.841762
8039524	7.605162
8039526	6.283129
8039530	7.567879
8039533	4.122121
8039545	3.707712
8039557	4.454701
8039569	7.092626
8039574	4.40366
8039577	5.02081
8039584	2.289097
8039586	4.030952
8039593	4.935223
8039605	6.321496
8039607	5.861036
8039625	3.218161
8039635	3.705125
8039642	3.425539
8039645	4.912132
8039655	5.933283
8039664	6.639532
8039672	2.851599
8039674	5.727917
8039680	5.817357
8039687	8.229331
8039692	8.022264
8039695	7.023597
8039698	5.887372
8039706	5.823857
8039713	3.502194
8039719	6.862819
8039730	7.559703
8039740	5.092312
8039748	6.520497
8039759	6.482407
8039766	6.659191
8039769	6.086231
8039771	6.263328
8039779	5.786726
8039791	6.145967
8039796	10.6941
8039805	7.884484
8039809	6.32445
8039820	5.713167
8039829	5.072228
8039842	5.626314
8039859	4.897336
8039871	5.338512
8039884	5.921963
8039892	4.785942
8039896	5.921985
8039905	9.048874
8039909	7.647811
8039923	8.248385
8039928	4.1883
8039933	11.18376
8039937	7.13495
8039939	6.557765
8039947	6.859129
8039961	7.490584
8039975	3.590685
8039977	4.548729
8039996	4.622101
8040018	6.005809
8040034	5.830163
8040036	6.492342
8040045	7.102364
8040053	3.339297
8040068	2.883278
8040070	6.228419
8040073	4.128077
8040077	4.762636
8040080	9.253964
8040090	5.78432
8040101	6.862039
8040103	6.874
8040111	3.931652
8040113	8.041066
8040142	6.647478
8040163	5.846739
8040171	2.053463
8040173	6.088062
8040190	10.46009
8040211	7.854519
8040221	4.98081
8040223	5.794363
8040231	5.793396
8040238	7.705279
8040247	4.000295
8040249	7.958373
8040265	6.599533
8040270	5.208491
8040278	7.388412
8040286	2.275164
8040288	3.143226
8040290	8.747978
8040292	4.921204
8040334	11.19342
8040338	13.469
8040340	10.67055
8040362	7.082008
8040365	9.131137
8040372	4.091319
8040374	8.581631
8040386	7.731461
8040413	2.944433
8040415	5.488586
8040417	6.207758
8040419	5.518844
8040426	2.861987
8040428	3.977305
8040430	3.811113
8040440	5.407853
8040456	7.291213
8040458	5.547023
8040463	4.713829
8040467	3.407077
8040469	6.160917
8040473	8.95045
8040477	6.854393
8040479	6.999268
8040483	2.438568
8040488	3.83764
8040490	4.879523
8040503	6.305169
8040514	5.345425
8040516	4.977668
8040522	4.090921
8040528	2.211676
8040530	7.241617
8040541	3.332132
8040547	8.361199
8040549	4.226826
8040552	7.722073
8040576	3.641099
8040578	5.406512
8040587	5.055418
8040614	5.438125
8040618	9.624817
8040630	5.595788
8040632	6.057994
8040639	8.644648
8040655	6.167585
8040672	3.852481
8040690	5.853125
8040695	6.040939
8040698	6.902569
8040712	6.069119
8040725	4.760481
8040742	4.80357
8040753	7.440196
8040774	5.925658
8040792	6.244689
8040802	5.373911
8040815	5.187258
8040827	6.4932
8040831	7.213439
8040843	5.685082
8040889	3.953386
8040898	5.248628
8040908	7.782958
8040927	9.139002
8040949	6.91692
8040960	5.276337
8040980	3.73501
8040985	5.839994
8041000	7.169793
8041015	7.900682
8041027	6.596264
8041031	8.718699
8041048	10.6488
8041061	5.540441
8041122	11.11599
8041138	4.516118
8041149	6.138404
8041168	5.13711
8041170	5.616035
8041172	5.601568
8041179	8.755252
8041197	9.649915
8041204	7.838056
8041206	6.635561
8041212	5.974519
8041223	6.314981
8041225	7.359805
8041234	3.631269
8041236	7.695308
8041255	4.386837
8041257	7.24589
8041273	9.459225
8041281	9.450174
8041283	7.793746
8041360	5.720551
8041383	5.978491
8041420	4.602399
8041422	4.905261
8041445	1.89797
8041447	8.215188
8041467	3.973574
8041487	6.209669
8041495	5.555629
8041508	6.16832
8041519	3.826617
8041536	4.370378
8041540	3.543713
8041542	7.189853
8041553	4.887887
8041561	6.189076
8041568	2.158571
8041570	7.129319
8041582	6.724703
8041592	7.648275
8041617	6.548678
8041638	3.99439
8041640	5.278146
8041642	2.643536
8041644	4.33627
8041676	4.620339
8041696	5.617678
8041711	2.75948
8041713	8.618391
8041727	4.712542
8041745	5.132306
8041759	6.159423
8041763	7.568709
8041781	8.124933
8041804	4.439419
8041808	10.458
8041813	8.189337
8041820	6.304761
8041826	7.898458
8041853	7.178162
8041867	5.699444
8041886	4.752114
8041888	5.328889
8041900	5.410728
8041902	6.585144
8041913	6.939462
8041937	6.615441
8041940	5.165501
8041957	3.903136
8041961	3.271632
8041967	6.973089
8041982	5.801569
8041987	3.445904
8041995	9.349313
8042038	5.61853
8042040	5.546201
8042052	7.533561
8042059	5.400723
8042062	3.668062
8042066	4.570939
8042079	4.737001
8042086	5.899657
8042107	7.922236
8042109	4.715666
8042111	2.875087
8042113	3.488872
8042115	4.421418
8042117	3.125962
8042119	7.977415
8042144	9.877765
8042157	5.276076
8042159	2.433298
8042161	8.990248
8042168	6.04247
8042195	7.512851
8042207	7.10061
8042211	7.941157
8042219	5.890875
8042223	4.990067
8042251	6.851148
8042257	6.997262
8042259	6.977315
8042270	9.851625
8042283	6.69346
8042291	10.02068
8042306	7.112297
8042308	4.382538
8042310	5.176268
8042324	3.591221
8042326	6.185439
8042333	5.953626
8042335	11.65559
8042337	11.6285
8042346	4.17143
8042356	8.687543
8042373	5.080553
8042381	5.460411
8042391	10.08537
8042402	5.311207
8042413	5.723941
8042416	6.175516
8042431	3.225935
8042439	5.503918
8042460	2.314402
8042462	2.830656
8042464	3.470861
8042466	2.447344
8042468	7.858456
8042487	7.98432
8042495	7.406034
8042501	3.175856
8042503	12.96113
8042513	7.17879
8042515	10.29379
8042519	7.160662
8042530	5.75412
8042532	7.567158
8042537	6.746113
8042556	4.341271
8042558	5.688566
8042566	4.78715
8042568	5.237307
8042574	7.70393
8042576	7.95128
8042588	5.888177
8042601	7.587171
8042637	5.651644
8042696	6.595207
8042701	7.015393
8042705	5.943802
8042720	8.345075
8042737	5.88108
8042761	5.050489
8042769	4.580807
8042772	8.194524
8042788	4.477345
8042801	5.491378
8042811	7.509385
8042825	5.999827
8042827	4.821337
8042830	6.521277
8042843	5.109267
8042859	6.78984
8042867	9.129801
8042874	5.547721
8042896	7.624044
8042905	6.700524
8042917	5.705024
8042925	5.822447
8042942	10.32152
8042953	6.346582
8042958	3.95855
8042960	2.485077
8042962	6.140899
8042970	4.33055
8042972	6.04247
8042974	2.448424
8042976	2.349975
8042978	3.527679
8042986	4.298743
8042993	4.668752
8043018	5.092522
8043020	2.618855
8043026	2.284018
8043028	3.330197
8043030	2.373349
8043032	5.879796
8043034	2.905613
8043036	4.846873
8043038	2.091126
8043040	3.002606
8043043	3.604304
8043055	5.092006
8043059	3.421086
8043071	3.381097
8043098	2.452176
8043100	10.08222
8043105	9.30041
8043114	5.939692
8043129	2.221871
8043131	5.796028
8043155	6.475465
8043157	6.00452
8043185	4.53345
8043187	9.383972
8043197	10.49673
8043203	7.387095
8043209	8.398864
8043218	6.731292
8043236	5.614387
8043244	5.714898
8043251	7.071815
8043276	8.553433
8043278	5.473021
8043283	8.906346
8043310	11.00944
8043320	3.91569
8043322	5.242867
8043324	8.943366
8043347	4.329445
8043349	5.114484
8043360	6.306127
8043363	8.722838
8043367	5.447216
8043375	9.328015
8043377	8.926757
8043379	2.13352
8043381	3.609766
8043393	5.580194
8043405	2.855426
8043407	5.567409
8043413	8.919252
8043423	4.159657
8043426	6.360967
8043429	3.989612
8043431	5.845143
8043433	7.457728
8043436	4.224616
8043438	7.522378
8043441	5.848994
8043443	6.80041
8043446	3.721789
8043449	6.659076
8043456	2.331667
8043459	6.291321
8043465	6.180181
8043468	5.080497
8043470	5.53134
8043474	8.10568
8043476	5.784804
8043478	4.486123
8043480	5.447009
8043482	4.079963
8043484	5.87614
8043487	2.389262
8043489	5.185237
8043491	7.146567
8043498	1.455083
8043500	2.919923
8043502	3.118621
8043504	13.01139
8043512	5.311011
8043522	8.986301
8043552	5.174331
8043564	6.919854
8043570	7.282825
8043572	4.312494
8043574	4.03055
8043581	2.97753
8043583	4.552346
8043585	7.774468
8043597	5.228415
8043602	4.087186
8043621	6.501792
8043630	6.320008
8043632	5.703767
8043639	5.243914
8043657	8.290004
8043666	6.423765
8043682	8.726892
8043685	6.0261
8043687	7.840055
8043697	10.38603
8043718	7.324699
8043725	5.360199
8043743	7.224026
8043745	5.446699
8043747	3.915136
8043782	4.959507
8043791	6.08648
8043820	5.854194
8043833	2.072
8043835	3.37089
8043840	5.050843
8043848	7.229756
8043861	7.010515
8043890	5.328722
8043900	4.413729
8043902	5.085926
8043909	9.045586
8043932	6.415106
8043937	8.193911
8043945	8.727028
8043981	8.910995
8043993	5.462017
8043995	8.913404
8044008	6.864803
8044021	3.826583
8044035	4.199226
8044049	4.958002
8044067	6.094965
8044080	6.46634
8044094	5.324525
8044105	3.353338
8044107	2.398694
8044109	7.484784
8044111	5.56016
8044124	4.660844
8044127	6.53745
8044133	9.712795
8044143	3.587098
8044149	3.644356
8044154	6.187668
8044161	9.298487
8044189	6.738655
8044191	4.325436
8044204	3.317971
8044212	4.825471
8044225	2.936044
8044236	9.594293
8044258	8.882368
8044263	7.99407
8044278	3.769123
8044295	6.966159
8044301	8.278944
8044304	9.283928
8044333	8.287116
8044346	6.035887
8044351	8.977119
8044353	5.117489
8044375	7.158367
8044391	8.369071
8044415	7.097489
8044417	8.780787
8044440	6.039241
8044450	6.226044
8044462	6.544249
8044473	5.433261
8044491	5.732974
8044499	9.248246
8044512	5.131086
8044530	3.198241
8044532	3.492095
8044541	6.898998
8044548	10.41878
8044552	8.190483
8044563	5.809843
8044572	2.929629
8044574	11.69692
8044584	7.396696
8044605	6.375327
8044611	6.217911
8044613	7.000644
8044634	5.933569
8044640	6.5572
8044643	3.408602
8044649	7.338245
8044669	7.784972
8044682	7.012096
8044684	2.146259
8044686	11.61133
8044700	3.51088
8044731	5.340509
8044733	5.363755
8044735	2.465881
8044737	2.579897
8044739	2.110493
8044741	4.36019
8044743	2.204263
8044745	7.02002
8044760	6.33463
8044764	5.508286
8044766	7.866041
8044773	6.941896
8044791	5.276484
8044793	6.009544
8044804	7.241317
8044813	7.091303
8044818	3.324023
8044844	5.63517
8044849	4.346541
8044878	2.178605
8044880	3.07172
8044882	6.752059
8044909	2.323206
8044911	2.02669
8044913	2.314251
8044915	6.502212
8044917	2.4628
8044919	8.614042
8044927	6.646757
8044931	2.212632
8044933	5.190579
8044959	3.796755
8044961	5.60433
8044963	5.808384
8044965	7.454023
8044976	4.178272
8045005	2.628603
8045007	2.17659
8045009	5.726589
8045018	6.354744
8045028	2.28624
8045030	5.784802
8045075	5.365681
8045083	7.051285
8045086	4.878571
8045088	4.468249
8045090	7.231565
8045134	2.580693
8045136	8.097236
8045142	10.18478
8045146	6.568652
8045148	6.016698
8045151	2.14632
8045153	2.499905
8045155	2.329036
8045157	2.113506
8045159	2.510182
8045161	2.140159
8045163	2.04837
8045165	4.678935
8045167	5.288219
8045169	2.250778
8045171	7.359875
8045182	6.453017
8045198	6.429507
8045205	3.061486
8045208	8.006419
8045210	4.657027
8045216	5.395227
8045224	5.564125
8045229	6.387599
8045247	9.771378
8045257	3.645081
8045275	3.933251
8045277	2.474132
8045279	9.376308
8045281	2.299553
8045283	2.373348
8045285	2.464056
8045287	8.785748
8045289	6.831026
8045291	6.728097
8045301	6.501283
8045309	6.015595
8045319	4.861629
8045321	9.593256
8045323	7.055864
8045330	2.384651
8045332	7.393009
8045334	3.48409
8045336	4.781114
8045339	4.290443
8045341	3.338449
8045343	2.653513
8045345	5.773745
8045347	3.614913
8045349	6.71521
8045368	3.949189
8045381	8.257973
8045398	8.160501
8045423	5.221004
8045425	5.464779
8045453	3.362552
8045455	9.022025
8045470	3.988471
8045499	6.222615
8045514	7.160467
8045525	3.639661
8045527	3.606062
8045529	2.514903
8045531	2.649639
8045533	5.498596
8045535	4.372344
8045537	2.796425
8045539	10.18224
8045559	4.766643
8045561	1.844421
8045563	5.642416
8045577	2.343035
8045581	5.198605
8045583	2.097507
8045585	2.079595
8045587	7.713246
8045602	2.561092
8045604	5.864986
8045619	6.43039
8045637	5.518074
8045664	7.257839
8045674	4.719731
8045688	7.33661
8045695	5.408759
8045697	6.256984
8045736	5.066274
8045768	5.590547
8045776	3.324761
8045793	5.920464
8045795	5.744297
8045800	2.804362
8045802	2.443104
8045804	10.70265
8045806	2.377996
8045808	3.431265
8045810	2.601833
8045812	2.423882
8045814	5.887489
8045816	8.420592
8045835	10.55924
8045846	6.740589
8045848	4.105348
8045857	5.133044
8045860	7.12743
8045882	4.11692
8045887	7.025501
8045889	8.528031
8045919	10.36501
8045931	2.985956
8045933	6.549253
8045946	6.936144
8045962	5.032827
8045972	2.769069
8045974	3.890423
8046003	6.771682
8046012	2.437302
8046014	2.52015
8046016	2.497046
8046018	4.893285
8046020	3.659361
8046048	4.925364
8046060	2.506956
8046062	3.316988
8046078	3.365373
8046084	3.941306
8046086	8.995353
8046099	3.409839
8046116	3.794926
8046124	10.8077
8046147	4.659392
8046160	4.866457
8046169	6.546056
8046186	4.806254
8046199	4.334967
8046201	7.859713
8046213	5.594213
8046238	5.866542
8046276	6.945135
8046279	6.147656
8046281	2.16612
8046283	4.680887
8046306	7.875962
8046318	4.912486
8046333	6.66269
8046340	8.927248
8046346	7.499341
8046360	4.787794
8046373	6.199933
8046380	5.802037
8046408	7.540724
8046426	6.774137
8046428	4.911497
8046461	4.27799
8046488	4.028593
8046500	5.016435
8046502	4.63065
8046512	3.789117
8046515	11.10857
8046518	6.673866
8046520	3.021658
8046522	3.746183
8046524	7.203475
8046527	4.608824
8046530	5.581398
8046536	5.920434
8046542	6.266625
8046546	5.831677
8046553	2.509377
8046555	6.634311
8046560	4.983526
8046564	7.00624
8046573	5.874394
8046586	3.583402
8046588	3.461565
8046590	9.165865
8046604	6.729976
8046626	2.266419
8046628	4.359581
8046646	3.810779
8046680	6.960655
8046685	7.341594
8046695	5.927647
8046726	9.449913
8046746	4.994581
8046755	6.205611
8046757	2.846435
8046759	6.374932
8046788	3.310184
8046790	3.064429
8046792	3.353867
8046804	5.653023
8046815	4.163177
8046822	2.59561
8046824	3.049664
8046833	3.190319
8046836	2.851951
8046848	8.140407
8046861	8.333651
8046895	4.782461
8046906	9.10527
8046922	6.096434
8046975	5.409131
8046997	6.029162
8047006	4.341774
8047038	5.282523
8047059	8.805998
8047062	4.553752
8047069	6.33385
8047078	8.872406
8047086	5.399049
8047097	8.025194
8047125	2.912621
8047127	8.822966
8047159	6.009085
8047161	10.6212
8047172	2.273695
8047174	5.312525
8047187	3.362032
8047213	4.879832
8047215	3.526479
8047217	8.850372
8047223	6.151936
8047228	8.233438
8047241	5.790074
8047243	5.992435
8047248	3.828345
8047257	4.658304
8047262	5.382855
8047265	5.863426
8047272	9.691257
8047286	7.114629
8047288	3.390161
8047300	3.559182
8047337	2.374485
8047339	11.65268
8047356	5.626125
8047370	3.295277
8047372	5.929982
8047377	2.902021
8047379	7.162584
8047381	9.127906
8047401	7.842706
8047403	6.70531
8047419	6.751524
8047441	4.968869
8047443	7.94188
8047457	2.18842
8047459	2.499898
8047463	2.442501
8047465	2.186379
8047467	3.594733
8047485	2.547751
8047487	6.855567
8047492	4.146733
8047503	3.160875
8047505	3.952827
8047518	6.917556
8047536	2.75189
8047538	8.556584
8047555	2.19243
8047557	7.495643
8047559	2.07824
8047561	2.080753
8047563	4.233313
8047565	6.721666
8047577	5.019367
8047596	8.347409
8047606	7.06896
8047635	10.25985
8047641	5.621782
8047659	5.875221
8047677	4.698414
8047690	2.661584
8047692	4.409781
8047702	3.162352
8047709	7.113849
8047736	7.996969
8047738	5.15408
8047763	4.428541
8047765	4.739053
8047767	2.228571
8047769	3.533499
8047771	5.603383
8047778	3.511206
8047780	4.943048
8047784	5.424479
8047788	3.908326
8047815	5.082889
8047829	3.925709
8047839	9.314392
8047852	2.277252
8047854	9.036819
8047865	7.224697
8047910	3.694041
8047926	5.890549
8047952	5.658792
8047963	4.533454
8047965	4.066484
8048014	7.155437
8048022	3.688491
8048024	2.702506
8048026	4.156606
8048071	3.724226
8048075	6.869215
8048077	2.913723
8048079	2.019132
8048081	6.002886
8048110	2.202949
8048112	4.244313
8048114	3.48058
8048116	8.157422
8048118	2.632653
8048120	7.648619
8048139	4.646988
8048141	5.140357
8048146	9.699593
8048171	6.232144
8048173	4.502399
8048175	5.966543
8048195	6.985526
8048205	6.469243
8048211	6.25984
8048227	7.783495
8048234	10.15313
8048249	5.464779
8048257	6.838137
8048272	5.600228
8048283	8.030775
8048304	7.796202
8048317	6.075667
8048319	4.366581
8048340	7.629208
8048350	4.197255
8048368	2.69897
8048370	5.108136
8048381	5.859734
8048411	6.258747
8048432	5.7889
8048445	6.600776
8048452	6.916379
8048460	7.270501
8048466	6.512261
8048468	7.842696
8048478	7.657948
8048489	6.998986
8048505	6.261511
8048518	6.770286
8048523	7.021955
8048541	6.862504
8048551	5.809577
8048595	6.77645
8048611	4.282866
8048628	6.397124
8048639	6.132193
8048647	6.537887
8048673	6.435753
8048699	5.492954
8048701	3.72554
8048703	6.838591
8048705	5.823995
8048707	4.828388
8048712	6.389977
8048715	2.288815
8048717	7.932005
8048723	3.898464
8048725	3.481079
8048733	8.694057
8048749	5.249697
8048752	5.696848
8048761	6.856227
8048763	6.20012
8048772	7.956551
8048782	5.687184
8048835	6.458683
8048847	9.811718
8048864	6.272862
8048870	3.334952
8048885	3.235017
8048887	2.689027
8048889	6.112796
8048896	2.79678
8048898	6.626861
8048926	6.570309
8048940	6.799586
8048976	6.269618
8048978	2.406029
8048980	10.46414
8048993	2.827847
8048995	7.930248
8049007	5.94871
8049016	8.833315
8049042	5.260894
8049044	5.126525
8049071	6.481261
8049075	6.575067
8049079	6.062815
8049083	7.050824
8049088	6.466352
8049097	6.695586
8049123	6.291975
8049128	6.349818
8049137	6.50621
8049152	5.649506
8049166	7.031922
8049180	7.277884
8049187	6.885151
8049195	7.413694
8049197	3.132888
8049199	7.273595
8049237	4.982093
8049239	7.021462
8049243	5.734592
8049246	6.947188
8049271	6.332769
8049297	8.642589
8049299	7.717269
8049301	4.268116
8049317	5.874318
8049349	6.159744
8049375	5.209481
8049394	4.133331
8049425	2.866882
8049435	6.705537
8049448	6.496567
8049471	4.145173
8049478	5.842123
8049487	8.9668
8049509	6.970928
8049512	8.9508
8049528	9.256197
8049530	9.089796
8049532	6.140684
8049534	6.819016
8049536	8.931218
8049538	8.596165
8049540	6.514197
8049542	4.587911
8049544	5.256703
8049552	4.109739
8049567	7.173596
8049574	9.01473
8049582	5.926517
8049598	6.611663
8049610	6.182426
8049620	6.079343
8049635	5.888114
8049655	2.782539
8049657	6.235415
8049665	2.811933
8049667	4.122739
8049670	7.592389
8049682	7.154701
8049684	6.554845
8049689	7.832336
8049702	5.996569
8049722	5.913845
8049729	7.319911
8049737	6.371758
8049752	5.951066
8049784	7.550716
8049799	6.551635
8049825	5.464958
8049827	8.713656
8049847	7.443152
8049876	7.351346
8049888	7.079969
8049906	5.470504
8049919	6.673332
8049934	6.26626
8049942	6.565492
8049950	6.456486
8049952	6.866451
8049957	3.907666
8049959	5.28358
8049961	6.939392
8049963	5.820835
8049965	7.581763
8049969	7.144767
8049990	7.429774
8049998	6.568839
8050007	5.322978
8050031	4.736413
8050060	6.237727
8050071	7.248668
8050079	6.755285
8050089	8.592043
8050093	5.598849
8050095	4.887568
8050102	7.455347
8050113	6.727536
8050115	4.51813
8050128	8.895169
8050160	9.396826
8050176	5.677696
8050190	8.37055
8050213	5.7761
8050215	10.50378
8050225	2.294291
8050227	5.236285
8050232	8.381854
8050236	3.991926
8050238	4.069357
8050240	8.638649
8050253	7.280913
8050255	6.193543
8050278	9.879018
8050293	4.807081
8050302	6.699396
8050336	5.97384
8050350	9.062945
8050352	5.640903
8050363	5.105543
8050365	2.01485
8050367	6.456465
8050423	4.848948
8050425	6.385582
8050427	6.837779
8050441	7.887073
8050443	5.280781
8050472	2.213002
8050474	6.300976
8050480	4.305319
8050495	2.898014
8050497	5.687631
8050503	3.101721
8050507	4.853455
8050537	4.488394
8050548	11.74231
8050557	9.991882
8050565	9.026646
8050591	5.275962
8050594	7.034706
8050608	6.189123
8050619	4.261056
8050654	2.404256
8050656	3.970538
8050658	6.260106
8050687	4.90063
8050689	4.9031
8050695	7.933143
8050702	8.094025
8050713	4.75225
8050719	8.3601
8050761	3.41233
8050763	6.875717
8050766	5.992966
8050790	5.133821
8050801	2.668013
8050803	2.120591
8050805	5.223708
8050813	6.607244
8050844	4.498821
8050846	6.526746
8050869	4.932143
8050873	2.953456
8050875	6.910378
8050894	5.875335
8050906	5.643537
8050908	8.326472
8050924	5.774883
8050942	5.142817
8050993	4.272714
8051001	5.289301
8051012	7.177211
8051024	5.811874
8051028	5.806662
8051030	5.957718
8051050	6.203612
8051061	6.920898
8051066	7.28696
8051075	7.859451
8051097	6.493052
8051113	7.547095
8051119	8.178102
8051133	7.3237
8051135	5.461764
8051185	2.068792
8051187	6.536836
8051197	6.440289
8051202	3.014112
8051204	6.761729
8051215	7.077579
8051226	4.662264
8051236	2.915759
8051238	5.289402
8051241	5.404801
8051273	3.556886
8051275	6.176365
8051298	6.325481
8051319	4.807032
8051322	9.85114
8051361	8.093164
8051370	7.372895
8051372	6.817527
8051387	8.032842
8051394	4.180577
8051396	4.935146
8051409	2.802542
8051411	4.956442
8051413	6.741275
8051422	6.134087
8051427	6.998062
8051443	9.026148
8051462	6.184011
8051464	7.626734
8051501	8.587105
8051520	3.072865
8051528	4.844156
8051547	5.908896
8051569	2.283526
8051571	2.802671
8051573	7.911234
8051583	5.616079
8051589	7.759141
8051605	6.602143
8051622	8.110959
8051637	4.91998
8051666	3.103088
8051668	5.352799
8051670	7.612495
8051696	2.899892
8051707	7.063394
8051744	4.681064
8051746	5.284823
8051762	5.337706
8051773	4.619973
8051775	2.327947
8051777	7.508397
8051785	4.741739
8051793	6.439628
8051799	6.551504
8051812	2.874862
8051814	9.370656
8051820	6.714542
8051862	2.192233
8051864	3.171314
8051866	4.727909
8051882	7.308532
8051924	2.377117
8051926	5.995414
8051928	7.637218
8051949	7.916007
8051956	2.903444
8051963	5.77106
8051985	7.525399
8051987	4.319902
8051989	4.470642
8051993	4.727319
8051998	7.689049
8052004	4.621457
8052010	7.606693
8052018	6.983188
8052022	8.653697
8052024	8.167385
8052054	2.455827
8052056	3.188383
8052058	3.871929
8052072	3.767076
8052087	6.624816
8052089	3.051841
8052091	4.261397
8052119	2.719212
8052121	3.898411
8052123	4.053409
8052125	8.325559
8052139	4.578498
8052141	5.714194
8052143	6.054523
8052149	7.648173
8052200	5.441323
8052204	8.352098
8052231	5.193619
8052233	4.037886
8052250	5.828489
8052269	5.067921
8052305	2.308399
8052307	8.401461
8052331	6.700572
8052355	6.313024
8052370	7.413753
8052372	2.632283
8052374	3.305669
8052376	5.939665
8052380	4.807406
8052382	5.220465
8052397	7.492663
8052399	5.61058
8052413	4.309536
8052416	7.037046
8052418	4.97961
8052438	3.267657
8052443	8.270424
8052524	4.207739
8052526	8.727397
8052554	3.983149
8052562	7.570831
8052581	2.332119
8052583	5.265027
8052585	3.921741
8052594	4.28581
8052598	4.711573
8052620	5.636106
8052622	7.923074
8052624	7.088114
8052626	5.230053
8052654	11.76263
8052667	5.202294
8052669	10.51025
8052674	3.850896
8052676	6.240901
8052678	2.435724
8052680	10.59424
8052689	6.567564
8052696	4.256255
8052698	7.91755
8052703	5.459516
8052719	5.714207
8052721	8.871855
8052731	4.240513
8052733	2.658698
8052735	5.789241
8052742	4.732258
8052747	3.343839
8052753	2.698978
8052762	9.020079
8052784	5.572732
8052798	7.528254
8052803	8.372194
8052826	4.787941
8052828	6.124203
8052834	6.047404
8052845	8.65452
8052861	7.392365
8052866	7.927115
8052872	9.999958
8052882	4.913683
8052902	4.067344
8052908	5.637321
8052916	5.094521
8052925	7.325524
8052932	6.634312
8052934	5.416175
8052940	6.441281
8052945	2.313059
8052947	4.815014
8052956	8.267409
8052979	5.672624
8052994	7.183729
8053004	7.432549
8053009	5.800276
8053022	6.801267
8053025	5.137967
8053030	6.281214
8053036	5.307504
8053046	8.668916
8053057	4.695771
8053059	7.000843
8053064	9.646347
8053073	5.091846
8053107	7.866556
8053139	6.241531
8053142	5.747755
8053158	6.578839
8053165	7.731627
8053171	6.158539
8053183	6.361727
8053187	5.88024
8053200	5.745267
8053214	7.836923
8053231	5.883585
8053248	5.257969
8053263	5.479119
8053266	4.859936
8053276	2.085253
8053278	4.544182
8053288	4.241654
8053311	6.582967
8053313	3.13119
8053315	4.417419
8053325	3.753793
8053330	2.679523
8053337	3.087029
8053341	2.99406
8053347	3.761805
8053349	4.87074
8053360	3.388549
8053362	2.150746
8053364	3.170861
8053366	6.526504
8053379	6.141439
8053386	4.72618
8053388	8.440089
8053404	2.530223
8053406	7.381012
8053417	8.575238
8053427	3.088038
8053429	6.645819
8053449	6.244924
8053458	7.787936
8053467	5.862117
8053480	7.436225
8053482	3.661556
8053484	6.303845
8053496	6.317543
8053533	6.511761
8053549	3.549496
8053551	4.622738
8053560	4.336345
8053562	9.441212
8053574	2.906537
8053576	9.41398
8053584	6.531667
8053594	3.060724
8053599	8.960137
8053602	5.447216
8053610	8.51658
8053622	8.943366
8053648	6.429794
8053654	3.306828
8053662	5.633068
8053664	3.857465
8053666	5.527089
8053668	7.756624
8053690	6.466801
8053710	6.482671
8053713	7.857171
8053715	2.294739
8053718	3.670664
8053720	3.989612
8053722	8.58687
8053725	5.213439
8053728	6.220499
8053731	6.587879
8053733	6.958521
8053735	5.568005
8053737	5.519781
8053741	5.204784
8053744	5.603567
8053751	3.087939
8053753	5.583558
8053761	5.834792
8053763	6.924679
8053775	5.23296
8053785	2.97753
8053787	3.898567
8053795	5.096141
8053797	10.75008
8053801	11.51069
8053834	10.89616
8053840	6.803001
8053842	7.133778
8053869	6.936525
8053872	6.248491
8053882	7.578854
8053890	8.868446
8053901	10.9552
8053909	8.097597
8053944	6.327525
8053949	6.514494
8053975	7.212817
8053984	5.917916
8053998	7.444718
8054004	5.356534
8054020	5.644056
8054037	3.290023
8054039	2.492889
8054041	2.863245
8054045	7.213698
8054054	10.29234
8054064	9.219757
8054075	2.969059
8054077	6.787048
8054090	4.546903
8054092	7.152281
8054131	5.896267
8054135	6.613524
8054154	7.112914
8054166	3.803905
8054192	5.548157
8054200	3.933975
8054209	5.06038
8054217	5.626419
8054227	7.478508
8054254	4.237771
8054281	5.31863
8054295	5.576028
8054297	5.021753
8054308	7.396448
8054329	10.23545
8054338	5.521616
8054344	3.342889
8054354	7.104455
8054356	6.662696
8054364	5.826743
8054377	8.087224
8054393	3.343946
8054395	8.475484
8054412	3.273453
8054414	9.473837
8054437	4.76242
8054439	5.620677
8054449	8.041887
8054451	4.751153
8054465	5.778934
8054467	7.89619
8054477	8.971647
8054479	11.73986
8054486	3.623103
8054511	5.299186
8054513	5.643932
8054517	6.419155
8054519	8.287116
8054532	9.535682
8054557	9.459637
8054580	4.393868
8054607	4.677423
8054611	8.958013
8054614	6.400996
8054664	4.497708
8054676	9.454532
8054702	3.530751
8054712	7.662683
8054722	9.264351
8054731	4.317589
8054740	7.796792
8054758	5.683997
8054762	9.3432
8054766	5.809755
8054769	6.325653
8054771	9.039565
8054790	5.290269
8054792	5.682305
8054794	3.366772
8054796	5.016754
8054798	2.458677
8054800	3.719039
8054802	3.197556
8054804	7.963266
8054831	6.521844
8054834	4.219824
8054837	4.32831
8054846	4.581347
8054862	6.443291
8054866	5.122818
8054870	7.709369
8054872	6.422807
8054888	7.635222
8054930	6.718112
8054941	2.409968
8054943	2.392749
8054945	6.845557
8054967	4.570728
8054978	6.690054
8054995	4.502769
8054997	7.716187
8055016	6.9158
8055021	7.378201
8055038	6.668765
8055060	7.519625
8055085	6.101912
8055087	2.333802
8055089	5.530244
8055096	6.257323
8055104	7.728369
8055130	8.082982
8055135	6.65929
8055137	3.762905
8055139	5.288808
8055143	4.276405
8055151	11.81358
8055153	3.264578
8055171	5.909359
8055173	5.912982
8055183	6.780942
8055194	4.535523
8055198	2.205814
8055200	2.489169
8055202	4.514188
8055204	9.220175
8055206	1.95963
8055208	7.174617
8055214	4.965472
8055220	11.97168
8055222	3.375795
8055234	4.861629
8055236	3.061486
8055239	6.422372
8055247	6.746691
8055249	7.853214
8055261	8.280458
8055263	3.043469
8055265	5.491379
8055267	2.379733
8055269	2.169157
8055271	2.140159
8055273	2.470685
8055275	1.986499
8055277	2.351826
8055279	3.85386
8055281	5.814655
8055284	6.016698
8055287	7.943974
8055291	7.532012
8055294	4.177006
8055297	4.220872
8055303	2.319791
8055305	3.385544
8055312	2.207361
8055314	6.034185
8055323	5.428911
8055348	5.644621
8055350	4.553279
8055361	2.868843
8055377	3.915669
8055402	2.609482
8055404	6.682389
8055406	3.982039
8055424	3.643357
8055426	5.020103
8055445	8.41856
8055465	10.51644
8055474	4.83157
8055476	10.69316
8055478	5.082988
8055484	2.250894
8055486	6.68856
8055488	1.904372
8055490	3.168888
8055492	4.401692
8055494	4.739627
8055496	4.13315
8055590	2.439902
8055592	4.697969
8055594	2.478873
8055596	5.036955
8055598	2.358595
8055600	2.376315
8055602	2.188248
8055604	3.009018
8055606	6.064139
8055624	6.458204
8055639	4.933931
8055641	5.602785
8055643	2.791663
8055645	6.021309
8055664	4.94577
8055668	3.587642
8055672	9.796881
8055680	2.384074
8055682	3.256739
8055688	12.15041
8055697	4.628447
8055702	5.786593
8055711	4.208544
8055862	7.728497
8055872	4.403094
8055890	7.906
8055909	2.316142
8055911	3.662808
8055913	7.561293
8055941	5.344057
8055946	2.850807
8055948	2.206606
8055950	2.913723
8055952	7.889508
8055965	4.887568
8055969	3.481051
8055978	7.683023
8055980	8.86083
8055992	5.416067
8056005	6.949619
8056020	2.091593
8056022	2.757348
8056039	4.310071
8056041	8.142911
8056045	6.149995
8056047	5.368432
8056060	8.875218
8056100	5.369609
8056102	6.431884
8056113	6.954004
8056151	6.291611
8056184	8.468637
8056201	7.421359
8056206	7.649601
8056215	6.102541
8056217	6.962231
8056220	6.503452
8056222	5.649124
8056250	3.44882
8056257	4.017179
8056285	7.082721
8056303	3.87922
8056323	4.335228
8056327	3.951836
8056343	7.619023
8056359	4.175162
8056361	4.538172
8056363	4.2852
8056376	3.210373
8056408	8.592127
8056426	5.201601
8056457	3.436544
8056489	4.87904
8056491	4.673535
8056518	3.131373
8056545	10.94747
8056566	3.9439
8056568	4.791232
8056570	3.190689
8056572	2.416506
8056583	4.93775
8056611	4.689729
8056693	5.078875
8056710	2.89207
8056716	6.976246
8056726	2.594062
8056728	7.683208
8056730	4.973981
8056734	6.661813
8056753	5.082054
8056763	7.210886
8056766	5.933018
8056784	5.27576
8056790	4.140762
8056792	7.040154
8056794	3.990975
8056798	7.782382
8056810	5.246305
8056812	5.838342
8056821	5.559514
8056823	3.176348
8056825	6.619125
8056829	5.097965
8056837	4.694559
8056860	8.09265
8056877	5.763737
8056890	3.405885
8056909	7.489587
8056930	5.930836
8056943	7.152689
8056959	6.861474
8056963	5.479222
8056966	8.090027
8056968	5.20882
8056972	5.461276
8056975	2.344856
8056977	9.710772
8056983	4.107317
8056993	6.261399
8056995	4.714236
8056999	5.496864
8057004	3.693006
8057034	6.360896
8057045	4.256249
8057056	4.061242
8057377	3.170733
8057394	8.733387
8057416	4.570642
8057418	4.798916
8057439	5.783631
8057441	6.95567
8057463	4.69441
8057480	4.386421
8057486	3.46612
8057506	3.345493
8057517	9.477135
8057554	8.849159
8057557	2.253307
8057559	2.18337
8057563	2.610147
8057574	3.313305
8057576	2.436626
8057578	3.791768
8057599	5.692104
8057613	8.075756
8057615	3.614277
8057620	5.043744
8057677	7.40696
8057689	4.502014
8057700	5.864233
8057711	2.522821
8057713	2.736387
8057719	5.427204
8057732	5.468587
8057736	3.140553
8057742	6.071262
8057744	9.418102
8057771	5.385409
8057797	4.293632
8057803	2.929664
8057817	4.388951
8057819	2.542246
8057821	4.307876
8057887	8.714306
8057898	5.728628
8057929	3.060425
8057931	5.409316
8057933	7.306677
8057954	4.214463
8057959	4.733556
8057990	6.510283
8058024	9.661397
8058052	8.728383
8058063	4.582471
8058075	4.062691
8058091	5.503607
8058104	1.963578
8058106	4.473466
8058108	5.262375
8058118	6.570105
8058127	9.868823
8058145	6.227265
8058147	6.110383
8058159	2.369449
8058161	6.837632
8058182	8.499448
8058195	2.09144
8058197	4.110795
8058199	2.481003
8058201	3.341357
8058203	4.53805
8058221	7.354547
8058238	2.904387
8058256	2.913724
8058258	4.866659
8058273	4.137825
8058295	5.637026
8058333	9.09455
8058335	7.974127
8058340	10.52112
8058342	6.318017
8058344	4.683444
8058346	2.277059
8058348	2.892625
8058350	3.467365
8058373	5.716155
8058386	3.19031
8058388	2.314155
8058390	6.567433
8058411	3.63577
8058415	7.602669
8058428	8.811424
8058450	3.845158
8058456	3.19778
8058458	8.688725
8058460	2.198172
8058462	3.25489
8058477	8.063147
8058486	6.533814
8058496	5.910124
8058498	6.260138
8058509	6.117218
8058512	7.288757
8058514	4.766674
8058516	9.178351
8058518	4.559775
8058520	4.438596
8058524	5.374299
8058530	3.488061
8058535	4.568108
8058542	3.58626
8058552	10.13669
8058566	2.543594
8058568	3.585792
8058570	6.200235
8058591	3.948255
8058604	4.019888
8058614	6.391248
8058627	5.294215
8058658	2.681786
8058660	2.592188
8058662	2.785846
8058664	5.855348
8058666	2.489416
8058668	4.137635
8058670	8.694312
8058693	3.710171
8058695	7.152213
8058708	7.66726
8058765	7.652615
8058824	7.177134
8058837	5.073605
8058849	5.987186
8058855	5.304617
8058857	6.709014
8058866	4.677695
8058869	7.415681
8058905	8.241421
8058912	3.367336
8058914	8.050823
8058927	12.55842
8058940	6.625539
8058971	2.737941
8058973	5.967072
8058985	6.516132
8058997	5.591095
8059012	3.964289
8059014	5.761648
8059019	6.780032
8059026	7.117657
8059028	5.489828
8059067	5.233592
8059071	6.23283
8059081	5.755564
8059097	7.377902
8059111	6.411569
8059139	7.705735
8059158	5.371848
8059177	7.820974
8059186	5.331434
8059211	2.739853
8059213	4.951449
8059222	6.407588
8059244	6.930099
8059249	5.391273
8059277	7.59137
8059279	6.795927
8059301	4.144703
8059319	5.85989
8059339	6.531531
8059341	4.704643
8059343	2.720508
8059345	4.633157
8059350	5.32688
8059361	8.544014
8059376	3.865039
8059387	5.640654
8059393	9.561831
8059413	5.527938
8059470	7.285127
8059475	4.828827
8059477	6.305712
8059525	3.002887
8059532	5.564188
8059538	4.608077
8059549	3.072107
8059551	4.086456
8059565	3.800516
8059576	11.70202
8059578	4.627343
8059580	5.387169
8059596	9.811291
8059642	6.0959
8059648	5.946938
8059650	7.100883
8059672	7.001438
8059674	5.29174
8059680	4.196168
8059687	4.630674
8059689	8.404377
8059708	7.217778
8059710	2.766188
8059712	4.69518
8059716	4.206853
8059720	5.985248
8059729	3.646228
8059731	7.908084
8059739	7.5451
8059744	6.772856
8059748	6.097239
8059770	6.1838
8059776	3.259899
8059783	5.178296
8059799	2.831817
8059801	6.594409
8059832	4.877171
8059838	5.685491
8059852	4.273832
8059854	10.0879
8059862	2.539192
8059864	7.567704
8059868	5.600656
8059876	3.296609
8059878	4.549812
8059900	5.055863
8059902	4.35423
8059905	4.650455
8059949	4.009726
8059951	5.856091
8059953	3.207367
8059955	6.226221
8059965	3.708196
8059969	5.410744
8059985	5.371964
8059989	6.587497
8059996	7.381162
8060020	4.839136
8060030	5.633667
8060061	5.935477
8060063	6.855553
8060080	3.478931
8060082	5.25044
8060084	3.245175
8060086	5.390797
8060094	7.435497
8060101	6.730042
8060103	6.147206
8060126	7.107658
8060134	5.880316
8060187	9.513598
8060196	5.576184
8060205	5.720485
8060225	9.914322
8060255	2.233935
8060257	7.381586
8060274	6.802279
8060286	4.867076
8060294	6.738767
8060303	3.321379
8060308	4.788508
8060314	2.576716
8060320	3.392698
8060325	6.567022
8060330	6.602664
8060334	6.780574
8060339	5.849216
8060344	6.5134
8060353	6.824768
8060368	2.221397
8060370	8.536982
8060379	7.980388
8060395	3.259224
8060400	4.845612
8060416	4.221401
8060418	8.707781
8060427	8.203566
8060432	6.074341
8060447	5.656222
8060461	3.277338
8060484	6.114608
8060501	6.580558
8060503	9.214759
8060505	6.601216
8060526	5.361578
8060528	6.165383
8060533	6.660689
8060539	6.871934
8060594	6.548897
8060599	7.32796
8060604	7.144226
8060611	6.197843
8060625	2.14227
8060627	6.804636
8060660	6.338212
8060675	5.936958
8060698	7.056263
8060705	7.385335
8060722	7.706085
8060734	3.930925
8060736	7.379343
8060738	9.101864
8060741	4.827178
8060745	6.55956
8060758	7.428761
8060765	5.10039
8060772	7.411031
8060790	4.644249
8060792	5.188401
8060796	6.590022
8060803	6.689683
8060805	5.367438
8060813	4.354143
8060835	2.619832
8060839	5.749141
8060850	6.240094
8060854	4.951021
8060893	2.53194
8060895	5.870347
8060897	4.305854
8060940	4.721364
8060947	4.415053
8060949	4.739657
8060963	4.567217
8060977	5.762986
8060988	7.120982
8060997	5.974932
8061013	4.727152
8061019	4.419058
8061035	5.120423
8061064	4.023191
8061066	2.189703
8061073	6.481696
8061075	7.529214
8061082	3.646003
8061092	3.519438
8061094	4.764122
8061112	4.719361
8061114	8.113637
8061122	4.72965
8061127	2.093377
8061129	6.026013
8061136	11.7854
8061138	4.975488
8061154	5.965353
8061165	5.941918
8061167	5.225194
8061169	5.427552
8061171	4.771532
8061184	4.923329
8061186	8.482477
8061211	6.818095
8061222	6.188034
8061224	2.974443
8061227	8.332518
8061247	7.694835
8061262	6.877833
8061272	3.55528
8061303	6.343382
8061305	6.191508
8061324	7.377635
8061357	5.641288
8061364	10.68395
8061366	5.144571
8061368	6.958823
8061373	7.520036
8061382	3.550044
8061389	4.442039
8061396	2.649862
8061402	5.002165
8061404	5.433484
8061406	5.350158
8061414	6.491977
8061416	7.459774
8061426	4.024981
8061428	6.795129
8061445	6.214708
8061447	7.063192
8061471	3.923543
8061481	5.107972
8061483	5.199124
8061490	5.831723
8061497	6.575462
8061504	4.262296
8061507	4.21851
8061509	5.370746
8061517	2.217906
8061519	4.295091
8061529	5.463562
8061542	8.447021
8061562	7.035976
8061564	7.531362
8061572	5.790602
8061579	4.929624
8061605	4.769464
8061620	4.820278
8061645	4.835133
8061647	6.641769
8061653	6.158283
8061666	5.857442
8061668	7.357673
8061685	7.877415
8061706	6.418343
8061715	6.954004
8061725	6.595661
8061742	5.177421
8061746	4.846585
8061772	9.277262
8061780	5.525253
8061799	4.766407
8061815	5.269596
8061831	5.064235
8061847	4.430142
8061859	4.08102
8061869	4.77106
8061883	4.592134
8061894	6.635164
8061912	4.688133
8061916	3.832803
8061919	6.645021
8061940	7.771395
8061944	6.741991
8061946	6.607731
8061958	9.309361
8061966	10.05306
8061982	5.752534
8061986	10.30726
8062016	8.089991
8062023	7.363152
8062034	10.13538
8062041	6.825582
8062064	5.558422
8062108	6.127447
8062117	2.931972
8062119	6.621512
8062123	5.719572
8062134	4.791746
8062137	5.97155
8062174	8.987849
8062190	5.351068
8062206	6.480285
8062211	5.736954
8062213	7.048472
8062235	2.677247
8062237	3.808056
8062251	6.774041
8062284	6.777528
8062286	6.983635
8062293	7.637666
8062312	7.401758
8062319	6.902281
8062326	9.428009
8062337	7.32474
8062339	6.47306
8062347	4.880169
8062349	8.591333
8062371	7.436384
8062377	8.026383
8062395	5.289358
8062404	5.617777
8062409	6.847525
8062427	7.178586
8062433	7.989066
8062444	4.476716
8062461	4.806499
8062478	3.880837
8062480	6.30644
8062490	7.006527
8062492	8.81756
8062527	5.790887
8062532	6.908593
8062539	5.61855
8062545	5.817841
8062555	4.653352
8062557	6.272217
8062569	6.5143
8062571	9.194503
8062576	6.425987
8062599	5.32734
8062601	3.632518
8062603	10.48011
8062623	6.946994
8062658	6.208136
8062681	6.104753
8062687	6.303452
8062689	3.53599
8062691	2.41764
8062693	2.302152
8062695	8.147878
8062705	5.691037
8062728	6.118712
8062748	5.816203
8062766	5.763801
8062782	5.763062
8062794	4.648789
8062796	5.399238
8062813	5.433245
8062821	2.216449
8062823	6.370934
8062842	5.742177
8062844	6.030183
8062852	5.455412
8062862	2.946216
8062864	6.836564
8062873	6.884338
8062880	9.694977
8062890	6.455438
8062908	8.813162
8062927	8.966237
8062933	3.100379
8062944	3.591639
8062948	6.094442
8062962	4.535353
8062964	7.960395
8062971	7.055419
8062981	7.884692
8063000	8.786108
8063011	4.745591
8063014	7.032983
8063019	3.793183
8063024	2.760728
8063026	3.409442
8063028	8.126072
8063043	6.001351
8063057	6.452532
8063071	5.173139
8063074	5.462275
8063078	9.593431
8063097	6.773448
8063115	7.138837
8063129	4.287136
8063156	6.549664
8063171	3.479352
8063174	4.122253
8063177	7.259624
8063187	8.513362
8063209	4.168666
8063211	9.473393
8063240	5.259021
8063242	7.88235
8063283	6.525218
8063313	6.542885
8063315	6.675499
8063337	7.052844
8063345	7.041316
8063347	6.016344
8063349	2.906314
8063351	8.118904
8063369	8.430519
8063380	5.468092
8063382	5.779747
8063386	8.080262
8063389	5.303094
8063394	8.448146
8063408	3.832414
8063410	11.76645
8063417	7.660627
8063427	5.32869
8063433	2.935213
8063437	4.770156
8063442	4.637055
8063444	4.008452
8063447	2.137069
8063449	7.272044
8063453	3.985924
8063458	4.095894
8063473	10.54217
8063476	5.30992
8063478	6.801027
8063484	6.191059
8063497	6.463404
8063509	8.482772
8063522	3.987864
8063524	5.172657
8063526	6.089164
8063531	5.310241
8063534	2.55963
8063536	8.050186
8063545	2.893504
8063547	5.29356
8063549	5.877404
8063551	2.839046
8063566	7.134731
8063583	6.437516
8063590	4.982809
8063601	5.220234
8063607	8.914806
8063620	7.638162
8063634	6.380327
8063636	7.727151
8063650	6.025513
8063668	8.379207
8063697	7.194744
8063716	3.324941
8063723	5.592745
8063729	5.354196
8063739	5.412618
8063755	4.884553
8063761	6.769673
8063785	4.670672
8063793	4.167511
8063796	5.846003
8063814	5.658821
8063835	4.848301
8063839	6.39519
8063857	7.292317
8063869	4.946169
8063873	9.079672
8063893	8.645693
8063903	6.327357
8063914	7.567806
8063921	2.888914
8063923	10.13276
8063942	5.424815
8063949	7.086529
8063955	8.954877
8063970	7.727262
8064003	5.413916
8064007	8.758785
8064014	6.995924
8064029	4.904455
8064031	6.58075
8064042	6.849313
8064059	7.275262
8064098	5.284644
8064100	10.88196
8064108	6.711731
8064111	6.542725
8064156	8.012439
8064168	7.353846
8064175	6.737494
8064188	7.620344
8064191	8.900168
8064203	6.236089
8064208	9.813113
8064216	6.757925
8064218	7.15547
8064242	6.467494
8064245	6.257846
8064261	6.059032
8064277	5.14218
8064302	7.720971
8064319	2.50226
8064322	4.296993
8064336	8.546987
8064351	9.724371
8064370	7.625547
8064375	10.07292
8064382	5.980294
8064384	6.396664
8064388	8.516504
8064394	8.14964
8064396	5.282862
8064407	6.331285
8064415	4.659035
8064418	10.34549
8064430	6.646859
8064432	5.593136
8064438	8.423334
8064451	5.84572
8064462	2.973587
8064464	4.712776
8064471	5.635136
8064485	5.561173
8064495	4.21491
8064500	2.100226
8064502	7.247097
8064514	4.473715
8064522	7.275952
8064539	5.226887
8064557	6.460333
8064575	6.16842
8064581	6.989635
8064591	7.032931
8064601	7.475772
8064613	8.574061
8064637	6.505358
8064676	7.354997
8064686	6.998418
8064716	6.289259
8064739	6.202201
8064751	6.408023
8064762	7.157374
8064766	7.56979
8064779	6.204761
8064787	4.487128
8064790	7.143747
8064808	6.855693
8064831	6.426811
8064833	8.028833
8064842	6.640194
8064844	6.785583
8064857	9.651257
8064859	4.200604
8064864	2.447698
8064866	5.644989
8064868	10.15792
8064879	5.848516
8064894	5.731875
8064900	4.586164
8064904	5.247687
8064926	3.996734
8064928	2.950329
8064939	6.795946
8064952	4.553277
8064967	4.690192
8064976	6.215388
8064978	6.818053
8065009	3.704237
8065011	3.896366
8065013	6.022002
8065018	5.496778
8065032	4.7984
8065045	3.546346
8065067	2.333395
8065069	5.127194
8065071	5.972514
8065080	2.413318
8065082	5.644078
8065084	5.449934
8065089	5.78991
8065120	4.788236
8065122	5.413593
8065124	3.731235
8065134	2.784619
8065136	9.419807
8065163	1.936939
8065165	6.912368
8065185	6.49517
8065194	5.953108
8065200	3.824444
8065202	5.392888
8065230	4.812922
8065240	2.858165
8065242	5.035613
8065244	3.19898
8065248	4.602371
8065252	4.404667
8065254	10.20181
8065256	7.191601
8065278	4.986209
8065280	7.884305
8065321	2.522698
8065323	4.026641
8065325	7.206857
8065327	8.077618
8065330	7.300478
8065332	3.439125
8065334	4.742452
8065339	2.916769
8065344	6.230511
8065351	3.69084
8065353	7.551372
8065359	6.302968
8065363	4.541828
8065370	5.389037
8065372	6.279605
8065386	4.697903
8065388	4.256999
8065392	2.563297
8065396	4.578264
8065400	5.372804
8065403	9.829383
8065410	6.822352
8065412	5.128081
8065416	6.58564
8065421	5.227052
8065427	5.070291
8065433	7.358409
8065444	6.144389
8065460	5.355926
8065469	9.322129
8065485	7.406254
8065510	6.25562
8065515	4.492964
8065517	5.780359
8065527	6.253997
8065537	4.372351
8065541	6.998467
8065547	2.428226
8065550	7.047494
8065552	3.665091
8065555	4.092766
8065563	3.689415
8065566	6.732561
8065569	9.960603
8065576	6.094172
8065580	6.184139
8065596	5.805994
8065603	6.953559
8065607	8.187366
8065612	6.286579
8065630	3.8992
8065633	6.370215
8065637	7.0137
8065652	4.379123
8065668	5.864202
8065683	6.80249
8065693	6.484162
8065710	6.8422
8065719	5.773411
8065730	7.202869
8065738	7.541378
8065752	2.600152
8065756	5.85648
8065758	5.319198
8065762	6.683221
8065776	7.740056
8065795	5.371924
8065798	6.475466
8065817	6.920886
8065832	8.194214
8065853	2.404153
8065855	6.111616
8065868	9.850596
8065880	6.477515
8065889	6.362229
8065905	4.359036
8065911	5.253825
8065920	6.288504
8065948	7.199836
8065963	7.857219
8065990	3.063443
8065992	6.883675
8066009	9.777542
8066025	3.726682
8066027	2.162066
8066029	2.149775
8066031	6.22182
8066038	5.567188
8066051	7.118647
8066072	5.159995
8066074	5.554553
8066091	5.916248
8066117	8.458125
8066136	5.206294
8066161	4.32564
8066189	5.376482
8066195	9.144582
8066198	6.341866
8066200	5.864384
8066210	1.595567
8066212	5.376017
8066214	8.756755
8066231	6.186882
8066247	5.999948
8066254	5.482249
8066256	8.571951
8066258	7.144266
8066260	7.922172
8066262	9.938461
8066266	7.027781
8066273	3.976118
8066275	4.22997
8066279	5.701977
8066294	4.762316
8066303	7.096374
8066343	2.77431
8066345	3.729906
8066347	5.277017
8066382	2.23002
8066384	3.403257
8066391	6.448607
8066393	6.074974
8066402	8.700237
8066407	5.783957
8066411	4.490246
8066417	10.36051
8066431	5.623085
8066444	5.254655
8066451	6.715236
8066461	7.450233
8066475	5.409059
8066482	5.546418
8066489	5.891345
8066493	11.97923
8066498	6.060618
8066513	10.66619
8066521	4.887259
8066530	2.916383
8066536	5.392793
8066542	3.982136
8066549	3.404684
8066557	4.207949
8066559	3.178102
8066567	10.60448
8066569	3.082633
8066574	4.959168
8066579	5.274626
8066590	5.563163
8066598	6.800761
8066609	5.817117
8066612	6.213257
8066619	5.842155
8066637	6.334765
8066641	6.820162
8066668	7.433418
8066683	5.940559
8066697	7.270631
8066716	7.079381
8066739	4.110267
8066745	5.378263
8066754	5.890863
8066757	5.919857
8066776	6.136333
8066786	8.940598
8066818	2.202248
8066820	4.899447
8066822	6.877797
8066848	7.037967
8066889	8.81935
8066905	8.501293
8066921	5.505633
8066925	4.361348
8066939	11.17692
8066953	6.582165
8066960	3.115126
8066962	5.528199
8066964	8.45377
8066981	6.04371
8066983	6.766253
8066985	5.923257
8067007	10.08582
8067011	8.563848
8067017	7.537714
8067029	6.439349
8067033	6.450745
8067040	6.114392
8067055	8.226036
8067087	5.889831
8067094	5.657413
8067111	4.208303
8067113	9.761084
8067121	6.43193
8067125	10.8503
8067140	6.940396
8067155	3.889813
8067157	3.781629
8067165	4.292224
8067167	4.82688
8067178	4.688133
8067183	6.744295
8067185	4.879303
8067197	2.323253
8067199	2.469838
8067201	2.846444
8067203	5.397129
8067206	6.640851
8067208	4.582506
8067221	6.848714
8067233	7.069688
8067242	6.439751
8067248	6.04327
8067270	6.669217
8067277	6.127666
8067279	7.839858
8067288	6.848754
8067295	8.16951
8067303	7.087544
8067305	3.18674
8067351	7.835313
8067358	4.481956
8067361	7.388302
8067380	5.12261
8067382	7.322812
8067394	5.714492
8067409	7.220862
8067495	6.481469
8067506	6.802798
8067521	7.544521
8067530	6.916328
8067543	7.368034
8067546	7.383787
8067551	7.189251
8067554	5.833983
8067563	7.986502
8067585	6.998282
8067588	5.541173
8067593	7.391003
8067602	5.922036
8067610	5.920108
8067626	5.65655
8067652	7.140823
8067662	9.209114
8067671	6.683146
8067680	7.663151
8067709	7.403982
8067722	6.89356
8067727	6.729681
8067743	6.576419
8067754	6.911279
8067756	5.876449
8067773	5.890477
8067792	6.780335
8067798	6.540358
8067802	7.875442
8067812	7.727603
8067818	4.847404
8067820	8.418868
8067822	3.877519
8067825	3.29092
8067834	2.581935
8067836	3.117633
8067839	2.715669
8067842	2.509068
8067844	3.01428
8067858	2.631879
8067860	3.268799
8067864	6.97058
8067867	7.525845
8067869	3.776508
8067877	3.467205
8067899	3.236092
8067901	3.056288
8067903	8.309883
8067932	4.660068
8067942	5.310898
8067944	2.949364
8067946	4.132952
8067948	4.050022
8067950	3.454571
8067955	10.12136
8067963	6.689167
8067965	3.141491
8067969	5.364295
8067978	10.93664
8067981	3.515463
8067983	4.527767
8067985	4.058931
8068006	2.824207
8068014	2.28785
8068020	2.765542
8068022	4.732997
8068024	3.895983
8068039	6.875276
8068044	3.042264
8068046	5.170178
8068052	2.876007
8068057	3.414357
8068062	6.996201
8068083	5.557081
8068100	3.298596
8068105	8.40382
8068120	4.533454
8068126	4.033669
8068130	3.0009
8068136	5.897812
8068139	3.23206
8068145	6.667584
8068151	5.848511
8068154	4.738911
8068157	4.546801
8068161	4.494333
8068164	3.055001
8068168	7.32272
8068180	5.588924
8068192	5.082054
8068200	6.308785
8068202	8.276489
8068214	2.839904
8068216	2.913357
8068218	4.464682
8068220	4.149092
8068231	5.663634
8068235	6.809047
8068238	8.377914
8068254	10.55944
8068266	9.869576
8068280	9.151249
8068289	8.614279
8068305	6.885409
8068350	5.167834
8068353	7.958281
8068361	8.864419
8068363	4.798615
8068369	4.187401
8068375	5.366625
8068383	8.13468
8068391	3.106356
8068393	2.159989
8068395	2.370704
8068397	5.614435
8068399	2.554449
8068401	6.187365
8068410	7.182065
8068413	6.067745
8068422	7.300775
8068460	8.242377
8068478	4.805434
8068494	4.200016
8068496	5.53812
8068510	7.205359
8068512	6.190892
8068520	2.78264
8068522	6.290326
8068543	4.362943
8068551	8.606206
8068570	2.741738
8068578	4.994103
8068583	7.197177
8068593	9.712079
8068608	2.767312
8068610	2.807546
8068612	6.847316
8068620	4.228981
8068633	9.832657
8068644	7.278883
8068651	5.850667
8068660	2.987589
8068662	2.838801
8068664	4.764856
8068671	9.170025
8068684	8.208053
8068697	9.046374
8068713	8.515751
8068731	4.729563
8068735	3.667152
8068740	5.5736
8068761	8.787924
8068786	5.938615
8068788	4.781702
8068810	8.257871
8068833	7.618821
8068857	6.617801
8068866	6.758761
8068883	7.087918
8068891	5.476575
8068894	5.51864
8068898	8.883039
8068902	5.843771
8068919	8.092165
8068938	6.609668
8068952	6.960335
8068974	7.653566
8069003	6.039296
8069026	6.789713
8069037	6.655801
8069057	8.287418
8069083	6.611068
8069085	6.076461
8069122	5.797134
8069131	5.960168
8069133	2.147106
8069135	6.335031
8069142	7.930558
8069146	5.112486
8069148	6.369928
8069150	7.07608
8069153	6.553433
8069156	5.777909
8069161	6.550225
8069168	7.247334
8069174	6.392531
8069178	5.728831
8069200	5.048385
8069208	7.486959
8069252	4.84952
8069269	7.443848
8069301	7.646654
8069332	4.471896
8069340	6.104982
8069348	5.806459
8069399	6.114202
8069444	3.68525
8069446	5.998777
8069448	2.350198
8069450	6.719219
8069470	9.139228
8069472	2.389008
8069487	2.778061
8069494	3.870645
8069499	2.129171
8069503	7.09813
8069505	7.543715
8069508	7.43429
8069511	7.528246
8069517	5.70878
8069519	7.76493
8069521	2.606093
8069532	5.561571
8069541	5.723395
8069553	7.455441
8069559	2.482949
8069561	7.839434
8069563	3.194989
8069565	7.738086
8069574	7.152279
8069582	2.804117
8069608	2.280805
8069610	4.454668
8069612	3.395299
8069620	6.634311
8069633	6.142295
8069644	10.63512
8069666	6.836317
8069668	4.712406
8069676	4.924953
8069689	4.573574
8069700	5.369389
8069711	6.400234
8069744	4.559724
8069753	6.56343
8069764	4.457204
8069766	4.610336
8069768	2.887852
8069770	3.555868
8069790	3.521731
8069795	6.710011
8069800	4.349801
8069804	3.704216
8069808	3.505457
8069811	5.549635
8069813	2.703228
8069818	3.356556
8069822	5.322159
8069827	3.15642
8069831	4.56027
8069836	2.972214
8069838	5.332279
8069841	2.969405
8069845	3.977844
8069848	5.892822
8069852	6.148356
8069855	3.500908
8069859	3.063138
8069863	6.039981
8069868	4.336704
8069872	5.448002
8069876	3.760138
8069880	8.590117
8069910	7.180322
8069933	5.938046
8069943	6.635232
8069983	6.255795
8069985	7.611524
8069987	5.839808
8069991	4.595203
8069998	6.622001
8070010	6.377014
8070046	6.010668
8070073	4.451399
8070081	5.800663
8070083	6.45991
8070097	4.248298
8070102	6.440229
8070129	6.864904
8070141	6.06518
8070160	7.6959
8070169	7.22002
8070171	4.435183
8070173	5.208778
8070182	6.74429
8070194	7.876455
8070213	2.759857
8070215	5.559272
8070231	4.544133
8070233	4.329072
8070239	5.984806
8070255	3.144489
8070257	5.943326
8070269	7.854421
8070279	3.694048
8070286	5.159002
8070295	4.163396
8070297	3.652319
8070315	4.471841
8070321	4.796616
8070328	4.53983
8070330	6.606518
8070341	8.338469
8070386	5.971118
8070389	8.049527
8070396	4.059558
8070398	3.796273
8070411	9.925193
8070421	4.709731
8070458	5.86753
8070467	12.56371
8070482	5.889148
8070489	10.29987
8070503	5.662305
8070538	7.661659
8070557	6.94995
8070563	5.005666
8070567	6.206796
8070574	5.519242
8070579	8.115284
8070584	6.20355
8070601	3.604227
8070603	5.353504
8070615	6.092593
8070629	5.093595
8070632	6.316854
8070655	8.636534
8070665	9.583124
8070681	5.541893
8070689	4.659965
8070701	12.12731
8070708	5.137246
8070712	4.400482
8070714	2.876034
8070716	6.073425
8070720	6.75959
8070730	5.433848
8070744	6.235184
8070755	2.224727
8070757	6.519186
8070771	7.646099
8070777	7.461517
8070780	6.844443
8070782	6.938256
8070786	7.028932
8070789	7.525321
8070791	6.878362
8070795	5.888562
8070799	6.754111
8070811	8.35896
8070819	11.24622
8070826	7.630294
8070847	5.792019
8070853	6.0625
8070863	4.923266
8070867	5.803592
8070876	6.057722
8070891	6.376516
8070896	6.055576
8070900	5.678831
8070905	5.383551
8070912	6.392324
8070925	6.429922
8070933	6.837036
8070953	6.783973
8070961	6.279988
8070988	6.305093
8071020	5.292607
8071036	4.683707
8071042	3.800083
8071044	6.132045
8071049	4.298808
8071051	6.24755
8071058	2.443129
8071061	4.87416
8071063	4.342562
8071069	6.905722
8071084	6.232761
8071086	5.33769
8071107	6.172985
8071119	7.336747
8071134	6.319117
8071136	6.925097
8071147	5.966363
8071155	6.501877
8071161	3.818979
8071168	6.233737
8071170	6.00334
8071179	7.321862
8071185	6.021213
8071194	4.192991
8071196	4.689237
8071202	2.351672
8071204	3.109135
8071206	5.124349
8071212	4.508278
8071234	6.88537
8071259	6.423189
8071268	6.432592
8071272	7.958828
8071274	8.05618
8071276	6.300867
8071289	7.658111
8071301	6.866854
8071312	7.298468
8071314	6.862626
8071332	6.783426
8071339	5.911637
8071355	6.212364
8071357	5.792033
8071361	3.64494
8071368	8.432237
8071371	4.300714
8071373	3.4313
8071375	3.855226
8071382	6.538998
8071390	2.980063
8071392	8.081013
8071411	5.457602
8071414	5.154202
8071420	4.355772
8071426	7.611269
8071434	8.534381
8071442	2.846465
8071444	5.676581
8071466	6.046004
8071489	5.549128
8071504	4.822901
8071516	6.979334
8071523	3.595732
8071530	6.101411
8071532	4.744428
8071536	7.288822
8071541	8.371572
8071543	4.300714
8071545	3.4313
8071547	6.660705
8071554	5.956141
8071559	6.428945
8071564	5.750907
8071566	7.998969
8071593	8.10523
8071595	5.875207
8071597	5.755208
8071642	5.645792
8071646	4.488321
8071649	8.746561
8071655	8.156708
8071658	5.327273
8071662	6.439121
8071671	6.016326
8071676	5.798172
8071691	8.917715
8071713	7.418989
8071715	6.549296
8071717	5.296659
8071737	9.035275
8071745	5.837257
8071758	6.211702
8071768	7.285955
8071783	5.858206
8071801	3.820169
8071804	7.319495
8071806	8.218083
8071809	5.257879
8071817	4.181951
8071819	6.093475
8071823	6.657345
8071861	6.377234
8071877	7.281813
8071881	9.222034
8071899	7.199636
8071907	5.85362
8071920	7.922174
8071927	7.446826
8071951	6.490194
8071953	5.613926
8071981	7.005821
8071989	7.139098
8071997	6.892344
8072004	6.922918
8072007	4.88702
8072009	6.854649
8072015	5.442947
8072039	5.719268
8072088	4.641134
8072108	4.780466
8072113	5.739171
8072122	6.849156
8072124	5.965671
8072131	2.382922
8072133	5.88579
8072139	1.805264
8072141	3.881011
8072143	5.531749
8072153	7.740615
8072160	5.528523
8072170	7.032338
8072187	2.160772
8072189	7.540946
8072206	9.064317
8072216	6.957127
8072226	3.052781
8072229	4.684578
8072242	6.775381
8072266	5.316165
8072272	5.867094
8072274	7.871164
8072279	9.870168
8072302	7.15942
8072304	3.639024
8072314	4.841878
8072316	6.273504
8072328	7.250024
8072344	4.692298
8072346	6.219676
8072353	5.861544
8072355	4.495615
8072358	5.908778
8072360	5.544258
8072374	6.087811
8072382	7.068846
8072400	3.880412
8072407	9.428544
8072411	5.491378
8072413	6.985523
8072436	6.136559
8072454	7.582272
8072461	7.861101
8072482	5.588281
8072484	6.470783
8072486	5.515979
8072488	7.044573
8072494	6.897325
8072529	6.268504
8072573	3.492973
8072575	3.228174
8072577	7.044093
8072582	5.419701
8072584	3.750255
8072587	5.742815
8072603	4.689991
8072605	2.445562
8072610	8.634352
8072626	6.630795
8072636	4.777392
8072645	8.198753
8072659	9.447581
8072678	11.23635
8072687	6.911529
8072705	5.181727
8072710	8.170339
8072721	4.53128
8072727	2.163543
8072729	5.814063
8072731	1.983525
8072733	3.365613
8072735	9.234639
8072744	6.829416
8072757	8.564489
8072775	2.572044
8072777	6.77498
8072784	6.896735
8072796	6.326599
8072798	7.503645
8072817	8.065018
8072825	7.345928
8072847	7.576908
8072870	7.624265
8072876	7.832094
8072883	6.745614
8072894	7.324774
8072924	4.294913
8072926	10.06121
8072931	6.090496
8072941	7.153464
8072946	8.827229
8072960	3.349007
8072962	7.031065
8072979	7.237089
8072989	6.404139
8073007	8.722941
8073013	8.244527
8073015	4.682917
8073022	5.210224
8073032	5.219497
8073039	9.150466
8073056	8.652678
8073062	7.961681
8073068	6.81612
8073072	6.868663
8073081	5.923548
8073088	4.851519
8073096	5.072601
8073104	6.482186
8073114	5.636492
8073129	7.774132
8073135	5.852528
8073148	8.00862
8073152	5.582819
8073192	8.615236
8073194	5.453517
8073207	5.929021
8073214	6.57286
8073242	5.862464
8073259	6.574865
8073293	5.438467
8073296	5.947065
8073309	7.005138
8073311	6.213665
8073328	3.998857
8073330	2.583015
8073332	2.990502
8073334	6.762647
8073341	3.345733
8073343	6.630832
8073345	8.231899
8073379	6.814153
8073397	7.613461
8073422	7.071277
8073430	8.111495
8073449	6.970504
8073457	8.84316
8073470	5.594519
8073474	5.348425
8073511	6.208863
8073513	6.15852
8073522	7.860134
8073544	3.015587
8073546	7.307292
8073548	4.599247
8073562	4.546262
8073573	6.991712
8073578	7.232095
8073582	5.228024
8073585	5.708993
8073596	5.23203
8073603	7.328152
8073605	6.237619
8073612	7.150512
8073623	6.672577
8073631	4.808996
8073633	4.94417
8073645	6.539186
8073662	6.056966
8073680	6.426782
8073682	5.905295
8073698	5.190202
8073705	6.74696
8073733	8.169813
8073743	7.0798
8073752	8.124508
8073766	4.174088
8073775	5.822849
8073799	7.003967
8073816	6.163918
8073822	6.382385
8073824	6.883009
8073826	6.422577
8073842	5.880964
8073858	4.64891
8073875	6.387152
8073890	6.286817
8073909	8.149752
8073924	5.39852
8073929	7.269308
8073939	5.434485
8073941	6.540183
8073943	7.009429
8073949	6.299796
8073960	9.692343
8073962	4.865883
8073992	6.840883
8074003	7.666899
8074020	6.352128
8074030	7.104658
8074057	5.291666
8074059	3.870307
8074061	9.344134
8074063	7.352527
8074070	7.292905
8074082	6.566615
8074106	6.610253
8074108	6.462187
8074131	6.746477
8074153	5.986557
8074157	9.244055
8074168	5.99804
8074170	4.259542
8074192	4.222082
8074194	3.72876
8074196	6.566033
8074201	3.355812
8074204	3.326059
8074210	3.045437
8074212	6.002945
8074223	6.757735
8074227	5.785146
8074237	6.169429
8074249	3.439944
8074251	8.660942
8074261	7.649193
8074274	6.028574
8074286	5.940498
8074307	6.301588
8074309	3.573005
8074316	7.143427
8074330	4.191589
8074335	4.996223
8074349	7.600923
8074364	5.308019
8074371	6.400352
8074384	7.45299
8074388	7.671214
8074399	4.820322
8074432	6.388445
8074458	6.783456
8074464	7.58581
8074473	6.792102
8074481	5.990957
8074498	6.604082
8074522	6.340219
8074541	6.70995
8074556	2.586065
8074558	6.64044
8074565	6.375072
8074569	6.22058
8074577	8.280014
8074591	3.485528
8074593	5.72692
8074597	4.085665
8074606	6.292315
8074615	5.107331
8074617	6.271513
8074632	6.170204
8074640	3.188383
8074642	6.235623
8074644	9.587847
8074647	7.549184
8074688	6.492479
8074695	6.224558
8074701	5.524107
8074712	6.101411
8074714	5.840364
8074716	7.193334
8074730	6.238955
8074734	4.715018
8074737	3.595732
8074744	3.4313
8074746	4.300714
8074748	8.335559
8074769	3.273291
8074771	5.622269
8074773	6.59427
8074780	5.982988
8074789	4.778488
8074791	9.386564
8074806	6.614273
8074817	6.44324
8074836	3.718184
8074842	6.865439
8074845	5.000574
8074853	3.42371
8074856	4.809187
8074867	6.077121
8074869	4.601313
8074878	7.916889
8074880	5.011984
8074884	3.2946
8074886	2.38107
8074888	6.299731
8074890	6.042152
8074892	6.525702
8074897	4.502337
8074909	7.273693
8074916	4.002726
8074925	8.722296
8074927	8.164816
8074931	6.096717
8074934	6.225285
8074939	7.132743
8074944	6.378057
8074956	3.887185
8074958	3.709909
8074962	5.257879
8074969	6.833696
8074972	4.567755
8074978	3.270796
8074980	7.710341
8074988	2.96093
8074991	6.50909
8075005	6.41449
8075009	8.22266
8075016	5.99613
8075024	5.983785
8075026	4.231112
8075049	4.857204
8075052	5.993196
8075059	3.696408
8075061	2.689487
8075063	6.269702
8075089	7.744093
8075106	6.881415
8075118	6.18372
8075126	5.834395
8075130	9.347715
8075142	4.446279
8075160	5.030762
8075164	3.552203
8075182	9.25332
8075190	5.212056
8075192	2.371229
8075198	2.226251
8075200	6.917401
8075211	6.363962
8075217	7.693657
8075239	6.385314
8075263	6.297166
8075276	7.036929
8075285	9.58806
8075306	5.012758
8075310	4.9569
8075316	9.531162
8075322	6.308287
8075332	6.850198
8075343	8.152397
8075363	4.361077
8075365	6.190894
8075375	4.253658
8075390	5.281049
8075401	5.880504
8075406	6.055203
8075423	6.074136
8075430	6.68345
8075458	6.475465
8075462	7.224402
8075468	5.561773
8075477	3.90641
8075479	3.527508
8075481	3.903085
8075483	10.61087
8075493	7.317556
8075505	2.634832
8075507	7.478435
8075529	7.331267
8075542	7.155593
8075550	5.031011
8075553	4.76381
8075555	4.950866
8075564	3.875602
8075569	4.404364
8075585	8.619808
8075600	3.746591
8075616	5.754846
8075633	6.019658
8075635	4.211239
8075637	6.62765
8075657	6.238478
8075659	5.528461
8075668	6.158469
8075673	8.840934
8075691	10.70461
8075693	2.816775
8075695	5.668135
8075705	7.803013
8075707	2.238749
8075709	6.459448
8075720	6.540459
8075728	9.184854
8075778	5.956699
8075785	5.204172
8075798	8.625063
8075817	7.107325
8075820	3.9558
8075828	6.214804
8075838	5.7227
8075846	4.870277
8075850	4.489599
8075857	8.788522
8075863	6.273884
8075865	6.045163
8075886	5.915055
8075897	6.143832
8075906	7.275929
8075910	8.217575
8075918	5.283545
8075921	5.526818
8075924	5.792904
8075934	6.580785
8075956	4.882505
8075963	6.758664
8075969	5.227095
8075971	7.124092
8075981	4.75841
8075992	6.179261
8076002	7.044209
8076007	6.276276
8076025	5.744839
8076046	8.031004
8076056	10.51141
8076072	6.981267
8076077	10.10306
8076094	3.645884
8076113	4.373206
8076128	9.676914
8076137	8.406727
8076161	5.80348
8076169	6.905751
8076176	7.224456
8076185	6.986353
8076193	4.54696
8076195	6.397802
8076209	10.45587
8076219	6.098385
8076221	6.080636
8076223	7.514008
8076225	7.1107
8076231	3.445913
8076239	3.324122
8076241	7.014803
8076260	6.408727
8076272	9.107216
8076292	4.533454
8076298	8.859403
8076300	4.243783
8076302	7.041221
8076307	6.401449
8076327	4.590696
8076329	3.61624
8076331	7.106785
8076339	6.452059
8076344	6.650164
8076355	6.333477
8076365	7.166055
8076374	7.234893
8076382	3.558998
8076384	4.794105
8076387	7.057477
8076393	5.84605
8076403	7.421108
8076415	2.533859
8076417	7.350988
8076424	7.204097
8076431	6.329069
8076436	7.413334
8076441	6.68257
8076449	8.552204
8076455	8.190013
8076461	8.715436
8076463	2.822744
8076465	8.890879
8076481	8.166865
8076493	4.856159
8076497	7.339265
8076509	6.249304
8076511	10.30691
8076513	7.631246
8076515	7.542749
8076533	8.457663
8076547	6.14198
8076561	6.358375
8076563	7.005782
8076569	7.692789
8076584	6.641128
8076586	6.037926
8076612	4.311191
8076644	4.547112
8076655	5.369151
8076668	5.586224
8076673	5.888254
8076677	6.805027
8076690	6.937341
8076704	3.11098
8076732	7.630531
8076734	6.682951
8076739	6.098291
8076744	5.868426
8076747	8.404494
8076749	5.778676
8076754	4.31685
8076757	6.715537
8076792	7.990565
8076813	4.739024
8076815	5.135814
8076819	4.893896
8076826	5.653662
8076836	7.25609
8076851	7.475006
8076865	6.175968
8076882	5.042194
8076894	5.809077
8076909	6.151018
8076937	6.665728
8076962	5.98893
8076978	5.850651
8076998	10.21994
8077036	7.006572
8077042	7.39623
8077082	6.699809
8077099	7.05223
8077103	7.536619
8077116	6.576535
8077123	6.395444
8077160	7.344198
8077169	3.636754
8077171	7.749066
8077185	6.063288
8077192	5.825431
8077198	3.906814
8077204	5.705586
8077211	7.120791
8077226	5.565311
8077238	7.087083
8077250	6.802279
8077262	4.867076
8077270	4.631447
8077299	4.036572
8077323	3.231032
8077351	6.813282
8077353	4.738798
8077366	3.432092
8077370	5.613704
8077376	5.936259
8077441	10.43513
8077450	9.297876
8077458	9.437528
8077472	3.945856
8077490	6.158402
8077499	2.650255
8077503	5.25044
8077511	2.91474
8077513	6.831086
8077526	9.383507
8077528	8.454287
8077550	7.937046
8077572	5.368815
8077595	6.33952
8077612	6.529242
8077635	6.053027
8077652	9.317918
8077663	7.008637
8077668	5.879891
8077688	6.721075
8077712	6.334361
8077728	5.681487
8077731	5.171244
8077768	2.58134
8077770	7.841047
8077777	4.039929
8077779	7.548084
8077781	6.871143
8077786	8.144699
8077804	6.630208
8077815	5.577743
8077817	5.961073
8077833	4.912627
8077851	7.609911
8077858	8.258451
8077877	4.98864
8077879	6.02614
8077899	7.040389
8077914	5.698061
8077929	4.660405
8077931	8.372921
8077942	2.878088
8077944	6.290654
8077958	6.306975
8077970	5.815914
8077989	6.272109
8077993	7.52801
8078008	6.616313
8078012	3.793811
8078014	8.341689
8078033	5.981818
8078046	4.530259
8078066	4.752554
8078091	7.694259
8078110	6.734581
8078134	3.373285
8078136	6.940403
8078138	7.788815
8078147	6.282364
8078155	4.944535
8078173	5.889706
8078187	5.179469
8078196	3.598598
8078214	10.08993
8078225	4.619201
8078227	8.145536
8078248	9.374065
8078252	5.44002
8078260	6.176641
8078262	7.087951
8078270	9.214582
8078272	9.537146
8078284	4.944987
8078286	6.498321
8078300	5.533544
8078305	5.266289
8078310	4.144392
8078312	5.129055
8078319	3.29337
8078330	4.358906
8078350	9.203335
8078360	9.4365
8078378	6.000819
8078380	5.233291
8078382	3.633271
8078386	6.77436
8078395	4.834327
8078397	5.674063
8078405	6.912012
8078412	6.506918
8078435	7.06155
8078442	4.795894
8078450	6.466395
8078461	4.834963
8078479	10.17404
8078497	3.753033
8078527	4.376522
8078529	3.855372
8078542	4.527028
8078544	6.074612
8078565	2.141247
8078567	5.888314
8078569	7.143991
8078600	8.400034
8078605	4.696038
8078619	5.80692
8078650	6.048031
8078663	5.014118
8078665	7.176678
8078688	4.06826
8078690	5.740366
8078729	9.393646
8078738	9.984751
8078759	5.303536
8078772	5.521046
8078784	4.761662
8078805	5.394075
8078818	4.76388
8078832	4.650311
8078834	8.211338
8078857	5.531446
8078888	4.168579
8078896	3.551236
8078898	7.036376
8078905	8.8292
8078916	6.366748
8078918	7.304018
8078920	5.003752
8078933	4.798076
8078956	2.439764
8078960	4.652828
8078962	5.891556
8078971	6.897077
8078984	7.070917
8078991	4.95713
8078999	5.756045
8079005	5.448887
8079019	10.24185
8079021	9.399666
8079037	7.389583
8079060	6.919807
8079074	7.261363
8079079	6.530358
8079099	6.504551
8079107	5.603249
8079117	6.224401
8079124	6.756453
8079131	5.142462
8079138	4.85524
8079140	11.00916
8079149	9.304338
8079153	11.02846
8079163	3.325353
8079165	5.436956
8079167	7.690275
8079170	6.491008
8079187	3.932932
8079189	5.04775
8079198	2.760365
8079204	4.447059
8079217	5.953361
8079224	3.898956
8079229	4.738798
8079237	3.080676
8079274	6.452396
8079279	5.042625
8079294	5.815318
8079305	6.751028
8079311	6.009139
8079334	7.259301
8079346	7.503553
8079370	4.281035
8079375	2.520209
8079377	5.284875
8079383	4.294988
8079392	4.858876
8079401	5.201318
8079407	8.358871
8079415	3.175934
8079420	5.14094
8079422	3.161822
8079426	5.736168
8079433	5.494491
8079462	7.553966
8079517	6.916183
8079532	6.919561
8079561	3.170227
8079563	6.153066
8079590	6.002567
8079598	5.524971
8079613	2.679325
8079615	3.275427
8079628	4.775462
8079630	7.134277
8079637	5.926018
8079662	6.798069
8079677	6.922905
8079693	7.785982
8079707	7.623371
8079719	3.494639
8079731	3.122332
8079733	7.557215
8079740	3.780431
8079742	2.940524
8079744	2.605463
8079746	7.673158
8079753	7.004855
8079759	4.757244
8079772	7.071284
8079796	6.522265
8079839	4.868016
8079842	6.342293
8079867	5.559454
8079869	8.245913
8079896	8.075183
8079919	4.885485
8079931	4.930556
8079950	8.746685
8079964	7.139743
8079966	6.397818
8079988	6.775113
8079993	6.638029
8079999	3.179245
8080001	5.606889
8080013	7.41092
8080028	5.339575
8080082	3.370829
8080084	8.148161
8080093	7.310654
8080100	6.785223
8080121	7.284329
8080128	5.436577
8080138	2.816099
8080142	4.823536
8080144	6.18486
8080158	6.794819
8080162	6.483361
8080168	6.580925
8080184	9.077912
8080198	5.997739
8080212	6.679242
8080226	5.702571
8080306	4.383618
8080320	7.098984
8080344	5.928001
8080416	5.677749
8080419	9.510025
8080438	8.413706
8080445	5.222047
8080466	5.560114
8080487	9.133602
8080509	3.457874
8080511	5.290387
8080562	4.194528
8080578	4.764246
8080617	3.861424
8080619	6.345989
8080621	4.443576
8080640	4.152845
8080645	7.145774
8080674	3.480246
8080676	5.275169
8080683	3.513621
8080685	9.358329
8080714	8.440035
8080762	5.695847
8080773	6.591889
8080781	6.15611
8080804	5.641469
8080810	4.717114
8080847	3.747025
8080853	4.695448
8080855	3.291963
8080863	2.520266
8080868	3.662671
8080878	7.795169
8080894	3.832141
8080896	6.212339
8080911	4.723022
8080918	3.010524
8080923	8.507385
8080926	8.677284
8080936	6.283186
8080938	5.908614
8080956	2.72639
8080958	7.744881
8080960	5.67599
8080962	4.078027
8080964	3.213714
8080973	8.487785
8080980	5.480739
8080983	3.403569
8080987	3.661731
8080989	2.274348
8080991	10.06789
8080994	3.213657
8080998	7.759683
8081001	4.733253
8081028	6.599988
8081030	4.190158
8081032	3.882233
8081036	4.23896
8081051	2.442705
8081053	4.822811
8081055	9.428242
8081065	2.692766
8081067	4.377591
8081069	7.661269
8081073	7.063877
8081079	2.39341
8081081	3.611032
8081103	3.015162
8081105	4.971249
8081107	2.210328
8081109	2.388104
8081111	2.509256
8081113	2.085381
8081115	5.735867
8081128	7.682878
8081135	8.194927
8081138	3.197964
8081158	3.551525
8081171	7.557747
8081192	2.977967
8081194	2.654594
8081196	2.460561
8081198	2.771617
8081200	4.014178
8081202	2.771725
8081204	2.90728
8081206	2.616975
8081208	3.658607
8081210	2.524848
8081212	3.081943
8081214	5.576137
8081217	4.455592
8081219	5.014615
8081233	3.036984
8081235	4.270523
8081241	4.467152
8081254	5.027693
8081256	8.317809
8081277	5.621803
8081288	3.817136
8081298	2.987823
8081316	7.867212
8081331	2.373349
8081333	2.269911
8081335	3.829488
8081337	2.596732
8081339	3.219416
8081341	2.9513
8081343	5.297625
8081348	8.281946
8081354	3.335829
8081356	2.275441
8081358	6.210666
8081362	5.386927
8081375	4.605836
8081386	9.421752
8081405	4.743727
8081407	4.078432
8081427	4.16327
8081429	3.679457
8081431	8.652473
8081452	2.272303
8081454	3.459602
8081456	2.274181
8081458	3.327393
8081460	2.689573
8081462	3.153271
8081465	7.524226
8081488	4.012037
8081501	3.655163
8081503	5.10357
8081537	4.071638
8081546	3.675221
8081548	4.9286
8081564	5.775867
8081582	8.057174
8081590	5.179694
8081612	5.94596
8081620	4.827978
8081631	4.218436
8081645	7.130844
8081657	4.923923
8081667	8.57274
8081676	6.432255
8081686	4.961366
8081710	6.733518
8081740	9.46058
8081758	8.91979
8081779	6.988337
8081786	5.371992
8081799	4.434138
8081808	3.002281
8081810	5.543663
8081818	4.207774
8081820	5.816879
8081822	3.305754
8081826	8.47271
8081838	5.220286
8081853	5.493759
8081867	8.074059
8081878	8.313229
8081880	4.635012
8081890	6.174016
8081903	3.294131
8081925	3.815115
8081941	3.333864
8081943	2.462257
8081945	8.198812
8081951	2.331031
8081953	6.673714
8081959	3.429838
8081989	2.955831
8081995	5.092213
8081997	4.425648
8082003	6.205462
8082012	10.58057
8082035	5.488048
8082046	5.011548
8082058	9.813025
8082066	6.434111
8082075	8.230247
8082086	4.37531
8082100	8.748814
8082118	3.188383
8082120	10.2229
8082133	5.168749
8082153	6.351513
8082163	7.057603
8082165	5.154373
8082229	6.342781
8082236	3.302609
8082238	3.66451
8082240	2.63627
8082242	3.213345
8082244	7.564479
8082246	7.004459
8082248	7.204874
8082250	5.378353
8082252	4.141465
8082254	6.49274
8082261	5.849798
8082270	4.523829
8082289	6.247681
8082298	4.981798
8082305	6.44436
8082314	6.215569
8082347	4.957374
8082350	6.237177
8082368	6.328092
8082380	7.466875
8082400	5.866774
8082406	6.398356
8082408	8.840414
8082422	6.995747
8082431	10.93609
8082442	6.77645
8082444	6.905036
8082465	6.682547
8082473	5.758774
8082478	7.9125
8082504	8.495703
8082517	6.571693
8082523	6.106341
8082552	5.27826
8082560	6.68204
8082570	3.802017
8082572	2.248956
8082574	5.693076
8082583	3.910584
8082585	3.735693
8082597	3.924351
8082605	3.983737
8082607	7.083914
8082643	4.443239
8082663	6.421771
8082667	6.292345
8082673	6.583749
8082688	7.214358
8082745	2.780206
8082750	6.217495
8082767	3.783081
8082774	5.493291
8082786	2.059258
8082788	8.965144
8082797	4.795258
8082816	6.213195
8082827	5.365297
8082846	5.31439
8082869	6.095513
8082886	6.581335
8082905	4.897423
8082911	7.447373
8082916	6.696551
8082926	5.100318
8082928	5.14052
8082940	6.879507
8082965	5.300634
8082974	5.044981
8083000	5.096146
8083011	5.467991
8083025	5.279005
8083030	7.775571
8083032	13.44688
8083034	5.207734
8083053	4.573579
8083063	6.83882
8083071	6.177762
8083075	6.91729
8083090	10.02753
8083092	8.855848
8083094	8.434175
8083119	6.499091
8083129	4.006011
8083136	5.409933
8083142	3.07332
8083144	2.300821
8083146	9.736706
8083164	7.095315
8083166	3.953489
8083183	7.606803
8083214	6.907729
8083221	7.38724
8083223	9.284744
8083227	4.127746
8083229	2.86926
8083233	4.022452
8083240	4.435088
8083246	3.547818
8083260	3.174332
8083272	8.164833
8083282	7.093297
8083301	4.273429
8083310	8.559022
8083318	4.58951
8083320	2.515485
8083324	9.809547
8083333	6.676213
8083352	9.433173
8083360	4.238338
8083407	4.949925
8083409	3.124445
8083415	2.458888
8083422	2.941276
8083429	8.016797
8083445	5.890834
8083447	6.422567
8083453	4.306077
8083455	3.083227
8083457	8.944625
8083463	4.155919
8083467	2.230895
8083469	6.839956
8083471	7.404541
8083492	3.722321
8083494	7.508669
8083523	6.890514
8083538	3.839658
8083546	4.536591
8083569	11.38052
8083576	4.516958
8083592	3.530992
8083594	3.375378
8083599	3.946176
8083605	6.0769
8083616	4.448095
8083630	5.684064
8083652	6.579966
8083656	8.835352
8083673	6.345225
8083677	5.39603
8083690	4.866825
8083704	5.131535
8083707	6.12092
8083709	10.33001
8083737	5.536461
8083739	3.672259
8083743	4.068148
8083745	3.207878
8083747	2.372235
8083749	7.949175
8083757	7.406681
8083770	5.439053
8083775	4.652755
8083777	6.095104
8083779	4.418645
8083792	8.262911
8083794	6.98051
8083808	3.723737
8083814	3.781867
8083826	6.904744
8083839	7.572224
8083848	4.570876
8083850	5.357988
8083852	2.697884
8083854	8.563913
8083876	9.038484
8083887	7.04691
8083893	5.333044
8083895	3.228864
8083897	4.067636
8083901	9.813675
8083933	7.254613
8083935	4.829418
8083937	2.598654
8083939	2.734848
8083941	5.411033
8083968	4.078172
8083978	7.012161
8083994	2.464519
8083996	3.317971
8083998	2.597332
8084000	2.89206
8084002	3.813474
8084012	5.102461
8084014	2.55631
8084016	8.359447
8084035	4.654124
8084045	7.633319
8084064	5.830355
8084067	6.046502
8084092	8.412091
8084100	4.154874
8084122	6.142681
8084124	2.27282
8084126	2.57525
8084128	6.42479
8084146	8.524539
8084165	6.258274
8084169	2.872078
8084171	2.946458
8084173	8.452111
8084206	9.93503
8084213	5.237528
8084215	4.968759
8084217	2.927769
8084219	9.934633
8084232	7.031518
8084266	5.018422
8084275	4.621351
8084284	4.982169
8084299	2.797027
8084303	6.548357
8084323	8.100401
8084345	9.080808
8084360	6.996967
8084382	5.177911
8084397	5.862493
8084423	7.137043
8084439	8.372117
8084478	5.77416
8084488	7.091482
8084496	5.962543
8084524	7.090842
8084541	6.482388
8084589	8.474682
8084605	5.19405
8084607	7.665031
8084627	4.061229
8084630	5.443417
8084634	8.291782
8084648	4.004438
8084657	3.980581
8084668	3.180874
8084679	3.630516
8084694	9.40167
8084704	6.738555
8084708	7.377747
8084710	5.015034
8084715	7.444446
8084717	8.146429
8084726	5.931008
8084732	6.865243
8084737	2.806205
8084739	6.619307
8084742	9.093991
8084755	3.224349
8084757	9.219024
8084766	4.982657
8084788	5.239521
8084794	9.479839
8084812	3.949795
8084814	3.146138
8084818	6.463862
8084832	4.995405
8084834	2.670522
8084838	4.91045
8084844	8.110263
8084878	5.024317
8084880	9.856923
8084887	4.917534
8084889	5.469325
8084891	6.550689
8084895	11.62464
8084904	10.94887
8084912	9.739218
8084917	6.803564
8084921	5.235813
8084923	4.471175
8084927	4.021502
8084929	5.635209
8084941	5.845903
8084943	3.85192
8084945	5.753798
8084947	6.075905
8084951	6.345082
8084955	5.360528
8084963	7.707203
8084971	7.63642
8084982	5.627288
8084986	7.745757
8085000	6.400597
8085024	4.154382
8085026	10.08345
8085033	5.546493
8085052	2.907615
8085054	6.547927
8085056	4.086173
8085058	4.145892
8085062	3.210234
8085081	6.968721
8085094	6.962144
8085112	4.143865
8085114	2.810462
8085116	5.688782
8085118	5.6518
8085120	5.305221
8085122	6.015725
8085138	4.870152
8085145	6.262517
8085164	5.82596
8085193	6.326981
8085195	6.889319
8085206	5.85028
8085220	6.360497
8085233	6.579144
8085244	4.644372
8085253	4.783258
8085255	5.391613
8085263	9.645178
8085272	6.558649
8085276	6.434739
8085283	5.680446
8085287	3.406697
8085293	6.517118
8085300	7.109872
8085311	5.625595
8085340	7.43514
8085350	5.599319
8085360	5.106287
8085370	9.248938
8085372	5.36337
8085374	9.664903
8085393	9.570335
8085407	5.151557
8085412	7.140409
8085429	6.415505
8085431	6.173652
8085475	6.682393
8085481	4.943673
8085486	6.197888
8085504	5.497261
8085529	2.472808
8085531	5.650948
8085537	5.993201
8085554	4.112607
8085556	7.182455
8085571	5.898999
8085579	2.338893
8085581	6.01235
8085606	5.761209
8085608	6.057246
8085628	6.974412
8085660	6.801053
8085665	6.486133
8085676	4.180168
8085689	6.290433
8085714	10.08571
8085716	8.060609
8085730	2.325312
8085732	2.961204
8085749	2.576533
8085754	3.730441
8085768	6.001252
8085770	2.811342
8085772	2.218184
8085774	3.221399
8085784	3.244969
8085786	3.271972
8085788	7.060051
8085797	7.342172
8085811	3.945628
8085813	4.72225
8085815	7.490639
8085852	7.334829
8085867	4.703579
8085912	2.47175
8085914	5.749235
8085946	6.28962
8085954	7.004602
8085967	5.917918
8085970	3.709023
8085972	3.01934
8085984	7.892703
8085999	9.113684
8086008	6.159657
8086024	5.210908
8086028	7.460138
8086048	6.526426
8086051	5.963713
8086057	7.120078
8086075	4.273324
8086077	7.360283
8086120	3.787374
8086125	7.131806
8086139	3.818408
8086141	5.848158
8086148	9.844912
8086150	7.674001
8086181	4.828583
8086183	5.92204
8086185	6.935567
8086201	8.720716
8086216	3.832352
8086218	2.542506
8086222	4.985485
8086255	4.489947
8086283	3.912757
8086313	2.768822
8086315	3.322902
8086317	7.625689
8086330	9.382036
8086341	6.017712
8086344	5.056944
8086350	2.995856
8086352	4.949749
8086368	4.574429
8086370	2.183952
8086372	5.269267
8086389	3.001927
8086391	5.737387
8086400	4.793428
8086406	4.683352
8086417	8.233842
8086419	5.618935
8086434	6.188716
8086451	8.471792
8086457	4.164109
8086462	6.777511
8086465	2.788
8086467	7.276616
8086482	6.307036
8086494	5.672564
8086498	6.386264
8086503	7.01948
8086505	8.466983
8086517	10.43571
8086530	8.156651
8086536	2.913723
8086538	6.869839
8086540	5.423688
8086555	4.920894
8086572	7.875843
8086595	5.470808
8086600	6.997753
8086607	6.030743
8086615	3.568237
8086627	7.749163
8086660	7.344645
8086669	5.72701
8086683	7.876324
8086689	4.465962
8086698	6.872725
8086706	7.66446
8086729	4.15916
8086752	8.462801
8086754	7.712065
8086784	4.514383
8086797	3.806048
8086799	5.609996
8086810	8.708617
8086842	6.795129
8086876	5.242492
8086880	4.671344
8086899	5.227611
8086908	7.091002
8086949	5.277247
8086953	9.045424
8086961	6.182845
8086981	5.647168
8086985	7.070896
8087100	6.897634
8087116	7.456041
8087119	5.748266
8087145	5.300604
8087182	5.820948
8087201	8.068575
8087210	7.063932
8087224	4.791104
8087234	7.081435
8087236	6.823377
8087250	6.37491
8087252	6.684655
8087254	7.241735
8087271	8.059807
8087283	8.517307
8087308	7.578145
8087337	6.431715
8087372	6.590859
8087374	6.475495
8087380	8.56566
8087405	8.609684
8087409	11.26401
8087419	5.591236
8087433	6.550021
8087447	4.829418
8087453	6.093719
8087461	7.287566
8087473	7.834955
8087481	6.646302
8087485	7.134453
8087513	5.209666
8087530	4.569685
8087547	6.028824
8087568	5.334992
8087576	6.225997
8087596	5.768745
8087611	6.066997
8087624	7.000113
8087634	7.241405
8087640	6.179869
8087653	5.918773
8087669	5.529344
8087685	7.476486
8087691	5.28981
8087731	6.221232
8087739	7.665327
8087746	3.909524
8087748	7.824471
8087778	3.943017
8087780	6.594734
8087782	3.70789
8087790	6.245374
8087806	5.641493
8087825	6.178711
8087830	6.842016
8087833	6.4356
8087839	5.606478
8087852	6.178424
8087860	8.105123
8087874	8.763643
8087881	5.148898
8087883	3.989623
8087885	7.383992
8087907	6.169098
8087925	5.654956
8087935	6.667341
8087951	9.225127
8087985	6.373892
8088001	6.769393
8088020	5.588479
8088047	5.963094
8088054	7.017889
8088065	6.34163
8088090	5.692499
8088092	6.648293
8088106	8.078379
8088126	3.029665
8088128	7.391608
8088140	2.76293
8088142	5.053595
8088151	6.659624
8088167	9.065469
8088172	5.44943
8088174	4.292176
8088180	7.969711
8088192	4.08073
8088212	4.329019
8088219	6.59448
8088247	6.115653
8088264	5.105087
8088285	3.765495
8088292	3.193427
8088299	3.32556
8088315	2.648699
8088322	2.962673
8088335	2.606288
8088337	3.614695
8088339	10.99561
8088348	8.126202
8088369	7.564093
8088371	3.969171
8088384	6.422313
8088397	4.57669
8088415	6.737662
8088425	9.70176
8088436	3.422475
8088458	4.48658
8088468	3.770017
8088472	3.477423
8088474	7.46716
8088478	7.773867
8088480	6.703109
8088485	5.674
8088491	4.015955
8088524	3.568262
8088526	6.669148
8088535	7.179327
8088546	4.521683
8088548	4.15926
8088550	5.706278
8088560	6.792512
8088602	6.925551
8088634	4.286736
8088636	6.267313
8088642	6.05741
8088664	8.069818
8088669	4.977427
8088671	4.952655
8088680	6.481761
8088700	8.959503
8088718	8.952065
8088739	2.95517
8088745	7.905733
8088768	5.637573
8088770	5.229267
8088772	3.771372
8088776	8.285962
8088803	8.682755
8088813	9.155601
8088820	8.986543
8088828	3.811963
8088830	6.56467
8088842	1.868824
8088844	3.413764
8088846	5.294192
8088848	6.458529
8088864	3.23341
8088866	5.948177
8088889	6.518098
8088891	4.949096
8088893	5.851247
8088895	5.863941
8088903	5.080288
8088905	8.032725
8088908	3.5487
8088911	5.476405
8088917	2.475113
8088919	7.996505
8088952	5.786244
8088954	2.634832
8088956	3.349448
8088958	8.239615
8088977	2.889835
8088979	5.187394
8088986	3.67145
8088996	3.225299
8088998	2.245606
8089000	7.720696
8089007	2.656162
8089009	2.062536
8089011	4.334856
8089013	3.52859
8089015	4.782125
8089026	4.673338
8089029	6.57866
8089034	5.880471
8089036	5.455976
8089038	8.613216
8089040	5.604066
8089060	2.635746
8089062	9.490715
8089072	6.564395
8089082	5.984852
8089106	2.06852
8089108	4.678957
8089112	5.120251
8089128	6.889372
8089145	5.331816
8089185	4.187109
8089203	5.479445
8089230	9.532793
8089232	2.373883
8089234	6.839344
8089247	4.281892
8089249	8.994161
8089255	2.783413
8089259	3.495894
8089261	8.755302
8089283	2.173254
8089285	7.935693
8089287	2.018843
8089289	2.061096
8089291	3.746076
8089293	4.12739
8089295	5.080764
8089299	9.649488
8089314	5.767176
8089329	3.727347
8089372	3.898508
8089394	5.243783
8089402	2.698162
8089407	3.908284
8089436	3.856771
8089438	2.817934
8089448	4.193652
8089457	2.855231
8089459	2.98857
8089462	5.145844
8089464	5.079735
8089467	6.44488
8089472	5.053678
8089478	4.957232
8089489	2.754548
8089519	4.822587
8089527	8.321524
8089544	5.633625
8089559	3.081728
8089568	6.025268
8089584	6.553133
8089596	5.303537
8089606	4.306767
8089627	5.914947
8089647	7.164321
8089652	11.34671
8089659	4.057384
8089677	8.160698
8089679	3.873907
8089694	4.094554
8089701	6.960452
8089714	4.309462
8089723	5.750779
8089727	3.164721
8089729	5.314273
8089743	7.953914
8089757	2.739502
8089759	6.867056
8089771	4.876882
8089785	4.282178
8089795	7.527299
8089801	7.625232
8089818	5.400976
8089820	3.053316
8089830	5.946927
8089835	9.492719
8089849	4.990824
8089851	4.928073
8089867	8.240523
8089873	5.777085
8089875	3.516741
8089911	7.503923
8089926	5.92221
8089930	8.10214
8089954	6.588662
8089970	7.475637
8089986	3.740889
8089988	5.453526
8089993	5.981209
8089999	7.230774
8090018	8.308843
8090030	6.176691
8090044	6.515177
8090070	5.709337
8090091	7.336957
8090098	5.218447
8090133	4.52465
8090152	5.494212
8090162	7.090669
8090180	5.80877
8090193	10.23407
8090212	3.726189
8090214	9.199942
8090235	2.586586
8090237	7.472731
8090256	6.601843
8090277	6.958873
8090291	7.022356
8090295	6.82276
8090314	8.106524
8090341	6.931351
8090343	5.988036
8090349	6.141878
8090351	7.422387
8090364	6.077495
8090366	5.133334
8090388	5.841189
8090395	4.049506
8090416	5.003778
8090418	2.335737
8090420	8.821066
8090433	6.830015
8090448	5.425874
8090462	6.42549
8090464	4.730403
8090469	6.793667
8090485	6.748494
8090490	8.423976
8090503	4.899073
8090505	4.78185
8090507	6.777168
8090509	4.009958
8090511	4.069016
8090518	5.301546
8090529	6.527106
8090533	6.774957
8090546	8.672979
8090555	8.156557
8090559	6.119455
8090565	5.988909
8090567	4.901515
8090577	6.42931
8090591	5.906366
8090630	8.131066
8090637	7.053149
8090639	7.190855
8090660	2.94564
8090662	2.673391
8090664	5.079375
8090674	3.888275
8090676	2.74892
8090678	7.527485
8090688	4.223845
8090690	4.122784
8090715	4.944397
8090737	5.636568
8090770	6.889355
8090772	6.470492
8090801	3.296069
8090803	5.105283
8090817	5.088856
8090823	6.405759
8090840	7.723931
8090852	7.892753
8090866	7.491597
8090872	5.379315
8090889	3.108519
8090891	6.779474
8090893	8.164581
8090898	6.153686
8090934	4.06424
8090936	6.516329
8090938	5.398936
8090955	4.029689
8090960	5.251066
8090972	5.410911
8090988	5.57699
8091009	7.061781
8091032	6.269568
8091037	6.134551
8091039	6.117127
8091043	4.237011
8091048	9.537735
8091071	5.077039
8091078	7.501661
8091087	5.01724
8091095	8.208245
8091097	5.512793
8091099	4.17663
8091101	2.591127
8091103	6.757747
8091120	6.122955
8091141	8.422375
8091188	5.541676
8091190	5.425475
8091239	2.218847
8091241	5.712652
8091243	4.270452
8091255	5.046726
8091260	5.400413
8091279	2.712236
8091281	2.798203
8091283	8.274224
8091306	4.761244
8091318	4.348538
8091327	8.950195
8091340	2.144573
8091342	3.871498
8091352	5.859518
8091354	4.679411
8091385	9.081614
8091402	3.438365
8091411	11.58101
8091422	7.847439
8091432	6.963203
8091444	7.323561
8091446	5.586063
8091452	9.009329
8091456	2.797249
8091458	9.357918
8091469	3.120154
8091485	7.777539
8091491	3.588478
8091503	4.208743
8091511	6.0791
8091515	7.519135
8091523	6.121166
8091530	3.955368
8091537	3.543015
8091546	5.09065
8091550	4.805976
8091552	5.836856
8091556	2.842775
8091558	1.986734
8091560	3.976643
8091562	6.93155
8091588	5.732594
8091595	5.1338
8091600	5.898087
8091627	3.850798
8091629	3.398709
8091637	7.12958
8091648	7.486972
8091656	5.473013
8091658	9.913587
8091676	5.068712
8091678	3.425485
8091696	5.518049
8091698	5.414774
8091712	2.810853
8091715	5.606461
8091723	8.99982
8091731	4.356057
8091733	2.768822
8091735	2.169631
8091737	7.512187
8091757	4.829418
8091764	8.248754
8091778	10.24837
8091780	4.64687
8091799	6.754015
8091806	8.952239
8091809	7.725784
8091811	2.843474
8091861	2.447268
8091863	3.420782
8091867	2.340443
8091875	3.321208
8091877	2.155685
8091879	2.02818
8091881	2.58252
8091883	2.090762
8091885	2.495276
8091887	3.286318
8091910	3.445806
8091922	3.96459
8091941	7.564873
8091954	4.887778
8091972	8.28896
8091991	6.878382
8091998	2.930951
8092000	6.430592
8092002	5.075832
8092009	3.242905
8092021	3.371999
8092035	7.775235
8092053	4.130854
8092055	4.17059
8092065	5.282066
8092067	4.575599
8092073	4.385673
8092081	5.674582
8092083	3.558988
8092095	5.717721
8092132	5.784596
8092134	8.779061
8092162	7.306576
8092165	5.891347
8092169	10.62194
8092177	9.315633
8092183	2.373349
8092185	3.433557
8092187	3.640132
8092199	2.473428
8092201	9.247074
8092218	5.113737
8092220	3.530621
8092222	4.361185
8092224	4.545763
8092226	2.149481
8092228	6.568137
8092230	7.19363
8092239	2.624826
8092241	5.257947
8092251	5.675793
8092265	7.206361
8092275	3.815744
8092277	5.010077
8092295	2.612421
8092312	2.912771
8092314	4.887149
8092321	8.93889
8092328	7.524326
8092348	7.552646
8092358	4.505349
8092390	6.477073
8092392	6.547579
8092404	6.008303
8092409	7.270723
8092418	6.402264
8092455	4.973594
8092457	7.603269
8092468	8.006618
8092473	5.613648
8092501	5.77884
8092514	7.882482
8092520	5.573166
8092523	5.074141
8092532	8.947276
8092534	7.766807
8092541	9.037502
8092552	6.174974
8092564	8.945203
8092578	4.823721
8092594	4.31999
8092596	5.726791
8092621	4.974351
8092627	5.820114
8092638	2.367707
8092640	5.600946
8092654	3.674671
8092661	4.971478
8092682	4.992793
8092686	5.130795
8092691	9.841418
8092702	3.757315
8092705	2.444424
8092707	7.553469
8092724	2.48209
8092726	9.516071
8092735	4.110342
8092741	2.567956
8092748	2.509142
8092750	4.23078
8092763	2.808444
8092765	7.982306
8092769	4.189952
8092800	6.798683
8092834	5.762632
8092836	6.310418
8092839	5.735087
8092845	5.967389
8092849	8.845144
8092883	3.980327
8092886	2.493036
8092888	6.418615
8092905	6.820623
8092922	6.521478
8092931	7.219748
8092933	8.860127
8092957	6.690534
8092959	8.768766
8092968	6.188118
8092970	8.136238
8092978	11.02232
8093013	7.146404
8093039	9.960479
8093053	7.88404
8093074	5.447815
8093086	6.921242
8093096	3.736772
8093104	5.920798
8093110	3.541767
8093112	7.90906
8093126	5.058416
8093128	6.763012
8093130	6.388788
8093137	3.253232
8093141	5.66877
8093145	4.817275
8093150	5.303169
8093152	3.219994
8093156	7.142363
8093166	5.832772
8093171	6.241224
8093191	8.752261
8093219	5.945547
8093230	7.331919
8093256	7.810795
8093258	4.277651
8093272	3.099282
8093278	4.928073
8093294	5.054656
8093298	5.201318
8093304	8.258575
8093314	8.198812
8093320	5.598979
8093330	5.677938
8093332	4.274471
8093336	6.341757
8093343	6.576152
8093360	5.899481
8093386	5.998721
8093398	7.785732
8093413	6.841008
8093425	6.484269
8093440	6.841429
8093451	4.07935
8093453	4.852088
8093456	5.832712
8093462	8.317968
8093476	6.367575
8093494	6.710574
8093500	5.776339
8093518	6.29275
8093539	5.449211
8093576	6.700228
8093578	4.817584
8093590	8.194563
8093601	6.636167
8093624	8.135441
8093643	8.965701
8093665	4.468911
8093683	4.576344
8093685	6.706906
8093756	4.322567
8093764	6.229736
8093792	6.248508
8093807	7.242276
8093821	5.435306
8093826	6.645323
8093829	5.74823
8093839	4.629503
8093852	6.566746
8093858	4.646418
8093872	9.718268
8093878	7.903266
8093906	6.51918
8093916	6.731999
8093936	8.772274
8093943	7.050066
8093950	9.657583
8093957	6.331285
8093961	8.540619
8093974	6.231579
8093976	8.118122
8093991	5.266886
8093993	7.33303
8093997	5.828933
8094026	7.497211
8094028	5.049809
8094030	6.444354
8094032	7.866152
8094056	7.057515
8094068	4.834599
8094070	5.790296
8094086	4.759064
8094093	5.483478
8094101	6.956888
8094116	6.692562
8094118	6.692562
8094120	6.692562
8094122	6.731354
8094124	6.692562
8094126	6.692562
8094128	6.692562
8094130	6.642776
8094132	6.692562
8094134	6.438841
8094136	3.655811
8094139	2.594196
8094142	4.429169
8094144	8.502845
8094148	6.823929
8094154	5.6638
8094156	6.339206
8094163	3.109338
8094165	6.714367
8094169	9.171756
8094184	3.640842
8094190	4.523835
8094226	4.138158
8094228	7.39233
8094240	5.28902
8094251	6.771674
8094253	4.578659
8094257	3.493051
8094259	7.278799
8094271	8.40759
8094278	4.199286
8094301	4.069521
8094340	3.786289
8094342	6.895869
8094355	4.605131
8094357	2.620106
8094359	5.259047
8094361	3.646566
8094372	5.791677
8094378	6.714492
8094393	5.354729
8094408	5.80831
8094439	3.19923
8094441	5.628225
8094456	6.173899
8094460	7.912704
8094476	5.682108
8094499	5.941435
8094501	7.269499
8094516	4.374413
8094518	2.636623
8094520	6.613861
8094531	2.512829
8094533	3.003135
8094542	4.899756
8094550	10.13752
8094556	8.893861
8094574	7.433525
8094596	4.548358
8094599	9.111499
8094609	7.114316
8094625	5.91232
8094638	5.331467
8094677	2.682152
8094679	5.238059
8094686	2.887128
8094688	4.345816
8094701	5.136047
8094704	9.156405
8094717	4.273546
8094719	5.864308
8094739	3.352876
8094741	6.013943
8094743	6.0589
8094751	3.447423
8094759	6.724985
8094772	4.012156
8094774	2.2214
8094776	3.328364
8094778	5.024111
8094789	7.475887
8094830	7.869671
8094843	4.398929
8094848	7.961251
8094870	4.624416
8094872	4.497747
8094874	6.025804
8094876	6.591907
8094897	2.269911
8094901	3.326429
8094911	6.092632
8094936	4.209826
8094938	7.727658
8094946	2.563697
8094948	8.82935
8094960	6.383628
8094968	6.922462
8094974	6.362112
8094986	3.396275
8094988	4.715017
8095005	5.551177
8095009	5.442348
8095021	5.39656
8095035	2.037386
8095037	2.691555
8095043	5.088758
8095048	6.93267
8095072	6.15394
8095074	6.755849
8095078	3.608742
8095080	4.056606
8095110	4.537845
8095135	3.983333
8095137	2.303551
8095139	9.630585
8095148	10.36689
8095159	7.886932
8095161	2.093789
8095163	8.649419
8095185	5.084656
8095187	6.127204
8095214	8.794706
8095216	6.821098
8095221	5.631067
8095230	7.358324
8095246	4.060149
8095251	4.16081
8095262	8.049192
8095269	8.840692
8095295	3.68261
8095297	2.433699
8095299	4.25381
8095301	2.410707
8095303	3.047211
8095331	2.759858
8095333	6.495514
8095335	2.819992
8095337	2.196652
8095339	2.38877
8095341	6.844644
8095343	3.2546
8095356	3.317971
8095358	2.857293
8095360	6.899739
8095362	10.19824
8095364	11.67135
8095376	9.87164
8095380	11.79993
8095390	2.742129
8095395	4.813049
8095402	4.407817
8095404	2.030775
8095412	3.118212
8095422	2.548368
8095430	2.840477
8095435	2.634832
8095441	2.530655
8095451	4.583106
8095456	3.007448
8095467	3.219287
8095477	3.534916
8095484	3.109845
8095488	5.228731
8095491	2.678531
8095500	3.059865
8095504	4.253138
8095508	3.319117
8095519	3.326172
8095535	4.900661
8095539	6.657191
8095543	2.847503
8095545	6.723814
8095562	3.891432
8095564	2.285005
8095566	5.127172
8095574	5.7177
8095585	6.905875
8095616	3.003525
8095624	2.676911
8095626	5.270449
8095628	3.14484
8095646	3.014561
8095663	3.598436
8095680	11.76389
8095688	11.28394
8095694	5.374846
8095697	11.23105
8095703	5.507086
8095705	4.416781
8095723	2.444409
8095728	7.75563
8095736	8.587827
8095744	8.540451
8095751	6.854603
8095760	6.204042
8095767	3.138587
8095773	7.629771
8095800	7.251157
8095802	2.847369
8095806	2.704813
8095819	4.415507
8095826	5.60198
8095832	2.943536
8095834	6.170374
8095854	8.006693
8095868	5.187329
8095870	11.70164
8095886	3.643046
8095894	4.822381
8095907	5.438996
8095986	8.624573
8096002	6.813569
8096004	6.567498
8096025	5.260213
8096027	2.661417
8096030	3.033961
8096032	6.947796
8096050	5.08681
8096061	3.135297
8096070	7.737909
8096075	2.332173
8096077	6.312378
8096079	5.355467
8096081	7.59549
8096091	5.563727
8096098	4.832092
8096109	4.54463
8096116	10.81501
8096130	10.22054
8096147	5.109849
8096158	6.027235
8096160	4.536367
8096176	8.37009
8096224	8.200447
8096249	3.146277
8096251	5.322497
8096265	3.481405
8096274	2.963302
8096281	4.00667
8096290	3.819667
8096296	7.880687
8096301	7.626426
8096312	3.28189
8096314	6.065568
8096331	5.283437
8096333	2.634832
8096335	9.124674
8096361	5.924598
8096385	9.056915
8096411	4.639115
8096415	3.540433
8096425	6.18327
8096438	3.567386
8096440	3.552774
8096457	2.771129
8096459	3.213064
8096461	5.065443
8096463	5.670176
8096489	11.13289
8096511	4.170859
8096528	5.128278
8096533	3.774477
8096536	3.395404
8096538	6.597037
8096554	2.907936
8096556	7.488855
8096568	3.094407
8096580	3.352875
8096602	8.454714
8096615	3.670556
8096617	4.868262
8096635	8.305637
8096661	5.574855
8096663	8.21779
8096667	3.033764
8096669	8.174487
8096675	8.339351
8096680	3.14748
8096682	5.201895
8096688	4.854733
8096704	6.156035
8096718	6.110663
8096731	2.729565
8096733	6.727579
8096744	5.349993
8096753	7.395328
8096765	5.009757
8096771	7.229124
8096777	5.548401
8096781	8.70302
8096808	5.604075
8096821	6.883557
8096830	3.173176
8096839	4.254602
8096845	5.227061
8096873	2.309293
8096875	3.664528
8096897	5.23019
8096899	7.357967
8096905	6.975885
8096917	3.436186
8096919	6.891902
8096938	5.951269
8096955	6.560472
8096957	4.257057
8096959	3.685055
8097011	3.839483
8097013	5.181211
8097015	3.553381
8097017	5.402672
8097028	5.473412
8097030	4.820389
8097034	2.098578
8097036	3.247236
8097038	3.30965
8097056	7.108212
8097058	4.202324
8097062	6.593247
8097064	6.349956
8097066	6.990106
8097080	4.221931
8097086	2.855106
8097096	8.100225
8097098	10.05853
8097116	5.410875
8097118	8.12299
8097120	2.797785
8097122	3.83201
8097124	2.681285
8097126	4.542498
8097128	5.862605
8097146	6.244814
8097148	7.426284
8097236	2.743778
8097252	4.448854
8097256	5.848172
8097262	5.13607
8097282	7.658026
8097288	3.409478
8097305	3.11553
8097307	5.381269
8097327	3.298826
8097335	5.834134
8097356	3.629084
8097373	5.934299
8097388	4.901819
8097415	4.803085
8097417	6.19536
8097435	5.507617
8097443	5.89899
8097445	2.690823
8097447	4.974865
8097449	4.919322
8097457	3.102299
8097459	5.623524
8097461	6.467623
8097468	4.17001
8097470	5.689766
8097472	6.037258
8097474	3.236478
8097478	2.420842
8097480	6.150661
8097505	2.477187
8097507	6.195289
8097513	8.349859
8097521	6.282706
8097529	5.580873
8097541	3.857809
8097543	7.26992
8097553	4.61441
8097568	4.179751
8097570	10.33596
8097586	7.707807
8097600	8.001593
8097626	6.633519
8097628	4.394487
8097647	4.821599
8097655	7.910196
8097657	7.454933
8097670	6.728746
8097679	5.431002
8097685	4.864185
8097687	5.107729
8097690	2.767265
8097692	2.676216
8097704	7.813789
8097717	8.805487
8097743	6.609728
8097747	5.308562
8097749	3.524122
8097751	2.229702
8097753	5.583278
8097773	4.913408
8097780	2.715617
8097782	9.468956
8097790	2.415913
8097792	5.062759
8097794	4.543843
8097801	8.408347
8097809	5.837368
8097811	5.938723
8097813	8.531169
8097827	6.892756
8097829	5.771827
8097841	8.855907
8097857	3.599053
8097867	5.673454
8097903	6.810019
8097910	3.167637
8097920	4.864894
8097928	2.997158
8097938	4.759199
8097945	2.023504
8097947	4.926343
8097949	2.532711
8097951	1.906519
8097953	2.212025
8097955	5.401674
8097957	4.43535
8097973	5.310842
8097991	2.693646
8098004	1.991114
8098006	3.075405
8098021	3.071321
8098041	7.428453
8098058	3.186756
8098060	3.092751
8098084	7.723356
8098101	4.699418
8098103	8.406929
8098121	8.021267
8098146	3.080692
8098150	4.524874
8098157	5.208961
8098159	2.353814
8098163	3.935705
8098165	5.972492
8098167	5.905092
8098170	5.654014
8098175	4.051819
8098177	6.619539
8098193	5.145089
8098195	7.554893
8098204	4.76976
8098214	3.976571
8098240	7.50322
8098242	4.240956
8098244	6.654492
8098246	3.039053
8098259	2.742373
8098261	2.863329
8098263	6.595798
8098287	3.53987
8098289	3.862076
8098291	9.040086
8098307	4.782284
8098326	9.460421
8098328	7.208426
8098342	7.132053
8098344	3.442175
8098348	5.127303
8098368	3.147274
8098379	3.359085
8098412	3.609104
8098414	8.331159
8098421	6.273706
8098423	5.571212
8098437	2.587155
8098439	6.875508
8098441	4.660952
8098465	3.698529
8098470	6.843579
8098496	3.072613
8098498	3.758085
8098500	8.923781
8098506	3.468196
8098508	6.228039
8098512	7.852036
8098547	5.30195
8098549	5.856396
8098554	2.497404
8098556	4.425345
8098571	6.318268
8098576	6.916438
8098581	6.280409
8098604	9.688825
8098611	7.175362
8098620	5.623173
8098637	5.927069
8098654	3.57415
8098671	3.864514
8098688	3.685227
8098690	3.831913
8098697	3.676757
8098705	7.226311
8098707	6.300306
8098712	8.051991
8098714	4.723982
8098721	6.897264
8098723	5.531552
8098725	7.631361
8098730	7.366158
8098732	7.72097
8098740	7.877537
8098743	7.366158
8098745	3.480283
8098752	4.352183
8098758	6.292681
8098762	7.474974
8098769	8.108385
8098782	6.504943
8098789	9.545916
8098822	7.031871
8098848	6.134088
8098856	4.854656
8098870	6.140074
8098877	6.747192
8098880	8.029672
8098895	6.440996
8098902	4.132095
8098904	7.325398
8098916	6.213853
8098924	6.747925
8098938	3.459665
8098940	3.706617
8098942	7.416368
8098958	4.943157
8098985	5.051081
8098995	6.756531
8099008	5.329042
8099025	3.329658
8099027	2.150746
8099029	7.287421
8099037	7.659655
8099051	5.781582
8099073	8.120022
8099082	7.08362
8099084	7.853065
8099091	7.713849
8099093	4.396169
8099099	6.32191
8099107	4.721313
8099121	8.191088
8099130	5.615237
8099132	5.755326
8099140	3.174139
8099142	4.210581
8099144	6.095365
8099172	6.113338
8099193	4.289109
8099200	5.244928
8099218	5.136825
8099233	6.067094
8099235	7.719517
8099240	6.434613
8099242	6.042507
8099246	7.107716
8099253	6.296198
8099255	4.930728
8099259	6.650002
8099279	6.875221
8099302	2.369007
8099304	7.729694
8099324	4.533455
8099326	5.661444
8099340	10.82288
8099362	8.260117
8099364	6.794561
8099368	3.836904
8099388	7.909546
8099393	5.80807
8099395	6.432384
8099406	5.71663
8099410	7.141086
8099438	4.309613
8099447	5.309789
8099449	8.841186
8099467	6.174358
8099471	4.269215
8099476	8.429521
8099504	4.087033
8099506	5.959378
8099524	5.416132
8099537	5.761454
8099539	3.238504
8099541	5.448525
8099551	6.396878
8099570	7.106497
8099581	5.587029
8099589	4.870279
8099591	3.111102
8099593	3.624726
8099612	4.210958
8099631	10.52438
8099633	4.503212
8099649	8.548973
8099668	6.814982
8099670	5.80238
8099685	4.654646
8099696	6.885389
8099713	4.150423
8099715	2.894395
8099717	2.075392
8099719	2.134203
8099721	5.539647
8099746	5.102548
8099754	3.905109
8099758	2.766897
8099760	7.944763
8099797	8.598073
8099805	3.192985
8099807	3.327639
8099811	4.556516
8099813	4.195045
8099815	5.000056
8099817	5.38277
8099826	4.228333
8099834	6.481668
8099841	4.669371
8099850	3.653281
8099860	6.868962
8099887	9.236209
8099897	7.726221
8099912	9.026929
8099918	5.519344
8099922	3.484011
8099924	8.254331
8099926	8.125658
8099965	6.559509
8099967	10.81301
8099982	4.930766
8100001	6.404737
8100003	3.984712
8100007	4.559804
8100013	3.921046
8100015	5.151256
8100026	6.280662
8100068	6.176949
8100070	6.344757
8100076	2.943322
8100085	4.085413
8100095	3.856896
8100097	3.547558
8100109	2.868221
8100125	10.43572
8100127	2.846874
8100131	3.674952
8100143	2.496334
8100145	4.949354
8100154	3.890063
8100177	5.629202
8100179	6.238349
8100202	6.860746
8100210	5.214828
8100227	4.766995
8100229	1.793532
8100231	6.467723
8100251	8.37948
8100292	7.839901
8100298	5.40137
8100306	4.353061
8100308	6.19495
8100310	6.184043
8100312	3.086097
8100318	5.024788
8100328	6.962581
8100338	4.725118
8100347	5.463004
8100360	3.064171
8100362	9.984749
8100376	9.639063
8100378	6.38919
8100382	8.243513
8100389	2.647344
8100391	2.3102
8100393	5.195327
8100428	6.915287
8100454	2.444242
8100458	2.870234
8100464	5.861876
8100474	2.786093
8100476	2.926452
8100478	5.455248
8100495	4.730091
8100507	8.704454
8100519	3.566371
8100523	3.062676
8100530	3.04293
8100532	7.097335
8100541	6.638721
8100547	4.10686
8100549	2.270991
8100553	4.23748
8100555	4.796175
8100557	2.87554
8100572	2.890777
8100574	1.950783
8100576	2.248459
8100578	4.07851
8100601	3.728389
8100603	7.090555
8100615	9.967129
8100655	4.050481
8100664	12.17023
8100675	11.01378
8100688	8.272595
8100699	4.404574
8100701	12.23701
8100714	10.10537
8100734	3.158767
8100737	4.606036
8100746	4.606036
8100754	5.925187
8100756	4.51367
8100758	5.659646
8100760	3.235916
8100768	4.367173
8100782	11.29651
8100784	2.940506
8100791	3.519237
8100798	6.992796
8100808	2.905383
8100819	2.289859
8100827	5.050574
8100832	3.561479
8100834	7.334125
8100851	5.815814
8100853	3.054902
8100868	3.056287
8100870	4.354763
8100893	6.112402
8100902	8.236915
8100941	4.52018
8100943	5.500843
8100960	3.056288
8100962	7.922184
8100964	4.99742
8100966	4.77467
8100971	4.431749
8100977	6.518889
8100984	6.526041
8100990	4.321375
8100994	7.737003
8101000	6.226222
8101002	5.583974
8101011	2.330927
8101013	5.804555
8101031	3.513558
8101043	9.131389
8101061	7.509527
8101065	4.96593
8101086	7.124353
8101099	6.237916
8101118	3.854081
8101126	5.67128
8101131	4.865589
8101141	5.744748
8101143	6.111461
8101158	8.297189
8101174	2.736835
8101203	2.538234
8101207	7.406346
8101210	6.414706
8101212	11.33558
8101224	6.356472
8101226	2.637477
8101228	7.486514
8101235	2.109249
8101237	4.00209
8101253	4.639743
8101256	3.307042
8101260	8.196465
8101284	4.125154
8101304	10.22768
8101322	7.777466
8101324	9.550114
8101340	8.456051
8101357	5.228359
8101359	3.149989
8101366	5.172533
8101376	10.19202
8101411	7.364427
8101427	4.616374
8101429	9.680391
8101437	6.932723
8101449	7.364226
8101467	5.450284
8101489	4.214593
8101501	3.485809
8101507	6.149765
8101511	7.805243
8101585	6.035204
8101587	7.842403
8101607	5.54895
8101609	5.142859
8101616	4.424902
8101622	9.53341
8101624	5.545334
8101637	7.338992
8101648	7.678785
8101657	6.304043
8101659	4.576008
8101673	3.121027
8101675	3.446348
8101697	2.833861
8101699	4.97412
8101701	6.381692
8101716	2.098726
8101718	7.49684
8101721	2.995323
8101723	5.891026
8101728	8.36418
8101757	5.845376
8101762	5.109515
8101774	11.39301
8101778	3.188383
8101780	2.918262
8101788	3.436522
8101810	4.63912
8101814	3.546976
8101816	4.119968
8101828	9.19974
8101839	5.294533
8101844	6.863896
8101852	2.984196
8101862	3.125389
8101874	5.062823
8101881	3.558922
8101893	6.033785
8101904	4.127688
8101916	4.670081
8101925	7.835405
8101934	6.190353
8101945	7.676483
8101952	5.783502
8101957	2.874522
8101971	7.850638
8101990	4.310685
8101992	6.242993
8102004	4.950472
8102006	6.235825
8102024	7.984368
8102037	3.585847
8102039	2.587565
8102050	4.764271
8102065	4.969995
8102076	2.744037
8102127	3.510326
8102135	4.979946
8102141	5.552286
8102160	3.485473
8102162	5.408954
8102171	6.71642
8102200	3.9597
8102210	4.392271
8102212	6.382129
8102214	7.205587
8102230	2.801782
8102232	4.236701
8102247	4.492498
8102249	3.723536
8102263	6.006711
8102305	3.79944
8102307	2.649894
8102311	5.66082
8102321	6.389991
8102328	7.341482
8102342	5.816969
8102350	5.597777
8102352	5.742777
8102362	6.175958
8102368	5.436679
8102371	4.928247
8102389	3.765343
8102404	1.973386
8102406	2.324773
8102408	2.065192
8102410	6.940974
8102415	7.191077
8102440	4.447161
8102450	3.28704
8102464	4.444349
8102468	6.1917
8102482	6.731135
8102513	3.30537
8102518	8.425736
8102523	2.690424
8102530	7.15777
8102532	5.246799
8102560	4.186913
8102567	5.142829
8102587	4.407581
8102594	3.835141
8102606	2.544094
8102608	2.044684
8102610	3.189976
8102619	8.261704
8102636	4.520763
8102643	4.721032
8102655	4.452768
8102678	3.809342
8102695	5.773145
8102697	2.536657
8102707	3.529581
8102713	4.169368
8102720	6.587263
8102726	2.193018
8102728	6.768757
8102730	6.150475
8102743	5.114398
8102745	7.628535
8102751	6.190342
8102775	3.483282
8102777	4.310164
8102779	3.128452
8102781	5.551901
8102783	6.327243
8102785	2.275803
8102787	11.34408
8102789	6.270444
8102792	3.403617
8102800	9.019973
8102817	7.578901
8102829	3.339909
8102831	5.583662
8102839	7.61732
8102848	8.246696
8102858	5.568276
8102860	11.1418
8102862	6.990668
8102869	6.067183
8102871	4.781249
8102875	4.497911
8102877	3.103909
8102894	2.634285
8102904	4.717052
8102912	8.890905
8102936	4.348288
8102938	5.27478
8102948	3.275691
8102950	8.931727
8102979	4.488086
8102982	6.239463
8102984	6.350907
8102986	3.527111
8102988	4.553372
8102993	2.31495
8102998	2.507476
8103005	4.474361
8103011	7.144088
8103023	9.776178
8103025	6.484155
8103041	2.638798
8103043	6.05017
8103064	2.89858
8103079	5.711661
8103092	5.620538
8103094	5.59167
8103106	7.699484
8103166	8.839003
8103188	5.625447
8103202	4.197429
8103204	3.840746
8103206	6.443414
8103222	9.507174
8103226	7.722178
8103235	5.076333
8103238	2.625659
8103240	7.615836
8103242	5.755258
8103244	4.01752
8103254	3.896518
8103260	3.918673
8103289	7.816546
8103309	3.036686
8103311	4.291422
8103326	2.744705
8103341	2.332688
8103358	2.201622
8103360	5.694424
8103362	2.440171
8103364	2.20581
8103366	2.184236
8103368	2.724665
8103370	2.128005
8103372	5.091648
8103374	3.14836
8103376	2.658109
8103378	2.953944
8103389	6.429863
8103399	5.887871
8103409	3.842716
8103411	5.061047
8103413	6.655568
8103415	4.433628
8103431	6.11821
8103437	6.406857
8103452	2.782759
8103458	2.169568
8103460	3.87412
8103462	2.156604
8103464	2.218348
8103466	2.715796
8103483	4.804897
8103485	4.071404
8103494	2.839302
8103503	3.772653
8103508	4.83299
8103516	4.676886
8103518	6.756934
8103520	4.843833
8103524	5.627274
8103535	8.574667
8103540	2.272225
8103542	3.132027
8103544	3.905273
8103559	5.03157
8103561	3.844268
8103563	6.934214
8103601	8.390295
8103620	2.353667
8103622	6.578909
8103630	7.109578
8103644	5.406185
8103646	5.510546
8103684	4.536406
8103693	2.636503
8103695	5.081902
8103706	4.143756
8103722	7.200662
8103725	4.82399
8103728	7.575251
8103736	3.451723
8103743	5.080583
8103745	5.381254
8103753	4.526835
8103755	7.42388
8103769	12.89648
8103778	3.462338
8103789	5.050963
8103802	3.122727
8103812	3.773138
8103822	6.205942
8103834	5.841062
8103847	5.290493
8103851	2.110347
8103853	5.18551
8103859	7.52067
8103867	4.300691
8103873	6.91914
8103875	3.492048
8103877	2.77908
8103879	3.103873
8103881	5.745129
8103892	3.989985
8103894	4.188517
8103904	4.830366
8103906	5.421919
8103911	8.232028
8103922	8.015121
8103932	5.439573
8103951	9.121452
8103975	6.015409
8103979	5.725757
8103986	3.973842
8103998	5.092243
8104012	5.501
8104014	3.245246
8104022	5.289715
8104035	8.135525
8104066	5.119657
8104068	3.93488
8104072	6.80817
8104074	5.810585
8104079	7.710962
8104107	4.638838
8104115	6.832159
8104117	2.414971
8104119	7.723321
8104122	7.781919
8104124	4.200267
8104129	3.930204
8104131	4.65706
8104136	7.426688
8104139	5.386566
8104141	6.351561
8104163	5.845287
8104166	10.2257
8104180	7.177161
8104201	7.175869
8104220	6.057198
8104234	3.936713
8104253	5.808492
8104268	5.603006
8104281	6.02805
8104298	7.835959
8104305	5.319427
8104307	6.873873
8104314	6.206999
8104319	6.048374
8104321	5.14251
8104348	6.402055
8104350	5.950482
8104369	7.234703
8104378	6.005245
8104392	3.68907
8104394	5.196011
8104422	6.651562
8104441	4.866302
8104443	3.907098
8104449	7.594584
8104461	7.460831
8104463	9.221653
8104490	7.084911
8104492	5.257598
8104499	7.743502
8104504	3.009365
8104506	6.58188
8104568	4.397388
8104570	5.66933
8104580	6.808275
8104590	5.597089
8104592	5.925268
8104599	3.298667
8104601	9.186055
8104607	6.258007
8104609	5.888492
8104611	3.346072
8104613	6.078862
8104615	3.68298
8104617	5.35613
8104619	2.847821
8104621	9.663349
8104625	3.350468
8104627	2.484955
8104632	2.526815
8104634	2.896394
8104643	5.458879
8104648	2.973993
8104652	2.001281
8104654	4.513437
8104656	4.655041
8104659	2.978389
8104663	4.576209
8104680	7.221082
8104693	8.401972
8104723	3.022279
8104725	6.461584
8104727	4.637634
8104729	2.474354
8104731	3.980181
8104738	7.968082
8104746	3.800489
8104758	3.480305
8104760	7.550464
8104781	6.502168
8104786	5.223403
8104788	7.794513
8104812	4.063092
8104823	3.693612
8104825	5.456008
8104838	6.554461
8104854	4.714
8104856	3.277026
8104901	7.048383
8104912	5.653517
8104926	3.48068
8104930	4.584457
8104944	8.606555
8104996	5.227439
8104998	6.217916
8105013	4.595366
8105040	8.801012
8105063	5.455366
8105067	6.300867
8105077	5.944629
8105084	3.993729
8105104	8.056695
8105111	5.048063
8105121	3.168554
8105132	5.577472
8105136	6.09115
8105144	6.562096
8105146	5.796445
8105151	5.324941
8105153	6.885603
8105181	6.315945
8105189	5.571442
8105191	7.741221
8105218	2.428466
8105220	5.42808
8105229	6.17442
8105267	10.69861
8105302	4.787216
8105311	2.847083
8105318	3.900109
8105323	3.674442
8105328	8.893543
8105331	4.162681
8105338	2.150764
8105340	4.962132
8105348	3.069424
8105353	8.100233
8105384	3.634493
8105409	3.818565
8105411	3.472135
8105432	10.65834
8105434	7.192822
8105436	8.091213
8105456	4.72377
8105463	9.030678
8105479	2.800548
8105481	5.118613
8105487	3.908733
8105495	4.324664
8105499	5.956109
8105504	7.328572
8105506	9.695227
8105517	3.809309
8105523	7.375944
8105545	6.606563
8105577	3.842844
8105579	3.423975
8105583	2.897363
8105585	4.328227
8105596	4.15843
8105603	4.011401
8105605	2.143923
8105607	3.656122
8105612	5.952042
8105629	2.509256
8105631	7.376919
8105633	6.310061
8105645	2.06346
8105647	6.049414
8105661	3.009399
8105663	4.757053
8105681	9.786397
8105714	7.378197
8105731	3.823218
8105739	6.376436
8105741	7.539389
8105778	7.352992
8105799	2.436473
8105801	6.33367
8105828	4.920075
8105842	3.061823
8105852	4.005345
8105862	6.92935
8105878	5.488652
8105899	6.553903
8105908	8.480531
8105918	5.575075
8105935	6.81439
8105937	7.096445
8105949	5.114266
8105958	7.109151
8105970	5.569242
8105987	6.519448
8105989	6.785053
8105991	9.675241
8105995	8.686967
8105997	5.114266
8106006	7.255337
8106017	4.647927
8106019	2.944201
8106025	6.615841
8106068	7.685982
8106088	4.748263
8106096	14.02541
8106098	4.75633
8106107	5.478965
8106120	3.850798
8106122	8.987968
8106141	10.02198
8106168	2.550844
8106170	4.60468
8106176	3.690471
8106181	8.259557
8106189	4.269215
8106193	4.514483
8106210	7.280699
8106250	5.874197
8106252	7.682111
8106271	6.966655
8106278	3.040886
8106280	7.800511
8106303	5.455287
8106325	4.793969
8106336	4.846389
8106350	4.697338
8106352	6.446754
8106354	5.231852
8106393	4.205644
8106401	5.147529
8106403	8.366445
8106411	4.755706
8106418	5.009581
8106429	6.788864
8106448	5.322452
8106473	6.713614
8106475	12.39672
8106477	3.602277
8106479	8.11726
8106494	6.278595
8106504	5.8283
8106512	4.316902
8106514	3.306282
8106516	9.350075
8106528	3.409294
8106530	6.991815
8106532	3.477894
8106534	7.801926
8106556	6.958248
8106573	4.599511
8106597	3.367043
8106602	8.193894
8106626	5.221591
8106633	6.742428
8106660	4.91559
8106689	5.116789
8106702	7.376107
8106709	4.988994
8106722	5.10993
8106727	4.466452
8106730	5.937053
8106743	5.463618
8106761	4.442041
8106763	2.323693
8106765	2.147914
8106767	2.401916
8106769	7.765782
8106771	5.64179
8106776	7.197841
8106784	7.475591
8106814	2.587263
8106816	5.11528
8106818	5.706131
8106820	6.099905
8106827	4.616241
8106919	2.543808
8106921	4.373959
8106923	6.646886
8106929	2.555515
8106931	3.520407
8106950	4.206468
8106960	2.166462
8106962	3.957527
8106976	7.213412
8106978	2.920098
8106986	6.460148
8106999	4.31927
8107005	10.00292
8107044	6.310156
8107066	7.304431
8107090	8.186925
8107092	2.266505
8107094	6.194346
8107096	9.197738
8107098	6.405101
8107100	6.13627
8107109	3.163574
8107111	2.161956
8107113	2.865345
8107115	7.906819
8107117	2.427893
8107119	5.620538
8107125	6.097838
8107127	3.949227
8107129	3.595814
8107133	6.299389
8107162	5.105374
8107164	7.576674
8107194	5.513595
8107198	5.056636
8107200	2.742999
8107202	3.498829
8107204	10.63726
8107206	4.365731
8107208	5.476279
8107232	5.041924
8107234	7.236358
8107259	7.874528
8107270	3.14045
8107282	6.033756
8107307	5.376189
8107321	6.510025
8107326	5.613658
8107328	6.691637
8107330	6.336261
8107348	3.808185
8107350	7.551597
8107353	7.073942
8107356	8.565189
8107373	3.039471
8107375	7.068275
8107406	6.57161
8107408	4.83992
8107421	6.148422
8107429	3.728081
8107458	6.02953
8107468	4.554713
8107470	11.70914
8107474	5.83102
8107518	3.199155
8107520	5.717736
8107530	6.688403
8107532	7.503701
8107554	4.372282
8107563	3.849687
8107574	2.817429
8107576	3.428214
8107578	5.344903
8107591	3.6683
8107594	5.453609
8107613	8.026935
8107632	5.78472
8107646	6.118769
8107655	6.489567
8107671	6.726269
8107673	7.788611
8107691	7.389797
8107702	2.949936
8107706	6.216988
8107720	4.099627
8107722	5.178464
8107750	8.133689
8107764	4.075642
8107769	7.543395
8107798	3.2482
8107814	6.74188
8107823	4.836645
8107847	2.81406
8107850	3.254485
8107855	5.981035
8107857	7.846066
8107859	3.619458
8107868	8.906318
8107878	4.439281
8107887	3.937577
8107897	6.84308
8107909	5.650198
8107920	6.634836
8107934	8.042897
8107940	2.408709
8107942	6.164837
8107970	4.937492
8107977	3.420439
8107985	5.379505
8107992	6.527611
8107996	9.264427
8107998	7.025404
8108006	4.943961
8108013	6.652153
8108015	8.610046
8108040	4.785432
8108050	5.533565
8108066	9.622175
8108078	3.622523
8108080	6.497398
8108099	8.15557
8108127	6.853312
8108134	7.009989
8108161	4.097704
8108163	6.508285
8108166	6.918546
8108174	5.831212
8108180	10.16491
8108182	4.325901
8108192	7.527309
8108199	6.11597
8108205	3.421439
8108217	7.569435
8108238	5.954009
8108251	4.38043
8108256	3.955368
8108267	2.611805
8108287	5.822696
8108299	2.704154
8108301	3.502599
8108321	7.621839
8108330	9.116007
8108359	5.982327
8108370	9.188842
8108376	6.52966
8108378	11.20079
8108399	5.664015
8108401	4.132473
8108403	7.884311
8108420	5.888579
8108422	6.255586
8108424	9.325603
8108435	8.399368
8108447	8.866334
8108453	5.488272
8108470	6.154593
8108472	7.562902
8108475	5.535805
8108478	8.565736
8108483	5.881632
8108510	8.203711
8108558	9.091778
8108566	2.591582
8108568	8.877354
8108579	6.626194
8108593	7.283206
8108603	7.311347
8108620	8.526093
8108627	4.337202
8108629	4.988751
8108631	5.297419
8108633	5.29667
8108679	3.803317
8108683	5.728542
8108688	3.97146
8108693	2.490553
8108697	5.079557
8108703	3.383202
8108706	3.749459
8108708	3.567385
8108713	3.04362
8108716	3.971326
8108720	4.170582
8108724	2.82289
8108729	4.048893
8108733	4.52654
8108737	3.942836
8108744	4.328917
8108749	4.558702
8108753	3.670964
8108757	4.679276
8108820	4.262082
8108822	5.68066
8108832	7.304288
8108847	7.355082
8108861	9.303387
8108873	8.712746
8108900	6.295302
8108903	5.970222
8108905	4.44985
8108912	6.582407
8108927	7.119444
8108949	5.339074
8108954	6.965343
8108977	4.960841
8108981	4.829418
8108995	4.119287
8109001	12.0071
8109039	2.727129
8109044	3.824218
8109049	9.304713
8109057	3.224945
8109062	7.169799
8109086	6.948488
8109093	7.827677
8109120	5.668021
8109141	11.08111
8109149	6.296617
8109157	4.919758
8109159	2.787182
8109161	6.485563
8109177	4.939933
8109179	6.186782
8109194	4.378638
8109201	7.119007
8109222	8.813545
8109226	6.515228
8109236	5.084229
8109254	6.785416
8109283	7.5207
8109303	4.366994
8109305	6.456044
8109315	6.531994
8109326	6.060609
8109333	7.823971
8109344	11.00843
8109350	5.769104
8109368	8.493681
8109383	5.135466
8109401	3.114235
8109403	7.871165
8109407	6.914342
8109426	4.792421
8109428	6.642258
8109436	2.81373
8109438	7.830809
8109462	9.89647
8109475	5.364211
8109484	4.878422
8109486	5.564
8109490	4.415155
8109503	2.174218
8109505	4.981852
8109507	4.893758
8109526	2.818071
8109528	7.204706
8109563	5.514395
8109570	2.327089
8109572	4.384273
8109576	5.186251
8109585	5.255981
8109591	2.248536
8109593	4.827312
8109595	4.407828
8109597	6.869868
8109610	3.330575
8109612	6.478227
8109618	3.448902
8109620	5.986947
8109629	6.666767
8109637	3.702613
8109639	5.777306
8109649	3.400935
8109651	4.125136
8109663	4.263469
8109677	3.419044
8109693	5.615804
8109695	1.826102
8109697	7.493514
8109712	3.718557
8109732	8.249953
8109746	5.363306
8109748	3.368773
8109750	9.309495
8109752	4.640552
8109773	8.330987
8109802	6.97213
8109819	5.58532
8109821	11.77632
8109824	2.32837
8109826	2.743206
8109828	2.297319
8109830	5.614165
8109843	6.345721
8109901	6.651145
8109908	5.409622
8109912	4.236847
8109926	13.09437
8109938	5.30213
8109967	4.651298
8109969	5.73164
8109973	4.20964
8109975	4.878483
8109981	6.251218
8109990	4.941491
8109995	3.120751
8109999	7.908425
8110018	2.42803
8110022	10.97568
8110032	7.940382
8110043	4.392509
8110055	10.11127
8110068	4.269215
8110074	4.626957
8110084	6.653626
8110090	6.50425
8110104	4.916357
8110106	5.566275
8110112	2.712901
8110114	5.683024
8110123	5.522148
8110147	3.982461
8110158	5.423323
8110166	7.811854
8110169	8.13924
8110183	5.066425
8110216	2.878238
8110218	7.970426
8110224	6.864977
8110237	6.12886
8110253	6.010414
8110265	5.192827
8110289	7.788001
8110318	8.376978
8110327	7.175793
8110347	6.187811
8110362	7.849251
8110382	7.032592
8110392	7.850094
8110399	6.472659
8110408	7.364733
8110415	7.54543
8110417	5.494732
8110427	6.054686
8110430	6.86243
8110437	7.52308
8110450	8.550603
8110461	5.50003
8110463	4.169895
8110472	4.182639
8110478	4.729198
8110486	5.218908
8110491	4.091424
8110499	7.165879
8110518	5.109089
8110520	3.621238
8110522	10.40961
8110546	7.346286
8110562	5.824361
8110569	11.95073
8110587	2.075509
8110589	7.728724
8110604	5.218853
8110606	5.362235
8110616	4.189951
8110618	6.90138
8110620	3.475367
8110629	2.619849
8110631	6.123528
8110647	4.873506
8110649	5.848409
8110666	4.948911
8110668	6.280696
8110670	6.547927
8110672	5.838706
8110674	2.674754
8110676	5.286716
8110678	7.551296
8110681	5.808381
8110685	6.805999
8110688	5.599738
8110706	6.338333
8110708	6.063438
8110721	5.81076
8110734	6.411482
8110755	6.039929
8110783	6.717656
8110803	7.699691
8110821	6.582969
8110841	8.369528
8110858	8.357491
8110861	11.03319
8110865	5.493704
8110872	6.691103
8110880	2.323012
8110882	4.568102
8110886	6.762692
8110894	7.318191
8110914	9.945898
8110916	7.553628
8110920	4.366421
8110928	2.039859
8110930	4.72264
8110932	7.463385
8110960	3.902805
8110966	5.865107
8110971	6.013723
8110980	3.621139
8110982	8.571871
8110990	5.846691
8111017	2.564613
8111019	4.432483
8111099	8.24987
8111101	5.956698
8111118	3.374103
8111122	3.228794
8111124	2.94693
8111127	3.219395
8111129	7.11179
8111136	5.60153
8111151	4.312306
8111153	8.021499
8111197	2.418654
8111199	4.03185
8111201	2.859371
8111203	5.298253
8111210	11.80284
8111212	5.587275
8111214	5.305004
8111216	6.99838
8111218	3.274735
8111220	4.210115
8111234	3.641574
8111251	4.012761
8111253	2.805594
8111255	3.938826
8111269	1.95088
8111271	2.971494
8111284	4.196584
8111286	5.921365
8111327	3.164811
8111331	9.297514
8111339	7.919136
8111358	2.690073
8111360	7.223961
8111385	3.612821
8111387	4.76476
8111415	2.354403
8111417	4.675158
8111430	6.021301
8111443	4.329278
8111455	8.711153
8111457	6.366486
8111474	5.235267
8111490	2.920779
8111506	3.280088
8111512	3.427877
8111524	4.46619
8111533	6.504018
8111552	6.425327
8111569	3.779544
8111584	5.225856
8111627	5.706998
8111629	6.59091
8111668	3.291902
8111670	4.17094
8111677	5.378384
8111698	7.756622
8111739	7.110373
8111757	3.847354
8111772	6.644022
8111788	5.323159
8111796	8.467828
8111812	7.178484
8111814	6.769746
8111821	3.60109
8111864	3.377546
8111887	3.911946
8111892	5.273072
8111913	4.622006
8111915	6.18126
8111922	5.342594
8111925	4.35814
8111930	4.999517
8111932	4.931699
8111941	7.926958
8111952	4.672284
8111960	2.775753
8111974	7.387716
8111989	6.50716
8111991	2.712917
8111993	4.06743
8111998	4.168904
8112007	5.47188
8112014	2.768822
8112016	2.669413
8112020	6.681177
8112033	5.686032
8112041	5.529536
8112043	5.788137
8112045	3.189637
8112053	4.284968
8112070	5.897418
8112072	6.24825
8112081	6.86441
8112107	6.654168
8112121	6.301822
8112139	9.098671
8112157	3.718678
8112159	4.353806
8112174	7.407759
8112176	5.977966
8112178	4.485736
8112180	2.670403
8112182	7.429083
8112196	3.549823
8112198	4.07018
8112202	9.700969
8112220	5.984672
8112256	4.499673
8112258	2.588337
8112260	4.569034
8112274	8.125692
8112285	3.784883
8112302	8.210117
8112306	3.00791
8112310	2.990138
8112312	6.096403
8112327	6.328247
8112329	2.08573
8112331	6.352223
8112333	5.482709
8112335	5.535083
8112337	7.767541
8112342	3.793886
8112376	2.978446
8112388	6.815688
8112407	2.162263
8112409	5.969324
8112422	5.368844
8112424	2.090506
8112426	2.845339
8112428	4.144075
8112433	6.239739
8112435	6.816111
8112437	2.73423
8112439	6.81371
8112458	5.539745
8112469	8.283754
8112476	6.985916
8112478	7.675944
8112491	7.011622
8112519	6.210609
8112521	7.744574
8112538	5.491761
8112558	8.749723
8112560	9.675869
8112564	8.31286
8112570	6.416341
8112582	3.17306
8112584	5.315088
8112592	5.542676
8112596	6.063918
8112607	2.225183
8112611	2.796326
8112613	6.276345
8112615	7.688936
8112622	7.239375
8112647	2.06705
8112649	5.71943
8112664	2.194821
8112666	3.850798
8112668	4.852115
8112672	3.361801
8112687	9.179235
8112709	4.98613
8112724	4.648074
8112726	5.866882
8112728	10.10578
8112731	2.969011
8112740	7.789852
8112746	6.212066
8112761	2.641029
8112763	5.880497
8112767	8.770865
8112772	8.590191
8112801	2.298588
8112803	6.703147
8112807	6.066246
8112822	4.918854
8112841	5.58118
8112857	5.457621
8112865	9.609431
8112881	6.165334
8112883	7.816002
8112886	4.236083
8112888	5.147543
8112890	5.961016
8112892	7.828186
8112894	5.592552
8112896	3.261852
8112902	5.527841
8112914	8.613216
8112916	13.74837
8112918	6.884238
8112920	4.117135
8112940	8.159924
8112959	4.552493
8112961	7.281573
8112967	7.965447
8112971	3.067357
8112980	4.177631
8112994	7.10156
8112996	2.380876
8112998	3.170174
8113003	4.272934
8113006	3.287978
8113008	5.401674
8113010	6.774898
8113023	7.638114
8113035	5.99221
8113037	2.127156
8113039	5.926076
8113050	3.897633
8113059	4.821859
8113064	7.231896
8113071	7.161046
8113073	12.26831
8113083	6.738339
8113094	6.644713
8113097	4.608823
8113103	4.895658
8113113	3.735693
8113120	11.63007
8113122	3.659311
8113124	2.669677
8113130	6.729864
8113157	6.111616
8113202	3.222814
8113214	9.047287
8113220	8.226593
8113232	2.378539
8113234	3.443857
8113250	6.984561
8113274	2.325538
8113276	2.11545
8113278	4.322011
8113286	4.643684
8113299	4.012885
8113301	2.735562
8113303	1.928334
8113305	7.660273
8113342	3.043191
8113344	4.804897
8113346	4.136615
8113348	5.429829
8113350	2.085104
8113352	2.115824
8113354	2.270553
8113356	4.545957
8113358	6.567803
8113367	5.537602
8113369	5.325332
8113385	2.642328
8113403	4.674109
8113413	4.795471
8113421	4.62735
8113427	2.140167
8113429	2.392371
8113431	3.217656
8113433	7.043549
8113443	4.908772
8113445	7.093902
8113467	5.837979
8113469	8.432975
8113481	4.343133
8113483	3.941605
8113489	5.281152
8113491	5.56937
8113502	5.764142
8113504	4.739892
8113512	7.00634
8113542	7.730983
8113551	6.120418
8113573	4.946816
8113577	4.451858
8113591	7.260527
8113602	3.567302
8113614	4.789272
8113616	8.994312
8113623	7.154023
8113641	5.122958
8113651	6.537532
8113658	5.904183
8113660	6.378437
8113664	3.824395
8113666	4.122371
8113689	2.448183
8113691	5.826145
8113699	5.419021
8113703	2.519269
8113705	2.569213
8113709	3.926603
8113717	4.199802
8113724	6.481641
8113726	7.680455
8113733	6.324536
8113759	2.855295
8113761	6.099045
8113771	6.345862
8113773	7.228322
8113782	2.084383
8113784	4.927043
8113786	2.161632
8113788	2.123586
8113790	8.518085
8113796	5.341997
8113800	4.657527
8113871	2.364596
8113873	7.006241
8113879	7.033942
8113881	6.676791
8113914	8.75805
8113936	4.759864
8113938	5.150306
8113981	7.104362
8114002	5.651189
8114006	4.280503
8114010	9.032732
8114023	3.415831
8114030	5.602982
8114050	7.917675
8114068	6.628965
8114080	5.503519
8114083	10.22847
8114111	5.092302
8114113	5.305757
8114119	4.880061
8114136	2.249527
8114138	6.980557
8114145	6.581372
8114152	7.338342
8114158	10.37027
8114171	3.895701
8114185	3.89183
8114191	3.480177
8114193	8.164617
8114203	2.246707
8114205	2.497655
8114207	4.804897
8114209	4.901265
8114211	9.339562
8114213	2.386769
8114215	9.601642
8114225	9.882512
8114239	5.43289
8114245	5.460979
8114249	5.521352
8114256	4.174104
8114263	4.557525
8114270	3.824027
8114273	3.560571
8114287	5.364985
8114300	5.453481
8114320	8.296409
8114326	6.681655
8114352	2.364768
8114354	3.346839
8114363	2.540834
8114365	7.61843
8114396	6.898104
8114415	3.507038
8114425	4.272909
8114443	7.900134
8114455	8.78516
8114468	4.523998
8114470	3.962202
8114476	6.157486
8114489	4.056492
8114491	6.824448
8114511	5.595939
8114518	5.77149
8114526	5.130137
8114536	8.44554
8114546	6.813582
8114548	2.269911
8114550	6.918419
8114567	6.962956
8114572	6.909003
8114581	1.672315
8114583	7.418053
8114593	7.076969
8114612	7.858599
8114618	6.354647
8114625	5.753335
8114628	7.319336
8114643	5.615248
8114645	5.689533
8114647	5.944846
8114653	7.091456
8114658	9.521791
8114691	7.891098
8114709	5.912252
8114733	6.523336
8114767	9.358562
8114778	7.22508
8114780	4.89167
8114787	7.666378
8114797	4.503523
8114805	4.159036
8114812	3.83734
8114814	7.852436
8114829	7.515635
8114843	5.178813
8114845	4.659997
8114856	4.664794
8114861	6.990469
8114896	4.134966
8114900	4.788289
8114918	3.951536
8114920	6.019229
8114938	3.432829
8114964	7.726527
8114970	3.646841
8114977	4.332999
8114991	7.265235
8115010	2.56995
8115012	4.707827
8115014	5.788312
8115022	10.5565
8115037	2.817147
8115039	4.79628
8115041	3.852468
8115064	4.367193
8115066	3.989197
8115068	4.872399
8115074	2.150746
8115076	6.423931
8115099	5.536686
8115122	5.961151
8115144	5.776896
8115147	9.240446
8115158	8.585303
8115164	4.739647
8115166	4.229922
8115168	8.031287
8115181	8.036879
8115196	5.427492
8115205	3.786603
8115210	10.19042
8115234	7.187308
8115261	10.10565
8115274	3.595617
8115287	4.919104
8115300	3.71751
8115302	5.098572
8115327	4.984727
8115340	2.237974
8115342	1.912831
8115346	6.720425
8115355	4.538172
8115368	4.384749
8115375	6.241956
8115391	5.753073
8115395	3.223292
8115397	5.143945
8115410	5.078729
8115441	4.063656
8115443	3.695061
8115445	4.619892
8115455	4.295926
8115464	5.449337
8115476	6.539218
8115481	4.405721
8115487	5.787164
8115490	5.960806
8115516	4.297779
8115524	10.35368
8115543	4.48082
8115562	9.285393
8115570	5.074413
8115580	7.588833
8115584	6.354955
8115594	5.146935
8115600	4.119789
8115606	9.047908
8115623	9.438397
8115651	4.463422
8115664	5.983603
8115666	5.196856
8115673	2.3374
8115675	2.2859
8115677	2.017704
8115679	3.777522
8115681	7.898153
8115689	3.614243
8115691	5.609577
8115730	5.299254
8115732	4.804912
8115734	9.798139
8115756	5.165436
8115765	9.189716
8115783	8.472827
8115806	8.447778
8115812	7.003807
8115814	8.892211
8115828	2.349473
8115831	11.8658
8115836	2.185916
8115838	4.139709
8115840	6.690833
8115847	6.710223
8115849	6.507227
8115851	4.676657
8115863	2.674457
8115865	7.509948
8115871	3.953311
8115875	4.154844
8115884	5.538936
8115886	7.156762
8115895	7.639503
8115907	6.201833
8115918	9.636135
8115927	6.657787
8115939	6.234855
8115941	5.922745
8115948	6.614973
8115957	5.815874
8115978	5.599571
8115997	8.348981
8116012	6.744605
8116020	8.246469
8116031	6.485362
8116033	5.907145
8116051	6.390309
8116070	6.655354
8116086	6.355167
8116096	8.002787
8116113	6.644222
8116128	4.905798
8116130	4.931499
8116162	6.975399
8116168	6.096228
8116174	3.513275
8116177	6.580056
8116195	6.926469
8116227	7.384349
8116245	6.603898
8116247	5.480027
8116253	5.245277
8116272	6.045011
8116295	2.206363
8116297	9.412039
8116313	4.657093
8116316	7.57162
8116335	6.516973
8116346	4.759995
8116348	7.279593
8116372	7.075831
8116384	5.686162
8116400	4.465506
8116402	7.091904
8116418	4.654752
8116439	6.771127
8116445	5.446209
8116479	4.646651
8116482	4.054146
8116484	9.211187
8116494	8.143938
8116500	4.404113
8116502	5.925035
8116504	5.756088
8116520	10.50494
8116530	5.645403
8116532	10.01866
8116534	6.228622
8116537	5.34744
8116545	3.779528
8116548	6.845887
8116559	5.699934
8116571	6.252137
8116573	4.214393
8116577	2.981427
8116579	8.444503
8116582	5.353516
8116585	7.431443
8116589	2.893084
8116591	8.35779
8116593	4.374858
8116595	6.590937
8116607	5.808769
8116610	5.946488
8116620	5.816695
8116622	7.569618
8116635	5.566132
8116649	7.085661
8116651	6.699257
8116653	7.085661
8116655	5.577598
8116658	6.100417
8116662	3.363088
8116664	7.709457
8116696	4.531237
8116707	4.627696
8116710	9.069445
8116722	3.874388
8116724	5.500383
8116734	4.888897
8116740	8.776377
8116760	4.930471
8116780	9.209173
8116807	6.179583
8116818	6.07381
8116827	3.817131
8116829	2.206355
8116831	5.220882
8116835	4.696672
8116846	4.050084
8116848	4.646623
8116859	7.226947
8116867	8.225122
8116874	3.418144
8116904	3.989224
8116906	3.102981
8116908	4.802831
8116910	7.920328
8116921	7.669632
8116929	9.323313
8116932	6.291298
8116952	8.536045
8116954	2.555336
8116956	5.835637
8116969	5.504812
8116980	4.307308
8116983	8.240508
8116992	7.304955
8116994	4.85796
8116996	4.002
8116998	8.788358
8117018	6.688004
8117020	9.268024
8117032	6.010857
8117034	5.53646
8117045	3.931916
8117054	5.0915
8117071	7.15418
8117077	2.364807
8117079	6.543464
8117081	5.484701
8117106	8.052946
8117118	5.321991
8117120	7.315707
8117126	1.920973
8117128	5.372891
8117138	3.600302
8117140	7.110628
8117161	3.74061
8117165	10.22118
8117172	6.524422
8117176	7.72873
8117178	4.420632
8117187	3.774419
8117189	4.493233
8117192	2.200091
8117194	6.00617
8117207	5.912324
8117219	6.228846
8117225	5.427951
8117237	9.315316
8117239	4.402527
8117241	4.433766
8117243	6.52087
8117284	5.776286
8117286	5.068956
8117288	3.240525
8117301	3.942091
8117304	3.848786
8117321	7.754721
8117330	6.585209
8117334	6.775171
8117339	5.600647
8117343	5.257531
8117368	8.694623
8117372	10.73469
8117377	9.826631
8117382	8.624687
8117389	5.824637
8117395	8.8906
8117402	9.450904
8117408	9.012968
8117415	5.928935
8117422	5.74719
8117426	8.188351
8117429	4.267095
8117435	7.003834
8117447	6.843812
8117458	7.347869
8117470	4.847378
8117476	5.838412
8117485	8.201274
8117498	4.960868
8117510	7.145507
8117520	2.227786
8117522	6.214322
8117529	2.893039
8117531	5.172984
8117533	6.450503
8117535	7.332924
8117537	5.341546
8117543	5.396673
8117547	5.566189
8117561	3.317971
8117563	4.856406
8117565	6.314817
8117567	3.905958
8117572	4.560742
8117576	3.109658
8117578	2.508496
8117580	5.051243
8117583	6.824063
8117589	6.576114
8117594	6.56684
8117598	7.61412
8117600	5.597498
8117608	5.191726
8117614	6.415437
8117620	6.377406
8117622	4.955305
8117624	3.644439
8117626	6.029014
8117628	3.599121
8117630	6.631398
8117640	5.631364
8117646	4.979462
8117653	5.874327
8117655	5.095625
8117663	3.456749
8117667	4.158764
8117675	4.128112
8117685	4.801039
8117696	5.034911
8117698	5.969476
8117700	3.854994
8117707	5.413432
8117712	2.686311
8117714	4.032558
8117716	3.589252
8117718	3.022114
8117720	4.636673
8117722	3.705125
8117724	3.061663
8117727	4.511936
8117732	4.158755
8117739	6.849724
8117741	6.961937
8117746	5.423172
8117748	5.203281
8117760	8.866672
8117773	7.0453
8117777	11.29035
8117800	12.34827
8117809	4.541736
8117813	12.26526
8117822	4.906159
8117834	8.16176
8117840	5.87874
8117849	6.266656
8117861	7.223311
8117869	6.692911
8117881	7.118536
8117888	7.877152
8117890	11.86816
8117900	9.625711
8117922	6.276706
8117929	8.086032
8117955	6.971114
8117965	5.789011
8117987	6.654778
8117995	9.107047
8118005	4.033283
8118007	5.669709
8118023	5.920627
8118028	7.157754
8118061	4.992135
8118069	13.41071
8118076	5.31184
8118086	5.315814
8118093	6.776027
8118098	6.362167
8118100	6.353223
8118111	8.658696
8118116	7.254297
8118124	6.583672
8118127	6.642152
8118137	5.928936
8118142	6.446077
8118147	6.224241
8118149	7.840749
8118158	6.459891
8118174	7.390246
8118207	6.552939
8118209	5.898636
8118216	4.386808
8118218	10.10413
8118228	5.570519
8118235	6.052787
8118242	5.05356
8118249	5.885782
8118259	4.998772
8118293	5.01724
8118302	6.964566
8118310	12.50111
8118314	11.88328
8118319	7.002515
8118322	7.089052
8118324	7.628545
8118345	9.662891
8118367	6.845439
8118395	6.477738
8118409	5.846383
8118455	5.846383
8118498	6.115303
8118509	5.850044
8118535	7.473221
8118544	5.961869
8118548	9.285482
8118556	6.122431
8118564	7.143641
8118571	8.205578
8118580	9.425318
8118594	8.42399
8118607	4.969167
8118611	2.734483
8118613	7.71701
8118622	6.390518
8118632	5.90447
8118634	7.265561
8118644	9.164637
8118655	7.515628
8118661	5.750555
8118667	9.709099
8118669	5.745155
8118682	7.308534
8118696	5.97087
8118721	6.036911
8118724	5.433792
8118726	5.748099
8118734	7.560303
8118794	8.500137
8118804	6.860395
8118818	2.696058
8118820	2.922927
8118822	3.074561
8118824	5.550762
8118826	6.599484
8118833	5.582732
8118861	4.632069
8118863	8.964746
8118890	5.766107
8118915	6.496076
8118932	6.752292
8118945	8.609959
8118963	5.968392
8118974	8.004165
8118979	2.94197
8118981	5.302775
8118990	5.46648
8118995	5.876835
8119000	6.939568
8119016	8.428184
8119034	7.078413
8119052	5.725832
8119067	7.944128
8119078	4.583469
8119080	9.559115
8119088	9.847831
8119096	4.82233
8119102	4.580518
8119107	6.051145
8119109	8.205595
8119124	6.015676
8119132	5.52481
8119153	9.459064
8119159	5.848855
8119161	9.966355
8119169	7.472268
8119184	5.982942
8119196	4.813545
8119198	7.229862
8119223	4.4523
8119227	8.451924
8119235	6.741092
8119237	5.464905
8119239	2.206793
8119241	1.964223
8119243	3.566417
8119336	3.109419
8119338	5.516884
8119357	4.429202
8119386	5.331184
8119390	5.365844
8119394	3.868537
8119396	5.302317
8119403	4.034389
8119408	7.997349
8119423	5.732349
8119427	6.564771
8119435	6.519531
8119444	6.667449
8119466	6.578819
8119473	7.085275
8119490	2.509256
8119492	5.227524
8119503	7.011868
8119515	5.738139
8119525	5.446467
8119527	2.683022
8119529	7.904402
8119580	2.856018
8119582	6.636011
8119595	6.076462
8119599	6.414701
8119609	8.288564
8119620	4.761068
8119627	7.307131
8119648	8.416325
8119661	5.063558
8119670	6.566635
8119689	6.904055
8119712	8.530237
8119722	6.230452
8119765	6.480051
8119782	4.555941
8119799	3.282182
8119801	6.088078
8119827	2.245306
8119829	6.110641
8119842	6.324979
8119856	2.573252
8119858	6.949383
8119874	7.446136
8119882	3.940214
8119894	4.107388
8119896	6.312899
8119898	8.543375
8119915	5.140913
8119918	5.325531
8119926	7.653131
8119951	4.615639
8119974	6.861816
8119993	11.07246
8120004	5.039942
8120011	3.836381
8120022	7.637846
8120043	7.377355
8120057	8.02945
8120059	3.041969
8120061	7.861296
8120067	5.435973
8120082	3.610847
8120088	4.547357
8120102	9.552535
8120124	4.461864
8120135	3.899797
8120151	4.226378
8120163	2.768822
8120165	4.158209
8120176	4.06495
8120184	3.277925
8120194	4.999214
8120204	4.843816
8120206	4.359651
8120208	5.374627
8120210	6.371317
8120215	6.574885
8120222	5.286035
8120239	6.363389
8120247	4.827106
8120249	13.67556
8120251	6.876915
8120269	4.621936
8120271	4.495915
8120273	7.00185
8120275	2.869206
8120277	4.382575
8120279	8.189391
8120300	3.208926
8120315	2.99061
8120333	2.128924
8120335	8.247158
8120342	4.737325
8120350	2.779183
8120360	2.508336
8120362	2.871663
8120378	4.847417
8120382	6.641949
8120402	5.343232
8120411	4.793371
8120428	7.76802
8120431	8.935084
8120441	7.666562
8120460	3.975301
8120462	2.471886
8120464	3.550713
8120466	2.023336
8120468	3.315341
8120501	5.470754
8120552	8.576056
8120579	5.103765
8120585	7.509931
8120600	3.893018
8120602	7.273899
8120613	4.122325
8120654	3.86152
8120675	4.721231
8120679	3.248936
8120698	5.81251
8120715	2.496524
8120717	4.999153
8120719	3.500455
8120756	5.457973
8120758	6.533684
8120783	11.35274
8120820	6.632362
8120822	5.369288
8120824	2.16518
8120826	4.150491
8120833	10.33693
8120838	3.240457
8120860	6.199149
8120876	5.023859
8120878	4.056307
8120880	8.403625
8120883	6.588728
8120927	4.795051
8120932	4.492322
8120937	4.869438
8120943	8.542756
8120961	4.071394
8120967	5.152065
8120981	6.047543
8120983	3.997512
8120990	4.103415
8120992	9.642909
8121002	6.052755
8121009	3.11182
8121015	2.811473
8121031	6.391801
8121041	2.923293
8121043	6.016959
8121062	3.361798
8121064	4.520562
8121066	3.315228
8121076	10.68659
8121087	6.750447
8121095	5.832952
8121112	6.358159
8121116	3.115339
8121118	6.038259
8121130	4.449324
8121132	4.260223
8121134	2.532419
8121136	4.720457
8121138	3.629886
8121140	2.544468
8121142	2.966912
8121144	5.376422
8121152	3.833017
8121159	3.430636
8121161	8.099607
8121181	2.943202
8121193	3.76823
8121209	7.200536
8121212	4.474451
8121214	4.74436
8121216	7.022006
8121223	2.416408
8121225	4.363879
8121247	2.082621
8121249	2.948984
8121251	2.338936
8121255	3.195275
8121257	11.78869
8121273	5.808802
8121275	5.162913
8121277	9.124131
8121298	5.370978
8121300	5.256822
8121312	4.63772
8121317	2.447241
8121319	4.389306
8121330	3.960574
8121332	2.763685
8121334	3.625556
8121347	2.509256
8121349	5.077163
8121363	2.275051
8121365	6.986819
8121370	4.431052
8121390	2.617354
8121392	3.105716
8121405	4.969587
8121416	6.123899
8121418	6.645849
8121429	6.450009
8121454	6.300867
8121461	7.272109
8121485	2.276381
8121487	2.678267
8121489	7.098516
8121502	7.115481
8121508	2.022789
8121510	5.108029
8121515	6.033808
8121525	6.269578
8121532	4.745492
8121547	3.991501
8121553	3.651098
8121557	2.864492
8121559	3.825555
8121561	3.375861
8121563	10.01135
8121569	4.24126
8121578	6.146535
8121588	7.522269
8121596	6.589951
8121601	4.072811
8121605	3.404814
8121613	5.691917
8121622	3.453894
8121632	4.507297
8121649	3.018791
8121670	3.294703
8121672	4.985003
8121681	3.98121
8121683	3.992644
8121685	6.120198
8121704	8.171125
8121712	4.49576
8121725	3.048132
8121727	3.68748
8121729	2.938676
8121734	5.962915
8121739	5.667537
8121741	2.201832
8121743	9.442509
8121747	2.934636
8121749	4.978072
8121755	4.03019
8121757	5.972798
8121768	3.715966
8121782	10.62063
8121784	3.920071
8121794	6.557662
8121803	4.266177
8121814	3.929857
8121825	5.995756
8121838	7.279291
8121850	4.847602
8121861	5.970339
8121884	5.364681
8121886	7.007181
8121895	5.365084
8121911	3.039971
8121916	3.739222
8121927	7.22366
8121936	3.679176
8121943	2.870864
8121945	2.793985
8121947	3.394747
8121949	4.522215
8122013	5.826468
8122038	4.744092
8122045	4.213298
8122058	3.046426
8122071	4.602951
8122099	3.757653
8122125	3.02979
8122127	3.410551
8122129	3.113576
8122131	3.471166
8122136	7.785872
8122142	6.815327
8122144	6.909225
8122146	3.339176
8122150	4.987932
8122174	7.714586
8122176	4.861842
8122182	6.872608
8122196	6.596578
8122198	7.224245
8122200	3.989111
8122202	5.810476
8122222	4.437388
8122240	3.904148
8122242	6.303846
8122256	5.976023
8122259	5.536691
8122261	4.08932
8122263	2.52214
8122265	9.754001
8122277	3.858347
8122279	7.357121
8122317	10.64437
8122327	8.05676
8122334	4.863826
8122336	8.271139
8122343	8.592281
8122348	7.471488
8122365	8.40706
8122396	7.348006
8122405	4.362828
8122409	4.709066
8122426	8.292871
8122440	4.970816
8122452	3.437585
8122457	7.917388
8122464	6.818042
8122537	4.72203
8122552	3.678643
8122554	5.850264
8122561	3.165256
8122598	5.356524
8122600	9.237981
8122634	5.498121
8122637	10.16374
8122658	3.628218
8122660	5.881341
8122670	3.844998
8122672	9.386021
8122684	6.77522
8122689	7.818611
8122699	8.015642
8122701	4.190236
8122703	6.304879
8122705	6.782497
8122717	6.097136
8122720	3.717694
8122724	5.248896
8122732	5.122812
8122734	8.471927
8122740	6.522277
8122742	6.113681
8122744	5.015391
8122756	7.43806
8122773	6.731606
8122803	3.07564
8122805	2.268291
8122807	6.266888
8122818	6.71693
8122827	4.736606
8122840	5.019669
8122843	7.297652
8122856	4.764132
8122858	2.92277
8122860	4.300242
8122865	3.607404
8122877	2.275766
8122879	3.283375
8122881	2.327914
8122883	2.500546
8122885	3.480748
8122887	3.944938
8122909	7.810603
8122933	4.749608
8122966	4.694763
8122969	2.38217
8122971	7.718364
8122982	6.103473
8122986	10.50769
8123006	6.552214
8123038	4.681881
8123044	7.421087
8123060	5.031265
8123062	8.146251
8123080	6.356034
8123104	4.674107
8123129	7.957284
8123137	5.222492
8123148	8.32476
8123155	4.891356
8123176	3.705125
8123181	8.90062
8123230	6.479436
8123232	5.573725
8123246	4.153182
8123259	4.041377
8123274	9.565
8123303	5.134733
8123313	2.281538
8123315	8.330753
8123334	5.951846
8123336	2.556329
8123338	2.279235
8123340	5.2021
8123342	6.293725
8123362	5.736262
8123364	5.080553
8123372	6.592445
8123374	4.966552
8123388	6.426013
8123398	4.654111
8123405	5.358945
8123407	10.16735
8123437	5.530724
8123446	4.954082
8123463	6.935571
8123467	5.202483
8123488	6.165672
8123494	7.583333
8123507	7.440506
8123520	6.392624
8123524	6.736979
8123558	5.221451
8123562	9.451929
8123579	5.380876
8123584	4.638768
8123598	10.18365
8123606	7.898334
8123609	7.411839
8123621	8.125793
8123637	6.117282
8123642	4.404655
8123644	6.979413
8123651	6.095488
8123658	8.107038
8123678	7.670035
8123685	3.230493
8123695	4.49102
8123714	4.849316
8123717	3.810202
8123726	5.277503
8123728	4.133397
8123737	4.752401
8123739	4.406963
8123744	4.095411
8123760	6.930064
8123763	6.132855
8123765	2.495787
8123767	8.633815
8123780	2.656286
8123800	5.613703
8123802	6.625398
8123819	4.100467
8123825	8.429378
8123843	3.621305
8123864	6.655106
8123876	3.874071
8123884	4.500207
8123889	3.828402
8123891	6.663877
8123893	4.633106
8123910	3.856791
8123920	3.856885
8123929	5.003538
8123936	7.680992
8123949	3.506052
8123951	4.958373
8123959	3.343075
8123961	7.933346
8123976	6.383395
8123981	4.218188
8123985	3.476745
8123989	10.56686
8124008	6.828107
8124018	2.445226
8124020	5.24185
8124022	6.581715
8124036	2.048861
8124038	5.656123
8124040	6.340561
8124055	5.139915
8124057	3.528018
8124059	7.389755
8124082	8.008694
8124086	2.719232
8124088	6.381184
8124129	4.89676
8124134	5.848793
8124144	8.364387
8124156	2.042281
8124158	1.858623
8124160	2.842471
8124162	2.276861
8124164	4.224669
8124166	8.389546
8124181	2.515518
8124183	7.332941
8124185	3.342324
8124192	4.899072
8124194	4.585065
8124196	5.385704
8124211	4.332691
8124240	5.006204
8124262	9.305453
8124273	9.298573
8124280	6.378408
8124305	7.272075
8124307	4.879317
8124327	4.769104
8124329	2.206645
8124331	3.737649
8124335	4.852444
8124337	3.185767
8124351	3.937346
8124365	5.021425
8124380	6.280954
8124385	7.756199
8124388	6.097602
8124391	6.085492
8124394	5.028389
8124397	9.029268
8124402	6.904872
8124406	9.169879
8124413	8.798759
8124416	9.978448
8124423	9.500821
8124430	6.293888
8124433	4.244783
8124437	7.701637
8124440	4.90151
8124446	6.034107
8124448	10.2896
8124455	2.898193
8124457	3.358791
8124459	5.239792
8124467	5.172984
8124469	8.074708
8124484	7.442537
8124492	9.19526
8124495	4.360625
8124498	3.839761
8124500	3.174835
8124502	5.280332
8124510	4.709074
8124518	2.67005
8124521	8.100007
8124524	6.562235
8124527	5.746696
8124531	7.053587
8124534	4.628155
8124537	5.253992
8124540	5.828629
8124547	3.331232
8124549	3.594662
8124551	6.200862
8124553	4.485178
8124562	7.47896
8124574	3.958186
8124583	3.66432
8124588	3.853181
8124594	4.560371
8124604	3.144924
8124606	2.582641
8124608	3.820706
8124610	6.853022
8124622	3.751249
8124630	3.522026
8124632	4.077705
8124634	4.003859
8124636	3.05901
8124639	2.482742
8124645	3.517673
8124648	3.627076
8124650	6.199316
8124654	6.177468
8124684	5.042835
8124689	6.714661
8124691	5.008162
8124695	10.19802
8124707	8.211952
8124716	4.828699
8124726	7.419104
8124742	7.273413
8124756	8.151535
8124775	6.546793
8124798	6.929507
8124806	5.529454
8124813	5.413782
8124828	7.937275
8124846	5.213693
8124848	10.30681
8124855	6.988984
8124859	6.148483
8124862	6.849338
8124865	6.583616
8124868	6.371923
8124889	6.229836
8124897	4.966458
8124901	12.05399
8124911	12.16635
8124920	4.172038
8124922	3.395646
8124924	4.090047
8124926	8.527142
8124940	5.561809
8124942	5.127858
8124950	8.238125
8124955	6.401537
8124967	8.942483
8124994	7.063256
8124998	6.783574
8125007	5.527894
8125017	6.817403
8125038	6.369798
8125042	5.364631
8125048	6.787335
8125059	8.996301
8125072	5.737856
8125091	5.981303
8125123	6.409152
8125125	5.903562
8125134	5.459391
8125139	9.60396
8125149	10.9874
8125172	7.514684
8125201	6.184968
8125204	7.835316
8125220	6.220792
8125234	6.089812
8125289	5.836375
8125295	8.559982
8125316	6.191038
8125321	6.462526
8125328	6.818737
8125341	6.625072
8125360	7.442593
8125373	7.132612
8125383	6.809564
8125415	2.619104
8125426	6.247558
8125434	4.105334
8125436	6.157451
8125447	5.32819
8125461	4.419317
8125463	6.830803
8125470	5.369078
8125483	7.416736
8125500	8.074341
8125512	9.184007
8125527	4.799758
8125530	6.931317
8125537	7.124729
8125545	5.975367
8125556	9.177779
8125563	4.233843
8125568	7.011356
8125638	7.139765
8125649	8.33723
8125671	6.508759
8125687	8.20054
8125713	9.544523
8125731	7.118861
8125734	6.163575
8125748	9.103467
8125750	9.716642
8125752	8.313877
8125766	7.335311
8125772	6.096813
8125775	6.838667
8125780	5.34465
8125788	7.286769
8125798	6.498442
8125805	6.928884
8125818	6.748133
8125825	7.570786
8125835	8.448353
8125843	6.334435
8125850	8.293817
8125859	6.52477
8125870	4.941889
8125887	8.010065
8125903	5.738865
8125919	6.40705
8125936	5.285507
8125941	7.242817
8125959	3.87458
8125980	6.264328
8125993	5.985316
8126007	2.615617
8126016	2.675957
8126018	10.04589
8126033	5.761868
8126035	4.782341
8126058	5.687282
8126066	7.818559
8126086	4.916626
8126093	3.944088
8126095	5.575118
8126102	5.035381
8126119	3.523009
8126121	7.7413
8126135	7.872171
8126145	4.426978
8126147	6.522614
8126153	6.631706
8126163	4.684
8126173	5.903065
8126184	4.118752
8126212	7.002323
8126214	4.91534
8126238	2.985884
8126240	4.600636
8126244	4.920959
8126248	4.598024
8126259	6.454331
8126269	5.68269
8126279	4.828431
8126288	6.457514
8126296	5.700693
8126301	7.614823
8126303	9.873556
8126310	4.694172
8126312	5.789622
8126324	5.545865
8126337	5.880036
8126347	5.74022
8126360	7.879328
8126369	4.369885
8126371	7.372411
8126379	9.031823
8126382	9.676397
8126387	5.544156
8126394	9.602107
8126402	6.77888
8126428	6.866454
8126432	1.871158
8126434	2.49738
8126436	4.840295
8126442	6.840018
8126446	5.534189
8126450	9.148127
8126452	6.109701
8126474	8.380727
8126482	5.858328
8126484	5.639681
8126486	6.223557
8126512	7.261188
8126524	6.483671
8126531	6.027822
8126542	4.837841
8126556	6.222197
8126566	5.738214
8126574	9.381084
8126588	5.750387
8126629	9.62939
8126646	7.454577
8126653	7.302944
8126658	6.95244
8126666	8.348981
8126674	4.936332
8126681	5.663522
8126705	3.209228
8126710	3.76563
8126729	4.960567
8126750	4.894948
8126760	5.557974
8126770	4.269215
8126784	6.235176
8126798	4.209382
8126820	12.03198
8126839	9.746236
8126853	4.332758
8126855	5.942869
8126860	7.488692
8126878	4.053466
8126891	5.435897
8126905	13.15094
8126916	5.19855
8126920	3.93895
8126931	2.214123
8126934	2.461257
8126937	5.455606
8126939	2.939311
8126943	2.614723
8126946	2.889761
8126948	5.217012
8126950	4.753088
8126952	10.37401
8126954	6.936792
8127024	4.922368
8127031	5.760568
8127051	5.611462
8127065	3.604746
8127072	5.386575
8127079	2.990505
8127087	4.127723
8127094	4.603541
8127107	4.740416
8127109	7.040883
8127128	7.436872
8127130	3.582481
8127141	2.68763
8127143	2.88437
8127145	9.110973
8127156	4.529274
8127158	8.599132
8127177	5.154031
8127180	3.153401
8127193	3.47712
8127201	4.637711
8127234	6.924308
8127346	4.658463
8127360	4.157306
8127362	2.644178
8127364	5.449978
8127370	4.149207
8127380	4.063656
8127391	2.768822
8127393	3.311779
8127396	3.488528
8127399	3.475253
8127408	2.380795
8127419	7.073527
8127421	5.664474
8127423	9.707035
8127425	9.648725
8127446	5.499318
8127484	4.825935
8127496	2.714038
8127498	4.897519
8127500	4.09571
8127502	5.670731
8127507	5.064598
8127509	2.689608
8127511	5.145861
8127522	4.143892
8127526	8.172513
8127532	6.41135
8127534	5.786077
8127542	7.042862
8127544	6.822785
8127549	8.610888
8127563	4.473132
8127629	7.597144
8127637	10.51104
8127646	4.083598
8127656	2.662455
8127658	6.878102
8127660	5.146058
8127662	4.150998
8127664	3.100267
8127666	3.625698
8127686	3.630495
8127688	2.496636
8127690	7.232289
8127692	5.738517
8127696	5.218931
8127698	8.113283
8127743	5.569257
8127752	4.0258
8127754	5.288752
8127756	4.973739
8127767	2.97666
8127776	2.751552
8127778	7.633904
8127787	7.655507
8127822	5.525045
8127824	4.310639
8127841	6.00474
8127854	5.731295
8127872	5.154492
8127903	4.469626
8127932	3.881013
8127943	6.671617
8127977	7.165216
8127987	7.473052
8127989	7.032485
8127991	3.198177
8127993	2.588344
8127997	2.152349
8127999	3.399955
8128001	4.811817
8128007	4.003466
8128013	6.913452
8128034	9.066703
8128043	3.564906
8128052	6.502434
8128079	3.574073
8128087	4.039079
8128099	5.535013
8128109	3.732819
8128111	7.981409
8128123	7.921597
8128133	6.693256
8128138	5.990451
8128245	2.016304
8128247	5.161362
8128258	6.912844
8128260	7.526862
8128282	3.298555
8128284	3.606775
8128308	5.177495
8128310	2.612662
8128312	5.767036
8128314	3.081371
8128316	3.347141
8128322	4.318478
8128329	4.385721
8128356	5.898959
8128371	5.414852
8128383	4.808144
8128394	8.392448
8128409	4.186951
8128429	9.367499
8128445	2.782987
8128447	4.487091
8128459	4.20747
8128472	7.832334
8128522	7.334141
8128549	4.559587
8128553	3.962547
8128565	3.45364
8128572	6.470356
8128592	7.872041
8128604	5.422545
8128606	4.811937
8128618	2.760959
8128620	5.288301
8128624	5.251276
8128626	5.124975
8128638	5.464145
8128650	8.894006
8128667	6.373159
8128669	6.636132
8128683	7.244935
8128695	2.975403
8128698	6.904845
8128712	5.723354
8128714	3.702866
8128716	10.59968
8128726	4.407923
8128737	5.704382
8128767	5.220582
8128777	3.948292
8128788	4.757803
8128795	6.172097
8128818	4.0044
8128837	3.638997
8128843	4.283495
8128850	4.049552
8128865	6.145691
8128867	7.697595
8128886	6.055556
8128888	3.635148
8128890	4.533488
8128892	3.359096
8128894	5.394027
8128934	2.390785
8128936	2.776136
8128939	8.649297
8128954	1.902107
8128956	6.230754
8128977	5.574614
8128991	4.587026
8129037	4.688176
8129039	5.688438
8129043	3.811178
8129045	8.715561
8129062	5.372812
8129067	3.634819
8129069	3.362848
8129071	8.805241
8129082	5.19976
8129087	4.236381
8129089	6.628655
8129095	6.81138
8129097	5.105863
8129099	9.114345
8129105	3.909756
8129108	4.689152
8129120	7.151061
8129125	3.109239
8129134	3.608394
8129179	2.798046
8129181	7.032862
8129193	4.644665
8129214	4.977058
8129218	5.352895
8129231	4.269581
8129254	7.661932
8129271	2.475415
8129273	4.394284
8129309	4.500042
8129311	2.890561
8129313	2.159078
8129317	10.05307
8129330	3.061361
8129363	7.430386
8129375	7.196633
8129377	3.939403
8129379	7.554995
8129390	4.813477
8129392	3.554411
8129410	4.990098
8129418	8.723587
8129454	5.940869
8129456	4.172719
8129458	6.222419
8129476	3.085191
8129482	3.820069
8129497	4.503744
8129522	7.798438
8129558	6.269744
8129560	5.041005
8129562	7.60347
8129573	2.783622
8129590	8.08155
8129604	4.248672
8129608	3.259437
8129610	3.501665
8129615	4.65624
8129618	5.514831
8129627	5.408495
8129637	7.69343
8129649	6.258176
8129666	5.23426
8129675	6.862518
8129677	7.95136
8129693	4.694633
8129695	4.344957
8129706	7.355277
8129728	5.688889
8129761	2.482171
8129763	3.517707
8129773	7.933597
8129783	8.350644
8129804	8.795671
8129835	3.212597
8129837	6.060747
8129848	3.749315
8129861	8.698694
8129872	4.418462
8129876	4.801602
8129880	10.2728
8129888	7.803184
8129899	2.972279
8129901	7.836448
8129924	3.526625
8129937	9.771595
8129943	4.587645
8129947	4.086367
8129953	9.083017
8129963	6.685256
8129974	5.97966
8129985	7.300364
8130003	6.237819
8130009	8.734997
8130011	3.939716
8130013	3.959062
8130027	3.96367
8130032	7.784237
8130038	5.610015
8130071	10.03755
8130073	7.419092
8130087	6.428308
8130102	5.374309
8130116	7.052403
8130129	7.16595
8130142	6.780213
8130151	3.885724
8130163	7.138205
8130173	7.213129
8130176	5.281079
8130181	3.946995
8130183	3.192643
8130185	6.405615
8130191	3.587837
8130209	2.623463
8130211	5.331247
8130370	3.591029
8130372	3.81182
8130374	4.579866
8130383	6.04529
8130394	5.641548
8130401	2.996047
8130403	6.78979
8130406	2.368108
8130408	6.432399
8130422	7.482105
8130436	4.672347
8130438	4.826261
8130447	4.534988
8130462	7.775676
8130464	6.666042
8130470	7.510159
8130472	2.425408
8130474	6.907373
8130495	2.442903
8130497	2.488819
8130499	8.563892
8130505	10.51794
8130522	4.262453
8130528	6.782425
8130539	8.147354
8130553	5.071645
8130556	10.79485
8130565	5.885556
8130567	10.73668
8130578	8.493119
8130580	6.191198
8130582	4.463102
8130598	4.880641
8130608	5.669322
8130622	8.10523
8130624	8.117963
8130626	4.708697
8130628	5.351745
8130641	5.019189
8130645	4.937933
8130660	6.802468
8130662	3.037707
8130664	3.109392
8130674	4.854664
8130701	2.79749
8130703	5.857399
8130715	7.120825
8130720	6.657812
8130732	7.778587
8130739	7.462805
8130765	7.422177
8130768	6.559086
8130783	4.885822
8130785	5.862115
8130787	4.971914
8130803	5.430447
8130807	6.705474
8130811	4.866206
8130817	5.724275
8130824	5.958885
8130827	5.890203
8130837	5.222429
8130859	5.946239
8130867	4.602441
8130891	5.352757
8130916	7.610314
8130927	4.375672
8130934	3.843384
8130939	6.35663
8130952	7.472282
8130962	7.541636
8130976	5.430447
8130980	6.705474
8130982	4.866206
8130988	6.67118
8130993	5.783114
8130997	4.581695
8131000	6.457389
8131013	8.731286
8131042	6.044013
8131044	8.856215
8131056	7.252408
8131067	5.172123
8131069	5.618079
8131087	8.297706
8131091	6.958934
8131096	5.711123
8131098	6.310639
8131101	6.866062
8131111	7.213299
8131135	7.0289
8131140	6.068963
8131143	5.851179
8131155	7.199183
8131179	7.380582
8131195	6.692393
8131203	3.693726
8131205	5.903651
8131253	6.783139
8131263	4.170261
8131265	6.726532
8131286	5.772878
8131292	5.640114
8131296	7.357966
8131301	3.436543
8131303	7.786553
8131324	4.600073
8131326	5.809022
8131335	2.656428
8131337	5.930406
8131339	7.842909
8131349	5.11681
8131356	7.699274
8131374	6.307873
8131379	6.725628
8131381	3.472334
8131385	4.081917
8131387	6.802313
8131406	8.030087
8131412	5.004901
8131414	6.694607
8131427	6.114455
8131438	7.03057
8131441	5.165862
8131444	5.823256
8131452	3.885304
8131475	7.607779
8131479	7.053092
8131494	3.842678
8131496	6.899211
8131506	5.577571
8131512	7.015162
8131515	3.831117
8131519	6.424017
8131539	9.983586
8131550	7.68715
8131573	6.404553
8131581	6.15678
8131583	6.172683
8131600	9.892864
8131612	4.388152
8131614	9.578715
8131631	5.464303
8131661	8.352547
8131666	10.46491
8131682	2.581168
8131703	3.116738
8131705	4.915839
8131707	3.928092
8131709	5.747278
8131719	4.216947
8131801	3.361186
8131803	3.951242
8131811	9.715101
8131813	8.282269
8131815	6.144226
8131831	5.20295
8131844	6.820829
8131860	6.218579
8131869	7.81605
8131871	6.954641
8131881	6.092834
8131890	3.676732
8131917	7.041125
8131919	5.172767
8131925	2.927463
8131927	4.987938
8131942	4.857441
8131944	5.764977
8131949	7.209333
8131957	7.084285
8131965	7.297048
8131967	4.638331
8131970	7.036604
8131975	11.07241
8131996	5.550179
8132013	5.78613
8132031	7.93308
8132034	3.854642
8132036	5.806533
8132043	3.184919
8132045	7.563825
8132055	6.757017
8132062	9.07682
8132070	7.581703
8132092	5.909089
8132097	5.18232
8132118	5.0101
8132130	5.68212
8132151	4.744188
8132167	4.254109
8132182	5.08637
8132188	7.565402
8132209	7.660858
8132212	2.590752
8132214	6.010857
8132218	5.491633
8132245	4.01298
8132248	6.091391
8132250	4.728872
8132270	4.382865
8132286	3.842782
8132288	2.590752
8132290	6.460126
8132292	7.127803
8132302	5.50139
8132305	7.308844
8132318	4.074323
8132343	3.150605
8132345	2.572044
8132347	4.362994
8132349	2.688452
8132369	5.191045
8132376	6.009916
8132387	5.222824
8132399	5.734862
8132404	4.554146
8132406	8.523489
8132413	2.953968
8132415	2.685133
8132417	8.481301
8132439	4.345342
8132458	6.438365
8132463	3.05597
8132465	4.303475
8132493	3.845853
8132503	8.440383
8132513	5.841983
8132515	7.820226
8132523	6.820392
8132531	6.054802
8132539	9.440101
8132557	6.619863
8132580	8.780277
8132589	8.421088
8132592	8.83849
8132617	7.216463
8132642	6.500234
8132646	6.170563
8132660	6.992509
8132667	5.428329
8132690	6.385146
8132692	3.815867
8132694	6.633576
8132705	3.962196
8132707	4.808467
8132710	4.02172
8132715	4.724492
8132725	7.27537
8132743	6.16258
8132803	4.355837
8132805	7.247531
8132811	2.765051
8132813	3.529039
8132819	5.318043
8132830	5.227444
8132832	6.067795
8132838	4.80184
8132840	5.206365
8132843	4.920135
8132845	3.669689
8132849	5.360719
8132851	5.01311
8132856	1.785614
8132858	6.243936
8132860	7.952505
8132897	7.130322
8132909	4.708803
8132911	3.472798
8132913	3.878881
8132915	2.862947
8132917	4.448936
8132922	5.38849
8132929	6.114096
8132943	7.689853
8132960	3.885008
8132962	5.347046
8132964	7.490698
8132978	8.627794
8132980	6.381332
8132984	3.170979
8132986	2.592232
8132988	1.748526
8132990	2.342106
8132992	6.250806
8132994	2.2132
8132996	3.041689
8132998	8.14425
8133000	2.090902
8133002	2.323012
8133004	3.87212
8133006	2.122684
8133008	2.228144
8133010	2.108566
8133012	7.502868
8133014	2.509256
8133016	2.974426
8133018	4.35239
8133021	4.846468
8133023	3.420414
8133027	8.382686
8133030	8.065231
8133032	3.564252
8133034	4.312806
8133036	3.164955
8133038	5.739941
8133040	2.375154
8133042	3.147014
8133049	6.234716
8133057	5.902797
8133062	5.076155
8133070	8.99575
8133072	5.252946
8133074	7.489579
8133085	2.718164
8133089	6.130547
8133095	7.673265
8133106	8.809864
8133108	5.252946
8133110	5.407773
8133112	4.771562
8133114	6.688038
8133119	5.0707
8133122	6.679954
8133145	7.529901
8133155	7.608588
8133163	4.649069
8133165	5.075014
8133167	5.866246
8133176	9.80863
8133187	2.27995
8133189	3.24168
8133192	8.837185
8133200	5.559185
8133202	5.084321
8133209	6.225598
8133215	5.22319
8133219	8.76364
8133221	6.594603
8133223	3.818892
8133225	2.400601
8133227	2.097854
8133229	3.459286
8133231	2.788166
8133233	5.548264
8133258	4.957889
8133273	7.830969
8133275	7.438379
8133293	4.23502
8133300	9.679901
8133309	8.511862
8133314	6.843527
8133326	6.290744
8133331	6.839065
8133335	7.276334
8133339	7.707055
8133345	7.649674
8133360	9.426632
8133366	5.436665
8133372	6.92335
8133413	7.994353
8133434	10.05076
8133442	7.080739
8133459	6.445183
8133477	7.940416
8133500	5.608921
8133504	8.086712
8133518	6.745598
8133531	8.870297
8133540	8.086935
8133549	6.425686
8133571	6.253054
8133582	6.039568
8133590	6.070885
8133600	6.161917
8133610	7.411368
8133623	4.161755
8133625	5.880042
8133633	6.495533
8133654	6.331611
8133662	9.120029
8133670	8.700908
8133688	6.177719
8133690	9.003544
8133702	2.373349
8133704	6.778259
8133721	12.34924
8133728	5.269334
8133736	8.027222
8133741	9.983685
8133750	2.486743
8133752	7.687297
8133754	9.550061
8133770	6.439714
8133788	8.365834
8133809	7.007094
8133818	7.31216
8133847	3.325026
8133854	3.037564
8133856	3.928148
8133858	2.859324
8133860	4.806312
8133872	4.258143
8133874	7.274633
8133876	3.53621
8133896	12.14851
8133898	2.817024
8133900	3.686814
8133902	6.619908
8133904	3.665469
8133914	7.616774
8133938	7.449061
8133959	3.907258
8133961	3.45526
8133976	3.294605
8133983	4.354581
8134018	3.853389
8134024	4.850756
8134026	4.510409
8134030	3.961342
8134036	7.059113
8134051	4.500885
8134077	2.705301
8134079	7.860337
8134091	9.128826
8134098	6.698714
8134117	6.453228
8134122	7.135245
8134180	7.600924
8134201	6.738591
8134211	6.776449
8134219	5.523697
8134252	2.032084
8134257	3.504621
8134263	5.919854
8134318	5.906206
8134339	5.900009
8134345	2.293616
8134347	3.338301
8134349	5.272453
8134351	5.435992
8134372	2.893945
8134374	6.905694
8134376	3.389731
8134384	4.50308
8134403	3.790873
8134405	3.083157
8134407	7.216327
8134415	4.443192
8134420	3.266533
8134429	4.803055
8134433	4.41115
8134435	9.512299
8134452	7.0005
8134454	8.781672
8134460	5.480038
8134463	6.293949
8134470	6.768472
8134550	5.175689
8134552	8.110017
8134564	4.608417
8134581	9.684355
8134589	7.143099
8134599	7.033582
8134613	5.279718
8134621	6.01351
8134631	7.783761
8134644	6.951462
8134655	3.486945
8134676	2.488438
8134678	2.624928
8134680	7.966585
8134689	5.611958
8134699	8.318598
8134712	6.709486
8134730	4.398126
8134737	6.354708
8134740	7.124387
8134745	5.778131
8134777	6.450727
8134785	3.0167
8134789	6.325922
8134814	7.380734
8134821	8.343989
8134827	6.604469
8134834	7.942161
8134856	5.775012
8134869	5.471168
8134880	8.008569
8134890	9.208016
8134904	6.344042
8134907	6.334699
8134915	5.403698
8134965	6.377233
8134981	8.513258
8134992	7.207128
8135015	6.724449
8135031	5.592139
8135033	6.102898
8135037	4.653129
8135048	4.696589
8135064	9.390836
8135069	6.155521
8135080	7.042412
8135089	5.795451
8135099	6.283138
8135114	7.828367
8135149	6.604971
8135160	2.486743
8135162	6.278466
8135172	5.884044
8135181	6.198577
8135197	5.94504
8135204	5.931629
8135211	5.153822
8135214	2.768822
8135216	4.229604
8135218	3.563366
8135224	5.424498
8135229	6.698442
8135235	6.602392
8135250	7.911841
8135262	4.861743
8135268	7.931238
8135271	4.504321
8135273	7.235932
8135275	5.777289
8135277	9.677876
8135319	7.661139
8135321	3.09827
8135323	5.580194
8135341	3.873448
8135361	2.970658
8135363	6.336041
8135378	6.607986
8135392	10.55743
8135405	2.646993
8135410	5.292868
8135422	6.886802
8135436	4.463209
8135458	6.454685
8135464	7.935817
8135480	6.245559
8135486	2.7762
8135488	4.501756
8135497	6.42096
8135512	5.980931
8135514	9.73222
8135532	7.151218
8135542	3.88954
8135544	4.501151
8135568	8.132415
8135576	9.283012
8135585	6.081208
8135587	6.870291
8135594	6.233094
8135601	8.560818
8135625	9.521686
8135638	5.549441
8135661	5.846747
8135688	6.170578
8135697	2.492089
8135705	4.523587
8135716	2.209956
8135718	7.179108
8135734	4.825805
8135763	5.148392
8135772	3.604949
8135774	4.687766
8135804	3.336707
8135821	4.928482
8135827	2.998437
8135835	3.056288
8135847	3.528132
8135849	3.299057
8135856	7.65067
8135865	4.593566
8135874	2.162532
8135876	7.828966
8135902	4.683702
8135907	5.425987
8135909	5.211162
8135915	10.61291
8135922	5.308469
8135929	6.471832
8135931	7.069181
8135933	6.216899
8135943	9.3276
8135945	4.619327
8135955	6.696226
8135967	5.351467
8135969	4.416412
8135990	6.221286
8136039	8.585258
8136045	6.091485
8136059	5.156813
8136061	6.484781
8136063	3.137184
8136065	6.806059
8136067	5.698283
8136078	3.241105
8136080	6.518665
8136095	7.359483
8136115	6.871439
8136138	3.794255
8136140	6.268079
8136159	4.03865
8136161	5.626325
8136163	7.964753
8136177	5.84475
8136179	3.714192
8136181	3.230714
8136187	3.343086
8136200	10.7934
8136213	5.686622
8136215	4.22365
8136217	4.161116
8136235	5.5759
8136248	5.156281
8136259	8.460535
8136281	3.532922
8136289	5.770484
8136291	2.738194
8136293	8.042294
8136315	4.055502
8136336	3.47906
8136341	11.00789
8136347	4.134592
8136370	3.378801
8136388	8.08403
8136391	4.377062
8136401	6.970037
8136446	2.891081
8136448	4.465949
8136457	3.246368
8136459	4.272939
8136469	3.997828
8136471	7.606797
8136473	6.699752
8136495	4.840178
8136516	7.293112
8136535	6.767849
8136539	7.850595
8136557	6.335773
8136576	5.508252
8136578	2.841255
8136580	5.992673
8136587	2.688061
8136589	6.368507
8136591	5.096359
8136602	6.34131
8136610	2.278101
8136614	6.09091
8136631	7.144122
8136641	5.148493
8136645	4.839481
8136647	5.330761
8136652	4.143321
8136654	4.916091
8136656	2.489483
8136658	5.08863
8136660	3.066052
8136662	6.744772
8136709	5.16807
8136727	5.805083
8136786	2.748561
8136788	2.970903
8136790	4.195174
8136795	4.17597
8136801	7.456141
8136807	8.167844
8136811	6.286312
8136832	5.660533
8136837	5.014925
8136839	9.470824
8136844	3.782571
8136846	3.602503
8136849	7.504383
8136863	6.452864
8136869	7.573394
8136889	6.61869
8136891	2.373719
8136893	5.54169
8136918	8.602125
8136930	5.151944
8136932	3.898111
8136934	5.510906
8136936	5.671653
8136938	4.32518
8136940	6.939755
8136954	6.963086
8136961	3.323001
8136963	3.634258
8136965	4.884
8136967	2.966844
8136969	3.137089
8136971	4.269157
8136973	5.108889
8136975	4.800908
8136977	4.729416
8136979	4.023105
8136981	2.219617
8136983	6.828366
8136985	5.677671
8136987	7.03655
8137006	2.78775
8137008	10.29658
8137010	4.201118
8137042	2.985332
8137044	6.0256
8137046	4.727129
8137048	3.83586
8137050	4.032456
8137054	7.368794
8137081	5.223759
8137089	2.23291
8137091	8.239635
8137101	7.142109
8137112	9.241084
8137118	6.450844
8137131	5.115111
8137133	6.838383
8137151	7.214959
8137183	6.747424
8137202	6.472385
8137208	6.402339
8137215	6.795129
8137219	5.493972
8137223	2.700021
8137225	7.357582
8137228	7.411674
8137232	4.871857
8137240	4.549695
8137244	5.095204
8137250	5.126942
8137252	5.137877
8137257	5.56336
8137264	6.773516
8137271	6.55708
8137280	6.372922
8137310	6.22712
8137330	8.430585
8137332	6.734864
8137334	6.414186
8137336	5.836248
8137352	7.150338
8137381	6.883953
8137404	6.578698
8137414	7.354163
8137433	3.142445
8137437	2.867063
8137448	6.483763
8137464	5.734363
8137466	3.676145
8137468	5.994632
8137470	5.058446
8137472	3.835584
8137474	5.866999
8137483	5.607626
8137485	5.069604
8137517	5.579123
8137524	5.728928
8137526	8.626399
8137537	5.923485
8137542	7.453436
8137558	7.268826
8137566	5.559491
8137582	2.268005
8137584	6.227736
8137596	6.730939
8137627	8.896375
8137635	5.672215
8137637	5.906063
8137639	6.141913
8137666	6.547927
8137668	7.15777
8137670	6.120823
8137675	6.348974
8137680	7.172445
8137693	5.459362
8137700	7.522827
8137707	7.863445
8137709	10.72797
8137715	6.569331
8137739	6.870336
8137781	6.243111
8137783	7.470157
8137798	6.033825
8137802	6.290737
8137805	7.137417
8137826	6.726704
8137833	7.843869
8137847	6.928085
8137863	4.832602
8137865	6.310544
8137874	5.713085
8137900	3.81226
8137903	3.81226
8137906	5.194831
8137925	2.913723
8137927	3.558993
8137931	5.572024
8137942	7.472556
8137953	7.916845
8137959	7.936331
8137962	7.672819
8137964	6.425938
8137979	12.85853
8137986	6.352819
8138009	4.007965
8138030	6.653875
8138043	2.555509
8138045	8.309371
8138065	5.462649
8138067	6.204912
8138084	4.426809
8138086	2.351931
8138088	6.870161
8138091	7.914632
8138108	8.823814
8138116	7.149886
8138128	8.084691
8138145	7.501677
8138147	8.689603
8138151	6.919901
8138155	6.459633
8138157	5.705608
8138189	6.027799
8138202	7.639091
8138224	7.585351
8138231	5.700854
8138258	4.318612
8138277	4.73984
8138287	4.063656
8138289	3.814354
8138308	1.725441
8138310	3.093539
8138337	2.735564
8138353	5.76984
8138361	6.963345
8138363	4.586022
8138370	6.335689
8138381	9.164402
8138392	5.566021
8138401	7.797555
8138435	4.401598
8138440	3.567105
8138442	6.947347
8138450	6.338506
8138454	4.996636
8138459	3.96136
8138466	11.02531
8138474	4.907304
8138483	2.768822
8138485	7.32564
8138487	7.428086
8138489	4.752145
8138504	8.123341
8138527	4.349972
8138531	13.0596
8138542	3.943305
8138545	7.756532
8138547	6.401191
8138553	6.030593
8138566	4.085092
8138581	9.446856
8138592	8.713863
8138596	6.930717
8138598	2.619551
8138600	2.597571
8138602	4.565701
8138613	9.364887
8138640	7.263198
8138647	4.55687
8138662	2.890907
8138668	2.789052
8138670	9.638464
8138686	4.772691
8138689	8.705063
8138706	3.035586
8138708	5.670274
8138718	4.346563
8138721	5.862328
8138728	4.561893
8138735	6.966301
8138741	5.869149
8138745	5.763221
8138749	6.652913
8138757	6.689335
8138765	5.565613
8138770	7.666136
8138773	10.23891
8138776	7.448208
8138789	5.695413
8138795	2.36973
8138797	4.798098
8138799	5.923624
8138805	5.861603
8138822	4.573678
8138824	8.837926
8138834	6.499006
8138842	5.534187
8138857	6.091084
8138862	5.787203
8138865	4.992578
8138882	4.742098
8138888	4.606343
8138912	3.364725
8138920	5.809992
8138922	7.162008
8138930	5.192665
8138939	4.235562
8138941	6.29299
8138948	4.753493
8138950	6.092582
8138956	2.413491
8138958	3.713231
8138977	4.503191
8138988	4.335303
8138995	4.861955
8138997	5.535163
8139003	7.528285
8139015	6.143244
8139019	3.327392
8139021	5.410658
8139031	4.507257
8139033	5.805663
8139055	6.30715
8139057	5.766987
8139083	5.238755
8139085	6.330083
8139087	3.513197
8139100	3.710654
8139107	4.156391
8139113	4.400419
8139118	5.378771
8139121	4.799045
8139125	4.435782
8139128	4.794213
8139131	4.228723
8139158	6.182117
8139160	5.979096
8139163	3.944556
8139165	8.156751
8139196	1.947692
8139198	6.115506
8139201	7.707307
8139203	7.064221
8139207	5.499319
8139212	5.161795
8139228	5.675216
8139232	5.434637
8139242	4.192585
8139244	7.494143
8139250	6.611348
8139256	6.218226
8139264	9.108536
8139270	6.879653
8139276	6.821208
8139281	6.591313
8139299	6.610252
8139307	5.309022
8139314	5.475203
8139330	4.921789
8139356	7.10061
8139365	2.411062
8139367	5.223269
8139392	6.916624
8139411	8.346539
8139421	8.142056
8139430	8.654751
8139433	5.906247
8139456	6.413879
8139458	5.759232
8139460	6.315042
8139468	6.288492
8139482	5.94629
8139484	7.718371
8139486	6.152363
8139488	8.90493
8139500	5.585571
8139534	4.904119
8139592	6.27186
8139606	3.832002
8139622	3.369777
8139632	3.845018
8139640	4.75483
8139656	5.282251
8139678	3.80667
8139680	5.240844
8139695	3.392542
8139697	4.616422
8139699	3.753279
8139706	7.375055
8139712	8.045086
8139721	2.992243
8139723	5.900916
8139727	3.669604
8139737	5.807483
8139746	4.468381
8139758	8.16144
8139763	6.982426
8139765	3.287611
8139767	3.632407
8139769	6.408462
8139772	4.365752
8139776	2.192587
8139778	5.299661
8139780	5.99451
8139782	2.163852
8139784	2.730271
8139786	2.863909
8139788	2.767287
8139790	3.502399
8139792	2.165446
8139794	2.703432
8139796	4.836988
8139798	2.275021
8139800	3.106798
8139804	4.846468
8139806	2.22737
8139808	2.309306
8139810	3.552915
8139812	2.312724
8139814	2.062989
8139816	6.414358
8139818	2.422993
8139820	5.467206
8139826	5.391138
8139828	7.002563
8139832	9.576335
8139840	11.58853
8139843	3.296975
8139845	4.779904
8139857	3.622722
8139859	8.259853
8139873	5.470982
8139879	7.584287
8139881	4.23767
8139883	6.821733
8139885	5.013724
8139887	6.937447
8139889	6.67118
8139891	8.769342
8139896	8.787385
8139901	2.486743
8139903	2.869256
8139905	3.228889
8139907	7.27561
8139909	4.420298
8139911	2.929259
8139913	2.646022
8139915	3.417365
8139917	5.141281
8139919	4.585367
8139921	4.441782
8139933	2.723164
8139935	6.034173
8139941	4.845487
8139943	6.349645
8139947	6.844147
8139966	5.74616
8139975	4.161755
8139977	7.41451
8139996	6.12694
8140009	6.161917
8140020	6.794034
8140028	5.113491
8140033	4.750372
8140035	3.141772
8140037	7.505197
8140061	7.680693
8140070	6.351866
8140085	5.100034
8140107	7.192496
8140113	6.305174
8140127	3.818195
8140129	7.388307
8140140	8.539394
8140144	6.545751
8140151	6.133528
8140166	5.261934
8140170	6.392271
8140196	7.483217
8140211	6.195226
8140220	8.053711
8140227	6.985372
8140239	9.661249
8140249	8.086935
8140258	9.382594
8140269	9.644421
8140280	9.727729
8140291	4.478674
8140297	7.36411
8140311	7.9735
8140317	3.712974
8140319	5.750758
8140356	6.571623
8140358	4.379651
8140367	5.24322
8140371	6.862075
8140386	6.710479
8140398	9.06772
8140403	6.010857
8140420	6.275023
8140424	6.453008
8140433	6.830791
8140443	6.394081
8140445	6.153641
8140454	6.147377
8140461	7.443049
8140463	7.7832
8140468	5.857807
8140478	6.55543
8140498	3.242665
8140500	5.455731
8140504	4.439919
8140530	2.222261
8140532	2.031105
8140534	7.840549
8140554	4.844584
8140556	3.472605
8140579	4.266387
8140620	5.037728
8140650	5.31897
8140668	4.396027
8140686	3.877235
8140707	5.807904
8140709	5.900364
8140730	6.154449
8140737	6.224706
8140739	4.00192
8140752	3.622786
8140782	4.66604
8140814	7.312647
8140828	8.328617
8140840	11.50592
8140850	6.122012
8140852	4.51363
8140855	2.349901
8140857	2.537929
8140859	4.959507
8140864	6.717184
8140869	3.645788
8140878	6.468558
8140907	2.487404
8140909	4.205084
8140915	6.820724
8140942	7.430841
8140955	6.274734
8140967	10.62133
8140971	7.766903
8140984	2.970376
8140995	3.112592
8141016	6.907301
8141024	6.572237
8141035	4.496106
8141050	8.603798
8141052	3.139728
8141066	3.547259
8141076	6.800012
8141094	6.424344
8141107	7.939135
8141127	3.201021
8141133	8.539082
8141138	3.213534
8141140	6.881402
8141146	2.228211
8141148	2.72403
8141150	6.183156
8141166	9.722558
8141169	7.3369
8141173	4.904346
8141180	6.64103
8141206	9.230188
8141222	9.205366
8141228	6.236225
8141239	3.596431
8141241	9.481197
8141263	7.049333
8141273	7.136195
8141281	4.129632
8141283	5.642972
8141295	8.16152
8141303	5.852558
8141305	8.025996
8141311	4.631815
8141317	3.036115
8141328	8.054764
8141342	2.94227
8141358	5.684892
8141361	5.797314
8141363	5.693955
8141371	4.877033
8141374	7.295048
8141380	6.724736
8141395	6.699994
8141419	6.595157
8141421	4.892201
8141423	5.262094
8141425	6.142417
8141445	7.278888
8141459	6.309337
8141463	4.920229
8141466	6.438109
8141477	7.176702
8141490	6.883686
8141498	4.394993
8141517	7.185153
8141522	6.943877
8141526	7.738651
8141533	4.382246
8141535	7.693226
8141560	5.587948
8141580	5.166409
8141595	6.55219
8141625	5.766739
8141643	7.098322
8141648	8.326834
8141659	6.956704
8141661	5.224494
8141664	6.582526
8141669	4.360407
8141676	5.718762
8141688	6.343119
8141708	6.584401
8141717	6.64141
8141726	2.449589
8141728	6.700863
8141737	4.876672
8141746	3.494986
8141748	5.905785
8141750	5.833423
8141757	6.205212
8141762	6.962737
8141765	6.967092
8141768	6.61547
8141791	8.868551
8141795	9.074089
8141803	6.313281
8141829	8.695418
8141843	4.696776
8141846	4.715457
8141872	5.197539
8141882	3.845291
8141896	5.141155
8141898	5.212436
8141922	4.605518
8141946	2.201557
8141950	4.196416
8142019	6.051856
8142036	6.773921
8142059	7.286521
8142061	3.536993
8142079	2.543884
8142084	6.640702
8142087	5.936871
8142096	6.54073
8142098	6.053472
8142100	5.748548
8142102	5.881637
8142104	6.032043
8142110	9.089562
8142120	12.65564
8142136	7.960454
8142143	9.12662
8142169	2.972369
8142171	3.057646
8142194	5.19963
8142230	3.198263
8142232	3.691871
8142270	3.702193
8142307	7.065929
8142324	6.238693
8142329	3.710511
8142332	4.029123
8142343	4.724797
8142345	7.507258
8142401	4.55514
8142403	2.445917
8142405	6.576016
8142407	6.764798
8142415	8.258419
8142424	2.885849
8142431	6.121739
8142435	3.013926
8142444	2.823618
8142446	4.650304
8142448	3.056288
8142450	2.937898
8142452	4.292462
8142464	4.218248
8142466	4.941373
8142468	10.27549
8142471	4.69751
8142480	2.881735
8142497	3.818966
8142522	3.683399
8142524	8.279905
8142534	2.506106
8142536	2.818076
8142538	3.466501
8142540	10.61403
8142554	6.84719
8142580	5.085875
8142585	5.718868
8142618	3.273849
8142622	4.560238
8142624	2.815439
8142628	2.99475
8142646	2.911813
8142661	2.235041
8142663	7.303865
8142671	10.33105
8142685	3.722765
8142687	4.987883
8142692	4.299302
8142697	4.758776
8142718	4.437141
8142730	7.396817
8142740	6.988952
8142747	6.028773
8142763	3.129954
8142765	6.941785
8142770	5.178771
8142774	5.989447
8142795	6.912518
8142814	4.071924
8142821	7.208859
8142830	6.924728
8142852	7.687749
8142878	7.1335
8142880	4.186938
8142882	3.224305
8142884	4.664362
8142886	11.29849
8142897	2.574325
8142899	5.605463
8142912	6.920398
8142930	4.943332
8142945	5.262812
8142971	6.808908
8142975	5.678898
8142977	2.32381
8142979	6.790784
8142981	6.409205
8142993	6.419385
8142997	5.507667
8143028	6.113996
8143035	9.298982
8143038	7.084207
8143040	5.151701
8143054	8.274
8143065	7.414036
8143070	7.485324
8143088	6.97069
8143108	2.999062
8143110	6.105354
8143127	5.337278
8143132	9.500416
8143142	2.541777
8143144	5.607473
8143154	4.687542
8143188	7.819355
8143205	2.828284
8143207	2.674789
8143209	5.136458
8143221	7.800426
8143247	5.889282
8143268	2.589739
8143270	5.32109
8143279	8.094467
8143294	2.788301
8143296	6.103758
8143307	7.335628
8143327	7.338517
8143341	8.096603
8143363	3.384864
8143365	4.214761
8143367	7.10366
8143383	3.854039
8143385	7.62618
8143387	10.26678
8143397	5.786605
8143417	8.188945
8143433	4.577332
8143437	4.286898
8143441	6.446699
8143448	5.287219
8143457	2.41337
8143459	4.012781
8143461	3.94791
8143463	4.303668
8143471	6.228174
8143482	4.836121
8143486	3.596206
8143494	3.411587
8143499	6.134833
8143518	5.409597
8143534	5.571539
8143555	3.950154
8143557	4.034089
8143562	2.861574
8143564	6.015854
8143575	6.503925
8143594	7.025507
8143597	3.285781
8143599	4.32518
8143601	4.790761
8143605	5.580777
8143610	6.791924
8143627	5.089586
8143629	6.694993
8143633	5.937454
8143635	5.636001
8143643	4.723174
8143657	3.709884
8143659	4.630515
8143661	5.761702
8143663	7.170814
8143684	8.795185
8143697	5.569318
8143702	6.460362
8143708	7.584881
8143710	3.877707
8143712	2.757953
8143714	5.271871
8143725	7.397091
8143733	6.551158
8143747	2.967638
8143749	6.170635
8143759	5.658608
8143766	6.416638
8143772	6.438069
8143781	5.306373
8143788	6.575203
8143790	7.123766
8143803	9.475693
8143825	6.325489
8143850	6.329867
8143863	8.11115
8143879	7.169676
8143885	5.080982
8143887	5.702897
8143894	2.493306
8143899	4.883453
8143905	6.107125
8143919	5.636208
8143937	5.008501
8143939	6.056714
8143941	6.83706
8143949	7.266112
8143955	6.065873
8143957	7.747873
8143961	6.728479
8143984	6.15758
8143986	3.505459
8143988	8.572019
8144036	3.484488
8144042	5.251474
8144044	5.677444
8144047	5.505779
8144072	4.692252
8144078	6.363526
8144082	5.434003
8144089	6.991421
8144112	6.6484
8144117	2.392789
8144119	7.386605
8144121	5.839314
8144149	4.031645
8144151	2.938354
8144153	5.768134
8144184	9.374188
8144213	4.699749
8144226	2.718745
8144228	4.897517
8144230	3.783126
8144239	6.936945
8144253	5.403687
8144267	8.451996
8144279	7.966617
8144281	5.41223
8144315	6.011565
8144317	5.90545
8144322	4.717638
8144361	6.103047
8144378	5.482406
8144388	5.282279
8144392	3.321873
8144395	6.09495
8144397	5.594771
8144399	3.043125
8144401	3.086753
8144405	2.69426
8144410	5.954596
8144412	6.172137
8144414	6.172137
8144416	6.143129
8144418	6.143129
8144420	6.087589
8144422	6.179886
8144424	5.434827
8144428	5.466465
8144432	5.466465
8144436	5.466465
8144440	5.434827
8144444	5.466465
8144448	5.420253
8144452	2.269911
8144457	3.84487
8144460	4.163687
8144473	5.209671
8144481	7.318254
8144488	6.080577
8144490	6.143129
8144492	6.143129
8144494	6.087589
8144496	6.298933
8144498	5.59092
8144503	4.283781
8144505	8.152761
8144512	2.674987
8144514	4.089892
8144516	6.067229
8144526	3.858323
8144528	6.96886
8144557	6.285039
8144569	4.462474
8144571	3.542529
8144577	5.951381
8144582	3.562599
8144584	3.889284
8144586	6.183176
8144600	4.056201
8144604	5.425164
8144619	6.97598
8144621	4.533454
8144625	5.343437
8144639	4.640595
8144643	6.055115
8144656	5.25882
8144658	6.652178
8144667	4.257504
8144669	9.807842
8144683	5.318516
8144685	7.238951
8144687	3.374647
8144691	3.290363
8144699	5.276789
8144701	3.391493
8144703	6.555506
8144705	5.237986
8144712	3.538538
8144717	6.462619
8144719	2.084961
8144721	4.181313
8144724	2.46995
8144726	7.19445
8144740	4.302068
8144742	3.420419
8144758	7.783857
8144774	7.907379
8144786	5.978115
8144802	4.845239
8144810	5.048226
8144812	7.273214
8144857	4.294329
8144864	3.014603
8144866	3.047593
8144874	3.755227
8144878	3.805545
8144880	9.032061
8144894	6.298969
8144915	5.455054
8144917	5.291975
8144931	10.48093
8144949	4.429887
8144951	9.257219
8144953	7.351713
8144982	6.468465
8144993	4.572683
8144995	5.886578
8145005	6.241946
8145027	7.303485
8145047	6.975846
8145055	7.314743
8145083	5.595202
8145085	6.343482
8145097	3.448395
8145122	5.457403
8145134	4.01944
8145136	6.136035
8145151	6.267874
8145175	7.443975
8145193	6.638936
8145201	7.563025
8145225	4.005385
8145227	5.756512
8145244	7.174198
8145259	7.44366
8145272	5.992596
8145281	8.361742
8145291	6.763936
8145293	6.643171
8145317	4.295273
8145334	3.177649
8145361	4.285411
8145365	7.484272
8145418	4.994782
8145438	4.028839
8145440	8.826176
8145454	10.09174
8145470	5.998394
8145490	9.123504
8145529	7.078907
8145532	5.153156
8145555	6.973813
8145566	3.289457
8145568	5.958689
8145570	2.986859
8145586	7.501821
8145603	5.957287
8145609	2.983297
8145611	5.386212
8145622	6.033092
8145624	7.223969
8145634	2.275584
8145636	7.005797
8145652	7.442372
8145660	7.264432
8145669	8.383418
8145685	6.92944
8145687	2.524092
8145691	5.167853
8145702	5.138411
8145736	4.408262
8145766	4.05547
8145768	3.72837
8145770	3.297819
8145772	2.768626
8145774	2.151803
8145776	5.447216
8145778	3.102395
8145780	2.940686
8145782	5.424847
8145793	8.710012
8145795	6.345361
8145799	5.656701
8145818	3.729871
8145820	2.354314
8145822	4.534009
8145824	3.066207
8145827	4.42062
8145829	6.750528
8145835	6.260735
8145854	7.782776
8145865	6.159502
8145887	5.634652
8145889	7.35751
8145894	8.775713
8145912	2.277837
8145914	6.795914
8145922	5.672729
8145942	5.016953
8145954	10.0216
8145977	8.733237
8145989	6.298659
8146000	11.79828
8146024	4.597923
8146051	3.469234
8146069	3.041403
8146092	6.238941
8146105	3.418809
8146115	6.089856
8146118	4.376836
8146120	2.848086
8146122	8.679118
8146130	4.17232
8146142	7.91352
8146157	2.030787
8146159	6.586128
8146171	8.826506
8146198	10.44156
8146216	8.51923
8146225	6.850987
8146230	3.378683
8146239	5.898183
8146241	2.909794
8146243	9.418135
8146268	6.729071
8146278	7.2599
8146285	7.108204
8146305	5.395768
8146307	2.679305
8146322	3.467512
8146324	2.639448
8146328	5.368252
8146330	3.38238
8146332	2.810462
8146334	4.978334
8146336	7.311382
8146353	2.278332
8146357	6.117056
8146377	2.598876
8146379	7.753026
8146388	4.588056
8146391	4.046769
8146393	3.40116
8146401	4.098283
8146403	4.13415
8146423	4.221848
8146425	3.568104
8146427	3.188789
8146429	4.849011
8146435	4.42928
8146448	6.301657
8146456	5.393509
8146458	3.078735
8146460	5.225796
8146462	6.913052
8146468	2.959876
8146475	5.860864
8146482	5.983951
8146500	10.49787
8146517	4.867959
8146525	3.301947
8146527	3.248446
8146533	4.351517
8146544	6.84609
8146550	11.08632
8146559	6.225506
8146564	9.786558
8146579	7.605623
8146618	3.976171
8146625	3.656702
8146633	4.308115
8146635	1.940012
8146637	9.638612
8146643	5.821628
8146645	5.035494
8146647	4.051012
8146649	6.611648
8146660	3.12701
8146669	4.745963
8146685	5.773698
8146687	5.146669
8146703	5.397638
8146709	2.633154
8146711	5.231093
8146717	6.151648
8146738	3.667282
8146756	4.974374
8146788	4.164275
8146790	3.905281
8146792	2.561523
8146794	3.564482
8146837	2.774171
8146839	3.989241
8146857	3.274554
8146859	7.438355
8146861	5.198729
8146863	3.727454
8146892	4.073377
8146894	4.741601
8146896	3.578892
8146898	3.588107
8146900	2.833621
8146906	5.411153
8146908	4.688933
8146914	6.952247
8146921	11.61117
8146930	6.044687
8146934	4.333775
8146941	6.510752
8146943	3.114384
8146945	5.216384
8146955	9.981273
8146957	3.216295
8146967	3.865617
8146986	5.231048
8147000	4.956658
8147012	5.274689
8147019	5.676824
8147030	4.444976
8147038	3.135401
8147040	6.75716
8147049	6.502495
8147057	6.910741
8147065	3.420676
8147079	4.679189
8147101	4.449346
8147112	6.848947
8147123	6.0018
8147132	6.09092
8147145	3.453111
8147156	8.599093
8147172	9.361759
8147194	3.03134
8147206	6.820356
8147221	5.829305
8147228	7.24262
8147242	3.468528
8147244	3.866293
8147262	6.130568
8147273	3.603398
8147303	9.491078
8147305	5.05773
8147307	5.937837
8147313	4.624467
8147344	10.98444
8147351	9.297787
8147371	5.002415
8147373	5.192539
8147375	5.613556
8147396	6.471716
8147424	4.826266
8147439	7.449843
8147445	2.610188
8147447	6.786049
8147461	6.47454
8147469	6.164667
8147479	5.211446
8147481	7.744371
8147483	8.062152
8147501	2.648923
8147503	9.010165
8147516	5.800562
8147541	2.982616
8147543	5.72167
8147548	4.122389
8147564	3.87444
8147566	5.027782
8147573	5.804895
8147580	6.440782
8147650	3.567523
8147652	1.900608
8147654	8.270264
8147661	7.919703
8147683	5.228314
8147687	3.797056
8147689	5.215567
8147691	3.694137
8147693	5.327554
8147697	6.885514
8147715	3.761456
8147717	3.86061
8147721	5.122639
8147724	7.6399
8147742	3.052134
8147744	3.523517
8147746	3.576877
8147748	2.043051
8147750	3.324071
8147752	2.245714
8147754	2.357802
8147756	5.746032
8147766	6.693671
8147777	5.557859
8147785	7.06391
8147796	4.062424
8147828	2.351037
8147830	3.52592
8147837	3.946651
8147848	8.598418
8147862	3.594845
8147864	6.999321
8147877	3.631104
8147883	6.559916
8147891	3.175308
8147970	5.895486
8147986	2.377746
8147988	3.247944
8147990	6.831192
8147992	4.448362
8147994	5.603828
8148000	5.521912
8148003	4.084564
8148018	4.675293
8148020	4.726667
8148022	5.113107
8148029	4.921432
8148040	10.85906
8148047	2.245495
8148049	6.3203
8148057	12.65781
8148059	7.030902
8148070	5.048885
8148124	3.204499
8148147	3.946167
8148149	8.057599
8148156	2.875946
8148158	4.791128
8148184	8.941779
8148196	6.640965
8148198	5.466383
8148206	2.185283
8148208	9.095186
8148220	7.142385
8148261	2.526829
8148263	4.796165
8148265	7.399826
8148270	7.448776
8148276	4.231066
8148280	6.556264
8148293	6.065473
8148302	5.332849
8148304	9.280965
8148309	3.260944
8148313	3.954991
8148315	6.32536
8148317	6.00465
8148325	6.635814
8148327	4.991687
8148329	6.739235
8148331	2.742724
8148333	8.854805
8148358	7.87204
8148385	5.966521
8148435	5.125108
8148446	2.317684
8148448	6.698404
8148463	5.054525
8148465	4.823277
8148467	6.924451
8148474	5.303536
8148476	7.735566
8148501	6.462671
8148512	6.599295
8148515	3.228131
8148517	5.558692
8148548	11.79791
8148553	7.820221
8148559	7.871429
8148565	4.045515
8148572	9.99995
8148580	4.736219
8148591	6.691418
8148597	5.862892
8148607	7.12363
8148615	6.600342
8148619	4.829418
8148621	5.911637
8148640	6.563042
8148642	6.227164
8148655	7.117564
8148658	6.153859
8148662	6.267637
8148671	5.317384
8148674	7.292589
8148692	5.915353
8148694	6.72156
8148703	6.694112
8148710	6.498442
8148715	7.605175
8148728	7.497023
8148737	7.465216
8148748	6.063917
8148772	7.355695
8148783	7.906794
8148796	6.392223
8148799	6.705666
8148808	6.102738
8148821	6.392223
8148824	7.632824
8148841	7.245312
8148850	6.400496
8148867	6.649682
8148888	6.760876
8148902	6.196957
8148917	6.105095
8148923	6.140166
8148930	7.361118
8148932	6.200238
8148941	6.235813
8148949	5.595284
8148951	6.129896
8148955	7.189928
8148962	5.794416
8148964	6.547927
8148966	4.846354
8148968	5.114075
8148973	6.053047
8148978	4.675391
8148982	5.292946
8148985	6.81479
8148992	4.887722
8149065	4.171407
8149067	3.518553
8149071	4.316876
8149084	3.598304
8149086	4.475301
8149097	5.166944
8149104	4.819299
8149109	4.052891
8149116	5.14315
8149122	6.019547
8149126	5.14315
8149132	6.019547
8149137	5.14315
8149142	4.825003
8149146	6.280369
8149148	6.623908
8149151	6.13127
8149153	6.090676
8149157	6.090676
8149161	6.089407
8149165	6.063183
8149167	6.063183
8149169	7.318254
8149172	5.209671
8149180	3.938514
8149192	3.84487
8149195	2.269911
8149200	5.218931
8149204	5.602779
8149208	6.651353
8149210	6.089407
8149214	6.13127
8149216	5.882841
8149218	5.919692
8149220	5.919692
8149222	5.919692
8149224	5.919692
8149226	5.919692
8149228	5.826165
8149230	2.69426
8149235	3.086753
8149239	3.043125
8149241	5.594771
8149243	6.033102
8149245	3.321873
8149248	5.118788
8149250	7.984891
8149258	6.360003
8149262	2.222792
8149264	8.079111
8149269	3.36479
8149271	4.59996
8149273	4.73858
8149275	3.560888
8149277	3.819724
8149279	4.617106
8149281	2.937006
8149283	5.756239
8149289	7.054551
8149296	4.259482
8149307	5.580194
8149315	6.382896
8149318	2.669074
8149320	5.252051
8149322	1.964524
8149324	6.063025
8149330	11.16425
8149345	6.840138
8149347	3.507634
8149350	4.24355
8149353	3.629432
8149356	6.082701
8149358	5.079439
8149361	5.307257
8149365	5.938656
8149377	3.629432
8149380	4.169777
8149383	5.349993
8149387	5.543664
8149389	6.183123
8149396	3.298282
8149399	7.727907
8149413	4.338694
8149438	4.177697
8149448	4.694369
8149465	5.970032
8149475	8.654648
8149485	4.240303
8149500	9.127832
8149521	2.934933
8149534	11.44972
8149551	6.803676
8149555	8.373535
8149574	6.931389
8149590	6.252633
8149592	5.058442
8149612	6.436947
8149625	3.782186
8149627	2.139083
8149629	5.433509
8149638	6.209553
8149646	6.667845
8149652	6.934887
8149673	8.607382
8149685	5.924587
8149699	5.723581
8149705	8.418309
8149707	7.472383
8149718	6.866737
8149720	6.53249
8149725	5.398264
8149733	7.202779
8149749	8.547894
8149762	6.726387
8149774	5.578293
8149793	9.182916
8149809	6.416718
8149811	6.990115
8149820	6.904113
8149823	3.392652
8149825	4.484787
8149833	6.444372
8149835	4.884628
8149847	6.532366
8149849	5.496997
8149857	7.631962
8149865	4.015147
8149877	4.903482
8149885	4.528012
8149898	5.192579
8149907	6.478368
8149918	5.543167
8149927	9.324693
8149942	6.294699
8149953	4.68493
8149955	3.405913
8149966	5.812984
8149979	4.593782
8149986	7.438033
8150002	3.96868
8150014	6.287776
8150032	5.596438
8150034	5.606638
8150036	8.247665
8150076	10.18478
8150089	10.42736
8150099	3.875605
8150101	3.552886
8150103	6.687598
8150112	10.9315
8150126	8.215549
8150138	3.406112
8150143	4.341508
8150149	5.541014
8150153	3.545651
8150155	2.080753
8150157	2.230757
8150159	2.250962
8150161	2.314342
8150163	2.794727
8150165	5.898833
8150175	6.50513
8150186	6.870293
8150195	4.921975
8150197	4.565785
8150204	4.649265
8150206	8.114347
8150210	3.371788
8150212	2.572921
8150214	5.645364
8150217	6.999046
8150219	6.372146
8150225	8.474327
8150244	5.470535
8150249	5.463766
8150253	5.650036
8150266	6.850147
8150274	5.055983
8150276	7.090634
8150287	8.280539
8150318	5.473012
8150352	4.091682
8150356	7.477508
8150364	9.115939
8150373	3.375548
8150375	3.100549
8150395	2.808892
8150419	4.381199
8150428	5.311503
8150433	7.54177
8150439	5.317671
8150489	7.583437
8150491	8.372724
8150509	11.81094
8150529	7.029466
8150537	9.164362
8150550	3.700757
8150559	6.168275
8150565	8.411516
8150576	3.890055
8150578	6.484495
8150580	3.795246
8150582	2.144138
8150584	2.730816
8150586	3.436517
8150588	3.030386
8150590	4.716082
8150592	8.439034
8150599	7.535533
8150685	3.448533
8150687	3.77411
8150689	9.784435
8150691	2.713359
8150698	4.306808
8150704	4.312848
8150714	9.366703
8150722	3.136742
8150751	4.221271
8150757	8.553919
8150785	4.977701
8150797	8.958101
8150818	8.7293
8150830	9.966637
8150842	5.35446
8150844	5.378755
8150846	5.571259
8150860	5.903347
8150862	4.308108
8150864	6.212903
8150866	4.754887
8150868	4.261569
8150870	9.097009
8150872	8.92106
8150877	5.636597
8150879	4.322604
8150881	6.064298
8150889	6.337121
8150901	4.740212
8150906	5.587753
8150908	7.075347
8150918	4.568827
8150920	3.167085
8150928	7.200202
8150960	7.652096
8150962	4.531826
8150974	2.417516
8150976	2.815243
8150978	4.04507
8150988	8.083101
8151032	3.44185
8151042	3.930115
8151052	3.841943
8151054	4.91373
8151056	5.389014
8151066	5.858078
8151074	5.914713
8151090	3.825249
8151092	3.992092
8151099	3.470178
8151101	3.875123
8151118	8.716759
8151123	4.053196
8151125	7.844604
8151127	2.242453
8151136	6.177415
8151149	8.175861
8151191	5.248886
8151205	2.336746
8151207	3.496131
8151209	5.54265
8151211	2.914616
8151215	3.146903
8151217	2.462186
8151219	3.457601
8151223	4.940907
8151234	4.916277
8151236	4.284084
8151238	4.837749
8151240	5.176155
8151250	2.943187
8151252	4.598958
8151254	8.359511
8151281	9.825093
8151296	5.063198
8151306	3.843008
8151310	4.324294
8151332	2.509256
8151334	5.097151
8151341	2.849416
8151367	2.829584
8151369	5.534165
8151376	8.360805
8151384	7.580735
8151401	9.305266
8151411	9.136805
8151413	6.101029
8151421	3.089109
8151423	5.155107
8151430	2.793811
8151432	4.010474
8151436	6.512068
8151445	2.271308
8151447	4.672342
8151457	5.271739
8151471	3.908523
8151475	6.152524
8151490	2.184151
8151494	5.009655
8151496	6.452246
8151508	2.982705
8151510	4.531644
8151512	6.325122
8151525	3.153128
8151532	3.898772
8151540	8.991375
8151542	3.089137
8151547	3.766366
8151549	7.287439
8151559	4.533454
8151561	6.487086
8151572	5.799012
8151583	2.503165
8151585	2.21457
8151587	4.358053
8151592	3.961747
8151603	6.90094
8151605	6.880552
8151607	6.90094
8151609	6.33481
8151613	6.880552
8151615	6.125118
8151617	6.880552
8151619	6.954853
8151621	6.880552
8151623	6.90094
8151625	6.880552
8151627	6.11026
8151629	6.452373
8151631	5.997868
8151633	4.178891
8151637	2.71776
8151644	5.871477
8151657	2.834174
8151659	3.91759
8151679	4.657363
8151684	2.735635
8151686	3.353147
8151707	2.692468
8151709	6.01105
8151711	6.85801
8151730	5.620538
8151743	5.363384
8151745	4.46813
8151747	7.057344
8151756	5.620507
8151764	4.898649
8151766	3.17854
8151768	4.539455
8151784	6.747322
8151788	6.923799
8151795	3.770643
8151816	5.723247
8151824	4.322016
8151842	6.725382
8151869	4.582686
8151871	3.917364
8151888	2.515338
8151890	9.093381
8151898	3.772296
8151906	5.845608
8151909	5.443246
8151917	3.555063
8151927	3.001587
8151929	4.630592
8151931	5.133237
8151935	9.64029
8151942	5.507481
8151952	8.264108
8151967	7.254325
8151987	4.642483
8151991	6.012834
8151993	7.394216
8151999	2.785173
8152031	3.560972
8152041	9.198074
8152053	5.447216
8152062	5.592258
8152079	12.51789
8152090	2.779063
8152092	4.078984
8152096	11.26609
8152111	6.971891
8152115	5.490889
8152117	5.037412
8152119	5.468756
8152131	2.485702
8152133	7.063607
8152148	8.381913
8152211	5.881546
8152213	2.922314
8152215	9.011524
8152222	9.939218
8152240	6.167556
8152242	2.596659
8152244	2.652619
8152246	2.454731
8152248	2.393069
8152250	2.215385
8152252	5.351625
8152255	6.532211
8152264	4.798027
8152278	2.36427
8152280	3.956328
8152289	3.889951
8152291	4.916577
8152297	3.734173
8152314	4.972751
8152323	6.979915
8152333	11.56891
8152335	5.273019
8152340	5.611599
8152355	6.306436
8152369	5.900284
8152374	2.206801
8152376	3.640975
8152451	2.591361
8152453	7.670487
8152463	5.37872
8152465	8.912834
8152477	9.549883
8152491	6.551258
8152506	7.654499
8152512	5.143593
8152522	4.659774
8152551	3.070368
8152553	7.209615
8152582	3.157131
8152595	4.031373
8152597	3.444927
8152606	6.426762
8152617	9.191873
8152628	7.850386
8152640	3.360707
8152642	5.657753
8152648	7.328215
8152656	6.655426
8152664	3.301073
8152666	4.068262
8152668	6.938206
8152703	11.64246
8152715	4.964861
8152719	3.848542
8152734	3.123334
8152742	4.137211
8152750	6.274345
8152759	6.53824
8152764	6.943991
8152782	7.005474
8152812	7.777717
8152815	5.049588
8152821	3.687978
8152828	5.054395
8152845	8.730024
8152863	5.235534
8152865	7.139257
8152867	6.590337
8152900	4.008519
8152902	4.747895
8152922	2.021132
8152924	5.839974
8152938	4.644187
8152946	5.993011
8152962	5.568735
8152976	7.743241
8152988	7.707876
8153002	9.899665
8153021	7.505564
8153035	2.508106
8153037	3.531446
8153039	4.073909
8153041	5.827756
8153043	6.192102
8153065	2.70024
8153067	3.617848
8153069	2.486951
8153071	3.778687
8153101	6.679366
8153167	4.800869
8153175	7.104288
8153201	7.417078
8153223	8.814078
8153258	7.097949
8153262	8.542097
8153269	5.95615
8153273	4.814048
8153304	6.236527
8153322	7.290501
8153328	7.670506
8153334	8.108375
8153336	7.0128
8153342	11.58496
8153346	7.9024
8153359	7.024735
8153363	5.429453
8153373	5.647671
8153380	6.966416
8153390	6.120994
8153405	6.105947
8153409	7.084596
8153411	7.362986
8153424	7.663755
8153426	8.513198
8153430	8.380474
8153449	9.30244
8153457	6.378524
8153459	6.25149
8153474	8.080369
8153486	5.951487
8153488	7.653408
8153497	6.927302
8153536	7.949046
8153550	6.134795
8153568	8.163476
8153609	6.893729
8153625	6.326519
8153652	7.637543
8153664	6.460568
8153678	7.275288
8153684	8.368863
8153704	5.529411
8153709	5.949967
8153727	6.890055
8153762	7.442701
8153776	7.769423
8153790	6.023017
8153819	8.028998
8153823	6.514927
8153828	6.08651
8153835	6.001432
8153838	6.152686
8153862	7.43806
8153868	7.033969
8153876	5.795665
8153890	6.697948
8153896	5.088257
8153903	10.30156
8153911	6.370392
8153920	6.880369
8153930	5.546267
8153935	5.291135
8153937	6.710139
8153939	8.368863
8153959	8.085451
8154012	7.53181
8154034	5.125265
8154043	5.744775
8154047	3.559659
8154057	2.214136
8154059	7.759808
8154100	7.244587
8154124	4.812476
8154128	3.081544
8154130	4.477217
8154132	5.371829
8154135	6.870301
8154151	6.360368
8154153	6.999722
8154163	5.535461
8154176	2.716074
8154178	6.472909
8154207	4.932728
8154209	5.428517
8154211	3.776417
8154213	2.251618
8154215	2.132313
8154217	3.234836
8154219	2.070668
8154221	2.296827
8154223	2.247125
8154225	5.659081
8154227	4.518629
8154229	3.932812
8154233	5.479068
8154245	5.069165
8154254	6.636734
8154283	3.647472
8154285	4.252275
8154295	2.773828
8154305	9.423635
8154307	3.45163
8154316	6.240757
8154333	6.913589
8154357	9.092745
8154359	8.166574
8154363	7.261602
8154367	3.644017
8154379	3.229819
8154381	7.481074
8154386	4.553468
8154388	8.920098
8154392	4.547332
8154394	7.702168
8154414	2.656342
8154416	4.281148
8154447	5.536109
8154449	3.969436
8154476	6.103558
8154491	4.224747
8154510	3.310942
8154512	5.517189
8154523	6.333124
8154527	6.188009
8154529	2.642885
8154531	9.013595
8154563	8.825175
8154574	6.197989
8154620	6.178762
8154622	3.950414
8154627	3.819309
8154635	7.346299
8154654	6.227601
8154656	6.780282
8154660	3.454117
8154662	3.884725
8154666	4.764931
8154668	2.82116
8154670	4.347015
8154692	4.569383
8154719	2.729176
8154721	2.89698
8154725	10.59617
8154727	8.829506
8154729	7.195438
8154731	4.609198
8154733	6.864418
8154758	3.305106
8154760	5.931468
8154763	5.602369
8154765	9.718344
8154777	2.833801
8154779	4.471967
8154785	9.129915
8154793	7.296215
8154823	4.174725
8154836	11.23389
8154838	6.18516
8154841	5.270313
8154844	3.374015
8154846	3.076099
8154848	7.288482
8154856	9.117476
8154866	5.0192
8154868	6.993732
8154870	6.007078
8154872	10.38794
8154885	6.472806
8154892	4.95232
8154914	3.189298
8154916	5.936684
8154934	6.218485
8154951	13.35514
8154953	5.146141
8154962	7.068772
8154973	4.934613
8154979	4.666786
8154981	7.466618
8155024	4.721916
8155026	3.455081
8155048	7.886058
8155062	7.573111
8155073	6.758936
8155081	4.798014
8155083	6.654029
8155096	6.657336
8155110	6.782802
8155121	5.708915
8155148	6.548171
8155167	6.818058
8155169	4.715685
8155192	7.835647
8155200	4.236161
8155203	7.82236
8155214	4.547122
8155234	6.069427
8155246	5.689532
8155248	3.70112
8155250	6.789441
8155265	3.764507
8155268	5.626976
8155284	4.858175
8155301	5.054966
8155312	6.523609
8155323	5.227944
8155325	3.013795
8155327	5.859961
8155332	7.223207
8155336	4.525733
8155338	5.387895
8155340	5.012658
8155345	5.181346
8155349	4.975158
8155354	4.478601
8155359	3.947908
8155369	5.387895
8155371	5.102449
8155376	4.546195
8155383	5.001653
8155388	4.522676
8155393	6.016889
8155397	5.990961
8155414	5.59811
8155418	4.966973
8155422	6.52371
8155440	5.810726
8155442	7.164544
8155451	5.044203
8155453	6.332221
8155455	5.405794
8155458	5.606797
8155460	4.550231
8155487	3.575849
8155490	6.994898
8155493	4.21942
8155497	6.956517
8155501	6.229732
8155503	4.437324
8155508	2.622928
8155510	7.062101
8155514	6.052942
8155516	4.565877
8155519	4.21942
8155521	6.886801
8155525	4.909924
8155528	3.193332
8155530	4.641274
8155537	6.050512
8155540	3.839311
8155547	7.37991
8155550	6.125329
8155554	6.970663
8155563	4.952815
8155567	4.21942
8155569	6.712091
8155572	6.31071
8155574	5.986609
8155591	5.433697
8155596	4.898225
8155598	4.97379
8155600	4.97379
8155602	5.700591
8155627	5.145787
8155630	5.195072
8155634	2.208441
8155636	6.843493
8155661	6.314795
8155665	4.46633
8155673	4.691016
8155696	6.580588
8155699	6.105685
8155707	10.57683
8155734	6.084369
8155747	3.260259
8155754	4.336957
8155770	7.678935
8155794	7.004599
8155802	4.217254
8155824	6.45812
8155847	3.928001
8155849	12.88029
8155864	4.279602
8155877	3.9679
8155881	2.554439
8155883	9.747061
8155896	2.803223
8155898	7.799136
8155930	6.103649
8155942	7.836756
8155944	3.85736
8155946	6.194215
8156022	3.808657
8156024	3.442366
8156026	4.783147
8156043	5.712164
8156052	2.509256
8156054	2.740971
8156056	2.405277
8156058	6.36316
8156060	7.423798
8156082	3.443587
8156084	2.660122
8156086	2.804724
8156088	5.791671
8156090	3.643137
8156098	4.213995
8156103	3.803528
8156112	6.016231
8156116	5.777492
8156126	6.568488
8156132	4.582521
8156134	4.0498
8156160	6.438926
8156164	7.195735
8156167	6.875455
8156192	3.615761
8156194	5.670525
8156196	5.717684
8156199	8.689234
8156228	6.923876
8156240	4.178434
8156247	5.319112
8156253	3.963581
8156257	5.464379
8156261	3.476185
8156263	8.670583
8156274	5.79154
8156278	5.302965
8156290	7.438188
8156295	7.655582
8156309	5.801394
8156319	7.388382
8156321	7.884923
8156337	2.402291
8156339	1.998352
8156341	4.580924
8156354	2.675016
8156356	2.687752
8156358	7.466505
8156360	3.839154
8156371	4.944695
8156373	7.2028
8156393	5.454565
8156404	6.505922
8156415	6.105302
8156450	2.908545
8156452	7.655468
8156476	6.832568
8156506	5.7654
8156519	5.134744
8156521	5.87874
8156523	7.126981
8156525	2.627015
8156529	5.626156
8156538	8.870222
8156547	4.51441
8156549	6.315326
8156569	6.959577
8156571	6.073847
8156573	3.707609
8156575	9.188288
8156577	5.954311
8156581	4.899073
8156599	6.588264
8156601	7.167386
8156604	5.959073
8156610	6.19374
8156620	6.397513
8156633	5.419344
8156688	6.569667
8156706	6.423644
8156718	7.427375
8156743	6.415786
8156748	4.620514
8156750	6.792725
8156759	3.206253
8156761	8.2251
8156770	6.880753
8156783	5.864846
8156826	7.578652
8156838	8.711082
8156846	8.287687
8156848	7.257892
8156861	7.449978
8156873	5.214121
8156895	4.871274
8156897	6.724723
8156905	4.541427
8156919	4.139699
8156923	4.90413
8156935	5.634399
8156945	8.414355
8156969	2.376433
8156971	2.987118
8156982	4.413778
8157012	5.153094
8157014	2.633962
8157016	2.922329
8157018	3.553774
8157021	6.177691
8157027	3.449826
8157036	4.494501
8157038	7.288731
8157058	3.140882
8157074	4.8777
8157090	3.741687
8157092	5.717277
8157101	4.302358
8157103	6.682598
8157105	6.602189
8157123	2.854043
8157125	7.898143
8157139	6.750431
8157141	3.853574
8157144	6.225539
8157151	5.531787
8157153	6.071778
8157173	4.096076
8157189	2.690516
8157191	3.989677
8157193	3.962235
8157203	7.071284
8157214	7.286117
8157216	9.21585
8157227	3.069036
8157229	1.900608
8157231	3.202115
8157233	8.971645
8157246	6.656188
8157253	6.698297
8157264	8.682944
8157270	8.515553
8157281	5.416633
8157283	7.652273
8157300	7.254808
8157308	4.397179
8157324	6.603315
8157362	5.626445
8157381	4.893468
8157383	6.868006
8157444	3.475513
8157446	4.272074
8157450	4.213511
8157454	9.550159
8157463	5.896742
8157477	3.723459
8157487	4.676541
8157516	5.779514
8157520	2.892751
8157524	7.601459
8157534	4.725474
8157580	3.078824
8157582	9.579894
8157608	2.706684
8157610	6.636753
8157632	4.738439
8157638	6.575147
8157650	6.206649
8157668	2.338899
8157671	3.395102
8157674	3.910068
8157677	3.06894
8157679	3.792307
8157681	2.824915
8157684	3.5963
8157686	3.710242
8157688	3.49103
8157691	7.887779
8157696	5.645711
8157698	5.416398
8157700	9.411778
8157727	6.845212
8157729	3.952685
8157731	6.383566
8157751	5.852877
8157761	6.460763
8157777	5.522031
8157798	5.954615
8157800	3.905545
8157802	3.774642
8157804	7.060598
8157818	6.661513
8157828	7.188657
8157839	4.232697
8157843	5.12728
8157858	8.321771
8157890	5.416517
8157905	5.515096
8157922	6.280523
8157933	8.21436
8157939	12.22957
8157941	7.874518
8157945	8.7006
8157947	7.301452
8157949	6.938819
8157976	5.974747
8158009	6.356066
8158022	5.893839
8158028	5.682332
8158057	4.235662
8158059	7.293239
8158081	5.518315
8158094	6.05617
8158112	8.589389
8158123	6.522861
8158145	7.416808
8158147	7.279727
8158164	4.720479
8158167	12.92306
8158177	7.722322
8158183	6.153338
8158204	5.66386
8158212	6.697023
8158214	6.838901
8158224	6.734215
8158240	9.587708
8158242	6.066586
8158250	5.80086
8158269	6.33754
8158298	5.988675
8158317	9.844822
8158372	8.212683
8158380	5.952836
8158404	3.127048
8158406	7.3393
8158418	6.948318
8158424	8.605688
8158431	5.914439
8158446	6.751447
8158492	6.544553
8158513	6.757522
8158523	8.790032
8158539	5.924888
8158542	6.029013
8158544	7.137572
8158554	7.51313
8158560	9.593998
8158568	6.190087
8158597	7.433809
8158625	6.814925
8158627	4.682493
8158637	5.719734
8158666	6.006261
8158671	11.22767
8158684	8.597992
8158686	7.78966
8158708	6.217781
8158714	5.589633
8158725	6.671461
8158739	6.402395
8158771	9.815902
8158783	8.377261
8158823	5.198992
8158825	6.527038
8158829	8.501537
8158839	7.925151
8158862	5.341281
8158864	5.341281
8158866	6.715631
8158890	6.101555
8158902	4.902014
8158912	6.045801
8158918	6.210505
8158928	2.121093
8158930	5.602469
8158939	5.922737
8158952	13.04158
8158961	7.187167
8158976	5.153329
8158987	6.649058
8158991	3.11609
8158993	3.082024
8158995	5.664008
8158998	4.791444
8159004	5.740396
8159006	3.002221
8159008	6.250663
8159017	6.38983
8159036	5.806049
8159078	7.528058
8159086	6.426264
8159096	6.263508
8159109	4.591767
8159111	5.856783
8159127	8.223312
8159142	6.655705
8159211	7.61758
8159220	4.783246
8159235	4.5102
8159239	5.955429
8159243	6.633296
8159249	6.079918
8159255	7.238243
8159259	6.487939
8159265	5.852804
8159275	4.487913
8159283	5.255128
8159318	7.977502
8159337	6.750871
8159350	5.520661
8159354	7.541928
8159371	3.496329
8159373	6.666149
8159379	6.300867
8159385	6.070823
8159415	7.692632
8159439	5.246212
8159441	6.778652
8159448	6.417017
8159476	7.262522
8159491	6.952127
8159501	6.505112
8159519	8.133036
8159521	6.362762
8159531	6.354106
8159541	7.113168
8159549	6.278795
8159554	6.898463
8159566	6.766559
8159581	3.181017
8159583	5.625233
8159609	6.742729
8159616	7.317729
8159624	8.132598
8159627	5.831588
8159642	10.05404
8159646	6.26131
8159654	7.506284
8159667	6.84136
8159670	7.549578
8159687	7.448508
8159692	8.776612
8159702	6.951579
8159732	6.954787
8159734	5.532733
8159786	7.970001
8159790	7.360326
8159803	4.023611
8159808	5.972773
8159815	6.805701
8159838	4.998278
8159846	3.145679
8159850	4.269215
8159854	5.14272
8159873	4.669526
8159876	5.222661
8159900	5.871284
8159917	2.090715
8159919	5.32835
8159945	8.302467
8159959	3.784298
8159961	4.011458
8159963	2.725348
8159965	4.910708
8159967	3.348413
8159969	2.436977
8159971	3.829764
8159977	3.625842
8159981	4.523988
8159984	4.513916
8159992	9.007442
8160011	7.518151
8160016	6.816312
8160020	2.822702
8160024	5.846054
8160033	5.970689
8160036	5.649899
8160040	3.862535
8160086	5.561777
8160088	4.762806
8160138	6.345629
8160151	6.946494
8160163	4.196499
8160168	4.797412
8160213	6.392279
8160236	2.698224
8160238	4.070472
8160256	3.651566
8160258	3.422634
8160260	4.168311
8160274	3.703205
8160276	5.34413
8160278	4.409179
8160284	5.546713
8160295	6.162068
8160297	7.31962
8160308	9.816512
8160317	4.456287
8160319	3.120749
8160321	4.309823
8160332	5.944274
8160346	5.606808
8160360	3.465935
8160365	4.317714
8160371	2.86072
8160377	3.599282
8160383	2.695084
8160389	3.488244
8160392	2.910359
8160394	4.096635
8160401	3.468962
8160405	6.826398
8160417	4.039502
8160419	4.711165
8160422	3.464021
8160431	4.628779
8160435	2.830267
8160439	4.883016
8160441	8.885441
8160452	10.38942
8160459	3.407499
8160472	6.268282
8160478	5.200417
8160487	7.627357
8160504	2.472658
8160511	3.923849
8160521	6.33712
8160531	8.017096
8160546	3.81249
8160555	2.6839
8160557	8.417707
8160559	7.129122
8160581	7.362343
8160587	4.717673
8160597	5.414558
8160602	5.864174
8160622	8.625957
8160637	11.38499
8160647	7.604921
8160661	2.41291
8160663	6.591141
8160670	8.941513
8160682	5.957447
8160712	2.750515
8160718	8.313556
8160722	8.43134
8160756	9.966124
8160767	2.382699
8160769	7.06317
8160771	3.955368
8160782	8.666909
8160786	7.260993
8160792	6.227352
8160803	3.352123
8160805	5.781487
8160816	5.868605
8160823	6.100921
8160835	6.861877
8160839	7.490224
8160849	5.146153
8160857	6.783787
8160870	6.221521
8160879	5.310371
8160889	6.141719
8160898	4.637794
8160900	4.229321
8160906	3.432553
8160912	6.56779
8160914	10.12431
8160935	5.921877
8160953	6.894612
8160968	7.505926
8160981	7.623886
8161000	4.183733
8161004	5.679989
8161017	5.229208
8161024	10.77648
8161026	5.345389
8161044	5.473022
8161056	7.419245
8161114	6.820923
8161133	4.968301
8161147	6.543926
8161154	4.498318
8161164	5.392302
8161166	5.730494
8161169	8.881202
8161171	4.260217
8161174	9.69145
8161190	4.426936
8161192	8.704144
8161211	5.550453
8161224	6.206955
8161229	6.666739
8161238	7.706555
8161240	3.811743
8161242	5.9649
8161249	4.483156
8161255	7.818767
8161265	7.449583
8161270	4.971841
8161288	4.712044
8161319	4.738996
8161326	4.924742
8161337	4.579091
8161341	5.05751
8161346	4.630327
8161353	6.346284
8161362	4.860185
8161368	4.909924
8161371	5.074549
8161373	4.796535
8161375	6.332221
8161377	5.195072
8161381	5.145787
8161384	5.59811
8161388	5.990961
8161405	3.087939
8161407	4.659645
8161409	4.975258
8161415	5.631971
8161418	4.450015
8161423	3.575849
8161426	6.712091
8161429	4.21942
8161431	5.657571
8161433	7.006284
8161437	6.712091
8161440	4.21942
8161442	7.737225
8161444	3.681288
8161446	6.1839
8161451	6.016889
8161455	3.575849
8161458	6.13773
8161460	3.839311
8161467	4.427098
8161471	5.021184
8161476	7.695749
8161478	5.365391
8161482	3.514503
8161484	4.988029
8161488	7.111305
8161499	6.185019
8161503	7.036487
8161507	3.348374
8161509	8.518148
8161513	6.062642
8161520	6.085384
8161526	3.977553
8161533	5.730483
8161537	6.832734
8161554	4.796535
8161556	5.044203
8161558	7.216377
8161563	5.793697
8161566	3.514503
8161568	5.559561
8161571	6.004724
8161575	6.01183
8161580	5.781083
8161583	5.810726
8161587	6.870687
8161610	4.410474
8161615	5.631862
8161618	6.24955
8161632	7.539001
8161642	6.330493
8161646	2.388032
8161648	7.32212
8161654	4.832856
8161693	4.783203
8161695	3.103101
8161697	5.039107
8161701	9.365
8161727	8.928707
8161737	7.870687
8161739	4.288377
8161745	6.102474
8161747	11.62785
8161755	8.128735
8161774	4.954327
8161824	7.007854
8161829	5.933134
8161839	7.067562
8161852	4.840999
8161854	3.425651
8161857	8.002041
8161863	2.274094
8161865	3.951669
8161884	2.964974
8161892	7.624189
8161904	2.491951
8161906	10.17457
8161913	4.204472
8161915	3.111373
8161917	2.148818
8161919	6.673651
8161938	4.080794
8161943	5.363475
8161945	8.105322
8161964	5.854328
8161986	2.49636
8161988	8.693729
8162006	3.118145
8162019	5.842108
8162039	6.044942
8162047	10.43571
8162059	5.409639
8162080	2.791472
8162082	5.518967
8162084	5.614549
8162086	5.620913
8162117	9.315176
8162132	3.610817
8162140	6.747977
8162142	7.744722
8162147	9.702884
8162179	6.009374
8162183	4.468065
8162187	4.305775
8162191	6.096191
8162194	5.089133
8162214	5.512108
8162216	5.721793
8162231	6.190495
8162236	7.191068
8162247	7.21841
8162249	3.983087
8162254	5.231986
8162260	5.239296
8162264	8.001619
8162276	7.742628
8162283	5.556669
8162294	8.341284
8162311	4.921479
8162313	7.152744
8162352	5.936707
8162373	3.531659
8162388	2.622872
8162394	2.661467
8162404	3.612803
8162419	2.081053
8162421	6.988577
8162438	6.716779
8162449	5.235999
8162455	7.738502
8162462	9.417219
8162466	7.618155
8162470	3.392578
8162472	6.671505
8162479	6.161681
8162490	4.137711
8162492	3.838028
8162502	9.891241
8162514	4.936159
8162529	5.831809
8162531	9.688995
8162533	5.288417
8162562	5.342938
8162568	5.384202
8162570	4.457092
8162584	2.729404
8162586	7.076232
8162601	4.721464
8162610	5.896805
8162624	4.251538
8162631	4.790392
8162639	5.158207
8162645	9.591758
8162652	8.205809
8162664	6.189802
8162667	6.206058
8162669	4.923136
8162674	3.681473
8162676	6.134268
8162696	7.238828
8162706	5.345695
8162719	3.664371
8162729	7.73375
8162744	8.448306
8162759	8.642425
8162777	5.463408
8162803	4.972696
8162823	5.871228
8162825	7.011898
8162827	6.946585
8162833	8.482273
8162848	5.43715
8162850	5.736626
8162868	7.090405
8162870	3.310316
8162880	5.801713
8162884	7.909806
8162902	4.904103
8162908	3.615695
8162920	5.679597
8162927	2.311087
8162929	3.621383
8162931	2.873059
8162934	3.956676
8162936	2.2835
8162938	4.061666
8162940	9.217536
8162996	2.369536
8162998	6.165193
8163000	6.623528
8163002	9.467554
8163011	2.6144
8163013	6.756002
8163015	6.939072
8163017	4.584219
8163019	6.620021
8163023	6.551646
8163063	5.370687
8163084	3.551384
8163086	7.295348
8163105	3.976032
8163107	4.835902
8163109	5.332738
8163116	6.177697
8163147	5.985265
8163149	10.574
8163181	4.952613
8163185	10.52645
8163193	2.935191
8163202	4.100774
8163253	2.646297
8163255	2.426964
8163257	6.537267
8163271	7.410722
8163273	3.693866
8163275	7.584293
8163326	6.061791
8163328	9.097568
8163341	4.314761
8163348	2.707052
8163381	3.035548
8163383	6.905385
8163402	9.637894
8163424	7.35383
8163426	7.023054
8163428	7.607137
8163437	6.343858
8163444	3.005124
8163452	7.292344
8163481	7.116426
8163485	6.187449
8163491	5.769987
8163505	6.66573
8163509	6.715451
8163525	6.252805
8163533	7.241804
8163535	5.739096
8163548	6.783547
8163569	6.922917
8163599	6.640166
8163614	2.437561
8163616	2.464904
8163618	6.550391
8163629	5.960431
8163637	4.607285
8163666	3.510224
8163672	4.039438
8163678	5.32648
8163710	5.844952
8163712	3.310833
8163714	9.95926
8163716	4.642992
8163729	6.090311
8163731	9.555213
8163733	6.393876
8163775	7.194148
8163784	8.24897
8163795	7.52267
8163807	5.556943
8163825	5.514255
8163839	3.711861
8163882	9.331727
8163892	5.046518
8163896	8.296741
8163908	4.298882
8163916	5.922575
8163930	5.990768
8163936	6.735551
8163948	7.294374
8163956	2.51952
8163958	4.71988
8163960	5.251149
8163962	5.83626
8163964	7.06754
8163972	7.806012
8163999	7.635134
8164002	6.717005
8164008	5.614776
8164013	6.756091
8164034	6.089997
8164060	11.47294
8164062	5.24051
8164067	8.377887
8164077	5.713913
8164087	7.087531
8164100	8.043419
8164105	6.36541
8164129	3.750839
8164131	5.476449
8164153	5.66386
8164155	9.90687
8164165	10.24109
8164177	7.876529
8164194	5.294709
8164196	4.434794
8164200	4.960655
8164210	5.526298
8164215	7.605012
8164217	11.75596
8164235	6.199975
8164243	6.33817
8164252	6.493213
8164269	6.81061
8164293	5.861289
8164304	7.795122
8164314	6.71853
8164328	5.991742
8164336	7.072478
8164343	10.23486
8164357	5.497172
8164362	7.363785
8164373	7.117657
8164396	3.338264
8164398	7.887885
8164426	5.873253
8164428	6.614805
8164438	4.885871
8164440	7.027047
8164452	7.238612
8164464	7.35779
8164481	6.868577
8164496	5.478912
8164515	6.315696
8164521	8.313538
8164535	6.983758
8164554	8.680977
8164560	5.787218
8164562	6.106485
8164572	6.463632
8164580	8.959188
8164587	7.367784
8164596	7.156975
8164607	7.188397
8164627	6.321193
8164630	7.230317
8164632	6.540656
8164644	5.664789
8164649	4.227505
8164653	7.24959
8164665	8.565691
8164692	6.084957
8164694	7.261134
8164696	8.453939
8164698	4.648459
8164701	8.284104
8164729	6.529328
8164742	5.829325
8164766	5.074686
8164781	7.302372
8164808	6.69669
8164810	8.877311
8164833	6.566842
8164843	6.360466
8164848	5.563625
8164853	7.212936
8164862	6.099356
8164870	6.391486
8164872	6.557627
8164883	8.945656
8164896	6.851872
8164907	5.936024
8164918	6.394386
8164931	5.982241
8164937	6.537723
8164940	6.377232
8164967	4.925066
8164995	7.218541
8165011	7.185726
8165021	6.713911
8165024	6.176213
8165032	4.018688
8165038	6.197434
8165046	7.146841
8165064	6.41885
8165077	6.889173
8165083	7.002279
8165094	5.604105
8165107	6.404544
8165131	6.013609
8165156	5.64814
8165171	5.629385
8165183	7.888871
8165217	6.379162
8165255	6.348112
8165258	7.871834
8165271	6.490581
8165277	6.318067
8165285	6.014308
8165295	5.234342
8165298	5.085789
8165309	9.006981
8165319	8.370964
8165334	8.753855
8165345	6.04615
8165398	5.945863
8165406	6.371993
8165416	6.260421
8165430	7.267334
8165438	8.055191
8165453	8.123593
8165458	6.799788
8165462	6.365239
8165478	6.411121
8165486	6.582419
8165492	6.535611
8165496	7.301574
8165498	5.01086
8165508	6.751301
8165512	6.794776
8165538	6.385767
8165552	5.720837
8165575	6.49085
8165610	5.768571
8165622	7.111344
8165630	5.643915
8165637	6.535611
8165639	8.347336
8165642	6.244525
8165644	13.24726
8165646	13.7184
8165648	11.38796
8165650	13.43701
8165653	13.49786
8165656	9.531105
8165658	9.26985
8165661	14.02496
8165663	5.410873
8165665	13.84077
8165667	9.010689
8165669	13.1875
8165672	6.82382
8165674	13.51982
8165676	13.32885
8165680	10.55939
8165682	11.16657
8165684	9.264075
8165686	13.54767
8165690	14.13191
8165692	8.031111
8165694	11.47908
8165696	11.68491
8165698	9.170362
8165700	10.37242
8165703	11.46436
8165705	11.91046
8165707	11.63007
8165709	10.83478
8165711	7.279044
8165723	4.249951
8165735	7.283492
8165752	5.156682
8165765	5.996829
8165773	5.9481
8165794	9.51903
8165808	6.231969
8165817	5.184146
8165833	5.203885
8165843	4.35106
8165856	2.593827
8165858	4.276999
8165860	2.33602
8165862	2.178321
8165864	2.446219
8165866	11.49546
8165881	5.893747
8165888	5.054724
8165890	5.783932
8165903	4.747504
8165905	3.334404
8165907	4.155191
8165911	6.431176
8165932	3.80814
8165934	5.904659
8165945	5.362605
8165947	6.6456
8165974	4.943571
8165993	2.902037
8165995	8.149852
8166006	4.443382
8166015	6.461476
8166028	4.142928
8166047	2.491721
8166049	7.097607
8166059	4.10871
8166065	4.694453
8166072	10.89395
8166079	4.584145
8166094	3.992583
8166096	4.257037
8166098	9.596338
8166104	7.509812
8166124	5.500461
8166127	4.078196
8166140	6.148612
8166157	3.90962
8166179	5.557026
8166182	3.2142
8166184	6.750753
8166195	6.583116
8166202	3.967659
8166211	5.17112
8166213	2.560083
8166219	9.831808
8166230	5.879282
8166243	6.785102
8166264	5.620538
8166266	6.164032
8166278	5.060859
8166289	9.115631
8166314	3.370924
8166335	7.218769
8166349	2.329922
8166351	4.482298
8166353	2.654611
8166355	4.65511
8166382	5.59716
8166398	5.96162
8166402	9.66429
8166408	4.674504
8166433	3.624453
8166438	3.591207
8166440	3.859214
8166442	10.59449
8166447	4.570198
8166455	5.40871
8166469	13.01326
8166481	2.82094
8166493	8.896715
8166498	2.607172
8166500	8.044699
8166509	4.458696
8166511	5.291434
8166525	5.68278
8166563	2.719682
8166565	4.392535
8166569	6.190047
8166571	4.238921
8166576	3.67033
8166580	6.745594
8166585	3.663678
8166587	3.979251
8166593	4.656371
8166607	4.908928
8166611	3.749727
8166613	5.247089
8166619	4.883094
8166630	5.915105
8166632	9.246089
8166657	4.976442
8166659	2.634832
8166661	6.047097
8166663	3.501075
8166665	5.184082
8166667	4.27046
8166669	4.263751
8166671	3.692057
8166690	3.818196
8166703	5.589922
8166705	6.665659
8166712	7.231849
8166714	5.67909
8166723	5.722455
8166730	7.886415
8166745	5.087536
8166747	6.306176
8166769	3.556228
8166784	5.935448
8166797	6.738858
8166805	9.102351
8166817	4.77654
8166819	6.842134
8166824	2.946045
8166826	8.745988
8166872	4.521333
8166876	10.74998
8166899	7.071899
8166906	2.682052
8166919	2.694182
8166925	7.508818
8166945	4.468482
8166948	7.280799
8166950	4.205887
8166956	8.443012
8166989	5.807647
8166997	3.290109
8166999	6.321503
8167006	7.137633
8167013	6.441723
8167027	3.676661
8167038	2.404409
8167040	6.315772
8167042	8.619485
8167069	9.646509
8167099	6.611802
8167103	8.359761
8167125	8.698897
8167150	4.590025
8167152	4.533454
8167163	6.000968
8167165	7.758029
8167185	9.198552
8167195	5.669511
8167198	6.074826
8167201	5.380861
8167210	4.578549
8167218	2.798235
8167220	4.106538
8167228	5.05988
8167234	7.998318
8167249	3.453768
8167251	4.169145
8167254	3.584291
8167261	4.097422
8167270	9.106596
8167287	8.546058
8167305	7.304662
8167314	6.511168
8167322	7.358162
8167334	7.147424
8167347	5.346238
8167356	5.539929
8167360	6.498013
8167369	6.234324
8167407	5.826572
8167412	7.738678
8167428	4.299013
8167430	7.596375
8167441	5.263237
8167443	5.217644
8167449	7.878592
8167457	6.263271
8167476	6.484752
8167482	4.497187
8167508	4.419011
8167526	4.305712
8167560	3.692313
8167562	4.497187
8167573	8.382327
8167575	6.642211
8167577	4.613531
8167584	4.613531
8167592	4.358994
8167601	5.329081
8167603	5.865856
8167623	5.738468
8167625	3.621718
8167638	2.134187
8167640	4.414235
8167642	4.214467
8167645	6.258732
8167650	6.04247
8167652	6.741328
8167654	5.441119
8167656	7.016077
8167673	5.434368
8167690	5.545088
8167693	5.196645
8167701	5.506929
8167710	5.506929
8167721	6.653152
8167726	2.795274
8167728	4.158886
8167742	3.090421
8167749	6.517982
8167758	5.357471
8167763	6.263966
8167772	4.099178
8167774	4.754882
8167784	3.660372
8167786	5.850631
8167790	6.471034
8167797	5.763241
8167815	7.704423
8167835	5.468475
8167854	6.828051
8167862	4.362976
8167866	4.074676
8167871	2.564035
8167874	3.250203
8167876	2.398034
8167878	2.121593
8167880	6.066991
8167887	5.699986
8167893	5.686651
8167895	3.452359
8167897	5.468573
8167910	2.225244
8167912	6.637548
8167924	8.286205
8167930	6.816005
8167942	7.1959
8167945	2.333409
8167947	3.580053
8167949	2.118366
8167951	3.009598
8167953	3.797366
8167957	3.530551
8167965	7.943865
8167971	6.048956
8167973	4.073602
8167998	6.480797
8168016	4.238822
8168018	8.620342
8168026	4.982743
8168028	5.832805
8168045	6.429713
8168058	6.309929
8168062	4.368636
8168079	3.725788
8168081	2.682232
8168083	5.018403
8168085	2.450012
8168087	8.63803
8168098	3.28719
8168107	5.009572
8168115	7.187116
8168117	4.128571
8168135	4.227893
8168146	4.551833
8168161	4.975734
8168163	4.613722
8168179	6.472427
8168203	3.64977
8168205	8.553419
8168215	7.625085
8168264	7.023911
8168274	6.130953
8168280	9.409578
8168291	5.161254
8168303	6.766366
8168316	8.103516
8168345	4.177836
8168357	6.658552
8168359	5.730469
8168362	6.100311
8168366	5.532479
8168373	6.135199
8168375	6.397561
8168387	5.483899
8168391	4.737887
8168393	5.976505
8168395	4.590657
8168399	6.26506
8168408	4.361481
8168412	4.016111
8168416	6.923956
8168420	4.479802
8168422	4.014662
8168424	6.647933
8168432	3.959737
8168434	2.535921
8168436	2.48761
8168438	7.242635
8168447	5.10614
8168456	3.833781
8168458	5.818471
8168461	4.271621
8168463	4.240779
8168466	2.507899
8168468	2.37745
8168470	6.409721
8168472	6.286538
8168500	10.92858
8168517	4.136776
8168524	3.966402
8168531	4.414162
8168534	3.416723
8168546	3.16639
8168553	2.254985
8168555	2.668524
8168557	7.554113
8168565	2.931201
8168567	5.460105
8168569	2.922659
8168578	6.12672
8168580	5.815906
8168589	3.798433
8168602	5.017762
8168604	5.043396
8168620	2.117757
8168622	2.94638
8168638	3.109239
8168644	10.58481
8168646	3.289152
8168650	4.686222
8168657	3.927609
8168674	6.555224
8168676	4.438129
8168678	2.710578
8168685	2.188853
8168687	2.974656
8168689	3.690558
8168691	4.522495
8168723	4.706552
8168727	3.611464
8168729	4.381499
8168731	4.396039
8168733	4.494847
8168735	2.899519
8168737	3.26572
8168749	9.270734
8168762	7.240905
8168779	4.693233
8168781	3.850906
8168790	6.365599
8168794	3.286394
8168817	4.488143
8168841	2.379074
8168843	5.965936
8168852	10.08771
8168855	4.750531
8168868	5.391547
8168873	7.454296
8168875	7.417465
8168884	2.885651
8168886	3.643951
8168888	2.562621
8168890	2.653074
8168892	5.419712
8168900	3.694242
8168940	4.03095
8168958	5.31105
8168968	3.742645
8168976	4.64168
8168984	5.389466
8168990	2.99144
8168994	3.795878
8168996	2.049588
8168998	4.57047
8169000	3.135104
8169002	3.184976
8169004	3.341441
8169006	6.021717
8169009	8.050626
8169015	4.8592
8169022	5.962321
8169028	7.01194
8169035	6.212835
8169044	7.730278
8169049	6.020284
8169056	3.822061
8169061	4.77901
8169073	4.592132
8169080	7.088178
8169083	4.041739
8169085	7.395065
8169094	3.245637
8169109	5.44074
8169115	3.731725
8169145	5.40042
8169154	3.565168
8169156	4.682837
8169158	3.732247
8169174	5.567398
8169186	5.500482
8169210	4.764729
8169221	2.709689
8169231	4.608417
8169233	5.277352
8169235	4.22155
8169240	6.461678
8169247	3.801841
8169249	7.071062
8169263	4.03864
8169272	7.210431
8169291	3.197841
8169294	5.374652
8169348	2.015889
8169350	13.20029
8169352	6.776358
8169361	4.006302
8169365	6.806134
8169378	4.33256
8169385	3.888351
8169389	3.941867
8169412	6.280188
8169419	5.925608
8169432	4.03863
8169437	3.793144
8169439	4.885875
8169441	5.032899
8169443	5.40161
8169445	4.955206
8169447	3.319994
8169459	5.127802
8169461	2.527576
8169463	5.520852
8169465	6.038081
8169467	3.449013
8169473	9.963686
8169492	2.967022
8169504	11.7195
8169519	6.681842
8169541	5.793899
8169580	9.476366
8169598	3.933047
8169603	5.928245
8169617	8.530288
8169624	6.32549
8169634	8.188581
8169638	3.159836
8169640	8.386736
8169645	8.241924
8169657	5.52371
8169659	7.589027
8169665	2.604531
8169676	4.751688
8169683	8.079211
8169687	4.781235
8169697	2.140847
8169699	6.112957
8169701	6.526148
8169709	7.412056
8169711	4.147571
8169715	2.908264
8169717	3.961977
8169740	11.41479
8169742	8.07366
8169750	7.949634
8169790	2.919628
8169792	4.369953
8169804	2.267932
8169806	5.252134
8169808	4.31921
8169811	6.243199
8169836	4.901366
8169859	6.440145
8169868	6.087521
8169882	6.19074
8169898	5.306955
8169904	5.597944
8169920	7.105225
8169928	6.193133
8169931	4.146037
8169947	3.43573
8169949	9.186287
8169965	2.688295
8169969	6.871692
8169984	6.189055
8169995	7.160698
8170007	6.201124
8170009	7.379642
8170013	5.772113
8170015	4.081395
8170024	5.52476
8170027	5.345391
8170052	3.446754
8170060	3.705125
8170068	4.160972
8170076	3.355723
8170097	7.256637
8170117	4.601836
8170119	5.592536
8170135	3.683743
8170159	3.973715
8170166	6.875758
8170179	10.48012
8170185	2.805237
8170187	3.120029
8170196	4.839168
8170198	4.458065
8170200	4.550432
8170208	3.647824
8170210	4.482173
8170213	3.281213
8170215	2.73017
8170228	2.30341
8170230	2.731532
8170232	3.649771
8170235	6.342389
8170237	6.668045
8170239	5.302662
8170241	2.853817
8170244	2.853817
8170247	8.050644
8170249	3.869926
8170257	2.864805
8170260	4.154537
8170273	4.858339
8170280	2.852425
8170282	4.518181
8170286	3.607512
8170288	3.64668
8170290	2.998889
8170292	2.763009
8170294	2.280645
8170296	3.748078
8170298	5.354258
8170300	6.399994
8170302	3.501703
8170307	4.91098
8170319	3.312223
8170322	5.31523
8170324	3.027012
8170326	8.33848
8170353	6.005985
8170360	13.79276
8170362	4.506746
8170364	5.355816
8170390	10.20979
8170393	5.570575
8170400	5.368335
8170402	5.056424
8170407	7.327049
8170412	7.868819
8170418	4.389377
8170420	4.903567
8170428	7.721371
8170443	7.912991
8170464	2.338351
8170466	2.369313
8170468	5.781276
8170476	4.875006
8170479	6.707999
8170488	3.271996
8170507	4.225503
8170513	5.237482
8170520	4.293459
8170531	4.042645
8170538	3.916386
8170553	6.914127
8170562	5.824768
8170576	5.340399
8170580	4.803128
8170590	6.696535
8170602	9.5366
8170622	6.187256
8170630	6.908413
8170633	4.921146
8170635	5.556773
8170644	5.160109
8170648	6.526307
8170662	8.037424
8170671	5.405591
8170695	7.760967
8170702	4.704916
8170704	6.31058
8170716	5.868191
8170753	6.356712
8170775	6.604759
8170786	6.610401
8170794	5.843608
8170803	5.489113
8170811	4.202366
8170816	5.576545
8170825	5.519708
8170834	5.497777
8170850	7.51008
8170859	7.853765
8170863	9.25306
8170865	6.329352
8170882	9.256342
8170891	8.899446
8170906	7.427496
8170921	5.534154
8170955	6.225899
8170963	3.782212
8170965	7.530821
8170971	5.860679
8170990	4.891644
8170992	4.956466
8170994	4.948723
8170998	7.229523
8171001	5.625944
8171006	6.565886
8171013	5.057214
8171024	4.509707
8171026	5.047119
8171029	7.196578
8171032	2.956672
8171034	4.180918
8171041	8.757278
8171052	6.363782
8171066	7.417678
8171079	5.716006
8171087	6.074102
8171105	4.097293
8171111	9.524369
8171119	6.385793
8171136	5.929714
8171139	7.835101
8171148	6.937533
8171161	4.870959
8171170	5.203965
8171172	6.851863
8171180	6.66904
8171182	5.799991
8171193	4.195891
8171195	2.483733
8171199	2.191175
8171201	2.263813
8171203	5.040406
8171205	5.663321
8171216	5.805883
8171222	7.70706
8171229	6.641671
8171240	6.453355
8171248	4.441976
8171260	2.686689
8171271	3.234756
8171284	5.401958
8171295	5.585029
8171297	6.313454
8171311	4.143532
8171313	4.744885
8171334	2.116171
8171336	6.94642
8171338	2.913723
8171348	2.802924
8171350	5.582149
8171352	5.326581
8171359	3.143568
8171373	5.828942
8171381	3.312876
8171392	4.435768
8171403	3.50509
8171418	8.42332
8171427	3.53482
8171435	6.424023
8171449	9.257267
8171472	5.04301
8171481	4.818904
8171489	2.296013
8171491	5.16071
8171493	7.554349
8171516	8.07606
8171533	2.511315
8171535	3.169509
8171537	3.613947
8171539	6.786053
8171545	3.433046
8171561	3.199037
8171577	2.978887
8171579	4.390068
8171587	6.137156
8171624	3.842512
8171653	3.819429
8171684	7.528305
8171708	6.935215
8171723	5.746139
8171725	4.325531
8171747	8.801847
8171758	5.802661
8171760	5.671204
8171762	9.063496
8171786	6.969881
8171791	3.235818
8171798	4.25721
8171800	3.541392
8171802	7.425243
8171823	5.712301
8171834	9.212954
8171837	5.989173
8171844	4.458696
8171846	6.053054
8171848	4.640624
8171865	6.810163
8171867	6.909337
8171874	4.62551
8171876	5.913942
8171879	4.416488
8171883	3.672352
8171885	4.810337
8171890	5.112849
8171892	4.750376
8171896	3.751493
8171901	9.035217
8171917	5.994463
8171921	3.731703
8172017	5.523565
8172022	6.675158
8172026	3.5566
8172028	6.458565
8172030	6.092243
8172032	5.663861
8172035	7.086529
8172043	4.688358
8172056	5.292301
8172082	3.325746
8172084	2.562303
8172088	8.103452
8172110	6.956876
8172119	8.257829
8172154	9.809522
8172158	6.462135
8172189	2.33152
8172191	10.00411
8172193	2.262956
8172195	3.122335
8172197	5.115231
8172204	4.414117
8172220	4.518914
8172225	3.453687
8172244	7.56623
8172252	4.210086
8172254	3.947103
8172266	5.717926
8172268	4.240396
8172270	6.93774
8172272	2.178857
8172274	5.01522
8172280	7.140863
8172296	9.275683
8172305	2.265162
8172307	5.603574
8172317	5.386867
8172333	6.751793
8172345	6.844951
8172358	7.347395
8172367	3.973803
8172369	6.202673
8172379	5.153631
8172387	2.582671
8172395	3.929518
8172399	3.36308
8172406	3.94175
8172415	4.116981
8172425	5.102727
8172443	7.698621
8172445	3.201888
8172447	7.735816
8172453	6.961486
8172460	7.116513
8172471	6.445302
8172478	7.941011
8172493	4.620841
8172504	6.13482
8172520	7.380298
8172531	5.980871
8172538	7.719515
8172548	7.067945
8172561	5.943172
8172573	5.634533
8172580	5.524101
8172631	6.146482
8172647	4.02856
8172654	5.534159
8172656	3.709811
8172658	3.769515
8172660	4.42695
8172670	4.021084
8172698	5.357491
8172708	2.966699
8172711	4.854171
8172713	8.954765
8172715	6.741328
8172717	3.476584
8172719	5.545088
8172722	5.434368
8172739	5.506929
8172749	5.196645
8172757	5.506929
8172766	5.506929
8172776	4.964694
8172781	4.199882
8172787	4.059191
8172800	3.161476
8172803	5.012454
8172806	5.376506
8172813	6.649555
8172827	9.087228
8172858	6.152601
8172876	6.790386
8172905	7.347949
8172914	9.297359
8173005	3.861475
8173007	4.357331
8173009	7.619116
8173039	2.099883
8173041	4.842059
8173059	3.974086
8173086	5.265923
8173106	5.52718
8173120	4.000449
8173135	6.021777
8173148	4.302284
8173154	2.26176
8173156	7.465824
8173158	2.042281
8173160	2.937954
8173162	3.806254
8173166	5.34586
8173168	3.997957
8173174	5.174081
8173176	5.106813
8173179	5.442714
8173181	5.377307
8173189	6.123187
8173198	4.102606
8173201	7.702418
8173204	5.650157
8173206	6.603302
8173208	6.194578
8173217	5.458928
8173232	5.420517
8173238	4.25607
8173245	4.29573
8173261	5.219604
8173269	6.112856
8173287	5.243176
8173299	5.833757
8173308	2.323603
8173310	6.380047
8173338	3.867996
8173340	6.238598
8173349	5.169321
8173358	2.57712
8173360	4.688738
8173362	2.501311
8173364	6.010113
8173366	6.669003
8173373	5.552312
8173381	2.861247
8173412	2.879883
8173414	5.35449
8173428	6.982557
8173430	7.161186
8173437	5.472041
8173444	9.158294
8173457	5.696713
8173486	5.71509
8173493	7.554736
8173501	2.658054
8173503	5.153953
8173506	3.615742
8173513	10.82793
8173522	1.9407
8173524	5.494117
8173531	6.074761
8173551	5.64041
8173579	2.975071
8173581	5.638297
8173583	5.974175
8173596	5.772099
8173600	4.024937
8173605	3.418489
8173607	8.521354
8173609	3.330281
8173611	5.142991
8173613	10.44576
8173615	8.055195
8173621	4.041062
8173629	5.877666
8173647	3.926074
8173665	4.244909
8173671	4.36848
8173673	6.997397
8173713	9.038895
8173729	7.81744
8173732	5.556643
8173745	5.95769
8173752	3.321565
8173755	4.642736
8173766	8.220298
8173812	3.983689
8173823	2.740474
8173825	5.542039
8173848	3.770809
8173862	2.985661
8173869	8.703971
8173890	3.451986
8173892	5.799172
8173912	7.356732
8173915	2.212999
8173917	3.606516
8173922	2.123397
8173924	4.123597
8173926	4.086961
8173928	3.220474
8173930	3.578505
8173933	3.46617
8173941	10.90859
8173955	8.962001
8173977	3.541505
8173979	6.077994
8173999	8.340251
8174005	6.695483
8174026	6.920464
8174029	4.131478
8174045	2.69554
8174047	4.80017
8174051	4.410872
8174076	8.486572
8174086	7.244336
8174092	5.349625
8174103	10.29153
8174105	4.749428
8174119	4.678986
8174132	2.050764
8174134	6.078104
8174141	4.699731
8174149	3.894318
8174189	2.85603
8174193	4.548844
8174195	6.481839
8174197	3.199979
8174199	3.422013
8174201	4.522416
8174207	4.109841
8174226	6.22031
8174228	6.315984
8174235	4.236053
8174239	5.104469
8174246	6.710705
8174251	3.641062
8174253	8.505099
8174263	5.453628
8174271	5.102878
8174277	2.956066
8174279	6.009892
8174281	2.819514
8174283	4.651923
8174288	5.467649
8174291	4.422241
8174297	5.351605
8174302	2.131604
8174304	3.685111
8174311	2.368009
8174313	5.268743
8174317	6.413814
8174322	4.898256
8174338	6.807417
8174340	4.915311
8174351	4.354767
8174361	8.310285
8174373	2.088114
8174375	6.427074
8174379	7.427536
8174389	5.389709
8174442	3.808325
8174444	4.155524
8174448	4.474819
8174469	6.760861
8174474	6.383726
8174494	2.538749
8174496	7.963916
8174507	4.668918
8174509	10.41377
8174513	4.402994
8174527	5.383161
8174543	3.834077
8174554	4.459426
8174556	4.138091
8174568	4.367499
8174576	6.33266
8174592	5.302085
8174594	3.116199
8174596	5.049386
8174598	2.441303
8174610	3.516552
8174634	2.657578
8174636	9.465709
8174642	6.529345
8174646	3.685166
8174648	4.871008
8174654	4.983258
8174664	5.389697
8174666	3.592257
8174668	2.283573
8174670	4.157948
8174675	5.770754
8174677	7.655231
8174684	4.561911
8174692	5.819773
8174710	8.170354
8174715	2.336817
8174717	5.465769
8174731	5.177061
8174737	5.329562
8174750	4.751688
8174755	4.991111
8174761	5.099519
8174767	5.618949
8174779	9.401901
8174794	8.317074
8174820	5.812252
8174831	5.958057
8174837	6.394309
8174841	6.394309
8174845	6.394309
8174849	6.394309
8174853	6.377388
8174862	6.394309
8174867	6.394309
8174872	6.394309
8174876	6.394309
8174882	6.394309
8174887	2.797371
8174889	5.210638
8174891	6.692096
8174893	6.617731
8174933	2.725707
8174937	4.716793
8174968	6.40256
8174970	13.74837
8174972	5.536902
8174975	3.668487
8174977	5.087468
8174979	3.854822
8174983	5.104703
8174985	6.480386
8175016	6.068659
8175023	8.654222
8175039	6.9855
8175052	5.945888
8175076	4.121744
8175096	2.392353
8175098	5.99366
8175102	5.395308
8175119	5.496603
8175121	4.872948
8175151	4.153549
8175153	3.794901
8175155	3.873824
8175169	7.533099
8175177	6.236984
8175193	2.694342
8175195	4.579572
8175206	2.750429
8175209	3.071559
8175215	3.163411
8175217	4.05103
8175232	4.839792
8175234	4.625449
8175246	3.247714
8175248	3.180475
8175250	2.183925
8175252	2.314774
8175254	4.900297
8175256	6.822098
8175261	5.611495
8175263	4.150435
8175267	4.593076
8175269	6.374653
8175288	7.118092
8175297	1.90336
8175299	7.705021
8175302	7.29735
8175308	6.070801
8175311	4.952074
8175315	4.438064
8175317	5.772113
8175319	5.096227
8175330	4.944407
8175332	2.100653
8175336	3.203614
8175344	3.185231
8175353	2.984733
8175360	7.229874
8175365	3.236843
8175367	3.2543
8175369	3.879782
8175391	5.930851
8175393	5.659762
8175418	2.415392
8175420	7.461539
8175432	3.331514
8175434	5.301744
8175436	5.098231
8175438	6.425987
8175440	3.778373
8175442	4.610079
8175444	5.765023
8175455	6.720952
8175457	3.540945
8175490	2.069993
8175492	5.329699
8175524	2.827207
8175528	7.385069
8175531	2.664617
8175537	10.28525
8175539	6.333761
8175543	4.371618
8175550	3.869926
8175558	5.444397
8175562	3.664989
8175568	5.052929
8175570	3.593389
8175572	2.958237
8175574	3.775577
8175578	3.511399
8175583	2.32163
8175585	6.634994
8175587	3.961178
8175589	4.098323
8175591	3.92651
8175593	9.33546
8175609	5.764982
8175611	7.327049
8175616	5.056424
8175621	7.22798
8175629	4.345244
8175638	5.18159
8175642	6.777211
8175647	5.584394
8175662	2.317574
8175664	5.777739
8175666	8.762693
8175683	6.960718
8175685	6.220905
8175690	5.197478
8175696	4.247811
8175706	3.793486
8175708	3.836937
8175710	4.838009
8175724	4.99267
8175732	5.662926
8175747	5.597574
8175755	6.094569
8175763	5.663803
8175768	6.489582
8175773	4.921146
8175775	4.88252
8175782	5.930236
8175802	6.172603
8175808	6.64482
8175811	6.900301
8175815	6.279343
8175835	8.018038
8175844	7.84159
8175860	5.850378
8175871	6.178493
8175900	6.825054
8175924	6.160356
8175933	6.332721
8175947	6.401917
8175977	7.240627
8175998	7.548546
8176006	5.333219
8176012	5.333219
8176018	5.54606
8176026	8.187675
8176076	6.093845
8176091	7.144411
8176093	6.284286
8176098	6.288504
8176109	7.554705
8176117	7.490189
8176133	8.118683
8176149	7.530821
8176155	3.743399
8176159	8.096407
8176163	5.550519
8176174	6.761379
8176191	9.177423
8176193	4.495555
8176219	4.166203
8176230	4.389248
8176234	5.037251
8176243	2.956672
8176245	7.415236
8176249	4.948723
8176253	4.211254
8176255	5.863834
8176263	5.556643
8176276	6.47799
8176280	2.37745
8176282	7.81744
8176284	4.271621
8176286	7.432487
8176297	4.249951
8176306	7.283492
8176323	5.156682
8176336	5.954665
8176342	5.9481
8176360	9.51903
8176373	3.236425
8176375	4.318816
8176384	3.57556
8176395	11.51655
8176397	3.439834
8176400	3.835949
8176419	5.388422
8176427	5.169363
8176429	5.300557
8176435	4.506498
8176442	4.742921
8176460	5.440268
8176469	3.294586
8176471	3.439304
8176476	2.528301
8176478	2.439184
8176480	2.643563
8176482	6.638489
8176484	5.204931
8176494	5.024418
8176508	5.201544
8176517	5.370549
8176524	5.216162
8176532	4.830361
8176544	5.206138
8176553	4.809218
8176558	4.499802
8176568	4.469046
8176570	5.717122
8176572	6.833052
8176574	4.978497
8176576	4.291027
8176578	3.200591
8176624	4.258849
8176644	5.075
8176648	6.745549
8176650	6.634338
8176655	4.851151
8176663	3.175024
8176665	3.696485
8176667	6.15008
8176669	5.39699
8176671	3.670818
8176673	2.511367
8176675	2.633241
8176677	6.245934
8176679	3.86208
8176681	2.959349
8176692	3.30646
8176698	4.565821
8176709	3.136563
8176719	3.823179
8176730	3.737367
8176737	3.077133
8176742	3.027264
8176753	3.339325
8176766	3.343224
8176782	4.835928
8176789	3.269494
8176806	5.158328
8176815	2.354806
8176817	2.710072
8176821	3.46785
8176832	3.684473
8176865	5.976359
8176867	3.46785
8176878	3.684473
8176910	6.754089
8176921	8.696712
8176923	5.442203
8176926	3.594603
8176931	3.183837
8176933	3.724505
8176935	5.25044
8176941	2.354806
8176943	2.710072
8176947	2.316574
8176949	4.172462
8176951	3.471396
8176955	4.180918
8176962	8.757278
8176972	6.363782
8176986	6.077918
8177003	9.524369
8177011	6.050373
8177026	5.929714
8177029	7.835101
8177038	2.703965
8177044	2.562532
8177046	5.212017
8177048	4.809218
8177053	4.499802
8177061	3.062589
8177070	2.599358
8177072	4.090357
8177079	2.785531
8177081	4.118393
8177083	3.10588
8177085	2.936438
8177092	3.91183
8177096	3.881261
8177101	4.506498
8177108	5.300557
8177114	5.169363
8177116	4.49601
8177118	4.998012
8177120	6.232774
8177130	3.290725
8177137	3.600351
8177169	6.634338
8177174	2.196657
8177176	3.175024
8177178	6.245934
8177180	2.633241
8177184	2.511367
8177186	3.334542
8177189	5.39699
8177191	6.15008
8177193	3.696485
8177195	3.30646
8177201	2.959349
8177212	3.86208
8177214	2.93475
8177217	6.970235
8177222	9.987328
8177227	2.227748
8177229	4.021367
8177232	4.571508
8177261	3.484966
8177269	3.932779
8177273	6.25246
8177277	3.090591
8177280	4.041552
8177282	4.426951
8177290	3.339325
8177303	2.86533
8177323	5.07626
8177331	3.409688
8177344	5.091757
8177347	4.835928
8177354	3.684473
8177387	2.316574
8177389	2.710072
8177393	2.354806
8177395	5.25044
8177401	3.724505
8177403	3.183837
8177405	3.594603
8177410	5.442203
8177413	6.754089
8177424	8.696712
8177426	3.970281
8177449	3.46785
8177460	5.976359
8177462	6.92935
8177478	5.334326
8177498	6.553903
8177507	5.491761
8177527	7.744574
8177544	8.09607
8177554	2.95236
8177560	6.656898
8177601	7.685982
8177620	4.748263
8177628	7.301443
8177635	5.949568
8177647	7.109151
8177658	5.114266
8177669	9.345096
8177674	5.764211
8177694	4.030008
8177696	3.589252
8177698	3.705125
8177700	3.098556
8177704	5.957397
8177706	5.846867
8177709	5.184988
8177717	9.337931
8177725	12.14398
8177732	12.53026
8177740	4.541736
8177744	8.16176
8177750	5.327519
8177760	6.266656
8177770	6.692911
8177782	6.991405
8177788	11.87697
8177797	8.086032
8177824	6.971114
8177834	5.630936
8177851	6.422199
8177858	9.107047
8177867	9.606292
8177885	5.669709
8177901	7.190041
8177931	13.45562
8177938	5.254936
8177947	5.315814
8177951	7.021175
8177955	7.326526
8177964	6.249582
8177967	6.642152
8177976	6.193727
8177983	6.446077
8177988	7.840749
8177996	6.459891
8178011	7.347587
8178043	5.898636
8178050	10.11109
8178059	6.013968
8178063	6.052787
8178070	6.125288
8178074	6.100239
8178080	7.782066
8178086	11.94148
8178090	7.048416
8178095	7.678378
8178115	9.844316
8178136	6.845439
8178164	6.477738
8178177	6.172653
8178188	8.700035
8178193	9.830207
8178199	10.23103
8178205	6.947165
8178211	8.205578
8178220	7.778992
8178225	7.71701
8178234	6.390518
8178244	7.335391
8178253	9.164637
8178264	7.515628
8178270	5.750555
8178275	3.751249
8178283	3.522026
8178285	4.077705
8178287	2.202048
8178289	3.37052
8178291	3.633188
8178293	3.627076
8178295	6.21293
8178298	6.008086
8178322	8.914123
8178324	4.342363
8178326	10.19802
8178330	8.129915
8178338	5.030479
8178346	7.324607
8178358	8.151535
8178377	6.477446
8178399	5.921516
8178404	5.413782
8178419	7.937275
8178435	10.53849
8178439	6.154899
8178442	6.922226
8178445	6.574215
8178448	6.082623
8178470	6.497882
8178476	9.051723
8178489	12.02205
8178498	12.29923
8178508	5.631616
8178512	8.238125
8178517	6.401537
8178526	8.990688
8178552	7.081923
8178554	5.542598
8178561	6.876573
8178582	6.369798
8178586	5.828268
8178590	6.678957
8178598	9.171217
8178609	5.981303
8178641	5.903562
8178650	5.459391
8178653	10.9874
8178676	10.06576
8178683	6.184968
8178686	7.835316
8178699	6.220792
8178712	5.907992
8178727	8.415953
8178749	6.191038
8178754	6.440215
8178762	6.818737
8178771	6.555724
8178790	7.565011
8178795	6.247558
8178802	9.247688
8178811	9.157657
8178826	6.528377
8178833	5.426408
8178841	7.545644
8178855	8.074341
8178867	9.184007
8178882	4.799758
8178884	7.214588
8178891	9.177779
8178897	6.22808
8178903	7.148617
8178917	8.33723
8178939	6.508759
8178955	8.231175
8178977	10.10323
8178988	6.982758
8178991	6.55704
8179003	4.030008
8179005	3.554818
8179007	5.957397
8179009	5.846867
8179011	4.893183
8179019	9.185602
8179028	8.276903
8179034	12.14398
8179041	12.46644
8179049	12.34788
8179055	6.240743
8179060	5.327519
8179070	6.266656
8179080	7.223311
8179088	6.692911
8179097	6.991405
8179103	11.87697
8179112	8.086032
8179139	6.971114
8179149	5.789011
8179167	6.422199
8179174	9.107047
8179184	9.627147
8179205	5.669709
8179221	4.891665
8179224	13.73629
8179228	5.279962
8179235	6.869479
8179238	5.917498
8179246	6.249582
8179249	6.642152
8179258	5.781978
8179263	6.446077
8179268	7.840749
8179276	6.459891
8179291	5.898636
8179298	9.938833
8179309	6.125288
8179313	6.28027
8179322	12.49347
8179324	11.94148
8179326	7.048416
8179331	7.678378
8179351	10.32049
8179364	6.85559
8179391	6.539325
8179399	5.846383
8179440	6.172653
8179451	5.8777
8179472	7.473221
8179481	9.457565
8179489	10.23103
8179495	8.205578
8179504	9.359597
8179519	8.22121
8179525	7.71701
8179534	6.390518
8179544	9.164637
8179555	7.515628
8179559	5.750555
8179564	5.999376
8179575	6.853022
8179587	3.522026
8179589	4.077705
8179591	3.633188
8179593	3.627076
8179595	6.003397
8179617	8.26228
8179628	4.828699
8179638	7.5159
8179648	7.023502
8179664	8.151535
8179683	5.921516
8179688	7.937275
8179704	10.30681
8179709	7.066867
8179713	6.169374
8179716	6.631545
8179719	6.229836
8179727	4.966458
8179731	12.30371
8179750	9.134088
8179762	5.127858
8179768	8.238125
8179773	6.401537
8179782	8.990688
8179808	7.081923
8179810	6.369798
8179814	5.7796
8179819	6.678957
8179827	9.218573
8179839	5.903562
8179848	5.459391
8179851	9.60396
8179861	10.9874
8179884	7.514684
8179913	7.835316
8179926	5.803816
8179935	5.907992
8179950	6.440215
8179958	6.818737
8179967	6.541122
8179987	7.132612
8179996	6.247558
8180003	9.108052
8180022	6.528377
8180029	7.116473
8180034	7.534456
8180049	8.074341
8180061	9.184007
8180076	4.799758
8180078	6.811297
8180086	7.214588
8180093	6.416568
8180100	9.187611
8180105	6.22808
8180111	7.045647
8180123	8.338963
8180144	8.231175
8180166	10.19626
8180179	6.374621
7899375	3.608673
7899600	4.521626
7899795	6.77632
7900197	8.865883
7900508	5.127558
7901338	2.878186
7901416	3.857034
7901495	2.990971
7902223	5.749383
7902493	6.753133
7902685	3.274164
7904691	2.273026
7904867	2.434788
7904946	2.434788
7905039	2.584202
7905127	7.57688
7905129	3.498324
7906233	2.738406
7907747	3.255679
7907788	6.32906
7909125	3.023276
7909283	6.238356
7910140	3.911029
7910583	2.583903
7910676	5.970431
7910692	2.58823
7910946	2.187986
7911566	5.243784
7912207	3.916269
7912209	3.339508
7914139	2.651004
7914350	6.481776
7914665	5.872321
7914807	2.593547
7914921	4.610678
7916075	2.399318
7916627	4.017533
7916783	2.376033
7918153	8.709516
7919153	3.320009
7919403	3.320009
7919574	2.853154
7919747	8.818692
7919778	3.952119
7919969	4.6307
7920025	5.317703
7920256	5.14128
7921220	3.390503
7922992	3.334773
7923005	3.897727
7924205	2.654141
7925126	3.254041
7925318	5.659968
7925440	4.10077
7925509	6.483597
7926366	2.150746
7926443	2.535254
7926484	2.597454
7926898	2.519788
7926979	5.77085
7927548	3.901506
7927852	4.723751
7928328	2.113305
7928815	3.772014
7929956	2.374778
7930274	3.056288
7931027	4.072319
7932614	2.909909
7932883	6.830729
7933088	2.676355
7933178	7.577002
7933840	3.119836
7933945	8.246973
7933976	7.702215
7934566	6.225429
7935859	3.159749
7936282	2.150008
7936318	2.277711
7936966	6.610253
7938588	2.824081
7939640	3.929218
7941170	2.629811
7942061	5.046748
7942542	3.894395
7942611	6.560442
7942983	3.21525
7943191	2.935336
7943550	2.267286
7943734	2.327336
7943777	3.334877
7944162	3.693463
7945031	2.934329
7946659	6.150313
7947915	6.665882
7947932	2.504028
7948033	4.510119
7948139	3.086253
7948397	8.171659
7948416	3.170258
7950030	3.7823
7951349	4.153221
7951435	2.129469
7951668	3.740582
7952396	3.915853
7952599	3.13954
7953685	2.293406
7953934	4.037468
7954434	9.28606
7955074	2.208444
7955421	2.75391
7956892	4.608417
7957041	3.561557
7957497	2.585927
7957568	6.401273
7957954	2.476666
7959823	2.251247
7959825	2.968278
7960359	6.270581
7960846	3.112685
7962181	2.282399
7964596	5.070135
7964598	3.757147
7964685	2.613716
7964720	2.237822
7964870	3.482715
7965224	2.768671
7965650	5.047018
7965836	2.87386
7965838	4.536741
7965842	6.464895
7965871	6.33421
7966299	8.008106
7966425	6.862312
7966684	2.84969
7967698	3.957681
7967967	3.313354
7968252	5.943299
7968911	5.515832
7968913	6.254337
7969768	4.107266
7970426	6.266884
7970674	6.141648
7970945	3.420215
7971124	3.695521
7971511	6.943007
7971640	4.15224
7971899	4.588349
7971903	2.143003
7972414	4.376837
7972748	6.365349
7973748	4.06309
7973865	6.465803
7974335	4.689282
7975404	3.375565
7976576	3.599332
7978909	7.189689
7979131	2.63607
7979689	3.869798
7980065	3.056288
7981486	2.837132
7981779	3.222177
7982751	3.098495
7982935	7.607977
7983252	4.881159
7983270	2.727433
7983525	3.435361
7984622	2.383967
7985308	2.452271
7985930	6.815182
7986325	2.37078
7986346	4.851702
7986635	3.212986
7988603	6.014255
7990806	2.227143
7992067	5.865929
7992131	5.76001
7992136	6.365504
7992458	6.931121
7992742	3.523492
7992841	6.157586
7995523	2.328608
7996391	4.092817
7997372	3.895237
7997700	7.882959
7998823	5.943613
7998841	5.943613
7999171	4.118238
7999382	8.652509
8000700	3.327686
8001183	2.42801
8001231	5.391296
8001392	2.431711
8002247	3.128091
8003226	5.213214
8003599	3.327686
8003889	8.179262
8004219	4.225212
8005433	6.833846
8006028	3.417118
8006319	7.2716
8006592	4.829665
8006679	5.893802
8007139	2.790679
8007605	2.266145
8008704	4.848823
8008967	5.71695
8012841	4.154732
8013507	6.621073
8013985	6.311564
8014863	4.10204
8015014	2.03983
8015796	4.203111
8016016	7.32144
8016733	6.455488
8018814	3.763355
8018902	5.647114
8020804	2.226313
8020971	4.337736
8021438	5.811972
8021961	2.407026
8022174	4.471395
8022424	5.65231
8022801	2.791125
8023547	1.908565
8023644	2.449447
8023755	2.634832
8027266	4.629181
8027429	3.308402
8027437	5.301542
8028002	5.438111
8029278	4.223849
8029375	5.865616
8029937	5.286445
8030197	5.171041
8030826	4.007814
8031615	2.454529
8035234	5.839224
8035787	2.689386
8035859	6.932339
8036557	4.386859
8038137	3.792465
8039945	5.243784
8040336	3.363252
8040465	5.731317
8040486	5.984669
8040616	2.482243
8041636	3.071089
8042221	5.59408
8042694	2.540495
8043022	4.541981
8043024	2.459862
8044698	2.69034
8045497	3.385096
8046644	7.337758
8047036	3.056287
8047185	4.364055
8047782	3.332631
8048108	6.762785
8049073	8.345074
8049235	3.996503
8050111	2.74216
8051234	2.514599
8052016	6.720532
8052303	1.964642
8052592	3.478433
8053447	5.702312
8053646	2.864922
8054939	4.861512
8055309	7.051456
8055482	3.021889
8055666	2.92056
8055670	2.150746
8055967	6.345581
8056043	2.509256
8057032	2.312862
8057561	2.904449
8058969	5.319839
8059275	4.641315
8059714	2.516532
8060609	7.168229
8060837	6.220356
8060986	2.375463
8061068	4.454344
8061539	4.84307
8061881	6.336905
8062204	5.956678
8062685	5.189595
8063185	4.121381
8065016	9.474195
8065196	8.006484
8065198	2.22958
8065903	4.80545
8066264	2.653033
8066292	4.573867
8066459	6.11588
8066528	2.684098
8067862	5.65231
8068018	2.456944
8068549	4.789603
8068733	2.837668
8069206	2.971456
8070871	4.414041
8070930	5.397143
8075057	4.577167
8075162	2.043157
8075308	2.36103
8075776	4.113441
8078153	3.384789
8078185	4.20568
8078384	2.662519
8078448	3.955368
8078603	4.889726
8078958	4.369596
8079058	5.231075
8079151	2.548706
8079368	4.948893
8079588	2.16046
8080909	5.819846
8080985	3.767524
8081034	2.393003
8082795	2.701567
8083061	4.139789
8083322	3.300624
8083590	2.922607
8083790	2.290987
8084810	7.07618
8084836	2.714772
8085060	3.385286
8085358	8.177539
8086515	2.750288
8086878	4.288461
8087545	5.114764
8088476	2.805647
8088915	2.826851
8089928	7.790943
8090446	2.586583
8091118	3.940506
8091186	2.524935
8091554	9.539714
8093035	5.889412
8093037	3.309024
8094391	3.773063
8094899	2.377332
8095260	5.357252
8095758	2.927718
8096413	2.745159
8096531	2.269911
8097285	2.70432
8097476	4.617148
8097645	3.132962
8097934	2.524878
8097936	6.821358
8098161	2.085633
8098463	2.381822
8099756	2.643807
8100123	2.493315
8100290	4.168761
8100426	6.700306
8100456	5.711839
8100521	5.090481
8100599	3.906993
8101063	2.527143
8102592	3.825531
8103538	2.517121
8103849	2.60017
8104070	4.615579
8104447	5.0833
8104650	2.187398
8104661	2.920655
8104928	3.749183
8105061	4.17091
8105179	3.955368
8105300	8.327222
8105321	5.458821
8106720	4.232151
8107131	3.379038
8107472	3.465002
8107644	6.920784
8108433	2.844287
8108979	3.715709
8109424	6.598391
8109661	2.445598
8110585	6.072891
8111666	3.991616
8111885	3.732575
8112018	3.207795
8112609	3.678482
8112738	5.341411
8112855	2.069906
8113639	4.03287
8113701	5.035902
8113707	2.385195
8114285	3.654143
8114579	2.11418
8114898	5.100366
8115344	4.152201
8115366	2.223638
8115541	3.250642
8115873	5.828516
8117170	3.037534
8117710	8.293793
8119076	3.596499
8120979	2.746369
8121085	6.977002
8121269	4.183437
8121483	2.149634
8122194	7.829845
8122816	4.204062
8122875	4.602901
8123101	6.391731
8123332	4.808331
8123712	3.392568
8124482	5.158799
8125443	2.509256
8125445	3.101565
8125857	6.739544
8126358	3.603927
8126627	3.519551
8127995	2.595159
8128075	5.159824
8128077	2.432749
8128327	6.059948
8129315	2.988393
8131867	4.049752
8132243	3.373292
8132501	6.693453
8132847	3.056287
8133845	3.961783
8134316	2.590415
8134431	8.826332
8136612	3.195448
8137040	3.473825
8137435	3.986375
8138007	9.663346
8139017	2.398103
8140168	3.15295
8140965	7.652405
8142017	5.398666
8142876	3.410963
8144947	3.080851
8145797	5.590559
8146326	2.948757
8146480	5.514391
8146754	3.067923
8147047	2.832102
8148194	4.078077
8148461	3.207122
8149069	5.276046
8149256	7.047098
8150087	8.748324
8150151	2.446399
8151030	4.945308
8151213	2.471721
8151279	2.745979
8151308	3.307769
8151434	2.668808
8151492	3.382124
8151989	3.360543
8152094	2.735762
8152367	2.106145
8152626	3.116886
8152701	6.122291
8152819	4.877422
8153320	7.275095
8154361	2.145274
8154365	5.155708
8154572	2.838819
8155212	2.695317
8156110	3.970231
8156579	2.261897
8156844	2.83636
8157485	2.324502
8157522	4.424937
8157605	4.190023
8157841	2.971494
8157888	2.433285
8158511	3.636126
8158664	2.50376
8158910	5.407611
8159848	3.50764
8159957	4.104993
8160084	2.550179
8160470	4.415572
8160784	2.82231
8161421	7.417207
8161644	3.582305
8162177	4.774287
8164006	3.381321
8166583	2.916497
8166609	2.017884
8167161	5.346884
8168672	2.974102
8169636	3.973633
8171531	3.361197
8171881	2.302291
8172086	7.693276
8172156	6.497537
8173164	3.638417
8173549	3.991263
8173627	2.900498
8174644	3.896708
8176415	2.428232
8176566	7.793902
8176779	4.758268
8177068	2.353196
7892796	13.79689
7892925	11.09123
7893130	11.80682
7893306	9.807204
7893613	10.33446
7893939	10.30504
7894584	8.544388
7894611	10.80381
7894970	14.07279
7895139	9.48066
7895220	11.27946
7896160	10.85213
7896366	12.72898
7896687	8.867459
7896688	5.141281
7896689	7.866523
7896690	8.552176
7896691	5.915055
7896692	7.266841
7896693	6.891438
7896694	6.612619
7896695	7.468053
7896696	8.522821
7896697	5.246674
7896698	10.18579
7896699	6.292341
7896700	5.537793
7896701	6.15141
7896702	5.300087
7896703	8.804361
7896704	6.990929
7896705	8.339015
7896706	7.348604
7896707	8.098702
7896708	5.657197
7896709	6.915937
7896710	6.012045
7896711	6.16015
7896712	6.591141
7896713	8.636681
7896714	4.909829
7896715	5.77625
7896716	10.1593
7896717	6.971025
7896718	5.408906
7896719	6.651356
7896720	5.497594
7896721	3.763131
7896722	4.608417
7896723	7.63309
7896724	4.800526
7896725	4.922919
7896726	6.522011
7896727	4.77773
7896728	8.149182
7896729	1.955215
7896730	4.228918
7892601	6.246041
7892698	2.03576
7892756	2.110048
7892815	2.508485
7892916	8.109058
7892943	2.155065
7892971	2.105607
7893026	7.623991
7893348	9.459863
7893368	2.07153
7893409	6.344803
7893426	2.513176
7893625	2.182928
7893643	2.834575
7893687	2.148207
7893988	2.065084
7894132	8.935777
7894198	2.021121
7894480	9.048983
7894592	9.233535
7894750	2.263871
7894862	8.448503
7894881	7.598931
7894892	5.60642
7894998	4.669724
7895078	3.557631
7895402	2.811306
7895613	2.011925
7895644	6.985383
7895667	2.368107
7895703	3.889309
7895732	9.246211
7895892	2.044202
7895923	9.086824
7895949	2.411401
7895968	3.188383
7895973	8.012215
7896216	1.978458
7896237	4.621683
7896388	9.012784
7896419	4.119099
7896573	5.694017
7896637	8.518832
7896658	2.220262
7896667	7.110263
7892501	2.768822
7892509	10.73784
7892514	8.200742
7892516	2.81455
7892521	7.373545
7892530	6.264773
7892536	7.939647
7892541	7.680327
7892542	7.235021
7892548	6.903808
7892549	7.922003
7892555	5.995513
7892556	11.07664
7892559	8.048457
7892561	10.42185
7892562	7.332633
7892564	10.47714
7892565	5.375082
7892568	9.815289
7892569	8.644821
7892574	9.062737
7892576	5.72147
7892578	4.204087
7892579	7.652797
7892596	4.331398
7892598	8.450347
7892599	9.108088
7892605	7.499714
7892609	1.61149
7892610	2.759268
7892618	6.241625
7892620	10.21731
7892621	11.62065
7892622	7.657114
7892623	7.764399
7892625	7.841287
7892627	7.928207
7892628	8.457899
7892630	8.411757
7892635	9.226375
7892639	6.242585
7892640	10.91174
7892643	8.180314
7892644	7.747346
7892648	8.332611
7892650	10.0399
7892652	11.14591
7892661	10.67769
7892662	8.784055
7892663	10.73568
7892668	8.850805
7892670	8.180928
7892674	6.317655
7892678	4.981197
7892679	4.845615
7892680	8.163796
7892682	2.851458
7892684	8.795523
7892687	5.632308
7892688	5.573012
7892694	7.27339
7892697	7.319839
7892699	4.379834
7892701	9.619437
7892703	8.39576
7892704	11.47224
7892717	4.948378
7892720	6.650146
7892732	3.955368
7892742	7.73662
7892745	9.160292
7892747	7.110581
7892757	7.697091
7892762	11.41423
7892764	7.881787
7892766	10.73848
7892770	8.62356
7892771	7.926169
7892773	7.762195
7892776	8.067426
7892778	6.561719
7892786	7.34778
7892788	10.52501
7892791	10.97497
7892797	8.060204
7892802	7.356229
7892803	10.64154
7892808	8.949039
7892814	8.403012
7892817	12.13853
7892820	9.267488
7892825	3.134944
7892829	10.89122
7892830	11.08999
7892831	9.01503
7892832	5.776202
7892835	8.052337
7892836	11.51909
7892837	9.863115
7892838	9.16791
7892841	8.895275
7892846	11.46459
7892847	6.135757
7892848	8.379337
7892853	9.951811
7892857	10.34818
7892861	9.710256
7892868	10.99025
7892870	4.899073
7892876	2.30683
7892880	9.273859
7892882	9.41222
7892884	8.493014
7892890	8.517046
7892893	7.453167
7892894	8.880019
7892896	10.78193
7892898	7.246475
7892900	10.01962
7892901	9.97368
7892902	12.45399
7892905	2.10774
7892906	11.90725
7892907	10.14738
7892911	7.784489
7892912	6.037884
7892919	6.610253
7892935	9.550298
7892939	8.198024
7892941	9.228593
7892944	7.999836
7892947	9.118697
7892951	6.540875
7892953	7.044867
7892954	9.255534
7892959	6.108021
7892966	9.59774
7892967	8.047481
7892968	8.389941
7892972	8.728797
7892977	10.14314
7892979	8.548326
7892981	8.643098
7892983	9.843618
7892986	9.346717
7892995	2.218226
7893001	6.402735
7893002	8.610067
7893005	5.198261
7893012	8.603559
7893015	12.24729
7893019	5.690987
7893023	8.538782
7893025	6.712991
7893027	5.419999
7893029	12.68056
7893030	8.063213
7893031	9.04983
7893032	5.360665
7893036	8.970715
7893039	10.58709
7893050	9.06758
7893058	7.977886
7893061	8.83306
7893064	7.696104
7893070	8.281466
7893073	7.207766
7893074	8.21385
7893079	8.485023
7893081	11.45951
7893086	8.115851
7893087	10.76711
7893090	11.417
7893091	6.524422
7893094	10.70898
7893097	6.394665
7893103	11.13864
7893113	7.578275
7893118	7.460312
7893122	6.774064
7893125	6.914455
7893128	5.512097
7893131	11.35542
7893133	10.60599
7893138	12.17513
7893139	12.30943
7893153	8.150118
7893160	8.634409
7893164	8.592776
7893166	4.654387
7893170	3.505828
7893173	12.25999
7893181	9.124649
7893184	5.955021
7893187	8.834614
7893191	9.618642
7893194	8.733928
7893196	9.420075
7893201	8.697997
7893205	11.71266
7893206	3.279911
7893208	7.864168
7893217	8.74168
7893218	11.95931
7893229	4.861113
7893232	6.42997
7893235	8.106418
7893238	9.918116
7893240	7.93246
7893244	10.2871
7893248	7.214469
7893249	7.184037
7893250	5.552324
7893257	8.921473
7893258	7.48487
7893259	8.82281
7893261	9.101228
7893262	7.947349
7893264	11.71625
7893266	10.22741
7893268	5.342439
7893270	10.94751
7893271	9.312609
7893272	9.63767
7893273	5.94009
7893277	6.85385
7893291	4.037056
7893297	9.035995
7893298	7.987329
7893305	3.430042
7893309	5.987641
7893313	7.157747
7893316	11.64056
7893325	6.567129
7893333	5.612989
7893339	7.6293
7893340	6.633192
7893344	8.615095
7893345	11.0492
7893346	6.515673
7893349	8.757251
7893350	3.984907
7893354	9.488909
7893356	9.334404
7893357	10.72469
7893359	5.084422
7893362	8.421695
7893363	5.72447
7893364	8.364932
7893371	10.70012
7893374	10.38848
7893382	9.81115
7893384	7.30826
7893385	9.22255
7893386	11.67067
7893390	8.414382
7893392	5.297998
7893393	13.67197
7893394	10.03405
7893395	9.190495
7893399	9.849645
7893407	9.766847
7893413	9.516297
7893419	9.554536
7893420	7.846886
7893422	12.00597
7893424	11.2849
7893439	10.48587
7893441	7.557747
7893443	6.483521
7893447	9.818528
7893449	8.654492
7893453	7.314366
7893454	10.91678
7893455	5.725904
7893458	8.256287
7893460	10.82085
7893461	7.382575
7893463	6.353785
7893466	11.73548
7893467	9.161716
7893476	9.796039
7893477	6.888495
7893481	7.28992
7893485	8.074396
7893486	11.96147
7893494	6.996698
7893497	5.740989
7893500	7.166612
7893504	8.723159
7893506	3.868563
7893516	10.21004
7893517	8.487349
7893518	9.198959
7893528	7.955346
7893530	10.86209
7893534	7.313459
7893539	10.79076
7893543	12.51795
7893544	5.942375
7893547	12.27638
7893549	6.062399
7893550	11.11867
7893551	7.950722
7893552	4.752169
7893554	9.567266
7893558	9.31787
7893559	10.97526
7893561	9.896
7893564	12.15435
7893568	6.02783
7893571	9.764753
7893572	7.199604
7893573	8.20449
7893574	9.664806
7893582	12.6932
7893587	7.122044
7893591	9.341921
7893592	11.8552
7893593	4.868031
7893594	7.097267
7893602	10.36249
7893603	10.46737
7893608	7.995807
7893609	10.79339
7893619	8.218742
7893628	7.53905
7893630	6.806658
7893632	11.07402
7893639	9.29051
7893640	7.768188
7893641	9.599497
7893642	9.81942
7893647	11.63294
7893649	8.976294
7893650	11.55246
7893657	4.787078
7893662	11.69564
7893664	7.648424
7893676	9.050014
7893681	2.042281
7893682	7.222873
7893684	7.862996
7893685	10.07515
7893690	8.448254
7893700	7.824221
7893709	9.048877
7893711	10.73293
7893714	8.579576
7893715	8.022465
7893717	5.203387
7893721	4.057274
7893727	12.17739
7893729	7.363106
7893732	9.727726
7893733	9.738017
7893734	9.413253
7893738	6.011723
7893740	10.54822
7893745	6.846745
7893747	8.107337
7893752	8.027334
7893759	11.95991
7893762	13.19128
7893763	10.50431
7893769	7.598922
7893773	9.707753
7893774	11.06346
7893777	5.20356
7893778	8.253015
7893779	8.39727
7893782	5.396661
7893785	9.71313
7893787	2.729817
7893788	9.231696
7893792	8.432902
7893793	5.543853
7893796	6.415593
7893798	4.110108
7893806	4.273077
7893808	12.07231
7893814	4.688133
7893815	11.14275
7893816	9.44913
7893821	6.336209
7893822	3.347245
7893827	6.860405
7893834	6.563785
7893840	8.270712
7893850	9.552411
7893853	8.659079
7893855	9.253857
7893856	6.703376
7893870	7.538856
7893880	10.26932
7893883	8.852412
7893886	8.064822
7893888	7.415626
7893892	7.221808
7893904	10.85576
7893905	8.572886
7893908	3.549304
7893910	6.624541
7893913	8.344759
7893918	5.099006
7893919	9.595717
7893921	6.352276
7893922	8.913292
7893923	11.62213
7893926	11.61415
7893928	9.047832
7893933	5.924074
7893941	8.089773
7893946	8.626343
7893948	7.368795
7893952	7.173739
7893956	11.39976
7893961	7.861928
7893963	3.275263
7893966	9.953941
7893968	6.501277
7893973	9.088744
7893979	7.910688
7893981	7.994968
7893991	6.206922
7894010	3.861099
7894011	6.977721
7894012	12.23813
7894019	10.0022
7894029	11.10288
7894033	10.14332
7894041	7.880589
7894042	8.907111
7894043	11.05358
7894044	11.36174
7894051	11.1625
7894055	8.105538
7894056	9.11076
7894057	11.08889
7894058	12.30445
7894061	7.91262
7894067	7.831377
7894068	9.493608
7894070	9.884533
7894072	9.362018
7894074	8.789249
7894076	8.633375
7894078	7.414702
7894083	11.25503
7894086	10.30235
7894088	9.596857
7894098	12.82923
7894100	9.58654
7894104	9.880585
7894107	11.03914
7894110	11.3718
7894114	12.01623
7894115	8.332179
7894118	8.765171
7894119	7.682817
7894125	9.379706
7894134	8.744361
7894136	10.2681
7894138	8.013948
7894146	8.42619
7894157	4.73608
7894158	8.272987
7894160	9.304232
7894161	8.882717
7894165	5.531375
7894171	8.94956
7894185	9.442375
7894186	9.259366
7894188	8.168436
7894195	9.60046
7894196	3.498123
7894199	4.492267
7894204	3.93232
7894205	8.736237
7894209	6.195951
7894211	8.271588
7894212	7.416905
7894214	10.6569
7894226	7.040825
7894238	1.950783
7894239	10.52495
7894251	7.195134
7894252	9.141155
7894258	10.31388
7894262	10.10209
7894263	10.22058
7894264	10.90919
7894267	6.608832
7894269	10.3013
7894272	7.224869
7894277	5.322553
7894282	11.22818
7894284	8.330711
7894289	8.54452
7894290	5.40055
7894291	8.042461
7894294	10.99423
7894295	7.443613
7894304	9.996403
7894306	8.292891
7894307	11.64265
7894315	6.671553
7894316	6.583898
7894321	5.726603
7894324	11.06627
7894329	2.79717
7894331	6.499083
7894336	7.581747
7894341	9.022085
7894350	4.505111
7894355	7.696777
7894363	9.628546
7894366	10.94477
7894372	11.47747
7894373	6.374291
7894374	9.465219
7894375	8.548141
7894376	7.169615
7894379	9.580258
7894380	8.908387
7894386	6.107415
7894389	9.80293
7894395	9.622805
7894402	10.52477
7894404	10.23413
7894411	10.43723
7894412	8.929431
7894413	10.58996
7894416	9.253055
7894419	6.425987
7894421	8.933316
7894427	5.020434
7894428	8.333673
7894429	9.436802
7894431	8.332573
7894433	9.952682
7894435	8.109553
7894436	8.195315
7894437	7.582804
7894438	6.446461
7894439	10.90883
7894449	9.225452
7894451	6.754666
7894459	7.348979
7894469	10.63178
7894470	7.788685
7894471	9.803429
7894474	8.173283
7894478	8.016116
7894479	7.953614
7894485	10.30612
7894489	7.573675
7894492	9.747181
7894496	9.041077
7894498	8.101619
7894501	9.18007
7894504	4.178619
7894512	11.48555
7894513	8.837126
7894515	8.184247
7894516	6.480993
7894518	5.860204
7894519	10.7318
7894520	10.06398
7894527	10.51065
7894529	8.371263
7894535	11.34952
7894536	10.63762
7894540	11.83186
7894542	12.03237
7894546	7.066843
7894548	9.09594
7894549	6.001919
7894551	12.46329
7894552	9.749186
7894555	7.049715
7894557	7.920432
7894558	6.723378
7894561	8.25438
7894562	6.834595
7894563	6.668606
7894570	2.768822
7894574	5.609585
7894579	9.00145
7894581	5.876694
7894583	7.584548
7894594	3.867332
7894596	11.73702
7894599	4.643148
7894604	8.125219
7894605	12.26376
7894617	9.047484
7894627	6.087388
7894634	8.816947
7894635	3.563799
7894637	7.597522
7894638	9.251393
7894639	9.332354
7894642	9.618904
7894648	7.259172
7894657	9.107663
7894661	11.79743
7894662	7.7527
7894665	6.189801
7894666	11.13109
7894672	11.47976
7894674	8.91326
7894675	9.294652
7894681	8.760649
7894682	9.214417
7894683	5.597298
7894685	9.844724
7894687	10.64625
7894698	7.753003
7894699	11.33281
7894700	4.148538
7894704	10.85014
7894708	8.944356
7894711	6.77645
7894712	8.023861
7894716	10.56571
7894722	7.269302
7894725	9.80254
7894732	7.792878
7894737	7.276573
7894740	11.22429
7894742	5.228751
7894744	10.02765
7894746	2.656019
7894757	10.19265
7894758	11.07267
7894761	11.48195
7894767	11.70655
7894769	8.892473
7894771	6.799694
7894774	9.942413
7894777	6.07753
7894782	7.176307
7894788	5.671369
7894790	8.78512
7894791	5.528082
7894796	9.883455
7894798	9.421114
7894801	7.681278
7894806	9.913159
7894808	10.42133
7894813	7.683915
7894824	9.600783
7894826	8.776788
7894827	8.959869
7894834	6.716257
7894837	7.31258
7894838	7.828105
7894844	6.418705
7894845	10.06508
7894846	9.475731
7894858	10.53102
7894860	9.080859
7894873	8.900561
7894877	6.907443
7894878	9.087841
7894884	8.08081
7894896	9.684956
7894903	8.815238
7894906	6.032004
7894908	8.93899
7894914	11.03524
7894916	7.91841
7894919	8.090984
7894926	9.356407
7894927	4.037194
7894944	3.280546
7894946	2.509256
7894951	8.656898
7894964	8.805032
7894968	7.571052
7894969	6.049486
7894971	9.160818
7894974	6.544433
7894977	8.637713
7894978	7.069147
7894980	7.292772
7894982	10.12013
7894984	7.654906
7894990	9.949915
7894999	11.31464
7895001	8.249543
7895003	8.394705
7895005	9.378748
7895008	3.694308
7895012	8.17218
7895014	6.754666
7895016	8.467392
7895017	11.78943
7895018	7.473472
7895019	5.173045
7895026	6.220155
7895031	5.831189
7895032	7.543926
7895033	10.01785
7895034	8.890841
7895036	9.276751
7895038	9.104731
7895039	9.121152
7895042	8.205643
7895045	8.711628
7895052	7.764811
7895054	8.398324
7895055	9.183937
7895056	8.964649
7895057	11.87169
7895062	7.931268
7895067	9.182248
7895068	9.368366
7895069	7.728971
7895072	10.84036
7895077	8.178355
7895081	7.735565
7895082	9.400973
7895084	9.928013
7895087	10.14969
7895088	10.12619
7895089	11.65329
7895090	9.305283
7895091	7.715247
7895096	6.236627
7895098	5.161991
7895101	9.466269
7895105	3.029247
7895110	11.66381
7895112	11.30854
7895119	9.028859
7895121	6.357396
7895122	10.99345
7895123	8.629065
7895133	8.94359
7895136	2.634832
7895137	11.4425
7895145	7.601222
7895147	9.774755
7895149	11.3232
7895153	8.81008
7895157	9.31765
7895160	10.00501
7895161	9.586514
7895162	6.33899
7895168	6.80735
7895170	9.655355
7895171	7.088175
7895176	3.256309
7895177	8.794948
7895180	7.963395
7895186	5.694304
7895187	6.668944
7895192	8.610958
7895203	7.329903
7895214	10.31232
7895215	9.762908
7895221	8.625237
7895225	8.283405
7895226	8.860631
7895227	9.113439
7895231	8.315356
7895237	7.416905
7895238	9.731078
7895241	7.895673
7895246	7.576222
7895247	7.187069
7895248	11.81546
7895252	5.69242
7895256	7.565069
7895258	5.815732
7895263	9.626549
7895264	8.290601
7895267	8.601
7895271	8.973828
7895272	10.20105
7895273	10.34092
7895274	10.02491
7895275	10.25597
7895276	10.34122
7895277	10.22817
7895283	6.023668
7895288	5.972443
7895289	7.623632
7895290	7.378103
7895291	4.31905
7895294	6.076461
7895298	6.065852
7895299	11.51348
7895308	7.47325
7895312	8.321783
7895317	10.77211
7895318	3.241611
7895320	9.407357
7895322	7.569513
7895324	8.077813
7895325	7.688643
7895328	11.42877
7895330	11.0073
7895331	4.508979
7895334	7.832805
7895336	9.319724
7895340	8.457008
7895347	3.141752
7895355	2.628548
7895356	7.040765
7895357	6.477502
7895358	8.149083
7895360	9.59726
7895365	6.247941
7895373	10.81737
7895376	7.827985
7895379	9.752127
7895382	12.14096
7895393	9.954909
7895397	6.339975
7895404	6.580063
7895405	10.38424
7895411	7.834171
7895414	8.906517
7895417	6.400597
7895419	8.170275
7895422	6.610844
7895425	6.656631
7895427	9.06752
7895438	1.950783
7895439	4.944431
7895441	5.958647
7895444	9.985513
7895447	11.29064
7895468	2.580933
7895472	8.535184
7895475	10.8592
7895476	10.31031
7895478	8.174614
7895481	10.54519
7895484	10.54048
7895490	8.413021
7895492	8.253977
7895499	4.897664
7895509	6.291614
7895510	11.96359
7895515	8.369473
7895517	9.432439
7895518	9.82226
7895520	12.0073
7895521	9.818253
7895525	8.514749
7895532	6.442498
7895538	6.658128
7895539	9.382421
7895542	8.795113
7895544	5.72963
7895545	12.1224
7895547	9.581807
7895548	6.67118
7895551	11.80657
7895554	11.46271
7895557	11.71557
7895559	9.442465
7895574	8.061279
7895578	8.25073
7895579	11.45808
7895585	7.840117
7895588	9.918103
7895590	6.924784
7895596	8.980156
7895597	7.00417
7895599	8.023577
7895602	11.01044
7895604	8.239452
7895606	10.57829
7895610	9.076034
7895614	4.827554
7895616	8.840317
7895619	8.942077
7895620	7.603746
7895622	8.291707
7895626	10.61436
7895629	9.877661
7895630	7.967068
7895632	8.144449
7895640	5.089522
7895643	8.6178
7895647	3.999214
7895656	6.173121
7895657	11.34134
7895658	6.079059
7895661	9.011353
7895665	8.40833
7895674	9.621954
7895676	7.683572
7895677	4.959507
7895681	6.309304
7895685	7.936525
7895687	10.74305
7895690	9.743945
7895691	6.293512
7895693	9.860711
7895694	9.388386
7895697	9.647673
7895704	12.18449
7895710	9.013271
7895719	9.059315
7895721	7.869373
7895726	6.704788
7895729	7.229272
7895737	7.889935
7895739	7.593008
7895752	6.151851
7895758	8.891255
7895759	7.634509
7895761	5.755175
7895762	11.09974
7895767	8.027638
7895770	8.056772
7895774	5.357208
7895778	11.29237
7895780	9.506576
7895787	6.918838
7895790	8.746201
7895791	7.226859
7895806	7.232761
7895808	8.020618
7895810	6.558324
7895816	8.941849
7895817	8.053429
7895818	8.856235
7895824	11.71618
7895831	6.945638
7895832	9.28005
7895841	9.474733
7895842	8.716804
7895846	8.396749
7895847	7.646035
7895853	7.557438
7895855	5.100867
7895857	5.687014
7895861	1.8176
7895866	9.904515
7895869	9.329853
7895873	11.45729
7895878	8.752429
7895879	7.255579
7895881	11.3599
7895885	9.250217
7895886	11.84278
7895890	6.68394
7895900	3.40153
7895901	5.79109
7895903	9.733036
7895904	7.91065
7895907	4.058389
7895908	6.285254
7895911	8.486949
7895913	8.321593
7895916	8.642894
7895918	8.425495
7895919	7.562207
7895928	11.86744
7895929	7.995043
7895932	9.381859
7895933	5.80877
7895934	9.310605
7895937	8.582658
7895939	9.208165
7895943	7.787524
7895944	10.5265
7895945	6.838243
7895947	5.732612
7895948	6.917385
7895952	7.818485
7895953	11.11211
7895954	8.142005
7895963	8.757947
7895964	9.336425
7895971	7.325941
7895972	9.742237
7895981	4.799694
7895982	9.622082
7895985	8.999461
7895994	11.58195
7895995	7.901198
7895996	8.932623
7895997	8.255733
7895999	7.337742
7896001	5.447216
7896005	8.734426
7896007	11.19786
7896013	5.110751
7896022	11.33122
7896025	8.213284
7896026	6.691642
7896029	10.80613
7896030	9.825068
7896036	9.916849
7896038	9.908227
7896039	7.982461
7896041	8.576206
7896044	9.4342
7896047	9.090351
7896050	10.73897
7896054	8.864447
7896059	8.909977
7896064	8.064577
7896067	12.508
7896069	8.288146
7896070	8.932086
7896076	8.118288
7896082	10.33705
7896084	11.10266
7896085	9.091838
7896089	7.531104
7896091	8.914189
7896094	6.012738
7896095	5.557223
7896101	7.284621
7896108	7.326583
7896111	10.79604
7896112	7.449447
7896120	6.280997
7896123	8.914653
7896128	7.565509
7896130	7.695164
7896133	7.32957
7896136	10.7892
7896137	5.403008
7896138	9.236007
7896139	8.675902
7896140	8.46404
7896142	10.68127
7896148	8.975783
7896156	8.739679
7896157	9.950258
7896158	8.226796
7896159	11.061
7896162	8.893819
7896167	8.03001
7896168	11.55404
7896169	9.884068
7896170	10.37512
7896174	9.080807
7896175	8.100606
7896178	9.119551
7896184	10.9775
7896185	8.822666
7896186	8.44359
7896188	10.25097
7896191	9.176712
7896200	8.913502
7896201	9.84959
7896205	7.880195
7896210	8.710026
7896221	7.237053
7896222	6.134655
7896227	11.7392
7896228	7.315273
7896230	7.861153
7896231	8.132069
7896232	4.052136
7896240	9.323567
7896241	5.347099
7896247	9.937032
7896249	9.858669
7896250	9.833191
7896253	10.92411
7896258	11.10308
7896269	6.499888
7896277	4.988396
7896278	7.451756
7896283	3.470178
7896287	7.643116
7896292	12.20785
7896302	7.744237
7896308	9.506798
7896310	9.052482
7896319	9.222593
7896321	9.093904
7896324	6.917309
7896325	9.160687
7896329	7.876279
7896331	8.216138
7896337	6.726559
7896339	8.362041
7896343	6.99404
7896345	11.39319
7896349	10.77599
7896352	12.46013
7896356	8.327161
7896358	10.13082
7896360	10.17053
7896362	8.15211
7896365	5.022567
7896367	9.203923
7896369	7.696182
7896370	9.493608
7896371	10.60937
7896372	6.417524
7896374	2.000589
7896375	10.83442
7896378	5.822715
7896383	4.687281
7896384	8.227739
7896385	11.54703
7896387	13.59897
7896391	7.439537
7896394	6.054185
7896395	7.047255
7896397	12.32798
7896398	5.134954
7896421	10.21653
7896422	8.187485
7896425	8.747658
7896426	6.218422
7896427	9.11204
7896430	7.791331
7896431	3.218917
7896432	8.267979
7896434	9.015888
7896438	11.26445
7896439	8.319128
7896443	8.688396
7896446	4.732121
7896456	5.914379
7896458	9.079325
7896460	1.684418
7896464	8.489851
7896466	8.759305
7896468	7.434341
7896472	9.193672
7896474	6.393832
7896476	7.776689
7896482	8.110827
7896483	9.649732
7896484	8.027781
7896485	9.93668
7896490	7.592599
7896491	10.32796
7896493	8.369116
7896498	9.160703
7896499	5.349625
7896508	8.472405
7896511	9.951916
7896512	8.683622
7896520	9.229429
7896521	3.651138
7896522	7.481229
7896525	5.676367
7896528	11.33017
7896529	9.231859
7896530	2.210329
7896531	8.958848
7896533	11.16336
7896534	8.211565
7896542	9.805217
7896544	9.414475
7896546	6.533044
7896547	7.218634
7896553	5.124698
7896554	8.458833
7896558	6.411372
7896561	6.324891
7896582	6.93697
7896586	11.14315
7896594	9.632533
7896596	6.807152
7896599	9.302557
7896600	7.245234
7896602	9.2053
7896605	8.52602
7896608	8.682307
7896616	9.454494
7896621	8.912724
7896622	10.82282
7896623	7.600186
7896627	6.242359
7896646	4.338413
7896647	8.828036
7896651	8.502721
7896652	9.297791
7896653	10.95971
7896657	11.80779
7896659	7.456669
7896664	8.5618
7896673	7.677374
7896677	7.197064
7896683	9.139582
7896684	9.993433
7896685	8.524661
7892502	3.888805
7892503	4.943197
7892504	10.42639
7892505	3.185483
7892506	3.714422
7892507	5.871228
7892508	4.351712
7892510	2.84566
7892511	2.985528
7892512	8.64517
7892513	2.858024
7892515	9.77719
7892517	6.289635
7892518	3.253153
7892519	5.714724
7892520	9.975003
7892522	6.707431
7892524	6.237664
7892525	5.781481
7892526	5.160398
7892527	7.003868
7892528	2.140454
7892529	6.327595
7892531	8.882402
7892532	3.798714
7892533	9.143096
7892534	4.953248
7892535	7.919616
7892537	6.177224
7892538	6.042531
7892539	2.509256
7892540	4.518773
7892543	6.783635
7892544	5.354659
7892545	5.9831
7892547	5.010573
7892550	7.022935
7892551	11.30372
7892552	5.550249
7892553	5.556631
7892554	4.706145
7892557	2.289917
7892558	5.42096
7892560	6.386086
7892563	7.563565
7892566	4.321848
7892567	4.900815
7892570	7.051112
7892571	2.034845
7892572	7.205108
7892573	7.391334
7892575	4.716228
7892577	2.549284
7892580	4.899073
7892581	2.245213
7892582	2.529946
7892583	5.378389
7892584	6.133959
7892585	3.758339
7892586	2.140391
7892587	6.471798
7892588	2.011894
7892589	6.321898
7892590	4.302099
7892591	2.649424
7892592	6.533096
7892593	6.143966
7892594	2.888234
7892595	4.932552
7892597	5.910768
7892600	2.506493
7892602	1.959773
7892603	3.99866
7892604	5.038355
7892606	12.21202
7892608	9.089904
7892611	1.926315
7892612	1.766463
7892613	10.29895
7892614	2.23002
7892615	5.285762
7892616	2.578494
7892617	12.83799
7892619	5.612592
7892624	4.89924
7892626	4.170923
7892629	4.752932
7892631	2.879655
7892632	3.372484
7892633	7.421357
7892634	9.384754
7892636	8.745655
7892637	6.656422
7892638	2.873703
7892641	5.094274
7892642	10.49136
7892645	2.432657
7892646	3.144
7892647	5.606659
7892649	3.429476
7892651	2.454457
7892653	2.53046
7892654	9.609447
7892655	4.629934
7892656	2.198063
7892657	2.842466
7892658	2.536984
7892659	2.826839
7892660	3.705125
7892664	4.606493
7892665	6.409146
7892666	1.973274
7892667	10.77593
7892669	7.251818
7892671	5.363385
7892672	5.176811
7892673	6.997585
7892675	4.167409
7892676	3.847158
7892677	11.11445
7892681	7.986516
7892683	3.955433
7892685	5.034696
7892686	8.220869
7892689	3.990656
7892690	6.195136
7892691	3.635569
7892692	7.422942
7892693	7.452803
7892695	6.369151
7892696	5.874115
7892700	6.920634
7892702	4.994324
7892705	5.285317
7892706	5.618474
7892707	9.73093
7892708	5.038774
7892709	4.902838
7892710	2.549127
7892711	7.744723
7892712	8.333819
7892713	9.86281
7892714	3.359596
7892715	2.877254
7892716	6.282623
7892718	4.02107
7892719	8.971009
7892721	10.08911
7892722	2.577004
7892723	3.138421
7892724	1.730961
7892725	4.256786
7892726	4.285621
7892727	4.392394
7892728	2.911607
7892729	2.868268
7892730	2.616915
7892731	5.056464
7892733	5.451603
7892734	6.66975
7892735	3.130975
7892736	4.583556
7892737	4.288582
7892738	7.18855
7892739	7.207233
7892740	5.580194
7892741	6.22533
7892743	2.701827
7892744	6.13482
7892746	2.497593
7892748	10.44777
7892749	4.102811
7892750	4.085317
7892751	7.955825
7892752	3.487113
7892753	13.32543
7892754	4.244973
7892755	4.996911
7892758	6.255367
7892759	7.036686
7892760	6.63154
7892761	6.496219
7892763	7.546814
7892765	10.54948
7892767	4.543157
7892768	3.210878
7892769	2.808904
7892772	5.299824
7892774	5.011456
7892775	3.936404
7892777	5.830764
7892779	2.639039
7892780	5.066477
7892781	7.555661
7892782	12.58464
7892783	9.78368
7892784	2.330001
7892785	1.956519
7892787	2.780866
7892789	4.726133
7892790	5.567646
7892792	6.689123
7892793	4.221168
7892794	6.210707
7892795	6.874005
7892798	4.412091
7892799	3.347427
7892800	3.08616
7892801	2.620729
7892804	3.807294
7892805	4.625196
7892806	4.790401
7892807	4.580469
7892809	2.611651
7892810	3.979429
7892811	2.333014
7892812	6.251699
7892813	3.220917
7892816	10.33447
7892818	2.776541
7892819	4.063656
7892821	2.243996
7892822	5.212994
7892823	7.26283
7892824	7.569166
7892826	4.86624
7892827	13.00103
7892828	3.584385
7892833	2.71772
7892834	3.664556
7892839	3.616919
7892840	5.553007
7892842	4.299114
7892843	4.480161
7892844	4.184294
7892845	7.073635
7892849	4.420471
7892850	7.797218
7892851	6.399276
7892852	6.263245
7892854	3.884391
7892855	4.759827
7892856	5.730305
7892858	4.07213
7892859	6.435376
7892860	7.077282
7892862	10.2273
7892863	9.358697
7892864	5.153433
7892865	10.18731
7892866	3.547336
7892867	3.736581
7892869	7.580144
7892871	8.419621
7892872	4.745405
7892873	2.768822
7892874	3.605739
7892875	6.511735
7892877	4.39907
7892878	5.880641
7892879	4.119831
7892881	4.412389
7892883	2.546275
7892885	3.558295
7892886	5.013018
7892887	4.601623
7892888	1.826885
7892889	12.63909
7892891	12.61244
7892892	4.027073
7892895	3.960125
7892897	6.990929
7892899	12.15937
7892903	9.132585
7892904	2.660246
7892908	4.926282
7892909	6.718997
7892910	2.509256
7892913	4.392027
7892914	4.187974
7892915	6.229748
7892917	3.906069
7892918	6.731548
7892920	7.615424
7892921	2.404319
7892922	4.338556
7892923	2.853254
7892924	11.4628
7892926	9.245598
7892927	3.111685
7892928	10.64727
7892929	4.451965
7892930	11.08958
7892931	6.487614
7892932	6.819532
7892933	5.087632
7892934	6.142435
7892936	5.300032
7892937	8.160162
7892938	7.85214
7892940	12.25052
7892942	3.539335
7892945	2.96318
7892946	6.758092
7892948	10.95177
7892949	2.87637
7892950	3.904754
7892952	5.788217
7892955	9.736641
7892956	11.72499
7892957	5.761907
7892958	2.808858
7892960	9.561141
7892961	6.347863
7892962	3.396574
7892963	3.512091
7892964	4.088295
7892965	1.900608
7892969	11.6055
7892970	5.910269
7892973	5.544255
7892974	7.470071
7892975	1.842323
7892976	2.620551
7892978	6.696227
7892980	3.895942
7892982	6.010857
7892984	4.147014
7892985	6.252116
7892987	12.38649
7892988	2.656234
7892989	6.259608
7892990	6.300867
7892991	9.354984
7892992	12.65252
7892993	10.65427
7892994	3.134299
7892996	7.990735
7892997	4.755309
7892998	5.879331
7892999	2.392789
7893000	6.208436
7893003	5.552639
7893004	3.997889
7893006	3.38893
7893007	7.507257
7893008	5.202471
7893009	5.399116
7893010	6.821229
7893011	5.449332
7893013	5.939096
7893014	5.507083
7893016	5.269466
7893017	6.182567
7893018	6.872719
7893021	6.556435
7893022	4.658771
7893024	4.07613
7893028	5.514465
7893033	9.378879
7893034	6.60234
7893035	5.728406
7893037	6.707785
7893038	2.900032
7893040	6.421112
7893041	2.702652
7893042	10.28399
7893043	6.521776
7893044	2.696631
7893045	3.396226
7893046	4.188613
7893047	6.45265
7893048	6.291891
7893049	5.25044
7893051	10.1733
7893052	5.21624
7893053	4.359751
7893055	3.374132
7893056	2.975882
7893057	4.441989
7893059	7.322543
7893060	5.114477
7893062	3.270875
7893063	4.895835
7893065	3.513176
7893066	2.450984
7893067	8.024357
7893068	7.436608
7893069	8.095011
7893071	5.53524
7893072	6.623857
7893075	9.842399
7893076	4.829418
7893077	13.41721
7893078	1.950783
7893080	2.304731
7893082	7.527561
7893083	4.221122
7893084	7.65742
7893085	10.5127
7893088	3.390101
7893089	6.368044
7893092	5.445026
7893093	2.431402
7893095	4.410448
7893096	11.0239
7893098	6.051442
7893099	5.089522
7893100	7.393587
7893101	13.53242
7893102	2.644408
7893104	7.114272
7893105	9.897161
7893106	8.042846
7893107	3.00722
7893108	3.056288
7893109	4.059209
7893110	3.02965
7893111	4.750454
7893112	4.852465
7893114	6.596933
7893115	6.067045
7893116	9.245204
7893117	3.637454
7893119	5.59176
7893120	6.080102
7893121	9.925582
7893123	7.773146
7893124	5.000411
7893126	5.415871
7893127	3.056287
7893129	5.52475
7893132	5.048831
7893134	5.615664
7893135	3.317971
7893136	4.990563
7893137	2.724743
7893140	12.8629
7893141	7.236022
7893142	4.279615
7893143	7.753674
7893144	4.344323
7893145	7.238246
7893146	5.062562
7893147	13.02086
7893148	9.335321
7893149	4.10802
7893150	3.234045
7893151	6.470274
7893152	11.33757
7893154	7.180253
7893155	5.920499
7893156	7.431092
7893157	2.60268
7893158	6.856001
7893159	6.527766
7893161	2.065113
7893162	3.884382
7893163	2.121307
7893165	6.160913
7893167	5.510593
7893168	6.957681
7893169	5.803325
7893171	6.990489
7893172	7.990212
7893174	2.624893
7893175	8.65381
7893176	5.240909
7893177	4.155191
7893178	3.554084
7893179	5.034522
7893180	6.95457
7893182	6.017903
7893183	5.248459
7893185	5.439621
7893186	3.762622
7893188	5.25954
7893189	13.48435
7893190	6.091397
7893192	5.050394
7893193	1.766463
7893195	4.558526
7893197	2.579452
7893198	2.841273
7893199	2.096513
7893200	2.651603
7893202	6.295102
7893203	3.02189
7893204	5.56154
7893207	7.277828
7893209	7.813571
7893210	7.129405
7893211	4.852686
7893212	4.781875
7893213	3.567724
7893214	4.091305
7893215	6.393994
7893216	3.767052
7893219	2.588771
7893220	9.7247
7893221	3.295365
7893222	3.838988
7893223	4.444184
7893224	3.711141
7893225	6.951078
7893226	4.383258
7893227	6.724828
7893228	5.609709
7893230	5.141281
7893231	12.3006
7893233	2.822566
7893234	7.853539
7893236	6.740781
7893237	9.831069
7893239	4.099357
7893241	8.07367
7893242	10.29648
7893243	2.134333
7893245	5.175669
7893246	6.134173
7893247	10.63969
7893251	5.229314
7893252	3.892124
7893253	5.879033
7893254	4.283289
7893255	6.681278
7893256	4.888646
7893260	4.375974
7893263	6.60236
7893265	2.414174
7893267	3.359382
7893269	6.921968
7893274	2.096513
7893275	2.874966
7893276	3.490404
7893278	5.529345
7893279	4.02288
7893280	2.399881
7893281	11.64525
7893282	2.020679
7893283	11.94006
7893284	3.06616
7893285	7.779744
7893286	4.436775
7893287	4.48743
7893288	8.025947
7893289	11.3436
7893290	4.986483
7893292	2.583905
7893293	2.343024
7893294	9.018881
7893295	2.108136
7893296	3.008896
7893299	5.893632
7893300	5.520727
7893301	2.622077
7893302	6.889534
7893303	3.152203
7893304	6.507998
7893307	2.459031
7893308	3.171721
7893310	5.206098
7893311	8.572673
7893312	1.61149
7893314	6.139973
7893315	3.565966
7893317	2.978209
7893318	3.83905
7893319	5.978024
7893320	5.062121
7893321	11.53747
7893322	6.377233
7893323	3.135547
7893324	5.386906
7893326	2.565667
7893327	3.726317
7893328	2.463573
7893329	7.175576
7893330	2.549205
7893331	4.004834
7893332	5.636386
7893334	9.824286
7893335	8.234005
7893336	10.98312
7893337	9.555643
7893338	8.430296
7893341	6.987376
7893342	3.228839
7893343	7.407079
7893347	1.966416
7893351	10.88813
7893352	5.630187
7893353	8.204672
7893355	5.620538
7893358	4.155191
7893360	6.400694
7893361	6.427146
7893365	4.204173
7893366	5.426657
7893367	7.531384
7893369	6.532593
7893370	4.708797
7893372	2.042281
7893373	6.972173
7893375	2.4128
7893376	3.247469
7893377	2.392789
7893378	2.500984
7893379	1.900608
7893380	5.544365
7893381	4.580737
7893383	5.324865
7893387	3.673438
7893388	3.164358
7893389	1.938829
7893391	9.860332
7893396	6.273638
7893397	4.638122
7893398	3.597742
7893400	4.681437
7893401	3.140599
7893402	9.571223
7893403	5.748825
7893404	6.454792
7893405	5.786938
7893406	3.317971
7893408	5.091588
7893410	7.366418
7893411	5.555243
7893412	3.207719
7893414	13.10291
7893415	3.436659
7893416	4.869339
7893417	1.850433
7893418	9.370038
7893421	6.552384
7893423	3.531292
7893425	2.905486
7893427	4.665993
7893428	9.136893
7893429	3.156503
7893430	3.88533
7893431	2.030997
7893432	7.085021
7893433	4.049085
7893434	2.210328
7893435	9.364538
7893436	7.055067
7893437	7.034738
7893438	8.265042
7893440	2.127099
7893442	6.429714
7893444	6.08899
7893445	4.488301
7893446	5.319321
7893448	9.652845
7893450	4.085313
7893451	4.521284
7893452	5.38091
7893456	2.67962
7893457	2.956549
7893459	3.253177
7893462	2.875893
7893464	6.216675
7893465	6.625566
7893468	6.573772
7893469	13.22046
7893470	6.45466
7893471	2.841273
7893472	5.527179
7893473	6.558493
7893474	4.244498
7893475	7.124213
7893478	7.678261
7893479	2.319009
7893480	8.045393
7893482	4.587069
7893483	7.266417
7893484	3.317971
7893487	3.455145
7893488	7.124246
7893489	2.438614
7893490	3.215883
7893491	9.991488
7893492	3.955368
7893493	4.466079
7893495	4.795326
7893496	3.543243
7893498	13.25616
7893499	2.305157
7893501	5.140157
7893502	1.816416
7893503	8.248352
7893505	2.594791
7893507	13.6895
7893508	2.203779
7893509	5.106135
7893510	5.109219
7893511	9.924783
7893512	3.694541
7893513	7.190437
7893514	3.564431
7893515	9.744736
7893519	3.633809
7893520	4.292407
7893521	3.44873
7893522	3.23333
7893523	5.51195
7893524	7.117152
7893525	5.980425
7893526	3.814155
7893527	4.503785
7893529	3.353369
7893531	7.321313
7893532	2.042281
7893533	6.584811
7893535	2.729854
7893536	11.76576
7893537	4.929418
7893538	4.230105
7893540	12.90128
7893541	3.072549
7893542	6.822732
7893545	9.73633
7893546	8.388421
7893548	3.367267
7893553	4.130884
7893555	6.527664
7893556	4.530345
7893557	9.378968
7893560	6.804457
7893562	6.001248
7893563	3.92737
7893565	3.630348
7893566	2.237189
7893567	4.916207
7893569	2.405551
7893570	5.620538
7893575	3.839073
7893576	2.017794
7893577	1.864757
7893578	3.237976
7893579	2.112398
7893580	3.876306
7893581	4.515965
7893583	8.122174
7893584	3.153379
7893585	8.516894
7893586	6.734506
7893588	5.817769
7893589	4.531538
7893590	6.829922
7893595	2.70106
7893596	4.502273
7893597	2.162066
7893598	9.135534
7893599	8.083882
7893600	6.359079
7893601	6.873931
7893604	5.864036
7893605	11.78881
7893606	5.486629
7893607	4.019219
7893610	4.591182
7893611	3.620902
7893612	2.57774
7893614	3.387088
7893615	6.754666
7893616	8.150987
7893617	6.220231
7893618	4.211646
7893620	2.913723
7893621	1.611439
7893622	2.509256
7893623	1.982881
7893624	3.115847
7893626	2.28354
7893627	8.032827
7893629	2.715364
7893631	7.004413
7893633	10.29641
7893634	12.005
7893635	4.192651
7893636	2.634377
7893637	6.735693
7893638	3.557173
7893644	7.578032
7893645	6.298617
7893646	9.465502
7893648	2.554731
7893651	9.122805
7893652	5.842214
7893653	2.509256
7893654	5.834364
7893655	5.347003
7893656	2.916188
7893658	6.430115
7893659	3.661471
7893660	9.413502
7893661	10.31894
7893663	4.339464
7893665	5.844351
7893666	3.579265
7893667	4.774337
7893668	4.899073
7893669	5.802882
7893670	10.5268
7893671	4.524529
7893672	6.654911
7893673	5.092229
7893674	3.074572
7893675	9.481836
7893677	13.58381
7893678	2.614864
7893679	3.474507
7893683	6.085667
7893686	5.871228
7893688	3.551266
7893689	12.50932
7893691	1.970585
7893692	7.902658
7893693	3.851956
7893694	1.524603
7893695	6.902171
7893696	8.4844
7893697	4.955968
7893698	4.259483
7893699	4.675752
7893701	10.8149
7893702	3.107201
7893703	6.473417
7893704	6.496556
7893705	10.04854
7893706	4.621227
7893707	7.363841
7893708	9.427895
7893710	11.64221
7893712	5.67327
7893713	8.315339
7893716	3.748786
7893718	4.147383
7893719	2.540763
7893720	9.184763
7893722	5.425339
7893723	3.095774
7893724	7.229563
7893725	12.95846
7893726	7.584962
7893728	8.459579
7893730	3.934134
7893731	12.64227
7893735	5.053127
7893736	6.427237
7893737	6.195505
7893739	9.300968
7893741	4.567772
7893742	2.225285
7893743	7.52782
7893744	8.603216
7893746	3.958589
7893748	6.567433
7893749	3.07588
7893750	6.13482
7893751	6.087063
7893753	2.756652
7893754	6.028316
7893755	3.766218
7893756	5.259418
7893757	5.798041
7893758	4.658847
7893760	2.522283
7893761	5.336086
7893764	5.18098
7893765	6.486464
7893766	9.087134
7893767	6.062205
7893768	5.621075
7893770	4.730357
7893771	6.336085
7893772	4.675012
7893775	3.061945
7893776	2.580533
7893780	2.616918
7893781	9.622602
7893783	11.3727
7893784	7.858037
7893786	7.938823
7893789	10.28252
7893790	6.650597
7893791	5.882923
7893794	6.215171
7893795	5.111306
7893797	5.050786
7893799	2.791083
7893800	9.396705
7893801	2.179844
7893802	11.74337
7893803	4.29305
7893804	4.779823
7893805	8.354677
7893807	7.048778
7893809	7.782808
7893810	6.886801
7893811	4.805504
7893812	7.472218
7893813	6.311066
7893817	5.327936
7893818	4.211579
7893819	5.486214
7893820	11.30894
7893823	3.780368
7893824	7.203731
7893825	5.555959
7893826	4.308998
7893828	5.151733
7893829	3.324114
7893830	6.417729
7893831	7.113124
7893832	7.169048
7893833	9.045598
7893835	9.485965
7893836	9.893937
7893837	4.024908
7893838	12.37963
7893839	2.009068
7893841	7.721095
7893842	6.011563
7893843	3.53429
7893844	3.616538
7893845	3.058731
7893846	3.26156
7893847	4.500485
7893848	3.995425
7893849	6.391426
7893851	5.337599
7893854	2.097047
7893857	8.336813
7893858	1.725441
7893859	5.12872
7893860	6.524136
7893861	6.874083
7893862	2.913723
7893863	2.745277
7893864	4.532202
7893865	2.860342
7893866	13.63458
7893867	6.733736
7893868	4.936374
7893869	6.849598
7893871	5.765976
7893872	7.190012
7893873	6.16068
7893874	2.549284
7893875	8.958465
7893876	8.257762
7893877	4.60445
7893878	6.450907
7893879	5.80055
7893881	8.135693
7893882	3.883617
7893884	6.663382
7893885	2.913723
7893887	3.838928
7893889	7.906984
7893890	4.509456
7893891	2.660941
7893893	9.520041
7893894	2.714818
7893895	2.688122
7893896	6.384821
7893897	4.295866
7893898	5.626409
7893899	4.402327
7893900	6.72642
7893901	9.770039
7893902	6.366006
7893906	6.253061
7893907	6.733517
7893909	4.202551
7893911	2.980502
7893912	1.950783
7893914	10.08204
7893915	3.85727
7893916	10.16301
7893917	2.228336
7893920	5.944668
7893924	10.20795
7893925	6.422036
7893927	2.729147
7893929	11.24615
7893930	5.482865
7893931	2.740131
7893932	6.511432
7893934	7.271345
7893935	2.356553
7893936	6.127501
7893937	10.17667
7893938	7.378376
7893940	4.806029
7893942	6.397103
7893943	5.416785
7893944	1.672409
7893945	4.782362
7893947	5.059637
7893949	9.455215
7893950	5.246171
7893951	3.894767
7893953	7.255919
7893954	7.088719
7893955	3.509995
7893957	3.918479
7893958	6.506385
7893959	8.785748
7893960	9.010959
7893962	3.844496
7893964	4.711596
7893965	3.896268
7893967	6.362247
7893969	2.432253
7893970	4.659602
7893971	4.421662
7893972	11.02388
7893974	2.018187
7893975	2.112566
7893976	5.181935
7893977	2.795737
7893978	3.50044
7893980	4.097186
7893982	2.713333
7893983	3.1155
7893984	3.757315
7893985	7.259054
7893986	6.918465
7893987	3.379238
7893989	6.1002
7893990	5.722567
7893992	8.026905
7893993	12.81083
7893994	2.558197
7893995	6.204057
7893996	2.841273
7893997	6.699444
7893998	7.426927
7893999	3.238376
7894000	12.80077
7894001	6.39659
7894002	5.057471
7894003	2.488971
7894004	2.464029
7894005	9.446148
7894006	3.830246
7894007	11.73825
7894008	7.191115
7894009	5.437859
7894013	6.751228
7894014	2.992856
7894015	7.422667
7894016	6.035784
7894017	6.466904
7894018	6.883589
7894020	6.26795
7894021	2.118927
7894022	3.688207
7894023	2.137859
7894024	2.190413
7894025	3.419186
7894026	6.846528
7894027	6.111481
7894028	4.970963
7894030	7.464486
7894031	7.949276
7894032	2.495142
7894034	5.639679
7894035	3.754041
7894036	12.56069
7894037	9.880265
7894038	6.518278
7894039	6.059308
7894040	3.528176
7894045	6.072712
7894046	8.586917
7894047	3.802549
7894048	8.801523
7894049	8.709632
7894050	3.888062
7894052	7.241786
7894053	2.185069
7894054	3.129065
7894059	4.919022
7894060	7.141536
7894062	10.05209
7894063	8.771864
7894064	12.80394
7894065	5.337881
7894066	4.673165
7894069	4.224128
7894071	4.459248
7894073	5.222962
7894075	2.774277
7894077	2.996347
7894079	1.904372
7894080	4.71158
7894081	6.243785
7894082	4.750868
7894084	3.50453
7894085	8.236164
7894087	10.77986
7894089	8.428817
7894090	4.767781
7894091	5.281974
7894092	5.729023
7894093	3.356411
7894094	4.792733
7894095	2.474995
7894096	4.204385
7894097	6.845552
7894099	4.098816
7894101	4.463496
7894102	10.55973
7894103	7.291591
7894105	2.743398
7894106	5.935536
7894108	5.651658
7894109	5.779662
7894111	5.053058
7894112	7.256027
7894113	3.384924
7894116	6.493722
7894117	8.723394
7894120	5.265094
7894121	6.470706
7894122	13.35027
7894123	2.185069
7894124	4.121734
7894126	9.127714
7894128	6.201977
7894129	6.38064
7894130	6.065361
7894131	9.083755
7894133	2.569583
7894135	11.50764
7894137	2.27855
7894139	3.821014
7894140	3.279729
7894141	5.983624
7894142	5.463774
7894143	2.927935
7894144	5.276989
7894145	11.22042
7894147	4.53152
7894148	9.793423
7894149	3.593507
7894150	2.509256
7894151	4.529062
7894152	5.585888
7894153	5.758447
7894154	7.042602
7894155	6.626554
7894156	5.848246
7894159	8.255577
7894162	3.136788
7894163	6.114809
7894166	2.321395
7894167	5.573543
7894168	3.773529
7894169	5.726728
7894170	4.042316
7894172	4.955641
7894173	4.979066
7894174	7.119373
7894175	2.07407
7894176	6.113457
7894177	5.116581
7894178	6.144628
7894179	4.71469
7894180	5.180591
7894181	8.570871
7894182	5.552302
7894183	6.142603
7894184	4.240823
7894187	5.110066
7894189	11.00557
7894190	2.899675
7894191	3.17242
7894192	11.57996
7894193	6.331405
7894194	5.10163
7894197	1.766463
7894200	6.180071
7894201	5.113212
7894202	4.807103
7894203	5.185307
7894206	2.766888
7894207	11.09858
7894208	4.496039
7894210	7.723475
7894213	11.56525
7894215	6.967744
7894216	3.530275
7894217	5.467896
7894218	10.18957
7894219	6.69892
7894220	7.415482
7894221	2.702395
7894222	2.477851
7894223	11.40831
7894224	6.392169
7894225	7.582516
7894227	2.987518
7894228	4.123602
7894229	4.347322
7894230	2.804833
7894231	5.25044
7894232	9.628224
7894233	4.441923
7894234	7.991064
7894235	9.76086
7894236	13.43973
7894237	6.417101
7894240	5.411557
7894241	5.111668
7894242	5.34055
7894243	2.264127
7894244	5.507969
7894245	2.210329
7894246	7.277708
7894247	4.182168
7894248	2.092152
7894249	10.63121
7894250	2.679055
7894253	4.102971
7894254	5.427336
7894255	3.33729
7894256	10.91656
7894257	4.524846
7894259	4.648275
7894260	2.845585
7894265	2.927935
7894266	8.276711
7894268	5.323639
7894270	2.34854
7894271	2.913723
7894273	3.317971
7894274	4.627591
7894275	2.258012
7894276	8.209477
7894278	10.86853
7894279	6.146083
7894280	4.756936
7894281	6.070236
7894283	6.529325
7894285	6.148892
7894286	3.672039
7894287	3.164366
7894288	8.679795
7894292	5.620538
7894293	5.905471
7894296	4.269215
7894297	5.975595
7894298	7.331553
7894299	7.586334
7894300	3.973448
7894301	8.770981
7894302	5.533484
7894303	6.507562
7894305	7.431369
7894308	9.479057
7894309	9.50999
7894310	2.269911
7894311	3.833665
7894312	7.217269
7894313	5.295175
7894314	2.527625
7894317	2.768288
7894318	4.733047
7894319	4.108522
7894320	11.25119
7894322	6.632611
7894323	2.740704
7894325	3.934837
7894326	2.675019
7894327	3.067457
7894328	5.77466
7894330	3.865469
7894332	5.536461
7894333	4.795088
7894334	2.792881
7894335	5.484874
7894337	5.531553
7894338	1.751068
7894339	2.082008
7894340	2.750528
7894342	3.9932
7894343	5.901729
7894344	1.948976
7894345	4.155191
7894346	7.309318
7894347	4.648441
7894349	2.778407
7894351	6.278586
7894352	6.124437
7894353	2.799334
7894354	6.687831
7894356	6.783962
7894357	4.004984
7894358	5.301178
7894359	4.067413
7894360	3.94406
7894361	6.827428
7894362	5.874976
7894364	6.058115
7894365	3.043397
7894367	9.155935
7894368	2.680126
7894369	8.53297
7894370	5.974629
7894371	6.179806
7894377	2.96489
7894378	2.979571
7894381	4.174508
7894382	12.12661
7894383	4.768751
7894384	6.79517
7894385	7.29645
7894387	6.648446
7894388	8.161205
7894390	3.891363
7894391	5.029137
7894392	13.21136
7894393	3.684376
7894394	5.092913
7894396	4.92537
7894397	1.790844
7894398	4.441768
7894399	7.703204
7894400	6.064411
7894401	3.029594
7894403	3.708736
7894405	5.306402
7894406	11.97955
7894407	3.585793
7894408	7.780022
7894409	5.937791
7894410	3.811256
7894414	2.3851
7894415	3.886987
7894417	2.523966
7894418	8.84564
7894420	7.648822
7894422	3.671787
7894423	5.835125
7894425	3.047298
7894426	5.453753
7894430	4.939136
7894432	8.836965
7894434	7.474301
7894440	6.278503
7894441	5.269561
7894442	3.6017
7894443	6.650376
7894444	10.20587
7894445	6.522076
7894446	6.285656
7894447	10.01916
7894448	3.336095
7894450	5.100172
7894452	5.983267
7894453	6.406166
7894454	7.122366
7894455	4.361148
7894456	5.349556
7894457	8.201481
7894458	3.49966
7894460	13.39612
7894461	4.794141
7894462	4.496771
7894463	2.408159
7894464	8.601079
7894465	3.561772
7894466	6.416762
7894467	8.290038
7894468	4.431452
7894472	7.591279
7894473	4.823658
7894475	8.983053
7894476	6.776548
7894477	3.261284
7894481	13.06694
7894482	8.546819
7894483	4.348311
7894484	6.288815
7894486	4.576686
7894487	2.921316
7894488	4.837879
7894490	7.734534
7894491	8.102137
7894493	8.712673
7894494	6.887136
7894495	8.617744
7894497	5.912415
7894499	11.91986
7894500	2.752034
7894502	4.531586
7894503	5.96911
7894505	2.734359
7894506	3.604958
7894507	4.1257
7894508	4.681654
7894509	5.170715
7894510	5.138317
7894511	5.216464
7894514	5.775324
7894517	2.687177
7894521	4.12452
7894522	9.89446
7894523	10.313
7894524	3.319458
7894525	5.78479
7894526	6.803745
7894528	2.509256
7894530	1.985319
7894531	5.41095
7894532	4.38543
7894533	3.634851
7894534	4.606542
7894537	6.844778
7894538	4.686837
7894539	6.025938
7894541	2.269911
7894543	6.765356
7894544	2.771238
7894545	1.8986
7894547	5.670434
7894550	7.654597
7894553	2.831958
7894554	2.110347
7894556	9.273355
7894559	2.693944
7894560	6.072892
7894564	2.828725
7894565	6.043859
7894566	7.008182
7894567	2.406471
7894568	7.964864
7894569	5.263644
7894571	6.578669
7894572	6.046347
7894573	10.11037
7894575	7.285467
7894576	5.54234
7894577	8.171669
7894578	11.53085
7894580	3.104946
7894582	5.917232
7894586	3.176775
7894587	3.577031
7894588	3.056288
7894589	3.047524
7894590	6.244898
7894591	3.149998
7894593	3.748797
7894595	9.031268
7894597	6.962101
7894598	6.482407
7894600	6.13482
7894601	6.733985
7894602	1.58608
7894603	5.39842
7894606	4.977993
7894607	6.256529
7894608	5.182272
7894609	8.032962
7894610	5.602135
7894612	9.969504
7894613	11.69551
7894614	5.379165
7894615	2.338556
7894616	3.278161
7894618	5.617758
7894619	6.754438
7894620	5.532499
7894621	9.896768
7894622	3.688198
7894623	2.877002
7894624	9.001017
7894625	3.828192
7894626	10.93108
7894628	6.733015
7894629	3.518153
7894630	2.133874
7894631	5.288556
7894632	6.341655
7894633	7.494448
7894636	1.860815
7894640	11.58505
7894641	6.812811
7894643	3.345645
7894644	4.955574
7894645	10.17016
7894646	3.527985
7894647	13.34812
7894649	5.100732
7894650	5.201827
7894651	4.885044
7894652	5.805625
7894653	11.25405
7894654	2.698971
7894655	4.632831
7894656	4.29415
7894658	5.518381
7894659	1.977012
7894660	5.741603
7894663	3.288497
7894664	6.300867
7894667	6.092939
7894668	5.09316
7894669	4.658209
7894670	5.533876
7894671	8.249523
7894673	6.108788
7894676	5.298819
7894677	3.735428
7894678	7.013891
7894679	7.314167
7894680	7.540708
7894686	3.638086
7894688	5.581439
7894689	7.019609
7894690	4.977743
7894691	3.249758
7894692	6.653796
7894693	5.21745
7894694	6.403529
7894696	8.380025
7894697	7.174757
7894701	3.610269
7894702	5.089948
7894703	2.016437
7894705	2.97458
7894706	6.080482
7894707	7.03104
7894709	7.839083
7894710	2.105616
7894713	5.140158
7894714	5.101444
7894715	3.111496
7894717	6.141797
7894718	3.237707
7894719	5.593032
7894720	5.617159
7894721	2.490024
7894723	11.70664
7894724	4.151331
7894726	3.059976
7894727	6.354744
7894728	6.0642
7894729	3.256581
7894731	4.493619
7894733	8.366856
7894734	9.118926
7894735	3.363698
7894736	6.4799
7894738	2.932971
7894739	5.241795
7894741	8.778029
7894743	3.342666
7894745	4.916238
7894747	9.897242
7894748	5.301307
7894749	2.729147
7894751	3.187129
7894752	6.632819
7894753	4.4061
7894754	7.941365
7894755	4.442547
7894756	7.692165
7894759	2.525468
7894760	5.132735
7894762	6.827127
7894763	5.960624
7894764	4.824978
7894765	6.694342
7894766	4.373411
7894768	11.65658
7894770	13.29321
7894772	6.985271
7894773	2.018187
7894775	4.506079
7894776	5.705582
7894778	4.475415
7894779	11.1305
7894780	4.394005
7894781	6.556864
7894783	7.074413
7894784	9.08441
7894785	3.173337
7894786	3.398192
7894787	12.02547
7894789	13.04744
7894792	2.260463
7894793	4.046966
7894794	2.005419
7894795	6.572025
7894797	6.130092
7894799	12.99264
7894800	7.012911
7894802	7.284984
7894803	7.151084
7894804	5.544361
7894805	3.053056
7894807	2.786488
7894809	7.067415
7894810	5.339153
7894811	4.719468
7894812	7.275488
7894814	2.681271
7894815	4.71625
7894816	2.945727
7894817	10.0308
7894818	7.006649
7894819	6.60234
7894820	6.343358
7894821	5.875416
7894822	7.022794
7894823	6.552431
7894825	5.847212
7894828	2.969349
7894829	1.695585
7894830	8.132637
7894831	4.969228
7894832	2.2838
7894833	7.325116
7894835	4.676266
7894836	8.161919
7894840	9.127487
7894841	2.337288
7894842	5.450007
7894843	4.269513
7894847	2.564451
7894848	6.802693
7894849	8.040119
7894850	5.320105
7894851	2.584202
7894852	5.349625
7894853	8.46833
7894854	9.304891
7894855	3.233368
7894856	7.364428
7894857	3.496663
7894859	5.294293
7894861	5.624039
7894863	7.225584
7894864	6.657794
7894865	7.405568
7894866	7.16691
7894867	6.922918
7894868	2.989717
7894869	4.063656
7894870	6.544433
7894871	4.72703
7894872	10.94306
7894874	2.002783
7894875	5.318751
7894876	3.593143
7894879	2.768822
7894880	6.944302
7894882	8.086515
7894883	7.764098
7894885	5.788735
7894886	7.287512
7894887	2.511883
7894888	6.416798
7894889	11.94876
7894890	8.24815
7894891	10.19864
7894893	3.277792
7894894	8.672339
7894895	4.889168
7894897	5.993528
7894898	6.538461
7894899	4.378137
7894900	4.874164
7894901	5.17645
7894902	3.848289
7894904	2.614726
7894905	5.995517
7894907	4.494403
7894909	13.3546
7894910	5.212726
7894911	2.162066
7894912	5.483112
7894913	4.748715
7894915	3.218502
7894917	8.289165
7894918	3.565004
7894920	3.043397
7894921	3.546032
7894922	4.840278
7894923	3.216507
7894924	2.338556
7894925	3.453543
7894928	4.623449
7894929	2.279753
7894930	5.008258
7894931	4.936898
7894932	6.438048
7894933	4.688209
7894934	9.613408
7894935	4.410624
7894936	2.474688
7894937	3.204136
7894938	5.849751
7894939	3.315471
7894940	6.592547
7894941	13.2045
7894942	3.2288
7894943	2.237095
7894945	10.23557
7894947	6.274071
7894948	4.024456
7894949	5.430787
7894950	7.184711
7894952	6.451527
7894953	6.16431
7894954	6.047214
7894955	6.789738
7894956	4.549316
7894957	5.203162
7894958	4.533454
7894959	3.988428
7894960	10.48403
7894961	8.320542
7894962	2.139281
7894963	6.689909
7894965	7.633005
7894966	3.479055
7894967	3.346305
7894972	3.964269
7894973	7.129838
7894975	8.140508
7894976	8.403189
7894979	12.64381
7894981	5.135659
7894983	2.64977
7894985	4.180914
7894986	7.01216
7894987	3.903424
7894988	9.484168
7894989	3.594815
7894991	12.81521
7894992	10.3436
7894993	5.82914
7894994	7.422561
7894995	5.912961
7894996	4.132437
7894997	5.155378
7895000	7.775716
7895002	3.31875
7895004	11.40743
7895006	4.968886
7895007	8.8195
7895009	11.70282
7895010	5.63789
7895011	6.747163
7895013	4.460015
7895015	5.966223
7895020	10.29102
7895021	4.316761
7895022	6.365563
7895023	7.333512
7895024	5.222408
7895025	2.050765
7895027	2.419648
7895028	3.682362
7895029	2.042281
7895030	1.837675
7895035	2.54839
7895037	7.086529
7895040	3.348813
7895041	6.112813
7895043	2.373349
7895044	4.778809
7895046	6.587844
7895047	10.75115
7895048	4.622022
7895049	2.873446
7895050	9.939095
7895051	4.323544
7895053	3.309424
7895058	4.829418
7895059	3.981205
7895060	5.192336
7895061	3.716566
7895063	9.383589
7895064	5.935083
7895065	2.825695
7895066	5.393345
7895070	12.3071
7895071	1.972722
7895073	5.251707
7895074	5.562411
7895075	4.826919
7895076	2.199155
7895080	8.660318
7895083	4.017607
7895085	6.311716
7895086	3.317287
7895092	2.152439
7895093	6.579597
7895094	5.670414
7895095	7.611946
7895097	2.519408
7895099	5.401674
7895100	12.85314
7895102	2.979203
7895103	5.825366
7895104	7.637365
7895106	9.049898
7895107	6.700818
7895108	4.837735
7895109	3.49118
7895111	2.539792
7895113	9.30247
7895114	6.158266
7895115	7.557902
7895116	5.823807
7895117	4.696372
7895118	4.688133
7895120	2.298126
7895124	5.322739
7895125	6.699961
7895126	9.897449
7895127	3.23424
7895128	4.746402
7895129	4.063783
7895130	9.967421
7895131	5.261807
7895132	4.106412
7895134	2.590698
7895135	4.074021
7895138	4.225261
7895140	1.877534
7895141	6.649712
7895142	1.61149
7895143	8.021445
7895144	11.29647
7895146	5.66386
7895148	2.648189
7895150	3.347067
7895151	1.19694
7895152	5.022228
7895154	7.512187
7895155	4.700679
7895156	11.43579
7895158	6.109811
7895159	1.837675
7895163	6.147079
7895164	3.182188
7895165	7.9192
7895166	2.947668
7895167	4.847805
7895169	7.509924
7895172	4.710997
7895173	6.04492
7895174	7.297265
7895175	5.447412
7895178	9.096667
7895179	2.018187
7895181	8.053442
7895182	2.389584
7895183	4.818278
7895184	5.719497
7895185	7.257776
7895188	5.952296
7895189	5.649758
7895190	5.506179
7895191	4.654235
7895193	8.980124
7895194	4.330228
7895195	5.563051
7895196	11.16002
7895197	2.817498
7895198	4.920924
7895199	2.00424
7895200	5.917413
7895201	3.956549
7895202	4.109861
7895204	4.539907
7895205	6.752433
7895206	7.964659
7895207	5.244722
7895208	6.241466
7895209	7.159516
7895210	10.11953
7895211	6.911056
7895212	5.996546
7895213	6.047327
7895216	12.29922
7895217	8.060369
7895218	2.206
7895219	6.604455
7895222	4.512627
7895223	8.39258
7895224	9.953619
7895228	4.302099
7895229	3.206542
7895230	12.13288
7895232	6.65491
7895233	8.078439
7895234	3.436004
7895235	7.637115
7895236	4.344323
7895239	8.956633
7895240	6.051069
7895242	2.432254
7895243	4.472738
7895244	3.188383
7895245	4.365011
7895249	10.19946
7895250	5.25044
7895251	2.884523
7895253	3.643307
7895254	7.228281
7895255	3.585793
7895257	6.086179
7895259	4.189101
7895260	7.331238
7895261	7.813261
7895262	5.657197
7895265	3.8151
7895266	5.441838
7895268	2.073514
7895269	10.31846
7895270	2.838506
7895278	6.246849
7895279	5.939353
7895280	7.813171
7895281	3.007034
7895282	6.825594
7895284	5.25044
7895285	3.805789
7895286	7.687783
7895287	4.529065
7895292	7.755254
7895293	5.033677
7895295	6.863301
7895296	3.528283
7895297	7.002853
7895300	5.773411
7895301	6.214294
7895302	4.282932
7895303	6.960674
7895304	7.60406
7895305	5.06131
7895306	8.463697
7895307	1.975077
7895309	4.162559
7895310	10.38699
7895311	3.336037
7895313	4.013556
7895314	2.669357
7895315	4.402066
7895316	9.09686
7895319	7.172518
7895321	5.855804
7895323	12.42005
7895326	10.09477
7895327	1.773881
7895329	6.320156
7895332	4.710086
7895333	12.44453
7895335	8.401221
7895337	6.285491
7895338	2.042281
7895339	5.385499
7895341	4.025369
7895342	13.68638
7895343	13.38188
7895344	6.326288
7895345	5.547163
7895346	6.414019
7895348	2.643536
7895349	4.579569
7895350	7.5301
7895351	4.518538
7895352	2.634832
7895353	2.766933
7895354	13.71383
7895359	5.861997
7895361	3.2951
7895362	10.40145
7895363	3.258464
7895364	2.509256
7895366	3.039237
7895367	5.085921
7895368	8.38991
7895369	3.844185
7895370	6.788774
7895371	4.345241
7895372	2.380721
7895374	12.54571
7895375	6.832948
7895377	5.244773
7895378	5.425942
7895380	2.217476
7895381	2.762537
7895383	4.413364
7895384	4.112291
7895385	2.762933
7895386	2.999916
7895387	6.066448
7895388	7.309566
7895389	3.439881
7895390	6.581495
7895391	11.76387
7895392	12.07435
7895394	2.267049
7895395	5.336626
7895396	2.662958
7895398	11.63423
7895399	6.779155
7895400	6.282476
7895401	6.413484
7895403	7.62673
7895406	10.34436
7895407	3.155168
7895408	5.827477
7895409	2.666096
7895410	4.611764
7895412	4.980419
7895413	2.373349
7895415	2.154714
7895416	8.264064
7895418	6.605829
7895420	1.809332
7895421	5.620861
7895423	3.894921
7895424	4.193998
7895426	2.84556
7895428	3.054919
7895429	5.716684
7895430	3.695989
7895432	3.957837
7895433	4.918238
7895434	5.945903
7895435	12.06055
7895436	2.726061
7895437	5.82269
7895440	12.19597
7895442	4.258188
7895443	4.955403
7895445	3.445364
7895446	5.610929
7895448	4.19663
7895449	3.674305
7895450	4.710243
7895451	11.92363
7895452	5.763148
7895453	5.86419
7895454	2.262047
7895455	2.61973
7895456	4.547419
7895457	1.97804
7895458	5.226905
7895459	2.647582
7895460	3.823755
7895461	7.206288
7895462	3.991395
7895463	10.30364
7895464	9.989146
7895465	4.752409
7895466	3.005323
7895467	5.938256
7895469	2.256594
7895470	6.697673
7895471	5.211681
7895473	2.104194
7895474	2.050765
7895477	6.876554
7895479	2.727099
7895480	3.026477
7895482	3.434997
7895483	10.11911
7895485	4.902838
7895486	12.75967
7895487	3.893288
7895488	4.665096
7895489	8.666344
7895491	6.763793
7895493	5.188128
7895494	2.908553
7895495	4.900877
7895496	12.51867
7895497	12.27413
7895498	9.049562
7895500	2.632261
7895501	7.198135
7895502	2.144431
7895503	5.073124
7895504	4.083816
7895505	1.950783
7895506	10.99054
7895507	5.122137
7895508	10.48615
7895511	6.368983
7895512	4.026409
7895513	5.38461
7895514	13.96493
7895516	3.950852
7895519	7.419146
7895522	9.221689
7895523	3.789032
7895524	4.990563
7895526	1.688976
7895527	8.778492
7895528	5.868158
7895529	3.914372
7895530	6.636035
7895531	5.444011
7895533	2.877567
7895534	5.825899
7895535	3.154804
7895536	9.764709
7895537	5.593215
7895540	4.959507
7895541	3.556286
7895543	4.878167
7895546	4.719264
7895549	4.229626
7895550	7.274863
7895552	5.836747
7895553	5.766692
7895555	5.13384
7895556	8.709302
7895558	4.756399
7895560	2.205418
7895561	9.028363
7895562	3.976204
7895563	7.621016
7895564	2.50385
7895565	3.156613
7895566	2.777123
7895567	5.419124
7895568	3.467973
7895569	2.585264
7895570	4.619133
7895571	7.5172
7895572	2.066694
7895573	3.130917
7895575	3.863617
7895576	8.148525
7895577	7.222333
7895580	4.890793
7895581	4.284205
7895582	2.85036
7895583	5.021699
7895584	2.525656
7895586	6.30319
7895587	13.55837
7895589	7.402179
7895591	5.034829
7895592	4.930681
7895593	2.642342
7895594	4.266576
7895595	11.90298
7895598	10.89485
7895600	3.538638
7895601	11.31617
7895603	7.405158
7895605	5.190537
7895607	5.691504
7895608	5.695497
7895609	5.548472
7895611	7.102364
7895612	4.379004
7895615	3.650211
7895617	2.53873
7895618	4.379848
7895621	13.09221
7895623	4.181519
7895624	3.137884
7895625	6.33851
7895627	7.783796
7895628	6.408848
7895631	3.008603
7895633	2.190528
7895634	3.363262
7895635	1.858623
7895636	2.91506
7895637	6.615066
7895638	5.497908
7895639	4.611658
7895641	5.168662
7895642	6.187334
7895645	5.209679
7895646	4.525271
7895648	3.086169
7895649	5.381786
7895650	4.278491
7895651	11.29803
7895652	10.00196
7895653	1.658266
7895654	7.463439
7895655	1.951858
7895659	9.235649
7895660	4.963014
7895662	9.866088
7895663	6.914877
7895664	7.623974
7895666	2.237269
7895668	2.603517
7895669	6.414861
7895670	3.850798
7895671	6.830844
7895672	4.887531
7895673	2.509256
7895675	7.082604
7895678	5.934306
7895679	2.244559
7895680	13.13257
7895682	3.609972
7895683	5.685234
7895684	6.388819
7895686	5.632347
7895688	7.570451
7895689	2.127633
7895692	11.6996
7895695	6.617817
7895696	2.510446
7895698	4.15042
7895699	5.849153
7895700	2.042281
7895701	4.273428
7895702	4.730919
7895705	9.097937
7895706	2.450166
7895707	6.099758
7895708	6.000711
7895709	5.098658
7895711	6.401969
7895712	10.42532
7895713	6.544433
7895714	12.08211
7895715	7.609058
7895716	7.987312
7895717	7.914048
7895718	2.293609
7895720	2.744933
7895722	5.603487
7895723	2.494303
7895724	6.004434
7895725	3.41528
7895727	6.747175
7895728	6.881237
7895730	5.445547
7895731	7.728492
7895733	6.385503
7895734	4.969286
7895735	6.357841
7895736	9.972473
7895738	7.791846
7895740	6.603543
7895741	4.614323
7895742	4.406125
7895743	6.072838
7895744	6.084231
7895745	9.528557
7895746	3.742435
7895747	1.957931
7895748	4.795717
7895749	4.029102
7895750	5.108046
7895751	9.213755
7895753	6.846529
7895754	5.099238
7895755	4.034404
7895756	3.635607
7895757	8.830963
7895760	10.46514
7895763	3.655407
7895764	2.487983
7895765	5.22589
7895766	10.43378
7895768	5.938075
7895769	3.639445
7895771	4.798971
7895772	6.835202
7895775	4.5705
7895776	6.060591
7895777	11.20359
7895779	12.59108
7895781	6.412644
7895782	9.798406
7895783	7.456737
7895784	8.086479
7895785	4.524997
7895786	6.747935
7895788	4.085248
7895789	5.804262
7895792	6.34655
7895793	2.696451
7895794	8.930557
7895795	9.698125
7895796	4.071772
7895797	4.970054
7895798	4.65897
7895799	2.649359
7895800	4.042337
7895801	7.409395
7895802	8.988476
7895803	2.241753
7895804	2.402341
7895805	5.750852
7895807	3.037762
7895809	6.035078
7895811	3.98717
7895812	7.595078
7895813	7.981626
7895814	4.368807
7895815	9.906134
7895819	12.6156
7895820	3.187129
7895821	5.450696
7895822	2.659752
7895823	2.19
7895825	4.332316
7895826	9.776592
7895827	13.28002
7895828	2.096513
7895829	7.039237
7895830	3.698944
7895833	3.478517
7895834	6.143684
7895835	7.494162
7895836	4.310819
7895837	6.097024
7895838	4.374103
7895839	4.891035
7895840	5.09938
7895843	3.446437
7895844	8.457804
7895845	5.956422
7895848	3.219081
7895849	5.824594
7895850	3.660488
7895851	4.962705
7895852	2.873703
7895854	8.519672
7895856	3.083608
7895858	2.373349
7895859	2.403887
7895860	3.978236
7895862	7.590317
7895863	5.521916
7895864	2.354676
7895865	3.930053
7895867	2.279337
7895868	7.325895
7895870	3.031999
7895871	4.231677
7895872	9.453165
7895874	5.268945
7895875	4.849982
7895876	2.289063
7895877	3.266395
7895880	6.510883
7895882	7.356175
7895883	6.371923
7895884	4.407606
7895887	3.978883
7895888	5.326945
7895889	6.236763
7895891	2.19737
7895894	4.528178
7895895	3.508533
7895896	8.1484
7895897	2.854515
7895898	7.08471
7895899	11.16555
7895902	3.453543
7895905	5.183353
7895906	6.284984
7895909	6.365685
7895910	3.362095
7895912	10.08422
7895914	3.825882
7895915	3.318575
7895917	10.38837
7895920	13.74334
7895921	5.659373
7895922	2.07939
7895924	12.31259
7895925	7.449307
7895926	8.687717
7895927	5.635687
7895930	5.846868
7895931	5.358613
7895935	7.651023
7895936	11.24688
7895938	11.23685
7895941	11.20848
7895942	9.460892
7895946	7.796129
7895950	2.098703
7895951	3.94995
7895955	5.470176
7895956	12.57207
7895957	7.766914
7895958	2.82496
7895959	5.785536
7895960	3.112348
7895961	7.573403
7895962	6.883893
7895965	5.602571
7895966	4.956423
7895967	2.353899
7895969	9.165171
7895970	1.97064
7895974	8.655466
7895975	5.284769
7895976	5.547164
7895977	2.409443
7895978	3.317972
7895979	5.270348
7895980	2.241535
7895983	5.435489
7895984	2.846881
7895986	2.342664
7895987	6.090366
7895988	8.544847
7895989	3.599133
7895990	6.787163
7895991	1.72544
7895992	4.700389
7895993	6.204232
7895998	4.777517
7896000	3.176889
7896002	5.231125
7896003	3.673757
7896004	5.995997
7896006	3.434836
7896008	8.135169
7896009	5.512738
7896010	5.320768
7896011	2.207815
7896012	3.502198
7896014	3.471588
7896015	2.271803
7896016	3.332224
7896017	9.628834
7896018	8.396228
7896019	4.70435
7896020	5.464909
7896021	3.907322
7896023	3.173265
7896024	9.629919
7896027	5.531476
7896028	6.794976
7896031	3.188383
7896032	3.935852
7896033	4.396231
7896034	8.138573
7896035	4.277867
7896037	3.559972
7896040	7.851495
7896043	8.303643
7896045	11.70609
7896046	5.805374
7896049	7.925582
7896051	7.295647
7896052	4.516674
7896053	7.034492
7896055	7.914585
7896056	4.20728
7896057	6.643365
7896058	5.138317
7896060	11.3175
7896061	3.326064
7896062	5.78902
7896063	5.111667
7896065	6.274716
7896066	3.241525
7896068	6.458889
7896071	3.878591
7896072	3.849238
7896073	11.33056
7896074	4.485994
7896075	6.053859
7896077	8.536839
7896078	13.39511
7896079	5.426996
7896080	5.307198
7896081	2.187692
7896083	3.826036
7896086	4.82166
7896087	10.56809
7896088	9.603053
7896090	11.11755
7896092	7.789164
7896093	2.605354
7896096	2.641697
7896097	2.906678
7896098	7.137916
7896099	7.941093
7896100	3.317971
7896102	5.710171
7896103	9.354401
7896104	4.390541
7896105	3.18832
7896106	6.148932
7896107	9.0797
7896109	2.634465
7896110	6.132996
7896113	5.380913
7896114	4.813972
7896115	11.50192
7896116	3.115848
7896117	5.16248
7896118	4.581118
7896119	5.495571
7896121	11.75145
7896122	7.606282
7896124	7.908842
7896125	3.093645
7896126	7.754305
7896127	4.47591
7896129	3.585793
7896131	4.413808
7896132	9.456656
7896134	4.928806
7896135	6.224931
7896141	5.250155
7896143	6.774106
7896144	12.67393
7896145	6.638975
7896146	7.827915
7896147	3.465471
7896149	12.20872
7896150	8.248018
7896151	13.29681
7896152	2.850331
7896153	5.522739
7896154	5.747417
7896155	2.916596
7896161	3.231726
7896163	4.641103
7896164	8.884236
7896165	3.541842
7896166	6.665618
7896171	6.194747
7896172	5.39077
7896173	5.603813
7896176	11.31516
7896177	4.344323
7896179	5.258645
7896180	4.776143
7896181	4.572478
7896182	4.001817
7896183	9.534755
7896187	2.452223
7896189	5.825428
7896190	3.938258
7896192	11.63719
7896193	8.149966
7896194	12.4542
7896195	3.472393
7896196	5.645388
7896197	3.781333
7896198	9.073796
7896199	5.559538
7896202	2.756229
7896203	6.773261
7896204	8.914596
7896206	6.024495
7896207	2.722804
7896208	2.153239
7896209	3.88822
7896211	2.680438
7896212	8.788155
7896213	11.58675
7896214	2.497391
7896215	2.042281
7896217	7.04212
7896218	6.813402
7896219	5.716158
7896220	3.813724
7896223	4.211852
7896224	5.273332
7896225	6.728122
7896226	3.741578
7896229	3.973048
7896233	2.27722
7896234	4.818453
7896235	11.06558
7896236	4.905156
7896238	3.892484
7896239	5.950482
7896242	2.645301
7896243	11.70393
7896244	6.643675
7896245	6.024895
7896246	5.496644
7896248	3.896552
7896251	7.464614
7896252	12.40067
7896254	3.234349
7896255	6.082485
7896256	8.110244
7896257	5.485836
7896259	6.026622
7896260	2.267642
7896261	4.692256
7896262	6.13482
7896263	7.362706
7896264	2.142603
7896265	3.323326
7896266	10.96245
7896267	3.997196
7896268	3.436506
7896270	4.476115
7896271	5.405789
7896272	2.312658
7896273	4.496352
7896274	4.376037
7896275	5.610695
7896276	4.91092
7896279	2.269911
7896280	5.281467
7896281	7.600145
7896282	11.83783
7896284	3.705125
7896285	5.642499
7896286	3.188383
7896288	5.294868
7896289	3.936475
7896290	6.989689
7896291	5.609641
7896293	6.389151
7896294	5.039928
7896295	5.057634
7896296	3.933026
7896297	6.05949
7896298	8.270033
7896299	3.470178
7896300	7.717017
7896301	6.969909
7896303	3.413077
7896304	3.843883
7896305	2.509256
7896306	1.800563
7896307	5.482372
7896309	5.454554
7896311	5.860687
7896312	5.430981
7896313	3.269563
7896314	5.349625
7896315	3.536096
7896316	3.759538
7896317	3.872952
7896318	2.509256
7896320	5.611979
7896322	3.301244
7896323	4.759764
7896326	2.532235
7896327	5.056926
7896328	5.802781
7896330	6.663834
7896332	4.097344
7896333	11.48222
7896334	3.24459
7896335	10.1368
7896336	4.017323
7896338	7.58704
7896340	5.433135
7896341	8.574863
7896342	6.720087
7896344	2.241807
7896346	12.80441
7896347	4.374027
7896348	7.754408
7896350	5.878243
7896351	6.924364
7896353	3.456479
7896354	3.275962
7896355	5.802931
7896357	2.09583
7896359	5.419063
7896361	5.90436
7896363	7.336067
7896364	3.818196
7896368	5.839787
7896373	4.579822
7896376	8.786475
7896377	2.232268
7896379	3.783511
7896380	12.26868
7896381	6.839522
7896382	2.262047
7896386	4.710393
7896389	3.886832
7896390	4.545609
7896392	4.806325
7896393	6.104871
7896396	1.730961
7896399	4.845827
7896400	2.159096
7896401	4.881698
7896402	4.99438
7896403	13.12584
7896404	8.029304
7896405	5.942628
7896406	5.206028
7896407	2.463731
7896408	5.08241
7896409	3.651947
7896410	3.415428
7896411	3.927918
7896412	11.22442
7896413	9.03635
7896414	2.497914
7896415	4.963111
7896416	7.739966
7896417	8.737753
7896418	8.450099
7896420	5.5587
7896423	9.370579
7896424	6.529371
7896429	3.344975
7896433	4.754205
7896435	2.451267
7896436	3.122335
7896437	6.187483
7896440	5.022676
7896441	3.024827
7896442	4.714772
7896444	6.884451
7896445	6.147392
7896447	6.70166
7896448	10.16242
7896449	4.346385
7896450	4.204576
7896451	3.431967
7896452	3.380706
7896453	4.490916
7896454	3.107451
7896455	1.611439
7896457	5.668235
7896459	2.449578
7896461	3.442389
7896462	5.918851
7896463	2.345958
7896465	2.903555
7896467	4.709083
7896469	1.768555
7896470	2.848819
7896471	3.812685
7896473	2.90627
7896475	2.834302
7896477	8.456854
7896478	2.360298
7896479	5.155799
7896480	3.98363
7896481	11.07461
7896486	5.187302
7896487	3.2951
7896488	11.03965
7896489	7.022184
7896492	3.080856
7896494	9.925437
7896495	2.335054
7896496	12.81376
7896497	11.30058
7896500	6.749456
7896501	10.62284
7896502	4.857758
7896503	4.81278
7896504	2.820553
7896505	3.69708
7896506	5.438423
7896507	5.612516
7896509	3.936249
7896510	4.703384
7896513	3.379675
7896514	3.826864
7896515	1.61149
7896516	3.262334
7896517	9.026267
7896518	3.294154
7896519	5.111114
7896523	6.110561
7896524	3.429276
7896526	7.691297
7896527	2.560001
7896532	3.476464
7896535	2.374522
7896536	4.786417
7896537	5.070803
7896538	2.746565
7896540	7.667212
7896541	13.74788
7896545	5.319085
7896548	8.240311
7896549	12.31431
7896550	4.431956
7896551	2.710563
7896552	6.010857
7896555	2.548234
7896556	2.013374
7896557	3.63654
7896559	3.777962
7896562	6.295105
7896563	5.190434
7896564	2.834818
7896565	4.880207
7896566	5.268486
7896567	3.833403
7896568	2.173102
7896569	7.418519
7896570	4.168612
7896571	3.304011
7896572	6.043039
7896574	7.760014
7896575	6.626665
7896576	5.281466
7896577	5.529605
7896578	2.249532
7896579	2.850616
7896580	6.766921
7896581	5.803665
7896583	4.306104
7896584	7.37218
7896585	5.988374
7896587	1.819549
7896588	7.959722
7896589	4.519078
7896590	4.203828
7896591	3.256282
7896592	7.911896
7896593	3.163057
7896595	2.392818
7896597	3.690814
7896598	4.603996
7896601	6.123409
7896603	10.84873
7896604	4.89297
7896606	10.91346
7896607	5.125221
7896609	10.35053
7896610	2.298019
7896611	6.469067
7896612	9.022612
7896613	6.27774
7896614	6.4394
7896615	6.124967
7896617	2.814037
7896618	5.886685
7896619	2.720248
7896620	11.75711
7896624	7.913117
7896625	4.105783
7896626	2.20244
7896628	4.766032
7896629	6.685918
7896630	1.766463
7896631	14.38508
7896632	7.500086
7896633	5.467136
7896634	3.317971
7896635	3.26427
7896636	4.58285
7896638	3.688416
7896639	13.35791
7896640	5.433999
7896641	2.532235
7896642	10.64012
7896643	3.710021
7896644	8.761456
7896645	3.054069
7896648	5.370156
7896649	2.015789
7896650	4.864294
7896654	7.338662
7896655	5.595153
7896656	6.429434
7896660	6.573607
7896661	6.860384
7896662	4.21242
7896663	7.077096
7896665	1.684418
7896666	2.562682
7896668	4.872984
7896669	8.57247
7896670	8.557554
7896671	2.768822
7896672	3.795655
7896674	4.566981
7896675	9.826303
7896676	9.996199
7896678	1.958604
7896679	12.11067
7896680	4.790753
7896681	5.124693
7896682	6.05209
7896686	7.030482
8180192	14.07838
8180193	13.51014
8180194	7.151012
8180195	4.898211
8180196	6.228884
8180197	6.147015
8180198	4.550597
8180199	7.082417
8180200	8.349227
8180201	6.244899
8180202	5.100789
8180203	6.724454
8180204	5.0344
8180205	3.089461
8180206	7.197679
8180207	7.420765
8180208	4.307421
8180209	6.833311
8180210	5.198794
8180211	4.425532
8180212	6.871229
8180213	5.373707
8180214	3.737716
8180215	5.260079
8180216	6.201755
8180217	8.83269
8180218	6.955875
8180219	4.776394
8180220	4.429668
8180221	2.596114
8180222	3.833505
8180223	5.108101
8180224	6.152832
8180225	5.972047
8180226	4.666114
8180227	6.467795
8180228	5.634836
8180229	5.867055
8180230	7.261332
8180231	7.013992
8180232	5.787259
8180233	5.11323
8180234	6.318935
8180235	5.412916
8180236	5.840927
8180237	7.265625
8180238	4.408755
8180239	4.441742
8180240	6.695175
8180241	4.9481
8180242	4.595275
8180243	4.147208
8180244	5.509743
8180245	4.116396
8180246	4.753084
8180247	4.951331
8180248	4.37204
8180249	4.59002
8180250	5.753508
8180251	4.754122
8180252	5.06294
8180253	4.836181
8180254	8.054984
8180255	8.011636
8180256	6.834732
8180257	5.979282
8180258	5.100789
8180259	10.91435
8180260	7.637566
8180261	6.22399
8180262	6.927192
8180263	9.570139
8180264	4.117126
8180265	5.840927
8180266	5.795909
8180267	8.360491
8180268	7.762925
8180269	6.108881
8180270	6.091943
8180271	4.812654
8180272	5.899734
8180273	5.971864
8180274	6.469504
8180275	5.66839
8180276	4.920826
8180277	7.219845
8180278	5.846236
8180279	6.526274
8180280	6.105117
8180281	6.513698
8180282	7.237373
8180283	8.893551
8180284	8.905526
8180285	10.10292
8180286	7.323764
8180287	8.444857
8180288	7.151012
8180289	6.898054
8180290	7.035478
8180291	7.035478
8180292	6.963494
8180293	7.151012
8180294	6.76235
8180295	7.169419
8180296	7.020918
8180297	10.89014
8180298	7.962792
8180299	5.817382
8180300	6.341576
8180301	5.999482
8180302	5.871202
8180303	7.748978
8180304	6.32843
8180305	7.150032
8180306	8.756039
8180307	8.935721
8180308	9.003407
8180309	4.984124
8180310	10.56121
8180311	9.410746
8180312	8.889627
8180313	4.77187
8180314	5.11697
8180315	5.189017
8180316	10.59487
8180317	10.57235
8180318	10.60119
8180319	10.6355
8180320	4.090471
8180321	8.011636
8180322	4.369072
8180323	6.711795
8180324	5.608656
8180325	7.751533
8180326	7.936879
8180327	7.820996
8180328	8.036227
8180329	11.98621
8180330	12.04673
8180331	12.04609
8180332	12.04716
8180333	11.96969
8180334	12.04231
8180335	11.90741
8180336	8.279477
8180337	8.518296
8180338	7.836534
8180339	7.768095
8180340	5.716521
8180341	10.59201
8180342	10.63849
8180343	10.57749
8180344	9.412312
8180345	10.97488
8180346	8.886147
8180347	7.762495
8180348	4.32084
8180349	11.89762
8180350	8.277801
8180351	7.768286
8180352	5.109592
8180353	7.901412
8180354	7.699023
8180355	10.23652
8180356	7.38748
8180357	7.641853
8180358	6.993286
8180359	6.233761
8180360	4.56625
8180361	6.415899
8180362	9.539289
8180363	9.515626
8180364	7.235448
8180365	7.235448
8180366	4.91635
8180367	4.91635
8180368	3.675852
8180369	3.245255
8180370	5.953374
8180371	10.78873
8180372	5.612801
8180373	6.285138
8180374	7.007876
8180375	9.474383
8180376	6.579253
8180377	7.185767
8180378	7.556672
8180379	7.441266
8180380	4.829103
8180381	4.79481
8180382	8.255724
8180383	5.142896
8180384	11.62775
8180385	7.005138
8180386	7.740898
8180387	7.805371
8180388	7.881636
8180389	7.759768
8180390	6.827275
8180391	6.138666
8180392	6.25758
8180393	8.234739
8180394	7.992476
8180395	8.37579
8180396	8.264344
8180397	8.389498
8180398	9.335347
8180399	4.658665
8180400	7.748848
8180401	4.516994
8180402	10.07474
8180403	6.610543
8180404	9.756188
8180405	8.194145
8180406	11.26454
8180407	8.681931
8180408	8.899242
8180409	9.131837
8180410	9.016306
8180411	6.692637
8180412	6.557523
8180413	6.771357
8180414	6.518126
8180415	5.05945
8180416	5.027261
8180417	7.267317
8180418	8.247644
!sample_table_end
