^SAMPLE = GSM699136
!Sample_title = human urine sediment, control subject 2
!Sample_geo_accession = GSM699136
!Sample_status = Public on Feb 06 2012
!Sample_submission_date = Mar 29 2011
!Sample_last_update_date = Feb 07 2012
!Sample_type = RNA
!Sample_channel_count = 1
!Sample_source_name_ch1 = human
!Sample_organism_ch1 = Homo sapiens
!Sample_taxid_ch1 = 9606
!Sample_characteristics_ch1 = gender: Female
!Sample_characteristics_ch1 = age: 51
!Sample_characteristics_ch1 = disease state: normal
!Sample_molecule_ch1 = total RNA
!Sample_extract_protocol_ch1 = Urine (40-100 ml) was immediately placed on ice, transported to the laboratory and centrifuged at -4C for 5 minutes. Pellets were washed twice with ice-cold phosphate-buffered saline, suspended in 0.8 ml TRIzol and RNA was extracted according to the manufacturer's instructions.
!Sample_label_ch1 = biotin
!Sample_label_protocol_ch1 = RNA was stored at -80oC until all samples had been collected, then analyzed at our Microarray Core Facility using the Affymetrix GeneChip Whole Transcript (WT) Sense Target Labeling Assay protocol.
!Sample_hyb_protocol = Standard Affymetrix
!Sample_scan_protocol = Standard Affymetrix
!Sample_data_processing = Probe level data were produced by Partek GS (6.10) using the RMA output option. Probe set signal intensities < 4.2 were considered absent, and if > 10 chips rated a probe set absent, that probe set was not considered for further analysis.
!Sample_platform_id = GPL6244
!Sample_contact_name = Eric,M,Blalock
!Sample_contact_email = eric.blalock@uky.edu
!Sample_contact_phone = 859-323-8033
!Sample_contact_laboratory = Blalock
!Sample_contact_department = Molecular and Biomedical Pharmacology
!Sample_contact_institute = University of Kentucky
!Sample_contact_address = 800 Rose St.
!Sample_contact_city = Lexington
!Sample_contact_state = KY
!Sample_contact_zip/postal_code = 40475
!Sample_contact_country = USA
!Sample_supplementary_file = ftp://ftp.ncbi.nlm.nih.gov/geo/samples/GSM699nnn/GSM699136/suppl/GSM699136.CEL.gz
!Sample_series_id = GSE28242
!Sample_data_row_count = 33297
#ID_REF = 
#VALUE = RMA-calculated Signal intensity
!sample_table_begin
ID_REF	VALUE
7896736	6.428994
7896738	3.111187
7896740	3.309088
7896742	6.273428
7896744	5.499501
7896746	9.101972
7896748	8.486491
7896750	5.02134
7896752	9.308218
7896754	5.641667
7896756	4.796372
7896759	5.722549
7896761	6.584647
7896779	6.882023
7896798	7.359537
7896817	7.27244
7896822	8.108826
7896859	6.380962
7896861	4.094076
7896863	6.310266
7896865	7.123519
7896878	6.352321
7896882	6.720409
7896908	7.482262
7896917	7.649549
7896921	6.86945
7896929	7.631452
7896937	5.781985
7896952	7.03201
7896961	6.85554
7896983	5.510494
7896985	7.007319
7897006	7.411289
7897026	5.502015
7897034	5.694761
7897044	7.982074
7897066	6.545441
7897068	7.149968
7897076	5.12485
7897078	9.027738
7897089	7.095276
7897119	8.194752
7897128	5.16873
7897132	5.670603
7897154	6.896927
7897172	8.230081
7897179	6.017711
7897196	5.850447
7897210	6.156563
7897227	5.549163
7897236	6.54513
7897257	6.522646
7897263	6.471942
7897277	5.616796
7897280	6.902859
7897286	7.218926
7897288	7.166515
7897293	7.004612
7897295	4.998668
7897305	5.955439
7897322	7.700718
7897329	6.222798
7897339	4.934944
7897368	4.712198
7897370	7.526528
7897378	6.819363
7897404	8.90005
7897416	5.595209
7897422	5.287476
7897424	5.470067
7897426	5.343061
7897439	5.161588
7897441	7.107333
7897449	6.4533
7897460	6.632061
7897469	5.767338
7897482	6.522295
7897509	4.847622
7897520	5.904859
7897522	6.02574
7897527	8.137795
7897559	3.065067
7897561	7.989169
7897620	10.89786
7897632	4.84578
7897648	7.296741
7897661	8.606448
7897663	8.938103
7897675	3.608606
7897683	3.129934
7897685	7.196477
7897691	5.904674
7897714	6.624365
7897728	6.641019
7897737	8.161012
7897745	7.729307
7897753	6.118726
7897774	6.622165
7897801	8.632191
7897803	6.725611
7897824	7.97327
7897849	7.256443
7897860	7.015311
7897877	6.354985
7897890	7.928905
7897953	7.001273
7897955	4.589829
7897960	4.741395
7897964	3.03691
7897966	3.478526
7897974	5.159125
7897978	3.287425
7897987	3.283674
7897991	6.242322
7897995	3.887347
7897997	5.898662
7898002	5.904371
7898007	3.905705
7898012	3.875845
7898020	5.239377
7898026	4.207015
7898030	4.659663
7898034	5.239377
7898040	3.875845
7898048	4.672113
7898052	4.638257
7898057	5.035159
7898070	7.543962
7898084	8.466896
7898102	5.390031
7898112	5.648983
7898115	6.507669
7898124	5.513175
7898161	8.595009
7898167	5.409907
7898176	5.664116
7898184	5.748711
7898192	7.385444
7898209	7.412623
7898211	8.148582
7898227	8.053176
7898249	6.861083
7898256	6.270816
7898263	6.326774
7898276	8.61835
7898278	7.935011
7898294	2.688519
7898296	5.922749
7898300	5.692191
7898314	6.37145
7898328	7.961966
7898337	8.75142
7898350	4.877498
7898353	5.272481
7898355	3.380791
7898357	6.04708
7898371	6.002322
7898373	4.160479
7898375	10.9608
7898377	6.449615
7898405	3.068069
7898407	4.937424
7898411	10.9608
7898413	9.821547
7898431	8.597881
7898448	5.821917
7898466	4.646521
7898483	8.462063
7898516	4.886036
7898521	6.070573
7898533	7.193571
7898535	2.973222
7898537	6.100532
7898549	5.87782
7898556	6.838125
7898568	4.637297
7898570	8.467182
7898572	2.269489
7898574	8.724317
7898582	5.884016
7898585	7.606629
7898594	5.199546
7898602	7.186923
7898607	8.192427
7898609	4.891934
7898616	6.968208
7898623	6.184937
7898627	6.380415
7898653	8.030457
7898655	6.815875
7898663	8.431181
7898673	6.510683
7898675	2.99605
7898677	7.342245
7898679	6.066133
7898693	5.831388
7898707	6.398427
7898713	7.12064
7898721	2.331595
7898723	4.814018
7898725	6.629488
7898732	3.693051
7898734	2.803187
7898736	5.693395
7898739	7.472543
7898750	6.266237
7898773	6.128672
7898793	5.278085
7898799	6.318351
7898805	5.78737
7898809	6.350269
7898833	7.016624
7898854	2.783018
7898856	7.143831
7898858	5.83439
7898869	5.999291
7898875	9.016666
7898881	7.337536
7898894	6.651312
7898902	9.007231
7898910	11.05188
7898916	8.451785
7898939	8.46711
7898957	7.550368
7898967	5.854438
7898975	8.913573
7898988	7.714313
7898998	5.004385
7899005	9.927775
7899016	9.705013
7899018	9.828191
7899023	6.74494
7899029	6.62331
7899043	7.433013
7899057	7.07829
7899069	4.477675
7899071	4.000261
7899073	3.56636
7899075	5.827315
7899087	6.764154
7899093	7.074879
7899096	5.749149
7899101	7.205496
7899124	4.534354
7899134	5.850527
7899151	2.55255
7899153	8.952801
7899160	6.519911
7899167	5.813477
7899173	8.19043
7899187	8.941906
7899192	7.261635
7899220	7.62624
7899244	7.606383
7899251	3.47383
7899253	8.223258
7899265	9.506212
7899273	7.324786
7899284	8.035314
7899287	7.473469
7899289	7.463507
7899310	6.95184
7899323	7.257912
7899343	6.673201
7899346	7.60346
7899348	5.600074
7899350	5.618637
7899361	8.085143
7899377	7.343577
7899392	4.871914
7899394	6.233369
7899407	5.762611
7899417	7.421251
7899422	6.884737
7899424	7.166676
7899436	8.340043
7899448	6.697174
7899455	8.802808
7899462	7.759197
7899480	10.96501
7899484	5.293082
7899486	8.005239
7899499	4.246272
7899502	8.761644
7899504	6.859851
7899517	3.212935
7899519	7.132085
7899528	6.840621
7899534	7.193751
7899560	6.107842
7899562	7.262139
7899595	5.619878
7899602	3.36308
7899604	7.394786
7899615	10.443
7899627	8.497897
7899643	5.700382
7899654	7.635727
7899675	5.307537
7899688	7.717145
7899703	7.051748
7899719	5.823891
7899727	5.961173
7899737	7.875332
7899750	5.646427
7899753	6.415703
7899774	9.142622
7899790	5.15851
7899797	5.501217
7899811	2.24537
7899813	8.706128
7899821	7.521536
7899829	6.341517
7899841	6.270885
7899849	6.65491
7899851	5.736449
7899870	6.50472
7899882	5.134352
7899884	5.334302
7899898	3.480933
7899905	4.554533
7899909	6.003705
7899911	4.612511
7899921	5.290876
7899927	6.004364
7899932	5.339505
7899939	6.001272
7899943	5.524783
7899955	11.85038
7899957	7.249706
7899988	2.732301
7899990	6.425731
7900001	7.457268
7900009	7.215802
7900030	6.538135
7900051	6.694988
7900076	6.100286
7900087	6.209598
7900095	8.116531
7900119	8.199127
7900129	6.331865
7900144	2.890348
7900146	8.386202
7900157	9.336711
7900159	5.566233
7900167	5.384085
7900181	2.861533
7900183	6.884953
7900192	7.009726
7900201	5.951384
7900212	2.744453
7900214	2.656376
7900216	9.300615
7900228	8.761102
7900235	7.334421
7900336	5.184919
7900340	6.136748
7900350	2.856353
7900352	6.678483
7900354	6.844413
7900365	5.979229
7900382	11.59949
7900395	8.32351
7900405	3.963608
7900407	2.855543
7900409	4.138809
7900413	8.384078
7900426	6.922624
7900438	5.288088
7900446	5.428463
7900454	5.475712
7900461	3.804861
7900468	7.705863
7900488	4.389272
7900490	5.054573
7900492	5.038418
7900510	6.82088
7900531	7.301557
7900538	7.078266
7900540	5.844489
7900546	7.961674
7900555	4.630097
7900576	6.273209
7900585	9.78483
7900597	5.996119
7900603	5.073586
7900609	6.573062
7900624	5.39205
7900633	2.734039
7900635	6.357707
7900639	4.93807
7900652	2.617651
7900654	7.180442
7900658	4.195062
7900683	5.124532
7900699	6.050566
7900710	6.477912
7900792	8.591373
7900833	7.825926
7900857	5.484498
7900876	2.688164
7900878	6.604172
7900888	5.913651
7900911	5.275715
7900922	8.618775
7900931	7.90543
7900944	6.976027
7900957	5.885387
7900962	6.434558
7900977	2.293544
7900979	6.351343
7900999	5.012241
7901010	4.502938
7901036	2.828443
7901038	9.393258
7901046	6.654856
7901048	8.009823
7901050	5.112232
7901052	4.502541
7901054	8.36034
7901071	3.024816
7901073	6.801581
7901087	5.557073
7901091	6.167352
7901102	6.034398
7901110	7.963201
7901123	6.381783
7901135	7.019969
7901140	6.123796
7901175	10.33337
7901187	6.023735
7901192	4.619226
7901212	5.820436
7901219	6.669916
7901227	2.691505
7901229	6.760531
7901247	6.35639
7901253	5.42474
7901256	9.367157
7901272	5.638986
7901287	4.316607
7901293	5.168423
7901299	8.793561
7901309	7.922606
7901311	5.933357
7901314	5.763364
7901316	4.323421
7901334	2.245509
7901336	7.496355
7901340	4.263861
7901342	3.681958
7901357	7.725739
7901359	2.13165
7901361	3.019129
7901363	5.204355
7901374	2.253206
7901376	8.591969
7901383	2.356389
7901385	9.024454
7901418	8.024101
7901426	5.80951
7901443	7.13579
7901445	7.128675
7901447	8.098697
7901460	5.084871
7901466	5.142589
7901477	6.012841
7901479	7.139748
7901497	4.35786
7901513	8.481442
7901535	6.013611
7901549	6.083072
7901557	6.880157
7901563	4.272294
7901565	4.099529
7901577	6.374065
7901592	6.578875
7901601	7.587155
7901611	5.176331
7901613	7.275762
7901634	6.430096
7901662	7.30286
7901675	7.933822
7901687	6.680398
7901691	5.546613
7901696	6.156158
7901710	2.316865
7901712	2.220801
7901714	4.842586
7901720	4.941947
7901732	3.810581
7901744	5.732313
7901746	10.1936
7901748	6.88805
7901765	5.468108
7901788	6.786914
7901802	5.24482
7901804	8.762443
7901852	5.86088
7901854	4.68142
7901856	6.287038
7901858	5.442722
7901860	3.003061
7901867	6.130968
7901883	2.710264
7901895	4.53791
7901911	4.076682
7901913	6.234364
7901915	5.252203
7901931	4.347862
7901948	2.113501
7901951	6.352996
7901967	8.866098
7901969	5.077154
7901982	2.371171
7901993	7.228019
7902023	6.000234
7902036	9.280048
7902038	7.419537
7902043	4.629369
7902072	3.39027
7902074	6.655197
7902102	2.961585
7902104	5.209668
7902127	3.838181
7902158	3.819189
7902166	7.310846
7902189	3.270391
7902203	4.725953
7902205	3.751592
7902225	2.387836
7902227	8.816291
7902235	3.595032
7902265	7.482965
7902267	6.904356
7902269	8.621222
7902282	5.473517
7902290	4.953449
7902306	5.051478
7902308	6.278834
7902317	3.142857
7902345	6.297738
7902353	3.99645
7902365	3.558585
7902367	11.29015
7902382	6.778947
7902396	5.04911
7902398	7.902025
7902400	4.868902
7902402	2.751359
7902425	4.86887
7902435	8.781963
7902439	2.736338
7902441	6.038323
7902448	9.209794
7902452	2.937549
7902472	5.574772
7902474	6.250301
7902476	6.548297
7902495	3.253015
7902512	9.341805
7902518	5.663624
7902527	4.111118
7902541	6.409177
7902553	6.408939
7902563	3.637961
7902565	6.248307
7902592	6.624931
7902594	7.497324
7902611	4.884366
7902615	2.031441
7902617	4.035343
7902623	3.351466
7902634	5.065498
7902645	2.625824
7902660	3.924801
7902687	8.011101
7902700	3.378644
7902702	3.654199
7902721	2.983469
7902738	9.750259
7902754	3.724087
7902771	8.604918
7902787	3.899745
7902789	6.765543
7902799	4.964356
7902808	4.149691
7902810	5.925409
7902822	9.745605
7902848	7.260259
7902850	4.713044
7902861	6.748319
7902874	5.354828
7902883	6.13481
7902891	6.454521
7902909	5.096133
7902911	4.227447
7902913	3.915969
7902930	3.547252
7902934	3.332171
7902957	4.887566
7902965	6.03118
7902977	5.227012
7902984	2.696608
7902992	5.569617
7903008	4.713402
7903010	6.87184
7903022	6.175975
7903024	4.661132
7903026	2.333667
7903028	3.588165
7903030	2.793135
7903032	7.461241
7903049	4.432302
7903079	8.069083
7903090	2.441936
7903092	9.093309
7903109	2.053396
7903111	2.522408
7903113	2.108636
7903115	2.8761
7903117	4.541217
7903119	9.863134
7903144	8.432578
7903162	6.564703
7903171	5.560153
7903181	2.600712
7903183	8.513694
7903186	3.007274
7903188	7.433686
7903203	5.033104
7903214	4.129851
7903227	4.017766
7903239	6.52483
7903281	9.784605
7903292	2.406135
7903294	8.988597
7903308	6.523731
7903321	7.496702
7903334	6.06918
7903355	6.12965
7903358	4.872265
7903369	7.357892
7903389	5.757135
7903391	4.035496
7903393	3.932312
7903399	4.626617
7903401	3.336061
7903404	7.763813
7903407	6.233648
7903414	6.165825
7903425	6.07408
7903440	6.07408
7903455	3.15406
7903457	5.315389
7903461	4.372687
7903474	8.448802
7903478	5.570916
7903490	5.593375
7903507	7.274885
7903519	7.433001
7903530	3.507938
7903541	7.119172
7903561	3.500092
7903565	7.462346
7903582	9.626062
7903586	8.509687
7903592	5.599251
7903619	8.322064
7903632	6.620862
7903667	6.052813
7903676	5.583877
7903688	6.876626
7903694	6.152552
7903703	8.24974
7903717	8.066399
7903719	6.06272
7903742	6.608437
7903753	6.498812
7903765	8.945301
7903777	4.869112
7903786	6.134843
7903803	9.099889
7903827	7.061029
7903851	4.833477
7903854	5.096996
7903867	6.55941
7903876	2.270353
7903878	7.217169
7903884	6.097383
7903889	4.095942
7903893	7.757938
7903906	3.193921
7903908	7.536053
7903920	4.534741
7903935	3.659115
7903945	4.354153
7903959	5.106654
7903970	3.521299
7903972	6.954004
7903980	5.51608
7903988	7.873986
7904000	4.850985
7904014	2.293526
7904016	2.115505
7904018	8.905715
7904025	6.46701
7904036	7.648402
7904048	6.7788
7904050	7.206235
7904073	5.716797
7904082	5.620701
7904084	5.074395
7904086	6.450567
7904106	8.575974
7904131	5.262198
7904137	8.751786
7904158	5.291203
7904164	3.123544
7904166	3.122781
7904168	2.629436
7904203	3.13896
7904209	6.048329
7904211	5.946165
7904226	5.773877
7904244	5.802414
7904252	3.587645
7904254	9.415798
7904281	2.81578
7904287	5.865324
7904293	6.858647
7904303	4.855615
7904314	5.529691
7904340	7.833633
7904361	6.672317
7904364	5.219598
7904394	3.974782
7904396	4.428014
7904408	3.751451
7904414	4.156259
7904417	2.786623
7904421	4.073998
7904429	4.828895
7904431	3.28744
7904433	7.73777
7904448	4.166367
7904450	2.286341
7904452	4.375741
7904463	8.68417
7904465	8.638403
7904469	7.651414
7904478	5.944611
7904480	3.216685
7904482	8.703526
7904486	11.81409
7904500	12.1975
7904506	12.14025
7904562	12.09838
7904569	12.59625
7904572	4.114865
7904574	9.640586
7904693	4.670292
7904695	8.792153
7904702	9.105062
7904713	6.137849
7904715	4.991074
7904717	5.608222
7904726	12.05963
7904737	5.868138
7904742	6.880884
7904751	6.888542
7904755	7.086872
7904761	4.808194
7904796	4.943061
7904812	7.588664
7904830	6.131214
7904843	4.162543
7904853	5.456211
7904863	6.967997
7904865	3.772549
7904869	6.768544
7904872	3.063299
7904874	12.37842
7904877	5.137058
7904879	6.938125
7904881	10.3717
7904883	5.699947
7904907	6.779838
7904921	5.003691
7904923	3.567316
7904927	5.321516
7904930	5.82089
7904948	6.768544
7904951	3.063299
7904953	2.378008
7904955	6.626795
7904959	6.01403
7904963	3.216685
7904965	4.912807
7904967	5.611334
7904969	7.968504
7904974	7.096858
7904976	9.829382
7904997	6.567206
7904999	9.833336
7905016	6.567206
7905018	6.18193
7905020	6.184988
7905025	5.006643
7905028	7.197566
7905033	4.253116
7905035	5.899797
7905037	6.646881
7905043	6.470193
7905047	3.909225
7905051	5.612328
7905054	4.131572
7905058	5.526219
7905060	4.191488
7905067	7.465114
7905077	4.761169
7905079	8.34647
7905085	7.313026
7905088	7.722533
7905092	6.874391
7905099	7.965797
7905116	5.634554
7905131	3.807392
7905145	3.945265
7905147	5.126783
7905154	6.640707
7905163	7.030172
7905171	7.158086
7905185	8.431632
7905198	7.35955
7905220	12.25434
7905233	7.51712
7905254	4.694067
7905256	3.820345
7905258	6.172914
7905283	9.687267
7905299	6.289596
7905308	9.585956
7905324	6.382965
7905329	5.88389
7905339	5.921117
7905349	5.49483
7905355	7.335862
7905365	8.587312
7905374	7.60226
7905382	6.834107
7905395	8.446556
7905406	8.297127
7905428	10.41713
7905444	7.439517
7905462	2.869283
7905464	3.891144
7905474	3.98875
7905481	4.731755
7905483	6.085141
7905486	12.22781
7905490	5.712499
7905492	7.318837
7905496	4.239614
7905500	5.304173
7905503	4.73956
7905505	6.513701
7905507	7.62833
7905510	5.440687
7905512	6.124625
7905515	7.313324
7905517	7.142814
7905519	6.487062
7905523	8.139048
7905525	3.654501
7905528	7.801779
7905530	4.367523
7905533	8.421154
7905536	6.684814
7905544	12.35818
7905548	13.62722
7905553	11.98288
7905559	6.440268
7905563	4.500022
7905569	3.037011
7905571	11.74303
7905576	4.928699
7905581	6.300343
7905589	7.412616
7905598	6.660531
7905606	5.462848
7905629	3.436406
7905631	8.120386
7905664	5.965168
7905677	5.406406
7905691	9.102057
7905698	2.238348
7905700	8.158393
7905731	5.214944
7905733	6.707947
7905742	2.376989
7905744	4.429699
7905746	5.786222
7905754	5.530358
7905789	6.623935
7905801	4.354832
7905817	5.979662
7905826	7.735565
7905831	6.578226
7905848	5.571097
7905854	8.107782
7905862	6.003292
7905881	6.836546
7905909	5.776666
7905918	5.749028
7905927	3.892764
7905929	7.098081
7905938	7.7551
7905949	4.973209
7905951	6.019202
7905968	6.958656
7905974	7.078709
7905986	6.793211
7905999	6.504979
7906015	4.998168
7906017	5.719889
7906021	5.710208
7906041	7.597077
7906056	5.586617
7906061	4.353186
7906069	5.360593
7906072	6.522191
7906079	10.00927
7906085	7.312685
7906107	6.170263
7906128	6.753205
7906133	7.716155
7906140	6.37897
7906146	6.591932
7906154	3.476019
7906163	5.762984
7906175	4.100628
7906177	6.500595
7906185	7.29184
7906194	4.355418
7906197	6.296833
7906205	6.533446
7906223	6.60011
7906235	7.697529
7906244	6.039881
7906264	6.159936
7906284	5.47248
7906303	3.682033
7906305	5.875463
7906307	5.631396
7906330	5.797314
7906339	4.702481
7906348	5.300369
7906355	5.925133
7906365	3.363287
7906367	2.145255
7906370	2.894976
7906372	5.175256
7906374	3.76513
7906377	4.479176
7906386	4.490497
7906400	6.433305
7906417	5.131943
7906433	5.593194
7906435	5.307576
7906443	5.026045
7906452	3.650987
7906458	4.915532
7906465	3.249496
7906467	4.596962
7906469	7.874395
7906475	5.015773
7906486	5.968133
7906496	6.492863
7906501	6.199347
7906527	4.695257
7906552	6.303348
7906564	8.714226
7906574	3.124741
7906576	7.77712
7906597	5.617896
7906602	5.904962
7906613	6.221794
7906622	5.351813
7906642	5.23735
7906652	6.874659
7906662	8.882043
7906671	7.075439
7906688	5.59288
7906703	8.220902
7906720	5.97362
7906728	5.449573
7906742	6.797247
7906746	5.227315
7906751	3.05813
7906753	5.875305
7906757	4.919329
7906764	10.77824
7906767	6.602118
7906775	10.26115
7906777	5.044085
7906784	2.57891
7906786	4.657237
7906797	6.032413
7906808	4.342878
7906810	6.12976
7906819	8.52073
7906838	7.083453
7906852	8.505296
7906863	8.359761
7906878	5.090184
7906898	5.298317
7906900	5.256071
7906904	5.794802
7906919	4.246933
7906930	3.002691
7906948	4.776263
7906950	4.395756
7906952	3.387311
7906954	7.724223
7906969	8.135433
7906973	4.170672
7906978	7.719145
7906988	3.962804
7906993	4.980391
7906995	7.48072
7907008	5.143588
7907010	6.580979
7907012	6.865756
7907024	7.761142
7907032	3.214041
7907049	6.500414
7907051	2.839644
7907053	4.789154
7907058	7.181632
7907079	6.552382
7907090	5.209259
7907092	7.970526
7907104	7.123523
7907124	5.838983
7907135	8.78257
7907146	5.955874
7907156	4.393308
7907160	11.29973
7907171	8.492892
7907183	3.820078
7907211	7.710475
7907213	5.577297
7907222	5.099457
7907232	2.459352
7907249	4.002507
7907260	3.725682
7907271	6.916927
7907286	2.805575
7907297	7.394792
7907308	3.218086
7907310	8.492206
7907349	6.604559
7907351	7.561972
7907353	6.988622
7907368	3.929255
7907370	4.39326
7907394	2.536712
7907396	2.860938
7907404	6.870188
7907430	5.272596
7907439	8.391726
7907445	6.55759
7907462	3.324655
7907464	4.33785
7907466	6.331273
7907486	5.848549
7907492	7.480366
7907531	5.516723
7907535	2.691998
7907537	7.345903
7907549	5.387226
7907568	4.305047
7907572	5.192381
7907601	5.536675
7907611	8.863988
7907633	3.403009
7907649	5.939935
7907655	6.287029
7907657	8.697324
7907680	7.596465
7907690	6.174553
7907700	6.700303
7907702	6.393201
7907719	3.066958
7907749	4.616781
7907769	4.820246
7907773	8.252161
7907790	7.176508
7907830	10.54045
7907847	8.068518
7907849	5.508136
7907859	6.601255
7907861	7.951651
7907882	6.032405
7907893	6.757277
7907904	10.25467
7907907	5.062825
7907911	4.969432
7907960	2.332821
7907962	4.962702
7907964	3.595303
7907966	6.160916
7907968	3.460171
7907970	5.080789
7907972	4.843582
7907977	5.378151
7907986	3.729629
7908003	5.825433
7908022	7.505619
7908041	6.8624
7908072	7.943179
7908097	8.280469
7908125	6.201828
7908147	6.82909
7908155	2.961992
7908157	4.040536
7908159	4.834004
7908161	7.256862
7908169	6.288465
7908178	5.168938
7908204	3.694636
7908312	3.308607
7908328	7.557747
7908330	6.819191
7908347	5.491228
7908351	6.560675
7908371	3.510972
7908376	3.930572
7908382	2.902505
7908388	4.224351
7908397	4.324987
7908407	8.517219
7908409	7.464159
7908421	6.978722
7908437	7.332756
7908459	7.1244
7908481	2.90752
7908488	3.16579
7908492	4.138919
7908496	2.144062
7908499	3.02633
7908508	4.0606
7908525	5.883418
7908529	5.115867
7908543	8.773849
7908553	5.933421
7908591	5.397785
7908593	3.372247
7908595	3.098514
7908597	4.98924
7908610	2.438581
7908612	5.520352
7908614	7.547907
7908635	7.621524
7908637	7.549011
7908639	7.826105
7908650	5.541332
7908672	6.32426
7908692	5.613047
7908694	5.486921
7908728	4.813728
7908730	3.551755
7908732	6.762995
7908758	6.157733
7908766	6.218076
7908775	3.847332
7908777	9.142358
7908779	9.178257
7908793	10.69077
7908812	7.640803
7908816	4.902678
7908839	2.438424
7908841	6.804378
7908861	5.852408
7908863	5.332695
7908867	8.551869
7908879	5.566455
7908907	5.948561
7908917	8.231701
7908924	5.309534
7908931	5.842664
7908940	6.896835
7908966	3.924322
7908968	4.588543
7908978	9.21903
7908988	4.819932
7908993	6.582139
7909011	7.115273
7909027	5.015067
7909064	5.452535
7909088	5.276324
7909102	4.667457
7909104	6.640144
7909127	8.444999
7909140	4.92248
7909142	4.09439
7909144	5.071336
7909146	4.086415
7909155	4.231547
7909164	6.078568
7909175	6.508517
7909188	6.726199
7909214	8.896366
7909225	5.251166
7909236	7.92066
7909250	5.976261
7909261	5.016237
7909271	4.189782
7909285	7.204406
7909306	4.160205
7909318	3.710563
7909332	9.624722
7909350	3.140684
7909371	4.206343
7909390	3.533347
7909400	10.48547
7909418	4.961973
7909422	5.941172
7909425	4.701557
7909441	7.59287
7909446	4.661027
7909455	5.022604
7909478	6.586234
7909494	3.505568
7909503	3.970784
7909510	6.389764
7909525	3.373522
7909527	6.250465
7909529	7.413363
7909545	5.475595
7909561	4.76449
7909568	4.210339
7909586	7.699163
7909601	4.895413
7909603	7.639115
7909610	9.304347
7909624	6.352458
7909626	2.550468
7909628	4.377669
7909642	5.438788
7909661	6.577635
7909681	4.38855
7909689	5.550276
7909708	4.321002
7909730	4.141605
7909745	8.789321
7909768	3.305398
7909780	3.793095
7909782	4.571823
7909789	4.981833
7909801	5.475194
7909811	5.485703
7909813	4.207224
7909815	7.200958
7909839	3.642971
7909841	6.0977
7909862	6.080186
7909866	4.189545
7909877	6.273462
7909888	2.754931
7909890	6.130085
7909896	6.651681
7909898	6.839674
7909931	9.881415
7909946	4.137673
7909954	4.745929
7909965	6.652418
7909967	9.947609
7909990	5.670624
7909992	8.31394
7909999	3.261796
7910001	5.528135
7910010	2.995113
7910012	3.402544
7910014	6.666822
7910022	3.964453
7910030	3.093162
7910047	3.479674
7910054	3.230207
7910096	5.085536
7910099	8.55186
7910111	7.705956
7910124	10.53591
7910134	6.61799
7910138	2.768214
7910142	5.589869
7910146	6.088072
7910164	6.782127
7910184	5.403666
7910186	4.707769
7910188	4.828984
7910190	4.429374
7910198	5.336452
7910200	6.240752
7910211	4.921115
7910217	5.097806
7910229	10.24133
7910241	8.852871
7910257	7.228812
7910261	6.378551
7910265	5.59701
7910369	7.417309
7910372	8.556038
7910377	7.687711
7910379	4.968808
7910381	5.229
7910383	3.587172
7910385	10.60676
7910387	8.360304
7910396	3.314087
7910398	6.434306
7910414	7.494103
7910416	5.269151
7910427	7.96424
7910446	6.44165
7910466	5.698661
7910490	5.463138
7910492	5.432271
7910494	6.383224
7910503	5.624428
7910520	7.00694
7910539	6.884916
7910550	5.938373
7910559	5.13479
7910585	6.740176
7910587	3.032644
7910589	5.439769
7910591	6.059198
7910600	5.456639
7910611	8.239489
7910618	6.035762
7910630	5.557851
7910634	2.460295
7910636	5.763017
7910638	7.449307
7910640	5.574925
7910651	4.751583
7910672	2.094666
7910674	2.264181
7910680	8.33581
7910694	6.421185
7910706	7.592599
7910727	4.653308
7910752	6.562025
7910790	6.647763
7910792	3.361941
7910897	5.747178
7910899	8.152873
7910901	8.181202
7910903	2.139096
7910905	3.189836
7910907	2.278491
7910909	2.741485
7910911	2.276778
7910913	6.857654
7910915	3.311392
7910923	4.206196
7910944	3.881778
7910948	2.602548
7910950	3.708132
7910971	2.829507
7910997	4.186972
7911017	6.068587
7911038	6.244553
7911045	4.242002
7911047	8.242608
7911049	3.198821
7911056	4.313388
7911078	7.18524
7911085	6.521401
7911092	8.12833
7911094	2.286445
7911096	5.11257
7911108	5.363733
7911110	5.02233
7911112	4.743937
7911114	5.437505
7911136	2.310434
7911138	7.456583
7911155	9.687912
7911170	5.367568
7911174	3.241783
7911176	2.758709
7911178	4.943611
7911197	5.19648
7911199	3.094304
7911207	5.108567
7911209	3.263413
7911211	2.794026
7911213	3.926862
7911215	3.13832
7911218	6.382072
7911229	6.079722
7911231	6.079722
7911233	4.008634
7911235	3.559706
7911237	4.111937
7911241	4.829303
7911243	3.137105
7911248	2.965493
7911252	4.999517
7911258	4.320847
7911260	5.032242
7911263	5.622
7911265	2.539001
7911267	2.951226
7911269	4.441081
7911271	4.688133
7911273	3.641836
7911276	4.543679
7911278	5.217662
7911281	4.89287
7911283	4.674481
7911285	2.897292
7911287	4.212396
7911289	8.380435
7911301	7.058911
7911307	8.478147
7911309	8.256186
7911323	3.417991
7911329	6.769615
7911331	6.616033
7911333	8.446764
7911335	11.5971
7911337	11.49995
7911339	9.057298
7911341	10.04661
7911343	11.54558
7911345	5.499501
7911347	6.273428
7911349	4.173701
7911351	7.192831
7911355	6.876834
7911359	7.647714
7911371	6.516286
7911376	8.036684
7911383	6.648474
7911403	6.781823
7911413	6.472434
7911422	7.769933
7911435	7.056032
7911444	6.66949
7911458	7.215093
7911486	7.412164
7911506	7.500489
7911529	8.761091
7911532	8.364137
7911539	8.368963
7911559	6.703064
7911568	7.366153
7911578	6.963989
7911591	7.370876
7911600	7.215781
7911619	9.836574
7911634	6.928915
7911643	4.835863
7911657	7.103733
7911659	5.245419
7911676	4.995982
7911681	5.306443
7911683	6.679321
7911699	7.73455
7911701	6.44442
7911718	5.479884
7911720	6.42982
7911730	6.45362
7911750	6.824941
7911754	7.691092
7911767	5.062011
7911793	6.686936
7911796	6.860653
7911799	7.02584
7911839	5.259015
7911854	6.140637
7911862	7.261431
7911870	6.921543
7911897	6.699453
7911902	5.700288
7911941	6.354232
7911989	4.712408
7911993	7.537922
7912004	7.54156
7912012	6.582042
7912031	6.611864
7912040	7.586079
7912056	6.171847
7912086	6.674817
7912102	7.557747
7912112	6.466204
7912133	5.119635
7912136	2.941753
7912145	4.77512
7912155	7.634806
7912157	10.1711
7912162	6.407185
7912164	3.019269
7912166	8.302445
7912194	7.324045
7912196	3.215425
7912198	10.62803
7912211	4.521098
7912224	6.148144
7912239	6.715329
7912248	4.540008
7912250	8.173493
7912252	4.542231
7912254	5.054558
7912257	7.39954
7912280	4.535973
7912283	7.576662
7912292	6.9058
7912303	6.251332
7912316	6.793424
7912343	6.778702
7912347	6.172454
7912349	6.14229
7912361	4.670259
7912374	7.537902
7912385	7.376423
7912412	7.022127
7912473	7.050674
7912481	6.47365
7912496	6.284082
7912511	7.11801
7912515	4.509929
7912520	5.413051
7912525	2.467976
7912527	3.561653
7912529	5.138426
7912531	2.468521
7912535	5.277748
7912537	9.635216
7912547	3.754377
7912552	4.052484
7912555	3.765098
7912561	5.1626
7912567	3.877361
7912575	3.905705
7912580	5.112643
7912582	3.493071
7912585	5.901592
7912589	3.887347
7912591	6.242322
7912595	3.47179
7912601	4.602805
7912606	6.242322
7912610	3.47179
7912617	4.602805
7912622	4.783377
7912625	3.348874
7912627	5.225364
7912629	5.774229
7912638	6.687188
7912646	8.382048
7912659	6.051364
7912670	7.714394
7912672	4.893565
7912675	6.377864
7912692	4.830974
7912701	6.988184
7912706	10.61195
7912724	5.920617
7912743	6.683714
7912750	7.549047
7912762	3.272333
7912764	5.30064
7912784	6.167538
7912800	10.9608
7912802	5.625083
7912804	8.857979
7912806	3.068069
7912808	9.309935
7912839	6.077165
7912850	10.9608
7912852	9.164019
7912854	6.504273
7912861	6.002322
7912863	6.35141
7912882	3.288358
7912884	4.877498
7912887	6.112468
7912898	7.483372
7912928	7.115772
7912937	6.105499
7912956	8.083372
7912968	5.74939
7912975	6.295778
7912994	6.099201
7913001	8.501957
7913110	6.780683
7913138	4.487287
7913146	8.254877
7913154	5.240561
7913156	6.949824
7913169	9.55007
7913185	4.783922
7913187	9.194975
7913206	6.088188
7913211	6.406719
7913216	6.558148
7913226	6.388133
7913235	6.895036
7913237	9.110834
7913242	7.335119
7913249	5.800117
7913252	5.935977
7913256	8.377868
7913271	5.32408
7913290	5.497903
7913300	8.703376
7913319	7.839817
7913357	6.714999
7913380	11.53398
7913385	6.401164
7913415	6.835137
7913450	7.303041
7913547	6.850487
7913556	2.882872
7913558	7.280192
7913566	5.306115
7913571	8.689805
7913582	7.366086
7913593	7.147399
7913609	6.285095
7913642	5.367545
7913644	5.719708
7913655	7.586663
7913663	3.772925
7913665	7.653265
7913667	7.998393
7913682	7.978418
7913694	9.138525
7913705	5.522649
7913712	6.535343
7913727	5.149057
7913768	5.333445
7913776	5.48861
7913787	5.210063
7913799	2.397933
7913801	3.344257
7913803	2.182208
7913805	6.303478
7913814	7.444404
7913824	9.086332
7913835	5.260324
7913850	6.287828
7913852	3.865163
7913858	7.832259
7913864	4.592694
7913869	6.493804
7913883	8.116241
7913896	5.955064
7913907	4.30939
7913918	5.970932
7913938	8.620623
7913965	6.527545
7913972	4.459141
7913976	3.509989
7913978	6.949686
7913990	5.763763
7914000	5.492694
7914003	6.721072
7914015	8.022066
7914021	7.768004
7914038	3.190972
7914040	9.010001
7914042	6.475269
7914075	5.805906
7914084	7.131222
7914094	8.642125
7914103	7.100812
7914112	6.816363
7914127	8.202567
7914137	2.032929
7914141	5.752104
7914153	7.172371
7914178	5.543226
7914180	8.47723
7914182	4.360769
7914184	6.836338
7914194	5.560711
7914200	2.474463
7914202	8.790993
7914212	9.179587
7914214	7.696661
7914216	8.60906
7914218	6.092806
7914230	2.119152
7914232	7.959947
7914235	9.067277
7914245	6.448215
7914260	4.747838
7914270	8.6716
7914282	5.86017
7914296	9.479228
7914322	4.86051
7914324	4.86051
7914326	5.659698
7914334	5.746003
7914342	6.249987
7914354	6.781336
7914361	7.348226
7914433	6.064038
7914467	6.396829
7914489	9.521427
7914496	6.609345
7914498	3.266935
7914500	6.436308
7914516	6.631256
7914525	10.07147
7914530	7.836308
7914550	4.627316
7914555	3.430575
7914557	5.044788
7914563	7.276289
7914580	5.427964
7914592	9.226918
7914603	8.424212
7914617	6.848696
7914628	5.368215
7914630	7.208913
7914643	4.307983
7914648	7.11775
7914667	4.648305
7914748	5.046359
7914750	6.0097
7914758	5.607362
7914764	6.535625
7914791	9.043186
7914805	4.36822
7914809	7.765979
7914834	8.159101
7914847	6.068822
7914851	4.459976
7914878	3.46739
7914880	6.636348
7914887	7.931957
7914898	8.037497
7914904	7.624705
7914917	7.366611
7914923	5.451984
7914938	5.095717
7914940	7.620857
7914950	6.095147
7914974	5.751197
7914992	5.036885
7914994	3.407945
7914996	7.226008
7915008	7.931883
7915015	7.35426
7915032	6.55802
7915045	4.719492
7915056	4.557921
7915074	2.093997
7915078	6.580875
7915084	7.113197
7915091	7.030211
7915101	6.507586
7915130	6.750034
7915147	5.678265
7915156	6.972243
7915160	7.935851
7915170	6.299213
7915178	5.018741
7915184	8.138135
7915198	3.450719
7915200	4.823782
7915202	5.294906
7915204	5.22703
7915207	7.644616
7915227	6.818482
7915229	6.191279
7915238	5.857856
7915245	4.966209
7915252	7.753463
7915257	6.678483
7915261	7.254767
7915275	4.437348
7915277	7.885742
7915284	3.787099
7915286	8.668411
7915297	7.568968
7915329	7.406809
7915331	5.982396
7915333	5.698479
7915345	7.794816
7915347	6.605333
7915351	6.047272
7915363	6.439713
7915385	9.632744
7915392	5.562265
7915404	6.004772
7915408	8.259373
7915425	4.789997
7915435	6.552559
7915444	5.403819
7915466	6.942873
7915468	5.091828
7915472	9.253234
7915485	5.816108
7915498	4.092995
7915500	6.698846
7915504	8.874397
7915516	5.811105
7915529	6.419954
7915543	7.208891
7915561	3.019066
7915563	4.985339
7915565	1.928292
7915567	5.735273
7915578	6.360659
7915590	2.022243
7915592	3.731866
7915594	5.863995
7915598	5.244205
7915609	4.904185
7915612	4.439021
7915614	5.927531
7915640	5.370838
7915657	5.715164
7915659	6.960106
7915682	6.129839
7915695	6.296419
7915718	6.86897
7915731	3.716232
7915733	9.39619
7915743	5.877865
7915758	9.492442
7915775	6.878602
7915787	7.54487
7915801	7.190705
7915827	7.569864
7915841	6.834251
7915846	7.454134
7915861	6.377314
7915870	5.750177
7915882	8.846177
7915896	4.625139
7915902	4.673246
7915910	9.782228
7915919	5.316247
7915926	3.996247
7915949	6.049573
7915951	3.092243
7915955	6.187964
7915971	5.034651
7915982	5.007098
7915991	6.456644
7915995	6.91058
7916016	4.457506
7916018	4.722778
7916020	2.800942
7916022	7.747976
7916024	7.138437
7916045	8.829089
7916077	7.978246
7916112	5.292006
7916120	8.395748
7916130	6.118597
7916135	7.187532
7916167	4.450334
7916185	6.301028
7916219	5.497943
7916225	6.346505
7916227	2.303341
7916229	7.504344
7916246	5.294805
7916248	5.122267
7916262	7.083206
7916274	6.471519
7916282	5.503393
7916304	6.140082
7916316	5.781829
7916341	2.559047
7916343	6.817883
7916356	4.93066
7916364	5.92863
7916372	11.26547
7916384	5.659087
7916393	5.547358
7916403	9.532483
7916412	7.226528
7916422	7.439086
7916425	9.79825
7916432	9.533768
7916443	7.121878
7916487	2.237099
7916489	5.632759
7916491	5.399085
7916493	7.531263
7916506	3.215876
7916526	4.059811
7916541	5.905636
7916562	10.15746
7916564	6.099249
7916566	2.899589
7916568	5.080277
7916570	6.970081
7916582	6.837312
7916584	11.26635
7916590	9.244005
7916592	7.481125
7916609	9.692055
7916616	6.318416
7916629	4.108595
7916643	5.787677
7916654	5.508555
7916667	3.652162
7916669	6.554177
7916725	4.792067
7916727	4.327768
7916741	6.927783
7916743	4.355052
7916745	2.442183
7916747	9.514568
7916775	3.015429
7916777	3.581707
7916781	5.662553
7916785	2.4312
7916789	5.037973
7916808	6.707974
7916822	2.580809
7916832	4.203077
7916834	2.541463
7916836	7.162102
7916841	2.634352
7916843	9.786477
7916851	5.649331
7916853	4.236944
7916862	9.07851
7916880	3.755189
7916882	3.776715
7916898	2.329482
7916910	5.035404
7916926	4.364139
7916928	7.18909
7916944	4.420309
7916969	8.325923
7916984	3.926369
7916986	4.255594
7916998	4.553244
7917000	4.457265
7917002	1.803572
7917004	2.43399
7917008	2.305727
7917015	3.154901
7917019	3.266935
7917037	7.344094
7917050	4.76984
7917052	6.930402
7917080	5.887659
7917082	2.388139
7917088	5.258543
7917103	6.965502
7917120	7.582918
7917148	7.58446
7917151	5.040963
7917156	8.444431
7917180	3.316861
7917182	2.563747
7917199	6.008372
7917232	8.816809
7917240	7.323806
7917251	3.849742
7917255	4.503781
7917276	7.124074
7917283	4.689749
7917304	3.281668
7917322	5.253463
7917331	6.82108
7917338	8.825629
7917347	7.532689
7917357	2.774653
7917359	7.170921
7917370	5.32459
7917431	4.021383
7917433	6.516405
7917455	8.617417
7917466	5.143708
7917468	5.833198
7917470	5.916985
7917472	9.897442
7917482	6.150023
7917503	7.836205
7917514	3.975834
7917516	8.60167
7917528	6.240341
7917530	7.284932
7917532	7.761722
7917548	5.822033
7917561	6.423088
7917576	5.241442
7917591	4.828593
7917593	4.541621
7917597	2.253079
7917599	6.80893
7917604	7.314559
7917612	2.597019
7917634	2.618324
7917645	14.45456
7917647	4.65598
7917649	7.110156
7917670	7.746881
7917672	6.635281
7917674	6.424058
7917676	4.660862
7917695	3.253961
7917697	5.956995
7917707	5.842453
7917726	2.580466
7917728	5.059248
7917735	2.230933
7917737	7.008586
7917739	4.28212
7917741	7.540327
7917752	5.446589
7917754	7.088333
7917771	6.47511
7917779	6.851408
7917790	3.124219
7917792	2.88624
7917794	2.322771
7917798	4.837384
7917850	6.408633
7917875	9.459438
7917885	8.302597
7917896	6.020832
7917902	3.39956
7917904	3.001238
7917906	9.039898
7917910	4.264606
7917912	7.836172
7917942	4.285537
7917944	4.688134
7917946	3.269867
7917954	6.092287
7917972	3.205936
7917974	2.386326
7917976	4.11962
7917996	2.94383
7918008	6.216672
7918026	3.742956
7918034	5.638464
7918048	4.120942
7918050	8.606982
7918052	4.264905
7918064	5.433061
7918134	6.07408
7918149	6.42795
7918151	1.902293
7918157	5.295341
7918188	8.038619
7918203	5.433917
7918223	5.079839
7918235	3.621055
7918255	6.670702
7918275	6.219608
7918284	7.317872
7918294	4.868666
7918300	6.04213
7918313	5.147573
7918323	10.76004
7918345	7.118726
7918359	7.132746
7918365	6.598367
7918367	4.889625
7918379	7.010365
7918394	6.637329
7918416	6.039128
7918424	2.741758
7918426	5.884868
7918437	7.279887
7918444	5.668686
7918449	4.266875
7918457	4.645544
7918465	2.182179
7918467	6.968654
7918474	7.886473
7918487	8.902454
7918504	5.563937
7918517	7.418665
7918533	4.443055
7918548	2.541754
7918550	4.80481
7918552	5.783397
7918558	5.614161
7918569	4.634293
7918593	8.313064
7918606	6.116503
7918620	5.810797
7918622	3.666328
7918634	5.874403
7918657	5.427221
7918681	7.061509
7918694	7.197507
7918703	7.784207
7918716	4.816204
7918725	7.678066
7918747	3.973026
7918749	6.173309
7918751	5.770183
7918753	2.497012
7918755	4.986891
7918757	4.385715
7918759	8.113651
7918768	8.807274
7918792	6.263294
7918794	4.122705
7918811	4.38322
7918813	8.167335
7918825	10.4805
7918847	6.144206
7918857	7.650194
7918869	6.638589
7918876	7.634811
7918878	3.699572
7918891	2.728687
7918898	3.297839
7918900	6.699371
7918902	6.452089
7918911	7.202909
7918913	6.946463
7918923	5.424784
7918925	5.95967
7918936	7.809578
7918951	3.453156
7918953	2.220471
7918955	7.490331
7918973	3.416996
7919024	3.006341
7919026	2.995112
7919028	3.615835
7919038	5.567864
7919047	2.946289
7919049	5.08356
7919051	6.196954
7919055	8.89221
7919067	4.385419
7919080	3.596526
7919088	3.553304
7919095	8.570395
7919129	6.137849
7919131	6.101846
7919133	4.047366
7919139	4.290672
7919146	4.286935
7919151	8.338637
7919155	7.238103
7919157	6.0481
7919160	4.653317
7919162	5.612328
7919166	4.653317
7919168	6.735757
7919193	9.954874
7919195	2.286341
7919197	5.882545
7919208	5.96606
7919217	6.29349
7919226	7.564581
7919243	4.106436
7919251	5.896977
7919267	7.909118
7919269	11.21538
7919271	9.702368
7919299	7.622466
7919301	6.147791
7919303	4.229136
7919305	6.535944
7919314	5.951538
7919324	1.774574
7919326	7.066273
7919340	3.40469
7919347	7.909118
7919349	11.21538
7919351	9.700559
7919380	7.622466
7919382	4.392708
7919384	4.80113
7919386	7.565503
7919388	3.159357
7919390	3.63381
7919392	8.338637
7919394	5.227246
7919405	7.238103
7919407	5.628568
7919412	9.850029
7919436	10.85861
7919438	9.782681
7919556	5.737002
7919560	5.683402
7919562	4.343769
7919564	7.251848
7919566	5.587621
7919568	6.01931
7919570	2.510529
7919572	5.544512
7919576	10.9608
7919578	5.614569
7919580	5.639087
7919582	6.12559
7919584	9.33261
7919589	8.696705
7919591	3.460011
7919594	3.067277
7919596	5.639087
7919598	7.581395
7919600	7.492944
7919602	6.237684
7919604	6.483123
7919606	9.598104
7919612	8.364024
7919614	7.313026
7919619	8.34647
7919625	9.148819
7919627	7.465114
7919637	9.054828
7919642	6.70345
7919645	4.328383
7919659	7.720487
7919669	5.724398
7919699	8.126694
7919715	5.837182
7919729	8.089291
7919743	6.819275
7919749	7.806849
7919751	11.01532
7919761	6.350909
7919763	6.931063
7919776	2.696876
7919780	9.177147
7919787	4.040152
7919800	8.58428
7919815	4.624878
7919825	8.162169
7919852	2.567147
7919854	6.481463
7919856	8.03861
7919872	6.836851
7919886	2.234082
7919888	9.000557
7919898	6.408854
7919923	5.273804
7919929	4.039009
7919940	7.468591
7919950	8.109653
7919971	6.700507
7919984	7.977864
7920000	7.304388
7920027	6.014563
7920045	2.248235
7920047	6.267772
7920057	5.38034
7920077	6.060202
7920082	6.861689
7920100	4.259083
7920114	6.071078
7920123	11.63684
7920128	10.89518
7920135	5.289451
7920141	5.401248
7920146	5.239487
7920155	5.095639
7920165	10.30754
7920175	3.663563
7920178	11.62916
7920182	6.510188
7920185	7.04236
7920191	6.849205
7920193	6.505763
7920196	6.668588
7920201	6.62637
7920205	12.48256
7920210	6.894964
7920214	7.637163
7920217	7.889688
7920220	6.266436
7920228	6.154597
7920238	8.739992
7920244	13.20511
7920249	3.268681
7920252	9.530932
7920258	8.103022
7920264	5.075483
7920271	6.147275
7920278	4.641685
7920285	6.619317
7920291	8.395341
7920297	8.753495
7920303	6.068233
7920317	8.095202
7920333	1.742251
7920335	2.727439
7920337	5.56284
7920341	7.889606
7920354	7.001472
7920382	7.206336
7920401	7.733795
7920409	8.936422
7920422	7.751779
7920426	3.420592
7920468	2.600396
7920470	2.166297
7920472	6.025115
7920487	4.818162
7920492	9.491206
7920506	5.763373
7920515	7.879959
7920531	7.970136
7920552	5.587028
7920567	6.25232
7920575	7.308269
7920594	6.377593
7920600	7.552298
7920616	5.046986
7920633	7.811186
7920642	10.85218
7920659	7.057296
7920664	6.730345
7920687	5.316337
7920697	8.701499
7920707	6.683992
7920725	7.220221
7920737	7.702649
7920744	6.126457
7920757	5.428961
7920766	7.897778
7920795	2.588473
7920799	7.901062
7920810	6.747215
7920839	9.45627
7920852	7.750395
7920873	10.65175
7920875	4.775829
7920877	7.986606
7920903	9.235936
7920912	7.073899
7920928	5.51719
7920944	7.572825
7920971	7.568847
7920980	4.07953
7920984	7.677506
7921003	4.85997
7921012	4.225957
7921014	8.485118
7921031	4.964073
7921033	5.08482
7921076	5.646417
7921088	6.117887
7921099	7.128027
7921110	7.210341
7921119	4.259263
7921121	7.209401
7921133	8.467725
7921144	5.954118
7921155	5.447654
7921179	6.847763
7921222	5.748034
7921228	8.048873
7921237	4.097411
7921259	3.451256
7921275	4.521777
7921298	4.329789
7921319	5.812418
7921332	5.409923
7921342	6.018849
7921344	7.740636
7921346	3.445798
7921354	3.242015
7921356	4.204219
7921358	4.423775
7921360	5.739547
7921362	4.647814
7921364	2.601127
7921367	3.581031
7921420	3.954969
7921422	2.962946
7921425	3.831786
7921427	3.754434
7921429	4.143322
7921431	4.390919
7921434	4.059758
7921442	3.011486
7921445	5.079224
7921447	3.379593
7921449	4.155843
7921462	5.729796
7921471	2.276167
7921473	5.198461
7921487	7.235061
7921492	6.184311
7921516	5.072973
7921526	6.361074
7921533	4.419495
7921538	6.854259
7921552	7.040652
7921571	7.465885
7921583	8.974015
7921621	5.413256
7921623	2.557542
7921625	4.382571
7921637	4.422618
7921652	3.670773
7921667	5.911638
7921677	4.77441
7921690	4.471677
7921702	4.59935
7921713	10.02196
7921738	8.097041
7921752	6.289846
7921773	9.996094
7921786	7.230529
7921793	6.830306
7921806	7.654531
7921821	5.267925
7921834	5.38928
7921840	4.75473
7921852	5.007446
7921862	3.38279
7921868	4.983763
7921873	6.32364
7921882	5.037009
7921895	5.338719
7921900	9.964254
7921909	4.087127
7921916	3.626688
7921930	4.064407
7921932	4.478492
7921936	5.771034
7921955	3.575384
7921970	7.632349
7921987	7.60948
7922001	5.61786
7922008	7.219605
7922018	4.212111
7922029	6.061241
7922040	5.985012
7922051	7.75589
7922058	3.513901
7922095	6.885477
7922104	6.263694
7922108	5.418091
7922121	2.609897
7922125	2.448774
7922127	3.601182
7922130	3.923158
7922137	5.035577
7922152	4.109558
7922162	7.942436
7922174	4.389417
7922200	4.278771
7922219	5.893478
7922229	5.039067
7922243	5.283278
7922250	8.195569
7922266	4.824132
7922268	6.069947
7922291	3.050785
7922293	2.440298
7922295	2.532515
7922297	4.120283
7922299	5.571967
7922301	3.473621
7922309	5.472607
7922324	3.739264
7922326	6.171854
7922328	5.894495
7922330	6.458845
7922337	2.777412
7922343	3.094097
7922351	5.196231
7922353	3.23085
7922382	3.271707
7922389	3.72632
7922391	4.794254
7922400	8.019856
7922402	7.603219
7922404	6.178495
7922406	6.578101
7922408	8.451208
7922410	8.252802
7922412	4.843372
7922414	9.262224
7922416	9.05557
7922418	9.473978
7922420	4.576896
7922432	9.113591
7922456	6.035115
7922458	2.823135
7922460	2.13443
7922462	6.374944
7922472	2.865506
7922474	5.297638
7922482	4.533657
7922504	7.849597
7922523	6.458824
7922525	5.279352
7922550	5.675297
7922590	6.037707
7922596	6.748566
7922598	3.380791
7922610	6.573208
7922627	5.840294
7922637	9.423955
7922646	9.714384
7922648	6.939754
7922652	4.751093
7922656	5.202062
7922667	1.897917
7922669	6.598495
7922684	5.295695
7922686	5.04407
7922689	12.17664
7922703	4.522579
7922707	7.675559
7922717	7.596699
7922727	4.923699
7922737	2.975154
7922752	5.706208
7922754	5.84086
7922756	5.403666
7922773	7.095569
7922793	8.940798
7922804	3.656633
7922807	5.353384
7922821	2.200158
7922823	7.512289
7922846	7.056664
7922868	3.362324
7922870	6.949615
7922887	2.998971
7922889	8.880816
7922908	2.520771
7922910	3.204425
7922912	7.1501
7922969	3.038429
7922976	7.078918
7922994	3.503777
7923003	2.108786
7923007	5.520169
7923027	5.930163
7923034	3.780136
7923037	4.740053
7923039	2.188877
7923041	2.199969
7923043	3.491185
7923073	3.176533
7923086	3.31005
7923119	5.87046
7923131	6.696685
7923141	7.411115
7923162	4.320542
7923164	4.008458
7923173	3.918731
7923175	3.026591
7923177	2.635259
7923179	2.218566
7923183	6.311523
7923189	3.23452
7923221	5.21194
7923231	2.275401
7923233	6.070378
7923271	4.784339
7923317	5.557882
7923319	6.829839
7923332	6.43015
7923347	7.525622
7923360	6.205643
7923372	8.410538
7923378	9.040487
7923386	5.843946
7923394	8.218662
7923406	5.99711
7923424	3.064316
7923426	4.402931
7923436	4.236459
7923438	8.986319
7923440	2.315725
7923442	5.219075
7923453	9.048544
7923483	6.980879
7923489	7.521696
7923501	6.771411
7923503	10.16446
7923516	8.083537
7923528	5.957922
7923534	6.264571
7923547	5.502982
7923562	5.517623
7923578	4.148989
7923582	6.585872
7923584	4.906158
7923596	5.489774
7923608	8.463125
7923621	6.954411
7923628	6.531871
7923635	8.011382
7923659	10.09627
7923662	7.774551
7923698	5.329796
7923700	5.534341
7923705	4.986351
7923707	5.040416
7923712	6.535677
7923731	5.49878
7923753	6.330818
7923762	5.636103
7923772	4.229131
7923778	6.883308
7923792	6.403434
7923798	8.289587
7923810	2.899606
7923812	7.060517
7923824	7.042195
7923837	7.51028
7923850	6.724038
7923875	5.776389
7923885	5.885282
7923889	5.626698
7923905	2.203316
7923907	4.226166
7923917	5.345521
7923929	11.46169
7923942	5.912655
7923956	5.84047
7923958	9.902227
7923965	7.326644
7923967	9.763083
7923972	4.125393
7923974	6.4931
7923976	6.447025
7923978	5.192856
7923991	6.486366
7924029	8.125997
7924055	6.51829
7924058	8.581421
7924069	3.74192
7924071	4.320461
7924085	3.934489
7924092	7.677124
7924096	4.598709
7924107	5.761061
7924117	3.807461
7924119	5.705026
7924144	8.559901
7924148	2.896194
7924150	5.852792
7924163	5.054237
7924166	6.072181
7924172	6.730341
7924180	3.253249
7924184	4.484772
7924190	6.3022
7924203	4.501144
7924207	6.506723
7924230	6.771804
7924233	3.932558
7924307	3.555783
7924309	4.660272
7924325	2.157569
7924327	6.322322
7924340	4.153521
7924342	5.683599
7924351	7.288648
7924386	6.442289
7924388	6.754946
7924401	2.350911
7924403	2.856291
7924405	7.028678
7924443	7.268842
7924445	4.285681
7924450	7.550851
7924461	2.968246
7924463	6.616033
7924465	5.701807
7924476	4.023656
7924491	4.983404
7924495	2.284025
7924497	2.02495
7924499	5.90916
7924508	6.462425
7924526	9.414861
7924549	5.645958
7924551	6.116289
7924553	6.359504
7924558	5.849702
7924582	9.110284
7924603	7.164651
7924619	6.178585
7924636	8.358839
7924663	7.279291
7924669	7.526616
7924682	7.625765
7924686	6.132295
7924701	8.623913
7924712	4.421052
7924731	2.501537
7924733	6.366146
7924754	4.446816
7924756	7.745867
7924758	6.748929
7924760	5.817691
7924773	7.038814
7924817	6.129173
7924819	5.560284
7924821	2.739237
7924823	6.659135
7924832	7.332754
7924840	5.961688
7924842	8.03215
7924853	6.948251
7924863	5.020864
7924868	8.350229
7924874	8.089013
7924884	6.803553
7924888	9.157348
7924893	9.896974
7924895	5.512495
7924897	5.905428
7924908	5.170571
7924910	7.372057
7924923	6.061539
7924956	6.683559
7924967	2.246816
7924969	6.247419
7924977	4.412935
7924987	4.692354
7924996	6.67807
7925003	6.408007
7925028	5.548326
7925031	3.083338
7925033	4.671844
7925043	7.223477
7925048	8.090521
7925056	3.833672
7925058	4.328062
7925062	7.411008
7925087	2.284823
7925089	6.100738
7925128	6.88456
7925130	6.684257
7925161	8.580515
7925170	4.655532
7925174	7.106018
7925182	5.672743
7925184	6.833697
7925201	7.115976
7925229	6.856182
7925242	3.041008
7925244	6.576488
7925246	2.402978
7925248	2.11428
7925250	5.423824
7925257	6.975919
7925320	5.062765
7925342	4.938888
7925361	4.974078
7925364	6.368156
7925413	7.297353
7925417	2.161992
7925419	4.221436
7925432	2.518561
7925434	4.374034
7925436	2.859269
7925438	2.598777
7925442	4.661246
7925444	3.735314
7925446	5.032982
7925448	4.027133
7925450	2.195347
7925452	4.909708
7925457	4.24954
7925480	5.741218
7925492	6.888222
7925500	5.834121
7925504	5.609992
7925511	4.97708
7925523	6.116289
7925525	3.152125
7925531	5.444234
7925550	7.081217
7925561	7.864305
7925565	9.713484
7925585	6.285079
7925587	5.846797
7925589	5.2941
7925607	3.06364
7925609	2.891138
7925611	6.399192
7925622	6.243481
7925662	4.26368
7925672	4.686774
7925677	5.885662
7925687	6.324481
7925691	6.577847
7925701	5.709865
7925703	2.530396
7925705	6.412172
7925718	4.644114
7925720	4.243039
7925724	2.102037
7925726	3.737895
7925728	4.628119
7925730	3.796172
7925732	3.429821
7925735	3.165127
7925737	5.84317
7925739	8.893693
7925741	5.489083
7925743	5.476671
7925745	2.398662
7925747	3.214187
7925749	4.685205
7925751	3.534819
7925753	2.07916
7925755	3.979756
7925757	4.674968
7925759	4.26817
7925761	4.235207
7925763	8.003213
7925773	7.330511
7925790	3.863456
7925792	7.878074
7925813	5.636248
7925821	2.95246
7925823	6.570373
7925846	4.558003
7925851	7.169317
7925870	5.156816
7925874	2.317092
7925876	8.097945
7925902	2.89943
7925904	5.041508
7925918	6.015738
7925927	2.729515
7925929	7.782614
7925939	3.798678
7925950	6.012003
7925954	8.597881
7925972	6.021492
7925976	4.307417
7925978	6.692715
7925996	6.751245
7926021	6.460782
7926037	9.690233
7926059	4.345327
7926061	3.509932
7926084	8.694279
7926096	6.318592
7926105	9.172662
7926117	4.155608
7926123	3.814611
7926127	4.85675
7926150	7.176381
7926152	5.893382
7926158	7.7796
7926168	2.285038
7926170	7.170646
7926189	5.41932
7926205	4.334818
7926207	7.354804
7926223	6.336573
7926239	8.403249
7926259	5.043921
7926283	7.673688
7926297	4.858823
7926299	6.822471
7926319	6.471231
7926330	3.06219
7926334	2.980888
7926345	5.846892
7926354	2.431277
7926356	8.315264
7926368	6.927798
7926383	2.801909
7926385	7.326284
7926403	3.962301
7926410	5.968296
7926445	3.962301
7926451	5.968296
7926486	3.993789
7926506	4.498613
7926531	7.940219
7926539	5.032422
7926541	2.104796
7926543	4.293537
7926545	6.482246
7926563	2.256691
7926565	6.493082
7926594	3.066507
7926596	6.355723
7926609	7.176224
7926622	4.112185
7926636	3.389958
7926638	3.160612
7926659	7.036295
7926661	7.554534
7926670	9.495205
7926672	2.495621
7926674	7.14398
7926677	7.650209
7926679	8.0546
7926706	5.546287
7926708	3.836718
7926715	4.968451
7926728	3.403068
7926766	4.399881
7926786	5.094333
7926805	3.319057
7926807	5.527384
7926817	5.092126
7926819	2.798912
7926821	6.60415
7926834	2.206482
7926836	9.857557
7926851	8.711897
7926871	5.542323
7926875	8.379327
7926882	4.131269
7926889	3.09481
7926894	4.794977
7926896	6.403707
7926900	8.221667
7926914	4.241827
7926916	5.32685
7926934	4.749904
7926936	4.238857
7926981	1.990371
7926983	5.156765
7927008	6.956088
7927028	5.553612
7927031	2.5469
7927033	3.254124
7927056	2.716138
7927058	3.800478
7927060	2.469051
7927062	6.490679
7927071	5.452208
7927082	7.013112
7927089	6.616033
7927091	6.131195
7927095	5.783731
7927097	2.162098
7927099	7.232749
7927106	2.640162
7927108	6.983619
7927120	5.29825
7927146	6.347701
7927153	4.812959
7927155	8.070928
7927167	4.674886
7927169	5.072989
7927173	5.931392
7927179	6.360929
7927186	4.871173
7927202	4.317141
7927207	2.328551
7927215	9.062277
7927231	7.980826
7927233	7.778101
7927265	2.337593
7927267	6.405265
7927277	6.113353
7927280	3.327946
7927285	8.605444
7927288	6.118527
7927294	3.437499
7927305	7.506831
7927307	6.323545
7927323	7.806842
7927353	7.857529
7927363	12.04606
7927367	6.33742
7927383	5.856187
7927389	9.204258
7927405	5.248124
7927425	6.194834
7927474	4.946897
7927482	5.579189
7927502	5.635898
7927505	4.960495
7927513	6.780059
7927517	2.337593
7927519	7.692945
7927527	4.841867
7927529	3.548501
7927536	9.294005
7927550	3.592752
7927552	7.61225
7927560	7.813618
7927595	4.544792
7927597	4.866241
7927599	4.962888
7927606	4.034923
7927631	10.05018
7927639	2.726288
7927641	2.136237
7927643	3.844955
7927645	5.443735
7927647	2.848551
7927649	5.115765
7927658	9.00906
7927669	6.898302
7927681	4.497899
7927694	3.388204
7927704	3.150332
7927706	2.717126
7927708	4.154875
7927710	3.856849
7927723	3.116353
7927732	9.281042
7927745	4.885694
7927747	6.174996
7927767	6.567554
7927773	2.489588
7927775	6.522024
7927784	5.994063
7927786	8.6384
7927799	7.015815
7927801	5.143927
7927803	4.096991
7927812	3.957385
7927814	8.48105
7927827	4.121328
7927854	7.504207
7927872	6.499727
7927874	3.111368
7927876	3.999718
7927889	7.002227
7927915	3.418896
7927924	2.542874
7927926	6.8828
7927936	6.536867
7927955	7.01635
7927964	8.657486
7927972	8.267332
7927981	6.292964
7927998	5.235176
7928019	7.226812
7928046	8.873774
7928058	2.384529
7928060	2.625722
7928062	2.469954
7928064	6.726427
7928069	6.834739
7928107	6.207936
7928119	10.39734
7928126	6.030299
7928147	5.54553
7928171	9.679863
7928189	7.177028
7928208	7.352679
7928216	5.81174
7928218	6.377702
7928291	6.688548
7928298	3.010407
7928300	7.569186
7928306	5.898222
7928308	9.444276
7928314	2.193935
7928316	3.241041
7928318	9.154011
7928330	5.034927
7928342	4.069353
7928354	6.693256
7928363	2.416388
7928365	2.612159
7928367	4.54327
7928369	7.386345
7928395	7.620996
7928401	5.927596
7928408	6.40802
7928411	6.688417
7928429	8.862685
7928444	8.373101
7928471	7.479858
7928489	7.458611
7928491	6.935289
7928514	4.706317
7928516	8.451329
7928524	8.003761
7928529	5.742174
7928531	6.220238
7928534	5.492006
7928543	4.062741
7928545	3.981304
7928547	10.68603
7928549	2.893848
7928551	6.14845
7928556	6.086104
7928558	7.625702
7928589	8.463073
7928600	9.697218
7928602	5.695518
7928619	6.255728
7928630	9.730664
7928632	5.695518
7928645	6.367815
7928653	6.342396
7928661	3.910742
7928671	7.204707
7928679	6.206034
7928685	4.161674
7928695	8.142618
7928705	9.505057
7928723	5.03107
7928736	4.500364
7928746	4.048375
7928748	2.254047
7928750	4.591852
7928752	8.282866
7928766	7.355253
7928770	5.374082
7928789	5.155611
7928800	7.452765
7928817	3.542897
7928819	3.370275
7928821	3.060079
7928823	6.586604
7928838	5.697649
7928855	7.034017
7928870	8.606843
7928872	9.457944
7928882	9.402263
7928890	8.448771
7928907	8.822953
7928909	6.214715
7928915	6.246276
7928937	6.42545
7928944	9.97509
7928959	8.89607
7928967	3.192034
7928982	2.64031
7928994	4.457435
7928999	4.016966
7929003	3.863732
7929012	4.814067
7929026	4.933415
7929032	6.835147
7929047	5.91134
7929052	5.223712
7929061	3.508636
7929065	6.079804
7929072	6.104824
7929078	3.227215
7929114	5.663363
7929116	6.751402
7929130	3.932148
7929132	6.342499
7929145	5.77417
7929168	8.747113
7929201	8.17636
7929243	6.582876
7929247	8.738981
7929256	7.995152
7929258	3.180129
7929282	5.671332
7929288	5.226456
7929315	6.303191
7929322	4.519601
7929332	3.835454
7929334	4.011509
7929344	5.01333
7929350	3.351143
7929373	3.230578
7929383	5.285703
7929388	9.132312
7929424	6.640226
7929438	3.367164
7929466	3.640179
7929478	3.327842
7929487	4.270769
7929497	4.013614
7929511	5.397221
7929525	2.016286
7929533	2.486508
7929536	4.239249
7929541	3.419625
7929550	6.008622
7929562	6.481423
7929574	4.355407
7929589	4.579329
7929591	3.796719
7929593	11.07663
7929596	8.510368
7929609	6.555524
7929612	3.496144
7929614	2.645304
7929616	6.374153
7929624	8.397474
7929634	7.437278
7929649	8.036963
7929653	6.902328
7929664	5.68613
7929674	4.751702
7929677	8.922261
7929689	6.23193
7929692	6.934477
7929711	5.048312
7929719	7.717732
7929732	4.240069
7929744	5.822235
7929750	6.925309
7929768	6.262986
7929779	4.836888
7929812	2.530346
7929814	3.460501
7929816	6.646868
7929822	4.748595
7929831	6.881196
7929840	5.846981
7929858	5.474445
7929882	6.027199
7929901	4.610586
7929911	7.308304
7929919	6.671274
7929932	6.127028
7929945	5.7533
7929947	5.153374
7929952	3.954218
7929954	2.332612
7929958	7.005538
7929976	6.579938
7929986	2.285954
7929988	6.256241
7929990	6.419399
7930008	6.375771
7930025	4.400017
7930031	7.839455
7930074	8.001766
7930099	5.936591
7930106	6.413529
7930120	6.297369
7930137	5.181159
7930139	8.909383
7930148	6.06111
7930162	6.78582
7930168	6.249152
7930170	4.385239
7930179	2.21209
7930181	4.830072
7930194	7.019115
7930205	4.803174
7930208	4.549882
7930213	5.773091
7930226	5.827012
7930264	6.177074
7930276	10.65803
7930299	4.65297
7930304	6.499722
7930311	6.671223
7930320	4.156151
7930341	5.440324
7930376	6.88257
7930378	4.26008
7930380	8.219913
7930398	8.412825
7930413	11.37994
7930422	6.806121
7930450	5.366098
7930452	2.336987
7930454	8.791548
7930470	8.618875
7930482	6.151009
7930487	3.051979
7930498	9.835109
7930524	6.952156
7930533	4.992952
7930537	7.439355
7930559	6.372001
7930561	5.386087
7930577	8.504407
7930593	5.047282
7930612	3.248406
7930614	7.062388
7930627	7.081075
7930629	3.060686
7930631	3.555377
7930663	5.964132
7930680	2.424141
7930682	8.009232
7930703	6.444107
7930714	3.767409
7930750	2.544303
7930760	4.942852
7930775	2.224559
7930777	3.817782
7930790	4.861415
7930804	4.739809
7930818	4.396315
7930833	5.538418
7930837	4.236621
7930857	5.057647
7930861	3.944353
7930870	7.262711
7930872	6.489515
7930880	4.923468
7930882	10.21287
7930894	4.741834
7930915	5.031707
7930917	4.312651
7930919	6.20186
7930921	9.532654
7930927	5.14666
7930954	5.61875
7930956	7.905912
7930980	5.062721
7930994	6.116587
7930996	6.912028
7931029	2.442474
7931031	7.338541
7931062	6.188257
7931079	4.066607
7931081	8.707289
7931097	6.61541
7931108	5.979673
7931140	5.976949
7931152	4.748117
7931155	4.552139
7931159	4.098322
7931168	6.295553
7931181	6.929732
7931184	5.92458
7931187	7.814769
7931199	4.699322
7931204	6.766072
7931214	2.322243
7931216	6.830011
7931226	9.029868
7931239	6.532237
7931268	5.842142
7931281	6.610066
7931293	7.555153
7931346	4.528229
7931348	7.232177
7931353	5.671863
7931379	7.057273
7931387	4.884585
7931389	4.130816
7931393	8.116285
7931403	3.404075
7931405	7.950957
7931417	5.378933
7931439	6.263018
7931455	5.84597
7931469	7.787621
7931473	4.787659
7931479	7.68339
7931500	6.131369
7931519	5.952428
7931553	8.444024
7931556	6.487408
7931561	5.743646
7931571	6.5137
7931582	6.931611
7931607	7.591265
7931623	5.679323
7931643	5.897445
7931656	7.193436
7931659	7.193436
7931662	7.193436
7931665	7.213749
7931668	7.193436
7931671	7.193436
7931674	5.057043
7931681	5.392724
7931683	6.606864
7931726	5.839439
7931728	8.230893
7931748	4.213814
7931754	10.03603
7931764	6.122625
7931778	7.942503
7931810	8.582021
7931822	4.48509
7931824	4.190489
7931830	2.729515
7931832	8.228715
7931838	2.514115
7931840	5.211935
7931850	2.826606
7931852	4.448121
7931859	7.385648
7931863	6.349682
7931873	9.5925
7931888	4.586815
7931899	6.806779
7931914	4.872259
7931926	4.431214
7931928	2.139088
7931930	4.899955
7931951	5.462368
7931975	2.939508
7931977	5.604999
7932000	5.942648
7932014	5.7326
7932017	2.718424
7932019	4.967775
7932023	9.51299
7932041	6.380418
7932067	1.892173
7932069	5.943544
7932082	4.121538
7932086	4.839268
7932088	5.304785
7932094	6.15244
7932109	8.109941
7932118	5.223498
7932130	3.734738
7932132	5.313882
7932160	10.37602
7932177	5.200099
7932186	7.331065
7932209	6.280832
7932211	4.279385
7932214	3.615509
7932221	5.586192
7932227	6.418136
7932243	6.158169
7932254	4.058093
7932285	6.444967
7932304	2.52202
7932306	2.569487
7932308	7.160228
7932311	7.222103
7932326	4.673748
7932390	4.601068
7932407	3.099313
7932418	2.95607
7932420	3.764953
7932433	7.008111
7932445	3.501288
7932447	2.286732
7932449	2.230458
7932451	2.774637
7932453	8.377002
7932492	5.761521
7932495	5.17862
7932498	5.396668
7932508	2.537246
7932510	5.639528
7932512	6.479516
7932528	3.50336
7932530	7.057188
7932542	2.959579
7932548	2.306816
7932550	4.811953
7932552	4.216012
7932554	7.610489
7932584	3.54339
7932598	3.306505
7932608	3.214343
7932610	2.278391
7932612	5.389913
7932616	9.459164
7932635	6.275208
7932637	4.90698
7932676	3.484567
7932678	9.638083
7932703	7.120774
7932721	3.412175
7932725	2.466836
7932727	3.454153
7932733	5.858236
7932742	3.972141
7932744	3.719282
7932765	8.314935
7932786	4.112671
7932788	5.249856
7932790	3.360503
7932792	4.590533
7932794	6.183875
7932796	6.883767
7932826	5.421442
7932832	3.049846
7932834	5.78267
7932860	7.392834
7932862	9.03931
7932864	3.328466
7932867	5.070585
7932881	7.569291
7932885	8.69223
7932909	4.602899
7932911	9.064697
7932938	6.823029
7932960	1.983088
7932962	4.559736
7932964	8.208024
7932966	9.439783
7932983	3.710598
7932985	5.986833
7933008	5.856576
7933010	9.016228
7933043	6.576134
7933045	3.740625
7933047	6.396808
7933071	4.671538
7933073	6.746253
7933075	6.876837
7933078	2.944295
7933080	6.339167
7933082	2.206455
7933084	12.01089
7933086	2.493808
7933090	2.150777
7933092	4.693022
7933105	4.987061
7933113	3.680279
7933115	6.690093
7933121	2.327079
7933129	6.268085
7933139	6.254182
7933145	2.28537
7933147	5.303117
7933149	6.216414
7933164	9.170882
7933176	5.006535
7933180	4.831316
7933186	5.536891
7933190	4.216012
7933192	6.855107
7933194	3.974961
7933204	7.937683
7933209	3.980475
7933217	2.236685
7933219	5.473506
7933228	6.868999
7933237	5.083528
7933252	7.587049
7933261	3.261374
7933263	3.900184
7933279	4.673428
7933290	7.584454
7933296	3.858304
7933298	6.588113
7933310	6.556968
7933312	6.47594
7933327	12.04606
7933331	7.857529
7933341	4.699247
7933359	5.240359
7933366	5.798203
7933372	5.956522
7933379	3.910132
7933394	4.673428
7933405	7.595883
7933413	7.232818
7933421	3.858304
7933423	12.04606
7933427	7.822085
7933437	4.365845
7933442	3.120051
7933446	5.131632
7933469	6.015321
7933484	4.644732
7933488	4.709487
7933498	6.296504
7933501	6.452919
7933509	6.44496
7933535	3.795336
7933537	5.787334
7933561	5.300428
7933572	3.261374
7933574	7.656601
7933582	7.390461
7933593	4.841867
7933595	2.337593
7933597	4.659778
7933619	6.41363
7933632	4.476642
7933634	5.302834
7933638	5.42928
7933640	4.789563
7933659	5.465585
7933665	5.509275
7933672	2.867501
7933707	5.984105
7933723	8.18416
7933731	3.131305
7933733	4.26244
7933750	4.816592
7933758	3.875695
7933760	8.923097
7933772	6.175206
7933821	5.24978
7933842	4.464636
7933855	6.603485
7933872	6.408875
7933877	9.222429
7933904	3.589279
7933929	2.429656
7933931	8.148173
7933933	4.793486
7933947	7.932441
7933978	5.31274
7933982	6.207999
7933999	6.360295
7934026	4.337168
7934050	5.985161
7934066	2.75282
7934068	2.35379
7934070	2.446554
7934072	2.671885
7934074	5.748347
7934083	5.677514
7934091	1.893965
7934093	2.100702
7934095	2.167247
7934097	3.870737
7934099	2.307081
7934101	5.820199
7934114	6.60142
7934122	7.945323
7934133	8.300196
7934141	5.932605
7934145	7.441445
7934154	6.484038
7934156	4.385715
7934161	5.729672
7934166	4.342474
7934178	8.098152
7934185	7.729237
7934196	10.31695
7934215	6.24788
7934228	6.390471
7934244	6.241258
7934255	7.479668
7934269	4.221104
7934271	5.417637
7934278	8.153933
7934295	2.268813
7934297	7.818418
7934299	6.136176
7934301	7.148379
7934318	2.486262
7934320	5.732745
7934326	7.87936
7934334	4.413351
7934365	2.847329
7934367	7.298532
7934384	5.942931
7934393	7.259533
7934411	7.86908
7934432	4.742359
7934434	4.818476
7934442	6.406602
7934451	7.760188
7934459	7.092577
7934477	8.082006
7934505	5.018338
7934513	7.550412
7934527	6.279065
7934531	4.536544
7934533	6.270906
7934544	7.436647
7934553	6.413196
7934568	2.184052
7934570	4.343554
7934613	2.924465
7934615	7.662585
7934651	6.243953
7934653	5.902174
7934690	6.283445
7934698	6.125131
7934706	5.108299
7934708	6.125131
7934717	5.108299
7934719	6.467512
7934729	8.281561
7934731	8.211289
7934733	11.51699
7934753	9.757917
7934755	4.877019
7934767	3.250515
7934777	2.425026
7934779	4.119005
7934783	5.646101
7934789	5.686707
7934810	4.735682
7934812	7.644847
7934838	3.755704
7934840	2.98854
7934842	7.219337
7934850	4.843709
7934852	9.91593
7934868	3.858304
7934870	7.628466
7934883	5.467133
7934885	6.307348
7934896	6.154458
7934898	7.05483
7934906	5.586215
7934916	4.960448
7934920	7.626729
7934936	3.762227
7934945	5.818399
7934959	5.395759
7934961	3.565489
7934966	6.021175
7934968	3.518377
7934970	4.774354
7934977	2.489692
7934979	4.294573
7934991	2.713516
7934993	2.957108
7934997	11.43433
7935002	8.948289
7935006	5.944737
7935011	7.89136
7935025	3.293908
7935027	6.999976
7935054	5.334632
7935056	2.396306
7935058	9.416007
7935114	3.328909
7935116	4.612077
7935123	4.258499
7935139	6.075893
7935142	4.904132
7935144	2.131454
7935146	4.272479
7935169	2.983188
7935180	8.161942
7935188	5.19557
7935228	4.792446
7935230	7.282185
7935251	6.667581
7935270	7.96329
7935288	4.014557
7935296	5.856718
7935320	10.50354
7935337	5.809
7935359	3.358164
7935361	5.382009
7935401	3.346518
7935403	5.563951
7935421	7.328621
7935425	6.50915
7935462	6.251829
7935474	6.743498
7935510	5.359527
7935521	9.470629
7935528	6.567292
7935535	7.017084
7935553	6.23875
7935572	6.764521
7935588	6.81641
7935613	4.051963
7935627	7.051766
7935639	6.82126
7935647	7.418678
7935660	7.749238
7935679	3.935681
7935690	2.288881
7935692	8.121429
7935707	6.254492
7935730	6.366993
7935746	6.703474
7935756	5.029901
7935776	2.755951
7935778	2.49103
7935780	6.286985
7935810	7.664462
7935819	6.177657
7935834	5.980124
7935855	5.992201
7935861	3.09004
7935863	3.820649
7935865	6.289474
7935882	8.228432
7935892	6.325095
7935903	6.054085
7935910	9.208119
7935930	5.425913
7935951	6.836868
7935968	7.924748
7935983	6.598481
7935990	6.04989
7936011	6.540426
7936023	6.992637
7936028	8.302203
7936041	5.728975
7936050	4.671894
7936062	6.566677
7936064	11.1142
7936083	7.069908
7936089	4.729498
7936091	7.229467
7936096	5.766485
7936100	7.330963
7936108	5.307619
7936111	4.655183
7936115	7.563657
7936134	7.724886
7936144	6.378984
7936201	3.018027
7936242	8.042691
7936249	4.732218
7936280	3.694638
7936284	7.169499
7936307	8.255299
7936320	6.144606
7936322	5.342624
7936346	8.030616
7936360	4.94072
7936406	5.763032
7936408	5.239752
7936419	8.368172
7936439	7.310179
7936461	4.643305
7936463	10.35422
7936492	5.176954
7936494	4.398983
7936507	5.560678
7936516	5.61315
7936529	5.9526
7936552	6.339677
7936559	7.741529
7936567	7.311179
7936576	3.993373
7936578	6.842232
7936590	5.520627
7936596	9.063062
7936612	2.198496
7936614	10.04481
7936637	4.467352
7936639	5.697382
7936641	5.834419
7936661	8.639795
7936673	7.659882
7936683	6.696178
7936706	7.077191
7936727	8.545838
7936734	7.04599
7936762	7.831178
7936777	6.523913
7936793	3.082058
7936798	4.167463
7936809	4.904884
7936817	5.369051
7936826	6.675122
7936833	5.995038
7936835	5.258004
7936856	6.298367
7936871	7.502151
7936882	7.419171
7936884	6.198515
7936891	6.270736
7936902	2.376943
7936904	7.381716
7936916	5.673735
7936918	2.726357
7936923	6.269264
7936925	4.541292
7936928	5.820869
7936937	7.389977
7936949	8.463557
7936968	4.717911
7936994	3.71197
7936996	4.140471
7937007	4.464457
7937014	7.47936
7937016	3.874714
7937020	4.448439
7937037	3.642927
7937039	4.90055
7937059	7.279525
7937073	6.334987
7937079	8.499669
7937089	7.564773
7937104	4.79801
7937106	6.612734
7937112	5.215185
7937135	4.496445
7937148	3.526252
7937150	6.970461
7937175	7.038665
7937198	6.076686
7937200	7.762341
7937208	6.29237
7937217	9.218611
7937228	6.119602
7937230	4.507279
7937247	8.512189
7937251	4.173473
7937257	6.892976
7937263	5.116309
7937275	7.79466
7937287	6.835793
7937305	5.807971
7937314	6.959913
7937330	8.013395
7937335	6.171297
7937341	5.742349
7937363	7.177488
7937378	6.47644
7937391	6.971098
7937404	5.804564
7937407	8.765894
7937415	6.9307
7937433	7.252244
7937438	9.147628
7937443	9.125132
7937465	10.31141
7937474	5.610309
7937476	9.509975
7937483	8.216283
7937485	9.246055
7937498	7.661003
7937508	8.482244
7937518	5.5385
7937533	7.208679
7937560	6.696435
7937612	5.905459
7937667	5.33142
7937696	5.711814
7937698	7.670942
7937700	5.662669
7937707	5.583898
7937709	6.2806
7937711	5.273157
7937713	7.25166
7937728	6.798803
7937735	7.537663
7937749	7.846663
7937763	6.974205
7937772	4.212949
7937774	6.222993
7937782	6.619481
7937798	4.551621
7937800	2.981826
7937802	9.162786
7937813	6.649472
7937823	7.255566
7937847	6.329071
7937852	6.920702
7937866	5.168077
7937868	4.427392
7937876	6.740289
7937878	4.277514
7937882	6.011935
7937890	3.08462
7937892	6.790737
7937900	6.817074
7937913	6.303984
7937915	7.063779
7937934	4.333751
7937936	4.99388
7937938	3.717173
7937940	4.871309
7937942	4.041759
7937944	4.948791
7937946	3.263188
7937948	4.925399
7937950	4.35683
7937952	5.317595
7937957	4.252041
7937959	2.74489
7937961	3.35242
7937971	3.275768
7937973	4.080753
7937975	3.51061
7937977	3.30922
7937979	3.093671
7937982	2.994128
7937984	3.780998
7937986	4.093346
7937988	3.041338
7937990	5.230241
7937993	5.230241
7937996	3.074071
7938000	2.978466
7938002	3.639089
7938004	3.480314
7938006	4.276761
7938008	4.038888
7938010	4.226685
7938012	6.208944
7938035	7.613082
7938047	4.445405
7938049	4.280993
7938053	2.616904
7938055	3.665059
7938057	4.296949
7938059	4.67424
7938061	3.427153
7938063	2.66583
7938066	5.269745
7938070	3.182423
7938072	3.968307
7938074	4.476642
7938076	5.257553
7938078	4.811242
7938082	4.305144
7938090	5.625556
7938100	7.406753
7938111	7.44709
7938118	5.258122
7938128	5.337457
7938133	5.052997
7938139	5.297336
7938154	7.241129
7938170	3.941836
7938172	3.39597
7938176	3.660592
7938179	5.543682
7938181	2.975057
7938183	3.904931
7938195	3.83347
7938208	7.071903
7938213	4.176022
7938225	2.998956
7938231	8.356289
7938258	4.546651
7938261	3.840627
7938263	6.598948
7938269	5.638877
7938286	6.212797
7938291	8.944741
7938293	6.601449
7938295	6.260312
7938299	4.844055
7938301	6.241176
7938309	5.490343
7938313	7.200869
7938329	7.659264
7938331	7.203287
7938348	7.924328
7938364	7.685262
7938366	7.958051
7938368	7.174911
7938370	9.484397
7938388	6.282166
7938390	10.99811
7938396	7.981045
7938416	6.360857
7938420	4.067617
7938422	8.28557
7938448	7.698699
7938481	4.644526
7938485	6.163694
7938519	6.190343
7938528	6.969443
7938544	8.957517
7938559	6.501651
7938561	4.784788
7938563	5.774426
7938590	3.601893
7938592	8.208891
7938608	5.53046
7938625	5.928862
7938629	4.576661
7938646	5.00469
7938652	5.791856
7938667	2.813599
7938669	9.222711
7938681	5.128057
7938683	7.732282
7938685	8.595206
7938687	6.697054
7938702	4.9182
7938707	4.928269
7938730	5.209087
7938738	5.868594
7938741	4.163127
7938746	3.916074
7938748	8.549873
7938750	4.174316
7938756	7.752123
7938758	3.965488
7938762	6.467621
7938777	9.440212
7938788	2.604066
7938800	3.594923
7938812	6.925352
7938816	9.396765
7938834	6.574259
7938878	4.193963
7938880	7.653712
7938890	5.301996
7938907	5.2736
7938925	3.861471
7938951	2.893651
7938975	3.656036
7938989	3.45427
7939003	2.736611
7939005	3.777021
7939007	4.983594
7939024	4.073651
7939052	4.475664
7939056	2.90146
7939068	8.393891
7939070	2.986793
7939072	5.180553
7939080	4.791803
7939087	6.092181
7939093	5.05141
7939102	5.590326
7939116	5.558302
7939118	3.236963
7939120	9.355759
7939131	4.767647
7939137	8.199535
7939150	8.060472
7939158	5.949052
7939173	3.028347
7939184	4.740597
7939197	8.689638
7939215	5.24526
7939237	4.121759
7939240	4.046114
7939242	9.617986
7939265	6.815991
7939296	2.942063
7939298	8.268719
7939314	10.14755
7939329	6.755918
7939341	7.772092
7939365	5.442783
7939368	6.937481
7939374	4.950812
7939376	6.198921
7939383	6.712136
7939398	3.298424
7939411	3.9231
7939418	2.612242
7939420	1.996385
7939422	2.353166
7939424	7.615381
7939432	4.046041
7939434	7.580079
7939463	4.248565
7939465	6.973542
7939477	6.661053
7939492	6.604524
7939494	4.30461
7939507	6.328038
7939524	7.285719
7939546	9.443001
7939559	5.146667
7939569	6.071343
7939581	5.917208
7939587	7.542681
7939590	7.676161
7939595	7.665658
7939613	5.858912
7939620	7.089431
7939642	6.604495
7939657	6.359703
7939665	9.274638
7939676	8.36182
7939699	5.92221
7939706	5.047016
7939723	6.179153
7939738	7.244936
7939751	6.293006
7939767	7.534905
7939805	6.926134
7939818	6.748306
7939825	7.689085
7939835	6.117372
7939839	6.733764
7939865	3.47034
7939867	3.514182
7939869	3.628788
7939871	3.514446
7939873	2.863814
7939875	2.41427
7939877	3.12824
7939879	2.875146
7939884	3.950893
7939893	3.425566
7939897	4.076862
7939900	3.696228
7939902	5.642616
7939910	5.010022
7939912	3.814086
7939916	2.75282
7939918	2.861596
7939920	3.045573
7939922	3.903949
7939924	3.706683
7939926	2.948678
7939928	3.098885
7939930	3.64182
7939932	3.710412
7939934	2.953337
7939936	2.18235
7939938	3.438541
7939940	3.061494
7939942	3.636386
7939944	2.491656
7939946	4.267311
7939948	3.18522
7939950	4.149966
7939952	2.881459
7939954	3.77131
7939959	3.416486
7939961	2.853482
7939963	3.972675
7939965	3.051712
7939967	2.549064
7939969	3.021723
7939971	3.295749
7939973	1.959887
7939975	2.642772
7939977	2.68585
7939979	2.684663
7939981	2.635959
7939983	3.838714
7939986	3.701292
7939988	3.032358
7939990	3.725662
7939992	4.400775
7939994	3.411021
7939996	5.525844
7939998	2.419861
7940000	3.216802
7940002	5.235231
7940005	5.576453
7940018	3.372418
7940020	4.655835
7940022	7.597995
7940026	3.805525
7940028	7.562084
7940042	3.00664
7940044	3.800136
7940046	7.046754
7940051	9.088133
7940066	7.207138
7940070	7.256744
7940079	10.12322
7940103	3.724802
7940108	4.635833
7940110	3.330892
7940112	4.439507
7940114	2.3968
7940116	3.751743
7940118	6.042334
7940135	5.053628
7940147	3.246781
7940153	7.93884
7940160	8.618268
7940171	3.510953
7940173	5.105027
7940175	4.08315
7940177	4.150892
7940182	5.752812
7940185	2.835191
7940187	4.121395
7940189	3.955368
7940191	7.830956
7940210	3.260805
7940216	3.289837
7940226	3.05673
7940237	3.131218
7940253	3.097667
7940259	4.692335
7940279	2.318193
7940287	4.147611
7940299	3.750833
7940307	3.032105
7940315	2.576434
7940323	5.010347
7940333	4.625882
7940341	4.041908
7940349	6.222345
7940358	5.55105
7940372	7.868321
7940377	7.015067
7940391	6.337685
7940409	5.475088
7940421	5.252357
7940431	4.839226
7940441	4.70081
7940451	7.047071
7940473	6.184204
7940479	5.132395
7940486	8.317324
7940491	6.171952
7940493	5.772367
7940508	5.514679
7940530	6.114708
7940561	5.993598
7940565	5.67097
7940580	6.60354
7940582	5.688994
7940598	6.391904
7940600	6.762188
7940622	2.742484
7940626	4.613503
7940630	3.159683
7940636	3.809307
7940643	5.680108
7940654	5.985152
7940660	6.052361
7940662	5.548464
7940667	9.325691
7940669	6.484674
7940673	4.31495
7940679	5.938669
7940688	6.086552
7940698	6.842337
7940711	8.067119
7940717	8.647626
7940735	2.376739
7940737	4.023713
7940749	4.780606
7940762	6.004985
7940775	7.225953
7940781	7.251474
7940790	6.151016
7940798	7.659366
7940822	6.36681
7940824	6.702127
7940835	8.101448
7940840	8.136076
7940851	5.72417
7940857	8.323759
7940869	6.218035
7940884	7.525766
7940891	6.540516
7940904	6.990802
7940914	7.540257
7940924	7.115819
7940959	7.173644
7940971	6.696383
7940987	2.393362
7940989	7.954173
7940996	9.455275
7941004	7.038763
7941039	6.824539
7941059	5.510469
7941062	6.707323
7941074	5.08581
7941087	6.463165
7941104	7.30433
7941111	6.88652
7941122	8.118564
7941127	7.083663
7941136	7.683013
7941148	7.928511
7941164	7.518425
7941172	6.430659
7941179	9.835617
7941203	6.286494
7941214	5.811202
7941236	7.399366
7941243	7.732231
7941255	6.456724
7941260	8.130198
7941269	7.009266
7941272	13.73817
7941274	7.905751
7941296	7.246754
7941302	7.761446
7941311	7.383414
7941350	7.170779
7941364	7.458814
7941380	7.2635
7941382	7.265154
7941401	8.267411
7941408	4.431316
7941425	7.304281
7941444	6.464152
7941457	7.43118
7941460	8.629527
7941469	6.805177
7941478	7.074063
7941501	9.230348
7941505	8.18297
7941511	8.007771
7941537	7.198906
7941563	5.543274
7941565	6.768472
7941583	10.0324
7941587	6.838995
7941594	6.376391
7941597	4.188888
7941599	4.811757
7941608	5.611176
7941610	6.105021
7941621	7.546347
7941639	6.127839
7941662	5.667643
7941685	7.204364
7941694	7.775565
7941702	6.630361
7941707	6.727363
7941709	8.943448
7941714	7.03543
7941732	7.022542
7941743	6.461338
7941746	7.659638
7941749	5.588661
7941761	7.837296
7941769	8.218813
7941795	6.230211
7941797	7.543836
7941822	6.979193
7941843	7.637032
7941863	5.788418
7941865	7.278447
7941879	7.268023
7941890	6.780309
7941900	7.084486
7941917	6.14791
7941927	7.004487
7941936	10.20636
7941946	7.634354
7941961	7.975194
7941976	8.140198
7941985	7.725533
7942007	7.176899
7942032	8.688742
7942064	5.402528
7942071	3.858643
7942073	6.746675
7942091	6.939463
7942118	8.566551
7942123	8.026135
7942135	6.104929
7942168	6.73254
7942174	7.200506
7942204	9.212716
7942228	6.092033
7942232	7.486478
7942255	8.275853
7942261	6.102996
7942267	8.280499
7942274	5.670051
7942277	3.33855
7942279	6.096408
7942284	3.438773
7942287	3.018387
7942289	7.023495
7942300	5.832293
7942315	5.213551
7942326	5.128939
7942328	5.541402
7942332	5.10142
7942342	6.946031
7942372	4.863837
7942379	2.441251
7942381	7.062726
7942400	6.956077
7942409	5.450922
7942417	6.070126
7942439	6.550076
7942453	5.466048
7942465	5.714285
7942476	6.177268
7942489	4.598686
7942503	7.484788
7942520	4.761212
7942525	4.759853
7942527	6.351548
7942544	9.107748
7942551	6.943917
7942553	9.050584
7942562	6.044533
7942569	5.579485
7942586	11.30639
7942592	6.050431
7942594	6.568374
7942596	7.942351
7942603	4.669038
7942613	8.08945
7942626	7.490551
7942645	4.814363
7942647	6.020291
7942650	6.261632
7942674	7.99467
7942679	6.455318
7942693	6.978826
7942697	8.583467
7942715	7.449542
7942717	5.741316
7942769	5.911703
7942771	5.2755
7942774	5.046802
7942779	4.863107
7942781	3.510705
7942783	6.812618
7942791	13.59328
7942793	5.479449
7942796	4.372242
7942798	5.329147
7942809	4.271308
7942812	5.025427
7942814	2.003868
7942816	2.024235
7942818	2.376536
7942820	5.700676
7942822	2.157104
7942824	9.872458
7942830	3.528232
7942832	4.352688
7942839	8.250037
7942858	5.824911
7942875	9.537843
7942877	5.621193
7942879	5.1745
7942889	5.743844
7942896	3.06574
7942910	2.92544
7942912	5.981379
7942914	7.72157
7942932	6.12329
7942941	3.688085
7942957	5.971668
7942964	6.494281
7942985	3.969439
7942987	2.513153
7942989	3.893532
7942991	4.132928
7942998	3.585244
7943019	3.311671
7943025	4.172998
7943031	3.912234
7943036	3.487557
7943047	3.398355
7943049	2.937794
7943051	3.454429
7943075	5.210074
7943098	5.874571
7943103	3.032707
7943124	6.436726
7943126	5.433522
7943156	2.458886
7943158	6.175373
7943160	10.49751
7943162	7.184901
7943176	6.524917
7943193	5.038395
7943195	5.222608
7943197	7.747527
7943218	6.368162
7943226	6.658252
7943231	5.986309
7943236	7.000458
7943240	4.609699
7943263	5.602879
7943282	4.875288
7943288	6.758528
7943293	6.603265
7943297	6.257633
7943314	6.866088
7943317	4.170184
7943319	3.634114
7943345	4.501175
7943347	6.895315
7943349	5.559835
7943367	5.374387
7943369	4.044541
7943373	3.133044
7943376	4.25603
7943387	2.605918
7943398	8.896414
7943411	3.627315
7943413	8.565123
7943424	8.002239
7943437	2.703543
7943442	4.941981
7943498	4.200646
7943513	4.36986
7943515	8.074499
7943517	2.524252
7943519	2.103648
7943521	3.502645
7943526	4.731157
7943530	3.568259
7943552	7.366603
7943562	3.745992
7943573	5.088892
7943577	3.889201
7943580	6.333911
7943605	5.451519
7943620	5.883589
7943690	5.751643
7943707	3.625502
7943709	2.976
7943711	5.788414
7943715	6.524392
7943721	6.772269
7943729	5.200582
7943736	3.136544
7943738	2.787219
7943740	4.231245
7943749	5.468674
7943760	7.015928
7943779	4.793392
7943787	5.150791
7943795	6.247564
7943803	6.065619
7943827	6.531253
7943842	5.973785
7943853	7.595994
7943859	3.497283
7943867	6.599685
7943882	6.397091
7943890	4.925889
7943892	4.572629
7943917	4.027727
7943919	6.2141
7943943	5.740231
7943954	5.813201
7943956	2.393297
7943958	3.698426
7943969	5.857288
7943984	5.574013
7943998	5.272896
7944006	6.929083
7944011	8.550646
7944021	2.244409
7944023	3.458136
7944033	2.054005
7944035	5.668297
7944042	7.803657
7944049	6.920276
7944082	5.226592
7944096	5.589075
7944111	5.420617
7944113	5.910072
7944147	5.560678
7944152	6.106059
7944164	10.56427
7944179	6.143069
7944185	5.512947
7944195	8.323023
7944216	8.511978
7944223	7.756903
7944262	6.524154
7944271	6.343448
7944275	5.695186
7944285	7.756777
7944300	3.3255
7944302	5.535612
7944331	2.818758
7944333	2.004161
7944335	4.493119
7944339	6.96706
7944341	9.715132
7944351	4.499462
7944359	4.953448
7944361	4.023976
7944363	3.894667
7944365	7.139682
7944375	6.680045
7944382	7.214231
7944401	5.762899
7944418	6.752348
7944435	6.873272
7944447	6.163807
7944463	6.594101
7944478	5.199728
7944493	6.871472
7944510	6.645747
7944516	5.640538
7944525	6.466874
7944527	5.07548
7944530	6.662712
7944537	6.418441
7944554	5.013041
7944560	9.323746
7944601	4.553282
7944603	6.022165
7944623	8.717403
7944632	4.735356
7944656	7.813897
7944667	8.662519
7944716	3.826023
7944718	4.118742
7944720	5.082844
7944722	6.592362
7944739	3.488292
7944751	4.842591
7944763	3.380791
7944765	7.298977
7944767	3.127685
7944769	4.549767
7944791	5.2286
7944793	2.495497
7944795	5.273052
7944797	5.238254
7944799	4.700568
7944801	4.039783
7944803	7.768998
7944825	5.106466
7944827	4.439513
7944829	3.517757
7944832	2.737124
7944834	3.016354
7944838	3.926516
7944843	3.250008
7944845	5.182493
7944850	7.243511
7944867	9.475019
7944869	3.487097
7944876	7.071317
7944882	5.531361
7944911	5.012248
7944913	3.944493
7944931	7.642153
7944952	4.936755
7944955	6.625573
7944970	5.955647
7944972	4.756529
7944978	8.361054
7944989	4.683691
7944991	8.896212
7945014	4.656245
7945033	4.18674
7945040	2.798041
7945045	4.449448
7945058	7.020898
7945069	7.550722
7945071	6.021997
7945084	3.914252
7945086	5.385723
7945101	6.266161
7945110	7.659412
7945125	5.746305
7945130	5.874424
7945132	5.294301
7945146	5.587213
7945156	2.722341
7945158	7.009951
7945162	7.556593
7945169	9.835684
7945177	5.227448
7945182	10.46607
7945204	9.725195
7945226	5.491536
7945228	6.196651
7945232	5.534002
7945241	5.492513
7945245	5.604685
7945260	2.556159
7945262	4.629731
7945275	6.704575
7945283	8.694036
7945296	5.124489
7945321	5.310848
7945342	6.273428
7945344	9.325755
7945347	6.616033
7945349	6.659385
7945357	8.280914
7945368	5.335149
7945371	5.721581
7945377	7.059695
7945394	7.141882
7945418	7.843219
7945420	7.63198
7945436	7.758502
7945445	6.753168
7945460	7.589513
7945462	7.281266
7945475	5.885898
7945498	7.393453
7945503	7.914496
7945521	7.225738
7945536	8.131229
7945539	6.686401
7945550	6.771045
7945573	8.476011
7945579	6.657497
7945595	5.171335
7945620	7.716683
7945631	6.437679
7945641	7.211512
7945645	9.06602
7945648	7.255551
7945652	10.67136
7945657	7.215921
7945660	4.447025
7945663	6.380406
7945666	10.44876
7945678	6.900355
7945680	10.55608
7945688	6.386455
7945712	6.28183
7945728	4.185265
7945730	6.294959
7945734	5.743892
7945740	6.258683
7945742	6.477422
7945767	8.868819
7945774	5.663034
7945781	7.98419
7945786	7.686241
7945801	6.682348
7945803	7.422746
7945829	6.191968
7945831	5.846312
7945857	5.054062
7945859	6.875431
7945864	6.789845
7945873	7.207023
7945875	5.998741
7945882	6.25816
7945892	5.811033
7945894	5.289162
7945896	6.06085
7945902	8.231294
7945942	4.147701
7945944	8.381066
7945950	5.09047
7945952	5.059687
7945954	4.333751
7945956	3.991992
7945958	4.51251
7945962	6.215591
7945972	4.924249
7945974	4.756528
7945979	6.674177
7945989	6.002844
7945991	3.581636
7945997	3.419095
7945999	4.289398
7946001	4.616914
7946004	5.664981
7946006	4.847881
7946008	3.066625
7946011	5.021084
7946013	4.26166
7946015	3.21573
7946017	3.054239
7946019	3.259915
7946021	3.382309
7946023	2.976268
7946025	3.085249
7946027	4.009943
7946029	3.324335
7946031	3.610136
7946033	8.908141
7946041	6.112121
7946048	5.255156
7946054	5.255156
7946061	4.673583
7946067	3.823599
7946069	5.0935
7946071	3.965685
7946073	4.939162
7946078	4.586512
7946082	4.640639
7946087	4.297502
7946089	6.091098
7946105	4.283183
7946107	4.47165
7946109	3.506009
7946111	3.252666
7946113	4.332142
7946115	4.029756
7946117	5.048171
7946119	4.827784
7946121	3.317183
7946123	3.276132
7946125	5.303673
7946128	6.998124
7946142	6.074111
7946149	5.601563
7946167	5.560265
7946180	5.775626
7946201	7.079387
7946211	5.509317
7946221	9.491069
7946228	7.586728
7946245	6.059562
7946267	7.417306
7946275	4.397492
7946278	4.411352
7946280	3.712265
7946286	4.478204
7946288	4.821357
7946292	6.147113
7946306	5.620282
7946321	6.548095
7946323	5.334094
7946326	6.712984
7946328	5.078973
7946330	2.763976
7946332	3.132792
7946334	5.670172
7946340	5.171111
7946354	5.559733
7946365	3.863683
7946380	6.753278
7946401	6.384809
7946426	5.444231
7946428	5.82276
7946436	3.229181
7946439	7.215948
7946446	6.183716
7946454	10.01557
7946478	6.229113
7946504	7.444664
7946516	7.299299
7946559	7.953884
7946561	4.24785
7946563	10.81393
7946565	13.87026
7946567	9.170938
7946569	8.797098
7946579	3.97599
7946589	6.143794
7946610	11.5348
7946635	7.360858
7946641	4.028723
7946655	7.819624
7946661	6.850248
7946676	7.754078
7946678	2.342067
7946680	8.537183
7946687	2.557824
7946693	2.296621
7946695	2.650028
7946697	7.872437
7946703	8.275341
7946728	8.096047
7946742	6.331367
7946749	6.185405
7946757	5.283434
7946781	8.293612
7946807	7.237265
7946812	9.354401
7946815	7.106978
7946849	5.592939
7946851	5.619153
7946853	5.04985
7946860	5.277812
7946903	5.63635
7946933	6.14187
7946946	2.801467
7946957	4.969656
7946972	5.056519
7946977	4.419478
7946983	6.002845
7946986	2.730101
7946988	6.501752
7947015	9.217652
7947027	7.435624
7947040	6.925427
7947052	5.577624
7947076	6.183015
7947093	4.998101
7947096	4.937392
7947099	3.336838
7947110	5.174849
7947127	2.931935
7947129	6.000662
7947136	5.109032
7947138	5.931265
7947147	6.531884
7947152	2.506212
7947156	8.260098
7947165	4.74844
7947184	4.145581
7947189	4.523066
7947199	7.723212
7947221	6.326033
7947228	2.900094
7947230	3.652726
7947245	9.60343
7947248	3.147427
7947266	2.691671
7947268	6.933064
7947270	5.723158
7947274	7.567573
7947282	3.735955
7947322	2.941928
7947332	5.175624
7947338	4.835707
7947358	7.204896
7947361	2.377516
7947363	6.139903
7947375	2.431337
7947394	4.15609
7947396	6.203053
7947421	5.392615
7947423	5.430999
7947425	10.52884
7947434	7.845134
7947450	6.845551
7947462	9.466753
7947481	8.19217
7947490	5.962498
7947496	3.694449
7947510	3.505675
7947512	3.576054
7947526	5.955829
7947528	5.209529
7947531	5.755405
7947540	7.269176
7947548	3.077577
7947551	5.376664
7947553	4.075225
7947561	3.363719
7947563	6.412052
7947570	7.37109
7947590	4.400679
7947599	6.075458
7947607	3.0121
7947609	7.310047
7947624	6.463303
7947649	5.858238
7947652	7.929118
7947674	5.307403
7947676	5.156709
7947681	8.431429
7947694	6.256652
7947740	5.523096
7947742	5.522304
7947744	5.501738
7947784	7.914159
7947801	7.099771
7947815	6.987548
7947828	6.342008
7947861	6.912424
7947867	7.604231
7947881	6.313291
7947890	2.775692
7947892	4.723553
7947894	8.00041
7947917	7.106199
7947926	2.857633
7947928	6.548213
7947934	8.333808
7947947	4.396167
7947969	8.027086
7947989	6.489295
7947991	6.822074
7948035	3.267983
7948037	4.806654
7948039	2.387786
7948042	3.206304
7948044	3.408975
7948046	4.286194
7948048	4.328586
7948054	4.31366
7948058	3.750903
7948085	2.854269
7948088	6.19343
7948090	2.820422
7948092	3.726993
7948099	3.368956
7948101	2.348055
7948103	3.111142
7948105	3.355217
7948107	3.03787
7948109	3.425962
7948111	3.002811
7948113	8.220042
7948115	4.15478
7948117	3.502592
7948119	2.741659
7948121	2.459206
7948123	3.533827
7948125	2.723339
7948127	2.714027
7948129	4.355415
7948131	4.056024
7948133	3.883178
7948135	2.812017
7948137	3.963837
7948141	4.543492
7948144	3.686633
7948148	3.908317
7948150	3.347291
7948155	3.912991
7948157	3.829698
7948159	3.347266
7948161	2.956355
7948167	4.701889
7948176	7.72971
7948192	7.361701
7948211	4.923608
7948213	5.590563
7948221	5.379824
7948229	6.230801
7948249	5.834388
7948267	5.540442
7948274	8.011824
7948282	5.360003
7948293	6.101794
7948303	4.781917
7948306	3.888079
7948308	3.937456
7948310	3.050779
7948312	3.321923
7948314	5.183718
7948316	3.971436
7948320	2.206207
7948322	3.451351
7948324	3.085106
7948326	2.671491
7948328	4.19458
7948330	3.351584
7948332	6.049294
7948344	3.440437
7948354	2.541122
7948364	4.730763
7948367	4.926835
7948369	5.339074
7948371	3.814451
7948375	3.652589
7948377	4.164186
7948379	8.407571
7948399	8.48811
7948418	4.815553
7948420	6.699107
7948424	6.093532
7948433	4.026861
7948444	4.911963
7948455	5.345042
7948470	6.501978
7948476	6.736499
7948493	5.808057
7948502	3.180949
7948504	7.494418
7948511	6.436749
7948534	8.519571
7948565	6.662535
7948574	7.261574
7948588	6.329142
7948599	5.878811
7948606	7.205789
7948612	5.338678
7948630	7.026777
7948643	6.163345
7948656	10.59109
7948662	3.708554
7948667	9.557664
7948679	11.53692
7948685	6.399424
7948696	7.944236
7948718	7.04703
7948741	5.426692
7948744	8.558126
7948772	7.515715
7948775	7.385623
7948782	7.536191
7948794	5.588024
7948798	7.050025
7948814	7.995551
7948829	6.384568
7948834	6.051599
7948836	6.743789
7948839	9.096221
7948864	7.994841
7948879	5.670502
7948881	6.533822
7948894	7.064779
7948896	5.901333
7948898	5.674956
7948900	7.449782
7948902	6.53246
7948904	7.821914
7948906	6.234813
7948908	8.751743
7948910	5.735051
7948912	6.617632
7948918	5.459736
7948920	5.690732
7948937	5.584894
7948951	3.319707
7948957	4.140479
7948973	5.878262
7948982	5.02865
7948987	5.909871
7948995	8.000309
7948997	7.721756
7949015	7.910918
7949019	2.496163
7949021	5.401709
7949033	7.561505
7949046	7.176111
7949058	5.582842
7949060	7.909416
7949067	7.576093
7949075	8.954309
7949080	6.340085
7949104	6.347483
7949124	5.275473
7949146	8.21143
7949172	5.871129
7949206	6.207786
7949227	7.292733
7949264	7.613185
7949273	4.885694
7949275	7.555312
7949277	7.173295
7949320	5.915814
7949327	4.286624
7949340	5.748287
7949344	6.286955
7949364	4.789109
7949371	6.749661
7949373	6.425063
7949377	8.715733
7949383	7.419407
7949400	6.505951
7949410	9.148071
7949412	7.166039
7949440	5.528459
7949444	7.064736
7949454	7.365953
7949465	7.980759
7949482	7.254422
7949490	6.747157
7949496	10.07417
7949503	6.609767
7949518	7.229919
7949532	7.648013
7949540	8.143085
7949545	6.648553
7949553	5.4113
7949568	5.288177
7949570	5.862823
7949577	7.081117
7949588	5.681458
7949592	6.181764
7949603	6.828631
7949615	5.226776
7949619	6.453272
7949637	6.473892
7949645	7.470305
7949650	6.606442
7949668	4.758845
7949672	2.443074
7949674	7.719528
7949679	6.684412
7949717	5.46941
7949719	5.702698
7949742	2.168842
7949744	4.007581
7949746	8.709384
7949754	7.056554
7949763	3.590872
7949765	9.03022
7949776	8.230527
7949792	7.495708
7949796	5.593358
7949798	8.103645
7949808	7.201161
7949836	7.398595
7949843	7.786388
7949851	3.577192
7949857	6.235219
7949863	6.5429
7949873	5.896467
7949882	7.736911
7949894	4.866998
7949896	6.201199
7949898	6.941041
7949904	7.913551
7949916	7.729466
7949931	7.672204
7949946	5.312494
7949948	4.956568
7949954	6.638912
7949956	5.222822
7949971	6.836857
7949995	6.526625
7950003	5.385536
7950005	5.92946
7950012	5.404445
7950016	5.755792
7950023	6.037073
7950032	7.422922
7950036	6.910392
7950042	7.094207
7950062	4.537601
7950064	5.427545
7950067	7.063966
7950078	6.884246
7950082	5.654489
7950086	8.393266
7950117	2.990317
7950119	7.63068
7950128	6.536007
7950136	5.788171
7950140	6.395588
7950142	6.595809
7950162	5.043747
7950195	7.790728
7950197	7.252897
7950235	6.790346
7950248	5.815097
7950269	2.990088
7950271	7.453494
7950282	6.106155
7950284	8.285454
7950292	3.81383
7950294	5.805954
7950299	5.341963
7950307	8.299826
7950321	5.615066
7950332	5.626993
7950336	6.675512
7950370	4.878588
7950372	5.126578
7950374	4.515296
7950391	5.911637
7950409	4.615295
7950420	6.1769
7950423	5.547164
7950425	5.748836
7950442	6.278488
7950444	6.621321
7950447	5.502558
7950469	4.881465
7950471	6.443609
7950473	8.329028
7950490	9.981856
7950492	7.239341
7950501	6.01664
7950524	5.239619
7950530	2.469757
7950532	2.707194
7950534	5.592345
7950544	5.757049
7950553	2.497109
7950555	5.970515
7950560	2.950339
7950578	7.61873
7950597	6.544498
7950606	7.710458
7950626	7.226921
7950628	5.857932
7950641	5.372798
7950644	7.334411
7950654	6.063585
7950669	7.211504
7950671	6.274678
7950683	5.833498
7950699	2.312482
7950701	5.500322
7950724	1.891716
7950726	6.673606
7950731	8.305009
7950743	5.699352
7950751	4.970114
7950753	6.652963
7950762	8.073465
7950764	3.862626
7950794	4.906586
7950796	7.41757
7950804	5.398549
7950810	8.541094
7950838	10.65172
7950862	4.957187
7950864	6.94909
7950883	3.627745
7950885	5.027199
7950893	2.395842
7950895	3.990841
7950897	3.392502
7950899	6.60287
7950906	6.90414
7950921	6.257044
7950933	4.230187
7950951	3.398355
7950955	4.134986
7950965	3.912234
7950971	4.172998
7950977	3.311671
7950983	7.610563
7950990	5.181806
7951004	6.449838
7951008	7.695859
7951030	7.002227
7951032	6.246093
7951034	7.050055
7951036	8.230228
7951038	6.939305
7951040	4.828096
7951046	5.610496
7951068	3.871938
7951077	7.326555
7951089	4.662216
7951091	6.514604
7951093	5.931905
7951108	5.482127
7951112	6.551591
7951131	4.858495
7951133	6.66308
7951140	7.839057
7951144	6.024789
7951157	6.601681
7951159	4.165491
7951161	2.106305
7951163	3.889845
7951165	4.038754
7951178	3.866224
7951195	2.623906
7951205	2.491507
7951207	9.416433
7951217	9.482701
7951224	4.865396
7951235	3.983888
7951246	3.175784
7951259	4.721714
7951271	4.710813
7951284	3.479403
7951297	4.564086
7951309	6.423229
7951325	6.645835
7951335	4.151374
7951337	2.514414
7951339	2.744716
7951341	3.750246
7951343	2.055697
7951345	3.652832
7951347	3.432458
7951351	4.340728
7951363	3.440377
7951372	8.375915
7951385	4.251753
7951397	5.410509
7951408	5.183017
7951413	4.584454
7951417	3.468616
7951420	3.713732
7951422	5.558872
7951429	3.841688
7951437	4.637371
7951447	5.465311
7951467	5.212625
7951479	4.58959
7951485	6.274882
7951497	7.029033
7951521	3.896995
7951535	5.573752
7951545	8.059386
7951552	4.085831
7951554	7.461759
7951565	3.997445
7951589	5.368793
7951591	3.567613
7951593	8.212401
7951596	5.854441
7951604	2.768427
7951612	6.581425
7951614	7.989351
7951633	6.846467
7951652	6.160955
7951654	4.761285
7951660	5.711832
7951662	9.630668
7951670	2.143173
7951672	2.88677
7951679	6.163693
7951686	10.03708
7951695	4.051382
7951701	6.391997
7951703	6.454125
7951715	3.459461
7951717	4.747908
7951734	5.596895
7951752	6.032979
7951781	5.311098
7951789	3.395186
7951796	3.200689
7951807	5.704615
7951824	5.001242
7951826	5.714497
7951838	6.724232
7951853	5.447075
7951859	5.404829
7951865	6.547777
7951873	7.247665
7951896	7.239219
7951910	5.320876
7951928	4.995157
7951966	7.580268
7951977	6.291049
7951987	6.140563
7952004	6.208039
7952011	6.297401
7952022	6.358742
7952036	9.154054
7952046	9.19106
7952056	5.139003
7952065	3.597177
7952069	6.023756
7952086	4.785753
7952103	9.09686
7952116	8.039619
7952126	3.027154
7952129	10.44802
7952132	6.594078
7952145	7.467021
7952179	7.880526
7952185	6.353257
7952200	6.594506
7952205	5.744579
7952223	3.728673
7952225	5.784727
7952227	6.053002
7952243	7.524436
7952249	5.179077
7952268	5.121703
7952274	6.815081
7952290	8.94465
7952305	7.117405
7952307	5.31501
7952309	3.568148
7952313	3.949743
7952315	2.261545
7952319	2.261056
7952321	6.390141
7952325	12.95696
7952335	9.698502
7952339	10.0131
7952341	4.917459
7952350	5.79056
7952361	5.537901
7952373	3.703812
7952375	2.80385
7952377	2.830458
7952382	3.962171
7952384	6.246237
7952386	5.816104
7952388	6.846081
7952390	3.406395
7952392	3.608527
7952394	3.799073
7952398	2.826881
7952400	3.100405
7952402	3.55136
7952404	4.259166
7952406	4.264667
7952408	7.280085
7952426	9.325983
7952436	7.322979
7952445	6.994163
7952451	5.726665
7952453	6.690888
7952475	5.001242
7952484	7.425027
7952488	5.685597
7952490	5.237166
7952503	3.615147
7952517	3.457247
7952522	5.357907
7952526	5.558683
7952549	6.188646
7952557	8.894263
7952577	5.902687
7952601	7.233819
7952617	3.508903
7952626	4.534173
7952631	4.219057
7952641	8.845398
7952671	6.609308
7952673	5.001242
7952675	3.949727
7952677	6.640251
7952707	6.461493
7952733	7.060044
7952735	2.267424
7952737	5.074235
7952739	7.025826
7952750	3.329126
7952752	6.525846
7952766	6.256917
7952768	7.777308
7952781	3.77642
7952785	4.309893
7952795	6.452647
7952797	4.677383
7952805	4.592016
7952810	4.240052
7952813	5.694597
7952830	5.820409
7952869	6.294387
7952882	6.04229
7952884	5.673975
7952893	8.936678
7952897	5.543314
7952914	5.70011
7952927	6.370583
7952950	5.220469
7952953	8.448493
7952984	4.577336
7952986	6.634871
7952988	7.451699
7953012	6.375587
7953021	9.894095
7953032	6.263552
7953040	5.641167
7953094	6.154425
7953098	3.483881
7953100	9.727029
7953111	7.449718
7953128	4.103971
7953130	6.640864
7953135	6.482177
7953150	6.275012
7953166	5.822101
7953181	4.19459
7953198	2.848344
7953200	6.532156
7953211	5.509754
7953218	2.966502
7953229	4.5105
7953243	6.689219
7953252	4.478333
7953264	5.687881
7953274	4.694447
7953278	5.511746
7953284	4.199434
7953291	10.07449
7953303	7.851325
7953321	7.577166
7953333	5.831834
7953341	6.743117
7953351	6.886214
7953383	8.985555
7953385	11.49186
7953390	4.849401
7953395	7.543884
7953409	7.354286
7953418	5.952918
7953428	5.714224
7953442	5.69281
7953450	6.24121
7953469	5.353407
7953483	6.148058
7953508	8.600333
7953516	5.45923
7953518	7.081433
7953520	5.982407
7953532	5.631745
7953547	6.778034
7953564	7.267502
7953569	7.086051
7953590	6.457408
7953592	5.870129
7953594	6.493311
7953603	4.766452
7953620	4.02212
7953622	5.581928
7953626	5.717463
7953651	6.017507
7953665	5.00662
7953670	3.816281
7953675	5.205844
7953687	4.340414
7953689	4.197374
7953695	2.408682
7953697	7.877287
7953699	7.131206
7953715	7.659162
7953723	4.917551
7953733	3.175697
7953735	6.277145
7953737	3.971981
7953747	2.734522
7953749	4.39963
7953761	2.997953
7953763	5.756614
7953765	5.89368
7953775	10.9484
7953812	7.176898
7953835	4.293276
7953844	6.189456
7953871	2.433827
7953873	2.737379
7953878	7.004267
7953892	2.685707
7953901	3.625849
7953914	3.322544
7953924	3.451952
7953936	5.199322
7953943	8.187712
7953949	3.800305
7953965	5.106074
7953967	3.584745
7953975	2.303073
7953977	2.471984
7953979	2.624092
7953981	8.754358
7953993	5.936049
7954006	9.91674
7954008	2.936596
7954010	2.691274
7954012	5.458644
7954021	7.034128
7954029	8.908676
7954036	7.601419
7954055	5.662911
7954061	7.655391
7954063	8.79941
7954065	10.83548
7954071	7.285099
7954077	6.413072
7954090	13.02054
7954098	3.921056
7954100	3.269161
7954102	2.367638
7954104	8.588219
7954124	7.208158
7954132	4.098047
7954136	4.288045
7954143	4.504816
7954173	7.475191
7954185	8.406372
7954196	7.476185
7954206	2.208596
7954208	3.893545
7954240	2.40421
7954243	6.059306
7954245	7.140858
7954277	7.425735
7954279	7.600675
7954291	3.011313
7954293	4.187286
7954310	11.99359
7954312	3.766415
7954330	2.529902
7954344	2.040009
7954356	2.688026
7954375	1.966355
7954377	2.348244
7954382	5.755261
7954388	7.193538
7954398	3.180075
7954407	8.730049
7954419	7.664872
7954436	7.899394
7954460	7.036942
7954465	5.013547
7954469	5.159718
7954481	6.488662
7954488	5.133346
7954490	2.402329
7954492	7.309733
7954503	6.857882
7954511	9.028976
7954527	9.11465
7954551	4.457591
7954559	7.91089
7954589	3.51569
7954591	6.636033
7954602	4.625139
7954604	6.347128
7954613	6.242548
7954631	3.788368
7954645	6.224949
7954653	5.189754
7954655	6.139016
7954690	4.144637
7954692	5.988657
7954695	3.039869
7954697	5.229887
7954699	2.1622
7954701	4.555486
7954711	8.80117
7954717	6.545321
7954729	6.312424
7954752	7.277047
7954775	2.587004
7954777	5.572998
7954783	4.040309
7954785	3.582127
7954787	7.119747
7954789	5.371907
7954794	2.983543
7954810	5.222825
7954864	4.437477
7954899	4.537912
7954926	3.43948
7954938	3.590647
7954940	6.80654
7954961	7.339575
7954963	7.167223
7954965	3.143202
7954969	7.096025
7954985	7.090885
7954995	3.750306
7954997	7.781455
7955019	7.20677
7955043	4.942438
7955045	5.529284
7955055	6.914081
7955063	6.196224
7955076	6.601852
7955078	6.417584
7955107	6.191702
7955110	6.217629
7955112	7.015248
7955117	2.746541
7955119	3.690589
7955129	5.269832
7955132	3.795322
7955135	3.4634
7955140	2.053396
7955142	6.739672
7955156	4.556249
7955168	2.276167
7955170	6.654559
7955179	7.892046
7955184	6.053745
7955195	5.974447
7955211	4.626617
7955217	5.940466
7955231	6.090178
7955248	2.824064
7955250	6.829264
7955277	11.24604
7955290	7.578044
7955297	6.526685
7955305	5.783233
7955317	4.738499
7955331	6.845121
7955348	6.106491
7955358	6.546889
7955361	7.294304
7955376	7.640485
7955417	2.414213
7955419	4.505313
7955423	1.972898
7955425	6.721625
7955433	3.388603
7955441	7.306715
7955448	2.450895
7955450	7.3901
7955462	2.148484
7955464	10.37651
7955469	4.587143
7955502	4.863421
7955533	4.807392
7955535	7.89029
7955551	4.957354
7955562	6.1046
7955578	6.023894
7955589	8.346112
7955606	7.031462
7955613	9.42887
7955624	6.525196
7955635	4.207631
7955637	11.13825
7955646	9.169812
7955663	6.102614
7955694	7.953372
7955702	5.306159
7955719	8.180455
7955721	7.144492
7955729	7.017288
7955736	7.623185
7955768	6.738162
7955777	6.976555
7955787	8.538441
7955797	5.838865
7955810	9.06103
7955817	9.131008
7955829	6.935287
7955845	5.276523
7955852	6.751386
7955855	4.321504
7955858	4.760109
7955863	3.718286
7955865	4.939865
7955869	6.510698
7955873	4.760036
7955887	4.604782
7955890	6.274087
7955896	8.126031
7955906	4.614537
7955908	5.304338
7955943	4.92428
7955963	4.821277
7955974	4.493183
7955979	4.764116
7955981	3.131305
7955983	3.748076
7955985	3.139378
7955987	4.132515
7955989	2.362106
7955991	3.192845
7955993	3.322011
7955995	3.811042
7955997	3.490437
7955999	3.091438
7956001	2.498603
7956003	3.216476
7956005	3.479664
7956007	5.878283
7956009	5.465691
7956013	6.556895
7956018	5.817075
7956026	5.291483
7956031	7.577448
7956038	6.543749
7956044	5.615918
7956046	8.127182
7956076	6.832963
7956088	9.665391
7956097	6.726735
7956105	5.599633
7956114	6.724238
7956120	9.691572
7956152	8.906673
7956159	6.475153
7956162	5.330395
7956166	7.767879
7956200	6.495512
7956211	10.78264
7956220	6.466941
7956229	5.710668
7956242	5.396848
7956251	8.771701
7956257	6.647991
7956261	8.562488
7956269	3.612644
7956271	3.474288
7956279	3.884921
7956281	5.565298
7956285	5.982751
7956287	6.514071
7956301	6.274534
7956395	6.628378
7956399	2.081128
7956401	6.83031
7956417	3.723615
7956419	3.89232
7956423	5.119696
7956426	5.3692
7956430	4.604324
7956443	7.410622
7956470	7.327107
7956488	4.974737
7956522	4.367598
7956524	7.77374
7956539	6.028188
7956551	5.588011
7956573	4.263558
7956593	8.883941
7956613	8.830837
7956623	5.638096
7956631	5.51729
7956639	6.042969
7956648	5.464938
7956658	6.929207
7956668	7.090112
7956670	7.462163
7956697	8.423685
7956737	6.554914
7956739	2.128312
7956741	5.234282
7956743	9.946281
7956747	5.39898
7956749	5.75036
7956759	8.957829
7956783	3.700761
7956785	6.794396
7956795	7.40662
7956819	6.06111
7956826	5.702168
7956838	3.726505
7956842	6.950648
7956856	4.122931
7956867	5.460541
7956876	3.424441
7956878	3.978634
7956894	4.991304
7956908	4.762424
7956910	8.033508
7956930	7.171042
7956937	9.686021
7956949	6.44815
7956978	6.55523
7956987	4.476642
7956989	9.124331
7957006	2.179631
7957008	7.759753
7957023	8.745767
7957032	6.116218
7957043	7.335642
7957052	7.567554
7957072	5.901613
7957092	3.794176
7957106	7.435526
7957126	4.750701
7957140	3.273542
7957159	4.621283
7957161	3.054411
7957167	6.918166
7957177	9.569175
7957186	8.890584
7957205	3.564098
7957221	4.158935
7957242	8.151919
7957245	3.377898
7957253	2.772893
7957260	7.452237
7957271	5.241628
7957273	2.585832
7957275	8.554504
7957277	6.903357
7957298	4.793567
7957338	3.855521
7957351	2.591168
7957373	4.586425
7957379	4.37643
7957386	6.105494
7957404	5.495748
7957417	6.778816
7957431	3.531374
7957433	3.292253
7957452	3.418975
7957458	3.565214
7957467	7.480551
7957476	3.975038
7957478	6.687281
7957495	2.228924
7957499	3.184728
7957503	4.456441
7957508	2.524039
7957510	5.209386
7957514	4.63459
7957528	2.243319
7957530	7.585487
7957532	2.710239
7957534	2.661311
7957536	7.338133
7957540	6.873794
7957549	6.619006
7957551	5.771844
7957560	5.88531
7957570	5.494741
7957602	3.337677
7957604	8.127587
7957606	4.14998
7957608	7.039704
7957611	5.122119
7957613	7.236473
7957627	2.437056
7957629	2.524881
7957631	5.144928
7957633	7.04504
7957649	4.196245
7957654	5.31427
7957665	8.127134
7957673	3.414965
7957688	2.337231
7957715	5.983137
7957733	2.069576
7957735	2.559192
7957737	7.679846
7957746	8.76091
7957759	7.645469
7957790	3.96718
7957793	5.633453
7957806	9.705992
7957819	5.503263
7957833	3.297474
7957835	4.471895
7957850	5.913775
7957861	3.640791
7957890	5.436271
7957956	2.495913
7957958	1.986221
7957960	5.216486
7957962	2.70662
7957966	6.879457
7958000	8.672485
7958011	6.170812
7958015	4.593268
7958017	2.676745
7958019	6.570889
7958031	3.053239
7958051	4.605932
7958056	4.460943
7958128	2.161992
7958130	10.30451
7958147	6.559598
7958152	8.338548
7958158	5.429031
7958174	10.65644
7958197	9.216283
7958200	8.244228
7958202	6.558371
7958207	5.108623
7958209	2.673592
7958211	5.317658
7958216	7.081669
7958253	5.338217
7958262	10.99627
7958273	8.371872
7958275	7.048153
7958305	3.808568
7958331	5.7371
7958346	6.244752
7958352	5.319944
7958375	5.818904
7958377	2.297893
7958379	6.912973
7958396	3.539574
7958398	5.986137
7958410	6.804981
7958414	8.008365
7958423	4.27406
7958425	3.838851
7958439	6.8395
7958453	6.922918
7958455	6.242795
7958466	5.964751
7958524	3.391017
7958532	8.230246
7958565	5.966199
7958577	7.399625
7958582	7.113868
7958600	9.58359
7958620	4.209847
7958644	9.04002
7958666	3.467855
7958677	3.014458
7958692	6.408272
7958711	3.66294
7958724	6.563139
7958726	5.597496
7958749	6.242758
7958759	4.536398
7958761	6.041384
7958784	6.773015
7958800	6.740965
7958819	7.819453
7958826	2.345708
7958828	7.634347
7958842	4.088152
7958844	2.249521
7958846	8.368615
7958860	5.164219
7958884	8.565727
7958895	7.540706
7958913	7.636935
7958931	6.030548
7958942	6.611957
7958948	7.294504
7958950	6.690843
7958960	8.54851
7958989	6.524096
7959002	6.797624
7959010	4.986301
7959012	4.097479
7959014	2.38672
7959016	4.926494
7959023	9.997659
7959025	4.837981
7959039	6.470901
7959052	5.311352
7959070	8.954442
7959078	9.321435
7959080	8.021249
7959085	3.441495
7959087	5.1617
7959100	5.605809
7959102	11.98031
7959108	5.528695
7959123	8.17887
7959131	7.555095
7959144	5.989459
7959146	7.510939
7959148	5.240342
7959153	9.964146
7959157	8.470978
7959164	8.566076
7959173	10.00562
7959195	6.071304
7959205	7.890756
7959212	6.46629
7959220	6.88584
7959232	6.332861
7959234	5.618591
7959249	7.089943
7959251	5.266044
7959267	6.148636
7959282	7.914271
7959292	3.348276
7959294	6.754269
7959298	5.750484
7959312	5.07887
7959314	6.980063
7959322	5.906322
7959330	4.382175
7959354	7.05865
7959361	7.638043
7959386	4.42173
7959402	5.869526
7959408	4.991404
7959473	6.051626
7959482	4.248866
7959484	4.039746
7959500	7.680116
7959535	6.609163
7959549	8.04332
7959563	5.320179
7959572	2.575656
7959574	7.383235
7959586	6.040458
7959597	9.828676
7959604	6.207399
7959621	5.862768
7959623	6.049226
7959638	5.791114
7959657	6.250463
7959681	4.245738
7959696	5.056821
7959751	7.955276
7959761	6.097585
7959772	5.811148
7959775	2.340999
7959777	6.36586
7959786	6.119663
7959807	4.20476
7959818	3.891297
7959827	4.77592
7959834	5.197848
7959848	7.598976
7959850	6.523741
7959856	4.701233
7959880	10.16281
7959882	8.106091
7959891	4.356642
7959893	5.200162
7959921	6.034631
7959925	5.224917
7959927	7.831893
7959946	6.774291
7959957	7.908415
7959986	6.614761
7959995	6.849861
7960052	7.104874
7960054	5.982758
7960068	6.307305
7960088	7.82834
7960099	6.264327
7960117	7.008687
7960124	7.475389
7960131	9.580818
7960134	5.593986
7960143	6.736272
7960150	6.155688
7960158	5.095297
7960165	5.981918
7960172	2.728514
7960177	6.424224
7960201	5.841947
7960221	7.473732
7960253	6.636994
7960259	2.75282
7960261	7.02951
7960280	7.400837
7960283	6.150136
7960320	5.282064
7960331	5.682449
7960338	6.371105
7960340	4.767454
7960355	4.918472
7960357	7.497684
7960362	7.065912
7960365	7.002375
7960370	6.886388
7960381	4.703449
7960383	5.283316
7960397	5.97344
7960407	6.522346
7960411	5.672895
7960427	4.229586
7960434	4.235281
7960436	4.503459
7960438	4.978141
7960464	5.733611
7960512	7.997779
7960514	4.632545
7960516	5.366437
7960518	8.462057
7960529	9.611061
7960544	6.507606
7960553	8.107947
7960559	6.070595
7960575	6.853317
7960594	8.976377
7960635	6.80067
7960637	7.146879
7960642	5.480032
7960654	7.864257
7960666	7.348224
7960682	5.413822
7960689	8.643653
7960700	3.711533
7960702	5.375422
7960709	7.447583
7960716	8.058926
7960728	8.398928
7960730	9.20354
7960744	6.392316
7960757	6.198453
7960764	6.677683
7960771	5.963812
7960794	5.388726
7960813	2.275747
7960815	2.420834
7960817	2.175998
7960819	6.963255
7960821	3.509983
7960828	3.619235
7960832	4.681264
7960848	2.13653
7960850	6.334572
7960861	2.69044
7960863	6.000082
7960865	7.844885
7960874	5.533113
7960878	6.627276
7960881	5.163767
7960889	6.238023
7960894	8.57091
7960896	7.520051
7960898	6.799327
7960900	3.528544
7960910	4.213918
7960919	3.901571
7960933	9.071034
7960942	3.493662
7960947	6.144294
7960984	4.500773
7961022	10.09845
7961024	2.420155
7961026	2.366575
7961031	6.313653
7961059	5.005859
7961067	4.574197
7961069	3.271069
7961075	5.505983
7961083	4.399831
7961091	3.333379
7961097	5.136944
7961102	4.321966
7961111	3.672383
7961120	4.534456
7961142	5.927772
7961151	4.110926
7961166	4.043327
7961173	5.007087
7961175	2.627391
7961182	3.149001
7961187	3.475823
7961198	3.420373
7961208	6.479104
7961215	7.699771
7961230	9.494279
7961239	2.501537
7961243	2.829627
7961245	3.247583
7961249	3.560183
7961252	6.26812
7961259	5.006596
7961269	4.708405
7961275	4.307196
7961279	4.483335
7961281	3.661114
7961285	4.43148
7961287	4.620912
7961291	4.821096
7961293	3.02571
7961295	3.751578
7961298	3.632334
7961300	7.525671
7961306	6.094402
7961320	6.08841
7961339	6.600498
7961363	5.50089
7961365	6.831728
7961371	9.228728
7961381	3.250886
7961386	5.658627
7961390	7.810907
7961399	4.371672
7961413	6.249581
7961418	6.373772
7961420	2.650387
7961422	4.93797
7961438	5.596874
7961440	9.366607
7961453	6.609772
7961455	3.663765
7961483	7.914893
7961489	6.738939
7961503	2.795471
7961507	3.641953
7961514	3.79262
7961524	8.77626
7961532	11.09162
7961540	4.716724
7961546	8.109567
7961569	4.653572
7961571	3.80709
7961580	5.176786
7961593	2.943788
7961595	3.534987
7961602	3.979414
7961604	3.180158
7961622	5.294538
7961624	2.135457
7961626	2.996527
7961652	3.892481
7961654	5.426856
7961673	6.796722
7961693	9.196718
7961702	4.467222
7961710	4.210933
7961755	3.304148
7961757	5.035458
7961767	7.021687
7961798	4.444237
7961820	4.754745
7961829	5.90184
7961844	2.964594
7961865	8.205481
7961873	2.547224
7961875	2.973858
7961887	7.488058
7961889	5.333866
7961891	7.171253
7961900	6.056242
7961960	3.748777
7961962	5.015683
7961964	5.503782
7961983	8.03886
7961998	5.735029
7962000	4.00107
7962013	6.441266
7962029	4.052325
7962058	4.233368
7962083	6.071503
7962085	6.806427
7962112	5.300662
7962137	2.161992
7962139	3.673496
7962146	5.657019
7962151	4.383536
7962183	7.065755
7962185	6.575385
7962194	11.14742
7962197	3.663836
7962199	2.283024
7962201	2.680556
7962203	6.063989
7962212	7.30536
7962226	5.475336
7962236	2.713541
7962238	4.266839
7962240	7.829001
7962242	3.211813
7962246	4.858347
7962248	2.62225
7962250	4.73967
7962274	6.159949
7962312	3.92224
7962325	4.117444
7962327	5.102277
7962341	2.508323
7962343	2.65507
7962345	2.518513
7962347	2.450925
7962349	5.878485
7962358	6.576585
7962367	6.761786
7962375	5.325516
7962384	3.941676
7962427	5.825153
7962441	9.25224
7962455	4.372419
7962479	3.187812
7962481	3.376746
7962487	3.029805
7962489	6.716349
7962499	6.78582
7962516	8.871404
7962537	9.927537
7962557	4.867523
7962559	4.69812
7962579	6.833663
7962588	4.021825
7962590	4.550822
7962608	5.558736
7962623	6.037985
7962625	6.682969
7962659	7.976841
7962689	6.977466
7962703	6.72082
7962760	5.891862
7962783	6.890227
7962792	3.778216
7962794	5.283968
7962804	2.94654
7962811	6.200025
7962827	3.058619
7962829	4.144354
7962831	7.711575
7962842	7.923512
7962869	7.847744
7962884	7.941232
7962893	5.622007
7962895	6.465624
7962904	8.968994
7962916	2.66151
7962918	6.569754
7962930	6.094088
7962935	7.942224
7962951	6.934338
7963009	5.440308
7963020	5.727186
7963024	7.681552
7963046	9.236924
7963052	5.215554
7963054	6.786981
7963061	6.796824
7963064	6.702151
7963084	4.727342
7963092	5.89614
7963121	6.531675
7963134	5.928675
7963137	6.903612
7963139	6.172711
7963142	5.634276
7963157	6.067463
7963174	6.206671
7963187	9.157273
7963201	2.056018
7963203	3.328413
7963206	4.389786
7963208	2.875146
7963210	3.45114
7963212	8.229937
7963233	3.038077
7963235	7.317361
7963244	7.062291
7963261	6.857646
7963263	4.712892
7963265	6.537899
7963280	9.549931
7963289	4.652259
7963304	5.861581
7963313	5.746791
7963328	4.715973
7963333	9.402164
7963348	6.174376
7963353	5.915961
7963359	6.046602
7963366	4.940477
7963375	5.645559
7963386	5.115659
7963396	4.040152
7963406	8.758636
7963410	11.0443
7963421	10.36224
7963427	6.553996
7963438	5.875578
7963448	5.20174
7963459	5.158359
7963471	4.992557
7963479	4.557662
7963491	5.1318
7963502	6.70775
7963513	4.254329
7963523	5.759929
7963534	11.13837
7963545	6.256526
7963555	11.26496
7963567	11.61698
7963575	5.156092
7963577	7.469103
7963588	2.407733
7963590	7.310686
7963614	7.327435
7963631	8.227772
7963646	6.931768
7963664	6.24867
7963670	5.310322
7963689	5.662504
7963696	5.371864
7963698	6.581804
7963713	7.718822
7963721	9.033325
7963739	4.308875
7963741	6.88416
7963750	7.058732
7963758	2.63021
7963760	5.341279
7963768	2.005664
7963770	5.29114
7963774	7.104309
7963786	5.758752
7963817	3.05231
7963826	6.125958
7963837	5.567436
7963845	4.940476
7963851	4.308875
7963863	2.674116
7963865	3.429082
7963869	7.082207
7963878	2.218286
7963880	5.268382
7963911	9.835743
7963923	6.117632
7963935	6.959401
7963946	5.682008
7963965	7.135673
7963970	5.10589
7963986	7.028719
7963988	8.504633
7964021	6.545456
7964033	6.504905
7964064	8.841688
7964076	7.24468
7964089	6.865965
7964119	7.922461
7964142	4.448042
7964145	5.318937
7964177	5.069784
7964183	5.214971
7964203	8.241904
7964234	10.69457
7964246	6.77717
7964248	5.400812
7964250	9.377663
7964260	6.292727
7964262	9.319807
7964271	4.823995
7964285	6.027203
7964292	4.976907
7964300	5.59685
7964303	5.07387
7964316	5.214273
7964347	6.061703
7964360	8.595594
7964388	6.867287
7964400	5.33031
7964413	6.560085
7964436	6.118597
7964460	8.084837
7964466	7.672199
7964484	5.384706
7964499	5.523091
7964522	7.372134
7964535	5.463297
7964548	5.195109
7964555	6.351779
7964575	6.146205
7964577	6.143085
7964579	9.685002
7964592	3.653642
7964594	3.463282
7964602	5.8338
7964625	2.048245
7964627	2.12241
7964629	2.601177
7964631	4.424023
7964640	3.164705
7964642	6.288378
7964646	6.683162
7964658	6.472126
7964660	4.697182
7964665	3.239524
7964675	5.157213
7964677	5.528442
7964687	5.782019
7964699	2.675541
7964701	8.7279
7964718	4.334859
7964722	4.475942
7964733	3.116359
7964736	5.538901
7964739	7.89044
7964745	8.18748
7964757	6.026294
7964759	5.106073
7964785	2.966288
7964787	4.262802
7964795	2.685876
7964803	3.707675
7964810	4.970949
7964828	8.001126
7964830	6.497725
7964832	5.655016
7964834	8.188378
7964846	5.113534
7964852	2.986582
7964868	2.712487
7964872	3.83052
7964907	5.124612
7964927	4.521646
7964937	7.486963
7964976	6.563728
7964979	2.154978
7964981	2.635101
7964983	3.468282
7964985	5.664238
7964987	5.160091
7964997	3.698925
7965022	7.091008
7965036	7.693824
7965038	5.750296
7965040	11.674
7965048	8.187977
7965060	4.113774
7965064	8.327744
7965090	6.707025
7965094	5.355866
7965108	3.046988
7965110	3.777006
7965112	7.584963
7965123	7.567001
7965150	3.544771
7965152	4.542846
7965154	4.041321
7965156	3.798863
7965166	4.177423
7965200	4.945265
7965206	3.252677
7965226	4.212127
7965231	2.92321
7965245	4.879383
7965249	3.263734
7965264	4.569093
7965322	5.441253
7965335	8.627316
7965343	7.346268
7965357	8.80627
7965359	8.26131
7965384	4.372944
7965390	3.825796
7965398	3.713205
7965403	2.498273
7965410	3.226221
7965423	9.955998
7965429	3.697519
7965431	4.756052
7965436	6.827839
7965467	10.81713
7965469	2.524604
7965471	7.235099
7965478	6.974233
7965480	8.396739
7965484	5.784647
7965486	4.108486
7965508	5.137833
7965510	6.867746
7965515	7.290838
7965523	5.557145
7965541	8.438436
7965565	3.794241
7965573	9.074967
7965587	2.765768
7965589	2.936625
7965606	6.770576
7965627	8.429453
7965652	5.455275
7965671	3.276795
7965673	5.398419
7965675	7.080927
7965677	2.675682
7965679	4.139731
7965681	4.061892
7965686	3.837389
7965721	5.902433
7965723	6.282606
7965746	5.701195
7965760	3.437658
7965767	2.351089
7965769	4.269227
7965787	2.459662
7965789	7.486037
7965800	3.290787
7965812	7.513226
7965840	3.521335
7965846	6.309656
7965855	6.362171
7965867	2.351795
7965873	3.707285
7965884	3.772617
7965900	4.007582
7965916	2.218244
7965918	5.057487
7965935	3.066891
7965941	3.958161
7965956	5.778974
7965964	4.358558
7965976	5.997219
7965979	3.799158
7966003	7.673246
7966026	5.420501
7966035	8.452667
7966046	5.986163
7966052	7.676769
7966068	3.700859
7966070	2.624972
7966072	8.601837
7966089	4.054247
7966098	7.526638
7966122	6.18499
7966127	6.287424
7966135	8.737897
7966148	2.178337
7966150	5.742199
7966172	3.838181
7966181	2.264298
7966183	5.74753
7966189	6.240919
7966202	7.15368
7966213	5.614263
7966223	5.486966
7966225	3.819923
7966227	3.374155
7966229	3.636616
7966234	6.478095
7966257	6.455164
7966259	9.12171
7966266	5.698587
7966268	7.164963
7966293	6.350165
7966301	7.193647
7966315	10.60436
7966321	6.07071
7966332	6.850285
7966343	6.213268
7966345	8.654949
7966356	5.866997
7966368	9.531609
7966379	3.834558
7966389	7.039778
7966397	9.281231
7966427	7.626748
7966441	4.281926
7966448	6.884686
7966462	6.692601
7966488	7.006532
7966517	7.705327
7966534	10.0848
7966542	6.791887
7966568	2.023343
7966570	7.203254
7966594	2.623141
7966596	5.693146
7966600	7.55962
7966621	5.18222
7966631	5.289567
7966638	6.908665
7966666	8.132145
7966668	5.5581
7966686	4.140231
7966688	2.256034
7966690	8.861302
7966706	8.667613
7966738	7.840918
7966746	7.978792
7966749	7.301139
7966760	7.395286
7966779	5.089745
7966810	6.431129
7966829	8.90764
7966839	7.532979
7966851	8.166706
7966876	5.088583
7966878	5.140734
7966929	7.896714
7966938	7.965413
7966996	9.420527
7967002	7.615728
7967021	6.633415
7967025	7.972805
7967028	3.43614
7967030	6.698494
7967032	5.674048
7967034	4.215788
7967039	6.205088
7967056	6.31371
7967060	8.811887
7967067	5.275885
7967072	6.512589
7967082	2.979934
7967084	4.920815
7967089	5.283919
7967091	7.872014
7967107	4.772149
7967109	6.17706
7967117	5.963839
7967127	6.319767
7967149	6.816365
7967175	5.513948
7967193	5.568277
7967202	7.254073
7967210	6.713424
7967212	5.531996
7967226	4.473242
7967230	6.860136
7967240	6.515284
7967255	8.305285
7967287	6.616438
7967304	8.833517
7967318	6.929319
7967322	6.021982
7967325	4.564893
7967331	9.138458
7967337	4.523184
7967358	5.729201
7967386	4.581803
7967412	8.026751
7967418	4.308768
7967420	8.108723
7967452	5.438894
7967454	5.635389
7967456	5.271047
7967463	4.808443
7967473	7.583963
7967486	4.839872
7967493	7.482738
7967544	7.093993
7967563	13.85185
7967586	6.125356
7967588	6.236747
7967620	12.38648
7967622	4.210361
7967624	6.783518
7967636	5.453561
7967641	5.776342
7967654	2.276167
7967656	3.308121
7967658	3.682854
7967660	5.405522
7967685	4.376814
7967700	5.370229
7967702	5.53439
7967705	5.224917
7967707	5.793061
7967709	6.63833
7967711	6.325254
7967727	5.568204
7967736	6.044989
7967789	7.268199
7967792	5.798398
7967794	8.527233
7967810	7.62828
7967841	7.81401
7967863	4.018645
7967868	2.195752
7967870	5.15518
7967872	6.403821
7967874	4.793374
7967876	3.527076
7967879	6.640089
7967881	7.0287
7967896	3.504807
7967898	5.503341
7967900	8.674297
7967933	4.685909
7967969	7.649614
7967976	8.900114
7967987	6.847657
7967993	3.118933
7968000	4.13508
7968002	2.253154
7968004	4.328234
7968015	5.565579
7968029	4.259996
7968035	5.877821
7968052	2.77835
7968056	2.967342
7968062	6.401545
7968085	2.722088
7968126	6.922246
7968128	7.368199
7968132	6.721539
7968154	4.14808
7968195	2.525305
7968197	3.385615
7968199	7.216796
7968212	5.558802
7968226	8.662663
7968232	3.602364
7968234	5.625814
7968236	6.115476
7968242	6.613883
7968254	7.269228
7968260	6.955316
7968265	6.172453
7968270	7.082518
7968272	7.601464
7968274	8.278503
7968295	4.060086
7968297	7.048727
7968307	5.46006
7968323	4.83762
7968329	3.677823
7968331	8.949826
7968333	6.965711
7968344	6.52935
7968351	4.452115
7968361	2.631782
7968370	4.284358
7968389	2.608294
7968411	6.767568
7968417	6.780178
7968484	3.820584
7968514	3.994438
7968516	6.961306
7968556	5.367498
7968563	5.111233
7968577	5.876937
7968630	4.328525
7968632	3.422439
7968637	4.543531
7968650	6.141445
7968653	4.810941
7968658	5.574819
7968670	7.389833
7968678	6.974791
7968703	7.204033
7968711	7.507172
7968732	2.488945
7968734	4.956207
7968746	5.104873
7968759	6.353485
7968761	5.918626
7968787	7.295717
7968789	6.075562
7968796	4.825791
7968798	4.907124
7968800	7.119999
7968835	6.646309
7968851	4.76471
7968866	3.039368
7968872	4.488669
7968883	5.531042
7968890	6.781074
7968892	5.00645
7968898	6.898563
7968915	5.401911
7968926	5.04228
7968928	7.022143
7968931	7.37675
7968957	4.587701
7968962	2.77511
7968970	3.043721
7968972	7.046389
7968976	5.557183
7968999	5.611194
7969003	10.50855
7969017	7.119716
7969048	9.371757
7969050	3.811571
7969058	6.378398
7969060	7.53168
7969091	4.351213
7969093	5.545308
7969096	5.457782
7969114	5.319918
7969129	6.62978
7969143	6.469662
7969145	4.534831
7969151	3.39871
7969153	6.942779
7969166	5.35187
7969171	4.034158
7969177	7.113187
7969179	5.449015
7969192	4.688787
7969202	5.452062
7969204	6.913468
7969222	5.422964
7969228	6.728752
7969241	5.493319
7969243	5.330225
7969256	4.995932
7969263	4.305076
7969271	6.838964
7969286	4.697315
7969288	11.77496
7969298	5.447608
7969300	5.724082
7969306	5.724082
7969312	5.724082
7969318	5.724082
7969324	5.724082
7969330	5.692546
7969339	3.997624
7969341	5.262628
7969358	3.780893
7969360	2.563628
7969364	2.82315
7969366	2.738781
7969368	6.408951
7969370	6.74685
7969372	5.534072
7969374	4.763595
7969390	5.782246
7969414	9.735662
7969424	2.56635
7969426	3.83
7969428	7.594895
7969438	10.74237
7969472	8.719413
7969477	5.81005
7969479	4.502423
7969482	4.034418
7969488	5.770913
7969493	11.26904
7969531	6.517943
7969533	6.305905
7969544	9.103986
7969559	9.335514
7969563	2.092737
7969565	2.632584
7969567	2.995113
7969569	5.48556
7969574	11.46102
7969576	4.527677
7969596	4.043905
7969609	3.874962
7969611	3.675605
7969613	4.613882
7969626	5.696403
7969638	3.606002
7969640	3.911301
7969651	8.069846
7969665	6.318756
7969671	7.301275
7969675	3.358783
7969677	9.144543
7969693	7.380637
7969701	2.608799
7969703	7.087579
7969736	7.371586
7969770	2.708103
7969772	7.944384
7969774	2.77108
7969776	7.690278
7969792	13.30036
7969794	5.263479
7969796	10.06807
7969815	5.318174
7969828	4.702867
7969830	6.745543
7969835	6.470917
7969861	5.905185
7969879	3.456323
7969881	7.86372
7969914	2.579671
7969916	5.401067
7969933	6.676804
7969935	8.283086
7969955	4.351943
7969959	3.063945
7969975	6.047791
7969977	5.822769
7969979	7.009272
7969986	4.614887
7969995	5.155261
7970031	5.175434
7970033	6.72135
7970082	5.967405
7970084	7.143724
7970096	6.867873
7970111	7.810135
7970139	5.961651
7970146	5.949985
7970150	3.005078
7970158	3.614112
7970162	6.825398
7970194	6.498551
7970232	6.800717
7970241	6.741655
7970251	4.811615
7970262	7.404963
7970287	8.319674
7970301	7.256394
7970317	7.281362
7970325	5.558534
7970329	5.693637
7970347	6.796485
7970370	8.353306
7970376	5.076537
7970381	6.437916
7970388	5.671001
7970390	2.343686
7970392	5.760172
7970395	6.819824
7970404	3.747343
7970413	7.65566
7970428	6.400593
7970439	6.721024
7970441	6.861993
7970448	5.670712
7970455	6.769348
7970467	5.321597
7970473	5.744131
7970498	8.025883
7970507	5.062893
7970509	2.719261
7970511	2.466026
7970513	3.637204
7970524	8.682643
7970542	4.662886
7970546	6.635327
7970563	2.838368
7970565	9.631359
7970567	2.723058
7970569	4.051145
7970577	5.531264
7970595	3.784804
7970597	6.208339
7970602	8.82762
7970622	2.225836
7970624	5.434635
7970648	6.295825
7970655	6.331423
7970672	4.411583
7970676	6.047242
7970681	6.204594
7970691	5.452392
7970696	6.913558
7970702	2.51739
7970704	6.774127
7970716	8.724248
7970727	6.250368
7970732	5.803793
7970735	7.425893
7970737	4.658006
7970763	4.138919
7970793	4.644569
7970804	5.019755
7970806	5.296431
7970810	7.356315
7970828	5.172597
7970831	8.735652
7970840	4.528697
7970842	10.2275
7970844	4.312362
7970858	7.319095
7970864	10.99835
7970887	3.267208
7970892	4.781306
7970905	3.555388
7970907	7.925062
7970922	2.269882
7970924	4.996277
7970947	2.499878
7970949	4.934459
7970954	4.596508
7970973	5.364273
7970975	5.741446
7970989	6.056945
7970999	6.463905
7971013	4.672974
7971015	5.316765
7971027	5.467054
7971039	6.715386
7971071	6.215975
7971075	2.911519
7971077	3.160728
7971104	3.779163
7971122	4.350554
7971126	3.627268
7971134	7.186643
7971150	5.716528
7971159	3.921391
7971161	2.562172
7971163	8.525155
7971165	5.208382
7971167	4.468402
7971177	7.939273
7971184	6.124724
7971191	5.74655
7971197	9.571283
7971208	6.47586
7971216	4.583667
7971218	5.849928
7971222	5.613652
7971239	4.761892
7971241	7.314021
7971243	5.427921
7971246	6.685503
7971294	5.112557
7971296	5.054484
7971311	4.149581
7971335	4.802654
7971345	5.437698
7971350	7.510173
7971359	3.167331
7971361	6.609296
7971367	2.079922
7971369	4.505856
7971373	8.335776
7971375	10.00223
7971386	6.92278
7971388	4.858731
7971400	3.665093
7971415	2.491992
7971417	2.907595
7971419	4.997475
7971422	6.495889
7971444	3.283282
7971461	8.15771
7971482	5.95577
7971484	1.948294
7971486	5.414263
7971513	5.585353
7971526	3.131305
7971535	3.714326
7971537	4.41971
7971539	5.763702
7971541	7.624638
7971550	6.538856
7971561	3.823687
7971563	7.729317
7971565	6.473511
7971573	5.46019
7971590	7.784812
7971602	6.22315
7971615	7.352358
7971620	6.474398
7971642	3.428073
7971644	6.556868
7971653	6.063796
7971659	3.663228
7971661	5.213338
7971663	6.766073
7971669	4.16395
7971671	3.931843
7971690	3.586683
7971692	7.955474
7971711	4.517899
7971713	6.358437
7971723	5.698827
7971727	2.706781
7971731	5.826969
7971757	4.300772
7971780	5.16146
7971800	5.26843
7971813	5.351599
7971820	7.424505
7971838	3.306427
7971850	5.898482
7971858	9.197085
7971860	4.266033
7971862	6.625049
7971864	5.743429
7971866	3.145216
7971901	2.328621
7971905	6.156559
7971911	3.989354
7971913	4.805437
7971915	5.593089
7971920	9.977039
7971922	3.723966
7971931	2.776157
7971933	2.606941
7971935	1.996861
7971937	4.109957
7971950	4.862575
7971965	4.085463
7971967	7.497973
7971996	4.380832
7971998	7.44152
7972001	4.36269
7972003	5.125376
7972016	2.439773
7972018	2.848676
7972021	6.656023
7972044	5.71699
7972053	2.837195
7972055	6.553492
7972062	9.18243
7972069	7.07614
7972157	3.624145
7972173	4.476485
7972175	3.599756
7972177	5.233745
7972180	5.554157
7972190	6.924621
7972215	5.538739
7972217	3.906544
7972223	2.521305
7972225	3.399209
7972229	2.4312
7972231	4.053062
7972237	2.837623
7972239	5.915208
7972247	4.871802
7972251	4.609391
7972253	4.673775
7972255	2.276167
7972257	3.834807
7972259	3.775156
7972269	5.203719
7972287	3.166125
7972289	2.861859
7972291	5.357941
7972297	7.00132
7972334	3.050103
7972336	4.501956
7972365	2.089794
7972367	2.303185
7972369	6.03649
7972416	4.14187
7972418	2.351826
7972420	3.268271
7972426	5.092752
7972428	4.127793
7972438	6.58296
7972442	6.114581
7972444	9.231098
7972461	7.565689
7972487	8.923813
7972546	4.565796
7972548	3.817025
7972557	4.454133
7972561	4.097437
7972563	2.272997
7972565	2.350974
7972567	6.210688
7972570	6.456386
7972577	7.083066
7972579	7.076051
7972601	3.945096
7972650	3.947379
7972661	3.897968
7972663	5.619456
7972665	3.131305
7972670	3.375416
7972672	3.205648
7972674	3.90215
7972682	4.037228
7972692	4.663603
7972699	3.955368
7972709	3.080513
7972711	6.423552
7972713	7.293305
7972723	8.994269
7972733	5.384827
7972735	2.497857
7972737	5.972477
7972743	4.04296
7972745	6.726365
7972750	5.54637
7972803	2.502643
7972805	5.468806
7972808	6.1057
7972810	6.503738
7972826	4.500574
7972828	7.387721
7972840	6.07727
7972867	6.596611
7972888	6.199347
7972890	8.090855
7972899	6.614356
7972902	5.091869
7972912	6.678309
7972921	5.794353
7972923	5.223874
7972932	5.264263
7972936	5.090723
7972946	6.07075
7972973	6.935702
7972977	6.882947
7972979	2.357113
7972981	3.740605
7972983	4.064601
7973002	6.073906
7973004	3.04314
7973006	3.444902
7973008	3.283523
7973010	4.248094
7973012	3.697498
7973014	2.585956
7973016	3.335527
7973018	2.989993
7973020	4.420885
7973022	3.584056
7973024	3.488729
7973026	4.268342
7973028	3.061989
7973030	3.362941
7973032	3.881724
7973034	2.536447
7973036	5.765296
7973054	9.961932
7973056	8.342355
7973067	7.536691
7973078	3.787222
7973080	5.557023
7973082	3.439619
7973084	5.883331
7973093	3.192627
7973098	3.470331
7973101	5.149725
7973105	5.831793
7973108	5.53329
7973110	4.604071
7973114	6.041966
7973116	7.008089
7973135	4.945344
7973142	5.400327
7973149	10.43092
7973156	5.201175
7973158	6.974466
7973182	3.445568
7973185	3.519625
7973214	7.747194
7973221	4.863923
7973296	4.235112
7973298	3.909789
7973303	4.992075
7973306	8.452021
7973314	8.596345
7973327	5.956867
7973336	7.62153
7973350	2.28714
7973352	10.13814
7973363	5.826447
7973369	3.464203
7973371	6.853882
7973377	6.616592
7973384	8.569021
7973393	5.807066
7973403	5.529098
7973414	5.831036
7973427	5.370264
7973433	10.99472
7973444	4.035828
7973446	3.942679
7973448	6.807359
7973458	6.794068
7973468	5.882057
7973510	5.356527
7973530	6.335726
7973545	7.585784
7973564	7.654573
7973580	5.909057
7973584	6.542305
7973611	6.196135
7973613	6.177593
7973618	8.029735
7973629	6.119565
7973652	4.812426
7973660	7.697718
7973679	6.423076
7973694	6.159735
7973702	5.254016
7973709	6.229382
7973724	7.241349
7973727	7.002185
7973732	7.438872
7973743	4.476642
7973745	5.946015
7973752	3.167924
7973754	2.048608
7973756	5.748442
7973770	6.602708
7973797	4.730397
7973813	4.89996
7973820	2.258174
7973826	5.975199
7973838	2.079082
7973840	8.526108
7973850	4.592759
7973867	8.952068
7973869	3.422411
7973871	11.49995
7973873	3.959072
7973875	3.858429
7973894	5.053744
7973896	11.00164
7973898	6.910382
7973900	3.343701
7973902	8.650333
7973918	5.623621
7973924	6.169492
7973936	8.052362
7973943	5.520938
7973946	3.940331
7973948	4.353113
7973962	4.453192
7973966	5.820222
7973968	3.665387
7973970	5.862188
7973972	5.195952
7973974	9.736615
7973983	3.169616
7973985	4.992731
7974008	5.144638
7974027	3.962965
7974029	3.796502
7974047	5.059826
7974052	2.419636
7974054	4.317789
7974066	9.064777
7974080	3.224928
7974090	5.661566
7974109	3.565613
7974117	4.999919
7974125	6.076178
7974146	6.039793
7974164	4.386935
7974166	3.95766
7974190	6.731014
7974192	3.108299
7974194	5.777007
7974198	5.337584
7974207	6.554335
7974212	4.709079
7974214	5.086571
7974229	8.780175
7974245	3.000241
7974247	2.406107
7974249	9.690001
7974253	7.190373
7974255	7.369315
7974257	5.956766
7974270	6.45165
7974288	5.292209
7974303	7.664612
7974314	4.646445
7974316	6.170614
7974337	3.278316
7974339	5.335005
7974341	5.034955
7974352	6.747817
7974363	4.615799
7974366	4.621024
7974372	5.141743
7974380	8.531626
7974387	7.182073
7974402	4.32465
7974404	2.526451
7974418	4.265866
7974425	5.625443
7974445	3.152738
7974447	4.966788
7974455	8.803891
7974461	10.18643
7974471	5.710566
7974473	10.11839
7974479	8.032443
7974481	9.334276
7974483	7.894249
7974531	5.815709
7974533	6.488959
7974542	5.998319
7974562	3.097211
7974564	2.773704
7974566	6.888911
7974576	7.448211
7974585	5.307908
7974587	7.812791
7974603	6.613444
7974617	4.519432
7974619	3.346812
7974621	7.12766
7974647	5.130675
7974653	5.402509
7974687	2.724262
7974689	5.090273
7974695	4.960426
7974697	6.76047
7974725	7.53826
7974737	2.675194
7974771	6.190067
7974781	7.696148
7974793	7.130078
7974799	5.740463
7974811	3.501514
7974814	3.302368
7974816	5.844831
7974835	9.294857
7974851	9.125769
7974870	6.118597
7974882	5.433316
7974895	2.798191
7974900	5.611406
7974902	4.054694
7974912	2.357203
7974914	5.574489
7974916	4.484901
7974920	7.225586
7975045	6.738028
7975066	3.550646
7975068	6.598927
7975076	7.402706
7975081	5.685936
7975095	6.20816
7975113	6.540792
7975121	6.280663
7975136	6.248878
7975154	3.153852
7975167	5.192801
7975191	3.316101
7975203	8.340219
7975222	2.366248
7975224	6.85844
7975238	6.569391
7975268	7.928073
7975282	3.210087
7975284	5.471459
7975292	6.619868
7975309	3.837529
7975311	7.045261
7975324	5.278022
7975344	8.022429
7975354	5.663514
7975361	9.408358
7975368	11.12238
7975386	5.8813
7975390	6.279128
7975406	3.735257
7975408	2.502915
7975410	6.895716
7975412	10.30575
7975416	7.277826
7975453	4.072265
7975455	6.283902
7975457	7.629124
7975459	7.233477
7975482	4.629721
7975506	5.811654
7975521	8.293524
7975545	8.302567
7975562	5.497394
7975595	6.721586
7975598	6.888381
7975602	7.667766
7975607	7.105885
7975613	4.39413
7975616	3.77171
7975626	4.657022
7975630	2.262284
7975632	5.229061
7975645	6.670754
7975661	6.359955
7975676	4.431181
7975687	6.633522
7975694	4.334625
7975696	6.174775
7975702	5.201839
7975705	8.030926
7975713	6.080863
7975725	7.466949
7975747	8.040877
7975760	7.018946
7975770	3.191216
7975772	5.556351
7975779	8.727296
7975787	7.495737
7975793	6.538507
7975799	6.50977
7975813	4.073788
7975815	7.132727
7975851	4.825574
7975863	6.898081
7975876	4.543792
7975889	6.153085
7975901	4.291031
7975924	5.478175
7975926	6.989593
7975932	3.956654
7975956	6.036932
7975971	4.403495
7975976	7.833649
7975987	4.658787
7975989	8.06948
7975995	5.638012
7976000	5.586949
7976012	4.863231
7976037	3.587884
7976053	4.573796
7976055	4.44799
7976057	2.599762
7976059	3.093344
7976061	3.126412
7976063	2.180487
7976065	3.28016
7976067	2.352137
7976069	6.539414
7976073	3.457028
7976080	4.483084
7976084	3.956854
7976101	6.285364
7976126	2.176478
7976128	5.442309
7976146	2.843835
7976148	4.442761
7976152	2.283546
7976154	5.456921
7976156	5.048458
7976158	7.76786
7976160	5.85352
7976182	6.284452
7976187	2.094311
7976189	8.154453
7976200	8.397982
7976216	6.987644
7976239	6.23172
7976241	5.200994
7976243	8.069546
7976261	2.096145
7976263	5.195868
7976292	8.270985
7976307	6.938556
7976322	6.150144
7976333	8.824805
7976336	5.433773
7976350	3.592949
7976402	4.422345
7976407	6.310163
7976412	3.964197
7976425	6.581802
7976436	6.780082
7976443	8.485542
7976451	4.635614
7976481	4.762429
7976488	4.995156
7976496	6.350001
7976506	4.942852
7976512	5.653298
7976515	9.269346
7976523	4.90644
7976544	4.484422
7976552	3.165921
7976554	3.030936
7976556	5.026325
7976560	6.786995
7976567	6.995658
7976571	7.782362
7976578	3.854189
7976598	9.020044
7976621	5.338581
7976635	5.800943
7976642	5.330572
7976646	3.336896
7976648	8.11161
7976667	4.858416
7976669	6.39389
7976681	6.058915
7976698	7.538789
7976724	6.748929
7976726	6.615495
7976744	8.586821
7976755	5.852155
7976766	6.002852
7976778	5.170407
7976783	6.55689
7976795	6.052176
7976804	5.166
7976806	2.430865
7976808	5.224239
7976810	2.503338
7976812	3.438219
7976814	2.962519
7976816	2.577669
7976818	2.279194
7976826	3.379799
7976828	5.687268
7976830	3.319708
7976832	2.830843
7976834	4.775976
7976836	2.497827
7976838	2.1105
7976840	3.619139
7976842	2.931627
7976844	8.38681
7976846	3.20658
7976848	6.559965
7976850	3.064616
7976852	2.554353
7976854	4.650204
7976856	2.646494
7976858	5.037087
7976863	6.809022
7976874	3.647564
7976876	8.140947
7976957	5.966136
7976967	6.479746
7976976	5.832681
7977003	8.374395
7977016	4.434096
7977018	6.207342
7977033	7.310486
7977046	9.295807
7977058	9.155376
7977075	5.938024
7977077	8.524942
7977103	8.49505
7977105	6.433137
7977117	2.280211
7977119	5.977744
7977125	2.915037
7977127	8.210984
7977149	7.477314
7977161	3.760684
7977201	4.506973
7977203	7.088235
7977214	4.701454
7977216	6.605495
7977234	6.922162
7977241	7.31351
7977249	7.628396
7977270	7.831327
7977273	6.568854
7977288	7.64012
7977294	6.236009
7977296	4.529509
7977299	7.267297
7977319	7.222386
7977331	5.065575
7977340	6.651982
7977344	6.845891
7977371	6.86781
7977373	6.514685
7977397	7.612506
7977409	6.379226
7977418	6.909475
7977432	6.761177
7977435	6.487575
7977438	5.516154
7977440	7.464921
7977445	4.821271
7977447	3.403984
7977450	3.172931
7977452	5.843452
7977454	9.564077
7977456	3.475842
7977472	3.901495
7977474	4.425073
7977476	4.070512
7977478	2.734246
7977480	3.266935
7977482	4.742479
7977497	5.527641
7977507	11.65917
7977511	6.415545
7977567	5.660266
7977571	6.185136
7977584	7.662459
7977592	2.768778
7977596	3.807724
7977598	3.097095
7977606	3.450622
7977609	4.343737
7977611	3.759751
7977613	4.020528
7977615	7.455674
7977621	11.3412
7977642	4.477872
7977646	6.050457
7977653	6.502062
7977655	5.586014
7977657	9.918251
7977674	7.16738
7977693	6.890218
7977732	8.274384
7977734	6.242099
7977736	6.557679
7977749	6.821939
7977761	4.862652
7977767	4.477107
7977771	5.115004
7977773	5.016723
7977775	10.56713
7977780	5.40864
7977782	5.203578
7977784	3.006958
7977786	4.992865
7977801	2.825063
7977803	8.173181
7977820	7.82108
7977841	6.797939
7977854	5.91427
7977868	5.850596
7977879	7.594858
7977888	5.905202
7977906	7.813632
7977928	6.15029
7977933	7.403971
7977951	3.861022
7977953	2.767075
7977955	7.204228
7977965	6.953361
7977978	6.591097
7977987	5.096375
7978019	3.059901
7978021	5.012552
7978054	6.82247
7978056	5.19187
7978059	5.513486
7978064	6.237175
7978066	8.17316
7978093	7.012024
7978103	4.218637
7978107	4.992083
7978114	6.077481
7978123	7.374111
7978132	6.408978
7978166	8.464015
7978174	6.617579
7978187	5.850493
7978192	5.422982
7978201	8.080371
7978208	7.899103
7978222	6.588444
7978239	6.520706
7978260	7.098292
7978272	5.12507
7978285	5.994853
7978312	6.304338
7978329	2.218111
7978331	5.740855
7978335	6.46944
7978343	4.270877
7978351	4.765473
7978360	5.028035
7978366	6.411158
7978376	4.713551
7978389	5.889497
7978391	3.595827
7978401	3.824753
7978403	2.476834
7978405	2.400483
7978407	3.970479
7978428	7.350565
7978449	10.26546
7978492	7.617637
7978527	6.232361
7978534	3.486916
7978536	2.502946
7978538	6.294081
7978542	6.766372
7978544	8.809792
7978553	7.169844
7978558	7.664186
7978568	11.00164
7978570	7.870309
7978586	7.267684
7978595	8.252063
7978626	2.27308
7978628	5.356194
7978644	10.74059
7978653	6.924357
7978662	4.836558
7978664	5.233091
7978666	6.697484
7978676	4.490826
7978686	6.018263
7978690	5.186188
7978692	3.489908
7978704	2.534361
7978706	8.579846
7978710	4.865215
7978712	5.267134
7978718	6.709372
7978739	7.83797
7978748	6.238954
7978754	9.919624
7978756	3.543901
7978760	7.785839
7978766	5.48389
7978776	4.622955
7978793	2.26727
7978795	6.964046
7978801	4.723395
7978822	2.538436
7978824	5.461218
7978831	6.703836
7978833	8.954208
7978838	6.010402
7978846	3.762502
7978866	7.568127
7978905	14.26581
7978911	5.137933
7978917	4.607306
7978923	5.88839
7978932	8.961614
7978956	5.870911
7978970	5.033684
7978997	7.796377
7979031	4.664068
7979033	6.205215
7979042	4.574142
7979044	6.47033
7979085	9.583927
7979108	4.994196
7979125	3.111762
7979127	9.323873
7979129	3.022986
7979133	4.773672
7979158	5.08729
7979179	12.66323
7979196	5.824199
7979204	4.39636
7979223	6.417376
7979241	4.800788
7979250	7.197793
7979260	6.661056
7979269	7.063543
7979281	4.549767
7979307	3.791316
7979328	7.800896
7979341	3.483278
7979351	6.066974
7979355	6.467207
7979357	5.937574
7979365	4.690642
7979367	7.258492
7979378	4.363507
7979387	4.573634
7979398	4.074077
7979400	4.296187
7979412	6.707347
7979414	2.746859
7979416	4.332166
7979426	6.270917
7979437	5.72017
7979444	2.530336
7979455	5.58551
7979473	7.054961
7979483	2.399392
7979505	5.885448
7979510	7.330527
7979516	5.238156
7979524	8.106628
7979529	3.488292
7979548	5.638432
7979551	7.510106
7979565	5.968464
7979572	5.007389
7979574	6.847355
7979583	4.067567
7979611	5.664375
7979615	5.316816
7979658	9.351634
7979663	7.057232
7979671	7.260505
7979691	3.977401
7979694	7.998828
7979696	2.118236
7979698	9.087057
7979710	6.754831
7979721	4.090304
7979725	4.22175
7979730	2.377755
7979732	6.50552
7979741	5.340858
7979743	6.934388
7979755	2.173932
7979757	6.745417
7979800	2.209592
7979802	2.85609
7979804	5.747931
7979806	3.825795
7979808	5.26898
7979811	2.8794
7979813	9.614
7979820	7.217182
7979824	7.349713
7979849	8.034946
7979862	7.118293
7979864	7.706135
7979870	5.274093
7979876	7.480218
7979878	4.723991
7979886	6.979027
7979888	3.900333
7979902	4.133759
7979904	3.268162
7979906	7.21264
7979916	6.400912
7979925	5.396417
7979927	6.175096
7979931	7.698903
7979943	8.069087
7979957	4.216012
7979959	3.810904
7979961	2.623509
7979963	5.447038
7979980	5.889469
7979982	5.767568
7979984	8.642007
7979999	4.839898
7980001	4.17198
7980003	5.28653
7980005	8.743949
7980024	4.688738
7980044	7.398244
7980051	6.51556
7980069	5.554481
7980080	7.988398
7980096	3.012004
7980098	6.772943
7980113	3.897055
7980115	7.143652
7980140	6.631659
7980142	5.350606
7980146	8.872874
7980152	6.462302
7980189	7.791226
7980213	4.139149
7980219	5.495569
7980233	6.06732
7980246	5.311704
7980265	5.320086
7980271	7.705467
7980296	8.856219
7980304	4.140029
7980306	4.401026
7980309	8.537958
7980316	4.485621
7980327	6.710936
7980338	7.47017
7980344	5.079026
7980350	3.314607
7980352	6.422391
7980358	5.760759
7980381	5.939949
7980390	5.25798
7980401	2.712684
7980403	6.571962
7980425	6.884232
7980438	7.484752
7980452	5.270378
7980454	5.599639
7980463	7.69028
7980477	5.033228
7980481	3.201428
7980485	5.137205
7980496	5.558595
7980523	8.317477
7980535	9.925198
7980537	5.261295
7980547	7.922688
7980574	2.547987
7980576	2.37093
7980578	2.18328
7980580	6.646223
7980603	3.010417
7980605	5.292135
7980616	6.399376
7980636	4.7651
7980680	7.024163
7980688	2.315736
7980690	5.78128
7980700	4.928564
7980702	6.032238
7980718	3.282651
7980720	6.490862
7980742	4.627142
7980744	6.078223
7980765	5.851164
7980773	6.647909
7980828	6.428995
7980833	7.569188
7980859	7.164783
7980861	6.357203
7980889	6.178895
7980891	10.18211
7980906	6.259106
7980908	5.457366
7980923	6.647985
7980940	7.291739
7980955	6.997094
7980958	9.500656
7980970	6.104868
7980983	7.631317
7980990	6.387682
7980998	6.935474
7981011	5.610902
7981013	5.618723
7981020	4.736799
7981032	7.6108
7981046	6.939064
7981051	5.526309
7981059	4.81499
7981065	4.333183
7981068	7.242369
7981078	6.219107
7981084	4.115374
7981098	4.558365
7981106	6.209355
7981111	8.191761
7981142	7.143774
7981157	5.177107
7981161	6.278827
7981181	6.876753
7981183	4.323215
7981190	3.54106
7981192	6.974154
7981215	6.337953
7981217	6.256167
7981233	5.888765
7981235	4.873578
7981237	3.393503
7981240	4.35609
7981242	5.787163
7981249	7.338721
7981266	6.630817
7981273	5.939575
7981278	8.635224
7981283	7.650471
7981288	4.04002
7981290	6.580314
7981309	5.036249
7981317	7.463021
7981320	6.249838
7981322	4.620143
7981324	2.638772
7981326	7.304282
7981333	8.607785
7981335	12.32547
7981346	5.825751
7981364	5.350807
7981373	3.614727
7981375	2.229234
7981377	7.418739
7981383	8.631791
7981385	4.216012
7981387	8.138491
7981425	5.822577
7981427	7.548839
7981439	7.040679
7981447	5.886352
7981460	8.324327
7981481	6.548022
7981488	7.482706
7981490	7.037127
7981494	8.005968
7981512	7.373223
7981514	7.563111
7981523	5.916389
7981525	7.256122
7981530	4.800085
7981538	6.260027
7981566	6.396909
7981573	6.619229
7981601	5.265691
7981708	5.91523
7981714	6.292494
7981718	4.746747
7981720	6.744623
7981722	8.554279
7981724	6.469663
7981726	2.460141
7981728	5.45795
7981730	7.18641
7981732	5.596507
7981737	7.701779
7981740	6.13286
7981742	6.433794
7981745	4.309492
7981748	2.115886
7981750	5.256884
7981752	6.244063
7981771	6.478531
7981773	4.717032
7981775	6.034631
7981777	5.377466
7981781	3.220928
7981783	2.270234
7981785	2.435732
7981787	5.156442
7981798	5.018926
7981824	8.78995
7981859	6.103575
7981872	8.623466
7981874	6.450168
7981893	6.478531
7981895	6.39819
7981909	6.931154
7981911	5.560678
7981917	6.025686
7981919	6.845315
7981943	5.702866
7981945	3.946426
7981947	5.666996
7981949	5.869577
7981951	6.137978
7981953	8.776788
7981955	6.430294
7981958	7.258443
7981960	4.508102
7981962	7.258443
7981964	8.296124
7981966	8.776788
7981968	2.392018
7981970	3.819404
7981972	3.837289
7981974	3.371053
7981976	8.155844
7981978	9.559027
7981980	2.378008
7981982	9.177858
7981984	2.342434
7981986	9.177858
7981988	7.63525
7981990	5.217077
7981992	3.179302
7981994	4.172182
7981996	8.038337
7981998	4.592313
7982000	3.846074
7982002	3.384429
7982004	4.542482
7982006	4.942852
7982008	3.538526
7982010	2.485471
7982012	2.368007
7982014	2.078113
7982016	3.803159
7982018	3.473268
7982020	2.81528
7982022	2.387111
7982024	3.803159
7982026	2.106447
7982028	3.908185
7982030	3.803159
7982032	3.538526
7982034	1.910237
7982036	2.416286
7982038	3.538526
7982040	2.533256
7982042	2.533256
7982044	2.533256
7982046	3.228171
7982048	2.148353
7982050	3.762883
7982052	2.51193
7982054	4.025855
7982056	2.335667
7982058	3.885229
7982060	2.67121
7982062	2.207017
7982064	3.908185
7982066	2.396724
7982068	2.634832
7982070	2.806603
7982072	2.710593
7982074	2.104462
7982076	2.378791
7982078	3.908185
7982080	1.98846
7982082	2.132248
7982084	4.303456
7982086	2.472009
7982088	1.983928
7982090	3.474933
7982092	3.908185
7982094	3.58476
7982096	2.679128
7982098	5.666996
7982100	3.656214
7982102	5.422816
7982117	3.48311
7982127	5.10999
7982129	10.81713
7982131	6.139674
7982152	6.496486
7982154	8.111301
7982185	6.999849
7982187	4.483709
7982204	8.810152
7982206	6.684925
7982228	9.702103
7982230	5.831334
7982248	4.895473
7982250	9.702103
7982252	4.160382
7982254	4.954327
7982256	7.095197
7982267	9.623297
7982269	4.951954
7982271	5.417877
7982282	10.77399
7982284	8.023238
7982287	4.319569
7982290	5.199071
7982292	2.439938
7982294	4.307896
7982299	6.189668
7982307	10.77399
7982309	5.612566
7982326	7.35003
7982333	4.677939
7982335	4.504754
7982337	4.487103
7982339	5.876086
7982341	6.859717
7982348	6.434829
7982350	7.490543
7982356	10.60184
7982358	3.514218
7982366	4.074918
7982375	3.511255
7982377	5.536084
7982388	2.191533
7982390	2.110436
7982392	4.266002
7982495	3.130214
7982497	5.041804
7982504	6.649013
7982507	8.443939
7982514	4.87282
7982516	5.008835
7982527	2.992964
7982529	7.16854
7982531	8.666443
7982533	3.185248
7982535	7.018406
7982550	4.002044
7982552	3.083197
7982564	5.496778
7982574	4.88998
7982587	6.324595
7982591	2.906164
7982593	3.556405
7982597	7.84944
7982620	6.175826
7982661	3.800293
7982663	4.511715
7982688	5.819711
7982703	6.385491
7982712	5.357527
7982723	7.174307
7982738	6.602977
7982745	6.534376
7982753	5.74673
7982757	4.081628
7982792	3.79813
7982805	6.416657
7982810	7.266465
7982812	6.8726
7982829	10.38039
7982845	7.473435
7982854	5.861702
7982868	9.596189
7982876	4.825791
7982878	11.01384
7982889	4.588815
7982904	7.182446
7982927	5.441027
7982938	6.888607
7982955	2.064282
7982957	5.933105
7982985	7.417835
7983021	7.283961
7983051	5.299538
7983054	5.877026
7983111	8.507617
7983123	5.121765
7983132	5.166261
7983143	4.717086
7983145	5.059792
7983157	6.785985
7983173	8.539738
7983189	1.899264
7983191	4.377462
7983206	6.050591
7983228	5.588597
7983239	7.696406
7983254	2.781163
7983256	7.696406
7983272	2.781163
7983274	10.2676
7983290	7.337662
7983298	6.732633
7983306	5.079053
7983321	7.842044
7983335	7.475577
7983350	6.727473
7983360	11.32446
7983365	5.711258
7983377	1.890818
7983379	3.951577
7983381	2.566553
7983391	2.484169
7983393	8.703051
7983405	10.87958
7983413	7.436812
7983447	4.984932
7983469	6.115934
7983478	10.13648
7983490	5.389872
7983500	3.666057
7983502	6.961723
7983512	8.056055
7983523	2.407438
7983527	5.150325
7983553	3.620647
7983564	4.99619
7983594	5.955774
7983606	7.731193
7983614	3.806977
7983616	6.172479
7983630	3.614117
7983638	3.656393
7983648	6.066705
7983650	6.042085
7983661	2.888434
7983663	7.028329
7983677	5.651834
7983679	6.386049
7983704	5.744727
7983718	2.865375
7983734	5.053552
7983744	10.8268
7983761	6.629068
7983763	8.970206
7983771	4.014583
7983773	4.523684
7983775	1.861875
7983777	2.849505
7983779	4.300861
7983811	6.080107
7983826	4.604175
7983828	3.634889
7983841	2.460524
7983843	7.483107
7983867	8.047347
7983890	9.366795
7983910	6.80377
7983922	2.937035
7983924	2.294229
7983926	2.641515
7983928	4.290545
7983938	6.378813
7983940	7.182845
7983951	5.060004
7983953	7.22681
7983969	4.762962
7983979	5.794083
7983985	4.419631
7983987	6.584223
7983989	2.365086
7983991	5.555853
7984001	10.53391
7984008	4.343876
7984011	6.253948
7984014	5.017701
7984016	6.35859
7984019	5.151731
7984077	2.065532
7984079	6.632914
7984103	6.642241
7984112	7.515221
7984124	6.667688
7984132	8.168043
7984152	4.872943
7984155	7.600188
7984174	6.361329
7984188	3.792168
7984190	8.104003
7984203	6.841495
7984213	4.433104
7984215	3.411368
7984217	7.288593
7984227	6.37876
7984245	5.816736
7984253	5.978609
7984255	1.989673
7984257	7.094845
7984259	4.934816
7984261	3.517957
7984263	8.372878
7984276	5.543759
7984289	10.1
7984298	5.756623
7984317	2.359751
7984319	9.191
7984330	4.504082
7984353	6.052239
7984364	9.550306
7984380	4.724637
7984405	5.312449
7984408	5.834894
7984436	6.982649
7984453	8.839141
7984470	8.635868
7984475	5.236041
7984488	4.220182
7984511	4.329107
7984517	7.455266
7984524	4.788858
7984538	6.399376
7984540	5.21065
7984562	10.53434
7984567	3.050379
7984569	5.954613
7984588	5.524152
7984606	5.672263
7984620	8.806808
7984624	3.842466
7984626	6.284633
7984631	5.551409
7984635	3.081637
7984641	9.044944
7984660	8.014885
7984662	5.682292
7984684	6.162345
7984686	5.871532
7984704	6.53884
7984736	3.511152
7984743	6.922918
7984759	5.568383
7984771	6.839267
7984779	6.01406
7984799	6.49197
7984802	5.350239
7984813	4.457672
7984819	6.008431
7984843	6.43842
7984846	6.809078
7984862	6.278385
7984871	7.155364
7984892	5.816751
7984908	5.386395
7984914	4.924307
7984922	6.716827
7984932	5.749737
7984943	6.829031
7984952	7.557662
7984961	5.826045
7984983	6.162345
7984985	6.592933
7984987	6.162345
7984989	6.659966
7985001	5.978458
7985016	8.99489
7985023	6.111526
7985025	4.588645
7985030	7.233096
7985032	3.037694
7985034	7.028719
7985037	3.808335
7985039	6.561592
7985044	7.191591
7985053	6.93128
7985066	5.888672
7985080	5.950803
7985087	2.328005
7985089	7.380814
7985099	6.024433
7985117	6.06641
7985119	6.577182
7985130	4.665971
7985134	7.578526
7985147	10.67014
7985159	5.499183
7985166	7.954546
7985192	5.60168
7985200	4.49582
7985202	8.00577
7985213	3.853505
7985221	8.118582
7985224	6.808103
7985226	8.212685
7985233	5.972144
7985236	5.106074
7985238	4.562722
7985240	8.6512
7985248	4.406316
7985253	5.622399
7985257	4.797706
7985259	9.362703
7985266	6.82022
7985268	5.60637
7985285	5.310124
7985310	8.254066
7985317	5.029397
7985349	7.278586
7985352	4.417128
7985364	6.035527
7985398	3.901266
7985402	7.344383
7985409	8.085363
7985416	5.084407
7985418	6.396861
7985431	8.800575
7985442	6.12216
7985444	7.409166
7985450	8.085363
7985457	5.084407
7985459	6.396861
7985472	7.971747
7985480	3.309396
7985482	7.166309
7985488	6.860227
7985493	4.273368
7985507	6.172829
7985522	4.512642
7985553	2.279051
7985555	6.772218
7985560	4.716871
7985562	8.02812
7985569	6.073926
7985571	8.745266
7985577	5.995565
7985587	6.105402
7985605	7.077401
7985620	6.696112
7985636	5.034404
7985662	6.903083
7985688	5.084407
7985690	6.14963
7985695	8.618709
7985741	3.454975
7985752	3.171444
7985757	6.736602
7985765	3.422675
7985767	6.053585
7985777	6.578527
7985786	5.116107
7985809	9.332325
7985829	4.852386
7985871	3.146828
7985873	4.541321
7985898	3.76611
7985918	5.787451
7985920	7.015237
7985924	8.117527
7985932	4.130834
7985934	6.770905
7985959	5.152191
7985963	4.474627
7985981	4.989258
7985983	7.564525
7985997	6.300414
7985999	5.538443
7986001	8.67355
7986004	6.288918
7986010	9.523781
7986049	6.243873
7986068	4.134608
7986092	7.486143
7986110	6.312583
7986132	6.725885
7986160	7.400671
7986186	6.264454
7986195	3.960588
7986214	6.6972
7986229	5.124925
7986239	3.380791
7986246	6.984784
7986248	6.868603
7986250	8.981384
7986291	4.636981
7986293	6.317941
7986323	8.427672
7986327	6.59158
7986329	6.99576
7986336	6.110516
7986338	4.416735
7986340	4.170271
7986348	4.978478
7986350	7.364497
7986359	7.982012
7986383	7.04618
7986385	6.501316
7986394	6.644528
7986407	4.235837
7986411	7.559101
7986426	5.721028
7986428	5.05206
7986433	6.286757
7986442	5.560678
7986444	5.797318
7986446	9.736284
7986463	5.704442
7986501	3.380956
7986503	6.070264
7986509	6.182519
7986512	6.182519
7986515	6.494243
7986517	6.285129
7986520	6.039637
7986522	6.285129
7986525	6.494243
7986527	6.182519
7986530	3.370494
7986532	3.034513
7986534	3.780144
7986536	4.327993
7986541	7.859027
7986561	6.403808
7986563	3.024913
7986565	5.309661
7986567	4.901075
7986569	8.25226
7986598	4.295308
7986601	6.897918
7986603	4.153207
7986605	3.420897
7986627	2.826811
7986629	4.131176
7986633	4.901075
7986637	3.892282
7986639	5.709055
7986642	6.574154
7986661	6.496486
7986665	8.233473
7986675	6.060713
7986685	6.999849
7986687	6.27554
7986701	8.25911
7986736	4.300739
7986739	6.897918
7986741	4.322691
7986744	6.11086
7986755	5.474861
7986757	5.008498
7986763	3.666179
7986765	11.15766
7986767	4.767271
7986769	7.572732
7986789	4.790117
7986820	5.111847
7986822	6.092063
7986836	4.857553
7986838	6.064896
7986863	6.60487
7986922	6.139674
7986943	6.496486
7986945	9.354269
7986947	6.187377
7986960	5.827961
7986969	6.105979
7986975	4.136762
7986977	9.540335
7987010	4.874546
7987012	6.289929
7987025	4.951954
7987027	7.072524
7987046	10.60184
7987048	6.79946
7987066	4.108073
7987068	4.824152
7987097	6.72287
7987099	6.690556
7987110	4.954327
7987112	9.702103
7987114	5.806473
7987135	2.628448
7987137	10.60184
7987139	7.490543
7987145	5.119401
7987163	5.301947
7987165	5.386844
7987172	8.037776
7987180	8.486656
7987192	9.626856
7987225	8.146724
7987230	8.921023
7987248	7.866093
7987279	7.851697
7987308	2.190832
7987310	6.82163
7987315	4.747783
7987325	8.067939
7987361	5.970492
7987365	5.240725
7987369	4.906924
7987379	4.180205
7987381	6.731579
7987385	7.385228
7987403	4.885133
7987405	5.976779
7987426	3.620311
7987439	4.880847
7987449	9.094671
7987454	6.821819
7987464	2.174597
7987466	5.181583
7987468	2.580037
7987470	2.322662
7987472	6.682304
7987475	6.092094
7987511	7.077752
7987526	5.893178
7987534	2.304022
7987536	7.141796
7987554	5.574896
7987565	5.166586
7987572	11.63262
7987574	7.988037
7987584	6.6106
7987623	3.631877
7987634	5.032562
7987636	4.295049
7987642	6.187783
7987648	2.160892
7987650	6.155417
7987675	5.953095
7987701	6.62198
7987772	8.955055
7987780	4.453345
7987792	7.640716
7987815	6.18161
7987840	8.039809
7987869	8.496105
7987892	7.685007
7987916	6.24518
7987926	2.485113
7987928	6.408007
7987960	6.198407
7987981	6.124056
7988031	9.13913
7988033	5.734091
7988050	5.690403
7988064	5.037075
7988077	5.847451
7988082	6.663225
7988091	4.829299
7988093	6.824551
7988124	6.930241
7988132	5.753277
7988163	5.246177
7988175	1.863939
7988177	5.964255
7988206	1.863939
7988208	5.745899
7988212	4.880029
7988227	5.101568
7988245	6.792397
7988258	1.937119
7988260	4.175765
7988281	9.786066
7988283	7.986629
7988286	7.740788
7988327	5.271171
7988342	5.4538
7988344	4.757079
7988346	6.392674
7988348	2.055997
7988350	11.90468
7988380	8.056966
7988400	5.969728
7988410	3.506516
7988412	3.76653
7988414	7.518274
7988424	5.347922
7988426	4.818265
7988438	2.109343
7988440	2.970471
7988442	3.356091
7988444	5.851541
7988465	2.949127
7988467	4.324653
7988537	4.429136
7988563	4.22636
7988581	9.694549
7988601	3.263636
7988605	8.10395
7988623	5.132481
7988625	3.318716
7988644	5.081246
7988672	4.172273
7988685	6.172454
7988687	6.543494
7988703	2.912984
7988705	3.692008
7988713	7.138749
7988753	9.102251
7988763	5.894571
7988767	3.361593
7988789	7.497134
7988833	6.237329
7988838	6.796672
7988852	5.780504
7988859	6.789101
7988876	7.236263
7988921	5.701753
7988963	8.092717
7988970	10.28036
7988987	7.368701
7988990	3.617409
7989013	7.313032
7989023	7.399018
7989037	5.438706
7989055	4.346057
7989069	5.036938
7989073	4.563473
7989094	4.645868
7989126	4.57912
7989128	7.863704
7989130	4.30324
7989132	6.114523
7989144	3.930753
7989146	2.445185
7989157	3.974909
7989159	5.913713
7989193	4.277217
7989195	5.272373
7989197	2.645061
7989199	5.941042
7989216	3.899186
7989218	7.533567
7989220	4.044555
7989224	10.17929
7989243	5.646014
7989245	6.937702
7989249	5.891775
7989251	6.969594
7989253	8.017197
7989277	8.618065
7989307	3.750323
7989309	4.760247
7989311	3.677448
7989313	2.439772
7989315	6.374366
7989323	7.738716
7989335	10.49868
7989347	6.410444
7989365	6.683319
7989387	8.141496
7989473	6.977767
7989476	4.4476
7989487	5.995166
7989489	6.670963
7989491	6.887866
7989493	6.447545
7989501	7.066151
7989516	7.042893
7989596	7.612233
7989611	7.279291
7989617	4.035427
7989619	8.661485
7989628	4.663237
7989647	4.20086
7989657	4.17323
7989659	3.787373
7989661	7.0331
7989670	6.710515
7989680	6.423173
7989696	8.635577
7989708	6.244382
7989718	5.978675
7989725	7.212259
7989735	8.949773
7989750	4.688176
7989759	6.290211
7989768	4.361049
7989770	6.161384
7989785	5.642451
7989806	6.878527
7989832	2.214505
7989834	7.251999
7989849	6.821158
7989883	4.386175
7989885	5.896771
7989887	5.799392
7989915	6.203783
7989922	3.031219
7989924	6.100133
7989932	4.572776
7989937	4.837313
7989951	3.371469
7989953	7.257024
7989968	5.808083
7989975	6.242557
7989985	5.012558
7990020	7.092139
7990027	5.767173
7990029	5.653694
7990031	4.345898
7990033	7.378406
7990054	7.459882
7990078	3.799242
7990080	6.875311
7990086	6.277119
7990090	7.479645
7990092	7.031503
7990138	4.856185
7990151	9.919173
7990165	7.197994
7990191	6.046407
7990211	6.990476
7990227	4.11392
7990231	6.720519
7990244	5.942
7990253	9.117739
7990269	6.265956
7990273	6.469663
7990283	5.670567
7990307	6.162345
7990309	5.985907
7990333	4.728722
7990345	7.774677
7990361	7.494321
7990377	2.601134
7990379	6.522988
7990391	5.785705
7990400	8.565525
7990417	9.76884
7990429	6.849528
7990436	9.11915
7990442	6.245718
7990452	7.194867
7990457	7.468275
7990487	7.646423
7990511	7.092884
7990528	5.74049
7990540	7.644082
7990545	4.203533
7990555	8.400438
7990564	6.485532
7990566	6.979366
7990582	6.600732
7990616	4.610939
7990618	6.355147
7990620	10.75994
7990632	5.673867
7990636	4.318813
7990643	4.966947
7990652	6.660459
7990654	6.501784
7990657	6.118597
7990672	2.326801
7990674	4.312839
7990683	5.400478
7990700	5.634606
7990712	6.274437
7990714	5.148562
7990729	6.591235
7990736	7.554071
7990755	2.120177
7990757	10.15705
7990774	5.335048
7990808	3.734486
7990810	4.640877
7990815	7.098397
7990818	4.184004
7990825	5.523096
7990827	5.089643
7990830	6.650868
7990839	6.541269
7990848	3.876
7990873	6.195411
7990879	4.561569
7990892	3.915359
7990894	8.256358
7990898	9.338587
7990902	8.736517
7990914	6.12216
7990916	8.950989
7990922	8.575204
7990928	6.396861
7990941	5.084407
7990943	8.568003
7990949	9.366038
7990952	8.803117
7990963	6.12216
7990965	8.950989
7990971	3.929329
7990987	5.170251
7991017	5.424606
7991019	4.175131
7991034	5.867443
7991047	5.322172
7991049	5.662705
7991057	7.919183
7991070	6.965692
7991080	4.426029
7991086	2.069396
7991088	8.80914
7991104	8.294036
7991106	5.920955
7991110	8.317973
7991120	6.50078
7991126	7.250187
7991138	6.630754
7991143	7.795312
7991153	4.087732
7991155	2.59608
7991157	2.479733
7991159	8.733171
7991169	8.294036
7991171	2.790638
7991173	6.585697
7991182	3.225145
7991184	2.205057
7991186	4.638889
7991209	7.238266
7991214	5.821273
7991216	5.266506
7991224	6.146237
7991234	6.184012
7991246	5.601598
7991258	7.036837
7991283	11.9024
7991296	6.426753
7991313	6.229078
7991323	7.120685
7991332	7.461965
7991335	5.780038
7991357	7.750366
7991367	7.552505
7991374	8.830322
7991386	7.899202
7991395	4.671479
7991399	4.668755
7991401	6.596326
7991406	5.876433
7991425	3.352152
7991427	6.773529
7991451	6.59804
7991453	8.97998
7991459	6.491672
7991465	3.362969
7991467	2.559325
7991469	5.093886
7991478	6.50975
7991485	5.362225
7991501	2.019042
7991503	5.971256
7991512	5.401643
7991516	6.747575
7991540	5.12119
7991542	5.358258
7991546	7.429848
7991562	4.825791
7991564	2.242816
7991566	5.974679
7991577	5.495627
7991581	7.53115
7991587	6.47605
7991598	5.728662
7991602	6.428964
7991630	6.844276
7991638	2.880357
7991640	6.198786
7991661	5.639262
7991663	3.309088
7991665	3.120165
7991668	5.942848
7991695	6.693555
7991714	8.596794
7991722	8.334968
7991731	6.586979
7991735	6.617093
7991742	7.200543
7991750	2.643975
7991754	7.041422
7991758	6.863994
7991762	9.764117
7991766	9.764117
7991770	2.305818
7991772	7.222069
7991777	5.38732
7991779	7.255404
7991800	6.689143
7991809	6.951973
7991815	5.637552
7991828	7.062194
7991835	6.65137
7991837	7.122381
7991846	6.658422
7991860	6.900266
7991877	6.939531
7991893	7.931853
7991898	7.081844
7991904	6.318888
7991917	7.498447
7991927	6.677199
7991932	6.54359
7991939	6.537996
7991989	7.062049
7992010	6.294041
7992021	7.573525
7992032	6.576256
7992038	7.442628
7992043	6.886168
7992049	7.154139
7992071	6.748556
7992092	7.285598
7992121	5.525988
7992125	6.57421
7992140	6.523777
7992145	6.060069
7992147	6.009002
7992181	6.259562
7992191	6.777127
7992197	6.610391
7992205	6.996212
7992219	6.246836
7992255	7.930348
7992269	8.166981
7992271	6.523634
7992293	6.470496
7992302	6.547393
7992337	7.625397
7992347	7.704369
7992379	8.031021
7992388	7.215634
7992396	5.493209
7992402	6.641052
7992409	6.07576
7992414	6.464367
7992439	5.948182
7992447	6.479382
7992460	6.775373
7992463	8.421873
7992474	8.073982
7992516	5.782611
7992518	7.118561
7992529	6.952993
7992552	7.35423
7992568	6.64677
7992584	5.488596
7992594	5.624175
7992614	6.85347
7992632	6.693256
7992639	6.129474
7992646	11.20155
7992656	7.014207
7992670	7.874358
7992678	7.710655
7992682	5.50299
7992685	8.235435
7992692	9.083749
7992716	6.77097
7992722	6.876584
7992732	8.750724
7992737	7.315778
7992744	7.149055
7992756	3.50997
7992758	7.358253
7992775	6.91581
7992782	6.37726
7992789	8.759603
7992795	6.708527
7992811	6.894261
7992828	6.286055
7992843	7.59518
7992845	7.14457
7992854	6.732696
7992861	4.300657
7992863	4.886863
7992865	4.526473
7992867	5.982466
7992870	6.404684
7992877	5.255424
7992887	5.197753
7992889	5.058491
7992891	3.105061
7992893	5.446277
7992895	4.219445
7992897	5.271369
7992905	8.045054
7992917	5.825742
7992934	5.593693
7992954	5.587365
7992956	6.333624
7992967	8.866291
7992973	6.639662
7992987	8.15028
7992996	4.170332
7992998	6.967378
7993017	7.117741
7993019	6.902254
7993024	6.687361
7993035	7.594705
7993054	6.12288
7993071	7.148909
7993083	3.471844
7993108	4.823899
7993110	3.641678
7993112	2.392041
7993114	5.87874
7993126	7.908789
7993146	3.918977
7993148	6.717135
7993157	3.55801
7993159	9.370076
7993165	6.218934
7993167	7.265961
7993179	2.687538
7993181	4.073045
7993183	1.968405
7993185	7.292571
7993195	5.859032
7993223	6.874481
7993248	5.91034
7993255	4.757126
7993257	3.001247
7993259	7.183898
7993265	5.940869
7993267	2.848187
7993274	5.944179
7993281	6.428241
7993296	7.143021
7993298	5.263154
7993310	7.11556
7993335	2.130743
7993337	5.990888
7993339	3.18731
7993341	6.778002
7993349	7.498466
7993359	7.495938
7993369	4.331526
7993371	8.763714
7993404	7.646565
7993433	8.498396
7993451	5.347287
7993453	4.871027
7993458	5.312296
7993467	5.834595
7993478	6.52402
7993511	8.763714
7993546	7.643399
7993580	8.101625
7993586	5.347287
7993588	7.555155
7993606	4.841257
7993608	6.461849
7993622	8.707193
7993624	8.188395
7993632	4.487309
7993638	9.291949
7993664	5.747715
7993680	6.948127
7993713	5.759776
7993726	5.349024
7993737	4.181011
7993754	3.469645
7993756	5.487527
7993774	3.491298
7993776	5.461231
7993798	3.458086
7993800	5.482258
7993807	10.50181
7993815	4.510434
7993821	6.031014
7993825	6.10457
7993831	4.218087
7993833	8.723627
7993846	5.433185
7993848	5.218194
7993872	8.72532
7993889	6.286266
7993898	4.594235
7993935	5.440121
7993946	6.387437
7993973	7.352431
7993999	9.8736
7994006	10.64743
7994026	9.869305
7994052	6.711945
7994058	10.17186
7994074	10.46377
7994091	3.09809
7994093	2.47342
7994095	6.718797
7994102	8.610696
7994109	5.603858
7994123	6.001299
7994131	5.798491
7994152	4.068998
7994161	7.323442
7994187	7.644597
7994216	5.579297
7994235	5.300841
7994237	6.822701
7994252	5.55853
7994260	5.98492
7994265	5.41634
7994267	6.592172
7994269	6.458256
7994280	6.767315
7994292	5.402398
7994308	6.952365
7994339	2.885534
7994341	5.026948
7994343	3.043502
7994345	7.1493
7994350	6.958688
7994353	7.042762
7994362	6.776419
7994371	7.980522
7994386	7.579855
7994415	9.404028
7994445	6.041774
7994463	4.969486
7994487	6.33337
7994506	7.813632
7994518	7.762146
7994535	6.597438
7994541	6.681667
7994559	8.495302
7994565	7.304523
7994570	5.321624
7994572	5.630514
7994576	6.147366
7994582	6.910453
7994603	5.965824
7994609	7.58323
7994615	4.829277
7994620	6.509853
7994637	7.405089
7994647	6.273519
7994655	7.119747
7994659	7.558869
7994675	6.310791
7994683	7.305975
7994692	7.265954
7994715	6.731313
7994730	6.072241
7994737	8.467026
7994756	8.805552
7994769	7.201958
7994781	6.98129
7994804	6.35788
7994813	5.63742
7994817	5.108881
7994824	2.143967
7994826	5.298388
7994858	7.067838
7994874	8.059599
7994889	7.511375
7994926	4.311374
7994928	7.110453
7994939	6.667498
7994961	7.490768
7994967	7.3927
7994981	6.677715
7994985	7.006222
7995007	6.696379
7995017	7.557884
7995030	4.90499
7995033	6.787484
7995040	6.863612
7995055	6.699936
7995069	8.665276
7995088	5.867943
7995096	6.136128
7995128	6.554335
7995161	6.14975
7995193	6.127787
7995206	7.111878
7995222	5.709984
7995237	4.294812
7995242	6.610224
7995252	6.982922
7995258	6.98362
7995263	7.345575
7995267	4.414931
7995275	4.480656
7995282	4.832113
7995292	7.727043
7995306	9.755877
7995308	7.582764
7995310	6.694186
7995312	2.362293
7995320	12.44656
7995322	9.337374
7995324	9.294129
7995326	8.716026
7995328	10.17881
7995330	11.8046
7995332	7.99011
7995334	8.456784
7995336	9.486097
7995338	9.72644
7995340	8.805561
7995342	10.23558
7995344	8.842433
7995346	7.112245
7995348	10.91368
7995350	11.27328
7995352	10.44666
7995354	4.415978
7995362	7.492283
7995377	7.725858
7995379	2.671468
7995382	7.832008
7995417	5.458853
7995419	6.062615
7995421	8.481112
7995438	5.165284
7995440	5.121319
7995442	3.380839
7995448	6.904887
7995456	5.564837
7995477	6.736673
7995479	5.767641
7995492	6.128818
7995525	6.530835
7995539	5.601396
7995552	7.417055
7995574	10.45369
7995580	6.233805
7995583	7.317596
7995627	6.392694
7995629	5.395607
7995631	8.283543
7995655	6.966836
7995668	6.622317
7995674	6.739489
7995681	5.17577
7995697	6.270442
7995712	6.080793
7995714	4.902638
7995729	5.384433
7995739	4.785048
7995755	7.162256
7995772	5.666038
7995776	7.193694
7995783	9.351209
7995787	7.993893
7995793	8.127481
7995797	8.050515
7995803	6.171746
7995806	6.619087
7995813	7.774258
7995820	6.62208
7995825	7.76336
7995829	6.257936
7995834	6.684645
7995838	8.607277
7995843	6.967706
7995866	5.050065
7995868	5.952939
7995895	9.574338
7995907	4.537054
7995926	6.34755
7995976	6.206664
7995994	7.014457
7996012	6.549892
7996022	8.116216
7996027	7.104024
7996034	7.741366
7996041	7.84335
7996051	7.317925
7996064	5.880929
7996081	7.610047
7996100	5.866176
7996117	5.572868
7996137	6.465373
7996160	6.518656
7996164	6.607763
7996174	6.073351
7996185	6.241262
7996198	4.632242
7996211	5.459743
7996219	7.762518
7996239	6.771732
7996241	6.692726
7996252	2.914858
7996256	7.566465
7996258	3.772118
7996260	8.363081
7996264	5.71699
7996281	6.519697
7996286	5.444004
7996288	2.192445
7996290	5.922421
7996313	5.804348
7996318	6.828637
7996331	5.373872
7996341	5.202855
7996345	6.90929
7996361	4.844542
7996377	6.686265
7996393	7.840574
7996403	6.916185
7996423	6.693796
7996430	7.141695
7996448	7.550783
7996455	6.830287
7996468	7.125526
7996490	6.889015
7996498	5.548197
7996516	4.945519
7996546	3.882063
7996563	6.029683
7996569	5.595764
7996571	6.787717
7996593	7.82848
7996608	6.417712
7996647	6.469859
7996651	6.320398
7996654	4.904563
7996675	6.460788
7996677	8.651028
7996685	6.893853
7996715	6.163156
7996720	7.240183
7996725	5.676001
7996744	6.657712
7996759	5.34566
7996761	6.525114
7996772	6.361923
7996785	6.417136
7996805	3.254418
7996807	5.370425
7996819	5.709093
7996837	9.671966
7996860	5.966255
7996879	3.045904
7996883	6.955796
7996891	7.244602
7996908	6.859853
7996917	2.145144
7996919	7.327363
7996934	7.186102
7996943	5.009628
7996945	2.862224
7996947	7.543666
7996954	7.828181
7996976	7.640764
7997008	5.403325
7997010	5.990119
7997025	7.548917
7997032	6.658954
7997048	7.389069
7997059	6.207862
7997072	6.521434
7997099	8.082788
7997128	6.611743
7997135	6.55854
7997137	4.355927
7997139	5.306578
7997152	4.99968
7997158	8.275346
7997164	4.513395
7997166	3.382854
7997168	10.33993
7997179	5.673574
7997188	3.788816
7997192	4.530538
7997197	6.159966
7997226	3.19056
7997228	3.338965
7997230	8.699423
7997239	8.505778
7997245	7.20432
7997247	7.96019
7997257	5.834639
7997264	7.247259
7997272	10.93546
7997281	7.487651
7997289	3.491024
7997319	6.374751
7997321	6.750912
7997332	5.765383
7997336	5.602099
7997346	4.308875
7997352	6.45585
7997374	3.615165
7997381	4.486334
7997396	8.592529
7997401	5.238612
7997414	9.577335
7997427	7.894988
7997453	6.599087
7997489	12.66264
7997491	6.184326
7997498	5.276899
7997500	2.650942
7997502	4.498873
7997504	4.894594
7997520	7.754713
7997525	6.528307
7997533	8.203683
7997542	4.78138
7997556	5.210976
7997569	7.073242
7997582	6.490453
7997593	6.806987
7997626	7.415328
7997633	7.599247
7997642	5.002126
7997662	6.493402
7997676	6.278392
7997680	7.48823
7997702	7.677708
7997712	6.049797
7997724	5.828396
7997726	5.72138
7997731	4.747339
7997733	6.969505
7997735	6.112434
7997738	3.217262
7997740	9.203249
7997746	4.880538
7997755	6.644682
7997765	6.569392
7997767	7.067221
7997779	7.69
7997801	7.15558
7997808	5.583928
7997810	6.229692
7997827	6.534706
7997829	5.036922
7997832	6.456494
7997839	5.398648
7997852	6.825943
7997861	3.529841
7997863	6.428165
7997875	5.290376
7997880	6.154941
7997896	5.635984
7997904	6.401522
7997907	5.15244
7997909	7.24122
7997933	6.344378
7997940	5.837854
7997942	6.308539
7997962	6.100013
7997976	4.978233
7997982	6.578259
7998002	6.631075
7998015	7.355636
7998033	8.705477
7998053	5.989079
7998055	6.489163
7998063	6.851335
7998072	6.761171
7998083	6.122964
7998103	6.920135
7998115	6.616033
7998117	6.091015
7998119	8.191408
7998129	7.189561
7998136	7.36053
7998157	6.71946
7998174	7.38869
7998190	5.797236
7998211	6.620779
7998222	7.476607
7998233	8.159849
7998249	4.949203
7998251	6.991232
7998265	8.926174
7998267	7.725874
7998280	6.765982
7998297	6.487245
7998307	6.254121
7998336	5.731772
7998351	7.481899
7998367	6.490682
7998374	6.754119
7998381	6.988659
7998392	4.861778
7998399	6.392029
7998405	8.119596
7998407	6.001816
7998414	6.768395
7998427	5.913158
7998434	6.252865
7998444	8.048962
7998449	6.99426
7998457	6.934097
7998466	7.013227
7998485	5.536329
7998494	6.44804
7998510	6.924946
7998538	6.078677
7998542	6.576153
7998577	7.148749
7998585	7.457793
7998590	8.750638
7998601	7.246972
7998604	7.593672
7998615	2.541154
7998629	6.403614
7998634	7.928307
7998637	8.021729
7998643	6.829848
7998655	10.61467
7998664	8.143597
7998666	7.798497
7998668	6.73323
7998679	6.777009
7998692	8.118057
7998700	5.949273
7998722	6.957784
7998724	6.292004
7998749	7.265903
7998759	6.953391
7998762	7.609326
7998774	8.016758
7998784	5.654751
7998817	6.47569
7998820	5.370098
7998825	8.708795
7998835	7.741381
7998843	11.44832
7998852	8.823421
7998861	6.479256
7998872	7.061852
7998878	10.79644
7998886	5.98367
7998898	4.384481
7998902	6.728173
7998910	8.497264
7998921	5.875745
7998927	5.897907
7998929	5.884635
7998931	5.885819
7998940	6.070738
7998952	5.006991
7998959	2.891194
7998961	2.478624
7998963	2.161487
7998965	4.687939
7998967	6.013037
7998978	5.080575
7998983	5.967697
7999008	6.323776
7999023	4.384909
7999025	7.666006
7999044	8.012892
7999079	7.658947
7999093	4.974707
7999102	5.805317
7999112	6.758772
7999120	6.761161
7999149	7.484766
7999160	6.446491
7999173	7.239903
7999177	6.03535
7999196	6.634121
7999206	5.182376
7999217	7.372815
7999233	7.913645
7999253	11.00829
7999279	6.25064
7999291	6.253876
7999304	6.557979
7999315	2.378008
7999317	6.393466
7999319	8.696487
7999326	9.055495
7999356	4.650002
7999360	8.562674
7999362	7.809992
7999364	4.807014
7999384	5.230117
7999387	9.953462
7999396	4.451246
7999404	2.882971
7999406	5.325735
7999408	2.218939
7999410	2.111375
7999412	4.564444
7999419	5.640672
7999423	6.82517
7999427	4.364851
7999431	6.665687
7999433	5.889353
7999435	5.817163
7999440	5.258124
7999447	5.600042
7999468	10.99932
7999476	5.81906
7999478	7.277057
7999496	7.533865
7999520	7.581954
7999532	8.572533
7999547	3.138883
7999550	4.926777
7999553	7.557059
7999560	2.425541
7999562	7.600551
7999588	5.985852
7999591	7.203089
7999594	5.347287
7999596	8.145037
7999598	7.133757
7999608	6.806091
7999614	7.227067
7999634	6.864997
7999642	8.377702
7999674	5.638644
7999718	5.913293
7999725	5.284141
7999727	5.989996
7999750	5.347287
7999752	6.840904
7999754	7.46313
7999766	8.201078
7999769	7.656026
7999791	8.763714
7999827	9.07373
7999834	10.60738
7999841	8.545603
7999884	6.44155
7999886	5.050915
7999889	7.582677
7999903	6.495513
7999909	5.737407
7999916	7.237337
7999920	4.909718
7999936	6.021078
7999952	3.929351
7999965	4.703893
7999981	5.148715
7999999	2.586796
8000001	2.134633
8000003	6.499188
8000013	5.881045
8000028	7.705756
8000034	4.273986
8000097	3.366699
8000117	8.612716
8000131	9.898687
8000156	10.0408
8000167	10.36051
8000184	5.836728
8000192	7.156652
8000200	7.133715
8000205	9.858927
8000217	11.13661
8000222	9.8736
8000229	3.256541
8000236	7.229346
8000244	7.448191
8000263	6.482314
8000284	7.571152
8000310	6.443489
8000323	6.774727
8000329	5.735401
8000346	6.923833
8000369	2.474769
8000371	5.049548
8000375	7.111192
8000399	4.764
8000407	4.177135
8000409	8.816411
8000411	4.365457
8000413	6.863287
8000425	7.060282
8000465	3.408903
8000467	6.177888
8000480	4.704449
8000482	7.254078
8000501	8.556741
8000507	9.404028
8000537	8.475685
8000543	7.573566
8000567	5.940408
8000574	7.121809
8000582	4.705681
8000590	6.05104
8000600	6.898628
8000603	8.321842
8000614	2.67343
8000616	7.266007
8000632	6.876169
8000634	3.86376
8000636	9.234978
8000638	10.57404
8000649	6.506524
8000651	9.909753
8000676	9.867349
8000687	9.413233
8000690	6.506524
8000692	9.280738
8000702	5.911391
8000706	8.258857
8000716	6.222198
8000738	5.709865
8000746	4.440845
8000748	5.617574
8000757	5.230605
8000772	6.216713
8000779	5.930487
8000791	8.888411
8000799	7.412278
8000811	8.439691
8000823	9.876087
8000834	10.30699
8000848	7.647884
8000856	6.370064
8000869	5.81028
8000882	5.525219
8000884	8.082448
8000890	7.879131
8000897	6.342353
8000899	7.188917
8000903	7.67342
8000906	6.01703
8000910	6.134299
8000917	6.82504
8000924	5.772571
8000928	4.177224
8000930	3.290023
8000932	5.180911
8000941	6.145785
8000945	6.099311
8000948	7.234802
8000957	5.16487
8000963	6.17917
8000974	6.125151
8000978	6.334342
8000998	7.893112
8001007	10.44457
8001014	6.706583
8001030	6.769195
8001037	4.822766
8001041	6.929833
8001046	6.102171
8001048	7.025867
8001064	3.276329
8001067	7.311915
8001070	2.279103
8001072	4.832113
8001082	7.697226
8001099	7.580044
8001102	7.201279
8001104	6.887886
8001108	7.514806
8001111	8.255655
8001113	3.035861
8001131	2.931114
8001133	4.182706
8001147	8.242531
8001149	8.515724
8001163	6.02076
8001178	5.196705
8001185	7.854964
8001197	4.656456
8001211	8.600857
8001233	4.627312
8001235	3.953888
8001271	4.952219
8001306	7.162046
8001317	8.320323
8001325	2.115294
8001327	3.218858
8001329	4.660328
8001337	4.3661
8001348	5.690834
8001350	7.031045
8001371	4.167059
8001373	5.20853
8001385	2.697491
8001387	4.596295
8001394	6.032595
8001402	3.036968
8001410	7.203935
8001423	4.209669
8001449	6.953985
8001455	5.622908
8001457	9.192283
8001464	4.659877
8001477	8.172285
8001496	8.626586
8001507	6.967201
8001529	8.626861
8001531	9.971791
8001535	3.367019
8001537	7.736148
8001547	8.376125
8001552	6.250643
8001564	6.682444
8001576	6.472015
8001587	8.194535
8001615	6.394543
8001651	6.133299
8001656	3.204784
8001658	6.954022
8001666	7.63284
8001680	6.281681
8001682	4.885694
8001691	3.018853
8001693	10.7493
8001746	7.344103
8001748	8.679205
8001750	5.810074
8001764	8.55843
8001776	4.434963
8001780	2.608925
8001782	7.051706
8001784	4.585401
8001798	4.053176
8001800	4.14184
8001816	6.740088
8001818	6.316651
8001830	6.62368
8001841	8.347744
8001858	2.629621
8001876	6.116335
8001898	6.763625
8001918	5.769667
8001924	7.702109
8001932	5.65824
8001938	8.020143
8001946	6.450918
8001953	6.201133
8001971	6.305387
8001981	5.550123
8002005	4.626632
8002018	3.341259
8002020	6.112381
8002027	5.572282
8002029	5.143558
8002041	9.277748
8002051	6.404404
8002057	6.084195
8002072	6.910838
8002082	7.342244
8002087	7.807303
8002102	5.741105
8002104	6.349749
8002121	6.126732
8002133	6.746618
8002143	6.368175
8002152	6.299218
8002181	5.92424
8002194	6.338953
8002209	6.289046
8002211	5.657994
8002216	2.409559
8002218	8.120587
8002237	7.046101
8002245	6.636423
8002249	6.13386
8002260	3.187644
8002262	6.837365
8002264	2.34163
8002266	8.091391
8002270	6.938974
8002272	7.493905
8002283	5.41462
8002289	7.428448
8002301	4.508145
8002303	7.396142
8002312	6.471537
8002320	2.747451
8002322	8.480384
8002333	9.624891
8002342	6.399639
8002344	8.084572
8002347	7.271862
8002370	6.546546
8002379	5.998839
8002381	7.263359
8002403	6.263371
8002421	6.488206
8002444	5.626338
8002446	3.944186
8002470	4.896572
8002481	4.388162
8002492	4.530802
8002523	6.316848
8002533	5.418397
8002547	5.795273
8002556	4.087624
8002571	4.665649
8002590	5.213912
8002592	9.579083
8002618	5.586823
8002629	3.467441
8002660	6.180475
8002667	4.339635
8002692	6.894134
8002706	5.310086
8002711	8.104536
8002713	6.644846
8002729	8.333035
8002758	3.499472
8002760	4.399295
8002762	6.200693
8002778	5.545938
8002792	6.49385
8002802	7.190663
8002830	5.525589
8002845	6.971529
8002854	7.312675
8002865	6.914679
8002878	8.612046
8002882	5.715373
8002891	5.23236
8002897	5.592317
8002904	7.157039
8002919	7.35356
8002937	7.964832
8002939	5.877713
8002941	3.999744
8002967	4.029124
8002969	6.694897
8002975	6.290643
8002987	6.448904
8002992	4.895643
8002999	6.197298
8003007	5.027086
8003056	5.044352
8003060	6.065764
8003066	5.759541
8003068	5.642875
8003075	5.027966
8003077	5.046994
8003087	6.412121
8003089	8.270745
8003116	7.109518
8003125	6.634492
8003145	5.881541
8003149	5.865347
8003156	6.212604
8003158	6.915954
8003171	8.392703
8003180	7.87328
8003193	6.92861
8003204	4.440961
8003210	7.057798
8003217	5.612841
8003228	2.818244
8003230	5.398749
8003233	6.077883
8003243	5.978109
8003249	6.939021
8003263	5.440108
8003283	6.54257
8003298	8.236441
8003313	3.894312
8003318	4.668834
8003322	7.648596
8003332	7.177181
8003344	7.622006
8003348	6.412765
8003357	8.224685
8003401	7.028047
8003410	6.963615
8003425	6.348798
8003444	6.773306
8003448	7.071897
8003465	8.007936
8003467	8.326305
8003478	7.04894
8003484	6.29064
8003503	5.278831
8003553	5.252765
8003560	7.16833
8003566	3.961728
8003571	5.083898
8003576	3.541608
8003578	5.082662
8003583	6.486517
8003601	5.911391
8003605	4.820295
8003607	5.667101
8003611	6.947695
8003619	5.239954
8003621	6.697135
8003627	7.673398
8003633	6.93897
8003635	5.367056
8003639	5.997527
8003656	5.51195
8003667	5.360366
8003679	7.160934
8003700	7.283134
8003719	6.754599
8003722	5.598776
8003733	7.111565
8003758	8.357372
8003769	6.520974
8003771	6.925727
8003773	6.995841
8003800	5.851097
8003802	3.714806
8003804	4.296371
8003806	5.693119
8003808	5.501413
8003810	6.465706
8003812	5.934193
8003814	3.873038
8003824	6.347837
8003840	7.118587
8003844	4.70253
8003846	4.949608
8003848	2.959017
8003850	7.33883
8003857	6.129569
8003859	2.089902
8003861	6.562039
8003875	11.92366
8003892	7.300202
8003903	7.072357
8003922	5.864304
8003926	5.783507
8003939	6.342951
8003948	6.403481
8003953	8.296827
8003962	6.988556
8003991	7.091283
8004024	4.598923
8004030	7.324165
8004043	5.46242
8004057	8.370201
8004081	6.000162
8004086	3.973542
8004111	6.941407
8004133	6.545446
8004144	6.581989
8004152	5.791412
8004165	2.151437
8004167	5.220453
8004175	6.436139
8004184	7.03042
8004195	5.062514
8004201	5.534176
8004221	11.29014
8004237	10.45036
8004241	7.545788
8004247	7.703338
8004255	5.193033
8004266	7.224595
8004271	9.505516
8004293	6.768255
8004309	6.469836
8004325	7.496308
8004331	7.485127
8004360	8.868332
8004364	4.905765
8004372	7.209627
8004385	6.016346
8004394	5.888535
8004400	6.04392
8004404	7.562455
8004408	6.781141
8004416	5.492797
8004428	7.332192
8004431	8.986133
8004464	7.180798
8004485	7.128099
8004497	8.776099
8004506	9.574219
8004508	7.905079
8004510	9.583636
8004521	9.094761
8004532	5.510447
8004534	5.550354
8004545	5.731478
8004556	6.414356
8004571	5.682966
8004580	4.721012
8004671	6.978048
8004691	6.501333
8004694	6.237022
8004699	8.330997
8004741	6.471989
8004763	6.205791
8004784	6.59279
8004802	5.638878
8004804	6.420375
8004832	5.862533
8004842	6.794443
8004859	1.94821
8004861	4.309017
8004867	9.648493
8004880	7.265191
8004889	4.038904
8004905	6.644107
8004922	4.477053
8004938	4.284173
8004940	3.993607
8004946	6.034632
8004948	5.766916
8004955	5.414263
8004957	4.621642
8005029	8.578022
8005043	4.050282
8005048	4.236615
8005064	5.906699
8005089	6.38989
8005097	4.620804
8005102	5.259648
8005104	4.028301
8005106	3.472631
8005110	5.427918
8005117	6.40959
8005132	6.809912
8005134	6.522103
8005141	7.048553
8005153	2.011449
8005155	4.738944
8005157	6.274528
8005166	12.05291
8005171	5.559313
8005191	8.466434
8005200	4.754085
8005202	4.620686
8005204	4.823673
8005221	2.852518
8005223	4.537254
8005225	6.056254
8005231	5.598379
8005233	5.119278
8005235	7.78421
8005243	5.093843
8005245	5.997719
8005247	6.773449
8005260	6.39464
8005265	2.370138
8005267	6.395033
8005289	4.765137
8005305	6.192033
8005313	6.367507
8005328	5.729313
8005397	2.659441
8005399	7.546179
8005407	6.484493
8005435	8.261346
8005441	7.139748
8005444	6.261734
8005446	6.429454
8005449	9.450617
8005458	8.557822
8005471	9.684524
8005473	6.300612
8005475	10.53094
8005483	7.661564
8005501	8.747506
8005510	4.484447
8005512	6.661442
8005529	6.149544
8005547	9.938392
8005549	5.222126
8005553	9.938392
8005555	6.475163
8005557	7.659315
8005574	5.441668
8005576	6.506482
8005586	4.785854
8005601	6.729994
8005603	5.158334
8005626	7.001273
8005628	5.623875
8005630	2.389696
8005632	3.403878
8005634	3.081479
8005636	4.289519
8005638	8.138568
8005655	3.316278
8005657	5.697329
8005659	4.170308
8005661	8.523154
8005679	6.943034
8005683	2.919836
8005685	4.649412
8005687	5.643144
8005689	5.080359
8005695	6.58813
8005697	5.65637
8005699	6.578885
8005707	8.852591
8005726	7.55956
8005733	7.096146
8005736	11.02878
8005739	5.59717
8005743	4.522644
8005745	2.639097
8005747	4.345662
8005749	4.414976
8005751	5.208905
8005753	5.897142
8005755	2.90602
8005757	2.190044
8005759	2.531988
8005761	2.322262
8005763	2.21371
8005765	8.642847
8005777	5.951343
8005785	6.217634
8005809	6.304526
8005814	6.466664
8005829	5.846951
8005833	6.672966
8005836	5.262212
8005839	9.793015
8005847	7.469418
8005857	7.337047
8005865	6.0751
8005877	5.381414
8005879	5.646097
8005894	5.633377
8005903	7.650269
8005943	8.739491
8005951	5.833313
8005953	4.276796
8005955	4.422732
8005957	4.37177
8005959	6.068285
8005978	9.250361
8005992	1.923119
8005994	6.944951
8006005	5.440493
8006019	4.533174
8006030	7.821915
8006052	6.82544
8006063	6.197553
8006081	4.312794
8006083	2.789898
8006085	4.239226
8006112	6.067492
8006119	6.633026
8006121	4.389197
8006123	8.073483
8006148	7.112097
8006161	5.859709
8006170	6.55519
8006181	6.682339
8006183	8.695534
8006187	3.758648
8006214	5.818003
8006227	3.053638
8006229	6.952598
8006237	5.911399
8006239	7.386849
8006296	4.594744
8006298	7.588113
8006317	5.048257
8006321	6.895604
8006323	2.784597
8006325	8.573311
8006336	5.575784
8006345	9.318114
8006367	5.232939
8006377	9.454844
8006392	8.613536
8006409	6.391469
8006415	7.362447
8006423	5.035032
8006433	6.861293
8006440	3.984307
8006445	5.639261
8006453	3.681371
8006459	4.800971
8006466	5.217156
8006477	6.627908
8006479	6.375278
8006502	2.350687
8006504	5.245844
8006509	4.958089
8006531	8.99783
8006540	4.416142
8006542	7.919998
8006562	6.83965
8006569	7.394179
8006573	9.020105
8006590	3.377248
8006594	4.871263
8006602	4.309198
8006606	4.541131
8006608	5.915843
8006621	6.026856
8006627	7.318459
8006634	4.69216
8006638	7.960418
8006655	7.468633
8006668	6.413218
8006681	6.091015
8006690	7.229873
8006706	2.973562
8006715	6.281546
8006736	8.345761
8006744	2.556468
8006746	8.497956
8006762	8.62536
8006768	6.288315
8006779	8.043468
8006786	7.171776
8006788	8.009693
8006812	8.894974
8006820	9.970107
8006834	5.940623
8006836	4.980278
8006845	10.38824
8006850	7.202063
8006865	7.016012
8006877	7.565741
8006896	5.92055
8006900	5.669017
8006906	8.905239
8006940	8.607685
8006958	3.057872
8006968	6.280336
8006984	7.636568
8006999	7.941253
8007008	7.170218
8007023	7.773227
8007028	8.057761
8007043	7.623588
8007058	7.045453
8007069	6.748929
8007071	4.166809
8007084	6.701922
8007100	7.131167
8007108	4.177578
8007112	7.09973
8007115	7.420106
8007118	5.676001
8007123	5.163023
8007127	5.709214
8007130	5.381279
8007134	5.754435
8007141	11.35208
8007148	6.371803
8007152	7.565843
8007154	5.429934
8007169	3.245336
8007176	4.491332
8007188	7.882883
8007197	7.77125
8007208	5.212554
8007212	6.086112
8007228	7.232759
8007250	7.894718
8007259	8.001661
8007263	6.777939
8007272	7.231965
8007290	7.340527
8007302	7.519168
8007310	4.640036
8007312	6.712379
8007323	5.51131
8007348	5.462258
8007355	7.419082
8007363	6.092012
8007388	4.056767
8007397	8.042022
8007414	4.807937
8007420	5.246862
8007427	7.019162
8007429	3.729346
8007435	7.331826
8007441	9.546429
8007446	7.08318
8007454	5.258985
8007462	6.812162
8007471	9.640996
8007483	6.948047
8007493	7.22456
8007497	2.451948
8007499	2.032308
8007501	3.274918
8007503	3.827045
8007505	8.025597
8007530	3.018125
8007537	6.304914
8007548	6.731424
8007550	6.614377
8007561	7.216801
8007569	4.899251
8007584	6.61871
8007594	7.80706
8007603	2.317007
8007607	5.613012
8007620	10.79245
8007637	7.4001
8007641	7.372614
8007643	2.672267
8007651	5.518748
8007673	5.329684
8007675	5.95304
8007701	5.692361
8007707	5.827628
8007715	7.443441
8007730	6.264658
8007745	10.04999
8007750	7.16533
8007757	6.580926
8007790	5.986074
8007794	7.030238
8007797	8.933456
8007799	8.087805
8007803	5.649574
8007808	5.368049
8007826	7.412279
8007828	5.951797
8007846	4.972785
8007848	6.577817
8007850	9.033543
8007865	6.218853
8007867	9.112303
8007883	6.218853
8007885	9.258535
8007895	8.012821
8007902	3.55307
8007904	6.638285
8007917	6.310922
8007919	9.49016
8007921	5.05894
8007931	5.542658
8007949	4.394526
8007976	10.37944
8007990	7.191728
8007992	8.800384
8008016	7.002518
8008029	6.631477
8008038	4.584737
8008040	5.583239
8008049	3.907725
8008052	6.426688
8008064	6.735224
8008074	7.822251
8008087	8.120461
8008096	7.174013
8008110	5.941226
8008113	7.893815
8008130	4.358567
8008132	7.049832
8008139	8.430325
8008151	5.169126
8008170	4.363664
8008172	5.934616
8008185	6.216817
8008195	4.720043
8008201	6.71079
8008208	6.962848
8008213	7.583219
8008228	6.472774
8008237	7.175599
8008263	6.989767
8008277	6.188128
8008289	6.316223
8008297	6.596203
8008310	5.224368
8008321	7.64045
8008339	7.49218
8008350	4.739304
8008372	7.847159
8008388	7.202518
8008409	5.554955
8008454	7.598897
8008491	3.30004
8008493	8.041263
8008511	6.619968
8008517	6.56399
8008530	6.855999
8008540	4.777753
8008544	5.467065
8008547	6.75695
8008564	4.912547
8008566	4.584763
8008588	5.195791
8008596	3.801171
8008598	6.257468
8008609	6.424702
8008627	5.814944
8008629	5.435081
8008644	6.168265
8008646	8.217569
8008662	5.91391
8008664	7.003194
8008682	7.058714
8008700	6.654162
8008702	8.071754
8008706	7.560601
8008711	4.107644
8008716	6.6753
8008718	3.102303
8008723	5.50352
8008736	5.346517
8008754	4.803625
8008768	3.743029
8008778	2.784391
8008780	2.262777
8008782	4.167724
8008784	3.832219
8008795	4.583503
8008802	4.72821
8008817	2.537731
8008819	8.672132
8008825	6.715575
8008834	9.321656
8008868	5.502252
8008870	9.389772
8008885	9.317837
8008887	7.8342
8008900	6.006739
8008912	4.974618
8008914	3.780638
8008922	8.372389
8008933	7.450986
8008963	3.941441
8008965	6.945508
8008969	7.167058
8008980	5.62424
8008982	5.806703
8008991	2.66812
8008995	3.371434
8009006	3.724905
8009008	6.582698
8009014	8.077657
8009040	5.895381
8009073	2.260751
8009075	8.249228
8009094	6.803935
8009096	5.639261
8009145	5.325483
8009164	7.902512
8009176	6.268108
8009183	6.020258
8009205	8.654819
8009227	8.64187
8009241	8.513088
8009243	4.009502
8009253	4.709233
8009255	7.275991
8009275	4.574581
8009277	4.205316
8009299	3.884592
8009301	6.111889
8009322	6.385578
8009324	3.285925
8009326	4.839435
8009334	6.070861
8009343	5.272436
8009349	5.293215
8009351	5.116483
8009353	6.940886
8009366	5.640696
8009380	6.718419
8009382	7.661656
8009417	7.426105
8009430	6.872785
8009432	7.24847
8009443	5.77615
8009457	9.429906
8009474	2.356049
8009476	5.337967
8009491	2.433648
8009493	4.930346
8009502	5.446259
8009513	5.376946
8009515	2.230623
8009517	7.504769
8009524	4.937807
8009526	6.075074
8009533	6.543854
8009552	5.355062
8009561	9.13144
8009568	6.156887
8009585	5.861527
8009602	5.450881
8009631	7.171848
8009639	6.839453
8009653	6.279956
8009662	4.38098
8009666	5.529536
8009685	8.733933
8009693	6.013355
8009705	5.556677
8009713	5.904194
8009721	6.363856
8009727	6.0835
8009737	7.436838
8009746	7.764081
8009755	6.145049
8009759	2.302479
8009761	6.406811
8009784	7.439093
8009792	2.753251
8009794	1.828032
8009796	7.833537
8009832	6.909742
8009844	7.717074
8009873	6.273114
8009875	5.91285
8009913	5.957615
8009929	8.566986
8009932	7.498231
8009951	7.872224
8009995	6.556312
8010012	7.921719
8010017	7.988938
8010021	6.76375
8010030	6.55838
8010036	5.6181
8010050	8.418264
8010057	2.384206
8010059	3.46058
8010061	6.278768
8010071	6.338913
8010078	6.855107
8010080	2.979221
8010082	4.049775
8010084	6.199347
8010086	5.979855
8010092	7.649017
8010113	6.415861
8010137	7.052616
8010139	7.763027
8010161	7.229007
8010184	4.977318
8010186	5.083096
8010188	5.880185
8010210	3.093799
8010212	6.539973
8010237	6.700462
8010243	9.09868
8010248	7.146111
8010260	5.292208
8010271	7.602671
8010285	6.246993
8010287	6.138712
8010295	8.256196
8010313	6.163756
8010320	6.06284
8010328	5.30895
8010354	6.850144
8010379	6.293971
8010405	6.466973
8010426	9.033179
8010454	9.209551
8010499	5.988964
8010512	6.099248
8010550	6.529995
8010560	4.900749
8010562	7.402292
8010583	6.469504
8010590	6.078836
8010614	6.025883
8010622	3.012533
8010624	6.143211
8010629	6.601523
8010638	8.443762
8010664	7.54288
8010673	6.772979
8010686	5.329646
8010696	7.649683
8010702	7.589873
8010719	6.450679
8010737	6.401978
8010747	7.338544
8010766	6.289769
8010768	8.371567
8010770	9.386517
8010778	6.636323
8010780	4.810695
8010783	6.061225
8010785	2.822083
8010787	6.699939
8010804	7.55437
8010820	7.25256
8010832	6.596387
8010841	6.145566
8010848	7.275553
8010897	7.646946
8010901	6.592489
8010903	6.77513
8010915	6.651509
8010918	6.835241
8010924	7.268795
8010946	6.458343
8010949	8.095412
8010963	4.682975
8010967	7.197393
8010978	9.930456
8010983	7.425116
8011009	2.362326
8011011	9.052422
8011018	9.332216
8011027	8.91184
8011062	7.900143
8011077	8.279388
8011093	6.979133
8011110	5.849193
8011112	6.421502
8011114	6.728195
8011131	7.947579
8011141	8.588933
8011188	7.396496
8011193	6.26749
8011200	6.009211
8011212	8.275899
8011214	5.551046
8011218	5.889736
8011220	6.82304
8011222	6.371158
8011245	6.112618
8011262	7.087433
8011270	5.72565
8011275	6.288684
8011291	6.717218
8011293	7.428145
8011320	4.916468
8011322	4.272406
8011324	2.980436
8011328	5.34343
8011331	5.094604
8011337	5.10133
8011339	4.579401
8011341	2.964518
8011343	3.217727
8011354	5.608582
8011375	6.604733
8011396	7.543091
8011407	9.27518
8011415	5.440828
8011430	5.873087
8011462	7.95908
8011480	5.697773
8011499	5.273041
8011516	7.077401
8011542	7.175862
8011599	7.095997
8011626	10.35268
8011640	6.832389
8011671	7.883433
8011678	3.486996
8011680	6.004754
8011692	6.031822
8011713	6.910405
8011724	4.415519
8011732	3.994916
8011734	5.739669
8011747	7.384704
8011759	8.364363
8011765	6.724689
8011774	6.986512
8011797	5.633989
8011808	6.766197
8011817	4.712251
8011823	4.026494
8011826	4.044092
8011832	6.691138
8011850	7.143795
8011861	5.989283
8011875	8.300459
8011884	6.232053
8011912	6.132676
8011924	6.407095
8011945	6.94954
8011968	6.562045
8011975	6.124465
8011990	4.313077
8012000	6.211224
8012004	5.637259
8012006	5.607099
8012013	5.218626
8012028	5.803291
8012043	5.633244
8012054	4.743294
8012079	7.863134
8012099	8.414879
8012110	10.38575
8012116	8.213284
8012126	10.2211
8012138	2.633918
8012140	7.418332
8012150	8.065962
8012166	6.094982
8012197	6.652427
8012207	5.941049
8012212	7.063268
8012218	7.579464
8012220	6.467485
8012226	7.242222
8012247	6.705517
8012257	7.547746
8012270	4.748665
8012274	6.713036
8012282	5.748549
8012285	4.90813
8012304	7.474944
8012309	5.105196
8012326	5.343457
8012344	6.763908
8012349	8.067869
8012376	6.919453
8012383	6.274182
8012397	7.55463
8012403	6.752452
8012416	4.760766
8012423	6.691518
8012450	6.30134
8012464	5.574521
8012466	5.791137
8012469	6.702186
8012473	8.249315
8012475	6.333547
8012518	5.621194
8012520	4.251169
8012528	4.397895
8012535	6.306603
8012539	5.746177
8012558	5.748805
8012581	6.048287
8012591	5.383527
8012598	3.917845
8012605	6.139731
8012625	4.259604
8012663	3.413711
8012696	3.395274
8012726	3.131305
8012753	3.971241
8012787	4.951144
8012823	6.926805
8012830	5.747222
8012837	5.636113
8012839	2.944706
8012843	5.651496
8012852	3.626929
8012854	2.130494
8012856	7.248419
8012883	6.389367
8012887	6.192391
8012891	6.256579
8012893	4.523267
8012896	7.927175
8012906	4.0767
8012908	4.04073
8012918	4.590479
8012924	6.010461
8012928	2.320687
8012931	7.590099
8012949	7.757263
8012951	9.194992
8012953	10.80633
8012958	6.148697
8012961	8.108447
8013013	4.053581
8013015	5.878201
8013022	5.595243
8013026	4.389272
8013035	5.707407
8013042	10.61776
8013049	5.882949
8013061	7.809304
8013068	6.425176
8013071	6.904027
8013089	4.918288
8013094	6.582268
8013109	7.881635
8013112	7.239034
8013120	6.863328
8013131	5.177786
8013135	7.426725
8013157	7.611135
8013159	8.94955
8013177	2.300055
8013179	6.502841
8013191	8.979652
8013222	7.031497
8013243	6.103808
8013259	6.991266
8013262	6.421415
8013268	5.647855
8013272	5.166861
8013292	4.484447
8013294	5.551288
8013305	4.305123
8013307	10.1276
8013309	4.814938
8013312	5.621412
8013319	5.045907
8013323	9.938392
8013325	9.938392
8013327	6.475163
8013329	9.938392
8013331	5.358814
8013341	4.523461
8013348	10.50465
8013354	7.568066
8013356	3.202777
8013358	2.374254
8013360	2.226651
8013362	2.640159
8013364	5.006148
8013384	9.702675
8013399	5.571152
8013431	7.217505
8013448	2.116089
8013450	8.855591
8013465	8.638844
8013473	6.644584
8013479	5.823172
8013484	2.903677
8013486	8.598162
8013500	7.025141
8013509	7.373258
8013515	5.228046
8013517	3.011647
8013519	3.837625
8013521	8.542181
8013523	5.032051
8013525	2.501266
8013527	2.666622
8013529	7.405042
8013531	5.36276
8013533	6.518138
8013536	5.69082
8013567	3.929959
8013570	3.757115
8013572	2.389539
8013574	6.255349
8013581	6.543435
8013588	8.117732
8013602	4.366853
8013606	5.675755
8013616	5.635848
8013622	6.474929
8013633	7.176479
8013641	8.196466
8013660	8.106981
8013671	4.529049
8013696	8.23493
8013741	7.764663
8013747	5.985444
8013753	5.986176
8013771	6.359908
8013776	7.68104
8013784	2.349495
8013786	2.449155
8013788	8.126427
8013804	6.783745
8013812	6.686388
8013833	5.616426
8013858	5.633242
8013860	6.66475
8013906	9.256208
8013908	9.174174
8013915	5.996051
8013917	2.467029
8013919	6.544043
8013923	6.31845
8013947	5.675138
8013965	6.849724
8013987	6.487061
8013989	4.943872
8014008	5.642561
8014023	5.50263
8014025	3.322728
8014033	2.321786
8014035	5.822774
8014037	6.496433
8014047	5.03146
8014057	2.624967
8014063	5.348592
8014066	3.37684
8014071	3.487591
8014073	6.739982
8014081	6.821482
8014100	5.176116
8014113	2.284048
8014115	8.281601
8014140	5.708013
8014142	4.793794
8014144	4.766576
8014158	5.186405
8014160	5.353938
8014167	4.848881
8014169	4.610307
8014172	3.741543
8014189	7.855674
8014197	3.192348
8014199	6.195605
8014214	6.20344
8014230	6.354769
8014233	5.005834
8014241	4.107018
8014248	4.783928
8014257	6.469802
8014259	2.919144
8014264	5.444409
8014269	6.786204
8014282	6.951471
8014298	4.607746
8014316	6.402233
8014326	4.966946
8014334	2.82672
8014342	4.381953
8014349	7.237002
8014361	3.551706
8014369	7.184413
8014376	8.487112
8014391	7.748963
8014397	8.390058
8014414	7.748963
8014420	8.449207
8014435	2.556468
8014437	8.467577
8014452	4.970006
8014454	5.870638
8014485	6.479118
8014487	7.531149
8014551	8.316814
8014574	6.904379
8014591	5.323132
8014603	8.521331
8014633	8.537938
8014648	2.556468
8014650	10.4364
8014664	6.714577
8014666	5.018487
8014679	6.099491
8014700	5.269146
8014702	5.064855
8014704	6.981676
8014706	7.27116
8014723	7.291878
8014738	7.454835
8014749	7.727078
8014755	7.30467
8014757	2.719774
8014768	5.348472
8014787	4.563733
8014794	7.311647
8014812	6.109371
8014825	7.648366
8014841	6.84446
8014861	2.949407
8014865	5.928691
8014871	6.879066
8014882	8.939704
8014891	6.015924
8014903	6.831582
8014916	8.062466
8014925	7.207672
8014954	2.439788
8014956	9.434707
8014969	6.887559
8014974	4.566707
8015016	7.121698
8015031	5.76099
8015037	3.921927
8015039	8.088649
8015049	2.709979
8015060	5.57944
8015070	4.092683
8015078	3.683328
8015087	4.191209
8015095	3.038843
8015104	5.544744
8015115	4.549383
8015124	5.584326
8015133	9.638459
8015144	4.166152
8015152	4.374837
8015163	2.995113
8015169	4.658001
8015173	4.777083
8015179	6.82385
8015187	7.0272
8015189	6.728965
8015196	7.025549
8015206	8.023205
8015208	8.05465
8015210	7.319983
8015214	7.378635
8015218	7.201784
8015221	7.136054
8015223	6.771567
8015230	6.985055
8015232	5.682881
8015236	6.367852
8015240	4.535074
8015242	6.957131
8015247	6.552421
8015252	6.110621
8015257	6.341398
8015262	6.153049
8015268	4.468349
8015273	5.6893
8015280	4.702198
8015287	5.104728
8015293	5.226281
8015301	5.490292
8015312	3.648714
8015323	13.84096
8015337	9.539337
8015349	11.66648
8015357	4.447983
8015366	7.496244
8015376	9.816434
8015387	10.60437
8015396	6.594998
8015410	7.071363
8015412	9.971038
8015432	5.912816
8015445	6.421185
8015456	6.117862
8015460	7.774684
8015490	7.487532
8015503	5.609674
8015511	6.334871
8015526	7.344378
8015545	9.133986
8015554	5.989118
8015572	6.259755
8015575	6.351731
8015590	6.666224
8015607	10.19777
8015635	5.78868
8015642	5.83861
8015655	8.536399
8015665	7.323417
8015681	6.755248
8015685	7.728359
8015706	5.84527
8015712	7.348866
8015715	7.456367
8015730	6.086869
8015735	4.636343
8015737	7.676299
8015739	3.502032
8015741	6.5986
8015757	4.955261
8015759	9.708337
8015769	4.482978
8015798	5.935316
8015802	1.979779
8015804	5.371713
8015806	5.412624
8015821	6.515891
8015827	6.55403
8015835	7.782275
8015846	6.205723
8015868	4.8217
8015884	4.750617
8015890	6.165991
8015900	6.937049
8015906	3.469034
8015908	7.998501
8015914	7.862467
8015944	3.244035
8015946	6.329731
8015955	6.653035
8015969	8.044718
8015991	5.124023
8016018	8.462119
8016033	6.366905
8016042	3.504552
8016044	6.029257
8016077	7.218389
8016086	6.513335
8016088	5.777984
8016094	5.674886
8016099	7.499256
8016128	6.481591
8016139	5.886853
8016147	5.671602
8016155	7.660703
8016159	7.705119
8016168	8.036355
8016187	4.488768
8016194	5.919381
8016213	7.290574
8016215	8.87387
8016232	7.264384
8016239	8.610647
8016245	9.395759
8016257	5.818445
8016259	7.295984
8016261	6.733438
8016263	5.844181
8016266	8.205316
8016283	1.803151
8016285	6.890717
8016300	6.727048
8016311	5.941463
8016320	8.638019
8016324	5.874936
8016336	6.863523
8016366	6.358908
8016371	6.766072
8016382	6.775871
8016387	6.556816
8016390	6.193175
8016400	6.394306
8016402	7.702496
8016412	4.214691
8016414	5.36531
8016429	6.020721
8016431	2.84772
8016433	5.419046
8016438	5.743661
8016444	6.334455
8016452	6.586676
8016455	3.144179
8016457	5.518015
8016463	6.589987
8016468	5.187197
8016473	5.75298
8016476	6.138741
8016482	5.304219
8016484	5.127726
8016487	6.196265
8016494	4.790848
8016504	6.956322
8016508	7.075445
8016519	7.03175
8016521	3.296909
8016523	4.698865
8016532	4.734334
8016540	4.833847
8016546	6.209895
8016552	7.64292
8016562	7.693279
8016578	7.496502
8016590	6.769044
8016600	5.99565
8016607	4.820543
8016609	5.456697
8016615	5.836223
8016628	6.512452
8016640	6.839439
8016646	6.999512
8016699	6.924133
8016708	7.903525
8016718	5.633615
8016725	7.029396
8016735	5.218487
8016739	11.17078
8016745	8.546375
8016787	7.005618
8016789	7.011664
8016806	5.652364
8016808	4.628918
8016825	5.054721
8016832	4.441087
8016841	2.616782
8016847	8.578751
8016858	7.329943
8016866	5.251919
8016868	5.306115
8016870	4.949238
8016878	6.908033
8016891	7.041538
8016898	9.66471
8016909	5.042803
8016932	5.192153
8016947	6.149914
8016980	3.576936
8016982	8.432232
8016994	7.283178
8017010	4.075733
8017019	7.388263
8017039	6.179801
8017057	3.997386
8017061	3.655382
8017096	5.097778
8017098	5.136504
8017100	4.694581
8017102	4.925807
8017104	3.732411
8017106	6.125691
8017133	7.186322
8017139	2.393847
8017141	2.788675
8017143	5.25014
8017148	2.167442
8017150	5.589561
8017162	7.237766
8017173	7.977512
8017186	6.48044
8017210	4.488104
8017212	7.180644
8017235	8.48899
8017251	3.456453
8017253	4.225703
8017257	3.226609
8017259	3.636577
8017262	4.197626
8017283	6.75955
8017310	2.209446
8017312	9.199268
8017344	6.291475
8017346	7.740183
8017361	4.778502
8017363	2.093063
8017365	3.959515
8017378	6.401616
8017391	2.594104
8017393	7.285717
8017402	6.414591
8017421	7.974415
8017437	7.031665
8017460	7.543016
8017476	6.951476
8017480	4.733262
8017488	6.168581
8017499	6.421176
8017505	4.253176
8017511	5.598056
8017521	5.869275
8017547	6.119638
8017555	7.632004
8017582	7.182604
8017597	4.608644
8017599	5.676614
8017619	2.543103
8017621	6.554705
8017634	10.11126
8017651	7.78933
8017671	8.167211
8017675	10.19715
8017688	8.938892
8017702	5.791974
8017704	5.023647
8017711	8.13289
8017718	5.883648
8017736	3.465863
8017766	3.520715
8017776	7.879263
8017810	6.690257
8017825	4.011364
8017827	4.046673
8017829	4.549767
8017831	6.286563
8017840	5.971817
8017843	5.20523
8017850	7.889882
8017867	5.285825
8017885	3.292711
8017927	3.756161
8017964	3.432295
8018006	4.149161
8018038	7.635774
8018078	2.406012
8018082	7.915738
8018093	4.805428
8018095	2.925699
8018097	7.849588
8018102	5.270505
8018107	7.38204
8018114	5.359803
8018156	4.48901
8018164	5.584543
8018169	4.95729
8018177	6.45693
8018184	4.177308
8018189	6.497046
8018196	5.912386
8018209	6.884501
8018220	6.149428
8018236	6.484883
8018251	5.947327
8018258	5.959049
8018264	7.341433
8018288	9.192076
8018295	2.715648
8018297	7.055815
8018305	8.077845
8018315	8.701667
8018324	7.280351
8018343	5.884459
8018352	4.961887
8018364	8.299237
8018377	5.706856
8018379	5.982869
8018400	7.435949
8018428	6.835668
8018439	11.07311
8018445	5.306069
8018449	7.098069
8018482	8.3256
8018494	7.161766
8018502	6.979841
8018511	6.629352
8018522	6.905206
8018558	9.457982
8018579	8.312261
8018600	8.32267
8018620	7.734626
8018646	6.415883
8018652	5.964104
8018673	5.463591
8018694	7.345877
8018708	5.922305
8018731	5.772453
8018754	6.270248
8018761	5.771019
8018774	6.128857
8018786	5.631648
8018791	4.613888
8018793	7.052771
8018803	8.847761
8018816	7.921761
8018818	3.723814
8018823	7.465416
8018849	6.708329
8018860	3.969019
8018864	6.78477
8018870	6.425838
8018872	6.075799
8018906	8.768503
8018908	4.527634
8018922	8.490786
8018935	4.924929
8018937	6.895386
8018966	10.58004
8018972	6.835703
8018975	9.490705
8018982	7.817723
8018993	6.547688
8019005	6.222317
8019010	6.967152
8019018	7.755219
8019031	6.307296
8019046	8.983706
8019061	7.609854
8019071	5.274486
8019074	5.942434
8019081	5.144894
8019083	7.024231
8019088	5.602133
8019090	6.278107
8019108	7.165732
8019136	7.043865
8019149	7.517355
8019170	6.631163
8019177	6.465637
8019181	6.952453
8019183	13.69328
8019194	6.981173
8019211	9.472287
8019231	6.403183
8019238	7.886796
8019243	5.870112
8019250	10.84728
8019263	8.132045
8019273	7.32868
8019280	7.830459
8019296	8.240487
8019308	8.076345
8019316	6.104955
8019331	6.939032
8019334	5.783773
8019347	5.918783
8019350	7.28814
8019357	8.207506
8019367	6.686441
8019376	7.413479
8019392	7.423879
8019437	6.554552
8019463	9.624424
8019478	8.239978
8019486	7.331059
8019494	5.945444
8019507	7.211341
8019517	4.349531
8019521	5.463417
8019523	9.253933
8019532	6.802309
8019541	7.270252
8019545	5.678998
8019559	5.696684
8019561	2.050638
8019563	3.954051
8019565	6.771567
8019570	4.943025
8019574	7.378635
8019576	7.319983
8019578	7.025549
8019585	6.728965
8019588	6.82385
8019593	4.777083
8019597	4.658001
8019599	2.995113
8019604	4.374837
8019614	4.166152
8019622	6.927538
8019631	10.60913
8019633	10.60913
8019635	10.60913
8019637	10.60913
8019639	10.60913
8019641	10.60913
8019643	5.51537
8019647	2.556468
8019649	6.714577
8019651	6.026856
8019655	8.531665
8019669	6.434805
8019687	5.340825
8019693	7.649683
8019699	5.68222
8019703	10.60913
8019705	10.60913
8019707	10.60913
8019709	10.6414
8019711	6.659479
8019716	8.525882
8019731	7.748963
8019737	7.294619
8019751	3.699697
8019754	6.274798
8019762	10.52442
8019765	7.992168
8019772	7.400285
8019778	7.766539
8019796	8.653308
8019798	7.99053
8019802	10.77486
8019804	3.619056
8019807	6.538668
8019828	3.918572
8019831	4.452894
8019842	4.389272
8019851	5.40619
8019857	3.259571
8019875	1.997198
8019877	9.531061
8019885	8.827886
8019908	4.742139
8019910	3.779744
8019912	6.742391
8019924	7.967554
8019930	9.886312
8019937	6.270657
8019939	6.77835
8019954	6.986004
8019958	2.315016
8019960	2.583179
8019962	6.212806
8019964	3.664293
8019988	7.519001
8020025	5.829865
8020027	6.362317
8020029	6.763255
8020037	6.025647
8020058	8.493361
8020068	7.399474
8020086	7.22372
8020088	4.121812
8020090	7.5719
8020100	9.198789
8020110	8.940979
8020123	5.081187
8020129	7.904698
8020139	8.877185
8020141	6.380413
8020149	7.576155
8020162	7.335955
8020164	5.207569
8020179	10.3388
8020183	7.349877
8020197	3.466174
8020209	2.888994
8020211	5.275522
8020220	8.704151
8020226	5.947145
8020239	3.346033
8020241	7.637819
8020252	1.90305
8020254	6.262541
8020267	6.576481
8020308	5.995214
8020321	4.736346
8020323	7.682652
8020339	4.226389
8020343	5.796043
8020347	4.733519
8020349	6.813503
8020352	6.298785
8020354	3.635127
8020357	2.660292
8020375	4.035643
8020377	3.859246
8020382	2.695487
8020384	3.655967
8020411	5.064977
8020419	5.336131
8020421	2.418195
8020423	6.908304
8020449	5.796309
8020451	4.95928
8020453	4.420547
8020455	6.729046
8020464	3.028879
8020466	2.519077
8020468	6.630034
8020491	5.966412
8020493	3.059039
8020495	7.4501
8020508	11.40421
8020527	8.085638
8020549	5.44143
8020551	5.295613
8020630	6.103907
8020647	5.977295
8020650	5.584007
8020653	5.325607
8020664	2.06147
8020666	3.088039
8020668	6.242419
8020682	2.255984
8020684	3.159554
8020691	2.888731
8020702	4.09691
8020717	3.497026
8020722	2.608149
8020724	3.177365
8020740	3.590844
8020760	5.34706
8020762	5.104898
8020779	8.451004
8020795	5.261683
8020802	2.580688
8020806	5.310659
8020814	6.392661
8020825	5.967804
8020827	3.447232
8020842	5.315515
8020844	3.548082
8020847	3.558349
8020878	7.180686
8020889	5.319819
8020898	5.735582
8020903	9.902336
8020919	4.817369
8020930	6.792013
8020955	6.066066
8020973	4.771165
8021001	3.856012
8021013	3.072149
8021015	7.558465
8021043	4.263404
8021045	4.853644
8021047	6.15094
8021058	5.509647
8021081	9.116116
8021091	5.82881
8021101	4.085285
8021113	8.902935
8021120	5.521375
8021129	5.134711
8021131	4.621336
8021147	2.861048
8021150	3.911028
8021152	4.179536
8021154	6.79493
8021169	6.200699
8021181	10.25012
8021183	10.55986
8021185	3.772596
8021187	2.519169
8021199	5.46729
8021208	6.696329
8021222	5.741916
8021228	7.763536
8021243	2.519331
8021245	4.429594
8021275	6.963945
8021286	3.101971
8021297	3.093426
8021301	8.341386
8021312	6.572855
8021342	4.763814
8021344	6.634288
8021349	3.609988
8021357	5.826683
8021363	5.709865
8021365	6.4455
8021368	4.569768
8021372	3.550969
8021374	3.710186
8021376	9.68541
8021416	2.48662
8021418	7.325109
8021440	4.769042
8021442	6.907428
8021453	6.865031
8021461	5.938148
8021468	5.846357
8021470	8.607946
8021478	5.845599
8021480	2.425468
8021482	3.801076
8021484	4.694022
8021496	7.921794
8021528	8.092955
8021540	3.215179
8021542	7.388148
8021546	5.795873
8021563	5.37976
8021565	7.720517
8021584	5.284383
8021594	2.782779
8021603	8.837925
8021614	6.274452
8021623	5.146587
8021635	9.710818
8021645	3.543911
8021653	6.590507
8021664	2.700141
8021666	2.766917
8021668	3.869509
8021683	2.382064
8021685	3.587569
8021695	4.677563
8021707	7.950867
8021712	7.332693
8021714	6.199022
8021716	5.20413
8021725	6.370202
8021727	9.360083
8021741	4.024672
8021756	6.10531
8021768	5.720582
8021774	6.014215
8021777	3.48098
8021783	6.096154
8021818	5.081358
8021824	3.082537
8021826	6.992745
8021832	6.784813
8021866	6.112272
8021884	7.707536
8021900	7.354244
8021905	6.361917
8021914	6.697885
8021919	6.939393
8021924	6.225894
8021946	5.503977
8021963	7.13728
8021966	7.305353
8021984	8.299982
8021993	4.511313
8021995	2.668315
8022007	5.105211
8022009	6.705248
8022020	3.169321
8022022	7.166755
8022043	6.891195
8022045	5.572648
8022085	6.046971
8022100	5.454202
8022102	2.233893
8022104	3.148821
8022106	4.884463
8022110	5.786217
8022118	6.742015
8022145	5.664163
8022168	3.087328
8022170	10.41399
8022176	4.957705
8022243	3.995397
8022245	2.709016
8022247	2.466265
8022249	3.860927
8022251	9.907678
8022275	2.624975
8022277	7.099392
8022279	4.016618
8022281	2.268404
8022283	3.30033
8022295	3.997171
8022310	4.778968
8022320	9.053709
8022326	6.09906
8022338	6.502849
8022340	2.707947
8022342	6.81711
8022356	7.749977
8022378	3.955276
8022380	4.792655
8022393	6.040181
8022404	6.368312
8022410	5.347095
8022412	3.941786
8022418	6.962019
8022420	4.032394
8022426	4.133541
8022428	3.76824
8022434	5.04045
8022436	2.544959
8022439	2.423143
8022441	6.223403
8022471	2.2363
8022473	6.698954
8022488	9.510815
8022498	2.647155
8022500	2.053396
8022502	4.937779
8022504	2.742568
8022506	6.285245
8022508	3.498625
8022514	5.108431
8022531	9.284536
8022557	6.207207
8022559	4.451995
8022570	3.259986
8022572	7.107159
8022606	5.482969
8022608	6.573484
8022610	5.596773
8022612	4.756325
8022623	6.36153
8022625	7.651497
8022640	5.994791
8022642	2.333992
8022644	2.789823
8022646	6.584081
8022653	5.433851
8022655	2.92454
8022666	3.942033
8022674	4.392742
8022692	5.2447
8022711	6.294442
8022728	3.075027
8022745	2.632724
8022747	4.627312
8022761	2.757154
8022763	2.363305
8022767	8.148194
8022799	5.247939
8022803	7.964991
8022814	10.49183
8022817	4.069534
8022831	2.758547
8022856	4.166555
8022870	3.970073
8022872	4.984092
8022882	7.565047
8022892	3.919488
8022902	6.676812
8022912	6.441561
8022914	7.08328
8022927	7.940678
8022941	7.820238
8022952	6.295367
8022970	5.31159
8022972	8.830935
8022974	2.969891
8022976	3.49829
8022986	4.740494
8022994	2.951866
8022996	8.298978
8023043	5.945738
8023059	6.719584
8023061	5.281347
8023063	8.549521
8023078	3.069137
8023080	5.308606
8023121	4.704898
8023133	7.133198
8023152	5.596305
8023154	5.622991
8023156	5.618406
8023159	5.133095
8023165	7.626699
8023175	7.874691
8023184	6.247153
8023187	2.020221
8023189	5.808883
8023191	6.531568
8023195	7.850521
8023212	6.609904
8023216	4.196222
8023218	4.571698
8023220	6.271101
8023228	7.103498
8023246	7.351024
8023252	6.194
8023259	5.408634
8023261	5.844536
8023267	8.915059
8023308	6.147981
8023310	3.807638
8023312	4.835384
8023314	4.114387
8023323	7.912573
8023344	6.997566
8023361	3.718563
8023373	2.202253
8023375	3.54212
8023377	7.733232
8023380	3.669348
8023382	8.561422
8023392	7.63167
8023394	2.446745
8023401	3.619817
8023415	5.055312
8023437	3.729592
8023448	6.378768
8023450	7.505353
8023462	3.553237
8023466	5.854917
8023481	9.271983
8023497	9.637803
8023526	7.341257
8023528	4.37431
8023545	2.410651
8023549	7.071539
8023554	3.454555
8023561	7.580047
8023575	5.051895
8023591	3.906642
8023593	3.924476
8023596	4.81749
8023598	6.18999
8023605	7.132905
8023640	3.714771
8023642	2.192384
8023646	7.427453
8023656	7.717985
8023672	10.09298
8023688	8.592184
8023696	10.656
8023703	3.796471
8023708	4.138919
8023710	3.416077
8023727	4.561148
8023735	5.809313
8023757	4.549767
8023766	5.087418
8023816	3.138969
8023822	5.139516
8023828	3.246614
8023843	4.025966
8023855	9.002162
8023862	6.730366
8023864	3.955512
8023868	5.983199
8023871	7.336798
8023876	4.292525
8023882	6.66224
8023889	7.153071
8023906	2.550597
8023908	2.833108
8023910	6.224904
8023914	8.1001
8023920	5.997051
8023926	5.061094
8023933	6.428994
8023935	3.128376
8023937	3.309088
8023939	5.702935
8023941	7.1067
8023948	7.557396
8023955	9.523539
8023968	8.814288
8023977	6.545358
8023984	7.193254
8023990	6.819487
8023995	6.786539
8024001	8.407277
8024003	7.32504
8024013	7.311893
8024019	8.645061
8024038	6.613059
8024048	7.452847
8024056	6.769363
8024062	8.806082
8024070	6.850825
8024078	7.23985
8024089	7.145366
8024100	6.842254
8024111	8.167072
8024120	6.530496
8024170	6.457798
8024194	9.452512
8024204	6.817396
8024219	7.960925
8024228	8.786702
8024238	9.774318
8024246	8.152576
8024250	7.121692
8024255	6.590589
8024273	6.629692
8024282	7.499823
8024299	8.808743
8024304	5.164408
8024306	5.539209
8024323	8.4044
8024331	7.296708
8024347	6.850472
8024356	6.876658
8024358	7.357943
8024373	6.268296
8024391	7.135006
8024420	7.655893
8024429	6.97881
8024436	10.37664
8024444	6.105412
8024446	7.263115
8024467	6.225523
8024485	9.475903
8024494	3.14179
8024497	8.203463
8024511	8.129479
8024518	9.446879
8024527	5.944135
8024532	6.918579
8024537	4.917923
8024557	7.602037
8024566	7.18938
8024572	9.595749
8024582	6.106071
8024584	7.434616
8024605	5.891625
8024623	7.052987
8024637	7.840864
8024655	8.359607
8024660	8.712607
8024676	6.066095
8024682	5.856458
8024687	10.23072
8024708	5.743101
8024712	6.098559
8024728	6.921728
8024740	7.18663
8024754	6.34304
8024768	6.774422
8024792	5.708539
8024798	6.687254
8024808	5.708651
8024816	5.830878
8024829	6.26401
8024843	7.286778
8024864	6.971221
8024882	5.574774
8024885	5.550381
8024888	5.494787
8024896	5.210232
8024898	6.612253
8024900	6.55541
8024909	7.386638
8024934	5.00419
8024936	8.31391
8024956	5.96551
8024966	7.56138
8024971	4.750308
8024995	7.543509
8025000	6.714719
8025004	9.38946
8025011	4.146362
8025028	7.195508
8025035	5.543228
8025041	7.966234
8025051	7.59197
8025053	7.239468
8025058	10.66002
8025076	6.96238
8025103	4.959563
8025124	5.402555
8025126	6.267223
8025129	5.567529
8025132	5.083364
8025142	8.228571
8025169	5.127304
8025179	7.141536
8025183	7.934985
8025199	7.549385
8025237	7.811486
8025255	8.45998
8025278	6.302521
8025285	6.223222
8025296	8.316236
8025301	4.923014
8025303	4.302603
8025321	7.320467
8025328	6.432199
8025347	6.433129
8025351	6.4561
8025368	7.308326
8025375	5.733575
8025382	7.016771
8025395	9.82959
8025402	7.500636
8025414	9.166238
8025421	8.055482
8025429	8.614556
8025450	5.975417
8025452	2.934826
8025456	4.939654
8025458	6.341732
8025470	4.371344
8025474	3.183446
8025476	3.84891
8025478	5.932228
8025488	5.237829
8025498	9.565672
8025500	8.392231
8025506	7.128325
8025515	5.992694
8025522	4.90599
8025551	6.946049
8025563	6.281308
8025584	3.635669
8025586	6.729168
8025601	8.655098
8025612	6.50974
8025621	6.641303
8025633	6.362325
8025659	7.346061
8025672	10.08008
8025697	7.665061
8025728	6.675266
8025741	9.184107
8025766	7.081237
8025783	6.738358
8025788	8.036331
8025826	6.296585
8025828	8.571362
8025850	5.9341
8025858	3.61787
8025868	6.281926
8025877	6.664059
8025888	6.692324
8025893	2.769965
8025895	8.694422
8025918	5.671416
8025927	7.411295
8025933	4.88104
8025945	5.278418
8025951	4.439585
8025958	7.730068
8025964	6.06111
8025968	6.479356
8025973	7.537922
8025978	5.378078
8025982	4.655641
8025984	7.19555
8025990	3.026298
8025992	4.647375
8025996	2.937577
8025998	6.330547
8026005	3.488292
8026007	7.189088
8026013	6.628332
8026024	7.840288
8026035	5.159862
8026047	10.62857
8026051	6.460255
8026063	5.510915
8026090	5.852206
8026106	9.517432
8026122	6.963749
8026133	5.324892
8026139	6.991072
8026155	7.242599
8026163	9.972068
8026170	6.971423
8026182	7.070332
8026193	8.36902
8026198	8.204762
8026212	7.021063
8026214	7.163815
8026217	7.102007
8026250	7.440763
8026265	5.783972
8026272	5.552503
8026292	6.778039
8026294	6.474789
8026298	5.822774
8026300	7.188607
8026315	7.328259
8026339	5.980081
8026341	8.871914
8026350	6.39726
8026361	7.743316
8026363	5.599086
8026365	5.410756
8026381	3.039109
8026383	4.637399
8026385	4.138919
8026388	5.621111
8026390	6.402919
8026398	4.011305
8026405	6.367304
8026407	5.983311
8026418	2.910448
8026420	4.926872
8026422	6.665604
8026424	7.236161
8026440	9.04622
8026442	6.179063
8026456	8.477715
8026468	6.682667
8026483	4.535372
8026486	3.239337
8026488	5.388444
8026490	8.935635
8026494	3.423075
8026496	4.818911
8026503	5.324887
8026513	9.949121
8026520	6.527932
8026533	6.090058
8026541	6.804624
8026548	6.639554
8026564	7.073119
8026568	5.238892
8026579	6.104199
8026587	5.240401
8026610	7.51223
8026631	6.368746
8026638	7.691994
8026679	6.460166
8026687	6.763256
8026696	3.695458
8026698	7.87388
8026712	5.913076
8026724	7.633263
8026729	8.92309
8026735	6.677547
8026751	7.064915
8026763	6.257592
8026780	6.793871
8026787	5.601564
8026806	7.259036
8026821	7.380281
8026830	5.603891
8026861	8.540868
8026868	10.439
8026875	9.650144
8026877	5.5755
8026895	7.755045
8026900	5.633987
8026915	7.178336
8026926	6.553225
8026954	6.238147
8026971	8.341286
8026982	7.06
8026989	5.794864
8026991	6.671364
8027002	9.684338
8027006	8.055648
8027018	7.50858
8027024	9.452391
8027032	7.20264
8027040	6.291579
8027049	6.192789
8027053	7.135624
8027074	7.850018
8027100	6.569546
8027117	6.32034
8027128	7.351303
8027139	6.955332
8027152	5.769501
8027167	2.199269
8027169	7.624818
8027184	7.457798
8027205	7.215546
8027213	7.370939
8027222	6.110792
8027233	8.133926
8027239	4.059828
8027241	5.898344
8027247	5.691904
8027254	6.595068
8027258	8.860734
8027260	7.867221
8027268	6.64411
8027272	5.34389
8027279	6.031115
8027285	5.964731
8027292	7.97036
8027297	6.1047
8027304	6.865566
8027312	5.921219
8027320	4.402291
8027323	3.197259
8027330	3.644176
8027332	3.060668
8027341	2.483753
8027343	7.26716
8027345	4.855739
8027348	3.70745
8027352	12.74077
8027354	6.034786
8027363	3.351368
8027368	6.995654
8027377	4.948431
8027381	7.044746
8027383	2.378008
8027385	7.404442
8027390	6.570356
8027398	7.960221
8027402	6.951811
8027414	6.429081
8027416	7.79357
8027431	3.958203
8027439	6.687608
8027448	5.375048
8027473	8.037079
8027480	4.159939
8027482	3.462455
8027510	6.123763
8027519	2.191811
8027521	5.457838
8027543	4.314984
8027556	6.454563
8027564	5.553211
8027566	6.566666
8027574	6.624829
8027584	6.080289
8027592	8.731441
8027604	7.897983
8027621	8.39821
8027642	5.299228
8027650	7.482401
8027665	7.207241
8027674	6.758699
8027685	5.415814
8027692	3.207028
8027701	7.022482
8027719	5.431575
8027728	6.556417
8027744	3.430304
8027746	5.805583
8027748	9.741962
8027760	7.188582
8027770	7.201275
8027778	7.471927
8027793	8.735373
8027805	8.342487
8027819	5.95784
8027824	5.223438
8027837	5.144252
8027854	6.501117
8027856	5.020272
8027860	4.993242
8027862	5.07036
8027864	5.687562
8027876	8.22541
8027884	13.3196
8027886	6.430937
8027908	7.127941
8027920	6.270141
8027932	8.409358
8027938	12.33137
8027947	5.801427
8027956	6.368929
8027996	9.39926
8028004	6.4912
8028016	6.291595
8028030	6.875253
8028058	5.726764
8028084	5.686258
8028102	6.82595
8028104	6.247219
8028112	5.593482
8028117	6.584397
8028119	5.306115
8028158	6.108066
8028162	7.670839
8028172	10.48997
8028186	5.996816
8028190	5.133224
8028192	6.379677
8028194	2.916347
8028200	3.97144
8028206	5.306115
8028213	4.353474
8028219	4.949444
8028227	6.226976
8028233	6.136858
8028241	4.563415
8028248	5.217303
8028254	5.076313
8028266	3.707868
8028275	2.032503
8028277	2.806106
8028279	2.520958
8028281	2.008146
8028283	2.21278
8028286	7.111948
8028309	5.523096
8028311	8.614574
8028323	5.704466
8028325	8.895312
8028332	7.86622
8028341	5.743226
8028380	8.067356
8028389	6.329302
8028397	7.51506
8028407	5.44794
8028514	8.161081
8028524	10.79472
8028546	7.329745
8028552	7.638785
8028563	5.625547
8028570	5.493602
8028583	8.059835
8028600	11.46805
8028607	6.179234
8028613	6.009089
8028624	8.313133
8028643	7.429499
8028645	7.5892
8028652	9.975714
8028656	7.20998
8028674	7.642538
8028705	7.572794
8028719	4.994837
8028730	6.804378
8028737	3.054393
8028742	3.367184
8028744	5.158611
8028750	3.644488
8028756	7.581744
8028770	3.785037
8028778	6.397156
8028789	2.321841
8028791	7.840449
8028806	5.616885
8028851	7.427928
8028872	6.857786
8028908	9.652127
8028916	6.396848
8028924	7.544056
8028930	7.727592
8028940	6.767559
8028950	5.09115
8028955	11.46479
8028963	8.727025
8028973	7.900619
8028984	4.352139
8028991	7.135103
8029006	6.07666
8029029	8.326023
8029050	7.604533
8029056	6.417953
8029065	8.017517
8029076	5.357906
8029086	10.93581
8029098	11.60171
8029107	7.207009
8029117	5.870734
8029129	7.577549
8029136	5.887568
8029147	6.811599
8029182	6.440103
8029188	5.739532
8029193	6.867098
8029214	5.070798
8029219	5.725191
8029236	6.333936
8029273	5.686004
8029280	7.195764
8029289	3.90213
8029299	6.092307
8029301	6.683824
8029306	5.565407
8029311	6.36132
8029318	5.187575
8029321	5.413843
8029331	3.916392
8029340	4.992418
8029347	4.802191
8029353	5.646259
8029360	5.281646
8029368	5.327164
8029377	6.619492
8029385	4.350632
8029392	5.849987
8029399	4.940434
8029413	5.359707
8029423	5.180651
8029435	2.124633
8029437	6.491037
8029446	5.854799
8029458	5.981366
8029465	7.282649
8029476	6.831018
8029489	6.338412
8029507	7.74938
8029521	6.980507
8029530	7.290015
8029536	5.458806
8029541	6.020069
8029547	4.092897
8029551	6.511885
8029560	8.641353
8029580	7.052317
8029592	6.727831
8029615	5.027863
8029617	5.725068
8029624	6.704841
8029640	8.041155
8029642	7.286557
8029669	2.807811
8029671	6.371728
8029688	6.26595
8029693	8.926994
8029701	6.239412
8029710	7.567495
8029726	5.531319
8029728	6.782629
8029744	6.954004
8029754	5.818487
8029759	7.514931
8029773	4.84417
8029779	6.389369
8029784	6.190015
8029814	6.937634
8029829	5.123909
8029831	8.610712
8029845	2.351415
8029847	6.448828
8029854	6.296449
8029856	7.137637
8029870	5.934089
8029884	7.795888
8029894	7.108309
8029907	6.740728
8029914	4.677411
8029918	6.008224
8029939	6.146187
8029950	6.534495
8029958	8.378989
8029969	8.845799
8029978	4.811243
8029988	3.851263
8029996	6.492156
8030002	4.226175
8030007	5.896434
8030015	6.206713
8030022	6.059449
8030035	7.002053
8030044	6.154074
8030049	9.799729
8030064	7.132638
8030067	7.30857
8030076	4.549767
8030078	6.762751
8030092	6.083345
8030094	8.461075
8030105	5.019546
8030113	6.866288
8030128	10.17945
8030133	9.029686
8030148	6.623683
8030158	7.908942
8030171	11.29494
8030181	6.460737
8030187	6.559141
8030199	8.801641
8030212	6.693256
8030220	5.88173
8030251	8.365513
8030277	6.627697
8030292	6.168204
8030299	6.353384
8030321	6.724727
8030339	7.471056
8030351	11.08215
8030360	7.79742
8030362	11.46704
8030364	6.773553
8030366	8.923171
8030368	10.67857
8030374	7.733617
8030383	5.776812
8030391	6.277899
8030393	5.520097
8030403	7.077402
8030416	7.288243
8030429	5.836743
8030437	7.504262
8030448	5.42101
8030470	7.326139
8030498	7.939343
8030525	7.31966
8030539	7.61976
8030557	5.873163
8030563	5.339915
8030569	5.106073
8030578	5.426302
8030582	8.250443
8030630	7.352926
8030641	5.43562
8030671	5.953894
8030677	4.999208
8030706	8.107854
8030721	6.366937
8030731	3.103108
8030733	4.168616
8030736	6.627965
8030749	5.481885
8030753	5.70894
8030768	5.821487
8030782	6.148386
8030789	5.877558
8030796	4.148944
8030804	5.552576
8030813	3.682129
8030823	4.907682
8030831	5.165383
8030838	5.177486
8030840	2.812634
8030842	7.307097
8030844	5.128647
8030846	7.601013
8030848	5.715365
8030860	5.005901
8030866	4.926614
8030871	5.163185
8030879	2.795768
8030881	9.007405
8030899	6.405088
8030908	5.532893
8030914	5.365107
8030925	5.70671
8030931	6.049519
8030939	4.243346
8030944	2.124871
8030946	8.002088
8030950	6.661139
8030954	5.162897
8030964	6.616546
8030969	3.625674
8030972	3.736628
8030974	5.237467
8030978	6.679099
8030980	10.17433
8030982	8.473957
8030991	8.781347
8030993	6.270672
8030997	5.32508
8030999	6.228108
8031011	5.409099
8031013	3.784193
8031027	3.161728
8031029	3.131305
8031031	2.943571
8031035	2.663714
8031037	1.867419
8031039	2.187015
8031045	2.957826
8031047	6.25571
8031057	4.708932
8031076	5.871364
8031084	7.413698
8031090	6.776559
8031097	8.067819
8031102	6.554544
8031122	7.420752
8031145	6.960217
8031152	11.04811
8031157	6.200108
8031176	8.648991
8031196	6.026544
8031200	4.254963
8031207	4.343287
8031213	5.403225
8031223	5.457975
8031238	6.353908
8031253	5.453481
8031260	5.217764
8031277	5.293666
8031293	6.047715
8031297	5.041629
8031311	4.775241
8031328	5.098051
8031344	5.860136
8031346	5.261744
8031358	5.816954
8031374	5.682422
8031387	6.415407
8031398	6.155185
8031414	10.00945
8031439	4.649966
8031441	6.525969
8031466	6.805152
8031475	7.828464
8031483	6.96488
8031489	6.874901
8031495	7.333216
8031499	7.235526
8031511	6.909941
8031514	6.358319
8031516	7.097563
8031522	6.164139
8031526	6.587257
8031536	7.235106
8031550	7.713847
8031566	3.510355
8031568	6.296843
8031570	3.618545
8031573	3.69307
8031576	3.31379
8031586	4.160966
8031600	4.235123
8031617	7.163749
8031622	5.767004
8031629	6.645455
8031632	4.944983
8031640	4.63173
8031646	6.222092
8031650	4.105221
8031659	5.394858
8031669	4.357266
8031675	5.243205
8031680	1.928275
8031682	4.797311
8031684	2.368131
8031686	3.650177
8031690	7.757965
8031700	5.867199
8031712	5.744026
8031714	8.438587
8031720	5.667424
8031726	5.696685
8031732	5.265397
8031737	7.029744
8031744	5.559559
8031748	4.827671
8031750	6.017536
8031759	5.912467
8031762	5.178853
8031768	5.292869
8031778	4.767144
8031784	6.890326
8031792	6.605312
8031799	2.990121
8031807	5.680433
8031815	6.927785
8031821	7.056862
8031825	8.899588
8031827	7.598438
8031837	6.930307
8031840	2.786378
8031843	6.434708
8031847	7.015327
8031857	6.980161
8031865	7.27897
8031867	10.95953
8031871	7.495296
8031884	6.139501
8031893	6.195861
8031899	8.450847
8031906	4.779493
8031908	5.306304
8031913	9.286918
8031931	8.72254
8031933	8.122147
8031939	5.698545
8031949	6.377247
8031956	6.718962
8031962	6.912897
8031973	8.217411
8031981	8.269331
8031984	3.417991
8031990	6.273428
8031992	9.023946
8031997	6.616033
8031999	9.848821
8032009	6.984818
8032023	6.521326
8032034	6.633878
8032037	6.069513
8032051	7.615144
8032057	7.575912
8032070	5.830957
8032076	7.467679
8032088	6.899533
8032094	6.707547
8032106	8.090978
8032127	8.813418
8032137	8.284298
8032149	7.758774
8032157	7.538952
8032197	7.453214
8032208	6.467912
8032212	6.336804
8032214	7.081024
8032224	7.754777
8032232	5.822352
8032249	6.387568
8032265	7.432924
8032273	5.331619
8032275	6.94783
8032284	7.242247
8032290	7.407689
8032312	5.675227
8032347	6.758931
8032365	7.363482
8032371	8.41707
8032375	6.743861
8032380	7.878168
8032392	9.490117
8032410	8.08885
8032418	8.558215
8032455	8.26689
8032465	8.076171
8032473	6.055582
8032478	6.1739
8032480	5.828372
8032484	6.826893
8032491	6.577485
8032507	2.823285
8032509	6.087145
8032518	7.145039
8032525	6.6886
8032530	9.546237
8032544	5.820031
8032553	7.950394
8032576	9.483956
8032588	6.566592
8032595	7.73661
8032601	6.752496
8032608	8.099012
8032623	5.784822
8032637	6.920212
8032650	7.844982
8032670	6.137621
8032682	6.413769
8032699	6.418354
8032718	7.917301
8032730	10.31581
8032749	4.296735
8032751	6.373143
8032755	8.488119
8032761	7.825472
8032770	6.842267
8032782	6.178142
8032789	8.459657
8032804	10.00435
8032815	7.934971
8032829	6.699951
8032834	8.261452
8032839	7.05816
8032863	7.864466
8032871	7.003935
8032899	8.294095
8032909	10.1675
8032922	6.547102
8032926	7.129113
8032965	7.204298
8032972	7.461176
8032974	8.485628
8032996	6.259466
8033002	6.658344
8033023	6.682584
8033025	6.982007
8033043	9.540034
8033054	9.980176
8033064	7.449881
8033069	7.994792
8033075	7.401243
8033097	6.469862
8033118	7.416074
8033135	7.313684
8033151	5.574808
8033159	6.369489
8033162	7.039994
8033179	5.396784
8033190	8.58587
8033207	6.217431
8033233	5.310759
8033241	6.214756
8033248	6.419884
8033257	7.345339
8033300	8.52958
8033319	6.967434
8033330	2.254811
8033332	4.911955
8033349	5.173186
8033352	5.708914
8033356	6.186293
8033359	6.186293
8033362	8.351737
8033385	7.158296
8033392	7.200274
8033414	7.208782
8033420	5.037055
8033433	5.646228
8033445	5.072291
8033455	7.915039
8033458	8.165813
8033460	5.456154
8033462	7.249201
8033465	7.022745
8033479	6.466018
8033487	5.621562
8033554	6.938974
8033564	6.818294
8033571	6.520032
8033587	6.585769
8033598	7.185761
8033605	6.644266
8033635	6.276819
8033662	6.90615
8033667	4.918694
8033674	5.665995
8033734	3.677594
8033736	3.775203
8033738	3.907569
8033740	5.617066
8033742	3.00379
8033744	5.172615
8033746	3.498178
8033754	7.422179
8033767	3.948547
8033780	9.660208
8033789	7.202686
8033795	6.473796
8033801	6.824789
8033809	6.249384
8033813	6.842241
8033818	6.201659
8033825	7.523657
8033892	6.561942
8033899	8.388992
8033912	6.299461
8033956	7.89877
8033960	6.428838
8033969	7.690947
8033987	5.50803
8033996	7.918369
8034021	8.164267
8034034	8.205786
8034043	7.560136
8034055	6.979991
8034075	7.696193
8034084	8.095391
8034097	4.917523
8034099	2.921585
8034101	6.522352
8034108	6.920232
8034122	3.279702
8034130	6.625897
8034151	6.416608
8034199	5.652637
8034202	6.796903
8034210	7.736513
8034217	5.413823
8034227	6.512426
8034249	5.731832
8034263	4.925056
8034276	7.255564
8034286	6.595119
8034297	5.238287
8034299	7.328541
8034304	6.619442
8034313	10.55942
8034315	6.861182
8034320	6.362161
8034326	5.329751
8034330	2.931143
8034332	1.868899
8034334	5.061278
8034342	6.731579
8034344	4.567419
8034349	6.10342
8034370	4.740317
8034379	6.338404
8034390	6.484037
8034393	3.150694
8034395	3.229364
8034401	6.554631
8034408	6.454077
8034416	8.846833
8034420	7.009027
8034448	6.807264
8034454	6.811056
8034469	6.396018
8034482	6.818061
8034512	5.833684
8034514	9.44286
8034521	7.56597
8034544	6.78955
8034555	5.562418
8034565	6.556903
8034578	7.243847
8034583	5.318923
8034589	7.660642
8034605	7.253336
8034608	7.38927
8034615	6.648685
8034631	8.327135
8034643	5.125104
8034694	4.788636
8034696	5.968538
8034698	6.748003
8034700	6.534846
8034712	6.159311
8034722	6.513184
8034744	7.538851
8034747	6.530419
8034754	7.243572
8034762	7.845588
8034772	5.905447
8034783	6.587517
8034806	6.578661
8034821	7.140878
8034827	10.20556
8034837	12.30044
8034843	7.359792
8034851	6.124916
8034871	8.47461
8034873	6.356887
8034890	3.41518
8034892	2.768733
8034897	2.679957
8034899	3.776088
8034901	3.844483
8034905	3.084958
8034907	5.00316
8034920	7.422363
8034940	7.790071
8034974	9.845084
8034983	7.035645
8035007	7.579966
8035023	8.01261
8035040	6.01868
8035050	5.533115
8035069	5.294395
8035078	5.024354
8035080	4.921536
8035083	6.027234
8035095	7.775675
8035110	4.373887
8035120	7.112479
8035144	4.758099
8035146	3.789387
8035156	7.430974
8035175	7.343382
8035177	7.962817
8035187	6.287888
8035193	7.456839
8035201	7.098182
8035232	5.126785
8035236	4.916197
8035249	8.328151
8035254	6.218098
8035271	6.584481
8035278	7.562792
8035297	6.391683
8035304	6.549495
8035311	7.440912
8035315	6.396449
8035318	5.071744
8035345	5.541628
8035351	5.940789
8035380	6.054851
8035398	6.506385
8035408	6.817484
8035435	6.469678
8035445	8.856003
8035449	8.292025
8035456	7.082468
8035465	6.740237
8035477	7.042781
8035494	8.884932
8035506	8.195631
8035517	5.480143
8035539	6.212187
8035551	7.101301
8035553	7.732483
8035566	7.817547
8035579	2.286871
8035581	7.623505
8035600	6.491661
8035612	7.101954
8035628	5.445915
8035639	6.019815
8035646	9.124628
8035648	6.138781
8035666	6.955729
8035682	5.720572
8035684	5.106073
8035694	6.514344
8035703	7.67223
8035714	7.365967
8035737	7.177256
8035765	4.129162
8035773	7.929197
8035779	9.65245
8035782	6.323127
8035789	4.853718
8035793	8.632813
8035795	7.733532
8035801	7.020056
8035803	5.855626
8035808	6.855107
8035813	3.911455
8035819	3.206624
8035825	4.143186
8035829	10.19268
8035831	3.515023
8035836	2.897678
8035838	3.663967
8035842	8.544054
8035847	5.61127
8035855	4.431975
8035863	5.399674
8035865	3.03178
8035868	3.709027
8035880	6.28959
8035884	6.50264
8035886	6.607226
8035896	4.36542
8035901	2.053395
8035903	5.590198
8035905	7.938596
8035935	5.08781
8035937	3.809465
8035939	5.549441
8035941	5.97935
8035956	6.436721
8035958	5.8822
8035980	7.307725
8035993	6.973462
8036004	7.211328
8036010	8.125513
8036025	4.437788
8036027	4.689153
8036029	3.877669
8036031	6.607646
8036033	5.077068
8036038	4.194723
8036045	5.070859
8036055	5.569722
8036069	5.90052
8036072	6.528594
8036079	9.458219
8036103	7.426062
8036110	5.921855
8036133	8.70088
8036136	5.986959
8036143	6.237459
8036151	5.453798
8036155	5.369537
8036170	6.134178
8036172	6.79615
8036176	5.534527
8036207	6.809186
8036224	7.988388
8036232	5.962088
8036242	7.044086
8036252	6.828501
8036270	6.408122
8036276	5.542076
8036284	5.392714
8036291	4.32275
8036300	2.589922
8036302	4.975648
8036304	4.669766
8036309	4.494308
8036318	4.142953
8036324	7.016624
8036333	5.414953
8036341	5.442942
8036351	5.155019
8036357	5.90401
8036363	2.559431
8036365	4.624581
8036373	5.027586
8036389	6.079104
8036395	4.340211
8036403	5.40402
8036406	4.917787
8036416	2.795642
8036418	1.809204
8036420	5.800319
8036430	3.338363
8036436	4.584387
8036444	4.053514
8036451	4.736797
8036460	5.672628
8036473	5.912712
8036479	7.938456
8036483	6.497302
8036494	6.519848
8036503	5.214079
8036525	5.015794
8036563	6.507557
8036584	7.139699
8036589	2.263996
8036591	8.617275
8036602	8.994491
8036613	8.941659
8036622	5.84289
8036636	7.756754
8036656	6.050501
8036676	5.937983
8036686	7.459882
8036689	6.658111
8036699	6.668526
8036702	7.308452
8036707	5.675333
8036710	6.720168
8036720	8.652591
8036737	9.714994
8036744	5.036562
8036749	8.08694
8036755	3.391633
8036763	7.447501
8036777	7.531016
8036787	9.274404
8036808	8.970469
8036813	6.39598
8036820	5.927713
8036830	5.726014
8036835	6.78582
8036840	7.517438
8036862	6.081994
8036865	2.423723
8036867	6.184278
8036881	4.385509
8036883	5.976655
8036890	6.311594
8036902	8.569844
8036908	7.131478
8036913	8.680355
8036923	8.105742
8036936	4.664511
8036938	6.593861
8036954	2.403088
8036956	6.358537
8036969	8.643309
8036981	6.891367
8036989	7.885725
8036993	3.62921
8037001	3.730771
8037003	7.032116
8037005	6.930667
8037018	7.116738
8037023	5.717263
8037032	7.267092
8037037	7.215329
8037043	5.49595
8037045	5.833499
8037053	12.03754
8037061	5.728871
8037071	7.75746
8037079	5.532821
8037103	5.807155
8037123	6.367167
8037144	9.517982
8037152	8.285087
8037166	7.553358
8037170	7.126045
8037179	12.39099
8037186	6.225167
8037197	9.409686
8037205	9.582747
8037222	6.744406
8037231	3.15347
8037236	4.455306
8037240	3.71835
8037246	3.417032
8037251	5.25809
8037259	3.286655
8037267	2.499439
8037272	4.963165
8037283	6.728894
8037290	5.995772
8037298	5.990315
8037301	8.053798
8037309	6.104188
8037315	7.309672
8037322	7.799215
8037331	6.578343
8037352	6.429596
8037355	5.306923
8037363	5.946824
8037374	7.394474
8037387	7.6485
8037389	6.444463
8037408	6.599875
8037422	6.345824
8037430	4.326578
8037433	5.299853
8037444	4.674948
8037453	4.975614
8037459	4.74518
8037467	5.241541
8037474	6.5189
8037482	5.091492
8037495	6.986543
8037502	6.341797
8037505	6.543989
8037513	6.43568
8037525	4.728359
8037535	5.747585
8037537	6.143455
8037563	7.933134
8037579	6.777236
8037594	5.880832
8037608	6.35285
8037614	6.377282
8037621	7.304817
8037640	6.093216
8037642	6.890757
8037647	7.370902
8037651	6.943964
8037657	7.034518
8037679	6.863572
8037688	6.358622
8037695	6.966538
8037723	7.413163
8037728	6.598406
8037732	5.800608
8037737	5.940372
8037742	6.364459
8037750	4.019571
8037755	4.860332
8037760	2.107447
8037762	6.456973
8037767	5.560751
8037775	5.919851
8037785	6.036068
8037788	6.83631
8037794	7.465922
8037814	6.56567
8037816	7.23603
8037835	6.913268
8037847	8.088708
8037853	8.444383
8037856	6.984811
8037872	7.131948
8037878	6.203972
8037888	5.963399
8037898	5.529887
8037913	8.571617
8037931	5.451158
8037947	4.254828
8037949	3.792903
8037959	3.070911
8037962	5.144928
8037970	4.568535
8037991	6.489099
8038023	5.015816
8038029	6.455474
8038048	5.708266
8038069	5.999835
8038078	8.754915
8038086	11.12793
8038093	6.955713
8038109	7.647921
8038117	8.158031
8038126	7.092756
8038139	6.073981
8038150	6.651363
8038163	5.793643
8038177	4.84849
8038192	6.382845
8038200	5.865933
8038202	8.079925
8038213	6.027591
8038225	6.753419
8038246	4.348641
8038261	6.727643
8038278	7.03441
8038280	6.379461
8038288	5.884796
8038292	6.56662
8038299	5.976259
8038305	5.789734
8038309	5.113107
8038314	6.80641
8038319	5.923129
8038326	4.772322
8038343	6.015263
8038347	5.270288
8038362	7.300557
8038367	5.443003
8038382	6.954463
8038393	6.570165
8038395	7.890214
8038407	7.074021
8038416	7.478761
8038427	5.461304
8038441	3.050578
8038443	6.816899
8038458	7.16475
8038477	8.255939
8038487	6.389685
8038505	5.436522
8038515	7.495579
8038532	5.294795
8038540	6.65019
8038547	6.630573
8038556	5.723578
8038565	5.600416
8038571	6.926444
8038577	6.53751
8038584	6.148491
8038587	5.16256
8038598	6.210688
8038624	5.542408
8038633	6.460823
8038643	5.451849
8038653	5.451065
8038655	5.300857
8038668	4.325572
8038670	5.86261
8038683	9.343942
8038695	7.672521
8038707	6.927084
8038716	6.802465
8038725	9.490456
8038735	9.17478
8038747	6.799674
8038760	9.550319
8038770	7.099313
8038782	7.637147
8038785	9.69939
8038792	7.309486
8038804	7.105675
8038809	6.921743
8038815	5.328184
8038824	6.429059
8038839	5.781134
8038852	6.487206
8038861	5.504631
8038874	4.814861
8038877	5.680505
8038885	5.710026
8038890	7.342969
8038899	6.337889
8038904	6.43859
8038913	5.57818
8038919	5.99122
8038925	3.99504
8038933	4.445358
8038942	4.976057
8038949	7.440515
8038952	4.592806
8038954	6.399487
8038960	2.544732
8038962	7.242642
8038967	9.513762
8038981	6.394208
8038989	6.301573
8038993	6.716914
8038998	6.232585
8039006	6.04194
8039010	10.25748
8039013	7.007105
8039017	5.797264
8039025	4.037941
8039034	7.540257
8039044	5.596047
8039054	4.155283
8039062	2.829845
8039068	8.411877
8039070	3.535929
8039075	2.849665
8039078	4.081683
8039084	2.540699
8039086	6.662945
8039090	5.910869
8039092	3.191926
8039094	2.178448
8039096	4.958527
8039109	5.231654
8039120	5.588095
8039131	7.000156
8039139	5.534799
8039144	9.384439
8039164	4.855765
8039166	8.455432
8039180	6.330369
8039196	5.808558
8039210	2.181661
8039212	6.404111
8039226	6.223841
8039236	4.915955
8039246	5.550564
8039257	6.284453
8039269	6.762424
8039273	8.325057
8039280	4.508304
8039294	7.639717
8039306	9.21861
8039316	7.556902
8039340	6.10614
8039353	4.942268
8039362	6.38484
8039378	5.977197
8039389	8.240674
8039409	6.949636
8039413	7.857134
8039440	7.274127
8039453	6.262822
8039462	5.583721
8039474	5.034982
8039477	7.172107
8039484	7.337811
8039491	6.355202
8039498	4.767757
8039504	7.15039
8039511	6.959889
8039520	6.423308
8039524	7.761529
8039526	6.127116
8039530	7.570015
8039533	4.275087
8039545	2.810113
8039557	4.05093
8039569	6.68889
8039574	5.139141
8039577	5.182378
8039584	2.500305
8039586	4.846352
8039593	5.704211
8039605	6.196953
8039607	5.722313
8039625	3.401857
8039635	3.280499
8039642	3.119684
8039645	4.913361
8039655	6.157927
8039664	6.179419
8039672	3.046953
8039674	6.375817
8039680	6.117544
8039687	8.258973
8039692	8.262064
8039695	6.915121
8039698	5.859128
8039706	5.693821
8039713	3.970798
8039719	6.960428
8039730	7.335354
8039740	5.43327
8039748	6.764625
8039759	6.876036
8039766	6.500777
8039769	5.757751
8039771	5.761892
8039779	5.620979
8039791	6.114107
8039796	10.21609
8039805	8.221969
8039809	6.116357
8039820	5.691875
8039829	4.701061
8039842	5.423615
8039859	5.104512
8039871	4.98534
8039884	5.507699
8039892	4.138918
8039896	5.462542
8039905	8.509687
8039909	8.163403
8039923	8.449899
8039928	4.008637
8039933	11.05188
8039937	7.390836
8039939	6.703064
8039947	6.812509
8039961	7.531845
8039975	3.681168
8039977	4.664135
8039996	4.761628
8040018	6.402976
8040034	5.671896
8040036	6.831722
8040045	6.906933
8040053	3.536003
8040068	2.487972
8040070	6.604131
8040073	4.134017
8040077	4.565104
8040080	6.570627
8040090	5.930354
8040101	7.458324
8040103	7.44464
8040111	3.78704
8040113	8.305088
8040142	6.277997
8040163	6.208365
8040171	2.03955
8040173	5.758416
8040190	10.02675
8040211	7.564151
8040221	4.780885
8040223	5.813725
8040231	5.910642
8040238	7.35601
8040247	4.21697
8040249	9.035655
8040265	6.617914
8040270	5.092089
8040278	7.412911
8040286	2.361595
8040288	2.761495
8040290	9.010043
8040292	4.86025
8040334	10.84622
8040338	13.4576
8040340	11.14282
8040362	6.748929
8040365	7.986999
8040372	4.18034
8040374	8.60742
8040386	8.002859
8040413	2.659437
8040415	5.648519
8040417	6.298824
8040419	5.843009
8040426	2.318276
8040428	4.139205
8040430	4.524054
8040440	5.527525
8040456	7.307388
8040458	5.296177
8040463	5.108262
8040467	3.54669
8040469	5.936449
8040473	8.80443
8040477	5.969256
8040479	6.97806
8040483	2.962096
8040488	3.948696
8040490	4.858235
8040503	6.232693
8040514	5.264229
8040516	5.047638
8040522	4.950915
8040528	2.26654
8040530	7.034498
8040541	4.103358
8040547	8.449276
8040549	4.519779
8040552	7.983673
8040576	3.575576
8040578	5.971073
8040587	4.965067
8040614	5.688008
8040618	9.502249
8040630	5.724325
8040632	6.065205
8040639	9.051724
8040655	6.732194
8040672	3.925612
8040690	6.045019
8040695	5.661829
8040698	6.828775
8040712	6.28299
8040725	4.92778
8040742	5.29157
8040753	7.718796
8040774	6.267904
8040792	6.017671
8040802	5.65469
8040815	5.297488
8040827	6.71648
8040831	7.529055
8040843	5.994521
8040889	4.440602
8040898	5.961084
8040908	7.968303
8040927	8.652331
8040949	7.281561
8040960	4.924086
8040980	4.03705
8040985	6.589124
8041000	7.036427
8041015	6.975445
8041027	6.370997
8041031	8.17218
8041048	9.888222
8041061	5.286461
8041122	10.7095
8041138	4.52021
8041149	6.807407
8041168	5.494843
8041170	6.015276
8041172	5.829958
8041179	7.800169
8041197	9.23384
8041204	8.143597
8041206	5.94588
8041212	5.785626
8041223	6.404872
8041225	7.05455
8041234	2.667228
8041236	7.532716
8041255	4.330024
8041257	6.654525
8041273	8.872433
8041281	9.488965
8041283	7.635986
8041360	6.440804
8041383	6.513751
8041420	4.087094
8041422	4.48348
8041445	1.87866
8041447	8.173278
8041467	3.947281
8041487	6.088167
8041495	6.280698
8041508	5.770459
8041519	3.75172
8041536	3.817972
8041540	3.804755
8041542	7.042648
8041553	5.022229
8041561	6.204564
8041568	2.74595
8041570	7.34039
8041582	6.7993
8041592	8.165493
8041617	6.697207
8041638	4.173084
8041640	4.868711
8041642	3.483503
8041644	4.035388
8041676	4.647175
8041696	5.529773
8041711	2.331021
8041713	8.52531
8041727	4.408581
8041745	5.901843
8041759	6.096877
8041763	7.627245
8041781	8.686704
8041804	5.948115
8041808	10.4175
8041813	8.501428
8041820	6.557343
8041826	7.636962
8041853	7.577147
8041867	5.805241
8041886	4.766438
8041888	5.349344
8041900	5.393299
8041902	6.587517
8041913	6.573888
8041937	6.926894
8041940	5.154349
8041957	3.588374
8041961	3.283314
8041967	6.682988
8041982	6.009274
8041987	3.237835
8041995	9.12442
8042038	5.150096
8042040	5.684389
8042052	7.674955
8042059	5.727151
8042062	2.990305
8042066	4.720092
8042079	4.936239
8042086	5.375523
8042107	7.77019
8042109	4.292256
8042111	3.021402
8042113	4.627971
8042115	4.27784
8042117	3.148815
8042119	7.579882
8042144	9.292928
8042157	4.665281
8042159	2.615289
8042161	8.475848
8042168	5.885195
8042195	8.254087
8042207	6.545688
8042211	7.339694
8042219	5.47885
8042223	5.360024
8042251	7.015148
8042257	7.589124
8042259	7.199252
8042270	9.242263
8042283	6.543664
8042291	9.290869
8042306	6.957809
8042308	4.282565
8042310	5.199745
8042324	4.002292
8042326	6.342948
8042333	4.700252
8042335	10.89392
8042337	10.80322
8042346	4.069949
8042356	8.203608
8042373	4.930708
8042381	5.784047
8042391	6.433103
8042402	5.702941
8042413	5.511944
8042416	5.306995
8042431	3.267632
8042439	4.858741
8042460	2.686444
8042462	2.7752
8042464	4.160413
8042466	2.324815
8042468	8.130528
8042487	7.849678
8042495	7.452019
8042501	3.007222
8042503	12.61837
8042513	7.579732
8042515	10.24303
8042519	8.136429
8042530	6.013547
8042532	7.54002
8042537	6.690802
8042556	4.255871
8042558	5.572029
8042566	5.384296
8042568	5.153832
8042574	7.743984
8042576	8.578156
8042588	6.386014
8042601	7.770252
8042637	5.259303
8042696	6.956987
8042701	7.236869
8042705	5.924543
8042720	8.656706
8042737	6.191695
8042761	4.98313
8042769	5.101254
8042772	7.826154
8042788	4.589291
8042801	5.686062
8042811	7.530795
8042825	5.990795
8042827	4.38939
8042830	5.816616
8042843	5.008121
8042859	6.961363
8042867	9.018016
8042874	5.618841
8042896	7.71279
8042905	6.43522
8042917	5.591984
8042925	5.956341
8042942	9.423053
8042953	7.066594
8042958	3.995457
8042960	2.399888
8042962	6.41663
8042970	4.168844
8042972	6.929953
8042974	2.25542
8042976	2.068174
8042978	3.239458
8042986	4.218424
8042993	4.375412
8043018	4.73584
8043020	2.7139
8043026	2.159738
8043028	3.316297
8043030	2.363506
8043032	4.901633
8043034	2.894219
8043036	4.719818
8043038	1.719497
8043040	2.839865
8043043	3.892425
8043055	5.085622
8043059	3.253778
8043071	3.7137
8043098	2.13943
8043100	9.456595
8043105	9.116385
8043114	5.959607
8043129	2.228489
8043131	5.862697
8043155	6.112003
8043157	5.9526
8043185	4.812958
8043187	9.946484
8043197	10.51499
8043203	7.432068
8043209	8.468538
8043218	6.495112
8043236	5.009321
8043244	6.104468
8043251	7.735604
8043276	9.183351
8043278	5.58405
8043283	8.562893
8043310	10.75542
8043320	4.031622
8043322	5.883064
8043324	8.041347
8043347	4.702861
8043349	5.730003
8043360	5.906718
8043363	8.549256
8043367	5.521295
8043375	9.850994
8043377	8.731193
8043379	2.544986
8043381	3.352325
8043393	5.653338
8043405	2.657866
8043407	5.818562
8043413	8.228827
8043423	4.129416
8043426	5.427763
8043429	3.889178
8043431	4.481839
8043433	7.541757
8043436	4.066312
8043438	7.605145
8043441	6.237145
8043443	6.7645
8043446	3.65946
8043449	6.013515
8043456	2.373791
8043459	6.076471
8043465	5.796422
8043468	4.702395
8043470	4.830835
8043474	8.464526
8043476	5.092771
8043478	4.921096
8043480	4.928123
8043482	4.343769
8043484	5.792305
8043487	2.141026
8043489	5.23646
8043491	6.795448
8043498	2.360652
8043500	3.486179
8043502	3.093341
8043504	12.96895
8043512	5.030189
8043522	8.752812
8043552	5.419815
8043564	6.895635
8043570	7.19817
8043572	4.070817
8043574	4.093666
8043581	3.398355
8043583	5.255602
8043585	7.447897
8043597	4.829619
8043602	3.711595
8043621	6.163786
8043630	6.354872
8043632	5.275366
8043639	5.547905
8043657	8.404154
8043666	6.909189
8043682	8.801243
8043685	6.940896
8043687	7.436525
8043697	9.853012
8043718	7.793069
8043725	5.572278
8043743	7.454756
8043745	4.833241
8043747	3.425978
8043782	4.869888
8043791	7.51833
8043820	6.132782
8043833	2.32425
8043835	3.288602
8043840	5.31994
8043848	7.504204
8043861	7.265226
8043890	4.998819
8043900	4.395481
8043902	6.143928
8043909	9.271889
8043932	6.520452
8043937	7.998452
8043945	7.636434
8043981	6.247221
8043993	3.596189
8043995	7.260469
8044008	6.425685
8044021	3.952117
8044035	4.804923
8044049	3.952259
8044067	6.253416
8044080	7.328065
8044094	5.536926
8044105	3.817459
8044107	2.40493
8044109	7.879815
8044111	5.496155
8044124	4.83206
8044127	6.371851
8044133	9.334023
8044143	4.115261
8044149	4.128485
8044154	5.822988
8044161	8.589991
8044189	6.997607
8044191	5.33891
8044204	3.179672
8044212	4.183984
8044225	3.040938
8044236	9.081456
8044258	8.269017
8044263	7.493452
8044278	4.14381
8044295	6.913101
8044301	7.138263
8044304	8.619081
8044333	7.7712
8044346	6.505601
8044351	9.095906
8044353	7.658906
8044375	7.112591
8044391	7.388774
8044415	6.780542
8044417	8.498059
8044440	6.306177
8044450	6.306495
8044462	7.000504
8044473	5.974708
8044491	5.709865
8044499	9.176353
8044512	4.688951
8044530	2.743932
8044532	3.724813
8044541	6.818285
8044548	10.31877
8044552	7.1209
8044563	5.086235
8044572	3.356129
8044574	11.31645
8044584	7.435483
8044605	5.038982
8044611	5.738286
8044613	7.796091
8044634	5.814246
8044640	7.046861
8044643	3.554571
8044649	7.793505
8044669	7.711618
8044682	8.288096
8044684	2.206146
8044686	11.16574
8044700	4.48912
8044731	5.052291
8044733	5.109782
8044735	2.502105
8044737	2.984356
8044739	1.867251
8044741	3.83818
8044743	1.978992
8044745	6.874224
8044760	6.280528
8044764	5.62159
8044766	7.303291
8044773	7.429945
8044791	4.917818
8044793	6.178812
8044804	7.649363
8044813	6.625922
8044818	3.56564
8044844	5.621908
8044849	5.298897
8044878	2.075266
8044880	3.408487
8044882	6.931789
8044909	2.446517
8044911	2.078144
8044913	2.161992
8044915	5.913294
8044917	2.143282
8044919	8.26854
8044927	6.548474
8044931	2.448614
8044933	5.017099
8044959	4.283647
8044961	5.745853
8044963	5.734754
8044965	7.370605
8044976	4.125662
8045005	2.533496
8045007	2.186051
8045009	5.894962
8045018	6.857071
8045028	2.449933
8045030	5.842077
8045075	5.209511
8045083	7.131896
8045086	4.93013
8045088	4.08083
8045090	7.518646
8045134	2.429438
8045136	7.94254
8045142	9.618895
8045146	6.527988
8045148	5.792429
8045151	1.960967
8045153	3.043909
8045155	2.365091
8045157	2.075795
8045159	2.16123
8045161	2.131145
8045163	2.126379
8045165	4.518346
8045167	4.585131
8045169	2.576162
8045171	7.44188
8045182	7.028858
8045198	6.491764
8045205	3.929082
8045208	7.865947
8045210	4.375274
8045216	5.468924
8045224	5.419944
8045229	6.472075
8045247	9.372591
8045257	3.663908
8045275	3.850782
8045277	2.283912
8045279	9.55854
8045281	2.4041
8045283	2.307174
8045285	2.070178
8045287	9.305762
8045289	7.873779
8045291	7.038269
8045301	6.61532
8045309	6.06234
8045319	5.508916
8045321	9.486909
8045323	6.846052
8045330	2.593243
8045332	7.284501
8045334	4.083458
8045336	5.563792
8045339	4.580331
8045341	3.681749
8045343	2.584647
8045345	5.850314
8045347	4.738496
8045349	7.291481
8045368	3.895593
8045381	8.171949
8045398	7.963078
8045423	5.266806
8045425	5.654086
8045453	3.158184
8045455	8.521044
8045470	4.063011
8045499	6.71259
8045514	7.170841
8045525	3.836866
8045527	3.487437
8045529	2.50968
8045531	3.093395
8045533	5.541362
8045535	5.070034
8045537	2.216825
8045539	9.100856
8045559	5.309945
8045561	1.955419
8045563	4.144296
8045577	1.9834
8045581	4.890713
8045583	2.041047
8045585	1.983636
8045587	7.788257
8045602	2.685641
8045604	5.630657
8045619	6.176253
8045637	5.691954
8045664	8.056735
8045674	5.644831
8045688	4.641496
8045695	5.461762
8045697	6.668389
8045736	4.741284
8045768	6.260949
8045776	3.469776
8045793	6.004371
8045795	5.745197
8045800	2.376699
8045802	2.782854
8045804	10.5317
8045806	2.171369
8045808	2.875146
8045810	2.30871
8045812	2.835239
8045814	5.399082
8045816	8.424109
8045835	9.980829
8045846	6.515847
8045848	4.233047
8045857	6.080725
8045860	7.242277
8045882	4.373274
8045887	7.305705
8045889	8.566888
8045919	10.06395
8045931	3.753822
8045933	6.07982
8045946	7.155969
8045962	5.360541
8045972	2.85489
8045974	3.987359
8046003	5.403537
8046012	2.370515
8046014	2.309467
8046016	2.119291
8046018	4.208616
8046020	3.339206
8046048	4.457969
8046060	2.059587
8046062	3.263576
8046078	3.31112
8046084	4.020573
8046086	8.823603
8046099	3.420566
8046116	4.118642
8046124	10.64887
8046147	5.392374
8046160	3.698538
8046169	6.056489
8046186	5.714924
8046199	4.552315
8046201	8.093778
8046213	5.617426
8046238	5.368027
8046276	6.709533
8046279	6.302808
8046281	2.338265
8046283	4.965961
8046306	7.6751
8046318	5.025015
8046333	6.615271
8046340	8.797149
8046346	7.235743
8046360	4.959073
8046373	6.03554
8046380	6.826995
8046408	7.241373
8046426	6.643978
8046428	5.117759
8046461	4.275802
8046488	3.769857
8046500	5.054484
8046502	5.237062
8046512	4.293747
8046515	10.44371
8046518	5.233749
8046520	2.814908
8046522	3.424171
8046524	6.707448
8046527	4.687198
8046530	5.856113
8046536	5.539346
8046542	6.073989
8046546	5.7615
8046553	2.205976
8046555	6.503877
8046560	4.747807
8046564	7.120319
8046573	6.383974
8046586	3.225046
8046588	2.724919
8046590	9.097004
8046604	7.196462
8046626	2.645495
8046628	4.83612
8046646	4.068358
8046680	6.664182
8046685	7.22217
8046695	5.042957
8046726	9.174004
8046746	4.22528
8046755	5.869517
8046757	2.564685
8046759	6.956296
8046788	3.058736
8046790	2.860782
8046792	3.230558
8046804	5.626606
8046815	4.222132
8046822	2.633073
8046824	3.630477
8046833	3.412567
8046836	2.972315
8046848	7.763972
8046861	8.779026
8046895	5.178419
8046906	7.921834
8046922	5.838922
8046975	5.934786
8046997	6.283879
8047006	4.197706
8047038	5.962346
8047059	8.665371
8047062	4.858016
8047069	6.673202
8047078	8.55649
8047086	5.065157
8047097	8.005827
8047125	3.297448
8047127	8.185032
8047159	5.698927
8047161	10.29586
8047172	2.295962
8047174	4.851685
8047187	3.66718
8047213	5.130213
8047215	2.963655
8047217	8.107227
8047223	6.426155
8047228	7.667569
8047241	5.482941
8047243	5.887158
8047248	3.703312
8047257	4.459845
8047262	5.420442
8047265	5.557878
8047272	8.887661
8047286	6.175237
8047288	3.220332
8047300	3.577774
8047337	3.080007
8047339	10.88704
8047356	5.478015
8047370	2.941418
8047372	5.744933
8047377	2.646873
8047379	6.974859
8047381	8.323727
8047401	7.076835
8047403	5.498953
8047419	6.474889
8047441	4.355947
8047443	7.675866
8047457	1.892166
8047459	2.565269
8047463	2.460092
8047465	2.022448
8047467	3.700571
8047485	2.303839
8047487	6.491705
8047492	4.133512
8047503	2.801472
8047505	4.333175
8047518	7.453554
8047536	3.156958
8047538	8.426822
8047555	2.499429
8047557	8.243341
8047559	1.997313
8047561	2.201386
8047563	5.474705
8047565	6.643644
8047577	5.059188
8047596	8.598948
8047606	7.576473
8047635	10.58588
8047641	6.068762
8047659	6.149878
8047677	4.930955
8047690	2.019022
8047692	4.209913
8047702	3.373317
8047709	7.007813
8047736	7.49433
8047738	4.651064
8047763	4.680429
8047765	4.446455
8047767	2.123345
8047769	3.783656
8047771	6.206339
8047778	2.83229
8047780	4.789824
8047784	5.207242
8047788	3.904072
8047815	5.543856
8047829	3.973024
8047839	8.769856
8047852	2.46664
8047854	8.461345
8047865	6.952527
8047910	3.675096
8047926	5.027814
8047952	5.525967
8047963	4.483391
8047965	3.725798
8048014	7.677759
8048022	3.84242
8048024	2.530873
8048026	4.150644
8048071	3.395231
8048075	6.337393
8048077	2.103749
8048079	2.276166
8048081	6.284249
8048110	2.508853
8048112	3.456252
8048114	4.187537
8048116	8.459964
8048118	2.836685
8048120	7.978612
8048139	4.266232
8048141	4.83564
8048146	9.023176
8048171	6.424576
8048173	4.291131
8048175	5.874248
8048195	7.748685
8048205	6.994691
8048211	6.035607
8048227	5.320034
8048234	9.770164
8048249	5.379833
8048257	7.178049
8048272	5.608464
8048283	5.575428
8048304	7.813347
8048317	5.780065
8048319	4.829439
8048340	7.308693
8048350	4.228619
8048368	2.129305
8048370	6.318906
8048381	6.779554
8048411	6.016835
8048432	6.64263
8048445	6.372453
8048452	7.15363
8048460	7.445905
8048466	6.252827
8048468	7.994111
8048478	7.660818
8048489	7.112279
8048505	6.457605
8048518	6.670452
8048523	7.255356
8048541	6.720239
8048551	5.721389
8048595	6.685013
8048611	4.071203
8048628	6.411879
8048639	5.999176
8048647	6.572552
8048673	6.358642
8048699	5.504735
8048701	4.023444
8048703	7.002636
8048705	5.511911
8048707	5.030386
8048712	6.977126
8048715	2.114583
8048717	7.999615
8048723	3.785704
8048725	3.648983
8048733	8.161769
8048749	5.186429
8048752	5.494828
8048761	6.531626
8048763	5.106934
8048772	7.508854
8048782	5.68505
8048835	6.838202
8048847	9.513139
8048864	6.59899
8048870	3.210445
8048885	3.238255
8048887	2.755072
8048889	6.356843
8048896	2.892086
8048898	5.052157
8048926	6.363404
8048940	6.213675
8048976	5.811779
8048978	2.359179
8048980	10.03308
8048993	2.832282
8048995	9.161442
8049007	5.597262
8049016	8.30458
8049042	5.296679
8049044	5.201976
8049071	6.697067
8049075	6.66115
8049079	6.130248
8049083	6.661131
8049088	6.256644
8049097	7.146266
8049123	5.729311
8049128	6.37862
8049137	6.503806
8049152	5.449985
8049166	6.996815
8049180	7.125532
8049187	7.011638
8049195	7.673464
8049197	2.957781
8049199	7.341056
8049237	4.382594
8049239	7.145326
8049243	5.866968
8049246	6.542756
8049271	6.189723
8049297	8.951995
8049299	8.133038
8049301	4.217785
8049317	6.120831
8049349	8.38599
8049375	5.123744
8049394	4.407509
8049425	2.715291
8049435	6.483611
8049448	6.815996
8049471	4.525749
8049478	5.868637
8049487	9.094696
8049509	7.134394
8049512	8.845104
8049528	9.114817
8049530	9.228016
8049532	5.72275
8049534	6.241423
8049536	9.168175
8049538	8.61209
8049540	6.624902
8049542	4.742249
8049544	4.864945
8049552	3.42548
8049567	7.225067
8049574	8.445487
8049582	6.403907
8049598	6.852058
8049610	6.200406
8049620	6.078368
8049635	5.815087
8049655	2.910769
8049657	6.398949
8049665	2.770147
8049667	4.237716
8049670	7.605007
8049682	6.807989
8049684	6.790422
8049689	7.654841
8049702	5.740663
8049722	6.361002
8049729	7.242689
8049737	6.397594
8049752	6.381299
8049784	7.14042
8049799	6.421185
8049825	5.249095
8049827	8.663915
8049847	7.530233
8049876	7.645111
8049888	6.686951
8049906	5.762959
8049919	7.081607
8049934	6.678984
8049942	6.819776
8049950	6.405724
8049952	6.546886
8049957	4.91642
8049959	5.305685
8049961	6.495189
8049963	5.645958
8049965	7.542405
8049969	7.279213
8049990	7.27599
8049998	6.642823
8050007	5.682055
8050031	5.160616
8050060	5.952315
8050071	6.973764
8050079	6.627141
8050089	7.826933
8050093	5.832059
8050095	4.404674
8050102	6.453754
8050113	6.635121
8050115	4.473083
8050128	8.60436
8050160	8.282424
8050176	5.745119
8050190	7.736728
8050213	5.195895
8050215	9.882208
8050225	2.321215
8050227	5.278768
8050232	8.29744
8050236	3.201547
8050238	3.866362
8050240	8.840838
8050253	6.821848
8050255	6.191588
8050278	9.91248
8050293	4.692309
8050302	6.972664
8050336	6.142674
8050350	8.383112
8050352	5.890468
8050363	5.079875
8050365	2.181914
8050367	6.754791
8050423	4.097055
8050425	6.216664
8050427	7.022563
8050441	8.37155
8050443	5.359249
8050472	2.30077
8050474	6.677107
8050480	4.16614
8050495	3.026926
8050497	5.807843
8050503	3.44004
8050507	5.454561
8050537	4.301292
8050548	11.25376
8050557	9.680717
8050565	9.102278
8050591	5.043476
8050594	7.136494
8050608	6.824044
8050619	4.455443
8050654	2.6058
8050656	4.166918
8050658	6.403243
8050687	4.919732
8050689	5.220851
8050695	7.46108
8050702	7.957337
8050713	5.258328
8050719	7.889349
8050761	2.986429
8050763	7.180877
8050766	5.523445
8050790	5.297101
8050801	2.689544
8050803	2.222533
8050805	5.108778
8050813	6.905307
8050844	4.520635
8050846	7.083277
8050869	5.526334
8050873	2.782765
8050875	6.754084
8050894	5.810586
8050906	4.929045
8050908	8.609607
8050924	6.081322
8050942	5.25062
8050993	4.385517
8051001	5.137725
8051012	7.344912
8051024	5.991923
8051028	5.290723
8051030	6.673201
8051050	5.985071
8051061	7.12137
8051066	7.641789
8051075	7.940862
8051097	6.609659
8051113	7.177581
8051119	8.017282
8051133	7.758064
8051135	5.806048
8051185	2.183949
8051187	7.219409
8051197	6.724561
8051202	3.061114
8051204	6.726089
8051215	6.191362
8051226	4.618575
8051236	2.385998
8051238	5.634679
8051241	5.023256
8051273	2.87059
8051275	6.868756
8051298	6.158692
8051319	4.747761
8051322	8.46895
8051361	7.885214
8051370	7.434658
8051372	6.877887
8051387	8.143579
8051394	3.962056
8051396	4.86297
8051409	3.437307
8051411	4.392148
8051413	7.4025
8051422	5.888163
8051427	6.992127
8051443	8.707754
8051462	6.517039
8051464	7.777931
8051501	8.300469
8051520	2.777386
8051528	4.759269
8051547	5.80004
8051569	2.10314
8051571	2.524894
8051573	6.462715
8051583	5.597406
8051589	7.343884
8051605	6.52411
8051622	8.627023
8051637	5.394851
8051666	3.167281
8051668	5.260525
8051670	7.742531
8051696	3.38622
8051707	7.541034
8051744	4.255268
8051746	5.400411
8051762	6.116585
8051773	4.594111
8051775	2.184729
8051777	7.406407
8051785	5.395278
8051793	6.019837
8051799	7.009023
8051812	3.011764
8051814	9.054147
8051820	7.093244
8051862	2.313223
8051864	3.076367
8051866	4.723195
8051882	7.65378
8051924	2.373579
8051926	5.364781
8051928	7.642491
8051949	8.045712
8051956	2.871141
8051963	6.122447
8051985	8.046555
8051987	4.308875
8051989	4.756528
8051993	5.197917
8051998	7.159075
8052004	4.303538
8052010	7.353681
8052018	7.391545
8052022	8.875084
8052024	7.892673
8052054	2.368966
8052056	3.42531
8052058	4.049791
8052072	3.688813
8052087	6.479628
8052089	2.84547
8052091	4.285465
8052119	3.094163
8052121	4.251536
8052123	3.854132
8052125	8.140184
8052139	4.885148
8052141	5.943077
8052143	6.789959
8052149	7.607193
8052200	5.385159
8052204	8.254105
8052231	4.178213
8052233	4.898371
8052250	6.196194
8052269	4.762822
8052305	2.275082
8052307	8.320545
8052331	6.232456
8052355	5.600699
8052370	8.022327
8052372	2.238891
8052374	3.099514
8052376	5.408152
8052380	5.093047
8052382	5.262367
8052397	7.132524
8052399	5.299726
8052413	4.119083
8052416	6.673707
8052418	4.986235
8052438	3.351272
8052443	8.354874
8052524	4.777306
8052526	8.671809
8052554	3.577196
8052562	7.71663
8052581	2.204282
8052583	5.111405
8052585	3.635171
8052594	4.180229
8052598	5.403493
8052620	5.345675
8052622	7.610619
8052624	7.363369
8052626	5.026519
8052654	11.45854
8052667	5.424132
8052669	9.847909
8052674	4.164796
8052676	6.501591
8052678	2.359231
8052680	10.03488
8052689	7.299499
8052696	4.631294
8052698	7.576083
8052703	5.797656
8052719	5.438327
8052721	8.553661
8052731	4.432263
8052733	2.228478
8052735	5.601564
8052742	4.910517
8052747	3.834075
8052753	2.757619
8052762	8.888204
8052784	5.857459
8052798	7.659067
8052803	8.302439
8052826	4.721433
8052828	5.974321
8052834	5.817126
8052845	8.717631
8052861	7.591524
8052866	7.698888
8052872	8.97552
8052882	5.307258
8052902	3.672791
8052908	6.051294
8052916	5.477584
8052925	7.116202
8052932	6.984705
8052934	5.76476
8052940	6.321438
8052945	2.712134
8052947	5.047126
8052956	7.916664
8052979	5.88215
8052994	6.95693
8053004	7.680369
8053009	5.908284
8053022	6.836708
8053025	4.995355
8053030	6.119689
8053036	5.035627
8053046	8.663879
8053057	4.539429
8053059	7.611752
8053064	9.223084
8053073	4.851046
8053107	7.759812
8053139	6.477682
8053142	5.894631
8053158	6.779878
8053165	7.477741
8053171	6.177261
8053183	6.169749
8053187	6.008403
8053200	5.306858
8053214	8.03961
8053231	5.859313
8053248	5.054484
8053263	5.382386
8053266	4.54697
8053276	2.167807
8053278	4.732757
8053288	4.737716
8053311	6.975467
8053313	3.392974
8053315	4.56529
8053325	3.890862
8053330	2.928139
8053337	3.07206
8053341	3.33517
8053347	4.115382
8053349	4.672279
8053360	3.45263
8053362	2.090021
8053364	3.766994
8053366	7.253239
8053379	6.252551
8053386	4.343575
8053388	8.536498
8053404	2.194692
8053406	7.839184
8053417	8.820491
8053427	2.688647
8053429	6.699238
8053449	6.611247
8053458	7.756863
8053467	5.726744
8053480	7.079232
8053482	3.03755
8053484	7.726254
8053496	6.645491
8053533	6.647311
8053549	3.217875
8053551	4.754012
8053560	4.688284
8053562	8.955487
8053574	2.808718
8053576	9.079414
8053584	6.075394
8053594	2.951476
8053599	8.747546
8053602	5.521295
8053610	8.775458
8053622	8.041347
8053648	6.361211
8053654	3.639473
8053662	5.465851
8053664	3.719422
8053666	5.386538
8053668	7.848426
8053690	5.789605
8053710	6.497756
8053713	7.842092
8053715	2.299563
8053718	3.062847
8053720	3.889178
8053722	9.759698
8053725	5.008715
8053728	6.249753
8053731	6.560783
8053733	7.316568
8053735	5.130287
8053737	5.63107
8053741	5.316367
8053744	6.058722
8053751	3.47333
8053753	5.128353
8053761	6.480556
8053763	7.123689
8053775	5.932191
8053785	3.398355
8053787	3.891258
8053795	4.907982
8053797	10.55024
8053801	11.18917
8053834	10.34588
8053840	7.215484
8053842	6.955904
8053869	6.939563
8053872	6.172665
8053882	7.551856
8053890	8.960665
8053901	10.71617
8053909	8.100967
8053944	6.243962
8053949	6.505175
8053975	6.769366
8053984	6.177829
8053998	7.536332
8054004	6.240986
8054020	5.557794
8054037	3.935285
8054039	2.334902
8054041	3.279255
8054045	7.422998
8054054	9.522151
8054064	8.302609
8054075	3.394186
8054077	6.572856
8054090	4.551222
8054092	7.192649
8054131	6.183012
8054135	7.396756
8054154	7.26791
8054166	4.852414
8054192	5.490628
8054200	3.672322
8054209	5.000686
8054217	5.342038
8054227	7.313709
8054254	4.505478
8054281	5.464544
8054295	5.428339
8054297	4.994292
8054308	7.541578
8054329	9.329987
8054338	5.706729
8054344	3.188182
8054354	7.244607
8054356	6.897608
8054364	5.818783
8054377	7.930925
8054393	2.875146
8054395	8.275519
8054412	3.623456
8054414	8.745052
8054437	5.483306
8054439	5.295104
8054449	8.125136
8054451	4.775265
8054465	5.81762
8054467	7.093431
8054477	9.148367
8054479	11.05219
8054486	3.615201
8054511	5.848407
8054513	6.069029
8054517	6.919483
8054519	7.7712
8054532	8.845928
8054557	8.849503
8054580	3.956985
8054607	5.106642
8054611	8.763372
8054614	6.938363
8054664	5.127465
8054676	8.756264
8054702	3.972814
8054712	8.617156
8054722	7.016971
8054731	3.929842
8054740	6.70673
8054758	5.993976
8054762	8.803274
8054766	5.522334
8054769	6.480948
8054771	9.250767
8054790	4.990346
8054792	5.056364
8054794	3.318124
8054796	4.984831
8054798	2.501956
8054800	3.948178
8054802	3.577689
8054804	7.538804
8054831	6.403207
8054834	4.509995
8054837	4.151811
8054846	4.448995
8054862	6.047693
8054866	5.373487
8054870	8.479647
8054872	6.879676
8054888	7.484942
8054930	6.974856
8054941	2.419533
8054943	2.630315
8054945	6.789322
8054967	5.126313
8054978	6.571308
8054995	4.470915
8054997	7.34196
8055016	6.387931
8055021	7.000445
8055038	6.610196
8055060	7.362326
8055085	5.554372
8055087	2.012725
8055089	6.095979
8055096	6.679292
8055104	7.743496
8055130	7.758143
8055135	4.772907
8055137	3.99281
8055139	5.642741
8055143	3.825404
8055151	11.44564
8055153	3.20808
8055171	7.012987
8055173	5.899603
8055183	5.967808
8055194	4.340391
8055198	2.270846
8055200	2.29481
8055202	5.709864
8055204	9.435815
8055206	2.042838
8055208	6.934074
8055214	4.771739
8055220	11.63712
8055222	3.546107
8055234	5.508916
8055236	3.929082
8055239	6.46488
8055247	6.828857
8055249	8.021484
8055261	7.972598
8055263	2.852021
8055265	5.216649
8055267	2.097118
8055269	2.055092
8055271	2.131145
8055273	2.143412
8055275	2.182864
8055277	2.51311
8055279	3.508286
8055281	6.088103
8055284	5.792429
8055287	8.079718
8055291	7.668899
8055294	4.711116
8055297	4.766479
8055303	2.335708
8055305	3.82069
8055312	2.433278
8055314	5.513928
8055323	5.583025
8055348	5.989983
8055350	6.085651
8055361	2.782616
8055377	4.36858
8055402	2.682059
8055404	6.584854
8055406	3.678128
8055424	2.991476
8055426	4.836205
8055445	8.6749
8055465	6.933837
8055474	4.256698
8055476	10.13405
8055478	4.975932
8055484	2.363647
8055486	6.731579
8055488	2.927038
8055490	2.800725
8055492	3.816983
8055494	4.370828
8055496	4.088354
8055590	2.553095
8055592	4.534225
8055594	2.71276
8055596	3.745004
8055598	2.172529
8055600	2.071602
8055602	2.300958
8055604	2.903507
8055606	5.929392
8055624	5.085345
8055639	3.600374
8055641	5.333241
8055643	3.247309
8055645	6.107928
8055664	4.705504
8055668	3.540849
8055672	9.256637
8055680	2.53929
8055682	2.879026
8055688	12.00275
8055697	4.397592
8055702	5.131786
8055711	4.239682
8055862	7.62633
8055872	4.706002
8055890	7.488153
8055909	2.129905
8055911	3.264611
8055913	7.668937
8055941	5.682471
8055946	3.352814
8055948	2.178243
8055950	2.822418
8055952	8.200271
8055965	4.25568
8055969	3.241031
8055978	7.58312
8055980	5.822331
8055992	5.011676
8056005	6.834988
8056020	2.328855
8056022	2.553257
8056039	4.220764
8056041	7.730316
8056045	6.265674
8056047	5.68015
8056060	8.382502
8056100	5.138077
8056102	5.806564
8056113	6.460046
8056151	7.918718
8056184	8.223207
8056201	7.183405
8056206	7.526758
8056215	5.911637
8056217	7.575243
8056220	6.636288
8056222	5.617044
8056250	3.786455
8056257	3.576611
8056285	5.515271
8056303	4.096358
8056323	4.144303
8056327	3.984097
8056343	7.869822
8056359	4.478289
8056361	4.123561
8056363	3.95226
8056376	2.864457
8056408	8.302243
8056426	5.321285
8056457	3.41405
8056489	5.104304
8056491	5.078323
8056518	2.917861
8056545	10.41248
8056566	4.12091
8056568	4.899612
8056570	2.817911
8056572	2.542744
8056583	4.332256
8056611	4.247973
8056693	5.192009
8056710	2.595712
8056716	7.628481
8056726	2.592274
8056728	7.682647
8056730	5.138962
8056734	7.020166
8056753	5.544779
8056763	7.468313
8056766	6.094671
8056784	4.990125
8056790	3.917414
8056792	7.470587
8056794	3.829486
8056798	7.605348
8056810	5.088865
8056812	6.116854
8056821	5.487634
8056823	2.755219
8056825	6.940684
8056829	4.945835
8056837	4.84232
8056860	6.398746
8056877	5.38875
8056890	3.834579
8056909	7.685276
8056930	5.743379
8056943	7.240882
8056959	6.700291
8056963	5.248948
8056966	8.248129
8056968	5.375894
8056972	5.564878
8056975	2.377327
8056977	9.059642
8056983	4.611881
8056993	6.642365
8056995	5.191098
8056999	4.987967
8057004	3.840083
8057034	6.577855
8057045	4.435544
8057056	3.995186
8057377	3.366675
8057394	7.956675
8057416	4.048213
8057418	4.163173
8057439	5.265312
8057441	6.446773
8057463	4.205498
8057480	4.154436
8057486	3.102614
8057506	2.995113
8057517	9.391664
8057554	8.715556
8057557	2.289662
8057559	2.308791
8057563	2.653648
8057574	3.426706
8057576	2.447848
8057578	3.217146
8057599	5.850444
8057613	8.168819
8057615	3.937966
8057620	5.109352
8057677	6.836451
8057689	4.534268
8057700	6.742822
8057711	2.526799
8057713	2.474808
8057719	6.684361
8057732	5.13321
8057736	3.245497
8057742	6.298056
8057744	8.667066
8057771	5.101742
8057797	4.644253
8057803	2.912713
8057817	4.549767
8057819	2.365009
8057821	4.048385
8057887	8.322657
8057898	5.712687
8057929	2.800996
8057931	5.947146
8057933	7.099122
8057954	5.015024
8057959	6.79342
8057990	5.972171
8058024	9.558283
8058052	9.169223
8058063	4.039163
8058075	4.06349
8058091	5.605927
8058104	2.873928
8058106	4.796613
8058108	5.217349
8058118	6.441398
8058127	9.882016
8058145	6.466055
8058147	5.247972
8058159	2.58553
8058161	6.898948
8058182	8.050745
8058195	2.092995
8058197	3.953682
8058199	2.186971
8058201	3.352414
8058203	3.785312
8058221	6.277145
8058238	3.180026
8058256	3.012667
8058258	4.925032
8058273	4.982483
8058295	5.722094
8058333	8.567508
8058335	7.344098
8058340	10.22326
8058342	4.152535
8058344	5.099133
8058346	2.241016
8058348	2.476648
8058350	4.087738
8058373	6.321999
8058386	3.256253
8058388	2.837424
8058390	6.713546
8058411	3.459625
8058415	7.533629
8058428	8.371205
8058450	3.827845
8058456	4.138919
8058458	10.11669
8058460	2.143229
8058462	3.537732
8058477	7.843818
8058486	6.895474
8058496	5.161024
8058498	6.504138
8058509	5.619601
8058512	6.944896
8058514	4.95389
8058516	9.454906
8058518	3.777124
8058520	4.857183
8058524	5.804865
8058530	3.691611
8058535	3.939466
8058542	3.677819
8058552	11.08724
8058566	2.605725
8058568	3.233367
8058570	6.212048
8058591	4.266775
8058604	3.461851
8058614	6.991031
8058627	6.062126
8058658	2.441804
8058660	2.546841
8058662	3.087479
8058664	6.570033
8058666	2.610502
8058668	4.414054
8058670	8.427341
8058693	4.026035
8058695	6.970229
8058708	6.016532
8058765	6.395955
8058824	6.858401
8058837	4.919557
8058849	5.882341
8058855	4.726496
8058857	7.906539
8058866	4.118989
8058869	6.545265
8058905	5.310253
8058912	2.821758
8058914	8.267378
8058927	11.96103
8058940	5.897037
8058971	2.888198
8058973	6.030156
8058985	5.82794
8058997	5.848192
8059012	3.901491
8059014	6.224247
8059019	6.973073
8059026	6.672987
8059028	5.473407
8059067	5.435012
8059071	6.460139
8059081	5.950564
8059097	7.876248
8059111	6.526772
8059139	7.654261
8059158	5.788046
8059177	7.775499
8059186	5.452094
8059211	2.656444
8059213	4.911376
8059222	6.591616
8059244	7.301654
8059249	5.609292
8059277	7.718937
8059279	6.679211
8059301	4.279772
8059319	6.348672
8059339	7.278564
8059341	4.801454
8059343	3.097989
8059345	4.289655
8059350	6.469662
8059361	7.565826
8059376	4.801743
8059387	5.519261
8059393	9.162449
8059413	5.092642
8059470	5.710474
8059475	4.82612
8059477	6.241706
8059525	3.123472
8059532	5.427028
8059538	4.102016
8059549	2.797697
8059551	3.783959
8059565	4.613324
8059576	11.8018
8059578	4.207199
8059580	5.663854
8059596	9.554252
8059642	5.578776
8059648	6.222993
8059650	5.934227
8059672	7.372212
8059674	5.262675
8059680	3.258354
8059687	5.275258
8059689	8.391979
8059708	6.654067
8059710	2.900801
8059712	5.164741
8059716	5.059199
8059720	5.942199
8059729	3.843607
8059731	7.704017
8059739	7.763872
8059744	6.194741
8059748	6.327135
8059770	6.347405
8059776	2.987534
8059783	5.358258
8059799	2.966594
8059801	7.250201
8059832	5.141425
8059838	5.536691
8059852	4.337617
8059854	8.596569
8059862	2.416463
8059864	7.424857
8059868	5.097229
8059876	3.711593
8059878	4.154126
8059900	4.754512
8059902	4.154052
8059905	4.882143
8059949	3.667819
8059951	5.133452
8059953	3.611792
8059955	6.728241
8059965	3.552188
8059969	5.698328
8059985	5.752596
8059989	7.063615
8059996	7.100692
8060020	5.038025
8060030	6.453024
8060061	5.691218
8060063	7.081409
8060080	2.623881
8060082	4.926725
8060084	3.462233
8060086	5.757105
8060094	7.676001
8060101	6.758235
8060103	6.488969
8060126	7.092816
8060134	5.706794
8060187	9.682301
8060196	5.918214
8060205	5.788648
8060225	9.711678
8060255	2.201749
8060257	7.44101
8060274	6.658772
8060286	5.112463
8060294	6.626011
8060303	3.440575
8060308	3.972169
8060314	2.809972
8060320	3.08976
8060325	6.583218
8060330	6.78582
8060334	6.807149
8060339	5.347095
8060344	6.282429
8060353	7.16253
8060368	2.054948
8060370	7.850362
8060379	7.97818
8060395	3.32748
8060400	4.96468
8060416	4.937195
8060418	7.785718
8060427	8.008381
8060432	7.090994
8060447	6.171202
8060461	3.473676
8060484	6.549957
8060501	6.39199
8060503	9.240073
8060505	6.392587
8060526	5.115145
8060528	5.54328
8060533	6.411768
8060539	6.740864
8060594	5.869724
8060599	7.338325
8060604	6.88562
8060611	6.624591
8060625	2.480315
8060627	7.309562
8060660	6.550351
8060675	5.45095
8060698	6.945824
8060705	7.617432
8060722	7.593279
8060734	3.722411
8060736	7.057513
8060738	8.93947
8060741	4.848938
8060745	6.566521
8060758	7.575274
8060765	5.395897
8060772	7.272113
8060790	4.57784
8060792	5.922955
8060796	5.984098
8060803	6.595059
8060805	4.93577
8060813	4.629776
8060835	2.440842
8060839	6.021096
8060850	6.977674
8060854	6.163592
8060893	1.865551
8060895	6.700663
8060897	4.864603
8060940	4.265722
8060947	4.208282
8060949	5.063828
8060963	5.433996
8060977	6.147871
8060988	7.582317
8060997	6.988886
8061013	4.775672
8061019	4.555345
8061035	5.615623
8061064	4.58446
8061066	2.285556
8061073	6.482408
8061075	7.229378
8061082	3.684326
8061092	3.614877
8061094	4.816111
8061112	5.172132
8061114	7.927953
8061122	4.380176
8061127	1.822604
8061129	5.847353
8061136	11.17787
8061138	5.602697
8061154	5.958899
8061165	6.981025
8061167	4.94486
8061169	5.813145
8061171	4.615716
8061184	5.02611
8061186	8.24111
8061211	6.919038
8061222	6.571571
8061224	3.373659
8061227	7.526901
8061247	7.427605
8061262	6.919752
8061272	3.148916
8061303	6.354453
8061305	6.481924
8061324	7.308186
8061357	5.673378
8061364	10.72558
8061366	5.413272
8061368	7.127835
8061373	6.601174
8061382	3.665876
8061389	3.972844
8061396	2.905003
8061402	5.020269
8061404	5.478383
8061406	5.792835
8061414	6.800501
8061416	7.1802
8061426	4.307022
8061428	7.2336
8061445	5.727904
8061447	7.800085
8061471	4.223516
8061481	5.035596
8061483	6.024092
8061490	5.662864
8061497	6.432456
8061504	4.372097
8061507	4.537384
8061509	4.652707
8061517	2.181274
8061519	4.257982
8061529	5.819117
8061542	7.963285
8061562	6.512585
8061564	8.422443
8061572	5.864381
8061579	4.326928
8061605	4.490215
8061620	4.70809
8061645	5.099592
8061647	6.578436
8061653	6.621585
8061666	5.78541
8061668	6.376143
8061685	7.687933
8061706	6.5572
8061715	7.622348
8061725	6.431256
8061742	5.197914
8061746	5.169312
8061772	9.789806
8061780	5.729979
8061799	4.583814
8061815	5.655252
8061831	4.831113
8061847	4.514857
8061859	4.155849
8061869	4.822512
8061883	4.562814
8061894	6.430847
8061912	5.444976
8061916	3.667429
8061919	6.398125
8061940	7.724141
8061944	6.758025
8061946	6.508371
8061958	9.084711
8061966	9.441911
8061982	5.68156
8061986	10.07314
8062016	7.691974
8062023	6.973241
8062034	9.849605
8062041	7.088578
8062064	6.196902
8062108	6.049551
8062117	3.317596
8062119	6.804379
8062123	5.805613
8062134	4.756437
8062137	6.126439
8062174	9.044161
8062190	5.813575
8062206	6.423325
8062211	5.850282
8062213	6.299219
8062235	2.833551
8062237	3.690716
8062251	7.346101
8062284	7.719511
8062286	6.973169
8062293	7.422494
8062312	7.401896
8062319	7.133149
8062326	9.256972
8062337	7.944998
8062339	6.486133
8062347	5.042555
8062349	8.599804
8062371	6.936395
8062377	7.854745
8062395	5.398798
8062404	6.008447
8062409	7.099637
8062427	7.11317
8062433	7.956927
8062444	4.284795
8062461	5.144951
8062478	4.023732
8062480	6.320055
8062490	6.91118
8062492	8.975261
8062527	5.754595
8062532	7.761436
8062539	5.626086
8062545	6.164941
8062555	4.286477
8062557	6.242115
8062569	6.518445
8062571	9.209553
8062576	6.481182
8062599	5.803509
8062601	3.294534
8062603	9.742243
8062623	6.608088
8062658	6.495353
8062681	6.254424
8062687	6.293797
8062689	3.193323
8062691	2.163216
8062693	2.548329
8062695	8.819114
8062705	5.913352
8062728	7.032057
8062748	6.08183
8062766	5.767612
8062782	5.624112
8062794	4.236505
8062796	5.947706
8062813	6.039867
8062821	2.358627
8062823	6.780636
8062842	6.26159
8062844	5.557573
8062852	5.859397
8062862	3.169688
8062864	6.862014
8062873	6.967136
8062880	9.543876
8062890	7.007138
8062908	8.272939
8062927	9.822043
8062933	3.694495
8062944	3.313252
8062948	6.45034
8062962	4.998967
8062964	7.626194
8062971	7.05562
8062981	7.717553
8063000	8.164125
8063011	4.759421
8063014	6.233955
8063019	3.155676
8063024	2.57499
8063026	3.121068
8063028	7.846101
8063043	6.01532
8063057	7.018631
8063071	5.112393
8063074	5.55111
8063078	9.496329
8063097	6.79357
8063115	6.52249
8063129	4.395031
8063156	6.055842
8063171	3.401241
8063174	4.642462
8063177	7.500537
8063187	7.952616
8063209	4.404744
8063211	9.322913
8063240	4.360596
8063242	7.822422
8063283	7.120659
8063313	6.446978
8063315	6.960766
8063337	7.643246
8063345	7.577621
8063347	6.002244
8063349	2.718658
8063351	7.611941
8063369	8.315472
8063380	5.104053
8063382	5.512841
8063386	7.632968
8063389	5.730776
8063394	8.23542
8063408	3.672171
8063410	10.98461
8063417	7.731301
8063427	5.102789
8063433	3.171584
8063437	5.246596
8063442	4.419366
8063444	4.556193
8063447	2.699218
8063449	6.817515
8063453	4.386591
8063458	3.91051
8063473	10.78632
8063476	4.996089
8063478	7.304811
8063484	6.36034
8063497	5.661843
8063509	7.930779
8063522	3.841951
8063524	4.770821
8063526	5.898613
8063531	5.282012
8063534	2.710638
8063536	7.682069
8063545	2.970817
8063547	5.596824
8063549	5.727395
8063551	2.48993
8063566	7.066561
8063583	6.759469
8063590	4.663436
8063601	5.69611
8063607	8.342247
8063620	7.292142
8063634	6.417669
8063636	7.799868
8063650	6.14557
8063668	8.207241
8063697	7.687976
8063716	3.241974
8063723	6.074961
8063729	5.266652
8063739	5.796794
8063755	4.407867
8063761	6.981841
8063785	4.83163
8063793	4.420228
8063796	5.924398
8063814	6.158938
8063835	5.32867
8063839	6.508127
8063857	7.201611
8063869	5.238269
8063873	8.735725
8063893	8.391754
8063903	6.571464
8063914	7.340663
8063921	2.71992
8063923	9.391808
8063942	5.27993
8063949	7.262404
8063955	8.803979
8063970	7.999982
8064003	5.479276
8064007	8.651052
8064014	7.038426
8064029	4.687392
8064031	6.926077
8064042	7.021488
8064059	6.904253
8064098	4.87961
8064100	10.78312
8064108	6.673227
8064111	6.348505
8064156	7.983094
8064168	7.582547
8064175	6.668289
8064188	8.098373
8064191	9.002017
8064203	6.152303
8064208	9.531477
8064216	7.150571
8064218	7.535731
8064242	6.578974
8064245	6.40803
8064261	6.174761
8064277	5.322618
8064302	8.315813
8064319	2.562374
8064322	4.99178
8064336	8.406326
8064351	9.614067
8064370	7.936214
8064375	9.792522
8064382	6.099122
8064384	6.45449
8064388	7.925891
8064394	8.170149
8064396	5.143205
8064407	6.329643
8064415	5.313364
8064418	9.996045
8064430	6.3365
8064432	6.101541
8064438	8.278271
8064451	5.338294
8064462	2.744131
8064464	5.28798
8064471	5.006203
8064485	5.229111
8064495	4.606718
8064500	2.180529
8064502	7.32546
8064514	4.279392
8064522	7.554797
8064539	4.351699
8064557	6.667768
8064575	5.802789
8064581	6.950986
8064591	7.08718
8064601	7.591271
8064613	7.960343
8064637	7.09345
8064676	7.608161
8064686	6.858389
8064716	5.916073
8064739	6.433227
8064751	6.680447
8064762	7.077266
8064766	7.297488
8064779	6.099321
8064787	4.807635
8064790	5.646905
8064808	7.042094
8064831	6.746217
8064833	8.108862
8064842	5.990076
8064844	6.86504
8064857	9.450413
8064859	4.551932
8064864	3.975323
8064866	6.446357
8064868	9.90418
8064879	5.76558
8064894	5.173391
8064900	4.281899
8064904	5.716099
8064926	4.538976
8064928	3.308519
8064939	7.251035
8064952	4.855664
8064967	5.208198
8064976	6.457589
8064978	7.845741
8065009	3.488292
8065011	3.768359
8065013	6.261096
8065018	5.945148
8065032	5.631095
8065045	3.406197
8065067	2.28493
8065069	4.877017
8065071	5.991724
8065080	2.726873
8065082	5.119654
8065084	5.25708
8065089	6.060618
8065120	4.787882
8065122	5.530135
8065124	4.025099
8065134	3.732175
8065136	8.533772
8065163	2.339571
8065165	7.117062
8065185	6.406288
8065194	5.060266
8065200	3.804253
8065202	5.422225
8065230	4.860523
8065240	2.501537
8065242	2.360313
8065244	2.945194
8065248	4.423435
8065252	4.668385
8065254	10.85555
8065256	6.916263
8065278	5.14675
8065280	9.169275
8065321	2.779948
8065323	4.226131
8065325	7.364399
8065327	8.142238
8065330	7.335851
8065332	3.242178
8065334	4.668152
8065339	3.143942
8065344	6.345513
8065351	2.997309
8065353	6.578481
8065359	5.905068
8065363	4.623868
8065370	5.356622
8065372	6.619226
8065386	4.952412
8065388	4.324203
8065392	2.157793
8065396	4.731947
8065400	5.000973
8065403	9.821048
8065410	7.209897
8065412	5.804698
8065416	6.298755
8065421	4.897983
8065427	5.463145
8065433	7.730003
8065444	7.125163
8065460	5.029293
8065469	9.279177
8065485	7.960901
8065510	6.368727
8065515	4.158728
8065517	6.17425
8065527	6.1301
8065537	5.127944
8065541	6.032712
8065547	2.416665
8065550	6.576022
8065552	3.595103
8065555	3.035621
8065563	3.186664
8065566	6.818266
8065569	9.289938
8065576	6.455392
8065580	6.172247
8065596	6.623001
8065603	7.215991
8065607	7.672826
8065612	6.523698
8065630	3.472076
8065633	6.554335
8065637	7.313722
8065652	4.241067
8065668	6.194243
8065683	6.954282
8065693	7.064177
8065710	6.892976
8065719	6.252749
8065730	7.200389
8065738	8.525549
8065752	2.442728
8065756	5.845199
8065758	4.995868
8065762	7.075134
8065776	7.66723
8065795	5.602273
8065798	6.356442
8065817	6.940548
8065832	8.154166
8065853	3.187952
8065855	6.108142
8065868	9.398238
8065880	6.341467
8065889	6.231163
8065905	4.730823
8065911	5.287486
8065920	8.458018
8065948	9.051741
8065963	8.219679
8065990	2.628752
8065992	7.28562
8066009	9.540897
8066025	3.031342
8066027	2.858001
8066029	2.121465
8066031	6.252666
8066038	5.016169
8066051	6.986094
8066072	4.493994
8066074	5.395416
8066091	5.828362
8066117	7.990425
8066136	5.479482
8066161	4.257589
8066189	5.496296
8066195	9.262995
8066198	5.97145
8066200	6.415409
8066210	1.656355
8066212	5.200202
8066214	7.257669
8066231	5.952265
8066247	6.57717
8066254	5.598541
8066256	8.642536
8066258	7.185823
8066260	8.271248
8066262	9.488577
8066266	7.550139
8066273	4.521232
8066275	3.724245
8066279	6.111354
8066294	5.283081
8066303	7.258991
8066343	3.422883
8066345	3.1512
8066347	5.25477
8066382	2.564548
8066384	3.227235
8066391	5.773131
8066393	6.147848
8066402	7.96006
8066407	6.059945
8066411	4.751597
8066417	9.810621
8066431	5.867718
8066444	4.810588
8066451	6.644096
8066461	7.690103
8066475	5.159323
8066482	5.65164
8066489	5.94048
8066493	11.33372
8066498	5.893097
8066513	10.07113
8066521	4.978044
8066530	2.74052
8066536	5.341404
8066542	3.476198
8066549	3.605032
8066557	4.306159
8066559	3.284354
8066567	10.94421
8066569	3.372053
8066574	4.807453
8066579	5.202744
8066590	5.861048
8066598	7.031587
8066609	6.215128
8066612	6.138044
8066619	5.903027
8066637	6.665072
8066641	6.739546
8066668	7.396588
8066683	6.212938
8066697	7.370362
8066716	6.833666
8066739	4.222336
8066745	5.339027
8066754	5.910231
8066757	5.965327
8066776	6.636197
8066786	8.45089
8066818	2.082123
8066820	4.589377
8066822	6.179336
8066848	5.408474
8066889	8.714981
8066905	7.896347
8066921	5.541771
8066925	4.5642
8066939	10.49668
8066953	5.969598
8066960	3.079553
8066962	5.212193
8066964	7.786355
8066981	6.251676
8066983	6.583285
8066985	5.733326
8067007	9.545544
8067011	8.164717
8067017	7.381441
8067029	6.394941
8067033	6.832425
8067040	6.038601
8067055	8.370402
8067087	6.002845
8067094	5.536252
8067111	4.437404
8067113	8.869083
8067121	5.594995
8067125	10.29671
8067140	8.159588
8067155	3.851586
8067157	3.600938
8067165	4.132269
8067167	4.573873
8067178	4.813443
8067183	6.604589
8067185	4.972319
8067197	2.56032
8067199	2.82757
8067201	2.827743
8067203	6.105544
8067206	6.58248
8067208	4.710548
8067221	6.558459
8067233	5.886792
8067242	6.491473
8067248	5.399699
8067270	6.618065
8067277	6.222993
8067279	7.965743
8067288	6.975778
8067295	8.065665
8067303	7.381802
8067305	3.501014
8067351	7.738511
8067358	4.50913
8067361	7.633176
8067380	4.626451
8067382	7.58364
8067394	5.741103
8067409	7.606795
8067495	6.711275
8067506	7.500713
8067521	7.582221
8067530	6.569376
8067543	7.88738
8067546	7.146006
8067551	7.177008
8067554	5.859354
8067563	8.0406
8067585	6.956305
8067588	5.435721
8067593	7.563528
8067602	6.328715
8067610	5.639261
8067626	5.870342
8067652	7.192721
8067662	9.286142
8067671	6.819784
8067680	7.447292
8067709	7.420209
8067722	6.904972
8067727	7.332684
8067743	6.390409
8067754	7.154017
8067756	6.499165
8067773	5.881609
8067792	6.714707
8067798	6.75444
8067802	8.03905
8067812	7.928535
8067818	5.828796
8067820	8.577101
8067822	4.115263
8067825	3.292148
8067834	2.144821
8067836	2.610699
8067839	3.260992
8067842	2.343686
8067844	2.806172
8067858	3.97896
8067860	3.3305
8067864	7.602467
8067867	7.548254
8067869	3.426037
8067877	3.085924
8067899	3.344189
8067901	2.948589
8067903	8.121588
8067932	3.953919
8067942	5.041059
8067944	2.874637
8067946	4.259458
8067948	4.299567
8067950	2.83909
8067955	10.10174
8067963	6.354603
8067965	3.414023
8067969	4.586924
8067978	10.9682
8067981	3.965714
8067983	4.472301
8067985	3.828729
8068006	2.995968
8068014	2.413393
8068020	2.943314
8068022	4.01309
8068024	3.786195
8068039	6.952584
8068044	2.967005
8068046	5.319338
8068052	2.544899
8068057	3.287069
8068062	7.01002
8068083	5.809513
8068100	2.82975
8068105	7.879085
8068120	4.688242
8068126	3.426019
8068130	2.757181
8068136	5.78863
8068139	2.991942
8068145	6.337259
8068151	5.652236
8068154	4.915007
8068157	4.526552
8068161	4.580105
8068164	3.153026
8068168	7.898355
8068180	5.444716
8068192	5.041184
8068200	6.355852
8068202	7.138081
8068214	2.48167
8068216	2.695416
8068218	3.956179
8068220	4.068254
8068231	5.392747
8068235	6.925131
8068238	7.451224
8068254	9.836565
8068266	9.065617
8068280	8.469143
8068289	8.452776
8068305	6.797311
8068350	5.083451
8068353	7.998641
8068361	8.94923
8068363	5.481272
8068369	4.340578
8068375	5.829768
8068383	8.51958
8068391	2.586268
8068393	2.447052
8068395	2.748636
8068397	5.258497
8068399	2.570621
8068401	6.393566
8068410	7.242377
8068413	6.038158
8068422	7.68839
8068460	8.06657
8068478	5.102859
8068494	4.20708
8068496	5.475791
8068510	6.918437
8068512	6.216359
8068520	2.050664
8068522	7.19094
8068543	4.174936
8068551	8.4202
8068570	2.515311
8068578	5.072469
8068583	6.510612
8068593	8.657682
8068608	2.65571
8068610	2.667974
8068612	6.812209
8068620	4.090615
8068633	9.419952
8068644	6.870444
8068651	5.70637
8068660	2.817828
8068662	2.247957
8068664	4.749853
8068671	9.111618
8068684	8.805088
8068697	7.282424
8068713	7.513443
8068731	4.808206
8068735	3.898525
8068740	5.584996
8068761	7.660427
8068786	5.65592
8068788	4.922159
8068810	7.998751
8068833	7.235742
8068857	7.043476
8068866	6.133512
8068883	7.080403
8068891	5.197722
8068894	5.431437
8068898	8.411693
8068902	6.236963
8068919	7.789192
8068938	6.320522
8068952	7.287547
8068974	7.390081
8069003	6.375873
8069026	7.290346
8069037	6.82091
8069057	8.706133
8069083	6.549019
8069085	6.150673
8069122	5.965901
8069131	5.767302
8069133	2.156348
8069135	5.991484
8069142	7.352775
8069146	4.716066
8069148	6.903432
8069150	7.078425
8069153	6.316875
8069156	5.732466
8069161	6.580372
8069168	6.77717
8069174	6.169335
8069178	5.365309
8069200	5.208783
8069208	7.684626
8069252	5.276105
8069269	7.931653
8069301	7.596786
8069332	4.633217
8069340	6.076
8069348	6.575932
8069399	6.601935
8069444	3.709496
8069446	6.481045
8069448	2.140104
8069450	7.029129
8069470	8.446764
8069472	2.279126
8069487	2.422585
8069494	4.181587
8069499	2.246835
8069503	6.605896
8069505	7.697964
8069508	8.137376
8069511	7.814867
8069517	6.105128
8069519	7.491946
8069521	2.585711
8069532	5.358777
8069541	4.565216
8069553	7.64585
8069559	2.239009
8069561	7.873963
8069563	2.676683
8069565	7.467119
8069574	5.992401
8069582	2.882266
8069608	2.177366
8069610	3.668845
8069612	3.497617
8069620	6.504447
8069633	6.218064
8069644	10.18677
8069666	6.762882
8069668	4.636078
8069676	4.804004
8069689	4.800835
8069700	6.247985
8069711	6.526976
8069744	5.654936
8069753	7.082371
8069764	4.847379
8069766	4.960404
8069768	2.632693
8069770	3.269912
8069790	3.75815
8069795	6.651411
8069800	4.324976
8069804	3.924495
8069808	3.831339
8069811	5.820912
8069813	3.259554
8069818	3.048023
8069822	4.482507
8069827	3.293917
8069831	4.086428
8069836	3.074756
8069838	5.411982
8069841	3.079027
8069845	4.450074
8069848	5.933197
8069852	6.049129
8069855	3.272516
8069859	2.677639
8069863	5.972491
8069868	4.262529
8069872	5.164195
8069876	3.219483
8069880	7.992599
8069910	7.193345
8069933	6.008615
8069943	6.897002
8069983	6.255939
8069985	7.386993
8069987	5.560614
8069991	4.633281
8069998	6.944716
8070010	6.215822
8070046	6.4503
8070073	4.077177
8070081	6.602621
8070083	6.977148
8070097	4.087435
8070102	6.651888
8070129	6.827441
8070141	5.87356
8070160	7.74806
8070169	6.725335
8070171	5.013434
8070173	5.14769
8070182	6.707907
8070194	7.712142
8070213	2.645538
8070215	6.003173
8070231	4.045588
8070233	4.337276
8070239	6.689939
8070255	3.066209
8070257	5.667459
8070269	7.434706
8070279	3.290788
8070286	5.114807
8070295	4.638815
8070297	4.02773
8070315	4.359578
8070321	5.201035
8070328	3.848625
8070330	7.160494
8070341	8.27244
8070386	5.308801
8070389	7.920466
8070396	4.5271
8070398	3.700922
8070411	8.903484
8070421	4.515347
8070458	6.5351
8070467	11.80839
8070482	5.873751
8070489	9.471952
8070503	5.828839
8070538	7.883083
8070557	6.294735
8070563	4.87626
8070567	5.966375
8070574	5.693363
8070579	7.805181
8070584	5.675783
8070601	4.782111
8070603	5.635786
8070615	6.587432
8070629	4.944007
8070632	6.466249
8070655	8.336118
8070665	9.333668
8070681	5.64808
8070689	5.233705
8070701	12.77515
8070708	6.041697
8070712	4.660789
8070714	2.639176
8070716	5.531726
8070720	6.547937
8070730	5.384945
8070744	6.40387
8070755	2.123825
8070757	6.710383
8070771	7.446301
8070777	7.316689
8070780	6.249774
8070782	6.287394
8070786	6.917515
8070789	7.393005
8070791	6.413176
8070795	5.801719
8070799	7.452915
8070811	8.338699
8070819	10.76457
8070826	6.331645
8070847	5.923104
8070853	6.271908
8070863	5.163113
8070867	6.254876
8070876	6.374888
8070891	5.841912
8070896	6.150537
8070900	5.709865
8070905	5.249561
8070912	6.448466
8070925	6.474628
8070933	7.029189
8070953	7.00751
8070961	6.485873
8070988	6.862865
8071020	5.451814
8071036	4.242058
8071042	4.662762
8071044	6.912283
8071049	5.692661
8071051	7.078234
8071058	2.366835
8071061	5.18809
8071063	4.440425
8071069	6.998322
8071084	6.019359
8071086	5.627023
8071107	5.507909
8071119	7.226945
8071134	5.018301
8071136	7.234206
8071147	6.025746
8071155	6.370431
8071161	3.815576
8071168	6.17785
8071170	5.975296
8071179	7.823123
8071185	5.767794
8071194	3.538152
8071196	4.917798
8071202	2.276167
8071204	2.736257
8071206	5.035316
8071212	4.403802
8071234	7.292465
8071259	6.526504
8071268	6.535523
8071272	8.632549
8071274	9.033785
8071276	6.32934
8071289	8.287295
8071301	6.407866
8071312	7.192152
8071314	7.238256
8071332	6.631718
8071339	6.060589
8071355	6.37692
8071357	5.726991
8071361	3.751593
8071368	7.743666
8071371	4.45884
8071373	2.995113
8071375	3.911252
8071382	6.710003
8071390	2.9075
8071392	8.061066
8071411	5.989712
8071414	5.379729
8071420	4.284853
8071426	7.687564
8071434	8.665413
8071442	2.319349
8071444	5.786798
8071466	6.87287
8071489	6.01245
8071504	4.790023
8071516	7.042484
8071523	3.304181
8071530	5.464489
8071532	4.837649
8071536	7.454676
8071541	8.076072
8071543	4.45884
8071545	2.995113
8071547	6.972268
8071554	5.743738
8071559	6.469766
8071564	6.091651
8071566	7.86019
8071593	8.128605
8071595	5.907518
8071597	5.536688
8071642	5.659866
8071646	4.458678
8071649	9.042712
8071655	8.020835
8071658	5.27445
8071662	6.649796
8071671	5.787452
8071676	6.334759
8071691	8.405626
8071713	7.016144
8071715	7.158332
8071717	5.269952
8071737	9.36934
8071745	5.89965
8071758	5.66387
8071768	7.226276
8071783	5.992063
8071801	3.711091
8071804	7.113622
8071806	8.312233
8071809	5.753987
8071817	4.198942
8071819	5.716794
8071823	6.579943
8071861	6.617923
8071877	7.332037
8071881	8.897842
8071899	6.403748
8071907	5.649168
8071920	7.905526
8071927	7.077977
8071951	6.774364
8071953	6.094142
8071981	6.973558
8071989	7.100388
8071997	6.549788
8072004	7.309997
8072007	4.909016
8072009	6.902657
8072015	6.754806
8072039	5.37797
8072088	4.818991
8072108	5.275712
8072113	5.706554
8072122	6.7573
8072124	5.887568
8072131	2.588818
8072133	5.949545
8072139	2.379759
8072141	3.978211
8072143	5.660634
8072153	8.162035
8072160	5.622164
8072170	7.064726
8072187	2.430999
8072189	7.669662
8072206	9.382665
8072216	7.35434
8072226	2.529106
8072229	4.507011
8072242	7.295376
8072266	5.540589
8072272	5.906221
8072274	7.904376
8072279	9.523795
8072302	7.013881
8072304	3.523999
8072314	4.633709
8072316	6.158816
8072328	7.516653
8072344	4.746588
8072346	5.812389
8072353	5.511526
8072355	4.825384
8072358	5.50223
8072360	6.075659
8072374	6.259596
8072382	7.246289
8072400	3.941823
8072407	9.818043
8072411	5.386986
8072413	6.998197
8072436	6.377155
8072454	7.126197
8072461	7.047543
8072482	6.027133
8072484	6.41133
8072486	5.499195
8072488	7.28667
8072494	7.069247
8072529	6.105076
8072573	3.771318
8072575	2.107694
8072577	6.585233
8072582	5.25165
8072584	4.530408
8072587	4.894957
8072603	4.785139
8072605	2.608992
8072610	8.492341
8072626	6.662206
8072636	4.45953
8072645	7.610902
8072659	9.002693
8072678	10.59912
8072687	6.943241
8072705	5.256301
8072710	7.632569
8072721	4.308459
8072727	2.098764
8072729	6.489723
8072731	1.882278
8072733	2.359394
8072735	8.513923
8072744	5.949944
8072757	7.35513
8072775	3.127968
8072777	6.942357
8072784	7.010396
8072796	6.44774
8072798	5.773947
8072817	8.246099
8072825	7.037758
8072847	7.086392
8072870	7.880125
8072876	7.771255
8072883	6.605103
8072894	7.257056
8072924	4.389272
8072926	9.51151
8072931	6.332572
8072941	7.020854
8072946	8.888258
8072960	2.705214
8072962	7.17733
8072979	6.989233
8072989	6.746773
8073007	8.406154
8073013	8.617184
8073015	4.858464
8073022	5.899801
8073032	5.394954
8073039	8.378159
8073056	6.946161
8073062	7.480006
8073068	7.052838
8073072	6.814811
8073081	5.616502
8073088	4.543941
8073096	4.945147
8073104	6.47163
8073114	5.718531
8073129	7.55218
8073135	6.006981
8073148	7.979708
8073152	5.70437
8073192	8.76042
8073194	5.449602
8073207	6.226105
8073214	6.768228
8073242	6.417382
8073259	6.724425
8073293	5.830866
8073296	5.872322
8073309	6.970531
8073311	6.157233
8073328	3.74052
8073330	2.890716
8073332	3.369973
8073334	7.053706
8073341	3.553028
8073343	6.64187
8073345	8.007502
8073379	6.868889
8073397	7.686002
8073422	6.633302
8073430	8.025541
8073449	6.371597
8073457	8.764091
8073470	5.977309
8073474	4.599865
8073511	5.315171
8073513	6.319696
8073522	8.025731
8073544	3.559669
8073546	6.584526
8073548	4.839151
8073562	4.657744
8073573	6.826788
8073578	7.09957
8073582	5.312919
8073585	6.305665
8073596	6.184247
8073603	7.43892
8073605	5.75647
8073612	7.279176
8073623	6.806911
8073631	5.029453
8073633	4.790814
8073645	6.517263
8073662	6.091652
8073680	5.178379
8073682	5.098118
8073698	5.569757
8073705	6.859664
8073733	7.41444
8073743	9.814507
8073752	7.470379
8073766	4.211888
8073775	8.207048
8073799	7.337542
8073816	6.359964
8073822	6.359286
8073824	7.083299
8073826	6.241958
8073842	6.07853
8073858	4.25764
8073875	6.676683
8073890	6.16782
8073909	7.532917
8073924	5.533536
8073929	7.318463
8073939	5.59211
8073941	6.470754
8073943	6.824715
8073949	6.502899
8073960	8.838646
8073962	4.787135
8073992	6.97303
8074003	7.64982
8074020	6.401083
8074030	7.214223
8074057	5.899292
8074059	4.389272
8074061	9.497523
8074063	7.26461
8074070	7.352001
8074082	6.556809
8074106	6.643412
8074108	6.354891
8074131	6.533029
8074153	5.501534
8074157	8.686732
8074168	5.7088
8074170	3.958759
8074192	4.487514
8074194	3.740605
8074196	6.516088
8074201	3.568815
8074204	2.976743
8074210	2.797458
8074212	6.090431
8074223	6.430799
8074227	6.209438
8074237	6.260159
8074249	3.165026
8074251	8.348654
8074261	7.319323
8074274	6.230138
8074286	5.75117
8074307	5.868216
8074309	3.811918
8074316	6.840274
8074330	3.918072
8074335	5.266685
8074349	7.734701
8074364	5.376194
8074371	6.376834
8074384	7.920128
8074388	7.492831
8074399	4.621764
8074432	6.318852
8074458	7.205507
8074464	7.38459
8074473	6.987353
8074481	6.258552
8074498	6.870591
8074522	6.6188
8074541	6.986892
8074556	3.066402
8074558	6.721987
8074565	7.340602
8074569	6.009428
8074577	8.162409
8074591	3.58536
8074593	6.281418
8074597	4.061673
8074606	5.749577
8074615	5.026799
8074617	6.505532
8074632	6.346244
8074640	3.009798
8074642	6.301805
8074644	10.00624
8074647	7.576756
8074688	6.369538
8074695	6.157145
8074701	5.856043
8074712	5.464489
8074714	5.929166
8074716	6.830195
8074730	5.660008
8074734	4.956287
8074737	3.304181
8074744	2.995113
8074746	4.45884
8074748	8.134243
8074769	3.515824
8074771	6.44779
8074773	7.175032
8074780	5.559989
8074789	4.233368
8074791	9.387869
8074806	6.973596
8074817	6.49404
8074836	3.959066
8074842	6.85498
8074845	4.563734
8074853	3.428307
8074856	4.549768
8074867	6.20536
8074869	4.487556
8074878	7.946698
8074880	5.581017
8074884	3.111837
8074886	2.892333
8074888	6.588394
8074890	5.813588
8074892	6.432722
8074897	4.500773
8074909	7.2564
8074916	3.966296
8074925	9.37661
8074927	8.338963
8074931	6.340944
8074934	6.389527
8074939	7.366705
8074944	6.014293
8074956	3.891554
8074958	3.759329
8074962	5.753987
8074969	6.746068
8074972	4.282694
8074978	3.78713
8074980	8.320889
8074988	2.946851
8074991	7.266145
8075005	6.642478
8075009	8.13571
8075016	6.061801
8075024	6.159108
8075026	4.123016
8075049	5.381025
8075052	6.353485
8075059	3.514393
8075061	2.869848
8075063	6.532236
8075089	7.249146
8075106	6.875754
8075118	6.211847
8075126	5.539155
8075130	8.970964
8075142	4.401239
8075160	5.348861
8075164	3.299857
8075182	9.352111
8075190	5.531621
8075192	2.690312
8075198	2.343049
8075200	7.027392
8075211	6.367107
8075217	8.072638
8075239	6.10338
8075263	6.627357
8075276	7.298412
8075285	9.226788
8075306	5.120855
8075310	4.443271
8075316	6.760084
8075322	6.298468
8075332	7.447479
8075343	7.802456
8075363	4.801203
8075365	6.368722
8075375	4.665987
8075390	5.745306
8075401	5.993033
8075406	6.151338
8075423	5.449191
8075430	7.035546
8075458	6.292928
8075462	7.317058
8075468	6.271134
8075477	4.111619
8075479	3.735545
8075481	3.229752
8075483	9.982186
8075493	7.000254
8075505	2.796916
8075507	6.952481
8075529	7.332426
8075542	6.913892
8075550	5.190716
8075553	5.55961
8075555	5.303881
8075564	3.848052
8075569	3.803094
8075585	8.709188
8075600	4.420333
8075616	6.089675
8075633	5.215359
8075635	4.780987
8075637	7.027455
8075657	7.363003
8075659	5.33184
8075668	5.523452
8075673	8.37659
8075691	10.74702
8075693	3.241289
8075695	5.319007
8075705	8.252142
8075707	2.596693
8075709	6.974014
8075720	6.002845
8075728	9.144444
8075778	6.031655
8075785	5.376399
8075798	8.640564
8075817	7.380252
8075820	4.140963
8075828	6.272206
8075838	5.153317
8075846	4.500457
8075850	4.447604
8075857	8.946849
8075863	6.382569
8075865	5.721094
8075886	5.755452
8075897	6.460899
8075906	7.12905
8075910	7.605532
8075918	5.435618
8075921	5.481355
8075924	5.623398
8075934	6.602111
8075956	5.510934
8075963	7.133054
8075969	5.059881
8075971	6.841069
8075981	4.828282
8075992	6.670196
8076002	7.214932
8076007	6.701392
8076025	6.045322
8076046	7.87921
8076056	10.18944
8076072	6.679243
8076077	10.16234
8076094	3.640415
8076113	5.07123
8076128	8.703155
8076137	8.243291
8076161	6.140079
8076169	7.141704
8076176	7.561011
8076185	6.529927
8076193	4.483891
8076195	6.388496
8076209	10.70222
8076219	6.446789
8076221	6.670398
8076223	7.430793
8076225	7.212902
8076231	3.642002
8076239	3.721304
8076241	7.118411
8076260	6.169553
8076272	8.91519
8076292	4.356486
8076298	8.403296
8076300	4.162252
8076302	7.386014
8076307	7.005054
8076327	5.470537
8076329	2.961704
8076331	7.367185
8076339	7.017547
8076344	6.976591
8076355	6.909071
8076365	7.062918
8076374	7.538671
8076382	3.57979
8076384	4.616175
8076387	6.906546
8076393	5.910302
8076403	7.543308
8076415	2.401879
8076417	7.463861
8076424	6.966901
8076431	5.748711
8076436	6.858412
8076441	6.397993
8076449	9.035646
8076455	8.588662
8076461	8.871592
8076463	3.364145
8076465	8.547383
8076481	8.163951
8076493	4.875129
8076497	7.186544
8076509	5.280282
8076511	10.77895
8076513	7.417904
8076515	7.11132
8076533	8.466704
8076547	6.167123
8076561	5.89279
8076563	6.942585
8076569	7.93612
8076584	6.324766
8076586	6.446379
8076612	3.981084
8076644	4.422308
8076655	5.128775
8076668	5.141651
8076673	6.137795
8076677	7.284557
8076690	7.479734
8076704	3.3669
8076732	7.806355
8076734	6.619484
8076739	6.19528
8076744	6.155232
8076747	8.634695
8076749	5.665441
8076754	4.309008
8076757	6.731152
8076792	7.180348
8076813	5.028552
8076815	5.641756
8076819	4.553279
8076826	5.385061
8076836	7.335632
8076851	7.910267
8076865	6.174572
8076882	4.597075
8076894	5.727026
8076909	6.528883
8076937	7.166207
8076962	6.182794
8076978	6.112493
8076998	9.79794
8077036	7.022155
8077042	7.560817
8077082	6.753651
8077099	6.549214
8077103	7.611448
8077116	6.86992
8077123	7.075865
8077160	7.280168
8077169	3.18618
8077171	7.624787
8077185	6.543569
8077192	5.47363
8077198	4.734883
8077204	5.558058
8077211	6.744515
8077226	5.925917
8077238	7.429908
8077250	6.658772
8077262	5.112463
8077270	4.296048
8077299	4.152903
8077323	3.231226
8077351	6.810121
8077353	4.660221
8077366	3.729562
8077370	5.294577
8077376	6.094446
8077441	9.620394
8077450	8.804624
8077458	8.848666
8077472	3.71207
8077490	6.367517
8077499	2.941304
8077503	5.227311
8077511	3.030034
8077513	6.719378
8077526	9.798767
8077528	8.773293
8077550	7.642859
8077572	5.180304
8077595	6.057343
8077612	6.596005
8077635	5.985744
8077652	8.642478
8077663	7.240836
8077668	5.765933
8077688	6.780704
8077712	6.623846
8077728	5.977474
8077731	5.118113
8077768	2.910086
8077770	7.789193
8077777	3.714759
8077779	7.101643
8077781	6.922163
8077786	7.581365
8077804	6.731898
8077815	5.456117
8077817	6.373372
8077833	4.98271
8077851	6.816116
8077858	7.467496
8077877	4.961143
8077879	5.898797
8077899	8.311012
8077914	6.182929
8077929	4.743621
8077931	8.092102
8077942	2.377276
8077944	6.34579
8077958	6.384476
8077970	6.123836
8077989	6.218468
8077993	7.347655
8078008	6.525861
8078012	3.862516
8078014	7.115401
8078033	5.715859
8078046	4.200066
8078066	4.590823
8078091	7.688892
8078110	7.165199
8078134	2.901157
8078136	6.747269
8078138	7.08668
8078147	6.741279
8078155	4.54146
8078173	6.171711
8078187	5.264869
8078196	3.453525
8078214	9.612339
8078225	3.607079
8078227	8.307787
8078248	9.077512
8078252	5.563601
8078260	5.581909
8078262	6.803208
8078270	9.767802
8078272	8.777348
8078284	4.305964
8078286	6.076466
8078300	5.514272
8078305	5.409553
8078310	4.594132
8078312	5.34189
8078319	3.659525
8078330	4.045471
8078350	8.580681
8078360	9.45013
8078378	5.969345
8078380	5.215336
8078382	3.636685
8078386	7.767972
8078395	4.677794
8078397	5.715522
8078405	7.446167
8078412	6.336666
8078435	7.455204
8078442	4.541985
8078450	6.762235
8078461	5.08815
8078479	10.07126
8078497	4.226907
8078527	4.392093
8078529	4.271906
8078542	4.772996
8078544	6.271017
8078565	2.081825
8078567	5.389945
8078569	7.335778
8078600	8.252532
8078605	4.993936
8078619	6.241512
8078650	6.776878
8078663	4.327953
8078665	7.808567
8078688	2.623694
8078690	5.466263
8078729	8.45093
8078738	9.694861
8078759	5.700826
8078772	5.288787
8078784	6.290338
8078805	6.593434
8078818	4.919184
8078832	4.013971
8078834	7.963488
8078857	5.225209
8078888	3.935109
8078896	3.956948
8078898	7.225338
8078905	8.87873
8078916	6.153617
8078918	6.180642
8078920	5.196092
8078933	4.89687
8078956	2.464886
8078960	4.132157
8078962	6.010137
8078971	7.726595
8078984	7.313607
8078991	5.437921
8078999	5.890254
8079005	5.717433
8079019	10.05504
8079021	9.50239
8079037	8.499173
8079060	7.513943
8079074	7.347187
8079079	6.939435
8079099	6.594054
8079107	5.761519
8079117	6.724186
8079124	6.710196
8079131	5.044345
8079138	5.577137
8079140	10.42665
8079149	8.903518
8079153	10.92175
8079163	3.457649
8079165	4.998247
8079167	8.159763
8079170	6.261822
8079187	3.876349
8079189	5.178501
8079198	2.469192
8079204	4.506014
8079217	5.678884
8079224	4.452741
8079229	4.530748
8079237	2.778681
8079274	6.754071
8079279	5.022707
8079294	6.008555
8079305	6.720256
8079311	6.405503
8079334	7.449378
8079346	7.578622
8079370	4.092442
8079375	2.751341
8079377	5.374246
8079383	4.186057
8079392	4.788249
8079401	4.777633
8079407	4.921738
8079415	3.440612
8079420	5.602765
8079422	2.916325
8079426	6.200171
8079433	5.627066
8079462	7.778025
8079517	6.580639
8079532	7.059168
8079561	2.806911
8079563	6.627631
8079590	5.987279
8079598	5.634698
8079613	2.411374
8079615	4.179548
8079628	4.811693
8079630	7.278181
8079637	6.051497
8079662	6.867973
8079677	7.03679
8079693	8.199947
8079707	7.428935
8079719	3.71192
8079731	3.066454
8079733	7.715745
8079740	3.616648
8079742	2.478812
8079744	2.081729
8079746	7.823185
8079753	7.151462
8079759	4.683887
8079772	7.41437
8079796	6.436435
8079839	6.096521
8079842	7.286541
8079867	5.567269
8079869	8.440742
8079896	7.748384
8079919	5.106074
8079931	5.015476
8079950	8.477434
8079964	7.365808
8079966	6.376719
8079988	7.081717
8079993	6.548376
8079999	3.133549
8080001	6.111617
8080013	7.303741
8080028	6.23161
8080082	4.047394
8080084	8.409788
8080093	7.073243
8080100	6.397645
8080121	7.314913
8080128	5.033586
8080138	2.795693
8080142	5.007748
8080144	6.310754
8080158	6.800523
8080162	6.282186
8080168	6.877411
8080184	9.292294
8080198	5.74976
8080212	7.085913
8080226	5.760357
8080306	5.005489
8080320	7.418615
8080344	5.78344
8080416	5.723842
8080419	9.13278
8080438	8.841796
8080445	4.972962
8080466	5.519401
8080487	8.998276
8080509	3.253154
8080511	5.330585
8080562	3.97783
8080578	4.642125
8080617	3.851744
8080619	6.980124
8080621	3.627491
8080640	4.002295
8080645	7.134252
8080674	3.131305
8080676	5.896081
8080683	3.552341
8080685	8.971765
8080714	8.8225
8080762	5.828228
8080773	6.760708
8080781	5.862527
8080804	5.834246
8080810	4.518219
8080847	5.05814
8080853	4.269089
8080855	3.107267
8080863	2.442059
8080868	3.718997
8080878	7.656856
8080894	3.809629
8080896	6.374488
8080911	4.22394
8080918	3.062635
8080923	8.177214
8080926	9.181614
8080936	6.784474
8080938	5.66407
8080956	2.532979
8080958	7.773217
8080960	5.020125
8080962	5.054484
8080964	3.192486
8080973	7.812216
8080980	5.24375
8080983	3.368694
8080987	3.562435
8080989	1.870212
8080991	9.943575
8080994	3.445283
8080998	7.706578
8081001	4.435095
8081028	7.212361
8081030	4.632017
8081032	3.356357
8081036	3.716982
8081051	2.161992
8081053	4.292547
8081055	8.514834
8081065	2.599838
8081067	4.245029
8081069	7.069218
8081073	6.372037
8081079	2.09063
8081081	3.643334
8081103	2.410857
8081105	4.809979
8081107	2.522462
8081109	2.493892
8081111	2.213489
8081113	2.416638
8081115	5.54915
8081128	7.30623
8081135	8.215571
8081138	3.236609
8081158	3.904846
8081171	7.552391
8081192	2.550682
8081194	2.51031
8081196	2.195238
8081198	2.681635
8081200	3.785216
8081202	3.203785
8081204	2.688924
8081206	2.480298
8081208	3.281558
8081210	1.902304
8081212	2.336002
8081214	4.773655
8081217	4.383733
8081219	4.216012
8081233	3.038666
8081235	4.040915
8081241	4.591879
8081254	4.788713
8081256	8.096264
8081277	6.808414
8081288	3.370451
8081298	2.976873
8081316	8.047426
8081331	2.592991
8081333	2.207023
8081335	4.134382
8081337	2.521256
8081339	3.146414
8081341	3.235888
8081343	4.849765
8081348	8.40492
8081354	2.926179
8081356	2.152067
8081358	6.008854
8081362	5.734187
8081375	4.702662
8081386	9.291678
8081405	4.665225
8081407	4.246588
8081427	3.947089
8081429	3.275883
8081431	8.173635
8081452	2.360179
8081454	3.473876
8081456	2.16058
8081458	2.623715
8081460	3.308547
8081462	2.875681
8081465	7.657076
8081488	3.368208
8081501	3.966851
8081503	5.068087
8081537	3.865335
8081546	5.438992
8081548	5.409556
8081564	6.144681
8081582	7.218009
8081590	5.234935
8081612	5.811377
8081620	5.263916
8081631	4.536585
8081645	6.632886
8081657	4.476238
8081667	8.060608
8081676	5.63414
8081686	4.060879
8081710	7.35515
8081740	9.146717
8081758	8.431672
8081779	7.294555
8081786	5.489947
8081799	4.302973
8081808	2.807919
8081810	4.967346
8081818	4.697693
8081820	5.147535
8081822	2.790453
8081826	10.25068
8081838	5.229263
8081853	5.292349
8081867	8.320597
8081878	7.390259
8081880	4.564241
8081890	5.427231
8081903	2.998561
8081925	3.95938
8081941	3.725682
8081943	2.322249
8081945	7.587682
8081951	2.239827
8081953	6.040259
8081959	3.555578
8081989	3.77099
8081995	4.838877
8081997	4.188041
8082003	6.132912
8082012	9.743915
8082035	4.965716
8082046	5.764337
8082058	10.01649
8082066	7.231426
8082075	7.291921
8082086	4.310778
8082100	7.938718
8082118	2.760752
8082120	10.07472
8082133	5.880047
8082153	6.62461
8082163	6.811233
8082165	5.722721
8082229	6.589584
8082236	2.782011
8082238	3.480666
8082240	2.344114
8082242	3.586932
8082244	7.57458
8082246	6.677316
8082248	7.351864
8082250	5.143969
8082252	3.800304
8082254	6.326775
8082261	4.825791
8082270	4.492762
8082289	6.343089
8082298	5.15217
8082305	6.786191
8082314	6.487475
8082347	5.03356
8082350	6.031809
8082368	6.419327
8082380	7.286604
8082400	4.489198
8082406	6.389596
8082408	8.856058
8082422	7.01706
8082431	10.63818
8082442	6.170437
8082444	7.3741
8082465	7.187661
8082473	5.804442
8082478	7.632041
8082504	8.367469
8082517	6.64435
8082523	5.873667
8082552	5.202644
8082560	6.706576
8082570	3.462365
8082572	2.598817
8082574	5.471865
8082583	4.169911
8082585	3.82788
8082597	4.003658
8082605	4.848391
8082607	7.792757
8082643	5.006335
8082663	7.198549
8082667	6.43302
8082673	6.217345
8082688	7.663824
8082745	3.199847
8082750	6.964102
8082767	4.138919
8082774	5.272978
8082786	2.038219
8082788	8.896501
8082797	4.444389
8082816	6.295614
8082827	5.393064
8082846	5.113515
8082869	5.952006
8082886	7.515419
8082905	4.650454
8082911	7.524413
8082916	6.637073
8082926	4.975348
8082928	5.150507
8082940	6.86676
8082965	5.002307
8082974	4.607143
8083000	5.467187
8083011	5.584134
8083025	4.79872
8083030	7.336506
8083032	13.52429
8083034	5.148738
8083053	4.516465
8083063	7.010113
8083071	5.741755
8083075	5.798985
8083090	9.29993
8083092	7.895596
8083094	8.054409
8083119	6.465453
8083129	4.092518
8083136	5.686916
8083142	3.488292
8083144	2.556953
8083146	9.097825
8083164	7.017892
8083166	3.796869
8083183	7.539779
8083214	6.875652
8083221	7.128576
8083223	8.604075
8083227	3.627171
8083229	2.805849
8083233	4.028984
8083240	4.376014
8083246	3.079591
8083260	2.797167
8083272	7.885318
8083282	7.169408
8083301	4.112712
8083310	7.415691
8083318	5.104518
8083320	3.368906
8083324	10.05745
8083333	6.973924
8083352	9.822705
8083360	3.939279
8083407	5.015952
8083409	3.00808
8083415	2.612891
8083422	3.029073
8083429	7.735286
8083445	5.692997
8083447	6.098521
8083453	4.305584
8083455	3.525498
8083457	8.746546
8083463	4.209378
8083467	2.340479
8083469	7.110151
8083471	6.873873
8083492	3.302068
8083494	6.164815
8083523	6.781593
8083538	3.513233
8083546	4.507187
8083569	10.89213
8083576	4.599728
8083592	2.789815
8083594	3.46961
8083599	3.848869
8083605	6.796865
8083616	4.425851
8083630	5.558406
8083652	6.396221
8083656	9.009156
8083673	4.669819
8083677	5.386071
8083690	5.705766
8083704	5.535997
8083707	6.529222
8083709	10.16736
8083737	4.206339
8083739	3.180575
8083743	4.807943
8083745	3.059525
8083747	2.819753
8083749	7.690563
8083757	7.900602
8083770	5.332474
8083775	4.228623
8083777	6.143746
8083779	4.535275
8083792	8.317352
8083794	6.089328
8083808	3.415877
8083814	3.472883
8083826	6.518597
8083839	7.10647
8083848	4.71426
8083850	5.319383
8083852	2.785841
8083854	7.943479
8083876	8.140557
8083887	7.125106
8083893	5.042885
8083895	2.875702
8083897	3.787628
8083901	8.975342
8083933	6.853345
8083935	4.934141
8083937	2.949155
8083939	3.252336
8083941	5.242867
8083968	4.046615
8083978	7.116216
8083994	2.470478
8083996	3.723259
8083998	2.329128
8084000	2.432176
8084002	3.79454
8084012	5.276606
8084014	2.083078
8084016	7.510376
8084035	5.329262
8084045	7.511295
8084064	5.138973
8084067	5.93473
8084092	8.312352
8084100	4.60516
8084122	5.896012
8084124	2.098611
8084126	2.501311
8084128	6.641298
8084146	8.287292
8084165	5.777593
8084169	2.833501
8084171	3.331151
8084173	8.618821
8084206	9.17627
8084213	6.06535
8084215	5.033414
8084217	2.866341
8084219	9.506106
8084232	6.81249
8084266	4.886465
8084275	4.791046
8084284	4.300339
8084299	3.674419
8084303	7.147805
8084323	7.886077
8084345	9.182323
8084360	7.08197
8084382	5.866283
8084397	6.091204
8084423	6.874212
8084439	8.481573
8084478	5.601452
8084488	7.607239
8084496	5.703743
8084524	6.825192
8084541	6.462618
8084589	6.616362
8084605	4.935162
8084607	7.626098
8084627	4.135568
8084630	6.008089
8084634	8.000547
8084648	3.890393
8084657	4.168183
8084668	3.795462
8084679	3.599207
8084694	9.626844
8084704	6.771975
8084708	7.642076
8084710	5.196336
8084715	7.696263
8084717	5.998421
8084726	6.057298
8084732	6.103199
8084737	2.653742
8084739	6.421734
8084742	8.980786
8084755	3.204782
8084757	9.259639
8084766	6.786581
8084788	4.821719
8084794	7.823501
8084812	3.884573
8084814	3.146808
8084818	6.563063
8084832	5.219923
8084834	2.44665
8084838	5.269081
8084844	8.065211
8084878	4.242133
8084880	8.788458
8084887	5.479243
8084889	5.948198
8084891	6.384107
8084895	10.78388
8084904	11.06502
8084912	9.610323
8084917	6.116735
8084921	5.792557
8084923	6.050867
8084927	3.458465
8084929	5.783561
8084941	5.285761
8084943	3.595097
8084945	6.270251
8084947	5.759025
8084951	5.838593
8084955	5.335749
8084963	7.08626
8084971	7.666107
8084982	5.843802
8084986	7.575339
8085000	6.921903
8085024	4.24122
8085026	10.35296
8085033	5.581576
8085052	3.087471
8085054	6.273428
8085056	3.812402
8085058	4.389272
8085062	3.275069
8085081	7.254339
8085094	6.8966
8085112	4.077456
8085114	4.52564
8085116	5.96407
8085118	5.991714
8085120	5.332026
8085122	6.125592
8085138	5.287657
8085145	6.333154
8085164	6.231234
8085193	5.051639
8085195	6.790497
8085206	5.838246
8085220	6.412531
8085233	6.727621
8085244	5.514493
8085253	5.128476
8085255	5.587111
8085263	9.387549
8085272	7.076247
8085276	6.267535
8085283	5.548141
8085287	3.680439
8085293	5.690599
8085300	6.942194
8085311	5.77318
8085340	7.28542
8085350	6.255738
8085360	4.942773
8085370	9.790009
8085372	5.312367
8085374	9.37077
8085393	9.133283
8085407	5.761651
8085412	7.512782
8085429	6.981184
8085431	6.124561
8085475	5.784671
8085481	5.121887
8085486	5.938437
8085504	6.03093
8085529	2.276167
8085531	6.706433
8085537	5.813022
8085554	3.378057
8085556	6.697367
8085571	6.109008
8085579	2.663912
8085581	6.173261
8085606	6.047869
8085608	6.292141
8085628	7.055432
8085660	6.277202
8085665	5.947367
8085676	4.160935
8085689	6.392438
8085714	10.25911
8085716	8.181103
8085730	2.122069
8085732	3.024951
8085749	2.699965
8085754	3.103987
8085768	5.377854
8085770	3.199452
8085772	2.207721
8085774	3.809258
8085784	3.35644
8085786	2.908188
8085788	6.66075
8085797	7.837303
8085811	4.062483
8085813	4.148185
8085815	8.301708
8085852	7.216825
8085867	4.316777
8085912	2.77799
8085914	6.261388
8085946	6.135434
8085954	6.779986
8085967	5.672587
8085970	3.64733
8085972	3.31953
8085984	7.530386
8085999	8.87165
8086008	5.947145
8086024	5.412675
8086028	7.365149
8086048	6.540534
8086051	5.530097
8086057	7.363431
8086075	4.127694
8086077	7.293045
8086120	4.939711
8086125	6.326528
8086139	3.875443
8086141	6.1262
8086148	10.13536
8086150	7.233165
8086181	4.697406
8086183	6.0216
8086185	7.299894
8086201	8.722783
8086216	3.158159
8086218	2.062578
8086222	5.261657
8086255	4.200623
8086283	5.144894
8086313	2.685793
8086315	3.1852
8086317	7.583899
8086330	8.224803
8086341	5.38084
8086344	4.653336
8086350	2.631483
8086352	4.660342
8086368	4.376632
8086370	2.240299
8086372	5.077061
8086389	3.191929
8086391	5.880964
8086400	4.906044
8086406	4.924168
8086417	8.63203
8086419	5.791835
8086434	6.445982
8086451	8.348635
8086457	4.041348
8086462	6.725426
8086465	2.58379
8086467	7.506786
8086482	6.602994
8086494	5.443481
8086498	6.303573
8086503	6.878819
8086505	8.442206
8086517	9.836143
8086530	8.06654
8086536	2.479048
8086538	7.355998
8086540	5.464032
8086555	4.931773
8086572	7.760214
8086595	5.311639
8086600	4.641195
8086607	6.15517
8086615	2.933181
8086627	8.34374
8086660	7.127321
8086669	5.893939
8086683	7.983078
8086689	4.319626
8086698	7.248693
8086706	7.534005
8086729	4.137392
8086752	8.750736
8086754	7.873433
8086784	5.188225
8086797	3.916696
8086799	5.363808
8086810	8.405815
8086842	7.404618
8086876	4.651972
8086880	4.956058
8086899	5.132192
8086908	7.313143
8086949	5.231348
8086953	9.205504
8086961	6.12167
8086981	5.689942
8086985	7.340084
8087100	7.345192
8087116	7.388772
8087119	5.654465
8087145	5.394588
8087182	6.006776
8087201	7.908739
8087210	7.101725
8087224	5.436143
8087234	7.000912
8087236	6.893188
8087250	6.665859
8087252	6.574486
8087254	8.12596
8087271	7.580995
8087283	8.411435
8087308	7.389108
8087337	6.158762
8087372	6.49713
8087374	6.129838
8087380	8.125138
8087405	8.566259
8087409	10.80569
8087419	6.175774
8087433	6.769749
8087447	4.302414
8087453	5.911309
8087461	7.282022
8087473	7.88286
8087481	6.685313
8087485	7.380505
8087513	5.355481
8087530	5.022058
8087547	6.280998
8087568	5.091026
8087576	6.342307
8087596	5.715209
8087611	6.118086
8087624	6.774912
8087634	7.483213
8087640	5.881688
8087653	6.016298
8087669	5.701306
8087685	7.532448
8087691	5.574414
8087731	6.05064
8087739	7.311983
8087746	4.183407
8087748	7.486095
8087778	3.633842
8087780	6.772259
8087782	4.088758
8087790	6.446261
8087806	6.000282
8087825	6.080636
8087830	7.015641
8087833	6.322718
8087839	5.419094
8087852	5.909833
8087860	7.793589
8087874	8.315928
8087881	5.179652
8087883	3.778016
8087885	7.110876
8087907	6.525411
8087925	6.015853
8087935	6.589327
8087951	8.753987
8087985	7.11334
8088001	6.610301
8088020	5.745996
8088047	5.31718
8088054	7.302724
8088065	6.347446
8088090	6.368327
8088092	6.826682
8088106	7.998331
8088126	2.798714
8088128	7.167872
8088140	2.195489
8088142	5.485766
8088151	6.549931
8088167	8.811543
8088172	5.50168
8088174	4.20105
8088180	9.03895
8088192	4.486641
8088212	4.68715
8088219	6.608779
8088247	5.809421
8088264	5.014414
8088285	3.62298
8088292	3.17
8088299	3.031
8088315	2.555856
8088322	3.05124
8088335	2.33641
8088337	4.26409
8088339	10.54918
8088348	7.77087
8088369	7.603263
8088371	3.619866
8088384	6.889303
8088397	4.567663
8088415	6.074971
8088425	8.721584
8088436	3.887177
8088458	4.971671
8088468	3.563404
8088472	3.822383
8088474	8.344699
8088478	8.016525
8088480	6.577979
8088485	5.075796
8088491	4.301994
8088524	3.266715
8088526	6.824331
8088535	7.044531
8088546	4.778528
8088548	3.728888
8088550	6.113168
8088560	6.497366
8088602	7.620884
8088634	4.79356
8088636	6.677423
8088642	5.751548
8088664	7.836291
8088669	4.864962
8088671	4.830554
8088680	6.371698
8088700	8.511352
8088718	8.827306
8088739	2.875146
8088745	7.31123
8088768	6.029553
8088770	5.209607
8088772	4.13483
8088776	8.091998
8088803	7.952186
8088813	8.259409
8088820	8.097768
8088828	3.749687
8088830	7.066683
8088842	2.026922
8088844	3.196207
8088846	4.981417
8088848	6.592342
8088864	3.022054
8088866	6.00418
8088889	6.632257
8088891	5.056377
8088893	5.98632
8088895	6.315655
8088903	5.174449
8088905	8.242785
8088908	3.299565
8088911	6.421185
8088917	2.412405
8088919	7.643228
8088952	6.19702
8088954	2.97293
8088956	3.446613
8088958	7.821895
8088977	3.029091
8088979	6.568174
8088986	3.833907
8088996	3.788842
8088998	2.254269
8089000	7.579123
8089007	2.818067
8089009	1.878557
8089011	3.021759
8089013	4.266563
8089015	4.633674
8089026	4.062516
8089029	6.490921
8089034	6.378475
8089036	5.222222
8089038	8.658367
8089040	5.853209
8089060	2.870363
8089062	8.9261
8089072	6.303479
8089082	6.583951
8089106	2.008525
8089108	4.497096
8089112	5.304344
8089128	7.108682
8089145	5.234237
8089185	3.767664
8089203	6.022824
8089230	9.812553
8089232	2.817665
8089234	6.925392
8089247	2.688341
8089249	9.284139
8089255	3.017585
8089259	3.381353
8089261	8.247104
8089283	2.136544
8089285	7.140247
8089287	2.054425
8089289	1.903819
8089291	3.768939
8089293	4.710623
8089295	4.225105
8089299	9.521111
8089314	5.659406
8089329	3.838827
8089372	4.167979
8089394	4.777754
8089402	2.527596
8089407	3.621766
8089436	3.387289
8089438	2.738904
8089448	3.696892
8089457	3.233872
8089459	3.032946
8089462	4.946479
8089464	4.704788
8089467	6.515143
8089472	5.218633
8089478	4.562778
8089489	2.71159
8089519	4.246393
8089527	7.456331
8089544	5.066903
8089559	2.995918
8089568	4.52705
8089584	6.33921
8089596	6.499142
8089606	6.412365
8089627	6.173594
8089647	7.239546
8089652	10.95502
8089659	5.093163
8089677	8.39051
8089679	4.22005
8089694	4.29799
8089701	6.330427
8089714	4.829671
8089723	6.143909
8089727	2.568396
8089729	5.185964
8089743	8.058821
8089757	2.581572
8089759	6.875266
8089771	4.862003
8089785	3.664539
8089795	7.262535
8089801	7.481232
8089818	5.343675
8089820	3.315152
8089830	6.211667
8089835	8.775014
8089849	4.622309
8089851	4.611745
8089867	8.269968
8089873	5.953784
8089875	3.367227
8089911	5.985463
8089926	5.125034
8089930	7.880252
8089954	6.06971
8089970	6.888364
8089986	3.31092
8089988	6.289171
8089993	6.048647
8089999	7.311152
8090018	6.887934
8090030	5.950345
8090044	6.523765
8090070	6.048402
8090091	7.91787
8090098	5.381384
8090133	5.653163
8090152	4.016544
8090162	7.255672
8090180	5.666471
8090193	8.514436
8090212	3.458903
8090214	6.764858
8090235	2.985961
8090237	7.184749
8090256	6.478694
8090277	6.297585
8090291	7.155416
8090295	6.929538
8090314	7.853779
8090341	7.154425
8090343	5.919067
8090349	6.532237
8090351	7.0791
8090364	6.516377
8090366	5.105605
8090388	5.61549
8090395	4.904906
8090416	4.327369
8090418	2.273552
8090420	8.698202
8090433	7.306165
8090448	5.898046
8090462	6.549874
8090464	4.712501
8090469	7.174998
8090485	6.390873
8090490	8.458622
8090503	4.825791
8090505	4.892437
8090507	6.346435
8090509	3.06246
8090511	4.62648
8090518	5.652748
8090529	6.79004
8090533	5.93417
8090546	8.858929
8090555	7.632809
8090559	6.156547
8090565	7.221906
8090567	4.754576
8090577	6.389376
8090591	5.977068
8090630	7.677987
8090637	6.649188
8090639	7.281408
8090660	2.97677
8090662	2.875146
8090664	4.817519
8090674	4.427872
8090676	2.505345
8090678	7.800889
8090688	4.379037
8090690	3.902392
8090715	5.017647
8090737	6.250957
8090770	7.173814
8090772	6.223023
8090801	3.195528
8090803	5.46636
8090817	5.198075
8090823	6.236764
8090840	7.767118
8090852	7.787478
8090866	7.711764
8090872	5.147419
8090889	3.097549
8090891	6.783445
8090893	8.307201
8090898	6.312493
8090934	4.696955
8090936	6.222993
8090938	5.404825
8090955	3.943328
8090960	5.294283
8090972	5.623491
8090988	6.400167
8091009	6.4204
8091032	6.487411
8091037	5.823513
8091039	6.479425
8091043	3.719722
8091048	8.842899
8091071	5.726635
8091078	6.916099
8091087	5.636639
8091095	8.398963
8091097	4.608459
8091099	4.886201
8091101	3.116746
8091103	7.069266
8091120	6.398485
8091141	8.020408
8091188	5.122445
8091190	6.174168
8091239	2.281332
8091241	6.024972
8091243	4.460515
8091255	5.182674
8091260	5.539861
8091279	2.995113
8091281	3.362145
8091283	7.09219
8091306	4.667824
8091318	4.849082
8091327	7.682743
8091340	2.276167
8091342	4.019784
8091352	6.192861
8091354	5.703882
8091385	8.140771
8091402	3.271053
8091411	10.95031
8091422	8.113811
8091432	6.608284
8091444	6.462325
8091446	6.4723
8091452	8.686638
8091456	2.808395
8091458	8.941611
8091469	3.20426
8091485	7.00996
8091491	3.476274
8091503	3.896637
8091511	5.698984
8091515	6.58918
8091523	4.652644
8091530	3.611792
8091537	3.374611
8091546	4.955481
8091550	4.806288
8091552	6.402692
8091556	2.875146
8091558	1.875618
8091560	4.076668
8091562	6.665313
8091588	5.569169
8091595	4.955315
8091600	5.533741
8091627	3.425235
8091629	3.839135
8091637	7.490811
8091648	7.505892
8091656	5.655133
8091658	9.301138
8091676	4.956807
8091678	3.893963
8091696	5.353335
8091698	5.750906
8091712	2.56612
8091715	4.776949
8091723	8.882181
8091731	4.223471
8091733	2.786869
8091735	2.609653
8091737	7.889574
8091757	4.802814
8091764	8.307248
8091778	10.4972
8091780	5.28005
8091799	8.502591
8091806	9.054376
8091809	7.780314
8091811	2.853586
8091861	2.452915
8091863	3.390604
8091867	2.301436
8091875	3.050581
8091877	2.305738
8091879	2.223192
8091881	2.634208
8091883	2.161992
8091885	2.349983
8091887	3.060582
8091910	2.923172
8091922	4.130229
8091941	7.221985
8091954	5.672379
8091972	8.306363
8091991	7.28243
8091998	2.454345
8092000	6.787523
8092002	5.257697
8092009	3.035474
8092021	3.349925
8092035	7.653603
8092053	4.211596
8092055	4.257236
8092065	5.377893
8092067	4.426316
8092073	4.317794
8092081	5.918122
8092083	2.813835
8092095	5.811502
8092132	5.720019
8092134	7.748942
8092162	6.501307
8092165	5.995535
8092169	9.748377
8092177	8.974904
8092183	2.235558
8092185	3.815701
8092187	3.709823
8092199	2.0656
8092201	9.433788
8092218	5.285866
8092220	3.63797
8092222	3.973995
8092224	4.402586
8092226	2.085605
8092228	6.421185
8092230	6.498914
8092239	3.015812
8092241	6.068996
8092251	4.69129
8092265	6.529312
8092275	4.193097
8092277	4.823416
8092295	2.752197
8092312	3.06706
8092314	5.284789
8092321	8.825775
8092328	8.233318
8092348	7.244953
8092358	4.203308
8092390	6.125105
8092392	6.198604
8092404	6.146969
8092409	7.310249
8092418	7.272922
8092455	5.139843
8092457	7.806558
8092468	7.998206
8092473	5.461611
8092501	5.880084
8092514	8.152927
8092520	5.703246
8092523	5.834476
8092532	9.444181
8092534	7.896134
8092541	8.916744
8092552	5.181763
8092564	8.927938
8092578	4.543785
8092594	4.610242
8092596	5.784671
8092621	4.775349
8092627	5.654077
8092638	2.57914
8092640	5.133653
8092654	3.912773
8092661	5.409425
8092682	5.248363
8092686	5.291385
8092691	8.952337
8092702	4.062808
8092705	2.605534
8092707	6.219591
8092724	2.162136
8092726	8.11835
8092735	3.715303
8092741	2.522532
8092748	2.399585
8092750	4.701972
8092763	2.812759
8092765	7.991151
8092769	4.438426
8092800	6.353864
8092834	5.453203
8092836	6.109733
8092839	5.765704
8092845	5.780439
8092849	7.935862
8092883	4.265949
8092886	2.600297
8092888	6.386426
8092905	6.998438
8092922	6.89635
8092931	7.39045
8092933	8.819568
8092957	6.264503
8092959	8.313696
8092968	6.299726
8092970	9.746835
8092978	10.90588
8093013	8.066709
8093039	9.783996
8093053	7.93243
8093074	5.179347
8093086	6.510807
8093096	3.696577
8093104	5.432978
8093110	3.373363
8093112	7.883585
8093126	5.108328
8093128	6.996964
8093130	6.681855
8093137	3.559241
8093141	5.749667
8093145	4.482317
8093150	4.65488
8093152	2.777727
8093156	7.40925
8093166	5.745077
8093171	6.109844
8093191	8.559555
8093219	6.743021
8093230	7.412916
8093256	8.048129
8093258	5.03021
8093272	3.402042
8093278	4.611745
8093294	4.34481
8093298	4.777633
8093304	5.217486
8093314	7.587682
8093320	5.778176
8093330	5.725909
8093332	3.966325
8093336	6.616568
8093343	7.31219
8093360	5.898491
8093386	6.369762
8093398	7.293828
8093413	6.799226
8093425	6.476661
8093440	7.066988
8093451	4.641188
8093453	4.687596
8093456	5.555735
8093462	7.999794
8093476	6.368368
8093494	6.940353
8093500	5.947376
8093518	7.438275
8093539	5.833445
8093576	5.941213
8093578	5.205084
8093590	8.177868
8093601	7.07749
8093624	7.680958
8093643	8.675759
8093665	4.400337
8093683	4.300622
8093685	7.04926
8093756	4.462533
8093764	6.235814
8093792	6.263596
8093807	7.575649
8093821	5.326916
8093826	7.076157
8093829	5.396068
8093839	5.41661
8093852	6.565947
8093858	5.193347
8093872	8.003576
8093878	8.255726
8093906	6.720438
8093916	6.548589
8093936	8.829552
8093943	7.427691
8093950	9.452489
8093957	6.473355
8093961	8.072009
8093974	6.163969
8093976	7.47778
8093991	4.869117
8093993	7.288619
8093997	6.033181
8094026	7.151532
8094028	4.549767
8094030	6.564633
8094032	7.078817
8094056	7.123543
8094068	5.543598
8094070	6.021591
8094086	4.573619
8094093	6.320954
8094101	6.927832
8094116	5.996062
8094118	5.996062
8094120	5.996062
8094122	6.145707
8094124	5.996062
8094126	5.996062
8094128	5.996062
8094130	5.853224
8094132	5.996062
8094134	5.214092
8094136	3.438773
8094139	2.67264
8094142	3.929187
8094144	8.831271
8094148	7.312053
8094154	5.306115
8094156	6.399376
8094163	3.132904
8094165	7.013447
8094169	8.778289
8094184	3.714462
8094190	4.205469
8094226	4.985796
8094228	7.119241
8094240	5.027419
8094251	7.175667
8094253	4.836185
8094257	3.857972
8094259	7.091089
8094271	7.782002
8094278	4.35482
8094301	4.059003
8094340	3.331619
8094342	6.920677
8094355	4.190293
8094357	2.946793
8094359	5.587555
8094361	4.222074
8094372	5.199973
8094378	6.730479
8094393	5.30958
8094408	6.438118
8094439	3.831396
8094441	5.607968
8094456	6.252916
8094460	8.158435
8094476	5.94556
8094499	6.427149
8094501	6.927303
8094516	4.202208
8094518	2.439505
8094520	6.445805
8094531	2.14546
8094533	2.774371
8094542	5.101213
8094550	8.874733
8094556	8.776753
8094574	8.228645
8094596	5.332757
8094599	8.946808
8094609	7.092337
8094625	5.222491
8094638	5.724675
8094677	2.603553
8094679	5.383282
8094686	2.214285
8094688	4.801144
8094701	5.308676
8094704	9.24271
8094717	5.052533
8094719	5.307619
8094739	3.9173
8094741	5.722516
8094743	4.561496
8094751	3.797101
8094759	6.670243
8094772	4.418302
8094774	1.970522
8094776	3.157182
8094778	5.654317
8094789	7.30283
8094830	7.68304
8094843	4.920571
8094848	7.467773
8094870	4.632539
8094872	4.179683
8094874	5.995263
8094876	6.788672
8094897	2.29299
8094901	2.959039
8094911	6.791235
8094936	4.170575
8094938	9.039799
8094946	2.283307
8094948	8.846493
8094960	6.401979
8094968	7.453825
8094974	6.496923
8094986	3.642072
8094988	6.494055
8095005	4.646454
8095009	6.677502
8095021	5.58638
8095035	2.004897
8095037	2.631548
8095043	6.524684
8095048	6.873165
8095072	6.070995
8095074	6.798961
8095078	3.907732
8095080	4.493134
8095110	5.373728
8095135	4.321045
8095137	2.246284
8095139	9.059086
8095148	10.07585
8095159	7.969304
8095161	1.917503
8095163	8.530999
8095185	4.74396
8095187	5.929313
8095214	8.423548
8095216	7.205972
8095221	5.718278
8095230	7.190889
8095246	4.078147
8095251	4.731783
8095262	7.859901
8095269	9.020438
8095295	3.990493
8095297	2.161424
8095299	4.405821
8095301	2.352561
8095303	3.275283
8095331	2.717142
8095333	6.205664
8095335	2.632556
8095337	2.131831
8095339	2.548255
8095341	6.10972
8095343	2.919601
8095356	4.35432
8095358	2.526013
8095360	6.685417
8095362	10.66861
8095364	10.95276
8095376	10.24417
8095380	11.09536
8095390	2.508774
8095395	3.659488
8095402	3.831801
8095404	2.356158
8095412	2.976836
8095422	2.224168
8095430	2.849889
8095435	3.036788
8095441	2.55894
8095451	4.562861
8095456	2.961815
8095467	3.646573
8095477	2.932415
8095484	3.63841
8095488	4.340356
8095491	2.55364
8095500	2.937984
8095504	3.925366
8095508	3.274001
8095519	3.681132
8095535	4.563992
8095539	6.541199
8095543	2.524015
8095545	7.011446
8095562	2.855676
8095564	2.080039
8095566	5.870636
8095574	5.486875
8095585	6.971239
8095616	3.202044
8095624	2.971107
8095626	5.890395
8095628	3.277259
8095646	3.32996
8095663	2.978568
8095680	8.748037
8095688	9.338558
8095694	5.298191
8095697	9.191078
8095703	5.313172
8095705	3.799555
8095723	2.341489
8095728	7.74016
8095736	8.622612
8095744	8.665226
8095751	6.939697
8095760	6.118597
8095767	3.132682
8095773	7.692692
8095800	6.841833
8095802	2.881681
8095806	2.799976
8095819	4.735207
8095826	5.874676
8095832	2.598692
8095834	6.033294
8095854	8.306103
8095868	5.363056
8095870	10.8701
8095886	3.160641
8095894	5.15607
8095907	5.831318
8095986	7.738237
8096002	6.812555
8096004	6.005798
8096025	5.314095
8096027	2.399334
8096030	3.04865
8096032	6.116158
8096050	4.662001
8096061	3.099658
8096070	8.130497
8096075	2.176032
8096077	6.002443
8096079	4.495042
8096081	7.483106
8096091	5.221075
8096098	4.890283
8096109	4.439421
8096116	10.01021
8096130	9.661479
8096147	4.832848
8096158	5.438984
8096160	4.354708
8096176	8.165771
8096224	8.599674
8096249	3.03279
8096251	5.614997
8096265	3.274482
8096274	3.469353
8096281	3.980635
8096290	4.098907
8096296	8.179473
8096301	7.511042
8096312	3.437856
8096314	5.997616
8096331	5.279104
8096333	2.315451
8096335	8.12446
8096361	5.009089
8096385	8.703998
8096411	5.439779
8096415	3.460943
8096425	7.423119
8096438	3.895595
8096440	3.842643
8096457	2.532368
8096459	2.31064
8096461	5.339997
8096463	5.880113
8096489	10.47082
8096511	4.599328
8096528	4.823532
8096533	3.976613
8096536	2.388307
8096538	7.600198
8096554	2.896418
8096556	8.079478
8096568	3.383074
8096580	3.425201
8096602	7.78389
8096615	4.341599
8096617	5.390175
8096635	7.570153
8096661	5.538166
8096663	8.294953
8096667	3.63415
8096669	8.028069
8096675	7.975333
8096680	3.552221
8096682	4.955737
8096688	5.205838
8096704	5.926142
8096718	5.655256
8096731	2.39187
8096733	6.469663
8096744	4.887633
8096753	7.84268
8096765	4.592648
8096771	7.375453
8096777	5.493069
8096781	8.493073
8096808	5.033669
8096821	7.132397
8096830	3.561836
8096839	4.334645
8096845	5.030339
8096873	2.178761
8096875	3.652016
8096897	4.476642
8096899	7.43541
8096905	6.713692
8096917	3.469935
8096919	6.248145
8096938	5.478006
8096955	6.79939
8096957	4.588275
8096959	4.347071
8097011	3.060663
8097013	5.505256
8097015	3.354031
8097017	4.762215
8097028	4.92969
8097030	4.406017
8097034	1.95542
8097036	2.96277
8097038	3.455272
8097056	7.503712
8097058	4.506468
8097062	5.994822
8097064	6.254806
8097066	6.536954
8097080	4.612908
8097086	2.806748
8097096	7.840762
8097098	9.949162
8097116	4.911626
8097118	7.885366
8097120	2.50893
8097122	4.050271
8097124	2.519063
8097126	3.989872
8097128	6.140401
8097146	5.603107
8097148	7.817706
8097236	2.782601
8097252	4.348593
8097256	5.765084
8097262	5.33864
8097282	7.51448
8097288	3.795998
8097305	2.904255
8097307	5.37048
8097327	3.548641
8097335	6.257568
8097356	3.395995
8097373	6.122238
8097388	5.566173
8097415	4.825791
8097417	6.152301
8097435	5.719331
8097443	5.794882
8097445	2.874197
8097447	5.884573
8097449	5.132533
8097457	3.443036
8097459	4.639186
8097461	6.05135
8097468	3.922935
8097470	5.946539
8097472	6.479895
8097474	3.488293
8097478	2.396947
8097480	6.704153
8097505	2.186763
8097507	6.83322
8097513	8.499995
8097521	5.964401
8097529	6.068017
8097541	4.491191
8097543	6.887264
8097553	4.505298
8097568	4.36762
8097570	9.79165
8097586	7.913765
8097600	7.907271
8097626	6.264935
8097628	4.248799
8097647	5.50172
8097655	7.948892
8097657	6.687335
8097670	6.34653
8097679	5.702792
8097685	5.278867
8097687	5.320795
8097690	2.793901
8097692	3.230786
8097704	7.825955
8097717	8.79846
8097743	7.462204
8097747	5.269025
8097749	3.538408
8097751	2.267322
8097753	6.388644
8097773	4.306148
8097780	2.908257
8097782	9.642409
8097790	2.331935
8097792	5.450732
8097794	4.334249
8097801	8.337252
8097809	6.321629
8097811	5.590428
8097813	7.996787
8097827	6.852414
8097829	5.952885
8097841	8.174245
8097857	3.612596
8097867	4.684001
8097903	5.137993
8097910	3.578673
8097920	4.968596
8097928	2.792405
8097938	4.460949
8097945	2.32062
8097947	4.692859
8097949	2.542968
8097951	2.057412
8097953	2.232032
8097955	5.996101
8097957	5.260148
8097973	5.0112
8097991	2.916719
8098004	2.548203
8098006	3.215731
8098021	2.922251
8098041	7.202978
8098058	3.000241
8098060	2.964909
8098084	7.70694
8098101	5.091739
8098103	7.665006
8098121	8.108776
8098146	2.861667
8098150	4.887641
8098157	5.1044
8098159	2.425163
8098163	4.027921
8098165	6.344206
8098167	6.366086
8098170	5.687639
8098175	4.211597
8098177	5.725147
8098193	5.523096
8098195	7.387112
8098204	5.141041
8098214	4.309373
8098240	7.474941
8098242	4.347769
8098244	6.835621
8098246	3.0487
8098259	2.621271
8098261	2.733361
8098263	5.990937
8098287	3.407746
8098289	4.47895
8098291	8.933117
8098307	4.870953
8098326	9.532717
8098328	7.742865
8098342	7.36346
8098344	3.57522
8098348	5.092661
8098368	2.804385
8098379	2.807086
8098412	3.515026
8098414	8.24576
8098421	6.263963
8098423	4.903306
8098437	2.745305
8098439	7.487536
8098441	4.314203
8098465	3.348516
8098470	7.033638
8098496	2.608404
8098498	3.999681
8098500	8.429159
8098506	3.551624
8098508	5.893068
8098512	7.508533
8098547	5.563513
8098549	6.131673
8098554	2.744327
8098556	4.704677
8098571	6.332796
8098576	7.011
8098581	6.795799
8098604	9.629092
8098611	7.161169
8098620	6.168129
8098637	6.05323
8098654	4.002069
8098671	4.168738
8098688	3.541061
8098690	3.13501
8098697	3.616483
8098705	6.862624
8098707	6.921215
8098712	7.903782
8098714	5.362636
8098721	6.970532
8098723	5.686741
8098725	7.619961
8098730	7.307381
8098732	7.629926
8098740	7.791304
8098743	7.307381
8098745	3.604928
8098752	4.136206
8098758	6.933324
8098762	7.326548
8098769	7.911602
8098782	6.53682
8098789	9.040928
8098822	7.123507
8098848	6.239178
8098856	5.13333
8098870	5.895111
8098877	6.496004
8098880	8.123938
8098895	6.408417
8098902	4.389308
8098904	7.348799
8098916	6.43092
8098924	7.21434
8098938	3.735487
8098940	3.923096
8098942	7.388264
8098958	4.728528
8098985	5.677021
8098995	7.260563
8099008	5.435888
8099025	3.858906
8099027	2.603372
8099029	7.306349
8099037	8.036198
8099051	6.464611
8099073	8.062372
8099082	6.665795
8099084	7.737445
8099091	7.291104
8099093	4.618004
8099099	6.587334
8099107	5.033763
8099121	7.683933
8099130	5.671143
8099132	5.58809
8099140	2.716748
8099142	4.558619
8099144	6.275915
8099172	6.000352
8099193	4.935247
8099200	4.983787
8099218	5.396496
8099233	6.153485
8099235	8.132527
8099240	6.110393
8099242	5.93197
8099246	7.03897
8099253	6.443059
8099255	4.98037
8099259	6.242756
8099279	6.480438
8099302	2.372222
8099304	7.85569
8099324	4.541149
8099326	6.081645
8099340	10.36544
8099362	8.071992
8099364	6.411314
8099368	3.787124
8099388	7.569188
8099393	5.611036
8099395	6.109674
8099406	5.592625
8099410	6.297745
8099438	4.038245
8099447	5.246383
8099449	8.231465
8099467	6.524062
8099471	3.746238
8099476	7.49845
8099504	3.560192
8099506	5.94608
8099524	5.590156
8099537	5.627922
8099539	3.318874
8099541	6.272157
8099551	6.296485
8099570	7.281423
8099581	5.649755
8099589	5.781034
8099591	3.068475
8099593	3.688798
8099612	5.953136
8099631	10.58401
8099633	4.026088
8099649	8.464574
8099668	6.509628
8099670	5.373559
8099685	4.489564
8099696	6.478559
8099713	3.663518
8099715	2.653159
8099717	2.004171
8099719	2.273207
8099721	7.325387
8099746	4.669962
8099754	3.922387
8099758	2.870084
8099760	7.996895
8099797	8.660868
8099805	2.713352
8099807	3.683496
8099811	4.578159
8099813	4.754197
8099815	4.651525
8099817	5.577938
8099826	4.106257
8099834	6.148197
8099841	3.838181
8099850	3.66802
8099860	6.890646
8099887	9.31475
8099897	7.880064
8099912	8.593927
8099918	5.549156
8099922	2.754656
8099924	8.444216
8099926	8.172035
8099965	6.728383
8099967	10.30455
8099982	5.508378
8100001	6.223644
8100003	3.984529
8100007	4.476573
8100013	3.863004
8100015	5.203943
8100026	6.279141
8100068	6.541372
8100070	6.116474
8100076	2.684792
8100085	3.893452
8100095	4.135181
8100097	3.035362
8100109	3.135745
8100125	10.72872
8100127	2.822445
8100131	3.544226
8100143	2.394799
8100145	5.065032
8100154	4.306051
8100177	5.479884
8100179	6.166287
8100202	7.158872
8100210	5.630157
8100227	5.327786
8100229	2.889076
8100231	6.820185
8100251	8.290128
8100292	7.662016
8100298	6.364241
8100306	4.688133
8100308	4.091433
8100310	4.136481
8100312	3.381427
8100318	5.3306
8100328	7.473876
8100338	5.123333
8100347	5.990515
8100360	3.790239
8100362	9.245378
8100376	9.942736
8100378	6.135514
8100382	7.667875
8100389	2.370733
8100391	2.381373
8100393	4.51705
8100428	6.172453
8100454	2.36059
8100458	3.152282
8100464	4.920625
8100474	2.71818
8100476	3.565963
8100478	5.745008
8100495	5.153386
8100507	7.564903
8100519	2.959541
8100523	2.804137
8100530	2.972808
8100532	7.34276
8100541	6.833082
8100547	3.756985
8100549	1.89936
8100553	4.569053
8100555	5.16313
8100557	2.309702
8100572	2.659193
8100574	2.134784
8100576	2.191024
8100578	4.035463
8100601	4.188788
8100603	7.15906
8100615	9.03103
8100655	4.509398
8100664	11.66054
8100675	10.66448
8100688	7.546019
8100699	3.815407
8100701	11.69811
8100714	9.722199
8100734	2.464471
8100737	4.158611
8100746	4.158611
8100754	5.882405
8100756	4.585147
8100758	4.910591
8100760	3.312327
8100768	3.837483
8100782	11.51742
8100784	2.467221
8100791	2.763605
8100798	5.048456
8100808	2.975741
8100819	2.497782
8100827	4.109185
8100832	3.138938
8100834	7.399084
8100851	5.642703
8100853	3.179965
8100868	3.061032
8100870	4.260027
8100893	6.563268
8100902	8.237526
8100941	5.971997
8100943	5.816104
8100960	3.390901
8100962	7.753699
8100964	5.098606
8100966	4.884174
8100971	4.528309
8100977	6.446204
8100984	5.948121
8100990	4.268465
8100994	5.956395
8101000	6.353162
8101002	5.599535
8101011	2.982472
8101013	6.392106
8101031	3.879479
8101043	8.579892
8101061	7.599012
8101065	4.37531
8101086	6.959134
8101099	6.465152
8101118	3.965015
8101126	5.687112
8101131	4.323472
8101141	5.759264
8101143	5.971202
8101158	8.548962
8101174	3.108296
8101203	2.468138
8101207	7.339675
8101210	5.911637
8101212	10.94416
8101224	6.450625
8101226	2.875145
8101228	7.158937
8101235	1.746278
8101237	4.045608
8101253	4.87619
8101256	3.273154
8101260	6.145049
8101284	4.446625
8101304	9.287758
8101322	7.535976
8101324	9.229277
8101340	8.692739
8101357	5.078484
8101359	3.608212
8101366	5.567722
8101376	10.13288
8101411	7.049922
8101427	3.810564
8101429	8.280752
8101437	6.505924
8101449	6.924263
8101467	5.528242
8101489	3.487299
8101501	3.488292
8101507	5.796867
8101511	7.985429
8101585	5.830978
8101587	7.603536
8101607	5.466578
8101609	5.515941
8101616	4.413083
8101622	9.792336
8101624	5.1671
8101637	5.068447
8101648	7.04252
8101657	6.462755
8101659	4.333869
8101673	3.060072
8101675	3.41328
8101697	2.512945
8101699	3.835334
8101701	5.429483
8101716	2.131252
8101718	7.359387
8101721	2.87656
8101723	5.821195
8101728	7.889702
8101757	5.810866
8101762	4.808048
8101774	10.69032
8101778	3.742724
8101780	2.913819
8101788	4.000908
8101810	4.274045
8101814	3.873861
8101816	3.853809
8101828	8.648935
8101839	5.105969
8101844	6.531197
8101852	2.916795
8101862	3.157152
8101874	5.154643
8101881	3.449835
8101893	5.197707
8101904	3.485752
8101916	4.735875
8101925	7.75774
8101934	6.165812
8101945	7.314065
8101952	5.492175
8101957	2.83351
8101971	7.949211
8101990	4.659745
8101992	6.319271
8102004	4.803149
8102006	6.219021
8102024	7.803575
8102037	3.512488
8102039	2.946486
8102050	4.402672
8102065	4.392015
8102076	2.630328
8102127	3.061094
8102135	4.918967
8102141	5.526103
8102160	4.419445
8102162	5.048852
8102171	7.527611
8102200	4.370926
8102210	4.490983
8102212	6.090842
8102214	6.857682
8102230	2.691441
8102232	4.152163
8102247	3.266935
8102249	3.310604
8102263	6.171164
8102305	3.778167
8102307	2.280579
8102311	6.370577
8102321	6.717485
8102328	6.730402
8102342	6.794958
8102350	5.326702
8102352	5.590304
8102362	5.516748
8102368	5.227502
8102371	4.827141
8102389	3.522141
8102404	2.200649
8102406	2.827152
8102408	2.28982
8102410	6.839036
8102415	7.144276
8102440	4.859555
8102450	3.315126
8102464	4.476642
8102468	5.909736
8102482	6.138225
8102513	3.555381
8102518	8.422821
8102523	2.510935
8102530	6.616033
8102532	5.048343
8102560	4.355111
8102567	5.158611
8102587	4.537733
8102594	4.018928
8102606	2.665837
8102608	2.030898
8102610	3.023464
8102619	7.85619
8102636	5.064193
8102643	4.858292
8102655	5.256169
8102678	3.876426
8102695	5.893956
8102697	2.923258
8102707	3.662171
8102713	4.627097
8102720	7.061084
8102726	2.124339
8102728	7.058462
8102730	6.565751
8102743	5.19792
8102745	8.152213
8102751	5.662561
8102775	3.363044
8102777	4.523075
8102779	3.180981
8102781	5.078131
8102783	6.386762
8102785	2.276167
8102787	10.69474
8102789	5.99297
8102792	3.984484
8102800	8.761263
8102817	7.174582
8102829	3.582861
8102831	5.899815
8102839	7.192583
8102848	8.020542
8102858	5.915405
8102860	10.59781
8102862	6.759996
8102869	6.017729
8102871	5.404449
8102875	5.374916
8102877	2.872009
8102894	2.540584
8102904	4.642831
8102912	8.472577
8102936	5.534167
8102938	5.42519
8102948	3.043996
8102950	8.94708
8102979	4.56287
8102982	6.359051
8102984	6.698224
8102986	3.781252
8102988	4.706718
8102993	2.361142
8102998	2.16661
8103005	4.226813
8103011	7.190944
8103023	10.21083
8103025	6.497057
8103041	2.640304
8103043	5.558362
8103064	2.708999
8103079	5.419422
8103092	5.82452
8103094	5.720832
8103106	8.129597
8103166	8.58272
8103188	6.468369
8103202	3.69496
8103204	3.82174
8103206	6.953322
8103222	9.824235
8103226	7.311179
8103235	5.083605
8103238	2.654597
8103240	7.510891
8103242	6.530845
8103244	4.190593
8103254	4.195547
8103260	3.765152
8103289	7.795291
8103309	2.914064
8103311	4.205296
8103326	2.548806
8103341	2.380146
8103358	2.146012
8103360	5.209386
8103362	2.802246
8103364	2.110624
8103366	2.176686
8103368	2.529719
8103370	2.232991
8103372	5.007485
8103374	3.388638
8103376	2.629599
8103378	2.869325
8103389	6.050318
8103399	5.344831
8103409	3.842643
8103411	4.769032
8103413	7.156265
8103415	4.035002
8103431	6.709118
8103437	6.33568
8103452	2.96214
8103458	2.298274
8103460	4.261835
8103462	2.4555
8103464	2.016618
8103466	2.856661
8103483	4.736627
8103485	4.131596
8103494	2.708584
8103503	3.916791
8103508	4.896563
8103516	4.512144
8103518	6.930555
8103520	5.006002
8103524	5.902038
8103535	8.764116
8103540	2.182566
8103542	2.735364
8103544	3.463335
8103559	4.803218
8103561	3.749078
8103563	6.092418
8103601	6.791136
8103620	2.262076
8103622	7.191962
8103630	6.966835
8103644	5.614953
8103646	6.048718
8103684	4.870804
8103693	2.575235
8103695	6.850957
8103706	5.012847
8103722	8.040245
8103725	5.152478
8103728	7.472912
8103736	3.102929
8103743	4.74261
8103745	5.284463
8103753	4.702979
8103755	6.981018
8103769	12.50077
8103778	3.420277
8103789	5.063671
8103802	3.181189
8103812	3.459041
8103822	6.34326
8103834	6.457542
8103847	6.000001
8103851	2.100357
8103853	5.437248
8103859	7.707274
8103867	4.741975
8103873	7.195357
8103875	2.678035
8103877	3.014655
8103879	3.131274
8103881	5.528469
8103892	4.433681
8103894	4.352323
8103904	4.504721
8103906	5.538564
8103911	8.213504
8103922	7.580854
8103932	4.845645
8103951	8.794727
8103975	6.140256
8103979	6.119904
8103986	4.485525
8103998	5.236941
8104012	4.688134
8104014	2.75822
8104022	5.00064
8104035	7.615588
8104066	5.072666
8104068	4.006339
8104072	7.294715
8104074	5.070187
8104079	8.052959
8104107	5.267828
8104115	6.793723
8104117	2.381688
8104119	8.094116
8104122	7.674304
8104124	4.003021
8104129	4.762799
8104131	4.355826
8104136	7.434764
8104139	6.526743
8104141	6.215268
8104163	5.674343
8104166	10.21129
8104180	7.355486
8104201	7.435767
8104220	6.065235
8104234	3.819241
8104253	5.811199
8104268	5.697147
8104281	5.910985
8104298	7.838315
8104305	5.450424
8104307	7.188424
8104314	5.799036
8104319	6.351154
8104321	5.088709
8104348	6.912141
8104350	6.394063
8104369	7.449307
8104378	6.194901
8104392	3.762721
8104394	5.641671
8104422	6.833254
8104441	4.770227
8104443	3.106021
8104449	7.936757
8104461	6.623018
8104463	9.316612
8104490	6.982318
8104492	5.038755
8104499	7.985147
8104504	3.045503
8104506	7.086261
8104568	5.259882
8104570	5.841948
8104580	7.129039
8104590	5.902945
8104592	5.921478
8104599	3.391031
8104601	8.323829
8104607	4.178594
8104609	6.202571
8104611	2.469351
8104613	6.68951
8104615	3.466365
8104617	5.944951
8104619	2.897637
8104621	10.75878
8104625	4.231522
8104627	2.682598
8104632	2.257844
8104634	3.309328
8104643	5.538964
8104648	2.618008
8104652	2.080016
8104654	4.153254
8104656	4.842861
8104659	3.090758
8104663	4.655407
8104680	6.403515
8104693	7.883781
8104723	3.03466
8104725	6.291422
8104727	4.947248
8104729	2.443583
8104731	3.666959
8104738	7.614923
8104746	4.078496
8104758	3.057593
8104760	7.44223
8104781	6.348316
8104786	5.331038
8104788	7.607953
8104812	4.15163
8104823	3.50301
8104825	5.629365
8104838	7.042916
8104854	4.714866
8104856	3.408712
8104901	6.153963
8104912	6.249539
8104926	3.556625
8104930	4.633985
8104944	8.215761
8104996	4.706153
8104998	6.464235
8105013	4.948895
8105040	7.935439
8105063	5.51351
8105067	5.709865
8105077	5.765165
8105084	4.289019
8105104	7.836147
8105111	5.242483
8105121	3.11217
8105132	5.826961
8105136	6.018849
8105144	6.190429
8105146	5.789296
8105151	5.232984
8105153	7.601915
8105181	6.449282
8105189	5.465661
8105191	7.270715
8105218	2.354236
8105220	5.510015
8105229	5.49504
8105267	9.125164
8105302	4.685053
8105311	3.318964
8105318	3.874332
8105323	4.085989
8105328	8.173921
8105331	4.067768
8105338	1.98415
8105340	4.691636
8105348	3.107853
8105353	8.43456
8105384	4.132436
8105409	2.78636
8105411	3.380986
8105432	10.7308
8105434	6.297318
8105436	7.436337
8105456	5.272385
8105463	8.704005
8105479	2.501537
8105481	4.202297
8105487	3.956894
8105495	4.570773
8105499	6.354764
8105504	7.153585
8105506	9.162334
8105517	4.086225
8105523	7.244227
8105545	6.608662
8105577	3.921711
8105579	3.39276
8105583	2.310828
8105585	4.765338
8105596	4.296207
8105603	3.993676
8105605	2.263073
8105607	3.502245
8105612	5.847317
8105629	2.553462
8105631	7.532399
8105633	6.628023
8105645	1.988445
8105647	5.865543
8105661	2.577848
8105663	4.89792
8105681	9.466513
8105714	7.72047
8105731	3.662342
8105739	6.022489
8105741	7.646672
8105778	7.608639
8105799	2.618304
8105801	6.718512
8105828	4.651222
8105842	2.936029
8105852	4.247139
8105862	7.418315
8105878	5.608832
8105899	6.672806
8105908	8.761362
8105918	5.785394
8105935	6.873828
8105937	8.11202
8105949	5.189086
8105958	7.317569
8105970	5.822458
8105987	6.275763
8105989	6.72711
8105991	10.74247
8105995	9.351889
8105997	5.189086
8106006	7.404357
8106017	4.486993
8106019	2.971657
8106025	6.502433
8106068	8.814284
8106088	4.380272
8106096	13.93523
8106098	4.374651
8106107	6.029718
8106120	2.008145
8106122	8.732158
8106141	9.668804
8106168	2.725297
8106170	5.108635
8106176	3.543893
8106181	8.242904
8106189	4.653344
8106193	5.20221
8106210	6.898064
8106250	5.66819
8106252	7.595598
8106271	7.712532
8106278	3.323049
8106280	7.636599
8106303	5.429939
8106325	5.17192
8106336	5.086733
8106350	4.562974
8106352	6.426623
8106354	4.697978
8106393	3.957658
8106401	4.933352
8106403	8.021631
8106411	4.782044
8106418	4.938658
8106429	6.923665
8106448	5.633552
8106473	6.648915
8106475	12.09164
8106477	2.751848
8106479	7.735139
8106494	6.080842
8106504	8.352774
8106512	4.036874
8106514	3.913867
8106516	8.451104
8106528	3.961682
8106530	7.864559
8106532	3.130179
8106534	7.576297
8106556	6.91349
8106573	4.901436
8106597	2.871212
8106602	7.377989
8106626	4.90483
8106633	6.894238
8106660	4.63876
8106689	5.296847
8106702	6.732016
8106709	5.916955
8106722	5.809225
8106727	4.508854
8106730	5.518197
8106743	5.313415
8106761	3.845962
8106763	2.189026
8106765	2.475431
8106767	2.288399
8106769	8.308986
8106771	5.291879
8106776	7.323545
8106784	7.891159
8106814	2.116143
8106816	5.293619
8106818	5.593631
8106820	5.273666
8106827	4.461202
8106919	2.110656
8106921	4.071278
8106923	6.558973
8106929	2.657875
8106931	3.750877
8106950	3.976849
8106960	2.630317
8106962	4.396698
8106976	7.310385
8106978	3.130281
8106986	6.796566
8106999	4.857039
8107005	9.465033
8107044	5.557526
8107066	7.309658
8107090	8.413938
8107092	2.180456
8107094	6.464852
8107096	9.080454
8107098	7.358119
8107100	6.356324
8107109	3.031133
8107111	2.164864
8107113	3.082755
8107115	8.062424
8107117	2.82809
8107119	5.583956
8107125	6.34346
8107127	3.773339
8107129	3.549233
8107133	6.993273
8107162	5.077101
8107164	7.631735
8107194	5.311195
8107198	4.832089
8107200	2.779761
8107202	3.191207
8107204	10.99035
8107206	4.226099
8107208	5.298586
8107232	4.42692
8107234	7.610455
8107259	7.85354
8107270	2.758939
8107282	6.459099
8107307	5.45047
8107321	7.210272
8107326	5.473132
8107328	6.552678
8107330	5.745294
8107348	4.40589
8107350	7.249259
8107353	6.4361
8107356	8.440155
8107373	3.561046
8107375	6.834746
8107406	6.761763
8107408	4.743966
8107421	6.259096
8107429	3.788952
8107458	6.801488
8107468	5.052873
8107470	11.12308
8107474	6.80451
8107518	3.420091
8107520	5.419641
8107530	6.633582
8107532	8.362587
8107554	4.921406
8107563	4.0375
8107574	2.634832
8107576	3.717848
8107578	5.314084
8107591	3.653882
8107594	5.33126
8107613	7.728163
8107632	6.377257
8107646	6.022921
8107655	6.168531
8107671	6.537323
8107673	7.625989
8107691	6.541311
8107702	2.954595
8107706	5.436825
8107720	4.512664
8107722	5.08486
8107750	7.620897
8107764	3.727915
8107769	7.755095
8107798	3.209496
8107814	7.102955
8107823	4.926301
8107847	2.878557
8107850	3.577219
8107855	6.242577
8107857	7.21657
8107859	3.965093
8107868	8.599451
8107878	4.885435
8107887	4.041487
8107897	6.464266
8107909	4.906416
8107920	7.237426
8107934	7.239796
8107940	2.141958
8107942	6.838514
8107970	4.481327
8107977	3.285114
8107985	5.671159
8107992	6.707931
8107996	8.914783
8107998	7.688352
8108006	6.672287
8108013	5.709865
8108015	8.303164
8108040	4.985357
8108050	5.49312
8108066	9.559955
8108078	3.596362
8108080	6.631443
8108099	7.479987
8108127	6.388058
8108134	6.787265
8108161	3.659561
8108163	7.28672
8108166	7.3419
8108174	5.986775
8108180	10.27601
8108182	4.398791
8108192	7.470276
8108199	5.982211
8108205	2.885821
8108217	6.991717
8108238	6.490354
8108251	4.396355
8108256	3.722447
8108267	2.691015
8108287	5.321149
8108299	2.228207
8108301	4.036763
8108321	7.719409
8108330	8.933328
8108359	6.080763
8108370	8.752403
8108376	6.569321
8108378	10.61664
8108399	6.07932
8108401	4.250961
8108403	7.88749
8108420	6.646507
8108422	6.963335
8108424	8.959622
8108435	8.02482
8108447	8.72392
8108453	5.697879
8108470	5.778961
8108472	7.559284
8108475	5.678695
8108478	8.168835
8108483	5.645293
8108510	7.94768
8108558	8.613003
8108566	2.536382
8108568	8.297826
8108579	6.671206
8108593	7.105993
8108603	6.823517
8108620	8.138645
8108627	4.187743
8108629	4.305851
8108631	4.661089
8108633	5.298987
8108679	3.785137
8108683	6.261483
8108688	3.679383
8108693	2.734084
8108697	5.401006
8108703	3.377633
8108706	3.790346
8108708	3.462828
8108713	2.398359
8108716	4.246466
8108720	4.296158
8108724	2.79357
8108729	4.158268
8108733	4.545623
8108737	4.052924
8108744	3.953033
8108749	4.614095
8108753	4.313084
8108757	4.841033
8108820	4.386961
8108822	5.820834
8108832	7.158514
8108847	7.398761
8108861	8.4941
8108873	7.803379
8108900	6.263812
8108903	6.180987
8108905	4.501709
8108912	6.11424
8108927	6.800197
8108949	5.061891
8108954	7.325994
8108977	5.225919
8108981	5.047155
8108995	4.067415
8109001	12.15317
8109039	2.374078
8109044	3.440868
8109049	10.01461
8109057	3.266935
8109062	6.899929
8109086	7.09502
8109093	8.096265
8109120	5.595292
8109141	10.57334
8109149	6.444003
8109157	5.682791
8109159	3.575785
8109161	6.418903
8109177	4.947058
8109179	6.240833
8109194	5.175002
8109201	7.240822
8109222	9.118208
8109226	6.83058
8109236	5.265269
8109254	7.006204
8109283	6.967566
8109303	3.893152
8109305	6.678491
8109315	5.734317
8109326	5.37243
8109333	8.285192
8109344	10.12768
8109350	6.372103
8109368	8.622915
8109383	4.813672
8109401	3.442271
8109403	7.130918
8109407	6.85536
8109426	5.046828
8109428	6.477633
8109436	2.716486
8109438	8.046478
8109462	9.044813
8109475	5.158553
8109484	4.64243
8109486	6.381952
8109490	4.531552
8109503	2.289333
8109505	4.867435
8109507	4.696778
8109526	2.472855
8109528	6.683349
8109563	6.648069
8109570	2.028933
8109572	3.665205
8109576	5.895572
8109585	5.411393
8109591	2.375679
8109593	5.106767
8109595	4.040152
8109597	6.117138
8109610	2.803107
8109612	6.431141
8109618	3.367561
8109620	5.820919
8109629	6.76911
8109637	3.8802
8109639	5.823336
8109649	3.524345
8109651	3.972816
8109663	3.915713
8109677	3.267478
8109693	5.921723
8109695	2.634832
8109697	7.697962
8109712	3.118184
8109732	7.857831
8109746	5.786815
8109748	3.652428
8109750	9.423068
8109752	4.792909
8109773	8.430914
8109802	7.268605
8109819	6.336423
8109821	11.81959
8109824	2.164865
8109826	2.744253
8109828	2.450829
8109830	5.576065
8109843	4.901921
8109901	6.72078
8109908	5.157065
8109912	4.62953
8109926	12.77059
8109938	5.701359
8109967	4.499221
8109969	5.249477
8109973	4.786927
8109975	5.34408
8109981	6.121944
8109990	5.183171
8109995	2.634451
8109999	7.763084
8110018	2.651051
8110022	10.31303
8110032	7.55669
8110043	4.718647
8110055	9.678417
8110068	4.54721
8110074	4.367163
8110084	6.419766
8110090	6.427711
8110104	5.221624
8110106	4.961218
8110112	2.995112
8110114	5.574878
8110123	5.551232
8110147	4.017168
8110158	5.381007
8110166	7.904043
8110169	7.80429
8110183	5.127208
8110216	2.448367
8110218	8.004692
8110224	7.198763
8110237	6.251602
8110253	5.645109
8110265	5.504342
8110289	7.215354
8110318	8.182359
8110327	7.057914
8110347	6.056957
8110362	7.667043
8110382	7.132118
8110392	8.023542
8110399	6.599482
8110408	7.376308
8110415	7.441589
8110417	5.698559
8110427	6.164432
8110430	7.264597
8110437	7.400871
8110450	8.797044
8110461	5.373307
8110463	4.427733
8110472	4.066042
8110478	4.661224
8110486	5.044205
8110491	4.297959
8110499	7.223474
8110518	5.752848
8110520	4.082711
8110522	10.44567
8110546	7.535709
8110562	6.051338
8110569	11.76177
8110587	2.212344
8110589	7.511956
8110604	5.300678
8110606	5.027108
8110616	3.36665
8110618	6.859904
8110620	3.577487
8110629	2.622657
8110631	6.446789
8110647	4.891785
8110649	6.243743
8110666	5.557392
8110668	5.52704
8110670	6.273428
8110672	5.499501
8110674	2.340425
8110676	4.54998
8110678	8.007271
8110681	6.133047
8110685	6.306038
8110688	5.850033
8110706	6.551538
8110708	6.086761
8110721	6.203299
8110734	6.648809
8110755	6.240968
8110783	6.639804
8110803	7.831613
8110821	6.562743
8110841	7.564706
8110858	8.572846
8110861	11.50819
8110865	5.745071
8110872	6.576534
8110880	2.064904
8110882	4.422698
8110886	6.088747
8110894	7.673736
8110914	10.17413
8110916	8.113072
8110920	4.156052
8110928	1.985074
8110930	5.409164
8110932	7.557252
8110960	3.748499
8110966	6.527343
8110971	6.088325
8110980	3.534278
8110982	8.609833
8110990	5.928375
8111017	2.617372
8111019	5.478997
8111099	8.62129
8111101	5.916839
8111118	2.984806
8111122	3.125478
8111124	2.991672
8111127	3.725203
8111129	6.616531
8111136	4.942324
8111151	3.943605
8111153	7.519485
8111197	2.868202
8111199	3.515921
8111201	4.339995
8111203	5.062366
8111210	12.13036
8111212	5.479884
8111214	5.685721
8111216	7.107716
8111218	3.53405
8111220	4.347865
8111234	3.441757
8111251	4.03595
8111253	2.527789
8111255	3.654585
8111269	2.025801
8111271	3.014353
8111284	3.816979
8111286	5.733183
8111327	3.394488
8111331	9.079706
8111339	7.747257
8111358	2.91856
8111360	7.560452
8111385	2.933225
8111387	4.706595
8111415	2.310648
8111417	4.79903
8111430	6.746503
8111443	5.549198
8111455	9.32325
8111457	6.631303
8111474	4.659412
8111490	3.361344
8111506	3.597681
8111512	3.432377
8111524	4.411525
8111533	6.445582
8111552	6.812608
8111569	3.243184
8111584	5.522961
8111627	5.826189
8111629	6.504668
8111668	2.578444
8111670	4.42069
8111677	6.010491
8111698	7.842896
8111739	5.210142
8111757	3.751515
8111772	8.070326
8111788	5.040088
8111796	8.469459
8111812	7.416252
8111814	7.083063
8111821	3.764372
8111864	3.416206
8111887	3.901902
8111892	5.091946
8111913	4.653343
8111915	6.258035
8111922	5.172109
8111925	4.147058
8111930	5.072334
8111932	4.845008
8111941	8.004172
8111952	4.948829
8111960	2.788504
8111974	7.381972
8111989	6.415594
8111991	2.706357
8111993	4.518169
8111998	4.345958
8112007	5.292402
8112014	2.852893
8112016	2.726474
8112020	6.455291
8112033	5.493406
8112041	5.77323
8112043	5.614407
8112045	3.155077
8112053	3.564347
8112070	5.787276
8112072	6.518288
8112081	7.143965
8112107	7.901773
8112121	6.763462
8112139	8.745768
8112157	4.450198
8112159	4.206854
8112174	7.172517
8112176	5.873188
8112178	4.62499
8112180	2.217713
8112182	7.733497
8112196	3.163421
8112198	3.153382
8112202	9.015641
8112220	6.154151
8112256	4.380002
8112258	3.308911
8112260	4.174438
8112274	7.80017
8112285	3.824895
8112302	7.91177
8112306	2.905073
8112310	2.841693
8112312	6.32899
8112327	6.582075
8112329	2.214424
8112331	6.27536
8112333	5.142481
8112335	5.05338
8112337	6.361624
8112342	3.502471
8112376	3.43521
8112388	6.540078
8112407	2.688293
8112409	4.989589
8112422	5.036286
8112424	2.194849
8112426	2.875988
8112428	3.673161
8112433	6.276271
8112435	7.130494
8112437	2.896964
8112439	6.555626
8112458	5.28365
8112469	9.346126
8112476	7.010784
8112478	6.78874
8112491	8.05913
8112519	6.045034
8112521	6.702213
8112538	5.70658
8112558	9.401701
8112560	10.74722
8112564	9.363325
8112570	6.940894
8112582	3.537981
8112584	5.342726
8112592	5.471413
8112596	5.660519
8112607	2.115111
8112611	3.514272
8112613	6.429655
8112615	7.509237
8112622	6.973177
8112647	2.104747
8112649	4.948649
8112664	2.165644
8112666	4.939606
8112668	7.139091
8112672	3.649253
8112687	8.982075
8112709	5.576945
8112724	4.672284
8112726	6.204485
8112728	9.795027
8112731	3.09592
8112740	7.88097
8112746	6.948701
8112761	3.160421
8112763	5.860178
8112767	8.895849
8112772	8.325861
8112801	3.20141
8112803	7.614244
8112807	5.46287
8112822	4.751916
8112841	6.004148
8112857	4.883787
8112865	9.702753
8112881	6.312624
8112883	7.305352
8112886	4.04593
8112888	5.056244
8112890	5.808944
8112892	7.730747
8112894	5.299099
8112896	2.675732
8112902	5.919684
8112914	8.658367
8112916	13.72146
8112918	6.761655
8112920	4.272357
8112940	7.529885
8112959	5.058963
8112961	7.45028
8112967	7.390879
8112971	2.899305
8112980	3.388641
8112994	7.591695
8112996	2.564113
8112998	3.612625
8113003	4.56186
8113006	3.540001
8113008	5.145377
8113010	6.328471
8113023	7.307706
8113035	5.29911
8113037	2.229489
8113039	5.530353
8113050	4.389691
8113059	5.201581
8113064	6.855734
8113071	6.79672
8113073	11.39321
8113083	7.180793
8113094	6.622856
8113097	4.728354
8113103	4.638419
8113113	3.532883
8113120	11.85042
8113122	3.709701
8113124	2.384142
8113130	5.139756
8113157	6.961669
8113202	2.836487
8113214	7.496992
8113220	7.806276
8113232	2.374171
8113234	3.557432
8113250	6.825898
8113274	2.524657
8113276	1.876409
8113278	4.678041
8113286	4.919257
8113299	3.520633
8113301	2.769691
8113303	2.198478
8113305	6.721231
8113342	2.851385
8113344	4.736627
8113346	3.636218
8113348	5.133558
8113350	2.066062
8113352	2.778273
8113354	2.043235
8113356	3.884327
8113358	5.694514
8113367	5.668638
8113369	4.66695
8113385	2.613519
8113403	4.340078
8113413	5.649246
8113421	4.778456
8113427	2.262567
8113429	2.49643
8113431	3.568566
8113433	6.113396
8113443	5.208402
8113445	7.071321
8113467	5.796538
8113469	7.85589
8113481	4.499638
8113483	4.220761
8113489	4.680708
8113491	5.524123
8113502	5.205797
8113504	4.528957
8113512	6.867829
8113542	8.071179
8113551	6.557139
8113573	4.796296
8113577	4.325541
8113591	7.150626
8113602	3.73083
8113614	4.930654
8113616	8.408873
8113623	6.777178
8113641	4.971951
8113651	6.274963
8113658	6.193816
8113660	6.849144
8113664	3.144715
8113666	4.256613
8113689	2.206045
8113691	6.251521
8113699	5.601564
8113703	3.131305
8113705	3.074654
8113709	3.957198
8113717	3.979487
8113724	6.713036
8113726	7.526201
8113733	6.536929
8113759	3.71902
8113761	6.010258
8113771	6.151313
8113773	7.904509
8113782	2.131968
8113784	4.926862
8113786	2.182591
8113788	2.230348
8113790	7.394351
8113796	5.850721
8113800	5.147583
8113871	2.622502
8113873	7.132278
8113879	6.922052
8113881	6.270954
8113914	8.056276
8113936	5.184585
8113938	4.647269
8113981	7.074139
8114002	5.902894
8114006	5.724322
8114010	7.908763
8114023	3.291088
8114030	5.822807
8114050	8.620521
8114068	8.001935
8114080	5.840827
8114083	9.797662
8114111	4.660151
8114113	4.854633
8114119	5.843296
8114136	2.002225
8114138	7.361991
8114145	6.879523
8114152	6.759552
8114158	9.908633
8114171	3.540059
8114185	5.058057
8114191	3.658056
8114193	8.090276
8114203	2.349858
8114205	2.345943
8114207	4.736627
8114209	4.368733
8114211	9.699656
8114213	3.483598
8114215	9.51089
8114225	9.166968
8114239	4.929566
8114245	5.544413
8114249	5.203018
8114256	4.401926
8114263	4.229532
8114270	3.734563
8114273	3.492298
8114287	6.016105
8114300	5.421331
8114320	8.21158
8114326	7.084012
8114352	2.377903
8114354	2.931975
8114363	2.348725
8114365	7.309109
8114396	6.754683
8114415	3.349563
8114425	4.158272
8114443	7.259348
8114455	8.936321
8114468	4.677688
8114470	4.207149
8114476	6.310318
8114489	4.268723
8114491	6.502204
8114511	6.304227
8114518	5.754317
8114526	4.918022
8114536	7.721789
8114546	6.617648
8114548	2.419118
8114550	6.898273
8114567	6.797655
8114572	6.94475
8114581	2.082674
8114583	6.798899
8114593	6.910499
8114612	6.628661
8114618	6.556194
8114625	5.574208
8114628	7.011557
8114643	5.156811
8114645	5.947146
8114647	5.748289
8114653	6.927829
8114658	8.922955
8114691	7.890756
8114709	6.071366
8114733	6.452078
8114767	8.960204
8114778	7.275323
8114780	4.719236
8114787	7.119782
8114797	5.072833
8114805	4.624758
8114812	3.925311
8114814	7.362488
8114829	7.391901
8114843	5.455369
8114845	5.391021
8114856	4.575187
8114861	7.655307
8114896	4.121053
8114900	5.015571
8114918	4.48748
8114920	5.788624
8114938	3.386355
8114964	9.710164
8114970	3.58424
8114977	4.556076
8114991	7.752383
8115010	3.722092
8115012	4.734635
8115014	6.02135
8115022	10.05146
8115037	2.296251
8115039	4.686394
8115041	3.788149
8115064	4.276444
8115066	4.943887
8115068	4.729954
8115074	2.161992
8115076	6.19822
8115099	5.58156
8115122	6.131258
8115144	5.52767
8115147	8.715485
8115158	9.064595
8115164	4.985353
8115166	3.713941
8115168	7.845198
8115181	7.700134
8115196	5.219542
8115205	3.770707
8115210	9.68154
8115234	6.74169
8115261	9.067328
8115274	4.038835
8115287	4.796536
8115300	3.203575
8115302	6.227914
8115327	5.186767
8115340	2.270839
8115342	2.816326
8115346	6.965238
8115355	4.425801
8115368	4.116314
8115375	5.87874
8115391	5.50116
8115395	3.424164
8115397	4.609368
8115410	5.353906
8115441	3.997425
8115443	2.878636
8115445	4.544159
8115455	3.99808
8115464	4.934002
8115476	6.726038
8115481	4.696254
8115487	5.294011
8115490	6.213676
8115516	3.765563
8115524	9.88544
8115543	4.334267
8115562	8.48089
8115570	5.549538
8115580	7.689978
8115584	6.556742
8115594	5.296667
8115600	3.762131
8115606	7.657841
8115623	9.00626
8115651	4.178927
8115664	5.266134
8115666	5.407417
8115673	2.771727
8115675	2.355037
8115677	2.47601
8115679	4.228108
8115681	7.63043
8115689	3.844489
8115691	5.862093
8115730	4.91434
8115732	4.68534
8115734	7.051308
8115756	5.034904
8115765	8.73664
8115783	8.237878
8115806	7.969024
8115812	6.933381
8115814	7.590934
8115828	2.473269
8115831	11.31487
8115836	1.965446
8115838	4.514967
8115840	6.896812
8115847	6.886265
8115849	6.561964
8115851	4.558142
8115863	2.567068
8115865	7.562198
8115871	4.821111
8115875	4.242158
8115884	5.310487
8115886	7.152304
8115895	6.848053
8115907	6.467152
8115918	9.520451
8115927	6.587209
8115939	5.845524
8115941	6.140255
8115948	6.716731
8115957	5.728581
8115978	5.780638
8115997	7.921182
8116012	6.930604
8116020	8.25913
8116031	6.633876
8116033	5.938034
8116051	6.671634
8116070	6.485293
8116086	6.434839
8116096	7.735937
8116113	6.618061
8116128	5.007105
8116130	5.015244
8116162	6.832294
8116168	6.843544
8116174	2.6899
8116177	6.527296
8116195	7.05813
8116227	7.490669
8116245	6.059138
8116247	6.513638
8116253	4.839802
8116272	6.086686
8116295	2.140758
8116297	9.883523
8116313	5.124538
8116316	7.654864
8116335	6.446629
8116346	4.406186
8116348	7.275545
8116372	6.396058
8116384	5.577972
8116400	4.919833
8116402	7.414152
8116418	4.696823
8116439	6.585386
8116445	5.545215
8116479	3.980202
8116482	4.550655
8116484	8.965399
8116494	7.921529
8116500	4.972152
8116502	5.97007
8116504	5.872301
8116520	10.70446
8116530	5.805781
8116532	9.936127
8116534	6.377013
8116537	5.104977
8116545	4.340875
8116548	6.227428
8116559	5.695037
8116571	5.404579
8116573	4.219052
8116577	2.702185
8116579	8.605297
8116582	5.477991
8116585	7.255209
8116589	2.772184
8116591	8.137316
8116593	5.05652
8116595	6.624152
8116607	6.101381
8116610	5.480579
8116620	5.791382
8116622	7.012732
8116635	6.123867
8116649	7.002228
8116651	6.78582
8116653	7.002228
8116655	5.605958
8116658	6.261582
8116662	2.719553
8116664	7.836076
8116696	4.627481
8116707	4.507846
8116710	8.438772
8116722	4.020342
8116724	5.762938
8116734	4.748353
8116740	7.858968
8116760	5.021174
8116780	9.028431
8116807	6.26522
8116818	5.473938
8116827	3.591164
8116829	2.35169
8116831	4.555295
8116835	4.908151
8116846	5.837784
8116848	5.032078
8116859	7.203011
8116867	7.890741
8116874	3.230405
8116904	2.665375
8116906	2.615253
8116908	5.003821
8116910	7.077401
8116921	6.091567
8116929	9.2698
8116932	5.629771
8116952	7.681503
8116954	2.292803
8116956	6.296571
8116969	5.606817
8116980	4.35156
8116983	7.867208
8116992	7.769925
8116994	5.150407
8116996	4.092406
8116998	8.189283
8117018	7.639284
8117020	9.20676
8117032	6.36957
8117034	5.286217
8117045	3.825107
8117054	5.402859
8117071	7.749579
8117077	2.654734
8117079	7.130357
8117081	6.203608
8117106	7.562771
8117118	4.666789
8117120	7.945371
8117126	2.364007
8117128	5.290956
8117138	2.911925
8117140	6.926772
8117161	3.737483
8117165	9.221166
8117172	6.654442
8117176	7.59365
8117178	4.800355
8117187	3.615264
8117189	4.587509
8117192	2.382535
8117194	6.402721
8117207	6.653218
8117219	5.786814
8117225	6.433701
8117237	9.221344
8117239	3.59868
8117241	4.675385
8117243	6.847472
8117284	5.65781
8117286	5.014969
8117288	3.315803
8117301	3.997869
8117304	3.72374
8117321	7.077806
8117330	6.788026
8117334	6.900016
8117339	5.673903
8117343	5.924625
8117368	8.137044
8117372	9.956122
8117377	8.954151
8117382	8.407449
8117389	5.7822
8117395	8.197484
8117402	9.059901
8117408	8.196887
8117415	5.033194
8117422	5.951751
8117426	7.138221
8117429	4.599289
8117435	6.865436
8117447	6.895006
8117458	6.748093
8117470	4.507631
8117476	5.909209
8117485	8.068424
8117498	4.920668
8117510	6.852929
8117520	2.169047
8117522	5.975733
8117529	3.280627
8117531	5.379649
8117533	7.325938
8117535	7.412552
8117537	6.112098
8117543	5.863822
8117547	5.737689
8117561	3.488292
8117563	4.773125
8117565	6.176101
8117567	3.957419
8117572	4.616607
8117576	2.634832
8117578	2.060184
8117580	5.244556
8117583	6.150812
8117589	5.714541
8117594	5.818471
8117598	6.709195
8117600	5.302986
8117608	4.780277
8117614	5.627873
8117620	6.216645
8117622	3.821113
8117624	3.682308
8117626	6.018948
8117628	3.927406
8117630	6.535885
8117640	5.37195
8117646	5.433186
8117653	5.978122
8117655	5.736259
8117663	3.462807
8117667	4.388773
8117675	4.250049
8117685	5.675832
8117696	4.908832
8117698	6.091651
8117700	3.761014
8117707	5.200644
8117712	3.043383
8117714	3.858036
8117716	3.576926
8117718	2.891089
8117720	4.289342
8117722	3.585322
8117724	3.374772
8117727	4.954241
8117732	4.266852
8117739	7.012208
8117741	6.35168
8117746	5.853582
8117748	5.336018
8117760	7.955773
8117773	6.24396
8117777	10.73323
8117800	11.57532
8117809	4.587453
8117813	11.62519
8117822	5.286621
8117834	7.710538
8117840	6.096661
8117849	6.733586
8117861	6.67913
8117869	6.340518
8117881	7.329869
8117888	8.187799
8117890	11.11249
8117900	9.148808
8117922	6.703322
8117929	7.762113
8117955	7.104767
8117965	5.764047
8117987	6.378584
8117995	9.194683
8118005	3.654718
8118007	5.775589
8118023	5.533405
8118028	6.755214
8118061	4.468257
8118069	13.13246
8118076	5.058259
8118086	4.920902
8118093	5.90801
8118098	6.082077
8118100	5.667269
8118111	8.059341
8118116	6.870188
8118124	6.343504
8118127	6.629858
8118137	5.051429
8118142	6.226664
8118147	6.787008
8118149	7.4813
8118158	4.963731
8118174	7.499248
8118207	6.504524
8118209	5.953654
8118216	4.078928
8118218	9.894088
8118228	6.196444
8118235	5.96848
8118242	5.113257
8118249	6.140268
8118259	5.678764
8118293	5.256484
8118302	7.384769
8118310	12.52056
8118314	11.8858
8118319	7.14688
8118322	7.86583
8118324	6.973066
8118345	8.175512
8118367	6.377923
8118395	6.289433
8118409	5.937536
8118455	5.937536
8118498	6.11766
8118509	6.068443
8118535	7.322855
8118544	6.584837
8118548	9.267604
8118556	6.905465
8118564	6.902885
8118571	6.476761
8118580	9.763571
8118594	8.318983
8118607	4.942852
8118611	2.392888
8118613	7.776891
8118622	6.78916
8118632	5.898448
8118634	7.09714
8118644	9.660388
8118655	7.460129
8118661	5.834745
8118667	9.35332
8118669	5.003115
8118682	7.539374
8118696	5.863717
8118721	6.220841
8118724	5.558144
8118726	6.263705
8118734	7.217885
8118794	8.601163
8118804	6.382435
8118818	2.553174
8118820	3.073978
8118822	3.550712
8118824	5.767946
8118826	6.359484
8118833	5.528392
8118861	4.234763
8118863	8.448304
8118890	5.553686
8118915	6.662374
8118932	6.860408
8118945	8.029898
8118963	6.350998
8118974	8.358711
8118979	3.160802
8118981	5.101445
8118990	5.581761
8118995	5.203932
8119000	6.712285
8119016	8.180949
8119034	7.327595
8119052	5.671491
8119067	7.759613
8119078	4.580892
8119080	9.78495
8119088	9.432755
8119096	4.530737
8119102	4.581882
8119107	6.553704
8119109	8.316153
8119124	6.215761
8119132	6.247156
8119153	9.629177
8119159	6.690761
8119161	9.897417
8119169	6.85262
8119184	5.596503
8119196	4.20117
8119198	7.405244
8119223	3.004776
8119227	8.15206
8119235	6.756238
8119237	5.603406
8119239	2.575969
8119241	2.760607
8119243	3.544678
8119336	3.267918
8119338	5.547256
8119357	4.800255
8119386	5.294646
8119390	5.34423
8119394	3.955368
8119396	5.232068
8119403	4.313682
8119408	7.374419
8119423	5.947146
8119427	5.948243
8119435	6.549164
8119444	6.523725
8119466	7.051527
8119473	7.306862
8119490	2.462002
8119492	5.843331
8119503	6.953819
8119515	5.879275
8119525	5.438183
8119527	2.651502
8119529	8.132801
8119580	2.961005
8119582	6.400314
8119595	6.699831
8119599	6.083078
8119609	8.120139
8119620	5.290754
8119627	7.129589
8119648	8.615454
8119661	4.916372
8119670	6.716221
8119689	6.807649
8119712	8.521257
8119722	6.355208
8119765	6.889152
8119782	4.663023
8119799	3.091703
8119801	6.424197
8119827	2.022363
8119829	6.232433
8119842	6.907536
8119856	2.596837
8119858	6.352415
8119874	6.936295
8119882	3.691767
8119894	3.430578
8119896	6.229822
8119898	7.987858
8119915	5.310125
8119918	5.531196
8119926	7.779656
8119951	4.473739
8119974	7.297047
8119993	11.33716
8120004	4.673617
8120011	4.474441
8120022	6.898829
8120043	6.795904
8120057	7.889158
8120059	2.778132
8120061	7.89801
8120067	6.42263
8120082	3.698368
8120088	4.468815
8120102	9.242193
8120124	3.550127
8120135	4.128036
8120151	4.040357
8120163	2.904503
8120165	4.259558
8120176	4.560705
8120184	3.402312
8120194	4.548803
8120204	4.655732
8120206	3.573673
8120208	5.481367
8120210	6.719824
8120215	8.154015
8120222	6.267204
8120239	6.788053
8120247	4.422045
8120249	13.66002
8120251	6.803346
8120269	4.976715
8120271	4.583855
8120273	6.740129
8120275	3.652426
8120277	4.464492
8120279	7.891481
8120300	3.017583
8120315	2.823807
8120333	2.063811
8120335	7.651776
8120342	4.527053
8120350	2.748464
8120360	2.278591
8120362	2.729585
8120378	5.53539
8120382	6.606737
8120402	5.106073
8120411	5.218015
8120428	7.817847
8120431	8.395399
8120441	7.405301
8120460	3.680083
8120462	2.37965
8120464	3.303211
8120466	2.345148
8120468	3.847377
8120501	5.371675
8120552	7.846265
8120579	5.259865
8120585	7.337085
8120600	3.628978
8120602	6.300781
8120613	3.907776
8120654	4.178952
8120675	5.048768
8120679	3.382026
8120698	5.381028
8120715	2.530748
8120717	4.970536
8120719	3.377628
8120756	3.702328
8120758	6.918088
8120783	11.03621
8120820	6.349085
8120822	5.709865
8120824	2.56552
8120826	4.411955
8120833	10.09179
8120838	2.681021
8120860	8.220306
8120876	5.148015
8120878	3.843236
8120880	8.35465
8120883	6.410384
8120927	5.208775
8120932	4.807201
8120937	5.009425
8120943	7.704291
8120961	3.803797
8120967	4.374086
8120981	6.366376
8120983	4.193598
8120990	4.319545
8120992	9.137278
8121002	6.446477
8121009	3.946365
8121015	3.172017
8121031	6.858619
8121041	3.771348
8121043	5.955213
8121062	3.149477
8121064	4.004679
8121066	3.035792
8121076	10.08032
8121087	7.190188
8121095	5.59545
8121112	5.768488
8121116	2.862832
8121118	6.156491
8121130	5.172157
8121132	4.328041
8121134	2.75282
8121136	4.327001
8121138	3.712144
8121140	2.642322
8121142	3.65323
8121144	5.772365
8121152	5.421471
8121159	3.688847
8121161	8.018764
8121181	2.986554
8121193	3.789723
8121209	7.333639
8121212	5.676381
8121214	4.749791
8121216	6.88144
8121223	2.179389
8121225	3.503268
8121247	2.101237
8121249	2.804425
8121251	2.544796
8121255	2.957981
8121257	10.7418
8121273	5.242503
8121275	5.705144
8121277	9.544559
8121298	4.473685
8121300	5.754256
8121312	5.028259
8121317	3.266935
8121319	4.168127
8121330	3.499393
8121332	2.2676
8121334	3.865946
8121347	2.932677
8121349	5.241765
8121363	2.281977
8121365	6.916101
8121370	4.839561
8121390	3.126109
8121392	4.005784
8121405	6.339574
8121416	5.445415
8121418	6.974074
8121429	7.306226
8121454	6.513185
8121461	7.253493
8121485	2.331452
8121487	2.292673
8121489	7.07093
8121502	7.227221
8121508	2.339154
8121510	5.113687
8121515	5.681277
8121525	6.602084
8121532	4.871214
8121547	3.546441
8121553	3.554335
8121557	2.616103
8121559	4.380597
8121561	3.411024
8121563	9.6724
8121569	4.487991
8121578	6.579695
8121588	6.218536
8121596	6.39718
8121601	3.706929
8121605	3.3905
8121613	5.79837
8121622	3.622365
8121632	4.588979
8121649	3.366183
8121670	3.003728
8121672	4.575073
8121681	4.067097
8121683	4.112109
8121685	6.43793
8121704	8.172855
8121712	4.358807
8121725	3.344594
8121727	3.503213
8121729	2.621973
8121734	6.440989
8121739	4.959777
8121741	2.391701
8121743	9.894823
8121747	2.398844
8121749	5.953084
8121755	4.429294
8121757	6.14336
8121768	3.620793
8121782	10.84962
8121784	4.420424
8121794	5.883317
8121803	3.811421
8121814	3.992677
8121825	5.46877
8121838	7.088396
8121850	4.447266
8121861	5.747634
8121884	5.639683
8121886	7.082069
8121895	5.492171
8121911	2.859811
8121916	3.484488
8121927	7.08309
8121936	3.048792
8121943	2.65331
8121945	2.874483
8121947	3.445149
8121949	4.202902
8122013	5.663234
8122038	5.012739
8122045	4.523413
8122058	3.793082
8122071	4.560884
8122099	3.641027
8122125	2.673632
8122127	4.008941
8122129	3.622303
8122131	3.240015
8122136	8.173416
8122142	7.235676
8122144	6.573492
8122146	3.286604
8122150	4.501088
8122174	8.535326
8122176	4.888785
8122182	6.69718
8122196	6.804906
8122198	7.604569
8122200	3.963024
8122202	5.369677
8122222	5.129665
8122240	3.187574
8122242	5.855763
8122256	5.97886
8122259	5.489393
8122261	3.746083
8122263	1.88693
8122265	8.529243
8122277	3.726633
8122279	7.525832
8122317	10.11848
8122327	7.998047
8122334	5.273275
8122336	7.480334
8122343	8.198359
8122348	7.382049
8122365	8.856601
8122396	7.900663
8122405	4.633863
8122409	5.29949
8122426	9.051478
8122440	6.17864
8122452	2.860593
8122457	6.629345
8122464	6.034665
8122537	4.204974
8122552	4.121346
8122554	5.89528
8122561	3.195035
8122598	5.496697
8122600	9.235811
8122634	5.729665
8122637	10.04975
8122658	3.222285
8122660	6.871583
8122670	3.134542
8122672	9.116047
8122684	6.909892
8122689	7.236175
8122699	8.659588
8122701	4.064458
8122703	6.378152
8122705	6.610815
8122717	6.458235
8122720	3.90737
8122724	5.029173
8122732	5.363471
8122734	7.329982
8122740	6.17092
8122742	6.509616
8122744	5.044678
8122756	6.187187
8122773	6.554806
8122803	2.506609
8122805	2.334175
8122807	7.576582
8122818	6.495758
8122827	4.25922
8122840	5.073218
8122843	7.31337
8122856	4.791892
8122858	2.786345
8122860	4.143626
8122865	3.541178
8122877	1.796606
8122879	2.93181
8122881	2.109704
8122883	2.49537
8122885	3.115909
8122887	3.834154
8122909	7.689811
8122933	4.8748
8122966	4.780857
8122969	2.655084
8122971	6.983419
8122982	6.488671
8122986	10.56301
8123006	6.459479
8123038	5.903595
8123044	6.903156
8123060	5.016609
8123062	8.610821
8123080	5.601563
8123104	4.59421
8123129	7.610945
8123137	5.149628
8123148	9.087147
8123155	5.192064
8123176	3.696767
8123181	8.26445
8123230	6.01308
8123232	5.503488
8123246	4.103982
8123259	4.309751
8123274	9.250431
8123303	5.534891
8123313	2.513164
8123315	8.106933
8123334	5.954942
8123336	3.078743
8123338	2.104722
8123340	5.278731
8123342	6.617053
8123362	5.505979
8123364	5.085212
8123372	6.468787
8123374	5.255359
8123388	5.67692
8123398	5.333583
8123405	5.122423
8123407	9.41899
8123437	5.29831
8123446	5.028456
8123463	6.501446
8123467	5.941032
8123488	6.111094
8123494	7.518369
8123507	6.760342
8123520	6.366056
8123524	6.442452
8123558	5.441067
8123562	8.697256
8123579	5.326374
8123584	4.596531
8123598	8.783817
8123606	7.678743
8123609	6.001596
8123621	7.929309
8123637	5.625018
8123642	4.560645
8123644	6.741945
8123651	6.206206
8123658	7.212656
8123678	7.945144
8123685	3.288783
8123695	4.620707
8123714	4.386996
8123717	4.029839
8123726	5.12428
8123728	4.962904
8123737	5.515613
8123739	4.205344
8123744	4.915569
8123760	6.069604
8123763	6.067026
8123765	2.149644
8123767	8.686176
8123780	2.703323
8123800	5.937151
8123802	6.844334
8123819	4.465709
8123825	8.291883
8123843	3.159362
8123864	6.535423
8123876	3.997729
8123884	4.112581
8123889	3.03013
8123891	6.94883
8123893	4.108028
8123910	4.043103
8123920	3.840011
8123929	4.972486
8123936	6.383971
8123949	3.192788
8123951	7.522269
8123959	3.125602
8123961	6.886056
8123976	6.295812
8123981	4.751207
8123985	3.273221
8123989	10.111
8124008	6.853034
8124018	3.105355
8124020	4.540979
8124022	5.996284
8124036	2.660165
8124038	4.876249
8124040	6.347951
8124055	4.781084
8124057	3.949038
8124059	7.613213
8124082	8.397601
8124086	2.427356
8124088	6.658371
8124129	5.859226
8124134	6.004878
8124144	8.084066
8124156	2.144056
8124158	2.667086
8124160	2.205055
8124162	2.697659
8124164	3.802188
8124166	7.820833
8124181	1.953722
8124183	7.834592
8124185	3.059804
8124192	3.989064
8124194	4.754128
8124196	6.537247
8124211	4.84221
8124240	4.783737
8124262	8.958064
8124273	9.318228
8124280	5.564311
8124305	7.264835
8124307	4.504842
8124327	4.553713
8124329	2.38432
8124331	3.895343
8124335	4.988598
8124337	3.476163
8124351	3.784726
8124365	5.002844
8124380	6.193329
8124385	7.113542
8124388	5.315856
8124391	6.043921
8124394	4.714622
8124397	8.029583
8124402	6.655452
8124406	8.100328
8124413	7.922475
8124416	9.291203
8124423	8.524027
8124430	5.872616
8124433	3.934512
8124437	7.267142
8124440	4.856908
8124446	5.885584
8124448	9.191909
8124455	2.984057
8124457	3.328574
8124459	5.403431
8124467	5.379649
8124469	9.01743
8124484	7.257369
8124492	8.317405
8124495	4.203251
8124498	4.242684
8124500	3.171239
8124502	5.362812
8124510	4.778374
8124518	3.07655
8124521	7.072834
8124524	6.183277
8124527	5.53792
8124531	6.838995
8124534	4.793521
8124537	5.056569
8124540	5.134558
8124547	3.243942
8124549	3.207668
8124551	6.519516
8124553	5.143927
8124562	6.963319
8124574	4.213868
8124583	3.796825
8124588	4.100466
8124594	4.585943
8124604	3.151189
8124606	2.676385
8124608	4.179272
8124610	7.134209
8124622	3.998992
8124630	3.367783
8124632	3.646256
8124634	3.845484
8124636	2.929977
8124639	2.482856
8124645	3.488711
8124648	3.403986
8124650	6.450815
8124654	5.911637
8124684	5.311085
8124689	6.518503
8124691	4.978519
8124695	9.210855
8124707	7.233236
8124716	4.625139
8124726	7.481715
8124742	7.193892
8124756	8.049603
8124775	6.983784
8124798	6.351182
8124806	5.114985
8124813	5.2448
8124828	7.477422
8124846	3.199119
8124848	9.538739
8124855	7.174779
8124859	5.982574
8124862	6.422859
8124865	6.689826
8124868	6.977069
8124889	6.726745
8124897	5.890842
8124901	11.40455
8124911	11.39875
8124920	3.92972
8124922	3.11006
8124924	4.195231
8124926	8.705673
8124940	5.460261
8124942	5.38422
8124950	8.326003
8124955	6.230513
8124967	8.494096
8124994	7.337575
8124998	6.558728
8125007	5.24541
8125017	6.649446
8125038	5.972198
8125042	5.992655
8125048	6.639235
8125059	8.715025
8125072	6.008375
8125091	6.76862
8125123	6.366477
8125125	5.737956
8125134	5.611748
8125139	9.348473
8125149	10.21719
8125172	6.721951
8125201	6.338741
8125204	7.306157
8125220	5.866428
8125234	5.903054
8125289	6.033438
8125295	8.356543
8125316	6.08357
8125321	6.513933
8125328	6.904681
8125341	6.710355
8125360	7.054806
8125373	6.874296
8125383	6.636797
8125415	2.982269
8125426	6.134594
8125434	4.502652
8125436	9.020198
8125447	8.951431
8125461	5.731109
8125463	7.760601
8125470	4.877935
8125483	6.907263
8125500	7.16368
8125512	8.140489
8125527	4.56726
8125530	6.673682
8125537	7.493702
8125545	5.949172
8125556	9.212346
8125563	4.294999
8125568	7.245146
8125638	7.526645
8125649	8.247095
8125671	6.717687
8125687	8.20016
8125713	8.806611
8125731	7.404496
8125734	5.935428
8125748	8.455236
8125750	10.10562
8125752	8.558616
8125766	7.163897
8125772	6.002078
8125775	6.93425
8125780	5.829205
8125788	7.284137
8125798	6.467858
8125805	6.522434
8125818	7.049363
8125825	7.806291
8125835	8.476775
8125843	5.985662
8125850	8.386807
8125859	6.619368
8125870	4.87602
8125887	8.108748
8125903	5.927765
8125919	6.337302
8125936	5.580594
8125941	7.646044
8125959	4.334104
8125980	5.962178
8125993	6.23366
8126007	2.343159
8126016	2.316906
8126018	9.614821
8126033	5.992032
8126035	5.148292
8126058	6.283558
8126066	8.219364
8126086	5.063319
8126093	3.856445
8126095	6.359828
8126102	4.675546
8126119	3.421791
8126121	7.657792
8126135	7.373321
8126145	4.921957
8126147	6.645888
8126153	6.385603
8126163	4.940344
8126173	5.75352
8126184	4.222708
8126212	6.806179
8126214	5.558278
8126238	3.249655
8126240	4.761297
8126244	4.342606
8126248	4.448012
8126259	6.700436
8126269	5.354327
8126279	4.909519
8126288	5.950677
8126296	4.901718
8126301	7.784853
8126303	6.054656
8126310	4.390652
8126312	5.476094
8126324	5.220062
8126337	6.140245
8126347	5.674134
8126360	7.332658
8126369	4.023258
8126371	7.280356
8126379	9.140018
8126382	9.484354
8126387	5.550566
8126394	9.301417
8126402	7.312368
8126428	7.715898
8126432	2.568184
8126434	2.506731
8126436	5.182697
8126442	6.74296
8126446	5.699752
8126450	9.458797
8126452	6.490897
8126474	7.999425
8126482	5.83423
8126484	5.434644
8126486	6.795222
8126512	7.412795
8126524	7.036541
8126531	5.792181
8126542	5.035397
8126556	5.911501
8126566	6.232768
8126574	9.205853
8126588	6.106216
8126629	9.491971
8126646	7.679955
8126653	7.615702
8126658	6.562889
8126666	7.804918
8126674	4.780617
8126681	6.161169
8126705	3.109356
8126710	4.617968
8126729	5.675255
8126750	5.346439
8126760	5.886772
8126770	5.043759
8126784	6.01993
8126798	4.211734
8126820	11.45128
8126839	9.627769
8126853	4.198793
8126855	5.528332
8126860	7.303915
8126878	4.440871
8126891	5.200399
8126905	13.15628
8126916	5.001242
8126920	3.710724
8126931	2.073418
8126934	2.286131
8126937	4.985579
8126939	2.378641
8126943	2.942986
8126946	3.126784
8126948	5.5908
8126950	5.0485
8126952	9.846098
8126954	7.374847
8127024	5.282699
8127031	6.491112
8127051	5.169898
8127065	3.422117
8127072	4.942852
8127079	3.55651
8127087	4.262892
8127094	4.57879
8127107	3.939374
8127109	6.574434
8127128	7.558362
8127130	3.652335
8127141	3.118145
8127143	3.046765
8127145	7.938713
8127156	3.830664
8127158	9.485933
8127177	4.914426
8127180	3.348609
8127193	3.426237
8127201	4.454074
8127234	7.449604
8127346	5.221415
8127360	4.935655
8127362	2.501537
8127364	5.972239
8127370	4.023174
8127380	4.089255
8127391	2.634832
8127393	2.780145
8127396	3.312001
8127399	3.553357
8127408	2.41109
8127419	6.964847
8127421	5.624886
8127423	10.12617
8127425	9.267138
8127446	5.619304
8127484	5.027961
8127496	3.349039
8127498	5.560678
8127500	4.157536
8127502	5.517944
8127507	4.79061
8127509	2.161992
8127511	5.023193
8127522	3.891257
8127526	8.64594
8127532	6.054852
8127534	4.754228
8127542	6.510504
8127544	7.3093
8127549	8.477666
8127563	4.440405
8127629	7.687597
8127637	9.528591
8127646	3.872004
8127656	2.781159
8127658	7.157674
8127660	5.55926
8127662	4.498064
8127664	2.820457
8127666	3.769435
8127686	3.400118
8127688	1.9152
8127690	7.650747
8127692	5.531887
8127696	4.592046
8127698	7.909794
8127743	5.939416
8127752	3.518711
8127754	4.871575
8127756	4.703033
8127767	3.108574
8127776	2.805317
8127778	7.013606
8127787	7.614683
8127822	5.350136
8127824	4.176094
8127841	6.177544
8127854	6.764412
8127872	4.825791
8127903	4.674232
8127932	4.050184
8127943	7.430003
8127977	7.307877
8127987	8.546523
8127989	8.365516
8127991	3.444065
8127993	2.260907
8127997	2.165413
8127999	3.69731
8128001	3.792241
8128007	3.501901
8128013	6.945432
8128034	8.438799
8128043	3.670569
8128052	5.688254
8128079	3.717102
8128087	3.773611
8128099	5.566169
8128109	4.13139
8128111	7.259883
8128123	6.596362
8128133	6.145376
8128138	6.402512
8128245	2.123955
8128247	4.91499
8128258	6.945279
8128260	7.023895
8128282	3.266804
8128284	4.1136
8128308	4.732677
8128310	2.168268
8128312	5.612165
8128314	3.035008
8128316	3.66504
8128322	4.915245
8128329	4.053644
8128356	6.239029
8128371	5.447694
8128383	4.536166
8128394	8.387037
8128409	4.990721
8128429	8.822477
8128445	2.153869
8128447	4.11704
8128459	3.880453
8128472	7.499258
8128522	7.250518
8128549	4.594807
8128553	4.448039
8128565	3.95676
8128572	7.172934
8128592	7.725282
8128604	5.366503
8128606	5.253247
8128618	2.575073
8128620	5.36767
8128624	5.152975
8128626	5.49883
8128638	5.905379
8128650	8.813883
8128667	6.935467
8128669	6.420883
8128683	7.436861
8128695	2.900332
8128698	7.166889
8128712	5.633626
8128714	3.398441
8128716	10.40274
8128726	4.416372
8128737	5.859071
8128767	5.811783
8128777	3.849566
8128788	4.606132
8128795	5.778709
8128818	3.767347
8128837	3.17401
8128843	4.511241
8128850	3.547748
8128865	6.252995
8128867	7.377947
8128886	6.138296
8128888	3.427517
8128890	5.088705
8128892	3.282529
8128894	5.138386
8128934	2.501537
8128936	2.572893
8128939	8.084741
8128954	1.965361
8128956	5.899375
8128977	6.013952
8128991	4.646889
8129037	5.433825
8129039	5.48867
8129043	3.568526
8129045	8.123989
8129062	6.145813
8129067	4.140618
8129069	3.599354
8129071	8.469968
8129082	4.920609
8129087	4.321205
8129089	6.731394
8129095	7.261821
8129097	5.135631
8129099	9.190622
8129105	3.947874
8129108	4.512403
8129120	7.343586
8129125	2.885688
8129134	3.233904
8129179	2.80916
8129181	7.148979
8129193	4.912083
8129214	5.428483
8129218	5.429548
8129231	4.042709
8129254	7.551678
8129271	2.399267
8129273	4.772053
8129309	3.514798
8129311	2.819417
8129313	2.201117
8129317	9.753135
8129330	2.705685
8129363	7.021464
8129375	6.532207
8129377	3.643624
8129379	7.659045
8129390	4.767811
8129392	3.431367
8129410	4.703472
8129418	8.183534
8129454	5.395329
8129456	4.13048
8129458	6.27036
8129476	3.550661
8129482	3.842784
8129497	4.942833
8129522	7.536815
8129558	5.333974
8129560	5.013715
8129562	8.017906
8129573	3.212701
8129590	7.889844
8129604	3.924406
8129608	3.331791
8129610	3.135561
8129615	5.2287
8129618	5.36903
8129627	3.939025
8129637	5.654234
8129649	6.434474
8129666	5.087467
8129675	7.081606
8129677	7.035363
8129693	3.558407
8129695	4.229995
8129706	7.333797
8129728	6.214453
8129761	2.501348
8129763	3.307749
8129773	7.931556
8129783	7.882366
8129804	8.158078
8129835	2.855281
8129837	6.863912
8129848	3.664943
8129861	8.198248
8129872	5.018076
8129876	4.156124
8129880	9.960226
8129888	7.414642
8129899	2.713849
8129901	7.825535
8129924	4.431982
8129937	9.967483
8129943	4.437087
8129947	4.561916
8129953	8.90379
8129963	7.377482
8129974	6.579025
8129985	7.424977
8130003	6.38524
8130009	8.063356
8130011	4.24959
8130013	4.433711
8130027	3.489549
8130032	7.763564
8130038	6.389674
8130071	9.85245
8130073	7.342021
8130087	6.407146
8130102	5.504587
8130116	7.156639
8130129	7.123407
8130142	6.895526
8130151	4.046818
8130163	6.815355
8130173	6.498691
8130176	5.486059
8130181	3.968553
8130183	2.876764
8130185	6.248329
8130191	4.802744
8130209	2.580415
8130211	5.759262
8130370	3.517447
8130372	4.383295
8130374	4.55137
8130383	6.216283
8130394	6.411016
8130401	2.493505
8130403	6.78354
8130406	2.698197
8130408	6.312994
8130422	7.834136
8130436	3.754904
8130438	5.599629
8130447	4.162912
8130462	7.53949
8130464	7.090062
8130470	7.612135
8130472	2.400283
8130474	6.287093
8130495	2.165136
8130497	2.346927
8130499	7.726229
8130505	10.47962
8130522	4.661565
8130528	6.904422
8130539	5.687654
8130553	4.944883
8130556	9.569999
8130565	5.962957
8130567	10.64665
8130578	8.030688
8130580	6.618229
8130582	4.175357
8130598	5.06723
8130608	5.271396
8130622	8.128605
8130624	8.172968
8130626	4.549768
8130628	5.019738
8130641	4.795481
8130645	5.406239
8130660	5.498819
8130662	2.978678
8130664	3.25205
8130674	6.72153
8130701	2.653185
8130703	5.754475
8130715	7.130938
8130720	6.533833
8130732	8.041458
8130739	6.922554
8130765	7.022577
8130768	7.362321
8130783	5.258497
8130785	5.727183
8130787	5.309197
8130803	5.203243
8130807	6.38266
8130811	5.366364
8130817	5.953159
8130824	5.947839
8130827	5.826752
8130837	5.494555
8130859	6.422247
8130867	5.853973
8130891	5.985404
8130916	7.875979
8130927	4.56426
8130934	4.095078
8130939	5.814179
8130952	6.631839
8130962	7.823276
8130976	5.203243
8130980	6.38266
8130982	5.366364
8130988	7.009278
8130993	5.842682
8130997	4.757038
8131000	6.855841
8131013	8.681746
8131042	6.080183
8131044	8.717709
8131056	7.64168
8131067	5.072003
8131069	5.613584
8131087	8.123796
8131091	6.907736
8131096	5.205059
8131098	6.818098
8131101	6.624392
8131111	7.840166
8131135	7.405114
8131140	5.84084
8131143	5.739239
8131155	7.192205
8131179	6.736368
8131195	6.830534
8131203	3.442984
8131205	6.185471
8131253	6.553914
8131263	4.66994
8131265	6.778504
8131286	5.835222
8131292	6.233885
8131296	7.337493
8131301	3.477084
8131303	8.159652
8131324	4.923416
8131326	5.847058
8131335	2.584673
8131337	5.981849
8131339	7.863889
8131349	5.559365
8131356	7.475186
8131374	6.52454
8131379	6.93258
8131381	3.795331
8131385	4.603539
8131387	6.268848
8131406	7.864162
8131412	4.742007
8131414	6.588493
8131427	6.407094
8131438	7.213486
8131441	5.170276
8131444	6.054573
8131452	3.894029
8131475	7.126337
8131479	7.577405
8131494	3.81639
8131496	7.336992
8131506	5.226037
8131512	7.195679
8131515	3.436576
8131519	6.750804
8131539	9.671229
8131550	7.402192
8131573	6.218507
8131581	5.388435
8131583	6.488277
8131600	9.050854
8131612	4.016314
8131614	9.339933
8131631	5.213276
8131661	8.470154
8131666	10.23557
8131682	2.962028
8131703	2.99426
8131705	5.416434
8131707	4.098545
8131709	6.384682
8131719	4.287221
8131801	3.309593
8131803	3.981235
8131811	10.08705
8131813	8.83976
8131815	6.085952
8131831	5.778039
8131844	7.821829
8131860	6.467097
8131869	8.19924
8131871	6.557301
8131881	6.834461
8131890	3.486473
8131917	6.137574
8131919	4.935004
8131925	2.270573
8131927	4.816926
8131942	5.955798
8131944	6.433383
8131949	7.351696
8131957	6.421185
8131965	7.081881
8131967	4.867728
8131970	6.898625
8131975	10.60832
8131996	5.008011
8132013	6.135782
8132031	8.091695
8132034	3.488293
8132036	5.628138
8132043	3.182445
8132045	8.053201
8132055	6.623459
8132062	9.028614
8132070	7.379748
8132092	5.874616
8132097	5.152498
8132118	4.80605
8132130	5.508147
8132151	4.428828
8132167	4.198196
8132182	4.737795
8132188	7.268299
8132209	8.147612
8132212	2.459023
8132214	6.489956
8132218	5.969223
8132245	4.393133
8132248	5.678242
8132250	4.607796
8132270	4.207377
8132286	3.785134
8132288	2.459023
8132290	6.499494
8132292	7.230468
8132302	5.645884
8132305	7.000547
8132318	3.983915
8132343	3.40675
8132345	2.105961
8132347	4.086658
8132349	2.968291
8132369	5.235768
8132376	5.946863
8132387	5.407969
8132399	5.479579
8132404	4.430357
8132406	7.902947
8132413	2.742316
8132415	2.688656
8132417	8.373713
8132439	4.429479
8132458	6.731187
8132463	2.926529
8132465	3.962924
8132493	3.899493
8132503	8.060551
8132513	5.58811
8132515	8.537303
8132523	6.729422
8132531	6.172194
8132539	9.05545
8132557	6.594206
8132580	8.213428
8132589	8.938587
8132592	8.337029
8132617	7.102954
8132642	7.162004
8132646	6.22396
8132660	6.923765
8132667	5.544946
8132690	6.116289
8132692	3.557806
8132694	6.845124
8132705	3.582232
8132707	5.128203
8132710	4.406466
8132715	4.529731
8132725	6.951309
8132743	6.265336
8132803	4.277351
8132805	7.436187
8132811	2.777001
8132813	3.165484
8132819	5.553155
8132830	5.637539
8132832	6.100191
8132838	4.546253
8132840	5.41045
8132843	5.102505
8132845	3.443343
8132849	4.83595
8132851	5.093328
8132856	1.881882
8132858	6.29963
8132860	7.475279
8132897	7.237937
8132909	5.036342
8132911	3.001189
8132913	4.896203
8132915	3.780801
8132917	4.363507
8132922	5.850444
8132929	6.704761
8132943	7.999181
8132960	3.885008
8132962	4.942852
8132964	7.958837
8132978	8.639437
8132980	6.664299
8132984	3.266935
8132986	2.638193
8132988	2.161157
8132990	2.22376
8132992	6.278646
8132994	2.712338
8132996	2.65195
8132998	7.822869
8133000	2.056077
8133002	2.064904
8133004	3.164319
8133006	2.109584
8133008	2.138152
8133010	2.150545
8133012	6.775024
8133014	2.560318
8133016	2.536543
8133018	4.306264
8133021	4.967243
8133023	3.365054
8133027	8.160075
8133030	7.472395
8133032	3.876908
8133034	4.587516
8133036	3.309889
8133038	5.766759
8133040	2.050179
8133042	3.091333
8133049	6.366649
8133057	5.931954
8133062	5.662156
8133070	8.818858
8133072	4.883984
8133074	7.098658
8133085	3.021304
8133089	5.370878
8133095	7.289035
8133106	8.720389
8133108	4.883984
8133110	5.652321
8133112	4.655473
8133114	7.078376
8133119	4.924627
8133122	7.248631
8133145	7.283914
8133155	7.027791
8133163	4.208768
8133165	4.946209
8133167	5.66048
8133176	9.19371
8133187	2.234404
8133189	3.434954
8133192	8.680844
8133200	6.06111
8133202	5.935671
8133209	6.773448
8133215	5.872807
8133219	9.078721
8133221	6.226467
8133223	3.384675
8133225	2.330189
8133227	1.930868
8133229	2.935609
8133231	2.854275
8133233	5.46665
8133258	5.190578
8133273	8.33867
8133275	7.609001
8133293	4.572862
8133300	9.654502
8133309	8.382757
8133314	6.658696
8133326	5.901515
8133331	7.018045
8133335	7.249962
8133339	7.977847
8133345	7.809181
8133360	8.911774
8133366	5.594795
8133372	6.970315
8133413	7.531622
8133434	9.585656
8133442	6.583775
8133459	6.761436
8133477	7.749984
8133500	5.557006
8133504	8.784679
8133518	6.510345
8133531	8.862144
8133540	8.062841
8133549	6.968407
8133571	6.535134
8133582	6.307184
8133590	6.408877
8133600	6.474902
8133610	8.029696
8133623	4.4951
8133625	6.197842
8133633	6.995148
8133654	6.293971
8133662	8.945291
8133670	8.584469
8133688	6.004922
8133690	9.172054
8133702	2.319675
8133704	6.862447
8133721	12.54738
8133728	3.963388
8133736	8.243353
8133741	10.39398
8133750	2.68048
8133752	7.772594
8133754	9.610123
8133770	5.984072
8133788	7.805132
8133809	6.717648
8133818	7.264441
8133847	3.603354
8133854	2.518569
8133856	3.594105
8133858	2.853831
8133860	4.422565
8133872	3.995746
8133874	8.286836
8133876	4.353035
8133896	11.95634
8133898	2.477607
8133900	4.017479
8133902	6.987086
8133904	3.587355
8133914	7.317677
8133938	8.386027
8133959	3.163689
8133961	3.138289
8133976	3.391263
8133983	5.976626
8134018	3.957115
8134024	4.360045
8134026	4.627842
8134030	4.438696
8134036	8.07814
8134051	4.281643
8134077	2.75282
8134079	7.538003
8134091	8.849916
8134098	5.819335
8134117	6.853974
8134122	7.218636
8134180	7.550843
8134201	6.712876
8134211	6.493235
8134219	5.297282
8134252	2.55246
8134257	3.262191
8134263	6.306848
8134318	6.374751
8134339	5.4814
8134345	2.445452
8134347	3.004604
8134349	5.396447
8134351	6.100914
8134372	3.112875
8134374	7.270303
8134376	3.069673
8134384	5.956684
8134403	2.866975
8134405	3.290192
8134407	7.471849
8134415	5.083366
8134420	3.909826
8134429	5.446495
8134433	4.481014
8134435	8.555915
8134452	7.279437
8134454	8.541479
8134460	4.972289
8134463	6.205818
8134470	6.736283
8134550	4.791626
8134552	7.784979
8134564	4.905914
8134581	9.294096
8134589	6.574948
8134599	7.143325
8134613	5.14582
8134621	5.999877
8134631	7.597974
8134644	7.104205
8134655	3.52559
8134676	2.174251
8134678	3.109014
8134680	7.72645
8134689	5.50666
8134699	8.603228
8134712	6.845371
8134730	4.546818
8134737	6.223656
8134740	7.079391
8134745	5.65732
8134777	6.16035
8134785	4.775767
8134789	7.63825
8134814	6.314503
8134821	8.296377
8134827	6.844547
8134834	7.569357
8134856	5.790721
8134869	5.144256
8134880	8.231366
8134890	9.094026
8134904	6.460668
8134907	6.325452
8134915	5.52151
8134965	6.642477
8134981	8.77484
8134992	7.045663
8135015	5.754886
8135031	5.706541
8135033	5.582676
8135037	4.48044
8135048	4.524841
8135064	8.756172
8135069	6.020051
8135080	7.111436
8135089	5.973446
8135099	6.300812
8135114	7.718662
8135149	6.311401
8135160	2.68048
8135162	6.360766
8135172	6.077372
8135181	6.646928
8135197	6.382073
8135204	6.382432
8135211	5.698893
8135214	3.123336
8135216	4.468781
8135218	3.68889
8135224	4.480667
8135229	6.924633
8135235	6.991787
8135250	7.508841
8135262	4.517724
8135268	8.096071
8135271	5.106773
8135273	7.404866
8135275	4.581283
8135277	9.420332
8135319	7.625667
8135321	3.080204
8135323	5.617933
8135341	4.394909
8135361	2.598492
8135363	5.379653
8135378	6.85658
8135392	9.934801
8135405	2.689229
8135410	5.460455
8135422	6.876085
8135436	4.344701
8135458	6.268414
8135464	8.134042
8135480	5.870937
8135486	2.582618
8135488	4.021278
8135497	6.083408
8135512	5.258497
8135514	9.541753
8135532	7.403684
8135542	3.728099
8135544	3.673993
8135568	8.016539
8135576	8.978378
8135585	5.495444
8135587	6.944782
8135594	6.922646
8135601	7.295244
8135625	8.970152
8135638	5.503947
8135661	4.205534
8135688	6.156968
8135697	2.457935
8135705	5.306347
8135716	2.357444
8135718	6.672917
8135734	4.83242
8135763	5.211108
8135772	3.711981
8135774	3.835192
8135804	3.785179
8135821	5.05715
8135827	3.130558
8135835	2.897984
8135847	3.322975
8135849	3.477948
8135856	7.866034
8135865	4.576863
8135874	2.326013
8135876	8.271472
8135902	5.069966
8135907	5.147777
8135909	5.549226
8135915	10.74735
8135922	5.482784
8135929	6.11246
8135931	7.243982
8135933	6.191137
8135943	8.847569
8135945	5.177271
8135955	6.374439
8135967	5.702087
8135969	4.44775
8135990	6.165657
8136039	8.407783
8136045	6.373594
8136059	5.510086
8136061	6.435363
8136063	2.896026
8136065	6.72851
8136067	5.790847
8136078	2.670802
8136080	6.32809
8136095	7.173141
8136115	5.415125
8136138	2.913323
8136140	6.132445
8136159	2.861984
8136161	5.34956
8136163	7.568954
8136177	5.881253
8136179	3.779351
8136181	3.81853
8136187	3.400085
8136200	10.27959
8136213	4.847981
8136215	4.476119
8136217	3.76051
8136235	6.334978
8136248	6.027233
8136259	8.062317
8136281	3.838011
8136289	5.997766
8136291	2.739439
8136293	8.039007
8136315	3.98571
8136336	3.350029
8136341	11.07719
8136347	4.153393
8136370	3.633598
8136388	6.159367
8136391	4.294021
8136401	6.85351
8136446	2.740252
8136448	4.951296
8136457	2.787491
8136459	4.123447
8136469	4.33094
8136471	7.166
8136473	7.322331
8136495	4.35474
8136516	7.163894
8136535	6.618287
8136539	8.088932
8136557	5.944182
8136576	5.795853
8136578	3.424823
8136580	6.223196
8136587	2.777781
8136589	6.546101
8136591	6.666949
8136602	6.925071
8136610	2.395532
8136614	5.822398
8136631	7.457891
8136641	5.578865
8136645	5.258453
8136647	5.538167
8136652	4.581957
8136654	5.170115
8136656	2.627515
8136658	5.966461
8136660	2.802758
8136662	4.945236
8136709	4.918659
8136727	5.708943
8136786	2.405403
8136788	3.031853
8136790	4.817487
8136795	4.493876
8136801	8.186071
8136807	8.779662
8136811	6.254217
8136832	6.056074
8136837	4.519719
8136839	8.832609
8136844	3.706991
8136846	3.606981
8136849	7.854813
8136863	6.820409
8136869	7.333136
8136889	6.556451
8136891	2.690554
8136893	5.349011
8136918	8.049662
8136930	4.761905
8136932	3.543821
8136934	4.265996
8136936	5.612579
8136938	4.248393
8136940	7.242038
8136954	7.292753
8136961	3.263373
8136963	3.538666
8136965	4.292558
8136967	3.358023
8136969	3.498155
8136971	3.981312
8136973	4.756529
8136975	4.485744
8136977	4.858448
8136979	4.192984
8136981	2.122435
8136983	6.817621
8136985	5.77311
8136987	7.217609
8137006	2.599026
8137008	10.3773
8137010	4.206581
8137042	3.073869
8137044	6.200705
8137046	4.747148
8137048	3.611973
8137050	4.146076
8137054	7.642314
8137081	5.936897
8137089	2.789731
8137091	7.807748
8137101	7.023129
8137112	8.699697
8137118	6.750939
8137131	4.931664
8137133	6.897265
8137151	7.136955
8137183	6.784658
8137202	6.686042
8137208	6.726501
8137215	6.468608
8137219	5.833893
8137223	2.55136
8137225	7.410091
8137228	7.471952
8137232	4.778471
8137240	4.455319
8137244	4.412388
8137250	4.274131
8137252	5.455801
8137257	5.816103
8137264	6.464883
8137271	6.348717
8137280	6.082386
8137310	6.524164
8137330	8.24328
8137332	6.788398
8137334	6.104578
8137336	5.961957
8137352	7.105483
8137381	7.189298
8137404	6.802894
8137414	7.400686
8137433	3.122735
8137437	2.870608
8137448	7.287925
8137464	5.18084
8137466	2.515696
8137468	5.796496
8137470	4.790288
8137472	3.712173
8137474	5.389305
8137483	6.175571
8137485	4.720381
8137517	5.245049
8137524	5.017545
8137526	8.307558
8137537	5.715692
8137542	7.745531
8137558	7.183332
8137566	5.384462
8137582	3.032132
8137584	6.637565
8137596	7.016635
8137627	8.713337
8137635	5.478799
8137637	5.567167
8137639	6.385928
8137666	6.273428
8137668	6.616033
8137670	6.105002
8137675	6.220848
8137680	7.079304
8137693	6.06754
8137700	7.722769
8137707	7.292165
8137709	10.67195
8137715	6.781176
8137739	6.99753
8137781	6.06646
8137783	8.226596
8137798	6.031437
8137802	6.420195
8137805	7.226267
8137826	6.840214
8137833	7.867157
8137847	6.877593
8137863	4.364369
8137865	7.006111
8137874	6.19912
8137900	2.998333
8137903	2.998333
8137906	5.526898
8137925	2.721061
8137927	3.543081
8137931	5.890049
8137942	7.76912
8137953	8.290044
8137959	7.737226
8137962	7.882582
8137964	6.347742
8137979	12.49258
8137986	6.139305
8138009	4.007965
8138030	6.792962
8138043	2.958533
8138045	8.255101
8138065	5.556607
8138067	6.140235
8138084	4.013916
8138086	2.420069
8138088	7.148543
8138091	7.734034
8138108	8.859238
8138116	6.817448
8138128	7.87814
8138145	7.923178
8138147	9.058271
8138151	7.363177
8138155	5.816104
8138157	6.619568
8138189	5.889701
8138202	7.759103
8138224	7.834856
8138231	4.89204
8138258	5.039302
8138277	5.295492
8138287	3.92112
8138289	3.693466
8138308	1.874737
8138310	3.228995
8138337	3.196536
8138353	5.648745
8138361	6.934653
8138363	3.709995
8138370	6.656157
8138381	8.352383
8138392	5.094109
8138401	7.638256
8138435	4.848904
8138440	3.454237
8138442	6.874495
8138450	6.676455
8138454	4.917233
8138459	4.080751
8138466	10.3272
8138474	5.593914
8138483	1.825214
8138485	8.106098
8138487	6.851921
8138489	4.18388
8138504	6.462204
8138527	3.97315
8138531	12.98032
8138542	4.12253
8138545	7.887505
8138547	6.531217
8138553	5.035554
8138566	3.923491
8138581	9.651755
8138592	9.330127
8138596	7.332767
8138598	2.390203
8138600	2.161641
8138602	4.262921
8138613	8.314765
8138640	7.59506
8138647	4.965628
8138662	2.750791
8138668	2.665336
8138670	10.02226
8138686	4.568604
8138689	8.497546
8138706	3.518687
8138708	5.428904
8138718	4.48063
8138721	5.603038
8138728	4.578586
8138735	7.148424
8138741	6.131821
8138745	6.219239
8138749	7.172856
8138757	7.031062
8138765	6.331638
8138770	8.082685
8138773	9.711807
8138776	7.235855
8138789	5.778307
8138795	2.264404
8138797	4.51093
8138799	5.724437
8138805	5.877469
8138822	5.1801
8138824	8.291962
8138834	6.528368
8138842	5.226881
8138857	6.677319
8138862	6.531436
8138865	4.568723
8138882	5.162767
8138888	4.121471
8138912	3.62339
8138920	5.938331
8138922	7.223467
8138930	5.45353
8138939	4.756479
8138941	6.066804
8138948	4.09971
8138950	5.912354
8138956	2.318798
8138958	3.751322
8138977	4.625139
8138988	3.335466
8138995	4.837093
8138997	5.531399
8139003	7.43806
8139015	6.156158
8139019	3.266935
8139021	5.091406
8139031	4.621305
8139033	4.983139
8139055	6.130819
8139057	5.351931
8139083	5.31992
8139085	6.142119
8139087	3.452596
8139100	3.41295
8139107	4.045106
8139113	4.421998
8139118	5.604787
8139121	4.747167
8139125	4.56765
8139128	4.511516
8139131	4.216013
8139158	6.307099
8139160	5.730184
8139163	3.149018
8139165	7.961154
8139196	2.070413
8139198	5.870051
8139201	7.083007
8139203	7.143959
8139207	5.62896
8139212	5.120757
8139228	5.626387
8139232	5.743415
8139242	4.023297
8139244	7.74722
8139250	6.941212
8139256	5.718331
8139264	9.135645
8139270	6.99949
8139276	6.925519
8139281	6.794799
8139299	6.666537
8139307	5.297703
8139314	5.860931
8139330	4.821773
8139356	7.290499
8139365	2.360274
8139367	5.682834
8139392	7.149995
8139411	8.451372
8139421	7.504252
8139430	8.119762
8139433	5.371724
8139456	6.787488
8139458	5.254443
8139460	6.613391
8139468	6.470653
8139482	6.756711
8139484	8.451976
8139486	6.566766
8139488	8.89735
8139500	6.341453
8139534	5.951961
8139592	6.955477
8139606	4.082619
8139622	3.101043
8139632	4.367007
8139640	5.127767
8139656	5.722634
8139678	3.856793
8139680	5.187481
8139695	3.471597
8139697	4.750204
8139699	3.636642
8139706	7.190135
8139712	7.526382
8139721	3.529214
8139723	5.911637
8139727	3.918831
8139737	6.486752
8139746	4.885476
8139758	8.243527
8139763	7.22539
8139765	3.584943
8139767	3.319839
8139769	6.290713
8139772	4.492913
8139776	2.356202
8139778	5.065637
8139780	6.309668
8139782	2.086682
8139784	2.695431
8139786	3.201984
8139788	2.95251
8139790	3.025003
8139792	2.347835
8139794	2.586143
8139796	5.650032
8139798	2.082765
8139800	3.159
8139804	4.967243
8139806	2.178817
8139808	2.221654
8139810	3.307946
8139812	2.512927
8139814	2.008498
8139816	6.081423
8139818	2.132688
8139820	5.084722
8139826	5.693272
8139828	6.734597
8139832	9.496026
8139840	10.99402
8139843	3.048813
8139845	4.685338
8139857	3.984724
8139859	8.187357
8139873	5.626091
8139879	7.735588
8139881	3.788638
8139883	6.52323
8139885	4.510065
8139887	6.377795
8139889	6.69584
8139891	8.458212
8139896	8.942036
8139901	2.68048
8139903	3.506195
8139905	2.588943
8139907	6.780408
8139909	4.066855
8139911	3.086154
8139913	2.464256
8139915	3.631512
8139917	5.25233
8139919	4.866135
8139921	4.523558
8139933	2.450526
8139935	5.719615
8139941	4.84064
8139943	6.591627
8139947	6.851304
8139966	6.121427
8139975	4.4951
8139977	7.983915
8139996	6.395759
8140009	6.474902
8140020	7.028365
8140028	5.951203
8140033	5.438919
8140035	3.219972
8140037	7.513425
8140061	7.605112
8140070	6.72536
8140085	5.676515
8140107	7.364746
8140113	6.202721
8140127	3.769529
8140129	6.811679
8140140	8.315081
8140144	6.877924
8140151	5.923106
8140166	5.045386
8140170	6.977386
8140196	8.074096
8140211	6.548252
8140220	7.913283
8140227	6.668489
8140239	9.612076
8140249	8.062841
8140258	9.415681
8140269	9.689236
8140280	9.694722
8140291	4.47039
8140297	7.29194
8140311	7.916612
8140317	3.835421
8140319	5.119007
8140356	6.218299
8140358	4.750043
8140367	5.503447
8140371	6.50487
8140386	6.488909
8140398	8.742155
8140403	6.394815
8140420	6.204039
8140424	6.952135
8140433	6.49545
8140443	6.322247
8140445	6.503688
8140454	6.527914
8140461	7.559793
8140463	6.21619
8140468	5.968244
8140478	6.574945
8140498	2.479314
8140500	5.538877
8140504	4.3457
8140530	2.506246
8140532	2.144173
8140534	8.040025
8140554	5.225478
8140556	3.40839
8140579	3.960762
8140620	4.61551
8140650	5.640791
8140668	3.779453
8140686	3.569751
8140707	5.829704
8140709	6.59031
8140730	6.512884
8140737	6.10588
8140739	4.443186
8140752	3.584001
8140782	5.493334
8140814	7.376199
8140828	8.490126
8140840	10.72331
8140850	6.404526
8140852	4.917707
8140855	2.077002
8140857	2.41843
8140859	4.990476
8140864	6.437992
8140869	3.397993
8140878	6.953615
8140907	2.922967
8140909	3.994903
8140915	6.820948
8140942	7.355281
8140955	6.149474
8140967	10.12883
8140971	7.252343
8140984	2.842966
8140995	3.248778
8141016	6.632644
8141024	6.138975
8141035	4.361146
8141050	8.837329
8141052	3.130825
8141066	3.762914
8141076	7.451197
8141094	6.800431
8141107	7.466742
8141127	3.040346
8141133	8.943478
8141138	3.118989
8141140	6.629389
8141146	2.596772
8141148	2.877486
8141150	6.958269
8141166	9.761735
8141169	7.517389
8141173	5.272084
8141180	6.84364
8141206	8.996597
8141222	9.363151
8141228	5.870279
8141239	3.713147
8141241	9.347633
8141263	6.774788
8141273	7.396038
8141281	4.039096
8141283	6.044031
8141295	8.222142
8141303	6.429012
8141305	7.292476
8141311	4.593694
8141317	3.078249
8141328	8.168237
8141342	3.081409
8141358	5.448971
8141361	5.276771
8141363	5.922518
8141371	5.381561
8141374	7.680368
8141380	6.168537
8141395	7.080469
8141419	6.798435
8141421	4.998572
8141423	5.599194
8141425	6.240593
8141445	7.2673
8141459	6.308524
8141463	4.915489
8141466	6.23839
8141477	6.760228
8141490	7.369321
8141498	5.116412
8141517	7.326181
8141522	6.801278
8141526	7.555639
8141533	4.529385
8141535	7.830754
8141560	5.304749
8141580	5.320505
8141595	6.824674
8141625	5.579798
8141643	7.300801
8141648	7.141703
8141659	6.837064
8141661	5.285577
8141664	6.723817
8141669	4.810107
8141676	5.531334
8141688	6.524311
8141708	6.711972
8141717	6.812347
8141726	2.802202
8141728	6.670002
8141737	4.820649
8141746	3.406711
8141748	5.446812
8141750	6.338277
8141757	6.174665
8141762	6.644062
8141765	7.403446
8141768	7.031794
8141791	9.191875
8141795	9.038749
8141803	6.893477
8141829	8.99128
8141843	4.091365
8141846	3.395963
8141872	5.422631
8141882	3.879245
8141896	5.242701
8141898	5.228485
8141922	5.301426
8141946	2.312797
8141950	4.182146
8142019	5.800904
8142036	7.027795
8142059	7.645569
8142061	4.250046
8142079	3.036557
8142084	6.92786
8142087	5.718929
8142096	6.937308
8142098	6.07748
8142100	5.834299
8142102	6.243941
8142104	6.375817
8142110	9.238642
8142120	11.66825
8142136	7.532751
8142143	8.666247
8142169	3.34169
8142171	3.226537
8142194	6.623904
8142230	3.896627
8142232	3.546435
8142270	3.335282
8142307	6.348639
8142324	5.786998
8142329	3.99703
8142332	4.539381
8142343	4.813038
8142345	5.919871
8142401	4.01672
8142403	2.264845
8142405	7.21999
8142407	7.522882
8142415	7.954
8142424	3.44526
8142431	6.394745
8142435	2.804023
8142444	3.561816
8142446	4.548888
8142448	3.096441
8142450	3.219516
8142452	4.246009
8142464	3.916488
8142466	5.548617
8142468	9.892462
8142471	4.28787
8142480	2.922085
8142497	4.98897
8142522	3.462151
8142524	8.631578
8142534	2.188409
8142536	3.427863
8142538	3.183453
8142540	9.247697
8142554	7.632481
8142580	5.522825
8142585	6.139689
8142618	3.522633
8142622	4.61248
8142624	2.813937
8142628	2.880954
8142646	2.958259
8142661	2.556822
8142663	7.024012
8142671	9.692013
8142685	4.389272
8142687	4.471459
8142692	3.668528
8142697	5.412942
8142718	4.41828
8142730	7.431077
8142740	6.662601
8142747	6.273709
8142763	3.641653
8142765	6.415072
8142770	5.299345
8142774	6.297784
8142795	6.894348
8142814	4.206775
8142821	7.524831
8142830	7.108845
8142852	7.701385
8142878	6.544239
8142880	4.390674
8142882	3.782627
8142884	4.642215
8142886	10.67817
8142897	2.216267
8142899	5.850266
8142912	6.747115
8142930	4.774734
8142945	5.50697
8142971	6.74705
8142975	4.46861
8142977	2.401404
8142979	6.838241
8142981	6.300674
8142993	6.193241
8142997	5.240381
8143028	5.991512
8143035	9.498188
8143038	5.624408
8143040	5.507497
8143054	7.310704
8143065	7.122108
8143070	6.759453
8143088	6.704357
8143108	2.78791
8143110	5.866963
8143127	5.038101
8143132	8.663404
8143142	2.175673
8143144	5.418462
8143154	4.818316
8143188	7.584893
8143205	3.056951
8143207	2.858215
8143209	4.94673
8143221	7.272007
8143247	5.954321
8143268	3.108165
8143270	5.092807
8143279	7.789271
8143294	2.427518
8143296	6.393024
8143307	6.811099
8143327	7.378301
8143341	7.311774
8143363	3.073867
8143365	4.686597
8143367	7.419888
8143383	4.478796
8143385	7.720433
8143387	9.909557
8143397	6.035464
8143417	8.728511
8143433	4.997249
8143437	4.354554
8143441	7.074604
8143448	5.381519
8143457	2.33485
8143459	4.270397
8143461	3.667872
8143463	4.201134
8143471	4.660336
8143482	4.854654
8143486	3.168333
8143494	3.676731
8143499	6.009225
8143518	5.621812
8143534	5.22503
8143555	3.799763
8143557	3.621751
8143562	2.663913
8143564	6.167876
8143575	6.704258
8143594	7.153522
8143597	2.938393
8143599	4.248393
8143601	4.738078
8143605	5.067781
8143610	7.091891
8143627	5.126913
8143629	6.801393
8143633	5.080704
8143635	5.636529
8143643	5.541033
8143657	3.760812
8143659	4.270449
8143661	5.878741
8143663	7.344627
8143684	8.822363
8143697	5.558894
8143702	6.106337
8143708	7.438004
8143710	4.099681
8143712	3.13867
8143714	5.504906
8143725	7.541539
8143733	6.596066
8143747	1.907544
8143749	6.040477
8143759	5.942439
8143766	6.510991
8143772	6.49096
8143781	4.695539
8143788	6.352201
8143790	6.812116
8143803	9.456109
8143825	6.405221
8143850	6.407933
8143863	8.377047
8143879	7.356438
8143885	5.448054
8143887	6.306746
8143894	2.759557
8143899	5.185545
8143905	6.223327
8143919	5.350257
8143937	4.943762
8143939	6.200234
8143941	6.686375
8143949	7.134519
8143955	5.904669
8143957	7.629708
8143961	6.808199
8143984	6.185252
8143986	3.137368
8143988	8.380333
8144036	3.910052
8144042	5.322485
8144044	4.334393
8144047	5.530406
8144072	5.07
8144078	6.801885
8144082	5.920668
8144089	7.358107
8144112	7.073853
8144117	2.017031
8144119	7.406656
8144121	5.631735
8144149	3.619231
8144151	3.201524
8144153	5.926477
8144184	8.854344
8144213	4.381276
8144226	2.317756
8144228	6.897429
8144230	3.858238
8144239	7.002487
8144253	5.273807
8144267	8.013326
8144279	7.4354
8144281	5.232987
8144315	5.818181
8144317	6.145515
8144322	4.858879
8144361	6.100196
8144378	6.647871
8144388	5.524661
8144392	3.131305
8144395	5.314292
8144397	5.031657
8144399	3.355837
8144401	3.495247
8144405	2.418095
8144410	6.258017
8144412	6.297796
8144414	6.297796
8144416	6.300311
8144418	6.300311
8144420	6.269318
8144422	6.190981
8144424	5.919762
8144428	5.740593
8144432	5.740593
8144436	5.740593
8144440	5.919762
8144444	5.740593
8144448	5.603569
8144452	2.647065
8144457	3.750479
8144460	3.871202
8144473	4.463904
8144481	7.135353
8144488	6.520137
8144490	6.300311
8144492	6.300311
8144494	6.269318
8144496	6.444427
8144498	5.461122
8144503	5.560678
8144505	8.119499
8144512	2.885614
8144514	4.059203
8144516	5.761461
8144526	4.251343
8144528	6.88897
8144557	6.410328
8144569	4.901928
8144571	3.380305
8144577	6.262107
8144582	2.747469
8144584	4.093575
8144586	6.461258
8144600	3.517819
8144604	5.954407
8144619	7.434177
8144621	5.085212
8144625	5.713577
8144639	4.384682
8144643	6.44732
8144656	4.96244
8144658	6.632028
8144667	4.378767
8144669	9.44559
8144683	5.521636
8144685	7.000412
8144687	2.997723
8144691	3.173084
8144699	6.574631
8144701	4.057315
8144703	6.130321
8144705	5.505965
8144712	3.616557
8144717	5.642179
8144719	2.822471
8144721	4.25917
8144724	2.204659
8144726	8.07679
8144740	4.536852
8144742	3.688472
8144758	8.046451
8144774	7.6467
8144786	6.837356
8144802	5.074671
8144810	4.242337
8144812	7.356954
8144857	4.39422
8144864	2.658689
8144866	3.488293
8144874	3.643731
8144878	3.909542
8144880	8.657473
8144894	6.811272
8144915	5.482562
8144917	4.720131
8144931	9.640965
8144949	4.322827
8144951	9.040085
8144953	7.17768
8144982	6.511346
8144993	4.745299
8144995	6.083138
8145005	5.723162
8145027	7.211343
8145047	7.239885
8145055	7.034548
8145083	4.878599
8145085	6.503336
8145097	3.507326
8145122	5.47543
8145134	3.566419
8145136	6.617575
8145151	6.300243
8145175	7.209043
8145193	7.33404
8145201	7.284338
8145225	4.125077
8145227	5.942907
8145244	6.080347
8145259	7.078271
8145272	6.363939
8145281	7.22375
8145291	6.96824
8145293	6.688181
8145317	3.977553
8145334	3.236932
8145361	4.998538
8145365	7.164243
8145418	4.841484
8145438	3.681575
8145440	8.268475
8145454	9.562481
8145470	5.946645
8145490	8.498215
8145529	6.899424
8145532	5.336059
8145555	6.627948
8145566	3.091314
8145568	6.311117
8145570	3.094613
8145586	7.660963
8145603	6.150728
8145609	3.058739
8145611	5.941753
8145622	5.447059
8145624	6.675414
8145634	2.061768
8145636	7.094249
8145652	7.201915
8145660	6.803479
8145669	8.123466
8145685	6.654118
8145687	2.312735
8145691	5.026659
8145702	5.569935
8145736	4.19474
8145766	3.888564
8145768	4.107932
8145770	3.435048
8145772	2.808952
8145774	2.094306
8145776	4.623228
8145778	2.776141
8145780	2.987169
8145782	5.68366
8145793	9.292282
8145795	5.817261
8145799	5.482769
8145818	3.485842
8145820	2.286792
8145822	4.465228
8145824	2.897229
8145827	4.653355
8145829	7.189519
8145835	6.554335
8145854	7.593332
8145865	6.093799
8145887	6.208199
8145889	7.434151
8145894	8.444784
8145912	2.205249
8145914	6.493171
8145922	5.85602
8145942	4.493076
8145954	9.48427
8145977	8.021339
8145989	6.070868
8146000	11.08072
8146024	5.062201
8146051	3.280268
8146069	3.065157
8146092	5.396146
8146105	3.960719
8146115	5.613412
8146118	4.336408
8146120	3.174273
8146122	8.35268
8146130	4.483953
8146142	7.665256
8146157	1.938401
8146159	6.565773
8146171	8.261115
8146198	8.990401
8146216	8.339467
8146225	6.877288
8146230	3.804512
8146239	6.40938
8146241	2.744903
8146243	8.973022
8146268	6.958883
8146278	7.361045
8146285	7.476884
8146305	5.504121
8146307	3.000378
8146322	3.420446
8146324	2.815748
8146328	5.969393
8146330	3.093889
8146332	2.862443
8146334	5.160818
8146336	7.892919
8146353	2.251414
8146357	6.516736
8146377	2.778673
8146379	7.553983
8146388	4.703887
8146391	4.262946
8146393	3.534511
8146401	3.583161
8146403	4.433669
8146423	4.035011
8146425	3.762914
8146427	3.164926
8146429	4.682623
8146435	4.304199
8146448	6.730633
8146456	5.767857
8146458	3.657063
8146460	5.023341
8146462	7.166741
8146468	2.707778
8146475	5.988463
8146482	5.915095
8146500	9.407099
8146517	5.894733
8146525	3.093176
8146527	3.566744
8146533	4.574971
8146544	5.78124
8146550	10.35128
8146559	6.459498
8146564	9.452724
8146579	7.065736
8146618	4.541165
8146625	3.700199
8146633	4.466529
8146635	2.587034
8146637	9.341016
8146643	6.319585
8146645	5.091665
8146647	5.060322
8146649	6.86375
8146660	3.495988
8146669	4.829086
8146685	5.805773
8146687	5.470855
8146703	5.381867
8146709	2.16417
8146711	5.413523
8146717	5.464258
8146738	3.336865
8146756	5.452141
8146788	4.981052
8146790	4.260515
8146792	2.427937
8146794	4.115768
8146837	3.411774
8146839	4.17824
8146857	3.122221
8146859	7.998096
8146861	4.888126
8146863	3.621532
8146892	4.067559
8146894	3.968997
8146896	2.912572
8146898	3.614877
8146900	3.006013
8146906	5.070392
8146908	4.915969
8146914	6.607307
8146921	10.4387
8146930	5.99736
8146934	2.943206
8146941	5.915903
8146943	2.940151
8146945	5.513525
8146955	9.452295
8146957	3.963108
8146967	3.817787
8146986	4.706654
8147000	5.005706
8147012	5.292729
8147019	6.516178
8147030	4.712459
8147038	3.070234
8147040	6.958758
8147049	6.879864
8147057	7.536681
8147065	3.342039
8147079	4.378143
8147101	5.338322
8147112	6.43405
8147123	6.335108
8147132	6.32708
8147145	3.76578
8147156	8.764951
8147172	9.585864
8147194	2.980942
8147206	6.323524
8147221	6.185879
8147228	7.627974
8147242	2.946671
8147244	3.391536
8147262	6.831762
8147273	3.857415
8147303	9.817175
8147305	5.004881
8147307	5.948168
8147313	4.905671
8147344	10.11518
8147351	9.553658
8147371	5.28403
8147373	5.858041
8147375	6.074147
8147396	6.583763
8147424	4.700607
8147439	7.150173
8147445	2.411513
8147447	7.280229
8147461	6.07537
8147469	5.805749
8147479	5.485113
8147481	7.854202
8147483	8.245296
8147501	2.995113
8147503	8.894725
8147516	5.663574
8147541	2.629058
8147543	5.397092
8147548	4.222999
8147564	3.425135
8147566	5.11339
8147573	5.675009
8147580	6.399323
8147650	3.875593
8147652	2.031092
8147654	7.77859
8147661	7.921445
8147683	5.116452
8147687	3.396086
8147689	5.606632
8147691	3.459094
8147693	5.936373
8147697	7.570216
8147715	3.195546
8147717	3.873431
8147721	5.050697
8147724	7.163498
8147742	2.870633
8147744	3.527294
8147746	4.00762
8147748	2.081245
8147750	3.046299
8147752	2.306041
8147754	2.298774
8147756	5.858755
8147766	7.191078
8147777	5.393661
8147785	7.346372
8147796	4.964197
8147828	2.408536
8147830	3.467063
8147837	4.302785
8147848	8.309285
8147862	3.639276
8147864	6.892169
8147877	3.459141
8147883	6.482648
8147891	3.157996
8147970	5.807493
8147986	2.487134
8147988	3.269799
8147990	6.836028
8147992	3.761539
8147994	5.772815
8148000	6.146122
8148003	4.056735
8148018	4.794966
8148020	4.734629
8148022	4.81625
8148029	4.560581
8148040	10.52683
8148047	2.089755
8148049	6.142168
8148057	12.73831
8148059	7.425431
8148070	4.981065
8148124	3.382842
8148147	3.47667
8148149	6.805277
8148156	2.66474
8148158	4.857496
8148184	9.719975
8148196	6.173303
8148198	5.227394
8148206	2.402564
8148208	8.36883
8148220	6.934873
8148261	3.227716
8148263	4.835873
8148265	6.869716
8148270	7.603894
8148276	4.58481
8148280	7.353209
8148293	6.046431
8148302	4.488074
8148304	7.991841
8148309	3.147126
8148313	4.498811
8148315	6.746396
8148317	5.958316
8148325	6.890084
8148327	4.795225
8148329	6.488338
8148331	3.772988
8148333	8.420551
8148358	6.96925
8148385	5.46887
8148435	5.203517
8148446	2.347568
8148448	6.656241
8148463	4.848216
8148465	4.704471
8148467	6.843545
8148474	5.474425
8148476	6.748955
8148501	6.796083
8148512	7.034259
8148515	2.933025
8148517	5.453757
8148548	11.19263
8148553	6.578448
8148559	7.191525
8148565	3.90275
8148572	9.895913
8148580	4.588464
8148591	6.651067
8148597	6.179082
8148607	7.062347
8148615	6.436219
8148619	4.243948
8148621	6.397214
8148640	7.006399
8148642	6.71548
8148655	7.36111
8148658	5.87332
8148662	6.672083
8148671	5.066671
8148674	7.446859
8148692	5.688016
8148694	6.557158
8148703	6.635093
8148710	6.668187
8148715	7.664993
8148728	8.429054
8148737	7.665856
8148748	6.297878
8148772	7.776534
8148783	7.673862
8148796	6.584764
8148799	7.10994
8148808	6.43272
8148821	6.584764
8148824	7.26236
8148841	7.160974
8148850	7.081705
8148867	7.37663
8148888	6.959836
8148902	6.407838
8148917	6.792422
8148923	6.339115
8148930	7.917876
8148932	6.347246
8148941	6.184119
8148949	5.659987
8148951	6.40968
8148955	7.179892
8148962	5.503829
8148964	6.273428
8148966	4.343069
8148968	5.393171
8148973	6.418465
8148978	4.522873
8148982	5.422782
8148985	7.296831
8148992	4.673508
8149065	3.976454
8149067	3.968163
8149071	4.700516
8149084	3.074173
8149086	4.400436
8149097	4.829515
8149104	4.444008
8149109	4.073966
8149116	5.319629
8149122	5.374732
8149126	5.319629
8149132	5.374732
8149137	5.319629
8149142	4.664347
8149146	5.735771
8149148	6.674318
8149151	6.343051
8149153	6.215294
8149157	6.215294
8149161	6.205473
8149165	6.376845
8149167	6.376845
8149169	7.135353
8149172	4.463904
8149180	3.671732
8149192	3.750479
8149195	2.647065
8149200	4.592046
8149204	5.895801
8149208	6.747419
8149210	6.205473
8149214	6.343051
8149216	6.294363
8149218	6.364415
8149220	6.364415
8149222	6.364415
8149224	6.364415
8149226	6.364415
8149228	6.419255
8149230	2.418095
8149235	3.495247
8149239	3.355837
8149241	5.031657
8149243	5.265944
8149245	3.131305
8149248	5.985985
8149250	7.892123
8149258	6.270449
8149262	2.499326
8149264	7.784308
8149269	3.543041
8149271	4.722605
8149273	4.469864
8149275	4.022295
8149277	3.538004
8149279	4.586632
8149281	2.981212
8149283	5.445972
8149289	7.660461
8149296	4.872208
8149307	5.760809
8149315	7.026561
8149318	2.458719
8149320	4.600136
8149322	2.439604
8149324	6.073781
8149330	11.0333
8149345	6.860085
8149347	3.156402
8149350	3.762001
8149353	2.744839
8149356	5.277119
8149358	5.186972
8149361	5.545801
8149365	6.367312
8149377	2.744839
8149380	4.169083
8149383	5.492169
8149387	5.383117
8149389	6.841127
8149396	2.963002
8149399	7.405946
8149413	4.254816
8149438	3.616148
8149448	4.345457
8149465	6.200005
8149475	8.172071
8149485	4.14852
8149500	8.572924
8149521	3.045351
8149534	11.15822
8149551	6.814635
8149555	8.126685
8149574	6.097724
8149590	5.448617
8149592	5.10535
8149612	6.879158
8149625	3.195582
8149627	2.196207
8149629	5.512134
8149638	6.200047
8149646	6.855488
8149652	7.029014
8149673	8.284195
8149685	6.107596
8149699	5.20238
8149705	8.543596
8149707	7.242643
8149718	6.771673
8149720	5.774648
8149725	5.515294
8149733	7.155434
8149749	7.387582
8149762	6.00775
8149774	5.903698
8149793	8.561711
8149809	7.012947
8149811	6.935361
8149820	6.721379
8149823	3.44169
8149825	5.182043
8149833	6.022052
8149835	5.563641
8149847	7.210832
8149849	5.843482
8149857	7.732893
8149865	4.239112
8149877	4.664783
8149885	4.818835
8149898	5.679969
8149907	6.852581
8149918	5.833933
8149927	8.6155
8149942	6.42771
8149953	4.286592
8149955	3.194852
8149966	6.131461
8149979	5.649718
8149986	7.207736
8150002	4.096147
8150014	6.388133
8150032	5.277414
8150034	5.259395
8150036	8.464788
8150076	9.812364
8150089	10.06347
8150099	3.310986
8150101	4.473099
8150103	6.695648
8150112	10.41155
8150126	8.164189
8150138	3.719192
8150143	3.651013
8150149	5.460528
8150153	3.683051
8150155	2.15641
8150157	2.260988
8150159	2.212062
8150161	2.263413
8150163	2.388275
8150165	6.381982
8150175	5.930894
8150186	6.46226
8150195	4.604964
8150197	4.956121
8150204	5.354529
8150206	7.836065
8150210	2.828086
8150212	2.424551
8150214	5.910984
8150217	7.079408
8150219	6.055373
8150225	8.654473
8150244	4.885813
8150249	5.030161
8150253	5.770104
8150266	6.884907
8150274	5.20905
8150276	6.950571
8150287	8.283031
8150318	5.639039
8150352	3.881479
8150356	7.241179
8150364	7.766821
8150373	2.8976
8150375	3.0638
8150395	2.808677
8150419	4.522336
8150428	5.694379
8150433	8.14568
8150439	5.255033
8150489	7.759627
8150491	8.026312
8150509	9.983991
8150529	6.712024
8150537	8.961339
8150550	3.627715
8150559	6.08817
8150565	7.77578
8150576	3.420048
8150578	5.973578
8150580	3.691323
8150582	2.094583
8150584	3.091197
8150586	3.306122
8150588	3.342995
8150590	4.605261
8150592	8.446976
8150599	7.413128
8150685	3.260453
8150687	3.865813
8150689	9.25092
8150691	2.392311
8150698	3.944556
8150704	4.481785
8150714	9.631018
8150722	3.266024
8150751	4.469271
8150757	8.376215
8150785	4.38649
8150797	8.572313
8150818	8.557236
8150830	9.756375
8150842	5.236691
8150844	5.719263
8150846	5.905803
8150860	6.120538
8150862	4.706898
8150864	6.002495
8150866	4.704449
8150868	5.185668
8150870	8.907164
8150872	9.349793
8150877	6.333303
8150879	4.411216
8150881	6.288648
8150889	6.088159
8150901	5.146598
8150906	5.605706
8150908	7.477136
8150918	4.538699
8150920	3.249753
8150928	6.262457
8150960	7.759045
8150962	4.72353
8150974	2.127333
8150976	2.92356
8150978	4.003981
8150988	7.709582
8151032	4.060816
8151042	4.538146
8151052	3.470337
8151054	4.750359
8151056	5.840304
8151066	5.325998
8151074	5.859556
8151090	4.115871
8151092	3.847267
8151099	3.290159
8151101	3.731768
8151118	8.345116
8151123	3.671969
8151125	7.983481
8151127	2.31279
8151136	5.90872
8151149	8.064445
8151191	5.595825
8151205	2.989816
8151207	3.240427
8151209	6.312367
8151211	3.386903
8151215	3.138251
8151217	1.968617
8151219	3.974917
8151223	5.06682
8151234	4.638253
8151236	4.258544
8151238	4.932232
8151240	5.059216
8151250	2.73183
8151252	4.791316
8151254	8.475239
8151281	9.711937
8151296	5.129303
8151306	4.608373
8151310	4.216012
8151332	2.285384
8151334	4.943145
8151341	3.537466
8151367	2.780965
8151369	6.698226
8151376	8.651772
8151384	7.357047
8151401	8.719914
8151411	9.665222
8151413	6.149256
8151421	2.570967
8151423	5.757243
8151430	2.119461
8151432	3.736849
8151436	6.540771
8151445	2.136671
8151447	5.186923
8151457	5.86299
8151471	4.65788
8151475	6.512833
8151490	2.254583
8151494	5.069485
8151496	6.59628
8151508	3.011234
8151510	4.436162
8151512	6.744448
8151525	3.740754
8151532	4.152507
8151540	9.133942
8151542	3.282699
8151547	4.165654
8151549	7.11606
8151559	4.024948
8151561	7.327264
8151572	6.143721
8151583	2.168874
8151585	2.212087
8151587	4.856481
8151592	4.414872
8151603	6.534036
8151605	6.325062
8151607	6.534036
8151609	6.078803
8151613	6.325062
8151615	5.789893
8151617	6.325062
8151619	6.605702
8151621	6.325062
8151623	6.534036
8151625	6.325062
8151627	5.719494
8151629	5.075908
8151631	5.714019
8151633	4.561029
8151637	2.685593
8151644	5.933534
8151657	2.668313
8151659	3.751373
8151679	4.54344
8151684	2.827958
8151686	4.216012
8151707	2.652412
8151709	6.538063
8151711	6.609073
8151730	8.951619
8151743	5.470264
8151745	4.708851
8151747	8.320728
8151756	5.779752
8151764	4.743301
8151766	3.025513
8151768	4.734598
8151784	6.544195
8151788	7.051116
8151795	3.826127
8151816	5.843519
8151824	4.585998
8151842	6.613353
8151869	4.389299
8151871	4.089732
8151888	2.340636
8151890	8.856686
8151898	4.369016
8151906	6.017412
8151909	5.410183
8151917	4.204492
8151927	3.117326
8151929	4.007519
8151931	6.292762
8151935	9.867146
8151942	5.285194
8151952	8.57593
8151967	6.921778
8151987	4.452218
8151991	5.594705
8151993	7.627239
8151999	2.948857
8152031	3.225655
8152041	8.787046
8152053	6.583432
8152062	8.977524
8152079	12.1098
8152090	3.382464
8152092	2.358642
8152096	10.83381
8152111	6.597727
8152115	5.436357
8152117	5.775663
8152119	5.483727
8152131	2.954392
8152133	6.487741
8152148	8.366583
8152211	5.476764
8152213	2.82497
8152215	8.014256
8152222	9.528786
8152240	5.441479
8152242	2.378008
8152244	2.713153
8152246	2.489021
8152248	2.671431
8152250	2.249669
8152252	5.422925
8152255	7.010312
8152264	5.040283
8152278	2.185336
8152280	4.443895
8152289	3.074687
8152291	5.256438
8152297	3.642448
8152314	4.527815
8152323	7.474935
8152333	11.02364
8152335	5.213296
8152340	5.643157
8152355	5.665899
8152369	6.078708
8152374	2.0548
8152376	3.568374
8152451	2.210669
8152453	6.948541
8152463	5.438645
8152465	8.697453
8152477	9.317786
8152491	6.516619
8152506	7.795285
8152512	5.107011
8152522	4.489966
8152551	3.764771
8152553	7.217742
8152582	3.187912
8152595	4.331686
8152597	3.357361
8152606	7.206795
8152617	7.762323
8152628	7.700096
8152640	4.121055
8152642	5.30662
8152648	7.016637
8152656	6.901096
8152664	4.613705
8152666	4.876809
8152668	7.138467
8152703	10.88381
8152715	5.00354
8152719	4.02582
8152734	2.875146
8152742	4.113553
8152750	5.853634
8152759	6.247026
8152764	7.240596
8152782	6.582731
8152812	6.937427
8152815	4.892225
8152821	3.686171
8152828	5.403759
8152845	7.988417
8152863	6.030092
8152865	6.466934
8152867	6.26394
8152900	3.518503
8152902	5.137852
8152922	2.290035
8152924	5.638101
8152938	4.644891
8152946	5.827886
8152962	5.139252
8152976	5.051237
8152988	5.451035
8153002	9.543314
8153021	7.576768
8153035	2.624909
8153037	3.121687
8153039	4.243808
8153041	5.496789
8153043	5.837219
8153065	2.42949
8153067	3.805187
8153069	2.602408
8153071	3.604701
8153101	6.995941
8153167	5.110021
8153175	6.838427
8153201	7.319242
8153223	8.91003
8153258	7.154214
8153262	7.88293
8153269	5.925093
8153273	4.954092
8153304	6.204324
8153322	7.655373
8153328	7.416352
8153334	7.935217
8153336	7.434779
8153342	10.38096
8153346	7.811993
8153359	6.988741
8153363	5.237645
8153373	5.352961
8153380	7.083632
8153390	6.92094
8153405	5.990651
8153409	7.411171
8153411	6.969742
8153424	7.568912
8153426	8.186172
8153430	8.416441
8153449	9.285355
8153457	6.575188
8153459	6.639181
8153474	7.628307
8153486	6.405311
8153488	7.533231
8153497	7.011419
8153536	8.040582
8153550	7.028599
8153568	8.232306
8153609	7.053316
8153625	6.158093
8153652	7.565567
8153664	6.768609
8153678	7.324286
8153684	8.406427
8153704	5.568263
8153709	5.329947
8153727	7.325944
8153762	7.477769
8153776	8.02808
8153790	6.118597
8153819	7.970535
8153823	6.535678
8153828	6.347142
8153835	5.810095
8153838	6.290647
8153862	7.523561
8153868	7.383691
8153876	5.618995
8153890	6.268136
8153896	5.207172
8153903	10.65978
8153911	6.468092
8153920	6.804697
8153930	5.15153
8153935	5.526971
8153937	6.671148
8153939	8.406427
8153959	7.857972
8154012	7.650204
8154034	5.025322
8154043	5.815415
8154047	3.731826
8154057	2.129724
8154059	7.973087
8154100	6.228398
8154124	4.685738
8154128	2.852582
8154130	4.510322
8154132	5.089558
8154135	4.511728
8154151	6.424403
8154153	6.512086
8154163	6.239009
8154176	2.042134
8154178	5.807592
8154207	3.673446
8154209	5.282868
8154211	3.499846
8154213	1.964452
8154215	2.221655
8154217	2.902011
8154219	2.231854
8154221	2.372908
8154223	1.913049
8154225	4.273382
8154227	5.147294
8154229	3.649265
8154233	4.31356
8154245	4.480886
8154254	7.008795
8154283	3.389174
8154285	4.160904
8154295	2.875146
8154305	9.288169
8154307	4.255195
8154316	6.851409
8154333	6.937036
8154357	9.037041
8154359	8.229424
8154363	7.232384
8154367	3.831563
8154379	4.135164
8154381	7.449022
8154386	3.894984
8154388	9.204213
8154392	4.019516
8154394	7.542846
8154414	2.822551
8154416	4.771811
8154447	6.034098
8154449	4.197175
8154476	7.141825
8154491	4.133694
8154510	2.939681
8154512	5.437586
8154523	6.528404
8154527	5.864592
8154529	2.458228
8154531	8.348655
8154563	10.59233
8154574	6.422868
8154620	6.342327
8154622	3.809719
8154627	4.310727
8154635	7.270809
8154654	6.123712
8154656	7.359341
8154660	3.59707
8154662	3.977783
8154666	4.764824
8154668	2.658906
8154670	4.080551
8154692	4.614973
8154719	2.668854
8154721	2.821669
8154725	10.76166
8154727	9.304384
8154729	6.353485
8154731	4.565384
8154733	7.702715
8154758	3.63049
8154760	6.021948
8154763	4.74631
8154765	9.843184
8154777	2.443212
8154779	4.159655
8154785	8.931781
8154793	7.388929
8154823	4.119595
8154836	10.86272
8154838	6.106709
8154841	5.24999
8154844	3.067575
8154846	3.380791
8154848	7.828645
8154856	8.741827
8154866	4.75118
8154868	6.894465
8154870	6.127244
8154872	10.05653
8154885	6.761544
8154892	5.134338
8154914	2.838834
8154916	6.201692
8154934	6.251005
8154951	13.47002
8154953	5.366128
8154962	6.615512
8154973	4.784512
8154979	3.906739
8154981	7.180748
8155024	4.620407
8155026	3.386171
8155048	7.813948
8155062	7.833649
8155073	7.200653
8155081	4.752647
8155083	6.555807
8155096	6.572804
8155110	6.757346
8155121	5.543353
8155148	6.820309
8155167	6.923374
8155169	4.923672
8155192	6.169899
8155200	4.353357
8155203	7.807169
8155214	4.800552
8155234	6.353192
8155246	6.070893
8155248	3.292659
8155250	6.853511
8155265	3.536689
8155268	6.007052
8155284	4.641029
8155301	5.884972
8155312	6.373306
8155323	4.855296
8155325	2.601608
8155327	5.726118
8155332	6.858052
8155336	4.068567
8155338	5.718388
8155340	4.870161
8155345	4.823812
8155349	4.814255
8155354	4.434039
8155359	3.923237
8155369	5.718388
8155371	4.936129
8155376	4.331297
8155383	4.853932
8155388	4.331523
8155393	6.664823
8155397	6.250409
8155414	5.575891
8155418	5.212774
8155422	7.671202
8155440	5.762273
8155442	7.4698
8155451	5.091538
8155453	6.199347
8155455	5.692079
8155458	5.821035
8155460	4.921019
8155487	3.600611
8155490	7.452219
8155493	2.960277
8155497	7.044089
8155501	6.8999
8155503	4.332029
8155508	3.27866
8155510	7.054865
8155514	6.123965
8155516	4.417779
8155519	2.960277
8155521	6.980906
8155525	4.667378
8155528	3.625337
8155530	4.637516
8155537	6.681452
8155540	3.791146
8155547	6.827244
8155550	6.854538
8155554	7.328389
8155563	6.329313
8155567	2.960277
8155569	6.38915
8155572	6.388453
8155574	6.224342
8155591	5.676748
8155596	4.995965
8155598	4.697052
8155600	4.697052
8155602	5.789849
8155627	5.013022
8155630	6.634814
8155634	2.494983
8155636	7.852731
8155661	6.139184
8155665	5.183726
8155673	4.734206
8155696	7.18971
8155699	6.024104
8155707	10.32947
8155734	6.356637
8155747	3.277164
8155754	4.771276
8155770	7.864528
8155794	7.355762
8155802	4.254188
8155824	5.992361
8155847	3.450845
8155849	12.59402
8155864	4.400521
8155877	4.014865
8155881	2.319005
8155883	9.277548
8155896	2.4299
8155898	7.825322
8155930	6.603866
8155942	7.772324
8155944	3.560597
8155946	6.612989
8156022	4.345288
8156024	3.514697
8156026	4.71002
8156043	6.946321
8156052	2.021401
8156054	2.889719
8156056	2.105256
8156058	6.093044
8156060	7.223917
8156082	3.500094
8156084	2.48226
8156086	2.105232
8156088	5.84516
8156090	3.466123
8156098	3.79449
8156103	3.880361
8156112	5.933969
8156116	5.95835
8156126	6.338149
8156132	3.357135
8156134	4.171101
8156160	6.486429
8156164	7.15519
8156167	7.585519
8156192	3.410219
8156194	5.060454
8156196	6.025999
8156199	9.099675
8156228	7.737079
8156240	4.112679
8156247	4.923625
8156253	3.234323
8156257	5.821758
8156261	2.838535
8156263	8.319603
8156274	5.828318
8156278	5.331347
8156290	8.031422
8156295	7.509102
8156309	6.685513
8156319	7.457771
8156321	7.590812
8156337	2.228059
8156339	1.971549
8156341	4.408427
8156354	2.330087
8156356	2.349469
8156358	7.499914
8156360	3.292915
8156371	4.979079
8156373	7.093363
8156393	5.413562
8156404	6.485622
8156415	6.038988
8156450	2.634832
8156452	7.797222
8156476	6.939161
8156506	5.956213
8156519	4.956217
8156521	6.25506
8156523	7.470006
8156525	2.669844
8156529	5.198446
8156538	9.282365
8156547	4.818949
8156549	6.391025
8156569	7.373828
8156571	5.982929
8156573	3.546961
8156575	8.762136
8156577	5.903093
8156581	5.506262
8156599	6.01857
8156601	6.513607
8156604	6.032296
8156610	6.355704
8156620	6.382273
8156633	5.547794
8156688	6.634364
8156706	6.976148
8156718	7.087808
8156743	6.665467
8156748	4.205669
8156750	7.134477
8156759	3.241275
8156761	8.230065
8156770	7.341924
8156783	5.694415
8156826	7.302379
8156838	8.928998
8156846	8.295278
8156848	6.557516
8156861	7.103539
8156873	5.01496
8156895	4.498834
8156897	6.879903
8156905	4.673407
8156919	4.161681
8156923	5.092637
8156935	5.900198
8156945	7.576591
8156969	2.952974
8156971	3.316434
8156982	4.951652
8157012	5.040682
8157014	3.106417
8157016	2.559043
8157018	3.596937
8157021	6.109126
8157027	3.425337
8157036	4.357624
8157038	7.757476
8157058	3.206971
8157074	5.13869
8157090	4.040151
8157092	4.736875
8157101	4.113726
8157103	6.659312
8157105	6.542113
8157123	2.911375
8157125	7.71218
8157139	7.043057
8157141	4.216012
8157144	6.069191
8157151	4.836386
8157153	5.402237
8157173	3.67962
8157189	2.440523
8157191	5.273997
8157193	3.622787
8157203	7.251871
8157214	6.218435
8157216	9.234627
8157227	3.242306
8157229	2.319594
8157231	5.005053
8157233	8.509142
8157246	6.751789
8157253	7.323652
8157264	8.491598
8157270	8.100659
8157281	4.733005
8157283	7.404751
8157300	7.352898
8157308	4.226404
8157324	6.740052
8157362	5.691972
8157381	4.821515
8157383	7.432799
8157444	3.590779
8157446	3.477123
8157450	4.503129
8157454	8.822873
8157463	6.046055
8157477	3.915598
8157487	4.598609
8157516	6.269639
8157520	3.13477
8157524	6.327313
8157534	4.975344
8157580	3.483215
8157582	9.349142
8157608	2.434192
8157610	6.423263
8157632	4.411246
8157638	6.384947
8157650	5.464756
8157668	2.793559
8157671	4.160541
8157674	3.891861
8157677	3.000545
8157679	3.172304
8157681	2.607193
8157684	3.451089
8157686	3.793746
8157688	3.465509
8157691	7.128188
8157696	5.911637
8157698	5.492038
8157700	9.100351
8157727	6.564307
8157729	3.96921
8157731	6.237496
8157751	5.791008
8157761	5.788283
8157777	5.801298
8157798	5.950831
8157800	4.740238
8157802	3.769109
8157804	7.198573
8157818	6.653358
8157828	6.809369
8157839	3.783612
8157843	5.177511
8157858	8.190688
8157890	6.051185
8157905	5.44498
8157922	6.321521
8157933	7.784114
8157939	12.51804
8157941	7.532199
8157945	8.228549
8157947	7.055184
8157949	7.223151
8157976	7.101716
8158009	6.759252
8158022	6.150397
8158028	6.211477
8158057	4.344465
8158059	6.044474
8158081	4.986339
8158094	5.999214
8158112	8.539
8158123	6.577536
8158145	7.208603
8158147	6.941147
8158164	4.350234
8158167	12.55588
8158177	7.968622
8158183	6.214653
8158204	5.850813
8158212	6.94095
8158214	7.25888
8158224	7.273058
8158240	9.047159
8158242	6.117183
8158250	6.247851
8158269	6.903393
8158298	6.310805
8158317	9.427801
8158372	8.104109
8158380	5.947773
8158404	2.282266
8158406	7.182772
8158418	7.125676
8158424	8.398849
8158431	6.177162
8158446	6.948328
8158492	7.04021
8158513	6.701862
8158523	8.50231
8158539	6.122342
8158542	5.863774
8158544	7.220646
8158554	7.416483
8158560	8.659453
8158568	5.890816
8158597	7.269561
8158625	6.654135
8158627	5.223251
8158637	5.584732
8158666	6.070436
8158671	10.45996
8158684	8.192548
8158686	7.586255
8158708	6.215777
8158714	6.432703
8158725	6.875299
8158739	6.16259
8158771	9.916593
8158783	8.392599
8158823	4.806976
8158825	6.181839
8158829	8.393196
8158839	7.895839
8158862	5.720823
8158864	5.720823
8158866	7.050507
8158890	5.804702
8158902	4.692978
8158912	6.05837
8158918	6.555826
8158928	2.23397
8158930	5.389538
8158939	5.820847
8158952	12.94617
8158961	6.886926
8158976	5.033681
8158987	6.886587
8158991	2.941017
8158993	3.039184
8158995	5.53483
8158998	5.744114
8159004	6.206596
8159006	3.936182
8159008	7.439499
8159017	6.401504
8159036	6.097939
8159078	7.763939
8159086	6.395578
8159096	6.032046
8159109	4.916228
8159111	6.152059
8159127	7.806621
8159142	6.878839
8159211	8.037773
8159220	4.419874
8159235	4.425796
8159239	5.97731
8159243	7.048917
8159249	6.429372
8159255	7.654327
8159259	6.202023
8159265	5.691812
8159275	4.332086
8159283	5.340599
8159318	7.744814
8159337	6.925911
8159350	5.578534
8159354	7.375165
8159371	3.551307
8159373	6.862339
8159379	6.436729
8159385	6.014014
8159415	7.943604
8159439	5.523323
8159441	7.076261
8159448	6.578442
8159476	7.031886
8159491	7.326082
8159501	6.537804
8159519	8.135155
8159521	6.285658
8159531	6.202643
8159541	7.381628
8159549	6.281947
8159554	7.113822
8159566	6.809766
8159581	3.325451
8159583	5.57282
8159609	6.989078
8159616	7.104508
8159624	8.547091
8159627	5.732886
8159642	10.35978
8159646	6.186581
8159654	7.618995
8159667	7.056577
8159670	7.670285
8159687	7.642909
8159692	8.716762
8159702	6.851412
8159732	6.92583
8159734	5.64464
8159786	7.845679
8159790	7.804431
8159803	4.116939
8159808	5.808173
8159815	7.719941
8159838	4.59157
8159846	3.43916
8159850	3.72096
8159854	5.860047
8159873	5.004825
8159876	5.463541
8159900	6.038579
8159917	2.440306
8159919	5.454633
8159945	8.330439
8159959	4.321368
8159961	4.706432
8159963	2.70595
8159965	3.80609
8159967	4.017212
8159969	2.527856
8159971	4.227209
8159977	3.28232
8159981	4.690128
8159984	4.244475
8159992	9.722858
8160011	7.605033
8160016	6.147377
8160020	3.152675
8160024	6.723526
8160033	6.476868
8160036	6.35779
8160040	4.587954
8160086	5.956316
8160088	5.333109
8160138	6.576071
8160151	7.24086
8160163	4.178203
8160168	5.045827
8160213	6.102818
8160236	2.219435
8160238	3.936099
8160256	3.628837
8160258	3.692192
8160260	4.110976
8160274	3.192516
8160276	5.650263
8160278	4.461756
8160284	5.739256
8160295	6.113237
8160297	7.174014
8160308	10.70802
8160317	4.298539
8160319	3.189272
8160321	4.260437
8160332	5.682629
8160346	4.775644
8160360	2.854346
8160365	3.946684
8160371	2.161103
8160377	3.070616
8160383	2.91313
8160389	1.94631
8160392	2.626121
8160394	3.389622
8160401	3.682986
8160405	6.814071
8160417	3.576634
8160419	4.28946
8160422	3.194308
8160431	5.57262
8160435	3.721579
8160439	5.093001
8160441	8.667465
8160452	10.29375
8160459	3.443338
8160472	6.538467
8160478	5.84972
8160487	7.253572
8160504	2.452557
8160511	3.710147
8160521	6.139405
8160531	6.662387
8160546	3.284736
8160555	2.818718
8160557	8.732774
8160559	6.141581
8160581	7.212727
8160587	4.868081
8160597	5.321715
8160602	5.913921
8160622	8.095853
8160637	11.02315
8160647	7.841607
8160661	2.335461
8160663	6.418413
8160670	9.525448
8160682	6.459139
8160712	3.297598
8160718	7.934029
8160722	8.310231
8160756	9.870368
8160767	2.267153
8160769	6.589354
8160771	4.144433
8160782	9.000878
8160786	6.790721
8160792	6.046964
8160803	3.341587
8160805	5.785087
8160816	5.888341
8160823	6.002016
8160835	7.042297
8160839	7.606817
8160849	6.248055
8160857	6.925261
8160870	6.187475
8160879	4.771111
8160889	5.753765
8160898	4.109491
8160900	3.966521
8160906	3.036515
8160912	6.512979
8160914	9.851241
8160935	6.06078
8160953	7.127489
8160968	7.648943
8160981	7.115322
8161000	4.013142
8161004	5.529603
8161017	5.103167
8161024	10.78734
8161026	5.462813
8161044	5.811648
8161056	6.972321
8161114	6.850268
8161133	4.69718
8161147	6.592157
8161154	4.354011
8161164	5.434995
8161166	5.723271
8161169	9.187267
8161171	3.499902
8161174	8.864761
8161190	4.418892
8161192	7.985593
8161211	5.670946
8161224	6.331956
8161229	6.725905
8161238	6.961479
8161240	3.958126
8161242	5.705451
8161249	4.848425
8161255	7.50508
8161265	7.318551
8161270	5.285641
8161288	5.055865
8161319	5.021559
8161326	5.258618
8161337	4.256687
8161341	4.923406
8161346	4.925077
8161353	7.018857
8161362	4.964108
8161368	4.667378
8161371	5.180316
8161373	6.16964
8161375	6.199347
8161377	6.634814
8161381	5.013022
8161384	5.575891
8161388	6.250409
8161405	3.47333
8161407	4.508389
8161409	4.868684
8161415	5.124647
8161418	4.13297
8161423	3.600611
8161426	6.38915
8161429	2.960277
8161431	5.969528
8161433	7.453917
8161437	6.38915
8161440	2.960277
8161442	8.169893
8161444	2.737617
8161446	6.065283
8161451	6.664823
8161455	3.600611
8161458	6.150362
8161460	3.791146
8161467	4.159716
8161471	4.892352
8161476	7.467046
8161478	5.574276
8161482	2.971407
8161484	6.441705
8161488	7.410384
8161499	6.141947
8161503	7.046358
8161507	3.994785
8161509	8.688432
8161513	6.25815
8161520	6.2686
8161526	3.990822
8161533	5.564878
8161537	7.88238
8161554	6.16964
8161556	5.091538
8161558	7.387497
8161563	5.577631
8161566	2.971407
8161568	5.570381
8161571	5.991873
8161575	6.931809
8161580	5.732567
8161583	5.762273
8161587	7.929934
8161610	4.587414
8161615	6.04862
8161618	6.49572
8161632	7.824477
8161642	5.563293
8161646	2.535834
8161648	7.130599
8161654	4.934838
8161693	5.533244
8161695	3.7663
8161697	4.901943
8161701	9.021633
8161727	8.752707
8161737	7.646343
8161739	4.053772
8161745	6.621186
8161747	11.35807
8161755	7.256176
8161774	5.365637
8161824	7.097875
8161829	6.231091
8161839	6.688767
8161852	4.729668
8161854	3.292356
8161857	8.063297
8161863	2.893709
8161865	3.812959
8161884	2.746365
8161892	7.597917
8161904	2.472313
8161906	9.687498
8161913	3.931102
8161915	2.970552
8161917	1.831362
8161919	6.985558
8161938	4.231586
8161943	6.48671
8161945	7.336323
8161964	6.069355
8161986	2.569343
8161988	8.633349
8162006	3.334664
8162019	5.684109
8162039	6.830021
8162047	9.925987
8162059	5.540419
8162080	2.586208
8162082	4.426902
8162084	5.635627
8162086	5.807861
8162117	8.580226
8162132	3.38445
8162140	6.785103
8162142	7.554918
8162147	9.192595
8162179	6.023192
8162183	5.072617
8162187	4.526393
8162191	6.303822
8162194	5.362545
8162214	5.687828
8162216	6.591662
8162231	6.494633
8162236	7.562522
8162247	7.162665
8162249	3.519035
8162254	5.493223
8162260	5.813148
8162264	8.34369
8162276	6.719732
8162283	5.717485
8162294	7.842926
8162311	5.025802
8162313	7.860864
8162352	6.187763
8162373	3.127698
8162388	2.436205
8162394	3.088279
8162404	4.152063
8162419	1.955419
8162421	6.895899
8162438	7.002284
8162449	5.838659
8162455	7.811672
8162462	9.428688
8162466	7.306252
8162470	3.741077
8162472	6.621999
8162479	6.171004
8162490	4.248346
8162492	3.379681
8162502	9.512224
8162514	4.573937
8162529	5.342173
8162531	10.37879
8162533	5.337177
8162562	5.672757
8162568	4.759229
8162570	4.533464
8162584	2.69412
8162586	7.12774
8162601	4.266083
8162610	5.845623
8162624	4.529521
8162631	5.076376
8162639	5.445461
8162645	9.626493
8162652	7.369696
8162664	6.145344
8162667	6.933877
8162669	5.306016
8162674	4.385137
8162676	6.133587
8162696	7.301509
8162706	5.265416
8162719	3.655292
8162729	7.138576
8162744	8.029674
8162759	8.027785
8162777	6.17235
8162803	5.961851
8162823	5.598806
8162825	7.365109
8162827	7.158471
8162833	8.011455
8162848	5.099336
8162850	5.850935
8162868	7.257734
8162870	3.186463
8162880	5.949278
8162884	7.070489
8162902	5.229636
8162908	3.477915
8162920	5.255116
8162927	2.327448
8162929	2.994361
8162931	2.818175
8162934	4.159639
8162936	2.732738
8162938	3.756315
8162940	8.569976
8162996	2.354047
8162998	6.60547
8163000	6.021993
8163002	8.644531
8163011	2.647502
8163013	6.284777
8163015	7.353019
8163017	4.976165
8163019	6.31596
8163023	6.859095
8163063	5.385198
8163084	3.504877
8163086	8.015265
8163105	4.042239
8163107	4.847772
8163109	5.166754
8163116	6.401539
8163147	5.736681
8163149	10.42445
8163181	4.698263
8163185	10.06747
8163193	3.028361
8163202	4.419271
8163253	3.254935
8163255	2.449663
8163257	6.31413
8163271	7.076157
8163273	3.682371
8163275	7.980656
8163326	5.902921
8163328	9.342857
8163341	3.792443
8163348	2.859562
8163381	2.375355
8163383	6.951907
8163402	9.228961
8163424	7.517232
8163426	7.358286
8163428	7.754771
8163437	7.056866
8163444	2.674345
8163452	6.830366
8163481	7.033569
8163485	6.090655
8163491	5.72126
8163505	7.252042
8163509	6.729338
8163525	6.600313
8163533	7.502461
8163535	5.791777
8163548	6.472706
8163569	6.487296
8163599	6.490598
8163614	2.303571
8163616	1.825214
8163618	6.906957
8163629	5.069513
8163637	4.383432
8163666	4.212715
8163672	3.851555
8163678	5.592957
8163710	6.203646
8163712	2.689802
8163714	9.958673
8163716	4.584513
8163729	6.091384
8163731	10.57778
8163733	6.287072
8163775	7.045703
8163784	8.060795
8163795	7.386347
8163807	5.312276
8163825	5.065579
8163839	3.884468
8163882	9.175601
8163892	4.922508
8163896	7.453753
8163908	3.99419
8163916	5.937866
8163930	6.593435
8163936	6.353159
8163948	6.848982
8163956	2.454677
8163958	5.137055
8163960	4.535969
8163962	5.830679
8163964	6.507445
8163972	7.294199
8163999	6.891327
8164002	6.30146
8164008	5.098066
8164013	6.565698
8164034	6.18937
8164060	10.81248
8164062	5.607192
8164067	8.031763
8164077	6.028063
8164087	7.275537
8164100	8.311708
8164105	6.160092
8164129	4.411328
8164131	5.761458
8164153	5.91409
8164155	9.479053
8164165	10.5952
8164177	7.912429
8164194	5.11677
8164196	4.635512
8164200	4.863528
8164210	6.255489
8164215	7.215605
8164217	11.21716
8164235	6.214691
8164243	6.446082
8164252	6.439399
8164269	6.852426
8164293	6.185546
8164304	7.393427
8164314	6.713814
8164328	5.976561
8164336	6.702189
8164343	9.710655
8164357	5.171394
8164362	7.95337
8164373	7.186056
8164396	3.432604
8164398	7.662743
8164426	6.574421
8164428	6.832166
8164438	4.905639
8164440	7.321469
8164452	7.125474
8164464	7.401726
8164481	7.368308
8164496	5.677671
8164515	6.644767
8164521	8.791557
8164535	7.748437
8164554	8.573833
8164560	5.645132
8164562	6.305927
8164572	6.426901
8164580	7.939184
8164587	7.086609
8164596	7.149179
8164607	6.923072
8164627	5.859086
8164630	7.058806
8164632	6.796296
8164644	5.507101
8164649	4.598002
8164653	7.165389
8164665	7.566108
8164692	4.976613
8164694	6.331618
8164696	9.068883
8164698	4.801624
8164701	7.898612
8164729	6.145049
8164742	6.018371
8164766	5.010067
8164781	7.526755
8164808	6.891291
8164810	7.972717
8164833	6.157487
8164843	7.291076
8164848	5.200488
8164853	6.872328
8164862	6.008398
8164870	6.685001
8164872	6.559082
8164883	8.907874
8164896	7.057714
8164907	6.111698
8164918	7.006553
8164931	5.653849
8164937	6.418848
8164940	6.2751
8164967	5.301084
8164995	7.456055
8165011	6.960682
8165021	6.42508
8165024	6.419982
8165032	4.578746
8165038	6.422924
8165046	7.408559
8165064	6.711664
8165077	6.974382
8165083	7.150315
8165094	5.805139
8165107	6.576765
8165131	6.432907
8165156	5.611071
8165171	5.998899
8165183	7.517231
8165217	6.381256
8165255	6.718778
8165258	7.889776
8165271	6.134183
8165277	6.4182
8165285	5.974501
8165295	4.555912
8165298	5.186033
8165309	9.049835
8165319	7.916945
8165334	8.34802
8165345	6.095643
8165398	6.521914
8165406	6.359159
8165416	6.653712
8165430	6.938525
8165438	8.305009
8165453	8.126323
8165458	6.35956
8165462	6.777451
8165478	6.198533
8165486	6.870777
8165492	6.287084
8165496	5.983658
8165498	5.257292
8165508	7.264987
8165512	6.648194
8165538	6.591204
8165552	5.915069
8165575	7.234124
8165610	5.993942
8165622	7.719964
8165630	5.468758
8165637	6.287084
8165639	8.92631
8165642	6.436184
8165644	12.67121
8165646	13.74654
8165648	11.37223
8165650	13.26465
8165653	13.33592
8165656	9.401068
8165658	9.248588
8165661	14.06088
8165663	5.721641
8165665	14.06643
8165667	9.308218
8165669	13.04879
8165672	7.187692
8165674	13.66498
8165676	13.51904
8165680	10.75972
8165682	10.98143
8165684	9.454853
8165686	13.62716
8165690	14.24108
8165692	7.743922
8165694	11.5971
8165696	11.49995
8165698	9.057298
8165700	10.67118
8165703	11.54558
8165705	12.06275
8165707	11.85042
8165709	11.12172
8165711	7.671103
8165723	4.408857
8165735	6.173767
8165752	4.507293
8165765	6.136625
8165773	6.307579
8165794	9.684682
8165808	6.438351
8165817	5.495955
8165833	5.106431
8165843	4.093736
8165856	2.733671
8165858	3.943512
8165860	3.8802
8165862	2.1486
8165864	2.798303
8165866	10.86844
8165881	6.046477
8165888	5.026708
8165890	5.943919
8165903	4.421622
8165905	3.464663
8165907	4.124836
8165911	6.002844
8165932	2.776987
8165934	5.925237
8165945	4.441013
8165947	6.207027
8165974	4.700288
8165993	2.847511
8165995	7.661849
8166006	4.221821
8166015	6.182697
8166028	5.006554
8166047	3.151587
8166049	7.136316
8166059	4.262626
8166065	4.437552
8166072	10.27829
8166079	4.636821
8166094	4.149652
8166096	4.560567
8166098	9.322191
8166104	7.460933
8166124	5.598555
8166127	3.780222
8166140	5.872569
8166157	3.090108
8166179	5.546637
8166182	3.60781
8166184	6.490918
8166195	6.45928
8166202	3.908885
8166211	4.9995
8166213	3.003323
8166219	8.913252
8166230	6.182487
8166243	6.879615
8166264	5.017487
8166266	6.251566
8166278	4.485656
8166289	8.671995
8166314	3.074427
8166335	7.476805
8166349	3.551413
8166351	4.571731
8166353	2.762372
8166355	4.825791
8166382	5.400755
8166398	5.969593
8166402	9.464366
8166408	4.750187
8166433	2.874726
8166438	3.324135
8166440	4.102732
8166442	9.227392
8166447	5.293103
8166455	5.704719
8166469	12.66985
8166481	2.887302
8166493	8.947386
8166498	2.980075
8166500	7.971663
8166509	4.807323
8166511	5.724209
8166525	5.757032
8166563	2.959995
8166565	4.037367
8166569	6.168122
8166571	4.352013
8166576	3.713469
8166580	6.961937
8166585	4.012003
8166587	4.00177
8166593	4.263226
8166607	4.740272
8166611	4.200973
8166613	4.995408
8166619	4.861487
8166630	5.643334
8166632	7.347043
8166657	4.430213
8166659	3.008858
8166661	6.641121
8166663	3.336859
8166665	5.772016
8166667	4.688988
8166669	4.669558
8166671	3.286037
8166690	4.086994
8166703	5.826878
8166705	6.369478
8166712	7.184225
8166714	5.436829
8166723	6.144791
8166730	6.572794
8166745	4.785794
8166747	6.528565
8166769	3.409687
8166784	5.318519
8166797	6.265934
8166805	9.084949
8166817	4.806717
8166819	7.265066
8166824	2.839297
8166826	8.554847
8166872	5.134768
8166876	10.29477
8166899	7.267295
8166906	2.679875
8166919	2.802643
8166925	7.712504
8166945	4.453849
8166948	7.826222
8166950	4.156117
8166956	8.449516
8166989	6.111255
8166997	2.810235
8166999	6.484097
8167006	6.722661
8167013	6.190588
8167027	3.682356
8167038	2.321284
8167040	6.751841
8167042	8.274384
8167069	9.424033
8167099	6.950132
8167103	7.663682
8167125	7.923689
8167150	4.264556
8167152	4.948916
8167163	5.809293
8167165	7.752974
8167185	8.493206
8167195	5.222194
8167198	6.078467
8167201	5.832071
8167210	4.825791
8167218	2.304172
8167220	4.883074
8167228	5.165186
8167234	8.100267
8167249	3.210739
8167251	5.119106
8167254	3.660829
8167261	3.82079
8167270	8.207059
8167287	8.533806
8167305	7.261405
8167314	6.645174
8167322	7.406454
8167334	6.85936
8167347	5.390649
8167356	5.48387
8167360	6.299531
8167369	6.516037
8167407	6.063529
8167412	7.686603
8167428	4.21185
8167430	7.720308
8167441	5.147497
8167443	5.775474
8167449	8.121487
8167457	6.361488
8167476	6.49366
8167482	4.268404
8167508	4.19772
8167526	4.103944
8167560	2.981666
8167562	4.268404
8167573	8.050586
8167575	6.173805
8167577	4.359792
8167584	4.359792
8167592	4.09038
8167601	4.808893
8167603	5.642045
8167623	5.818716
8167625	4.04494
8167638	1.855951
8167640	3.912104
8167642	4.637592
8167645	6.24231
8167650	6.05837
8167652	6.859215
8167654	5.775537
8167656	6.942835
8167673	5.779078
8167690	4.864473
8167693	4.990463
8167701	5.742813
8167710	5.742813
8167721	6.429384
8167726	2.161645
8167728	4.431435
8167742	3.234698
8167749	6.799668
8167758	5.475736
8167763	6.12113
8167772	4.66338
8167774	4.96517
8167784	3.731544
8167786	6.253032
8167790	6.252441
8167797	6.663281
8167815	7.380377
8167835	5.46975
8167854	6.60509
8167862	3.586449
8167866	3.531165
8167871	2.184465
8167874	3.618203
8167876	2.85729
8167878	2.531544
8167880	6.071186
8167887	5.589752
8167893	5.145035
8167895	3.794902
8167897	5.495044
8167910	2.781419
8167912	6.633508
8167924	7.833404
8167930	6.47406
8167942	6.935856
8167945	2.125051
8167947	3.00829
8167949	1.932365
8167951	2.506073
8167953	4.208521
8167957	4.060495
8167965	6.810447
8167971	4.418655
8167973	3.970414
8167998	6.398695
8168016	3.793697
8168018	8.018948
8168026	5.430121
8168028	5.27176
8168045	6.587025
8168058	6.044921
8168062	4.370313
8168079	3.797448
8168081	3.13762
8168083	4.995966
8168085	2.432426
8168087	8.469175
8168098	3.520626
8168107	4.694645
8168115	6.875858
8168117	4.195204
8168135	3.939403
8168146	3.574745
8168161	5.056911
8168163	4.656739
8168179	6.07275
8168203	3.936054
8168205	8.044025
8168215	7.391511
8168264	6.838506
8168274	6.269219
8168280	8.892602
8168291	5.078853
8168303	6.474544
8168316	8.585202
8168345	4.549768
8168357	6.68475
8168359	5.579327
8168362	6.158062
8168366	5.538735
8168373	5.890473
8168375	5.967473
8168387	5.423128
8168391	4.629968
8168393	5.888274
8168395	4.561866
8168399	6.359704
8168408	4.358582
8168412	3.516307
8168416	6.477036
8168420	4.29866
8168422	4.894699
8168424	7.029623
8168432	3.700338
8168434	2.319405
8168436	2.27948
8168438	6.874694
8168447	5.782827
8168456	4.099446
8168458	5.926526
8168461	4.405929
8168463	4.275515
8168466	2.364678
8168468	2.149772
8168470	6.057772
8168472	6.641521
8168500	10.52851
8168517	4.071452
8168524	3.269298
8168531	4.126395
8168534	3.689197
8168546	2.713672
8168553	2.330326
8168555	2.444269
8168557	7.47489
8168565	2.755134
8168567	5.83751
8168569	2.722106
8168578	6.465209
8168580	6.352143
8168589	3.990547
8168602	4.046064
8168604	5.034028
8168620	1.98678
8168622	2.879237
8168638	2.943608
8168644	10.18693
8168646	3.059141
8168650	4.412732
8168657	3.820278
8168674	8.067847
8168676	4.344702
8168678	2.634832
8168685	2.8194
8168687	3.480876
8168689	3.480335
8168691	4.517639
8168723	4.706274
8168727	3.59085
8168729	4.215768
8168731	4.364153
8168733	4.478624
8168735	2.426051
8168737	3.160619
8168749	9.026873
8168762	7.342957
8168779	4.945171
8168781	3.293232
8168790	6.312964
8168794	3.498787
8168817	4.618758
8168841	2.108354
8168843	6.191726
8168852	9.64803
8168855	4.543956
8168868	5.25347
8168873	7.653438
8168875	7.451511
8168884	2.747637
8168886	3.483891
8168888	2.963655
8168890	3.241458
8168892	6.165802
8168900	3.437912
8168940	3.505631
8168958	5.85095
8168968	4.280619
8168976	4.882239
8168984	5.420313
8168990	3.418255
8168994	3.53552
8168996	1.893003
8168998	4.415149
8169000	3.621877
8169002	2.875146
8169004	3.22162
8169006	6.01796
8169009	7.870436
8169015	4.311162
8169022	5.844687
8169028	7.18524
8169035	6.821234
8169044	8.542113
8169049	6.545254
8169056	3.774592
8169061	4.785468
8169073	4.071856
8169080	7.576365
8169083	3.77263
8169085	7.551596
8169094	3.711774
8169109	5.454613
8169115	3.630489
8169145	5.358061
8169154	3.247131
8169156	3.920691
8169158	4.454394
8169174	6.682509
8169186	5.499873
8169210	4.571471
8169221	3.220849
8169231	4.788969
8169233	5.903955
8169235	4.228668
8169240	6.412737
8169247	3.586132
8169249	6.970039
8169263	4.663527
8169272	6.489911
8169291	3.090607
8169294	6.002227
8169348	2.159463
8169350	13.06566
8169352	6.646046
8169361	4.195828
8169365	7.103638
8169378	3.627333
8169385	4.632138
8169389	4.260716
8169412	6.580678
8169419	6.15767
8169432	3.817516
8169437	4.295062
8169439	5.433085
8169441	5.400028
8169443	5.154645
8169445	5.386305
8169447	3.104116
8169459	5.45139
8169461	2.634832
8169463	5.444332
8169465	5.911861
8169467	3.477882
8169473	9.521403
8169492	3.402224
8169504	10.77647
8169519	6.134118
8169541	5.19567
8169580	8.668663
8169598	4.397588
8169603	5.745677
8169617	9.045508
8169624	7.011438
8169634	8.129932
8169638	3.42725
8169640	8.678007
8169645	7.975919
8169657	6.471874
8169659	8.066607
8169665	2.615777
8169676	4.260621
8169683	7.917577
8169687	5.097737
8169697	2.251984
8169699	5.61347
8169701	6.725616
8169709	7.52808
8169711	3.638213
8169715	2.996128
8169717	4.086116
8169740	10.76575
8169742	7.57528
8169750	7.700466
8169790	2.514243
8169792	4.066633
8169804	2.406003
8169806	5.958946
8169808	4.077868
8169811	6.790441
8169836	4.513936
8169859	6.304346
8169868	5.854565
8169882	6.196076
8169898	5.610905
8169904	5.500601
8169920	7.124793
8169928	6.575532
8169931	4.17034
8169947	3.243189
8169949	8.612027
8169965	2.619375
8169969	6.792611
8169984	6.350326
8169995	6.908876
8170007	5.812714
8170009	7.521917
8170013	5.273306
8170015	4.045405
8170024	5.787179
8170027	6.219399
8170052	4.052271
8170060	4.308875
8170068	4.766162
8170076	3.087458
8170097	7.170784
8170117	4.805819
8170119	5.754422
8170135	3.704715
8170159	4.093915
8170166	6.857134
8170179	9.184429
8170185	2.431586
8170187	3.290053
8170196	4.2015
8170198	4.049606
8170200	4.639548
8170208	3.51992
8170210	4.699166
8170213	3.619236
8170215	2.787792
8170228	2.085214
8170230	3.816914
8170232	3.940531
8170235	6.297049
8170237	6.350754
8170239	4.870873
8170241	2.865858
8170244	2.865858
8170247	8.451298
8170249	3.969047
8170257	3.792546
8170260	4.512434
8170273	4.596888
8170280	2.266277
8170282	4.391871
8170286	4.625139
8170288	3.315245
8170290	3.246798
8170292	2.561854
8170294	2.248916
8170296	2.727606
8170298	5.338033
8170300	6.0212
8170302	3.465786
8170307	4.588725
8170319	2.956871
8170322	5.15244
8170324	3.00494
8170326	7.763334
8170353	6.429156
8170360	13.86266
8170362	4.200158
8170364	5.031428
8170390	9.645701
8170393	6.295696
8170400	5.465078
8170402	5.02814
8170407	7.399817
8170412	7.977222
8170418	5.040044
8170420	4.888528
8170428	6.858306
8170443	7.599508
8170464	2.501537
8170466	2.639148
8170468	5.764322
8170476	4.344839
8170479	6.824587
8170488	3.392714
8170507	4.756255
8170513	5.387251
8170520	3.72213
8170531	4.801418
8170538	4.228158
8170553	7.08569
8170562	6.05217
8170576	4.920293
8170580	4.615392
8170590	6.921191
8170602	9.429983
8170622	6.460237
8170630	5.925704
8170633	4.902117
8170635	6.005001
8170644	5.94605
8170648	6.224924
8170662	8.026851
8170671	5.258497
8170695	7.462474
8170702	5.296779
8170704	6.235323
8170716	6.309192
8170753	6.575252
8170775	6.859464
8170786	6.558191
8170794	5.636518
8170803	5.82358
8170811	3.594137
8170816	5.12811
8170825	5.150712
8170834	4.680131
8170850	6.911666
8170859	8.973369
8170863	9.411149
8170865	6.607336
8170882	9.494238
8170891	8.614939
8170906	7.508945
8170921	5.964466
8170955	6.26519
8170963	3.986969
8170965	7.662814
8170971	6.258154
8170990	4.871338
8170992	5.354116
8170994	5.095564
8170998	7.276011
8171001	5.666314
8171006	6.879585
8171013	4.847625
8171024	4.922694
8171026	5.100301
8171029	7.325122
8171032	3.19621
8171034	3.65781
8171041	8.322202
8171052	6.773542
8171066	7.914793
8171079	6.171463
8171087	6.240823
8171105	3.959677
8171111	9.97952
8171119	6.540965
8171136	5.580863
8171139	7.83745
8171148	7.569018
8171161	4.79929
8171170	5.218031
8171172	6.85173
8171180	6.576315
8171182	5.726656
8171193	3.735734
8171195	2.75282
8171199	2.383101
8171201	2.311847
8171203	5.209386
8171205	5.41079
8171216	6.002139
8171222	7.261964
8171229	6.332525
8171240	6.673536
8171248	4.01637
8171260	2.658661
8171271	3.428506
8171284	5.25973
8171295	4.686144
8171297	5.720083
8171311	2.949958
8171313	4.729376
8171334	2.23571
8171336	6.492337
8171338	2.894647
8171348	2.680139
8171350	5.639081
8171352	5.258986
8171359	3.220065
8171373	6.118597
8171381	3.474744
8171392	3.816379
8171403	3.806355
8171418	7.463799
8171427	3.995416
8171435	6.794864
8171449	7.632231
8171472	4.274425
8171481	4.376115
8171489	2.603713
8171491	5.344392
8171493	7.143197
8171516	8.286664
8171533	2.006198
8171535	2.853383
8171537	3.229906
8171539	6.441122
8171545	3.156666
8171561	3.023004
8171577	2.748319
8171579	4.174885
8171587	6.122508
8171624	3.779433
8171653	4.019392
8171684	6.800637
8171708	6.455611
8171723	5.04587
8171725	4.836239
8171747	8.38358
8171758	6.150052
8171760	5.174605
8171762	8.136877
8171786	7.176778
8171791	3.168747
8171798	4.408098
8171800	3.486979
8171802	6.2595
8171823	5.279301
8171834	9.294291
8171837	6.0539
8171844	4.807323
8171846	5.834186
8171848	4.866678
8171865	6.831737
8171867	6.846839
8171874	4.135362
8171876	5.034958
8171879	4.597722
8171883	3.386183
8171885	4.593596
8171890	5.633238
8171892	4.172548
8171896	3.322428
8171901	8.908279
8171917	5.725856
8171921	3.829824
8172017	4.634359
8172022	6.792465
8172026	2.836662
8172028	6.322502
8172030	6.760598
8172032	5.793335
8172035	7.175255
8172043	4.369823
8172056	5.261361
8172082	3.330438
8172084	2.226375
8172088	7.237869
8172110	6.945871
8172119	8.030865
8172154	10.41779
8172158	6.444807
8172189	2.17459
8172191	10.225
8172193	2.384321
8172195	2.73268
8172197	5.182004
8172204	5.262927
8172220	4.464658
8172225	3.292728
8172244	7.063126
8172252	4.029837
8172254	3.983657
8172266	4.758684
8172268	4.085025
8172270	7.019856
8172272	2.255687
8172274	5.066948
8172280	7.020857
8172296	9.398738
8172305	3.368781
8172307	6.147609
8172317	5.556344
8172333	6.410808
8172345	6.756221
8172358	7.198901
8172367	3.955368
8172369	5.533985
8172379	5.723015
8172387	2.981788
8172395	3.534291
8172399	3.225536
8172406	3.568197
8172415	3.8569
8172425	5.014008
8172443	7.649772
8172445	2.926822
8172447	7.219942
8172453	7.006915
8172460	6.681529
8172471	5.976909
8172478	7.844308
8172493	4.321429
8172504	6.319585
8172520	6.834224
8172531	5.912795
8172538	7.971063
8172548	6.972848
8172561	6.038543
8172573	5.503989
8172580	5.685925
8172631	6.098921
8172647	4.162014
8172654	5.806816
8172656	4.223329
8172658	3.629262
8172660	4.194622
8172670	3.930726
8172698	5.379409
8172708	2.823399
8172711	4.396363
8172713	8.760237
8172715	6.859215
8172717	3.265478
8172719	4.864473
8172722	5.779078
8172739	5.742813
8172749	4.990463
8172757	5.742813
8172766	5.742813
8172776	5.080454
8172781	4.453159
8172787	4.292586
8172800	3.51223
8172803	5.798081
8172806	6.390742
8172813	7.180723
8172827	8.727416
8172858	6.021308
8172876	6.507426
8172905	7.780355
8172914	8.731243
8173005	3.92253
8173007	4.333352
8173009	7.672062
8173039	2.320094
8173041	5.709865
8173059	4.590442
8173086	5.311586
8173106	5.225654
8173120	4.238306
8173135	5.873919
8173148	4.123625
8173154	2.990215
8173156	7.468652
8173158	1.872667
8173160	2.421061
8173162	2.85992
8173166	4.853788
8173168	4.460227
8173174	5.306115
8173176	5.45507
8173179	5.676848
8173181	5.578702
8173189	6.652478
8173198	3.692225
8173201	8.444936
8173204	5.825188
8173206	6.444701
8173208	6.024828
8173217	6.102459
8173232	5.309541
8173238	4.036625
8173245	5.210822
8173261	5.637248
8173269	6.550225
8173287	5.861743
8173299	5.331007
8173308	2.443319
8173310	6.168049
8173338	3.829088
8173340	6.210615
8173349	4.494063
8173358	2.353128
8173360	4.104654
8173362	2.340489
8173364	6.193483
8173366	6.517182
8173373	5.431793
8173381	3.168131
8173412	3.018822
8173414	5.289904
8173428	6.881658
8173430	7.266094
8173437	5.00436
8173444	7.429941
8173457	6.075298
8173486	5.787958
8173493	7.34491
8173501	2.301707
8173503	5.042742
8173506	3.923698
8173513	11.30404
8173522	3.651994
8173524	5.299448
8173531	6.608952
8173551	5.634923
8173579	2.840882
8173581	5.674412
8173583	5.661976
8173596	5.709865
8173600	4.160962
8173605	3.693487
8173607	9.171801
8173609	3.109824
8173611	5.789451
8173613	10.34813
8173615	7.118779
8173621	4.517929
8173629	5.853652
8173647	3.429411
8173665	3.830533
8173671	4.586506
8173673	6.744251
8173713	8.518806
8173729	7.536646
8173732	5.87921
8173745	4.37275
8173752	3.267338
8173755	3.782806
8173766	7.75388
8173812	4.315114
8173823	2.466023
8173825	5.653706
8173848	4.040034
8173862	3.161523
8173869	8.452788
8173890	3.959963
8173892	5.703549
8173912	7.613876
8173915	1.954425
8173917	3.698793
8173922	2.398448
8173924	4.362169
8173926	4.202899
8173928	3.954992
8173930	3.269448
8173933	3.677698
8173941	10.47695
8173955	8.03383
8173977	3.436104
8173979	6.228356
8173999	7.080341
8174005	6.771917
8174026	7.215546
8174029	4.140697
8174045	2.983621
8174047	5.62447
8174051	4.667728
8174076	7.980436
8174086	7.658301
8174092	5.548282
8174103	8.806557
8174105	4.619215
8174119	5.327805
8174132	2.168182
8174134	6.878402
8174141	4.589576
8174149	3.633805
8174189	2.684078
8174193	4.88729
8174195	6.119383
8174197	3.062633
8174199	3.512204
8174201	4.542127
8174207	4.221447
8174226	4.844688
8174228	6.462312
8174235	4.515714
8174239	5.4534
8174246	6.522381
8174251	3.540429
8174253	8.070482
8174263	4.940307
8174271	5.44517
8174277	2.880112
8174279	5.763125
8174281	3.486217
8174283	4.872477
8174288	5.578551
8174291	4.326274
8174297	5.642512
8174302	2.098268
8174304	3.098245
8174311	2.23076
8174313	5.51736
8174317	5.777378
8174322	5.087227
8174338	6.851645
8174340	5.294705
8174351	3.52266
8174361	7.924537
8174373	2.405039
8174375	6.447518
8174379	7.053022
8174389	5.542253
8174442	3.091307
8174444	3.758318
8174448	3.846067
8174469	6.510195
8174474	6.866749
8174494	2.085167
8174496	7.649311
8174507	4.662807
8174509	9.569665
8174513	4.655623
8174527	4.988863
8174543	4.073135
8174554	4.258586
8174556	4.22061
8174568	4.508803
8174576	5.952859
8174592	5.630698
8174594	3.206877
8174596	5.456439
8174598	2.494744
8174610	3.434258
8174634	2.309481
8174636	9.42205
8174642	6.833208
8174646	3.978173
8174648	4.261143
8174654	5.167864
8174664	3.812609
8174666	4.308875
8174668	2.261954
8174670	3.96724
8174675	5.838753
8174677	7.198282
8174684	4.920607
8174692	5.144023
8174710	8.55394
8174715	2.756025
8174717	5.687271
8174731	4.890399
8174737	5.248019
8174750	4.260621
8174755	4.661813
8174761	5.241743
8174767	5.219943
8174779	8.764176
8174794	7.751939
8174820	5.756321
8174831	6.352184
8174837	6.304803
8174841	6.304803
8174845	6.304803
8174849	6.304803
8174853	6.341141
8174862	6.304803
8174867	6.304803
8174872	6.304803
8174876	6.304803
8174882	6.304803
8174887	3.174376
8174889	5.385131
8174891	7.077862
8174893	7.112267
8174933	2.59872
8174937	4.549767
8174968	6.407559
8174970	13.72146
8174972	5.884592
8174975	4.103317
8174977	5.606232
8174979	3.994375
8174983	3.76172
8174985	6.556887
8175016	5.959526
8175023	8.465387
8175039	6.658636
8175052	6.67129
8175076	4.948969
8175096	2.238458
8175098	5.613287
8175102	5.912457
8175119	6.152915
8175121	5.07248
8175151	3.874657
8175153	4.43389
8175155	3.99019
8175169	7.253266
8175177	6.252561
8175193	2.011075
8175195	5.280166
8175206	2.770881
8175209	3.257992
8175215	3.167446
8175217	4.23837
8175232	4.625138
8175234	4.277047
8175246	3.177681
8175248	2.835628
8175250	2.165116
8175252	2.569935
8175254	5.083823
8175256	6.923541
8175261	5.684823
8175263	4.216012
8175267	4.476642
8175269	7.016589
8175288	6.911393
8175297	2.251662
8175299	7.608269
8175302	7.213797
8175308	6.323618
8175311	4.587788
8175315	5.252757
8175317	5.273306
8175319	5.425235
8175330	4.365501
8175332	2.356158
8175336	3.818254
8175344	3.757721
8175353	3.573506
8175360	6.968887
8175365	3.434966
8175367	3.407494
8175369	4.053107
8175391	5.378499
8175393	5.8189
8175418	2.45059
8175420	7.657938
8175432	3.067038
8175434	5.262401
8175436	5.528625
8175438	5.92217
8175440	3.245282
8175442	4.794525
8175444	5.480437
8175455	7.217264
8175457	3.317746
8175490	2.927357
8175492	6.207145
8175524	3.062966
8175528	7.649394
8175531	3.255167
8175537	10.71111
8175539	6.357221
8175543	4.312567
8175550	3.969047
8175558	5.960254
8175562	3.494482
8175568	4.67163
8175570	3.6337
8175572	3.545638
8175574	3.548688
8175578	4.082795
8175583	2.334548
8175585	6.469663
8175587	3.804013
8175589	3.768163
8175591	3.640183
8175593	8.706393
8175609	6.867088
8175611	7.399817
8175616	5.02814
8175621	7.409614
8175629	4.211085
8175638	5.216022
8175642	6.743669
8175647	5.714882
8175662	2.22366
8175664	5.851411
8175666	8.555342
8175683	7.042784
8175685	6.120744
8175690	5.3723
8175696	3.869118
8175706	3.510711
8175708	3.42475
8175710	4.660014
8175724	5.1259
8175732	5.907564
8175747	5.809555
8175755	6.379645
8175763	6.14717
8175768	6.282663
8175773	4.902117
8175775	4.260851
8175782	6.295044
8175802	6.257126
8175808	6.673289
8175811	6.989155
8175815	6.305207
8175835	8.056499
8175844	7.589897
8175860	5.789911
8175871	5.822992
8175900	6.618855
8175924	6.0723
8175933	5.414524
8175947	6.830447
8175977	7.38648
8175998	7.325001
8176006	4.712995
8176012	4.712995
8176018	4.948013
8176026	6.719335
8176076	6.178122
8176091	7.358478
8176093	6.798538
8176098	6.536845
8176109	7.583278
8176117	7.701044
8176133	7.857866
8176149	7.662814
8176155	3.957084
8176159	8.55779
8176163	5.380562
8176174	5.520978
8176191	8.768648
8176193	4.004441
8176219	4.899684
8176230	4.651384
8176234	4.816941
8176243	3.19621
8176245	7.462258
8176249	5.095564
8176253	4.635146
8176255	6.217563
8176263	5.87921
8176276	6.107717
8176280	2.149772
8176282	7.536646
8176284	4.405929
8176286	7.855166
8176297	4.408857
8176306	6.173767
8176323	4.507293
8176336	6.134644
8176342	6.307579
8176360	9.684682
8176373	3.870526
8176375	4.368897
8176384	4.241229
8176395	11.39091
8176397	3.118538
8176400	3.678631
8176419	5.396922
8176427	5.200749
8176429	5.049903
8176435	4.58732
8176442	4.853766
8176460	5.507406
8176469	2.616688
8176471	3.347448
8176476	2.6812
8176478	2.318418
8176480	2.294717
8176482	7.307382
8176484	5.243772
8176494	5.062005
8176508	5.227118
8176517	5.375692
8176524	5.259645
8176532	4.883309
8176544	5.234518
8176553	4.918441
8176558	4.563747
8176568	4.946157
8176570	6.091651
8176572	6.038851
8176574	4.903215
8176576	4.337744
8176578	3.064345
8176624	3.986764
8176644	5.404574
8176648	7.100845
8176650	6.500255
8176655	4.702304
8176663	3.441275
8176665	4.123178
8176667	6.73332
8176669	5.424815
8176671	3.777833
8176673	2.679461
8176675	2.649715
8176677	6.119317
8176679	4.026848
8176681	3.010951
8176692	3.121753
8176698	5.018339
8176709	3.216262
8176719	3.82515
8176730	3.525695
8176737	3.132576
8176742	2.971164
8176753	3.263686
8176766	3.324073
8176782	5.109205
8176789	3.333477
8176806	5.415213
8176815	2.438248
8176817	2.392578
8176821	3.335434
8176832	3.967085
8176865	5.909492
8176867	3.335434
8176878	3.967085
8176910	7.175401
8176921	9.033216
8176923	5.007546
8176926	3.675404
8176931	2.700393
8176933	4.0363
8176935	5.676001
8176941	2.438248
8176943	2.392578
8176947	2.261
8176949	3.64204
8176951	3.570757
8176955	3.65781
8176962	8.322202
8176972	6.773542
8176986	6.259275
8177003	9.97952
8177011	6.369747
8177026	5.580863
8177029	7.83745
8177038	2.736409
8177044	2.573779
8177046	5.774587
8177048	4.918441
8177053	4.563747
8177061	3.395992
8177070	2.31666
8177072	3.88895
8177079	2.835392
8177081	4.295069
8177083	3.245296
8177085	3.037094
8177092	4.093878
8177096	4.087012
8177101	4.58732
8177108	5.049903
8177114	5.200749
8177116	4.071601
8177118	4.322773
8177120	6.694825
8177130	3.921833
8177137	3.643574
8177169	6.500255
8177174	1.999375
8177176	3.441275
8177178	6.119317
8177180	2.649715
8177184	2.679461
8177186	3.43336
8177189	5.424815
8177191	6.73332
8177193	4.123178
8177195	3.121753
8177201	3.010951
8177212	4.026848
8177214	2.887715
8177217	7.075864
8177222	10.01584
8177227	2.50256
8177229	4.436541
8177232	4.740255
8177261	3.498817
8177269	3.604625
8177273	6.315487
8177277	3.188609
8177280	3.81937
8177282	4.668565
8177290	3.263686
8177303	2.799703
8177323	5.354285
8177331	3.379743
8177344	5.013309
8177347	5.109205
8177354	3.967085
8177387	2.261
8177389	2.392578
8177393	2.438248
8177395	5.676001
8177401	4.0363
8177403	2.700393
8177405	3.675404
8177410	5.007546
8177413	7.175401
8177424	9.033216
8177426	4.304142
8177449	3.335434
8177460	5.909492
8177462	7.418315
8177478	5.321369
8177498	6.672806
8177507	5.70658
8177527	6.702213
8177544	9.113909
8177554	2.947826
8177560	6.568678
8177601	8.814284
8177620	4.380272
8177628	7.098218
8177635	5.73755
8177647	7.317569
8177658	5.189086
8177669	10.39363
8177674	5.898725
8177694	3.910559
8177696	3.576926
8177698	3.585322
8177700	3.442468
8177704	5.980224
8177706	4.748031
8177709	5.378067
8177717	8.49289
8177725	11.59066
8177732	11.79019
8177740	4.587453
8177744	7.710538
8177750	5.550004
8177760	6.733586
8177770	6.340518
8177782	7.247597
8177788	11.09213
8177797	7.762113
8177824	7.104767
8177834	5.649219
8177851	5.915906
8177858	9.194683
8177867	9.173805
8177885	5.775589
8177901	6.8239
8177931	13.19711
8177938	5.027426
8177947	4.920902
8177951	6.196348
8177955	7.370577
8177964	6.290075
8177967	6.629858
8177976	5.489569
8177983	6.226664
8177988	7.4813
8177996	4.963731
8178011	7.500154
8178043	5.953654
8178050	9.919821
8178059	6.54348
8178063	5.96848
8178070	6.280439
8178074	6.549529
8178080	8.093401
8178086	11.94445
8178090	7.274684
8178095	6.987301
8178115	8.333099
8178136	6.377923
8178164	6.289433
8178177	6.177571
8178188	8.316106
8178193	9.833044
8178199	8.682827
8178205	6.709571
8178211	6.476761
8178220	7.581005
8178225	7.776891
8178234	6.78916
8178244	7.137212
8178253	9.660388
8178264	7.460129
8178270	5.834745
8178275	3.998992
8178283	3.367783
8178285	3.646256
8178287	2.37503
8178289	3.407133
8178291	3.459131
8178293	3.403986
8178295	6.562797
8178298	5.791471
8178322	8.861605
8178324	4.615922
8178326	9.210855
8178330	7.21542
8178338	4.728151
8178346	7.232007
8178358	8.049603
8178377	6.943192
8178399	5.416602
8178404	5.2448
8178419	7.477422
8178435	9.739022
8178439	5.975304
8178442	6.590132
8178445	6.668581
8178448	6.672359
8178470	6.972333
8178476	9.226603
8178489	11.36048
8178498	11.45785
8178508	5.791343
8178512	8.326003
8178517	6.230513
8178526	8.536168
8178552	7.295389
8178554	5.277626
8178561	6.680289
8178582	5.972198
8178586	6.223348
8178590	6.631466
8178598	8.93471
8178609	6.76862
8178641	5.737956
8178650	5.611748
8178653	10.21719
8178676	9.718779
8178683	6.338741
8178686	7.306157
8178699	5.866428
8178712	5.797507
8178727	8.15552
8178749	6.08357
8178754	6.513184
8178762	6.904681
8178771	6.477643
8178790	7.113379
8178795	6.134594
8178802	9.048641
8178811	9.209616
8178826	8.069801
8178833	4.930909
8178841	7.081045
8178855	7.16368
8178867	8.140489
8178882	4.56726
8178884	7.593884
8178891	9.212346
8178897	6.539514
8178903	7.530905
8178917	8.247095
8178939	6.717687
8178955	8.225707
8178977	9.34165
8178988	7.390084
8178991	6.292839
8179003	3.910559
8179005	3.599014
8179007	5.980224
8179009	4.748031
8179011	4.988616
8179019	8.346104
8179028	7.621794
8179034	11.59066
8179041	11.89114
8179049	11.79334
8179055	6.18648
8179060	5.550004
8179070	6.733586
8179080	6.67913
8179088	6.340518
8179097	7.247597
8179103	11.09213
8179112	7.762113
8179139	7.104767
8179149	5.764047
8179167	5.915906
8179174	9.194683
8179184	9.162211
8179205	5.775589
8179221	5.237555
8179224	13.60802
8179228	4.950856
8179235	6.485257
8179238	5.585481
8179246	6.290075
8179249	6.629858
8179258	4.848513
8179263	6.226664
8179268	7.4813
8179276	4.963731
8179291	5.953654
8179298	9.66844
8179309	6.280439
8179313	6.520514
8179322	12.51427
8179324	11.94445
8179326	7.274684
8179331	6.987301
8179351	8.867805
8179364	6.368461
8179391	6.418386
8179399	5.937536
8179440	6.177571
8179451	6.089572
8179472	7.322855
8179481	9.430791
8179489	8.682827
8179495	6.476761
8179504	9.670909
8179519	8.261207
8179525	7.776891
8179534	6.78916
8179544	9.660388
8179555	7.460129
8179559	5.834745
8179564	5.254198
8179575	7.134209
8179587	3.367783
8179589	3.646256
8179591	3.459131
8179593	3.403986
8179595	5.798013
8179617	7.353631
8179628	4.625139
8179638	7.569131
8179648	6.879602
8179664	8.049603
8179683	5.416602
8179688	7.477422
8179704	9.538739
8179709	7.24189
8179713	5.973566
8179716	6.085608
8179719	6.726745
8179727	5.890842
8179731	11.46849
8179750	9.332009
8179762	5.38422
8179768	8.326003
8179773	6.230513
8179782	8.536168
8179808	7.295389
8179810	5.972198
8179814	6.144795
8179819	6.631466
8179827	8.959251
8179839	5.737956
8179848	5.611748
8179851	9.348473
8179861	10.21719
8179884	6.721951
8179913	7.306157
8179926	5.199282
8179935	5.797507
8179950	6.513184
8179958	6.904681
8179967	6.687425
8179987	6.874296
8179996	6.134594
8180003	9.144149
8180022	8.069801
8180029	7.670297
8180034	7.03204
8180049	7.16368
8180061	8.140489
8180076	4.56726
8180078	6.557869
8180086	7.593884
8180093	6.102515
8180100	9.169315
8180105	6.539514
8180111	7.365894
8180123	8.293097
8180144	8.225707
8180166	9.472488
8180179	6.134456
7899375	3.885287
7899600	4.739769
7899795	6.718808
7900197	7.9596
7900508	5.754973
7901338	2.940924
7901416	3.818731
7901495	2.632306
7902223	5.307882
7902493	6.377201
7902685	3.090646
7904691	1.964443
7904867	2.471149
7904946	2.471149
7905039	1.741532
7905127	7.566876
7905129	3.353588
7906233	2.072977
7907747	3.387675
7907788	5.870652
7909125	2.675412
7909283	5.426787
7910140	3.370882
7910583	2.263949
7910676	5.912242
7910692	2.51246
7910946	2.747521
7911566	5.662257
7912207	3.825442
7912209	3.092936
7914139	2.718817
7914350	6.26202
7914665	6.145735
7914807	3.087615
7914921	4.065739
7916075	2.494873
7916627	4.042226
7916783	2.319718
7918153	9.271934
7919153	3.343939
7919403	3.343939
7919574	2.741907
7919747	7.470455
7919778	3.348177
7919969	4.783362
7920025	5.615192
7920256	5.470349
7921220	4.681486
7922992	3.480039
7923005	4.484908
7924205	2.833371
7925126	2.986971
7925318	6.255508
7925440	4.396383
7925509	5.670197
7926366	1.955419
7926443	2.75282
7926484	2.992305
7926898	2.504083
7926979	5.570891
7927548	4.199848
7927852	4.66309
7928328	2.133731
7928815	2.668492
7929956	2.378008
7930274	2.844576
7931027	4.186568
7932614	2.723469
7932883	5.944593
7933088	2.388878
7933178	7.417973
7933840	3.285747
7933945	8.937865
7933976	8.15744
7934566	6.393373
7935859	3.641999
7936282	2.128067
7936318	2.72691
7936966	6.681335
7938588	2.654114
7939640	3.13642
7941170	2.195301
7942061	5.183191
7942542	3.903702
7942611	6.849165
7942983	3.436037
7943191	2.325573
7943550	2.208096
7943734	2.315135
7943777	3.496244
7944162	3.555604
7945031	2.429028
7946659	5.762969
7947915	6.608344
7947932	2.598475
7948033	4.174947
7948139	2.514494
7948397	7.561565
7948416	3.177272
7950030	3.944092
7951349	3.955368
7951435	2.797007
7951668	3.638312
7952396	3.200995
7952599	3.165185
7953685	2.504455
7953934	3.930435
7954434	9.771896
7955074	2.183724
7955421	2.69832
7956892	4.192106
7957041	3.327342
7957497	2.165295
7957568	6.404565
7957954	2.456853
7959823	2.200986
7959825	2.653786
7960359	6.823893
7960846	2.666049
7962181	2.285166
7964596	4.022336
7964598	3.131917
7964685	3.356698
7964720	1.925876
7964870	3.400411
7965224	2.432519
7965650	5.017854
7965836	2.721236
7965838	4.156443
7965842	7.054122
7965871	5.813912
7966299	8.448165
7966425	6.904299
7966684	3.195858
7967698	4.118912
7967967	3.590725
7968252	5.956856
7968911	5.683578
7968913	6.56299
7969768	4.288251
7970426	6.852577
7970674	5.843888
7970945	3.745939
7971124	4.005876
7971511	5.748711
7971640	3.994406
7971899	4.954088
7971903	2.098173
7972414	4.440585
7972748	5.726678
7973748	4.220827
7973865	6.222022
7974335	5.375737
7975404	3.247812
7976576	3.785292
7978909	6.328834
7979131	2.528343
7979689	3.460038
7980065	2.634832
7981486	2.75282
7981779	3.595889
7982751	3.165558
7982935	7.250667
7983252	4.825743
7983270	2.727908
7983525	3.667008
7984622	2.182668
7985308	2.425628
7985930	6.959654
7986325	1.989251
7986346	5.043467
7986635	2.522057
7988603	6.233918
7990806	2.170615
7992067	6.124628
7992131	5.60317
7992136	6.210259
7992458	6.969768
7992742	3.437037
7992841	6.053335
7995523	2.1999
7996391	4.663919
7997372	3.594232
7997700	7.836625
7998823	6.373016
7998841	6.373016
7999171	4.500278
7999382	9.373798
8000700	3.13236
8001183	3.003225
8001231	4.664351
8001392	2.285754
8002247	2.598049
8003226	4.983514
8003599	3.13236
8003889	7.524959
8004219	3.314041
8005433	6.591552
8006028	3.292098
8006319	7.25343
8006592	5.641197
8006679	5.287839
8007139	2.28777
8007605	2.12098
8008704	4.701056
8008967	6.597909
8012841	2.793761
8013507	6.654317
8013985	5.676896
8014863	4.414657
8015014	2.009067
8015796	4.04831
8016016	7.549271
8016733	6.534715
8018814	3.271999
8018902	5.394358
8020804	2.211341
8020971	4.549767
8021438	6.132151
8021961	2.543638
8022174	4.61749
8022424	5.937337
8022801	3.158358
8023547	2.218969
8023644	2.446693
8023755	2.141168
8027266	5.038151
8027429	4.205794
8027437	4.967743
8028002	6.13057
8029278	4.319521
8029375	5.834316
8029937	5.490084
8030197	6.154724
8030826	4.14388
8031615	2.493876
8035234	5.971947
8035787	3.196437
8035859	6.899867
8036557	4.199425
8038137	3.968489
8039945	5.662257
8040336	2.985384
8040465	6.121769
8040486	6.247918
8040616	2.027314
8041636	2.958517
8042221	5.800442
8042694	2.415948
8043022	4.936401
8043024	2.163581
8044698	2.677991
8045497	3.000509
8046644	8.328979
8047036	2.713068
8047185	4.830534
8047782	3.210313
8048108	6.48798
8049073	8.817702
8049235	4.168619
8050111	2.716479
8051234	2.345527
8052016	6.892917
8052303	2.085362
8052592	2.826688
8053447	5.568892
8053646	2.666804
8054939	5.237733
8055309	7.243541
8055482	2.737947
8055666	2.781631
8055670	2.123528
8055967	6.746348
8056043	2.518508
8057032	2.201274
8057561	2.805773
8058969	4.989086
8059275	4.610216
8059714	2.736549
8060609	7.279899
8060837	6.485891
8060986	2.505855
8061068	4.582827
8061539	5.021564
8061881	6.283272
8062204	5.904007
8062685	5.144588
8063185	3.616125
8065016	9.45557
8065196	8.2995
8065198	2.450618
8065903	5.305384
8066264	3.275577
8066292	4.71755
8066459	6.627667
8066528	2.96394
8067862	5.937337
8068018	2.419773
8068549	4.990664
8068733	2.814996
8069206	3.463002
8070871	5.101365
8070930	5.214189
8075057	4.55949
8075162	2.345138
8075308	2.329944
8075776	4.345776
8078153	4.371479
8078185	4.156358
8078384	2.24018
8078448	4.424328
8078603	5.762031
8078958	4.568065
8079058	6.623095
8079151	2.435565
8079368	5.766878
8079588	2.361816
8080909	5.923695
8080985	2.883769
8081034	2.171371
8082795	3.72788
8083061	3.539853
8083322	3.746794
8083590	3.266935
8083790	2.366848
8084810	6.213906
8084836	3.05076
8085060	3.560361
8085358	8.454138
8086515	2.311886
8086878	4.509785
8087545	5.914587
8088476	1.997036
8088915	3.553574
8089928	7.153055
8090446	2.545858
8091118	3.703185
8091186	2.152883
8091554	9.643614
8093035	6.180618
8093037	3.290822
8094391	4.421653
8094899	2.502558
8095260	5.497643
8095758	2.471079
8096413	2.583856
8096531	2.222018
8097285	2.353071
8097476	5.047061
8097645	3.145174
8097934	2.466747
8097936	6.554379
8098161	2.000349
8098463	2.452729
8099756	2.566157
8100123	2.282127
8100290	4.827985
8100426	7.151022
8100456	5.463649
8100521	5.60003
8100599	3.961223
8101063	2.469228
8102592	3.523041
8103538	2.396018
8103849	2.515876
8104070	4.870368
8104447	5.027188
8104650	2.013165
8104661	3.13803
8104928	3.428519
8105061	4.214287
8105179	4.728245
8105300	6.854609
8105321	5.437469
8106720	4.709644
8107131	3.446742
8107472	3.488292
8107644	7.385007
8108433	2.501537
8108979	3.155619
8109424	6.781635
8109661	2.644321
8110585	7.345712
8111666	4.251959
8111885	4.144095
8112018	2.854458
8112609	3.79504
8112738	5.709319
8112855	2.756774
8113639	3.559515
8113701	5.072735
8113707	2.285825
8114285	4.638007
8114579	1.930055
8114898	4.885694
8115344	3.912863
8115366	1.994183
8115541	2.208366
8115873	5.39775
8117170	3.056525
8117710	8.540401
8119076	3.669166
8120979	2.843381
8121085	7.302023
8121269	4.056733
8121483	2.169081
8122194	8.205729
8122816	4.537543
8122875	4.532873
8123101	5.404587
8123332	5.259898
8123712	3.648598
8124482	5.74871
8125443	2.993639
8125445	3.271282
8125857	6.079935
8126358	3.584562
8126627	3.168644
8127995	2.044033
8128075	4.926036
8128077	2.318013
8128327	5.784671
8129315	2.411275
8131867	2.686809
8132243	3.610402
8132501	7.267619
8132847	3.164055
8133845	2.961043
8134316	2.848764
8134431	8.817384
8136612	3.24721
8137040	2.687864
8137435	3.243716
8138007	9.897717
8139017	2.107694
8140168	3.472003
8140965	8.28378
8142017	5.869912
8142876	3.267803
8144947	2.996304
8145797	6.277332
8146326	2.935903
8146480	5.806681
8146754	2.85065
8147047	2.787893
8148194	4.453083
8148461	3.506341
8149069	5.476007
8149256	7.194213
8150087	9.018515
8150151	2.208923
8151030	4.71769
8151213	2.303852
8151279	2.973592
8151308	2.92053
8151434	2.353553
8151492	3.128953
8151989	3.09953
8152094	2.852618
8152367	1.941359
8152626	2.868862
8152701	6.317388
8152819	4.694297
8153320	7.155863
8154361	2.091984
8154365	4.654069
8154572	3.214697
8155212	2.788939
8156110	4.493398
8156579	2.375462
8156844	3.21114
8157485	2.013659
8157522	4.264009
8157605	4.374242
8157841	2.803114
8157888	2.616854
8158511	3.825082
8158664	2.438083
8158910	5.083177
8159848	3.910977
8159957	4.032909
8160084	2.34302
8160470	4.711823
8160784	2.75282
8161421	7.389104
8161644	3.774529
8162177	4.538806
8164006	1.877123
8166583	3.232602
8166609	2.538331
8167161	5.145194
8168672	2.309196
8169636	4.196156
8171531	4.729278
8171881	2.148812
8172086	7.050395
8172156	6.769938
8173164	3.536381
8173549	3.960401
8173627	3.040078
8174644	4.612702
8176415	2.386076
8176566	7.236399
8176779	4.016232
8177068	2.218412
7892796	13.85347
7892925	11.01198
7893130	11.75188
7893306	9.387348
7893613	10.0385
7893939	10.31215
7894584	8.2282
7894611	10.39503
7894970	14.07982
7895139	9.086876
7895220	11.11945
7896160	10.61606
7896366	12.50632
7896687	6.001636
7896688	5.784671
7896689	7.579065
7896690	7.993893
7896691	5.755452
7896692	7.381827
7896693	5.505983
7896694	6.106059
7896695	6.955921
7896696	7.998129
7896697	4.678357
7896698	9.090042
7896699	4.737725
7896700	4.899373
7896701	5.177276
7896702	5.590449
7896703	6.038645
7896704	8.305009
7896705	8.028372
7896706	4.853929
7896707	7.503242
7896708	4.446333
7896709	6.304185
7896710	4.596056
7896711	3.525652
7896712	6.489295
7896713	8.031074
7896714	4.666698
7896715	5.328413
7896716	9.329447
7896717	5.423887
7896718	4.700572
7896719	5.238039
7896720	5.488403
7896721	3.725682
7896722	4.643009
7896723	7.459882
7896724	2.37399
7896725	5.757066
7896726	4.429585
7896727	4.745327
7896728	4.997332
7896729	2.711406
7896730	3.882787
7892601	6.341353
7892698	1.961987
7892756	1.996532
7892815	2.490713
7892916	8.280493
7892943	2.022888
7892971	2.11598
7893026	7.896007
7893348	9.701273
7893368	2.022946
7893409	6.534744
7893426	2.538958
7893625	2.132818
7893643	2.819256
7893687	2.147522
7893988	2.009167
7894132	9.168561
7894198	1.918149
7894480	9.337601
7894592	9.421126
7894750	2.227786
7894862	8.686568
7894881	7.896851
7894892	5.730299
7894998	4.758213
7895078	3.363276
7895402	2.888618
7895613	1.898694
7895644	7.221676
7895667	2.38593
7895703	4.104949
7895732	9.456069
7895892	1.952803
7895923	9.242592
7895949	2.50194
7895968	3.414022
7895973	8.290239
7896216	1.955419
7896237	4.720957
7896388	8.782331
7896419	4.192065
7896573	6.010356
7896637	8.745874
7896658	2.181008
7896667	7.226066
7892501	3.810754
7892509	10.85826
7892514	8.146986
7892516	3.85795
7892521	7.569188
7892530	6.892418
7892536	8.706087
7892541	7.500916
7892542	7.396286
7892548	6.534788
7892549	7.292347
7892555	5.599535
7892556	10.95423
7892559	7.409737
7892561	9.769162
7892562	7.155379
7892564	10.24893
7892565	5.709696
7892568	9.672295
7892569	9.000686
7892574	9.295894
7892576	6.620612
7892578	4.090301
7892579	8.062597
7892596	4.428278
7892598	8.028418
7892599	8.708157
7892605	6.693255
7892609	3.131305
7892610	6.056651
7892618	4.985291
7892620	10.0427
7892621	11.26767
7892622	7.747621
7892623	7.873761
7892625	7.685029
7892627	8.121243
7892628	8.32436
7892630	9.152058
7892635	9.614544
7892639	5.606454
7892640	11.5069
7892643	8.094982
7892644	8.356232
7892648	8.539776
7892650	10.25434
7892652	11.34299
7892661	10.1671
7892662	8.250964
7892663	10.76961
7892668	8.348655
7892670	7.964697
7892674	6.493542
7892678	4.884997
7892679	3.922957
7892680	6.936119
7892682	2.2676
7892684	8.521006
7892687	6.030576
7892688	5.208385
7892694	6.817328
7892697	6.245902
7892699	5.577925
7892701	9.258754
7892703	8.449844
7892704	11.45663
7892717	5.773248
7892720	5.836934
7892732	7.002227
7892742	8.347776
7892745	8.397826
7892747	6.711152
7892757	7.597572
7892762	11.19633
7892764	8.193397
7892766	10.18256
7892770	8.888258
7892771	8.079165
7892773	7.355404
7892776	7.830951
7892778	6.007007
7892786	7.362344
7892788	10.61062
7892791	10.68686
7892797	8.895735
7892802	7.923436
7892803	11.11364
7892808	8.165662
7892814	8.576075
7892817	12.12211
7892820	9.119027
7892825	3.116865
7892829	11.04207
7892830	10.63438
7892831	8.996845
7892832	6.612954
7892835	8.498843
7892836	10.77377
7892837	9.697635
7892838	8.991205
7892841	8.472646
7892846	11.02567
7892847	7.780426
7892848	8.814437
7892853	10.17373
7892857	10.34882
7892861	9.827284
7892868	11.03615
7892870	6.002845
7892876	5.174169
7892880	9.354392
7892882	8.546062
7892884	8.847633
7892890	8.444757
7892893	7.339087
7892894	8.456375
7892896	10.98814
7892898	7.542411
7892900	10.30149
7892901	9.603957
7892902	12.68475
7892905	2.471326
7892906	11.74393
7892907	10.3833
7892911	7.477657
7892912	5.17345
7892919	7.744723
7892935	9.659217
7892939	8.382023
7892941	9.785167
7892944	7.452352
7892947	9.155993
7892951	7.456187
7892953	5.892155
7892954	9.042282
7892959	5.849648
7892966	9.736569
7892967	8.165005
7892968	7.943243
7892972	8.921679
7892977	9.905023
7892979	8.24517
7892981	8.8484
7892983	10.16337
7892986	9.510563
7892995	1.741532
7893001	6.005908
7893002	9.075336
7893005	5.479884
7893012	8.964684
7893015	12.6088
7893019	6.4135
7893023	8.104224
7893025	7.288586
7893027	5.8518
7893029	12.93264
7893030	6.489295
7893031	9.189593
7893032	5.730223
7893036	8.541275
7893039	10.41648
7893050	9.355928
7893058	8.034372
7893061	8.377
7893064	7.266775
7893070	8.537148
7893073	7.707671
7893074	7.806716
7893079	8.654454
7893081	11.22957
7893086	8.219573
7893087	10.30742
7893090	11.57062
7893091	5.816104
7893094	10.39184
7893097	7.548936
7893103	11.33341
7893113	8.091221
7893118	8.528908
7893122	7.134028
7893125	6.560486
7893128	6.719694
7893131	11.31956
7893133	10.66664
7893138	12.30318
7893139	12.08224
7893153	8.430153
7893160	8.941454
7893164	9.121392
7893166	3.876898
7893170	3.542529
7893173	11.83406
7893181	9.22027
7893184	6.118827
7893187	8.815659
7893191	9.839825
7893194	8.938691
7893196	9.492536
7893201	8.747788
7893205	11.55074
7893206	4.51144
7893208	7.584324
7893217	8.552263
7893218	11.7782
7893229	5.246166
7893232	6.416364
7893235	7.598135
7893238	10.17806
7893240	8.075979
7893244	10.74055
7893248	7.142273
7893249	7.368323
7893250	5.535124
7893257	7.907289
7893258	6.638037
7893259	9.090246
7893261	9.444964
7893262	8.128368
7893264	11.77357
7893266	9.990301
7893268	5.1808
7893270	10.93862
7893271	10.03582
7893272	9.512064
7893273	6.908148
7893277	7.164274
7893291	3.445893
7893297	8.868951
7893298	8.676374
7893305	3.295953
7893309	5.487754
7893313	8.318993
7893316	12.04247
7893325	6.122383
7893333	5.754652
7893339	7.277448
7893340	6.771439
7893344	8.723083
7893345	10.91317
7893346	6.312757
7893349	7.298609
7893350	5.896066
7893354	8.904259
7893356	9.976451
7893357	10.24987
7893359	3.416647
7893362	8.052478
7893363	6.245558
7893364	9.077267
7893371	10.71236
7893374	9.838919
7893382	10.54841
7893384	6.256772
7893385	9.492121
7893386	11.91049
7893390	8.232114
7893392	5.768995
7893393	13.54833
7893394	10.24073
7893395	9.450891
7893399	9.40785
7893407	10.12125
7893413	10.28682
7893419	9.479121
7893420	7.810432
7893422	11.86123
7893424	11.09081
7893439	10.46222
7893441	7.43806
7893443	7.39631
7893447	9.7591
7893449	8.622565
7893453	7.494029
7893454	10.95112
7893455	6.52259
7893458	8.331966
7893460	10.59258
7893461	7.809121
7893463	5.565208
7893466	11.67346
7893467	9.736862
7893476	9.144217
7893477	6.794182
7893481	7.512728
7893485	7.951712
7893486	11.82486
7893494	7.256294
7893497	6.090216
7893500	7.447841
7893504	8.443567
7893506	3.896657
7893516	10.45542
7893517	7.996265
7893518	8.584548
7893528	5.709865
7893530	10.91038
7893534	6.581643
7893539	10.4457
7893543	12.22127
7893544	7.224401
7893547	12.39353
7893549	5.039903
7893550	10.5572
7893551	7.809585
7893552	5.136658
7893554	9.255697
7893558	8.759149
7893559	11.15295
7893561	9.492923
7893564	12.52285
7893568	5.734782
7893571	10.1248
7893572	5.196688
7893573	8.524616
7893574	9.519741
7893582	12.49743
7893587	6.58282
7893591	9.837366
7893592	11.33098
7893593	5.852162
7893594	6.69274
7893602	10.44936
7893603	10.37964
7893608	8.572937
7893609	10.05491
7893619	8.585438
7893628	7.871147
7893630	5.258497
7893632	11.11879
7893639	8.734143
7893640	7.583595
7893641	9.804397
7893642	9.76893
7893647	10.99464
7893649	9.55194
7893650	11.81109
7893657	4.597339
7893662	11.54018
7893664	7.701653
7893676	9.14043
7893681	1.782379
7893682	7.354555
7893684	7.95872
7893685	9.933417
7893690	8.473955
7893700	7.80647
7893709	8.619029
7893711	11.35658
7893714	9.094157
7893715	7.90688
7893717	5.527412
7893721	4.354759
7893727	12.11966
7893729	6.812098
7893732	9.553782
7893733	9.569888
7893734	9.876128
7893738	6.189535
7893740	10.46114
7893745	6.924873
7893747	8.424496
7893752	7.884858
7893759	11.6121
7893762	13.30732
7893763	10.68833
7893769	7.577719
7893773	9.572748
7893774	10.702
7893777	5.938201
7893778	8.213769
7893779	8.763374
7893782	5.777606
7893785	10.09864
7893787	3.300414
7893788	8.503192
7893792	8.414112
7893793	6.054886
7893796	6.174242
7893798	4.094739
7893806	4.716644
7893808	11.79394
7893814	3.955368
7893815	10.99526
7893816	9.305134
7893821	6.518638
7893822	4.38294
7893827	6.736136
7893834	6.177314
7893840	8.001956
7893850	10.00053
7893853	9.006891
7893855	8.906369
7893856	6.625445
7893870	8.468996
7893880	10.35693
7893883	9.08644
7893886	7.809442
7893888	7.520495
7893892	7.3469
7893904	11.2257
7893905	8.120371
7893908	2.992703
7893910	6.617817
7893913	9.004416
7893918	5.204683
7893919	9.512147
7893921	6.854532
7893922	9.461393
7893923	11.73909
7893926	11.91724
7893928	8.960567
7893933	7.136517
7893941	8.12523
7893946	8.723014
7893948	7.486691
7893952	7.792282
7893956	11.57404
7893961	8.509432
7893963	2.182351
7893966	9.718022
7893968	7.726319
7893973	9.213112
7893979	7.97549
7893981	8.309412
7893991	7.698659
7894010	4.530812
7894011	6.10804
7894012	12.30349
7894019	9.986989
7894029	11.29899
7894033	10.51355
7894041	8.039119
7894042	9.017156
7894043	11.74079
7894044	11.42574
7894051	11.40128
7894055	8.509702
7894056	9.463429
7894057	10.95925
7894058	12.08086
7894061	7.846283
7894067	8.79645
7894068	9.156673
7894070	10.34466
7894072	9.058464
7894074	9.262557
7894076	8.588843
7894078	7.254254
7894083	10.66147
7894086	10.71311
7894088	8.811548
7894098	12.68902
7894100	10.012
7894104	9.528402
7894107	10.71706
7894110	11.13514
7894114	12.02709
7894115	9.39922
7894118	8.92857
7894119	8.708625
7894125	9.5814
7894134	9.016209
7894136	9.496061
7894138	7.523749
7894146	8.489863
7894157	2.009019
7894158	7.882707
7894160	9.415103
7894161	9.097166
7894165	5.898871
7894171	9.00907
7894185	9.001061
7894186	9.165063
7894188	8.180868
7894195	9.135031
7894196	4.314841
7894199	5.258496
7894204	3.695609
7894205	9.125567
7894209	6.949456
7894211	8.648981
7894212	7.465173
7894214	10.7284
7894226	6.721625
7894238	2.053396
7894239	10.22316
7894251	7.800448
7894252	9.196192
7894258	10.09969
7894262	10.06953
7894263	10.22469
7894264	10.48276
7894267	7.304346
7894269	10.00778
7894272	7.099588
7894277	5.351449
7894282	10.38569
7894284	8.919866
7894289	8.775527
7894290	5.735121
7894291	7.590849
7894294	10.749
7894295	8.249324
7894304	9.889843
7894306	8.217398
7894307	11.5271
7894315	6.966488
7894316	7.575577
7894321	7.725456
7894324	11.14508
7894329	4.182419
7894331	6.402468
7894336	7.01551
7894341	8.77599
7894350	4.596737
7894355	7.710799
7894363	7.744723
7894366	11.1487
7894372	10.95596
7894373	7.166632
7894374	9.408327
7894375	8.973202
7894376	7.450577
7894379	9.394581
7894380	8.880424
7894386	6.909169
7894389	8.961595
7894395	9.744001
7894402	10.30419
7894404	9.732252
7894411	10.43007
7894412	8.588162
7894413	9.844384
7894416	8.942822
7894419	7.591265
7894421	9.48785
7894427	5.81216
7894428	8.047838
7894429	9.985138
7894431	8.416705
7894433	9.844543
7894435	7.850832
7894436	8.1778
7894437	7.418368
7894438	6.876129
7894439	10.61587
7894449	8.89302
7894451	7.649394
7894459	7.439075
7894469	10.36118
7894470	7.730401
7894471	9.2789
7894474	9.040371
7894478	7.934291
7894479	7.536459
7894485	10.82601
7894489	7.567008
7894492	9.654683
7894496	9.29839
7894498	8.381098
7894501	8.889206
7894504	4.241886
7894512	11.01981
7894513	8.692856
7894515	7.795707
7894516	7.016969
7894518	5.171424
7894519	11.10921
7894520	10.16362
7894527	10.59233
7894529	8.223035
7894535	11.1871
7894536	10.74857
7894540	11.66292
7894542	11.6705
7894546	6.817048
7894548	9.276314
7894549	5.936056
7894551	12.34746
7894552	9.959412
7894555	7.183294
7894557	6.978561
7894558	6.835287
7894561	8.179497
7894562	6.046514
7894563	6.318303
7894570	2.75282
7894574	6.472387
7894579	9.322472
7894581	6.943816
7894583	6.990397
7894594	2.897212
7894596	11.32756
7894599	6.397807
7894604	8.39641
7894605	11.97249
7894617	8.142817
7894627	5.390228
7894634	9.297289
7894635	5.396803
7894637	8.977213
7894638	8.832126
7894639	9.377472
7894642	9.50145
7894648	6.597815
7894657	8.690676
7894661	11.22762
7894662	8.4983
7894665	7.31535
7894666	11.21183
7894672	11.82644
7894674	9.074347
7894675	8.619831
7894681	8.626151
7894682	9.052283
7894683	5.519414
7894685	10.02995
7894687	10.71073
7894698	7.690743
7894699	10.94092
7894700	4.960828
7894704	10.61514
7894708	8.543349
7894711	7.983307
7894712	8.401523
7894716	10.65842
7894722	8.135928
7894725	9.918691
7894732	7.378059
7894737	7.030907
7894740	11.39497
7894742	4.979334
7894744	9.953609
7894746	3.518245
7894757	9.829649
7894758	10.92231
7894761	11.03694
7894767	11.20093
7894769	8.876344
7894771	7.920056
7894774	10.373
7894777	6.184021
7894782	7.269551
7894788	5.834486
7894790	8.55235
7894791	6.22859
7894796	9.042654
7894798	9.924492
7894801	7.523291
7894806	9.726079
7894808	9.878592
7894813	7.191457
7894824	9.46271
7894826	8.824988
7894827	8.423856
7894834	7.083385
7894837	7.347213
7894838	8.104541
7894844	6.795491
7894845	9.820374
7894846	9.871971
7894858	10.43823
7894860	8.863499
7894873	8.123375
7894877	5.906671
7894878	9.180883
7894884	7.893953
7894896	9.726223
7894903	7.965222
7894906	7.077533
7894908	9.117442
7894914	10.73306
7894916	7.942332
7894919	8.422421
7894926	9.051358
7894927	4.690338
7894944	3.958965
7894946	2.142868
7894951	7.938879
7894964	8.842919
7894968	7.66931
7894969	5.676618
7894971	9.530909
7894974	5.87874
7894977	7.848855
7894978	7.199264
7894980	7.375517
7894982	10.3587
7894984	8.508631
7894990	10.58343
7894999	11.38756
7895001	8.732921
7895003	8.075362
7895005	9.578701
7895008	4.754992
7895012	8.235511
7895014	7.954414
7895016	8.552074
7895017	11.8856
7895018	7.625678
7895019	6.356169
7895026	6.33953
7895031	5.017614
7895032	7.31731
7895033	10.25386
7895034	9.166144
7895036	8.988536
7895038	8.823256
7895039	9.042956
7895042	8.492072
7895045	8.284491
7895052	7.89998
7895054	8.598506
7895055	8.842721
7895056	8.327769
7895057	11.86533
7895062	7.569806
7895067	7.922582
7895068	9.074752
7895069	7.415647
7895072	10.63036
7895077	8.062174
7895081	7.677904
7895082	8.750338
7895084	9.588055
7895087	9.798531
7895088	9.567138
7895089	11.60083
7895090	9.583304
7895091	7.723977
7895096	5.401225
7895098	6.421185
7895101	9.470912
7895105	4.372594
7895110	11.12327
7895112	11.56505
7895119	9.80232
7895121	6.789192
7895122	10.82059
7895123	8.669386
7895133	9.249113
7895136	5.258497
7895137	11.43667
7895145	7.45968
7895147	9.141749
7895149	10.7627
7895153	8.430455
7895157	9.404767
7895160	8.848719
7895161	9.634608
7895162	6.882761
7895168	7.523732
7895170	9.503372
7895171	7.620579
7895176	2.786035
7895177	8.787085
7895180	7.249865
7895186	6.076423
7895187	7.262258
7895192	8.71435
7895203	7.490265
7895214	10.29407
7895215	9.632154
7895221	7.775833
7895225	8.9203
7895226	9.218839
7895227	8.791203
7895231	8.732929
7895237	7.83504
7895238	9.832645
7895241	7.796328
7895246	8.70405
7895247	6.936775
7895248	11.51268
7895252	5.556893
7895256	7.941248
7895258	7.202107
7895263	9.898898
7895264	7.203011
7895267	8.124261
7895271	9.29126
7895272	10.06844
7895273	10.43038
7895274	9.987453
7895275	10.29222
7895276	10.30017
7895277	10.30631
7895283	5.22672
7895288	6.400829
7895289	8.245252
7895290	8.094868
7895291	4.112567
7895294	4.040152
7895298	6.403132
7895299	10.87473
7895308	7.54276
7895312	8.672127
7895317	10.97975
7895318	5.573145
7895320	9.063972
7895322	8.480979
7895324	8.143667
7895325	7.69716
7895328	11.50036
7895330	11.25106
7895331	3.343442
7895334	8.204269
7895336	9.426465
7895340	8.967458
7895347	3.47524
7895355	5.573009
7895356	7.5633
7895357	6.230873
7895358	8.931602
7895360	9.750056
7895365	5.701295
7895373	10.50034
7895376	7.081483
7895379	9.621296
7895382	11.73755
7895393	10.10632
7895397	5.671319
7895404	6.106815
7895405	9.712
7895411	7.456325
7895414	9.443513
7895417	6.532237
7895419	7.598587
7895422	6.622829
7895425	7.203715
7895427	9.994247
7895438	2.276167
7895439	6.631667
7895441	6.247416
7895444	10.26465
7895447	10.81194
7895468	2.265723
7895472	9.161849
7895475	10.87749
7895476	10.37006
7895478	8.253218
7895481	10.62743
7895484	10.31348
7895490	7.735395
7895492	8.447781
7895499	4.376233
7895509	6.974837
7895510	11.80754
7895515	9.023844
7895517	9.459538
7895518	9.49747
7895520	12.09535
7895521	10.005
7895525	8.692551
7895532	5.348636
7895538	6.755721
7895539	9.890918
7895542	8.907492
7895544	5.519448
7895545	12.1645
7895547	9.620728
7895548	7.120252
7895551	11.24282
7895554	11.52101
7895557	11.96612
7895559	8.80914
7895574	8.177813
7895578	7.995427
7895579	11.71321
7895585	7.8649
7895588	10.12979
7895590	6.952013
7895596	9.137989
7895597	6.622206
7895599	8.494163
7895602	11.79043
7895604	7.856291
7895606	10.59096
7895610	9.219175
7895614	4.800084
7895616	9.060945
7895619	8.749928
7895620	7.051456
7895622	8.536597
7895626	10.21992
7895629	8.643566
7895630	7.270006
7895632	8.115887
7895640	4.78221
7895643	8.201693
7895647	3.813453
7895656	7.519338
7895657	10.81249
7895658	5.960955
7895661	8.916867
7895665	8.393779
7895674	9.706213
7895676	8.040986
7895677	6.199347
7895681	6.82728
7895685	7.491755
7895687	11.04613
7895690	9.819952
7895691	6.664858
7895693	10.00037
7895694	9.494889
7895697	9.429124
7895704	11.9339
7895710	8.869201
7895719	8.833601
7895721	7.805042
7895726	6.975273
7895729	7.026984
7895737	7.731585
7895739	7.372666
7895752	6.854568
7895758	9.265424
7895759	7.573567
7895761	6.036028
7895762	11.04931
7895767	8.55121
7895770	7.554351
7895774	6.08271
7895778	10.89176
7895780	9.461882
7895787	7.02889
7895790	9.166603
7895791	7.415515
7895806	6.58552
7895808	8.907382
7895810	6.56652
7895816	9.275755
7895817	7.393167
7895818	9.25367
7895824	11.47726
7895831	6.96738
7895832	8.851727
7895841	9.706662
7895842	8.768692
7895846	8.439702
7895847	7.172164
7895853	7.266033
7895855	6.538141
7895857	6.157874
7895861	1.90127
7895866	9.557422
7895869	9.678387
7895873	11.10763
7895878	9.102108
7895879	7.435175
7895881	10.81932
7895885	9.461669
7895886	11.53934
7895890	7.688383
7895900	6.22238
7895901	6.408015
7895903	8.982134
7895904	8.247849
7895907	5.171753
7895908	7.133769
7895911	9.175796
7895913	8.331656
7895916	8.627057
7895918	8.492937
7895919	8.435555
7895928	11.59417
7895929	8.951862
7895932	8.395599
7895933	4.942852
7895934	9.443325
7895937	9.107849
7895939	9.097795
7895943	6.966946
7895944	10.25088
7895945	7.28561
7895947	4.569626
7895948	7.027824
7895952	7.825204
7895953	11.32779
7895954	8.132326
7895963	8.630433
7895964	9.93775
7895971	7.488816
7895972	10.19374
7895981	6.299691
7895982	9.322986
7895985	9.279226
7895994	11.67479
7895995	6.804378
7895996	8.700847
7895997	8.124824
7895999	6.921737
7896001	6.145049
7896005	8.202112
7896007	10.72527
7896013	4.606079
7896022	11.62263
7896025	7.670556
7896026	6.831884
7896029	10.59753
7896030	9.427873
7896036	9.899995
7896038	9.512615
7896039	7.92328
7896041	8.096987
7896044	9.332126
7896047	9.082658
7896050	10.69291
7896054	9.259408
7896059	8.138685
7896064	7.985874
7896067	11.75295
7896069	8.597733
7896070	8.582138
7896076	7.692668
7896082	10.01199
7896084	11.46979
7896085	8.315659
7896089	7.027218
7896091	8.780259
7896094	4.973315
7896095	6.264474
7896101	7.335307
7896108	7.928636
7896111	11.01529
7896112	7.111001
7896120	5.921207
7896123	8.614611
7896128	7.921022
7896130	7.079288
7896133	7.494442
7896136	10.91841
7896137	5.444265
7896138	9.083375
7896139	8.716513
7896140	8.643281
7896142	10.34095
7896148	9.399088
7896156	9.032815
7896157	9.703636
7896158	8.493313
7896159	10.6801
7896162	9.12663
7896167	7.364868
7896168	11.74947
7896169	9.909128
7896170	10.13457
7896174	8.87207
7896175	7.290323
7896178	9.062513
7896184	11.08582
7896185	8.98598
7896186	8.398531
7896188	9.599436
7896191	9.506086
7896200	7.389081
7896201	9.701648
7896205	8.297526
7896210	9.191813
7896221	6.421867
7896222	5.922586
7896227	11.74085
7896228	8.181696
7896230	7.75368
7896231	7.754968
7896232	3.238346
7896240	9.01273
7896241	6.521454
7896247	9.983502
7896249	9.322434
7896250	10.13164
7896253	11.04133
7896258	10.61188
7896269	6.409274
7896277	6.034479
7896278	7.261447
7896283	1.782379
7896287	7.625193
7896292	12.14614
7896302	7.867667
7896308	9.459181
7896310	9.049284
7896319	9.167521
7896321	9.329432
7896324	6.948564
7896325	9.331762
7896329	7.445846
7896331	7.15806
7896337	7.091898
7896339	8.658965
7896343	6.889189
7896345	11.12081
7896349	10.68987
7896352	12.74818
7896356	8.327352
7896358	10.15967
7896360	10.90104
7896362	8.464786
7896365	4.944712
7896367	9.409081
7896369	8.411406
7896370	9.773701
7896371	10.83658
7896372	6.065741
7896374	2.352127
7896375	10.53465
7896378	6.596295
7896383	3.08535
7896384	8.845789
7896385	11.46807
7896387	13.71709
7896391	7.19476
7896394	5.313542
7896395	7.049806
7896397	12.30639
7896398	5.844765
7896421	10.45477
7896422	8.489028
7896425	9.364529
7896426	3.926225
7896427	9.641247
7896430	7.819831
7896431	3.066599
7896432	8.515596
7896434	9.533255
7896438	10.5276
7896439	7.716363
7896443	8.431186
7896446	5.766268
7896456	7.369782
7896458	9.239673
7896460	3.131305
7896464	8.36792
7896466	8.646357
7896468	8.23664
7896472	8.829814
7896474	7.075824
7896476	7.93915
7896482	8.541819
7896483	9.044582
7896484	7.611949
7896485	9.735586
7896490	7.691641
7896491	10.49748
7896493	9.060168
7896498	9.070739
7896499	5.601564
7896508	8.880936
7896511	9.445869
7896512	8.569192
7896520	8.402997
7896521	3.516401
7896522	7.527217
7896525	5.807374
7896528	11.11191
7896529	8.934032
7896530	2.396193
7896531	9.175508
7896533	10.64767
7896534	8.173395
7896542	9.599026
7896544	9.391432
7896546	7.109876
7896547	7.615136
7896553	4.777345
7896554	9.18593
7896558	7.278966
7896561	5.809701
7896582	6.655553
7896586	10.64387
7896594	9.822786
7896596	7.082411
7896599	8.770221
7896600	7.592975
7896602	9.395879
7896605	8.888974
7896608	9.51476
7896616	9.522855
7896621	8.877888
7896622	10.9426
7896623	6.879799
7896627	6.790975
7896646	5.671974
7896647	9.040917
7896651	8.400356
7896652	8.832575
7896653	10.77099
7896657	11.43219
7896659	7.21815
7896664	8.573877
7896673	7.792731
7896677	7.515844
7896683	9.410892
7896684	9.980584
7896685	8.49723
7892502	4.063936
7892503	3.989452
7892504	10.41651
7892505	3.19383
7892506	4.105106
7892507	3.334685
7892508	4.244768
7892510	4.491502
7892511	2.727121
7892512	9.441712
7892513	4.681168
7892515	10.0102
7892517	6.399536
7892518	3.760659
7892519	5.681294
7892520	10.07959
7892522	6.233413
7892524	6.463711
7892525	5.604336
7892526	4.800415
7892527	7.352841
7892528	1.665107
7892529	5.96525
7892531	8.242917
7892532	5.033144
7892533	9.553736
7892534	4.231659
7892535	7.680369
7892537	4.481293
7892538	6.24664
7892539	4.215685
7892540	6.906683
7892543	6.641376
7892544	4.756028
7892545	5.771645
7892547	5.446615
7892550	7.624828
7892551	11.45987
7892552	6.020837
7892553	5.566159
7892554	3.392175
7892557	3.66808
7892558	5.156643
7892560	6.40427
7892563	6.230088
7892566	4.740136
7892567	5.409031
7892570	6.722575
7892571	1.695399
7892572	6.118597
7892573	7.51616
7892575	5.701915
7892577	3.161198
7892580	4.217713
7892581	2.968035
7892582	2.657242
7892583	5.648611
7892584	7.289556
7892585	3.934221
7892586	2.646049
7892587	6.912528
7892588	2.162289
7892589	7.203958
7892590	4.693624
7892591	2.457406
7892592	5.071404
7892593	6.172416
7892594	2.693826
7892595	3.852958
7892597	4.67926
7892600	3.180257
7892602	2.083606
7892603	4.646658
7892604	6.152407
7892606	12.36255
7892608	9.227331
7892611	2.055939
7892612	3.267738
7892613	10.3661
7892614	3.277622
7892615	5.759075
7892616	2.368258
7892617	12.86257
7892619	3.324509
7892624	4.283808
7892626	4.941392
7892629	5.219995
7892631	1.988426
7892632	3.504028
7892633	7.973313
7892634	9.558719
7892636	9.242833
7892637	5.5373
7892638	2.916775
7892641	5.29036
7892642	10.55487
7892645	3.14089
7892646	2.706726
7892647	6.150282
7892649	4.175012
7892651	2.06945
7892653	2.540696
7892654	9.848713
7892655	4.974517
7892656	2.142519
7892657	2.774659
7892658	2.507302
7892659	4.175305
7892660	1.782379
7892664	5.478741
7892665	6.158674
7892666	2.884236
7892667	10.75794
7892669	7.025943
7892671	5.017393
7892672	3.551584
7892673	8.041043
7892675	5.317824
7892676	3.124854
7892677	11.17528
7892681	7.640436
7892683	5.151285
7892685	4.900609
7892686	8.609016
7892689	4.183809
7892690	4.659145
7892691	1.840683
7892692	7.938349
7892693	8.020376
7892695	7.152627
7892696	6.626922
7892700	5.851569
7892702	5.631788
7892705	5.825287
7892706	5.363943
7892707	9.8846
7892708	5.212851
7892709	4.831978
7892710	2.778568
7892711	8.30024
7892712	9.009614
7892713	10.14237
7892714	3.028907
7892715	4.3723
7892716	4.616585
7892718	3.162325
7892719	9.275731
7892721	10.43572
7892722	2.416101
7892723	3.442266
7892724	3.29701
7892725	3.445405
7892726	5.303095
7892727	3.813798
7892728	3.228452
7892729	3.926038
7892730	2.941164
7892731	5.886108
7892733	6.745646
7892734	6.9043
7892735	5.279329
7892736	5.585235
7892737	4.662122
7892738	7.288999
7892739	6.753554
7892740	5.709865
7892741	5.59114
7892743	2.818718
7892744	7.016624
7892746	2.228478
7892748	10.59641
7892749	4.644732
7892750	5.630861
7892751	8.224607
7892752	3.797052
7892753	13.42583
7892754	5.104468
7892755	2.540301
7892758	7.585424
7892759	7.721588
7892760	5.908469
7892761	6.758707
7892763	8.060008
7892765	10.76562
7892767	2.9947
7892768	3.747077
7892769	1.877201
7892772	5.818267
7892774	4.507204
7892775	4.717865
7892777	6.736603
7892779	3.346537
7892780	6.121222
7892781	6.932481
7892782	12.66417
7892783	10.10966
7892784	4.631013
7892785	3.743494
7892787	3.892326
7892789	4.232836
7892790	5.441643
7892792	6.546939
7892793	4.506723
7892794	6.584592
7892795	7.230853
7892798	3.980946
7892799	3.613953
7892800	3.365354
7892801	2.771392
7892804	2.955814
7892805	4.86966
7892806	4.594015
7892807	5.077278
7892809	3.198061
7892810	4.193505
7892811	2.78669
7892812	6.330914
7892813	2.884236
7892816	10.74245
7892818	2.836654
7892819	4.625139
7892821	3.007685
7892822	5.121703
7892823	6.527143
7892824	7.838453
7892826	5.209792
7892827	13.07715
7892828	3.715164
7892833	2.257234
7892834	3.477159
7892839	3.470385
7892840	6.299686
7892842	3.946924
7892843	4.189846
7892844	3.608238
7892845	7.395703
7892849	2.921407
7892850	7.951059
7892851	6.941704
7892852	6.431485
7892854	3.99776
7892855	4.391976
7892856	6.208323
7892858	2.149384
7892859	6.581416
7892860	6.947375
7892862	10.8349
7892863	9.678707
7892864	6.429481
7892865	10.8876
7892866	3.562544
7892867	2.361853
7892869	7.604559
7892871	8.331321
7892872	3.935874
7892873	4.756528
7892874	2.679995
7892875	7.412601
7892877	3.983841
7892878	5.438344
7892879	4.952354
7892881	4.529148
7892883	2.92001
7892885	3.977755
7892886	5.010781
7892887	3.381129
7892888	3.479591
7892889	12.59402
7892891	12.90467
7892892	4.834334
7892895	3.621539
7892897	6.904973
7892899	12.08814
7892903	9.390334
7892904	4.04547
7892908	5.477964
7892909	6.441888
7892910	3.725682
7892913	5.66118
7892914	5.050076
7892915	6.659948
7892917	4.467713
7892918	5.874355
7892920	7.849231
7892921	2.25144
7892922	3.877986
7892923	4.044088
7892924	11.58253
7892926	9.387404
7892927	2.860283
7892928	10.73562
7892929	4.168639
7892930	11.0996
7892931	6.617364
7892932	5.979657
7892933	3.731885
7892934	6.479533
7892936	5.813222
7892937	8.22578
7892938	8.240078
7892940	12.41534
7892942	5.172021
7892945	3.228933
7892946	6.92146
7892948	11.46375
7892949	3.912768
7892950	3.148718
7892952	5.890099
7892955	10.12443
7892956	11.92881
7892957	6.005524
7892958	4.266249
7892960	9.636897
7892961	7.443807
7892962	4.566644
7892963	4.404953
7892964	3.857331
7892965	2.104932
7892969	11.90585
7892970	5.800648
7892973	4.839775
7892974	6.470803
7892975	2.302063
7892976	2.844222
7892978	7.218585
7892980	2.284775
7892982	6.572855
7892984	5.257067
7892985	3.697415
7892987	12.24066
7892988	3.419511
7892989	6.364098
7892990	4.942852
7892991	9.43078
7892992	12.6525
7892993	11.07999
7892994	2.614721
7892996	8.060369
7892997	4.342324
7892998	5.231245
7892999	4.596208
7893000	6.321324
7893003	4.857664
7893004	5.286194
7893006	4.9698
7893007	7.693531
7893008	5.403085
7893009	4.597622
7893010	7.387851
7893011	5.151387
7893013	6.36663
7893014	5.171815
7893016	4.211682
7893017	6.711893
7893018	6.815868
7893021	6.492307
7893022	5.166861
7893024	3.980481
7893028	5.910807
7893033	8.945813
7893034	5.178441
7893035	5.443341
7893037	6.780213
7893038	3.417768
7893040	6.78583
7893041	3.023879
7893042	10.59599
7893043	7.307191
7893044	2.111164
7893045	4.608627
7893046	4.002074
7893047	6.336548
7893048	6.830533
7893049	5.972588
7893051	11.20016
7893052	5.762984
7893053	4.40228
7893055	4.291598
7893056	4.285484
7893057	2.061929
7893059	7.932366
7893060	5.359451
7893062	3.030842
7893063	5.143888
7893065	4.884321
7893066	2.473952
7893067	8.499411
7893068	7.51836
7893069	8.332503
7893071	6.204341
7893072	6.26162
7893075	8.845728
7893076	4.444188
7893077	13.48295
7893078	2.01155
7893080	4.08462
7893082	7.891515
7893083	4.245823
7893084	7.573683
7893085	10.93094
7893088	3.788842
7893089	7.143446
7893092	5.091126
7893093	5.042942
7893095	6.341947
7893096	11.24805
7893098	5.434576
7893099	5.19414
7893100	7.944428
7893101	13.60359
7893102	4.848773
7893104	7.327973
7893105	10.32823
7893106	8.406552
7893107	4.353295
7893108	3.614877
7893109	3.630825
7893110	3.430375
7893111	6.45284
7893112	5.891284
7893114	7.850114
7893115	3.982181
7893116	9.671473
7893117	4.000717
7893119	6.835817
7893120	6.303946
7893121	10.30238
7893123	7.765641
7893124	2.374754
7893126	5.17317
7893127	3.803908
7893129	4.430338
7893132	5.363163
7893134	5.462359
7893135	2.161992
7893136	3.101394
7893137	3.773617
7893140	13.03098
7893141	6.387335
7893142	5.42231
7893143	7.134814
7893144	3.350157
7893145	6.78582
7893146	4.337359
7893147	13.04921
7893148	9.511319
7893149	2.619785
7893150	4.001339
7893151	5.643064
7893152	11.84166
7893154	6.861053
7893155	5.495146
7893156	6.371663
7893157	2.100044
7893158	7.510128
7893159	5.667848
7893161	2.367906
7893162	3.99649
7893163	4.149094
7893165	7.837459
7893167	4.746809
7893168	7.538294
7893169	4.706112
7893171	7.694181
7893172	7.389104
7893174	2.605232
7893175	9.528562
7893176	2.88876
7893177	4.942852
7893178	3.760288
7893179	4.797494
7893180	6.47277
7893182	7.643537
7893183	4.296222
7893185	5.6507
7893186	3.499279
7893188	5.965849
7893189	13.39496
7893190	7.131445
7893192	3.781932
7893193	3.955368
7893195	4.549421
7893197	2.39207
7893198	2.754989
7893199	2.83119
7893200	1.82756
7893202	6.879134
7893203	3.675894
7893204	5.638783
7893207	7.769658
7893209	8.264187
7893210	6.380579
7893211	4.106822
7893212	4.171104
7893213	5.688391
7893214	3.774294
7893215	6.291641
7893216	4.017279
7893219	4.530663
7893220	10.03422
7893221	2.364354
7893222	4.756528
7893223	2.834136
7893224	3.638715
7893225	6.036606
7893226	4.525317
7893227	6.299362
7893228	6.648392
7893230	4.688133
7893231	12.51245
7893233	3.412146
7893234	7.399482
7893236	7.166556
7893237	10.02743
7893239	5.264747
7893241	7.7566
7893242	10.24233
7893243	4.17232
7893245	6.233328
7893246	5.817512
7893247	10.99407
7893251	4.587453
7893252	4.588492
7893253	6.347028
7893254	5.219102
7893255	5.706382
7893256	5.3531
7893260	5.82952
7893263	6.786353
7893265	2.67817
7893267	4.453098
7893269	6.666435
7893274	2.128263
7893275	3.208125
7893276	4.751341
7893278	5.737957
7893279	2.523118
7893280	2.702399
7893281	11.92309
7893282	3.67028
7893283	12.14243
7893284	3.80765
7893285	7.766684
7893286	4.387889
7893287	3.361029
7893288	8.262311
7893289	11.45794
7893290	5.002091
7893292	2.760979
7893293	1.741983
7893294	9.240572
7893295	3.149457
7893296	4.40194
7893299	5.268388
7893300	5.408842
7893301	2.692757
7893302	7.021448
7893303	2.825583
7893304	6.752326
7893307	3.861488
7893308	5.362269
7893310	4.230772
7893311	8.420902
7893312	1.465516
7893314	6.082649
7893315	3.615283
7893317	1.925909
7893318	3.11361
7893319	6.323296
7893320	5.296177
7893321	11.80667
7893322	4.942852
7893323	2.580349
7893324	5.231831
7893326	2.568184
7893327	2.471337
7893328	3.183689
7893329	6.783971
7893330	2.215702
7893331	4.559683
7893332	6.325526
7893334	10.169
7893335	8.236073
7893336	11.4948
7893337	10.22523
7893338	9.553905
7893341	6.736612
7893342	4.446486
7893343	7.756885
7893347	2.797299
7893351	10.80898
7893352	7.002769
7893353	8.120629
7893355	7.400738
7893358	2.053396
7893360	5.932445
7893361	6.903668
7893365	4.336613
7893366	5.768203
7893367	7.879982
7893369	6.575052
7893370	4.998966
7893372	2.276167
7893373	7.808167
7893375	1.894337
7893376	3.838181
7893377	2.398412
7893378	2.326387
7893379	1.937564
7893380	5.679353
7893381	4.201082
7893383	5.522046
7893387	3.887581
7893388	4.38133
7893389	2.412715
7893391	9.854009
7893396	6.467208
7893397	4.536684
7893398	3.248248
7893400	4.81319
7893401	2.524091
7893402	9.862415
7893403	5.574133
7893404	5.366224
7893405	5.981687
7893406	2.501537
7893408	4.788064
7893410	6.86346
7893411	5.469078
7893412	3.556747
7893414	13.21984
7893415	3.751878
7893416	5.293919
7893417	1.58638
7893418	9.841074
7893421	6.658342
7893423	2.115793
7893425	2.39337
7893427	4.847468
7893428	8.887258
7893429	2.913263
7893430	4.361937
7893431	1.684974
7893432	7.809404
7893433	4.736858
7893434	2.327392
7893435	9.642453
7893436	6.812802
7893437	6.322365
7893438	8.839487
7893440	3.131024
7893442	7.748987
7893444	5.900286
7893445	5.054484
7893446	4.622658
7893448	9.956155
7893450	3.019666
7893451	6.349616
7893452	3.434542
7893456	4.320329
7893457	3.908715
7893459	5.347782
7893462	4.246459
7893464	6.482477
7893465	7.081458
7893468	5.707692
7893469	13.25266
7893470	5.22349
7893471	2.544555
7893472	6.713107
7893473	6.534201
7893474	4.175396
7893475	6.555203
7893478	7.030423
7893479	3.323631
7893480	7.800367
7893482	4.657694
7893483	7.262087
7893484	1.955419
7893487	4.372532
7893488	6.281904
7893489	2.716679
7893490	2.953672
7893491	10.6317
7893492	2.875146
7893493	6.729947
7893495	4.730659
7893496	4.428563
7893498	13.4331
7893499	2.174289
7893501	5.386468
7893502	1.833588
7893503	8.904865
7893505	2.00708
7893507	13.64227
7893508	3.352858
7893509	3.911701
7893510	4.35424
7893511	10.3009
7893512	2.54833
7893513	6.807233
7893514	4.098962
7893515	10.05252
7893519	3.742634
7893520	4.132145
7893521	2.428462
7893522	3.462411
7893523	6.512441
7893524	7.061466
7893525	6.294603
7893526	3.117901
7893527	5.509882
7893529	4.526079
7893531	6.506168
7893532	2.875146
7893533	6.59066
7893535	3.982467
7893536	12.17125
7893537	4.55089
7893538	4.514872
7893540	12.97219
7893541	2.913339
7893542	7.116889
7893545	10.08102
7893546	8.288131
7893548	2.996248
7893553	3.944712
7893555	6.145048
7893556	4.738942
7893557	9.170568
7893560	7.170302
7893562	6.838315
7893563	3.175629
7893565	4.293485
7893566	2.950883
7893567	6.03458
7893569	2.792499
7893570	5.054484
7893575	3.526776
7893576	5.053998
7893577	2.960474
7893578	2.935463
7893579	2.071763
7893580	5.164326
7893581	4.418159
7893583	8.964941
7893584	3.458699
7893585	8.653461
7893586	6.800531
7893588	6.108692
7893589	5.642251
7893590	6.591475
7893595	2.593141
7893596	4.712889
7893597	2.813983
7893598	9.418193
7893599	8.06213
7893600	5.891989
7893601	7.250413
7893604	3.948667
7893605	11.93031
7893606	5.09509
7893607	4.702824
7893610	4.603952
7893611	4.581124
7893612	3.247617
7893614	2.990028
7893615	6.399376
7893616	7.941635
7893617	4.389272
7893618	4.785918
7893620	4.885694
7893621	1.65857
7893622	3.488292
7893623	2.779165
7893624	4.341516
7893626	1.791364
7893627	7.478803
7893629	1.838851
7893631	6.559307
7893633	10.63956
7893634	12.32694
7893635	4.424364
7893636	3.478421
7893637	7.292927
7893638	3.354103
7893644	7.532286
7893645	5.911887
7893646	9.266068
7893648	2.844989
7893651	9.447026
7893652	5.704103
7893653	5.676001
7893654	6.508922
7893655	4.119706
7893656	4.830693
7893658	7.20806
7893659	3.385607
7893660	9.654413
7893661	10.5837
7893663	4.653907
7893665	6.366796
7893666	2.891656
7893667	4.932697
7893668	3.614877
7893669	6.29757
7893670	10.89995
7893671	3.735417
7893672	6.954004
7893673	4.563956
7893674	2.359145
7893675	9.84489
7893677	13.53009
7893678	1.809203
7893679	4.056345
7893683	5.437136
7893686	5.809898
7893688	3.281241
7893689	12.65721
7893691	1.823645
7893692	8.343716
7893693	3.807506
7893694	2.161992
7893695	7.692516
7893696	9.021287
7893697	6.028345
7893698	5.017883
7893699	4.943201
7893701	11.15777
7893702	2.868873
7893703	6.180996
7893704	7.010163
7893705	10.47509
7893706	4.856362
7893707	6.997779
7893708	9.735531
7893710	11.91232
7893712	4.725043
7893713	7.962348
7893716	5.057662
7893718	3.685205
7893719	3.919994
7893720	9.201008
7893722	6.740019
7893723	3.712456
7893724	7.493684
7893725	13.14555
7893726	7.64585
7893728	8.662975
7893730	3.615002
7893731	12.92291
7893735	4.022967
7893736	6.035961
7893737	6.803957
7893739	9.984395
7893741	3.662372
7893742	1.911734
7893743	8.357557
7893744	8.222603
7893746	4.5729
7893748	6.118597
7893749	3.23571
7893750	2.640458
7893751	6.590781
7893753	2.935129
7893754	5.6734
7893755	3.774524
7893756	6.057403
7893757	4.732388
7893758	4.414286
7893760	3.459009
7893761	6.708398
7893764	5.815088
7893765	5.855927
7893766	9.911367
7893767	7.12871
7893768	6.151019
7893770	3.599413
7893771	5.028024
7893772	4.076381
7893775	3.409553
7893776	2.772299
7893780	3.091642
7893781	9.781145
7893783	11.58967
7893784	8.234088
7893786	6.958897
7893789	10.84893
7893790	7.590895
7893791	6.046717
7893794	5.40852
7893795	5.700417
7893797	6.237021
7893799	2.873966
7893800	9.497891
7893801	2.61673
7893802	11.98273
7893803	3.723907
7893804	5.07843
7893805	8.28756
7893807	5.90473
7893809	7.043139
7893810	7.51557
7893811	6.212465
7893812	7.500704
7893813	6.087756
7893817	5.865373
7893818	5.971719
7893819	2.862204
7893820	11.45478
7893823	5.047193
7893824	7.428242
7893825	6.130948
7893826	4.591369
7893828	4.379554
7893829	3.075655
7893830	5.970213
7893831	8.148067
7893832	7.432982
7893833	9.173094
7893835	10.32671
7893836	10.04734
7893837	4.64685
7893838	12.58905
7893839	1.794907
7893841	7.894841
7893842	6.129737
7893843	3.632208
7893844	5.325483
7893845	3.007812
7893846	2.488163
7893847	5.031531
7893848	5.09181
7893849	6.794347
7893851	5.836549
7893854	3.580105
7893857	8.790123
7893858	3.0522
7893859	4.8745
7893860	6.804951
7893861	7.477759
7893862	6.06111
7893863	2.340557
7893864	4.843014
7893865	1.845476
7893866	13.74387
7893867	6.528524
7893868	5.401129
7893869	6.318055
7893871	4.9666
7893872	7.329597
7893873	6.664501
7893874	4.558689
7893875	9.139284
7893876	8.569379
7893877	5.294577
7893878	5.807263
7893879	5.935733
7893881	7.54619
7893882	4.432025
7893884	6.886749
7893885	2.634832
7893887	2.334446
7893889	8.189337
7893890	5.725586
7893891	2.486666
7893893	9.665557
7893894	2.761076
7893895	2.329727
7893896	6.19134
7893897	5.189191
7893898	5.007758
7893899	4.75463
7893900	6.801995
7893901	9.901484
7893902	6.367175
7893906	6.726871
7893907	5.947145
7893909	3.757046
7893911	3.823191
7893912	3.308937
7893914	10.17675
7893915	3.58277
7893916	10.4475
7893917	2.161992
7893920	5.769638
7893924	10.65158
7893925	6.999906
7893927	3.108377
7893929	11.79848
7893930	6.289917
7893931	3.319517
7893932	6.271114
7893934	6.400059
7893935	2.582843
7893936	6.663635
7893937	10.70947
7893938	6.710074
7893940	4.079686
7893942	6.235507
7893943	3.940273
7893944	2.625955
7893945	5.328332
7893947	5.835897
7893949	9.806949
7893950	5.30575
7893951	4.587205
7893953	7.394331
7893954	7.460209
7893955	3.568036
7893957	4.137725
7893958	7.166359
7893959	8.529924
7893960	9.468438
7893962	4.373549
7893964	6.001388
7893965	4.020942
7893967	7.104993
7893969	3.606987
7893970	3.358775
7893971	3.717522
7893972	11.05171
7893974	3.288531
7893975	2.122969
7893976	4.846611
7893977	3.01105
7893978	3.00787
7893980	4.028961
7893982	2.053396
7893983	3.885031
7893984	3.463888
7893985	5.798224
7893986	6.123053
7893987	2.802454
7893989	5.961248
7893990	4.273187
7893992	7.986827
7893993	12.85827
7893994	3.038437
7893995	7.407585
7893996	3.387533
7893997	7.674501
7893998	8.040437
7893999	3.614731
7894000	12.8847
7894001	7.131646
7894002	4.82079
7894003	2.074941
7894004	3.045911
7894005	9.724392
7894006	3.361829
7894007	11.91103
7894008	7.976308
7894009	5.095785
7894013	6.290473
7894014	3.681306
7894015	7.49448
7894016	6.495091
7894017	6.189279
7894018	6.28175
7894020	6.448818
7894021	3.67515
7894022	2.643883
7894023	2.086866
7894024	2.418954
7894025	4.38566
7894026	7.318034
7894027	6.562608
7894028	6.264058
7894030	7.691196
7894031	8.427492
7894032	3.051845
7894034	5.779341
7894035	3.517475
7894036	12.62941
7894037	10.28524
7894038	6.336142
7894039	5.393785
7894040	3.843625
7894045	5.656787
7894046	8.623646
7894047	5.861524
7894048	9.028208
7894049	9.035653
7894050	3.759856
7894052	7.468565
7894053	3.876261
7894054	4.288494
7894059	5.538268
7894060	6.93353
7894062	10.37597
7894063	8.326994
7894064	12.49051
7894065	5.317825
7894066	3.947311
7894069	4.710208
7894071	3.397396
7894073	5.622663
7894075	3.287717
7894077	4.086896
7894079	2.269245
7894080	5.127363
7894081	5.257742
7894082	3.955368
7894084	4.495322
7894085	7.789241
7894087	11.25117
7894089	8.722134
7894090	4.046363
7894091	6.083761
7894092	6.182336
7894093	3.568994
7894094	4.737308
7894095	3.382528
7894096	3.621663
7894097	7.07752
7894099	3.972563
7894101	5.227144
7894102	10.89261
7894103	7.035837
7894105	3.541084
7894106	5.031205
7894108	5.164532
7894109	5.017597
7894111	4.810851
7894112	5.95313
7894113	2.810265
7894116	5.478498
7894117	9.181998
7894120	5.320774
7894121	6.779344
7894122	13.35014
7894123	1.825213
7894124	5.131935
7894126	9.384364
7894128	6.833459
7894129	7.308809
7894130	7.213877
7894131	9.462724
7894133	3.436147
7894135	11.60144
7894137	2.79365
7894139	3.533891
7894140	3.860414
7894141	5.625433
7894142	3.963564
7894143	2.249851
7894144	4.914273
7894145	11.41485
7894147	4.365347
7894148	9.518188
7894149	2.945522
7894150	1.782379
7894151	5.139812
7894152	6.001345
7894153	6.205338
7894154	7.225114
7894155	8.04736
7894156	6.217523
7894159	8.062605
7894162	3.727893
7894163	6.313116
7894166	2.250967
7894167	5.030937
7894168	3.680377
7894169	4.606732
7894170	5.799386
7894172	5.000805
7894173	5.328515
7894174	6.834027
7894175	2.214691
7894176	6.558071
7894177	4.390516
7894178	6.713128
7894179	3.969114
7894180	6.040316
7894181	8.995326
7894182	6.494024
7894183	6.612332
7894184	5.314285
7894187	2.85675
7894189	11.51845
7894190	2.832624
7894191	4.992047
7894192	11.82113
7894193	5.984636
7894194	4.998011
7894197	2.053396
7894200	6.375268
7894201	5.151648
7894202	4.290254
7894203	4.382852
7894206	2.33015
7894207	11.599
7894208	5.095904
7894210	7.754305
7894213	11.92754
7894215	6.919701
7894216	5.027987
7894217	4.648992
7894218	10.47966
7894219	6.020063
7894220	7.273737
7894221	2.946926
7894222	2.685412
7894223	11.70573
7894224	6.587802
7894225	8.033049
7894227	2.346214
7894228	3.414268
7894229	4.874904
7894230	3.700376
7894231	4.684581
7894232	10.09067
7894233	5.062203
7894234	8.130652
7894235	10.29568
7894236	13.51299
7894237	5.814146
7894240	5.440161
7894241	4.330667
7894242	5.214346
7894243	2.18876
7894244	6.01616
7894245	2.168921
7894246	7.533944
7894247	5.821069
7894248	2.121317
7894249	11.27575
7894250	2.909704
7894253	3.248561
7894254	5.609099
7894255	2.276257
7894256	11.11223
7894257	4.460787
7894259	3.171798
7894260	3.731217
7894265	2.496851
7894266	8.503192
7894268	6.321894
7894270	2.899621
7894271	2.161992
7894273	5.757429
7894274	5.175539
7894275	4.089535
7894276	7.179618
7894278	11.10191
7894279	6.289226
7894280	5.313992
7894281	6.154847
7894283	6.283771
7894285	4.177763
7894286	4.668493
7894287	3.443392
7894288	9.124812
7894292	5.158611
7894293	5.492561
7894296	4.040152
7894297	5.947145
7894298	7.377181
7894299	6.983121
7894300	4.949485
7894301	8.727867
7894302	4.852495
7894303	7.079061
7894305	6.948735
7894308	9.923588
7894309	9.806624
7894310	5.258497
7894311	2.845516
7894312	7.128928
7894313	3.976759
7894314	2.46568
7894317	3.124854
7894318	5.364861
7894319	3.926264
7894320	11.49389
7894322	6.860972
7894323	1.889223
7894325	3.556842
7894326	3.332451
7894327	1.820118
7894328	7.131218
7894330	4.433651
7894332	4.308875
7894333	4.216012
7894334	2.518569
7894335	7.035788
7894337	5.250993
7894338	3.163066
7894339	2.002664
7894340	2.300467
7894342	5.639174
7894343	6.067699
7894344	2.402974
7894345	6.034631
7894346	7.304218
7894347	5.08618
7894349	3.986991
7894351	6.316983
7894352	6.912468
7894353	2.543591
7894354	6.823271
7894356	6.358062
7894357	3.269933
7894358	5.688391
7894359	2.594623
7894360	6.0618
7894361	6.959188
7894362	4.125124
7894364	7.348313
7894365	2.856042
7894367	8.879475
7894368	2.078858
7894369	9.181495
7894370	5.167625
7894371	4.701374
7894377	3.955368
7894378	3.170981
7894381	4.21522
7894382	12.01217
7894383	5.128963
7894384	7.09304
7894385	6.584047
7894387	5.844225
7894388	8.619499
7894390	2.543362
7894391	4.336886
7894392	13.33703
7894393	5.174444
7894394	4.682404
7894396	5.487895
7894397	2.123028
7894398	3.896774
7894399	7.615547
7894400	6.810205
7894401	3.669705
7894403	4.342247
7894405	5.58432
7894406	12.12008
7894407	4.994287
7894408	8.397015
7894409	7.060517
7894410	3.91753
7894414	3.003402
7894415	3.418797
7894417	1.871041
7894418	9.110276
7894420	7.525987
7894422	4.896379
7894423	5.479191
7894425	3.155484
7894426	6.413817
7894430	6.323665
7894432	8.998127
7894434	7.250264
7894440	7.148571
7894441	7.197298
7894442	4.646083
7894443	6.330852
7894444	10.35905
7894445	6.749125
7894446	5.137656
7894447	9.975028
7894448	2.455499
7894450	4.955516
7894452	6.361091
7894453	5.902301
7894454	6.736944
7894455	5.826337
7894456	5.38688
7894457	6.829556
7894458	3.030437
7894460	13.3165
7894461	6.095741
7894462	4.611159
7894463	2.241628
7894464	8.527356
7894465	5.261136
7894466	6.359626
7894467	8.515648
7894468	4.702316
7894472	5.897789
7894473	4.193475
7894475	9.086685
7894476	7.920079
7894477	2.902634
7894481	12.93963
7894482	8.322173
7894483	4.423996
7894484	6.470485
7894486	6.178165
7894487	2.680097
7894488	3.774673
7894490	7.85223
7894491	7.3852
7894493	8.974417
7894494	6.847234
7894495	8.979399
7894497	5.20728
7894499	12.0048
7894500	2.151515
7894502	4.40975
7894503	7.058856
7894505	2.34606
7894506	4.056715
7894507	4.31068
7894508	5.339203
7894509	4.827985
7894510	4.978389
7894511	5.833274
7894514	6.226495
7894517	3.259058
7894521	3.905025
7894522	9.927684
7894523	10.68734
7894524	3.437516
7894525	5.124484
7894526	6.389619
7894528	2.995113
7894530	2.30379
7894531	5.917029
7894532	4.714531
7894533	5.983926
7894534	5.195049
7894537	6.901696
7894538	4.647729
7894539	6.018872
7894541	2.053396
7894543	7.009039
7894544	3.016515
7894545	3.108945
7894547	2.882588
7894550	8.085051
7894553	2.37564
7894554	2.667976
7894556	8.602649
7894559	2.518569
7894560	7.254107
7894564	1.960722
7894565	6.326818
7894566	7.041186
7894567	2.372988
7894568	8.014725
7894569	7.090472
7894571	5.946821
7894572	6.703843
7894573	10.03194
7894575	6.829724
7894576	4.85846
7894577	8.370159
7894578	11.76909
7894580	3.393099
7894582	5.845305
7894586	3.216414
7894587	3.319317
7894588	2.161992
7894589	2.371597
7894590	5.106074
7894591	3.502546
7894593	3.095659
7894595	8.987878
7894597	7.074767
7894598	6.642465
7894600	6.326774
7894601	6.025285
7894602	2.336677
7894603	5.792103
7894606	6.941817
7894607	5.904943
7894608	5.172916
7894609	8.18669
7894610	6.129516
7894612	10.04484
7894613	11.97423
7894614	5.566311
7894615	1.971714
7894616	3.677691
7894618	5.574922
7894619	5.570062
7894620	5.364115
7894621	10.44845
7894622	4.540442
7894623	2.838247
7894624	9.494358
7894625	5.23224
7894626	11.2475
7894628	6.74579
7894629	4.12728
7894630	2.522104
7894631	5.460163
7894632	6.796217
7894633	7.818101
7894636	2.534479
7894640	11.74804
7894641	7.446902
7894643	2.481029
7894644	5.710093
7894645	10.66896
7894646	3.613579
7894647	13.43793
7894649	3.392161
7894650	4.692766
7894651	4.919307
7894652	5.065272
7894653	11.50467
7894654	3.713921
7894655	5.349081
7894656	4.739549
7894658	5.249491
7894659	2.375533
7894660	6.371569
7894663	3.106425
7894664	6.303479
7894667	3.595126
7894668	6.777685
7894669	4.802125
7894670	6.520793
7894671	8.672274
7894673	6.652045
7894676	3.873152
7894677	2.206713
7894678	7.428656
7894679	6.324233
7894680	7.527521
7894686	4.432957
7894688	4.485418
7894689	7.135392
7894690	3.542718
7894691	4.165271
7894692	5.541415
7894693	5.890542
7894694	7.064089
7894696	8.442554
7894697	6.759927
7894701	4.059443
7894702	5.025431
7894703	3.904319
7894705	2.382606
7894706	7.014563
7894707	7.491528
7894709	8.471694
7894710	1.789466
7894713	1.782379
7894714	4.699099
7894715	4.765335
7894717	5.754167
7894718	4.620243
7894719	5.713153
7894720	6.249577
7894721	2.763483
7894723	11.88633
7894724	2.916459
7894726	3.346166
7894727	7.304281
7894728	6.003561
7894729	4.529033
7894731	3.729555
7894733	9.189977
7894734	9.023999
7894735	2.907511
7894736	6.280131
7894738	2.594554
7894739	4.802851
7894741	8.866157
7894743	3.503393
7894745	4.80009
7894747	10.35949
7894748	4.016657
7894749	2.720631
7894751	3.243011
7894752	6.087627
7894753	4.46224
7894754	8.110987
7894755	4.069342
7894756	7.060829
7894759	3.243659
7894760	5.901126
7894762	5.625342
7894763	7.25994
7894764	5.258431
7894765	6.834908
7894766	5.639729
7894768	11.92117
7894770	13.37146
7894772	7.090315
7894773	1.836507
7894775	3.712457
7894776	4.651823
7894778	4.13334
7894779	11.28598
7894780	3.256095
7894781	5.313702
7894783	5.509181
7894784	9.444088
7894785	2.404815
7894786	3.690409
7894787	12.22655
7894789	13.1853
7894792	2.874467
7894793	5.101123
7894794	2.802099
7894795	6.300348
7894797	6.903853
7894799	13.01833
7894800	7.511094
7894802	8.025829
7894803	7.783355
7894804	5.569161
7894805	2.813032
7894807	3.552557
7894809	7.252602
7894810	6.285218
7894811	4.068839
7894812	8.054118
7894814	3.651655
7894815	4.220221
7894816	2.464027
7894817	10.43546
7894818	6.067602
7894819	6.376683
7894820	6.615044
7894821	4.956373
7894822	7.240973
7894823	6.316658
7894825	6.573291
7894828	3.654469
7894829	2.310434
7894830	7.569711
7894831	4.701446
7894832	3.840536
7894833	6.89412
7894835	5.01866
7894836	8.741407
7894840	9.326485
7894841	2.86327
7894842	6.298995
7894843	4.688956
7894847	3.323863
7894848	5.974773
7894849	8.37381
7894850	6.245412
7894851	2.203449
7894852	5.347095
7894853	8.609771
7894854	9.755479
7894855	2.961004
7894856	8.235203
7894857	3.298516
7894859	4.817492
7894861	6.422589
7894863	6.931816
7894864	6.740851
7894865	7.659777
7894866	6.597317
7894867	6.616568
7894868	3.913035
7894869	5.306115
7894870	6.970532
7894871	5.659803
7894872	11.11563
7894874	2.596282
7894875	4.622114
7894876	4.210271
7894879	2.561185
7894880	6.98877
7894882	6.918259
7894883	7.796871
7894885	6.644092
7894886	7.886792
7894887	2.294302
7894888	6.344682
7894889	12.66642
7894890	8.034374
7894891	11.31519
7894893	2.749282
7894894	9.328594
7894895	5.702899
7894897	6.635019
7894898	6.195523
7894899	4.140977
7894900	3.962594
7894901	6.604255
7894902	2.119812
7894904	3.36117
7894905	4.645079
7894907	5.388217
7894909	13.44023
7894910	4.344634
7894911	2.409214
7894912	4.618118
7894913	4.237547
7894915	3.485288
7894917	7.806714
7894918	2.660165
7894920	2.754031
7894921	3.789389
7894922	4.921667
7894923	2.322958
7894924	2.258049
7894925	2.880387
7894928	4.334771
7894929	1.911386
7894930	4.799329
7894931	5.448991
7894932	6.611336
7894933	5.430676
7894934	10.38322
7894935	3.053898
7894936	2.997028
7894937	2.798365
7894938	5.32765
7894939	4.625139
7894940	6.286405
7894941	13.40022
7894942	2.389189
7894943	2.513404
7894945	11.01894
7894947	7.098817
7894948	3.920073
7894949	6.154136
7894950	6.833712
7894952	7.165849
7894953	6.66873
7894954	5.687803
7894955	6.471119
7894956	4.714893
7894957	4.854487
7894958	4.688133
7894959	3.418156
7894960	10.92153
7894961	8.602319
7894962	2.227322
7894963	7.038755
7894965	8.276021
7894966	3.461427
7894967	2.792535
7894972	3.627432
7894973	7.213034
7894975	8.002738
7894976	8.674455
7894979	12.81733
7894981	5.347095
7894983	3.804076
7894985	3.763605
7894986	6.973346
7894987	3.908704
7894988	10.09592
7894989	4.197403
7894991	13.01429
7894992	10.62496
7894993	4.742806
7894994	6.842139
7894995	7.030697
7894996	4.074622
7894997	5.430734
7895000	8.662504
7895002	3.939166
7895004	11.12159
7895006	4.934777
7895007	8.727159
7895009	11.8652
7895010	4.17599
7895011	7.291579
7895013	4.470055
7895015	5.783008
7895020	10.52967
7895021	3.078437
7895022	6.464595
7895023	7.169024
7895024	5.586327
7895025	1.889223
7895027	4.958381
7895028	4.121447
7895029	4.040152
7895030	3.512052
7895035	3.51473
7895037	8.014725
7895040	4.116226
7895041	6.641924
7895043	1.782379
7895044	6.284348
7895046	7.05433
7895047	11.02562
7895048	4.86185
7895049	2.809772
7895050	10.36154
7895051	1.536434
7895053	3.73855
7895058	3.614877
7895059	5.02189
7895060	6.30728
7895061	4.291464
7895063	9.563495
7895064	5.2923
7895065	2.291097
7895066	4.739001
7895070	12.55865
7895071	2.860007
7895073	4.793362
7895074	6.141583
7895075	5.457374
7895076	2.507425
7895080	8.711727
7895083	3.662185
7895085	3.970847
7895086	3.883203
7895092	2.817336
7895093	7.39689
7895094	5.036432
7895095	7.61845
7895097	3.579854
7895099	6.222993
7895100	12.90904
7895102	2.107694
7895103	6.687732
7895104	7.40068
7895106	9.201481
7895107	6.889677
7895108	5.184361
7895109	3.702355
7895111	3.100513
7895113	9.307488
7895114	6.937115
7895115	7.470225
7895116	5.856354
7895117	3.765279
7895118	4.770292
7895120	2.813983
7895124	5.77545
7895125	6.458477
7895126	10.28438
7895127	3.066091
7895128	5.042144
7895129	5.151436
7895130	10.33505
7895131	6.243133
7895132	4.026628
7895134	2.484861
7895135	4.685232
7895138	4.004669
7895140	2.439501
7895141	5.336198
7895142	4.885694
7895143	7.677628
7895144	11.53784
7895146	5.560678
7895148	3.064772
7895150	4.122248
7895151	1.868048
7895152	4.843835
7895154	8.825814
7895155	4.060775
7895156	11.51204
7895158	5.794042
7895159	2.274663
7895163	5.282268
7895164	2.753163
7895165	7.705077
7895166	3.63797
7895167	4.264706
7895169	7.734682
7895172	5.398746
7895173	5.773863
7895174	7.604043
7895175	5.117074
7895178	9.304218
7895179	2.351726
7895181	7.612698
7895182	2.028501
7895183	4.582388
7895184	5.405375
7895185	7.660824
7895188	6.461199
7895189	6.150759
7895190	5.916189
7895191	5.369061
7895193	9.035551
7895194	4.970285
7895195	5.185449
7895196	11.42044
7895197	4.132755
7895198	3.910018
7895199	2.26074
7895200	6.685843
7895201	4.563893
7895202	2.327352
7895204	4.935711
7895205	6.159861
7895206	7.463724
7895207	6.317402
7895208	5.685918
7895209	7.746953
7895210	9.902594
7895211	6.963243
7895212	6.2784
7895213	4.844301
7895216	12.60836
7895217	7.966894
7895218	1.825214
7895219	6.979361
7895222	4.020205
7895223	8.718143
7895224	10.36972
7895228	4.61942
7895229	3.05431
7895230	12.11889
7895232	6.645133
7895233	9.022232
7895234	4.103085
7895235	7.235139
7895236	4.072523
7895239	9.482903
7895240	6.537121
7895242	2.295126
7895243	4.885999
7895244	2.053396
7895245	4.0209
7895249	10.72293
7895250	5.001242
7895251	3.71594
7895253	3.796535
7895254	7.468088
7895255	5.87874
7895257	6.371714
7895259	3.972806
7895260	7.363507
7895261	7.934269
7895262	5.080747
7895265	4.508512
7895266	5.63089
7895268	2.346237
7895269	10.39422
7895270	3.241148
7895278	6.94023
7895279	6.671179
7895280	8.763866
7895281	3.326971
7895282	6.20111
7895284	5.747982
7895285	3.692192
7895286	7.748824
7895287	3.972972
7895292	7.816878
7895293	5.048226
7895295	7.262122
7895296	5.050732
7895297	7.225984
7895300	7.064148
7895301	6.261603
7895302	4.38289
7895303	6.592406
7895304	7.03324
7895305	5.476361
7895306	8.354901
7895307	3.50353
7895309	2.570709
7895310	10.73239
7895311	3.562873
7895313	4.221694
7895314	2.281693
7895315	5.110462
7895316	9.327195
7895319	6.452079
7895321	5.843616
7895323	12.44845
7895326	9.907075
7895327	2.190629
7895329	6.688811
7895332	5.504405
7895333	12.57249
7895335	6.795429
7895337	6.874439
7895338	2.167759
7895339	5.316705
7895341	3.678047
7895342	13.74449
7895343	13.32827
7895344	5.693537
7895345	4.208815
7895346	5.502044
7895348	2.295126
7895349	6.116998
7895350	7.190962
7895351	3.911325
7895352	2.995113
7895353	2.372506
7895354	13.79979
7895359	6.491803
7895361	4.151036
7895362	11.0133
7895363	4.703674
7895364	4.797315
7895366	2.181504
7895367	6.184213
7895368	8.217129
7895369	3.381662
7895370	7.567027
7895371	3.261648
7895372	2.501537
7895374	12.62169
7895375	6.432326
7895377	4.162887
7895378	4.316096
7895380	1.982891
7895381	3.817153
7895383	4.468137
7895384	2.693826
7895385	2.998679
7895386	3.940466
7895387	6.01436
7895388	7.484914
7895389	3.069026
7895390	7.009252
7895391	11.97446
7895392	12.40486
7895394	1.944711
7895395	5.712068
7895396	3.108185
7895398	11.85824
7895399	6.047855
7895400	5.595076
7895401	5.05348
7895403	6.761944
7895406	10.78951
7895407	2.894806
7895408	5.412667
7895409	3.183848
7895410	5.638265
7895412	5.163666
7895413	1.868048
7895415	1.79803
7895416	7.919359
7895418	5.832613
7895420	1.746257
7895421	5.835982
7895423	4.760018
7895424	3.560126
7895426	2.416446
7895428	3.67332
7895429	5.317283
7895430	3.492027
7895432	5.999398
7895433	4.473528
7895434	6.199784
7895435	12.26574
7895436	2.599226
7895437	5.73591
7895440	12.08887
7895442	5.78969
7895443	3.976465
7895445	4.995857
7895446	5.348674
7895448	5.2706
7895449	4.79607
7895450	5.369191
7895451	11.8902
7895452	5.651883
7895453	5.960583
7895454	1.57855
7895455	2.759248
7895456	5.317368
7895457	2.720001
7895458	5.06391
7895459	3.388763
7895460	4.424536
7895461	7.517185
7895462	3.940323
7895463	11.25731
7895464	9.551914
7895465	5.773221
7895466	2.384251
7895467	7.010456
7895469	2.928941
7895470	6.406464
7895471	5.738085
7895473	3.001768
7895474	1.819504
7895477	6.303909
7895479	2.43158
7895480	4.201924
7895482	3.538185
7895483	10.46307
7895485	3.007812
7895486	12.89628
7895487	2.989823
7895488	6.521212
7895489	8.712119
7895491	6.65489
7895493	4.997124
7895494	3.380991
7895495	5.274996
7895496	12.76811
7895497	12.66066
7895498	9.113258
7895500	3.387652
7895501	6.180625
7895502	2.127529
7895503	4.632081
7895504	3.442107
7895505	2.456842
7895506	11.1479
7895507	4.57185
7895508	11.15801
7895511	7.486256
7895512	4.415739
7895513	5.612315
7895514	13.99133
7895516	4.008339
7895519	7.118533
7895522	10.1794
7895523	3.398335
7895524	5.385185
7895526	2.244302
7895527	9.072797
7895528	6.764677
7895529	2.631014
7895530	6.982385
7895531	5.982218
7895533	3.227585
7895534	4.542787
7895535	2.8968
7895536	9.935927
7895537	6.35411
7895540	4.787576
7895541	3.169859
7895543	5.079926
7895546	4.274195
7895549	4.582902
7895550	8.073327
7895552	5.464309
7895553	3.815837
7895555	4.579432
7895556	8.229656
7895558	4.273663
7895560	2.317285
7895561	9.19734
7895562	4.304673
7895563	7.809615
7895564	2.49308
7895565	2.442448
7895566	3.339235
7895567	4.311928
7895568	3.085716
7895569	2.452246
7895570	4.661966
7895571	7.414834
7895572	1.868048
7895573	3.970847
7895575	4.90555
7895576	7.736005
7895577	7.680694
7895580	4.854189
7895581	4.125934
7895582	2.950911
7895583	5.74105
7895584	2.059233
7895586	5.533898
7895587	13.56662
7895589	7.609185
7895591	5.506498
7895592	6.498712
7895593	2.096841
7895594	5.086017
7895595	12.04895
7895598	11.12045
7895600	3.760288
7895601	11.37705
7895603	8.341915
7895605	5.616476
7895607	5.314577
7895608	4.759608
7895609	5.070962
7895611	7.780314
7895612	3.219188
7895615	4.867776
7895617	2.652438
7895618	3.386871
7895621	13.21667
7895623	4.979118
7895624	4.157042
7895625	5.119333
7895627	7.785708
7895628	5.768432
7895631	1.741533
7895633	3.356776
7895634	3.687612
7895635	2.212137
7895636	1.758749
7895637	7.601083
7895638	6.517545
7895639	4.393043
7895641	4.188441
7895642	6.246019
7895645	5.492177
7895646	2.673619
7895648	3.27547
7895649	5.324548
7895650	5.077883
7895651	11.81894
7895652	10.24932
7895653	1.643485
7895654	7.42417
7895655	2.064735
7895659	9.695731
7895660	4.135779
7895662	9.608448
7895663	6.967338
7895664	6.526728
7895666	2.200079
7895668	3.136593
7895669	6.887852
7895670	4.620903
7895671	6.118066
7895672	4.367578
7895673	4.138919
7895675	5.639607
7895678	4.993436
7895679	2.215039
7895680	13.28704
7895682	5.375648
7895683	5.427245
7895684	6.626558
7895686	5.75603
7895688	6.958834
7895689	3.06283
7895692	11.70406
7895695	6.641023
7895696	2.753649
7895698	5.207241
7895699	4.716397
7895700	5.601564
7895701	4.524948
7895702	3.073177
7895705	9.270496
7895706	3.039241
7895707	5.575652
7895708	6.79881
7895709	4.096639
7895711	5.191924
7895712	10.43552
7895713	5.209386
7895714	12.16877
7895715	8.387205
7895716	7.805672
7895717	8.29741
7895718	4.738468
7895720	2.589489
7895722	4.021713
7895723	3.65427
7895724	5.636319
7895725	3.026349
7895727	6.494127
7895728	6.292585
7895730	4.596036
7895731	7.185859
7895733	6.67784
7895734	6.422207
7895735	6.503053
7895736	10.44986
7895738	8.63266
7895740	6.395165
7895741	4.508341
7895742	3.850184
7895743	5.610378
7895744	7.225911
7895745	10.06242
7895746	5.14233
7895747	3.714761
7895748	5.113637
7895749	3.689899
7895750	5.507225
7895751	9.581657
7895753	7.909802
7895754	3.517632
7895755	4.833763
7895756	5.265073
7895757	9.292901
7895760	10.88004
7895763	4.262798
7895764	2.618254
7895765	3.894517
7895766	10.72226
7895768	6.353505
7895769	4.48814
7895771	5.628565
7895772	6.994761
7895775	6.362332
7895776	6.465733
7895777	11.42368
7895779	12.58458
7895781	5.605075
7895782	10.1306
7895783	8.090767
7895784	8.118255
7895785	2.955456
7895786	5.52193
7895788	3.559587
7895789	5.065952
7895792	5.820989
7895793	2.76181
7895794	9.056294
7895795	9.715091
7895796	3.45581
7895797	6.185989
7895798	4.102671
7895799	3.080027
7895800	4.735826
7895801	7.182885
7895802	9.528855
7895803	2.30731
7895804	1.43119
7895805	6.774256
7895807	2.834007
7895809	5.948362
7895811	4.500297
7895812	7.160737
7895813	8.361591
7895814	4.708006
7895815	10.61761
7895819	12.77814
7895820	5.324936
7895821	5.794247
7895822	3.921635
7895823	2.439773
7895825	3.815837
7895826	10.09292
7895827	13.24265
7895828	2.018318
7895829	7.642117
7895830	2.790098
7895833	5.550235
7895834	4.767861
7895835	6.292201
7895836	4.356048
7895837	6.834851
7895838	3.010081
7895839	4.436231
7895840	4.93194
7895843	3.586804
7895844	8.803994
7895845	6.329759
7895848	2.510512
7895849	6.474021
7895850	3.096157
7895851	5.12052
7895852	2.825142
7895854	9.000282
7895856	4.906093
7895858	3.252863
7895859	2.486122
7895860	4.785199
7895862	7.112477
7895863	6.082701
7895864	1.868899
7895865	3.301026
7895867	2.020763
7895868	7.116769
7895870	3.421413
7895871	3.950552
7895872	9.424727
7895874	5.008237
7895875	4.890217
7895876	3.710667
7895877	3.749274
7895880	7.233026
7895882	7.41476
7895883	6.498922
7895884	5.232625
7895887	2.33971
7895888	5.350793
7895889	5.57112
7895891	2.110508
7895894	5.584717
7895895	3.316477
7895896	8.911586
7895897	2.176198
7895898	6.310241
7895899	11.52367
7895902	4.964058
7895905	4.624702
7895906	6.627277
7895909	5.616562
7895910	5.326627
7895912	10.33019
7895914	3.303171
7895915	3.472909
7895917	10.75326
7895920	13.72266
7895921	7.573138
7895922	2.27
7895924	12.5952
7895925	2.634832
7895926	9.101912
7895927	5.934445
7895930	4.892726
7895931	5.57794
7895935	7.991156
7895936	11.3427
7895938	11.54477
7895941	11.33943
7895942	9.335489
7895946	7.455353
7895950	3.285393
7895951	3.253902
7895955	6.050105
7895956	12.85592
7895957	7.782082
7895958	4.053746
7895959	6.749818
7895960	2.636771
7895961	7.806835
7895962	7.394178
7895965	6.059611
7895966	5.139169
7895967	2.92133
7895969	8.709519
7895970	1.866161
7895974	8.752571
7895975	4.625514
7895976	6.333381
7895977	4.732425
7895978	2.378008
7895979	6.287459
7895980	2.792289
7895983	5.337131
7895984	2.994915
7895986	2.103379
7895987	6.726251
7895988	8.301841
7895989	5.455213
7895990	7.532932
7895991	2.054853
7895992	5.798143
7895993	6.475329
7895998	5.271815
7896000	4.590279
7896002	4.965314
7896003	4.849453
7896004	6.430095
7896006	4.480649
7896008	8.094915
7896009	2.940668
7896010	5.094514
7896011	3.666557
7896012	1.834925
7896014	2.544273
7896015	2.844489
7896016	3.321769
7896017	10.05091
7896018	8.927141
7896019	4.721389
7896020	5.964582
7896021	3.687852
7896023	1.967889
7896024	9.88651
7896027	5.175192
7896028	6.736599
7896031	3.838181
7896032	4.51215
7896033	4.842164
7896034	8.703441
7896035	3.248433
7896037	3.827514
7896040	7.645751
7896043	9.596424
7896045	12.18047
7896046	6.051978
7896049	8.198391
7896051	6.535972
7896052	5.3743
7896053	5.904047
7896055	7.60355
7896056	5.467651
7896057	7.44797
7896058	4.518627
7896060	11.55409
7896061	4.756992
7896062	5.892657
7896063	5.660228
7896065	5.951798
7896066	2.358559
7896068	6.816184
7896071	4.64285
7896072	4.041766
7896073	11.30109
7896074	5.866294
7896075	6.124428
7896077	8.85131
7896078	13.44434
7896079	2.995113
7896080	5.388929
7896081	4.783906
7896083	4.50736
7896086	5.553309
7896087	10.84513
7896088	9.873343
7896090	11.77102
7896092	7.541784
7896093	1.960601
7896096	2.344114
7896097	3.004548
7896098	7.389104
7896099	8.399589
7896100	2.75282
7896102	5.56384
7896103	9.698006
7896104	5.468752
7896105	3.87224
7896106	5.489005
7896107	9.217973
7896109	2.860928
7896110	5.517241
7896113	4.792542
7896114	5.439986
7896115	11.49773
7896116	3.742591
7896117	5.627356
7896118	4.100021
7896119	6.358332
7896121	11.9622
7896122	7.035824
7896124	8.838722
7896125	3.582939
7896126	7.333352
7896127	5.320162
7896129	1.782379
7896131	4.971921
7896132	9.465002
7896134	5.007332
7896135	6.448566
7896141	5.239911
7896143	5.965617
7896144	12.90985
7896145	5.77999
7896146	7.08731
7896147	3.253456
7896149	12.12951
7896150	8.549858
7896151	13.3674
7896152	2.693398
7896153	5.532793
7896154	6.130947
7896155	3.295099
7896161	3.379258
7896163	3.895474
7896164	8.906836
7896165	3.411131
7896166	6.902294
7896171	5.973547
7896172	6.531832
7896173	5.024356
7896176	11.68642
7896177	4.556588
7896179	5.937389
7896180	4.11046
7896181	4.754246
7896182	4.572125
7896183	10.23674
7896187	2.435208
7896189	6.543894
7896190	4.49141
7896192	11.62045
7896193	8.186415
7896194	12.61506
7896195	4.256435
7896196	5.59653
7896197	4.658336
7896198	8.973306
7896199	5.74403
7896202	2.509007
7896203	7.066339
7896204	8.970037
7896206	5.850783
7896207	2.082196
7896208	2.660558
7896209	4.764481
7896211	3.265806
7896212	8.936076
7896213	11.68565
7896214	2.053396
7896215	1.955419
7896217	6.772757
7896218	7.293776
7896219	5.060736
7896220	3.840525
7896223	5.534742
7896224	4.406517
7896225	6.540596
7896226	4.318793
7896229	2.828479
7896233	3.564345
7896234	2.524254
7896235	11.10212
7896236	4.723865
7896238	2.434269
7896239	6.374752
7896242	2.428606
7896243	11.93943
7896244	7.274184
7896245	5.866672
7896246	5.850444
7896248	4.262715
7896251	5.908829
7896252	12.61215
7896254	2.769291
7896255	5.710757
7896256	8.421382
7896257	5.837222
7896259	4.932126
7896260	3.710858
7896261	5.564635
7896262	4.825791
7896263	7.740133
7896264	1.968424
7896265	3.693778
7896266	11.47515
7896267	3.683905
7896268	3.561264
7896270	4.756529
7896271	5.994652
7896272	1.841318
7896273	4.188216
7896274	4.518227
7896275	5.728094
7896276	5.629305
7896279	6.904973
7896280	5.463718
7896281	6.422168
7896282	12.00666
7896284	4.885541
7896285	6.428116
7896286	6.731579
7896288	5.853665
7896289	3.900864
7896290	6.622604
7896291	4.567709
7896293	6.576245
7896294	4.697512
7896295	5.041687
7896296	4.098893
7896297	5.262966
7896298	9.137765
7896299	2.276167
7896300	7.365503
7896301	6.638447
7896303	3.653543
7896304	4.630916
7896305	2.189747
7896306	2.029273
7896307	6.021648
7896309	5.694959
7896311	5.130721
7896312	4.630649
7896313	2.754031
7896314	5.158611
7896315	2.403952
7896316	3.203541
7896317	3.838279
7896318	2.601618
7896320	4.823808
7896322	3.037823
7896323	6.140831
7896326	3.270479
7896327	6.282914
7896328	4.671968
7896330	6.487092
7896332	3.662259
7896333	11.92639
7896334	3.099539
7896335	10.05185
7896336	4.912411
7896338	7.918536
7896340	5.292979
7896341	9.19866
7896342	4.697677
7896344	2.970113
7896346	12.89446
7896347	4.998669
7896348	8.804955
7896350	5.71899
7896351	7.62364
7896353	3.674509
7896354	2.664991
7896355	5.552791
7896357	2.452163
7896359	5.243686
7896361	6.799051
7896363	6.278192
7896364	5.241402
7896368	5.96386
7896373	3.707649
7896376	8.687873
7896377	2.747651
7896379	4.283067
7896380	12.55378
7896381	7.635287
7896382	2.884235
7896386	3.574407
7896389	4.168194
7896390	5.286258
7896392	4.331953
7896393	6.321534
7896396	1.90841
7896399	5.777129
7896400	2.072234
7896401	5.442441
7896402	5.267184
7896403	13.09036
7896404	8.285619
7896405	6.287174
7896406	6.53215
7896407	2.776164
7896408	5.895684
7896409	4.216005
7896410	4.38289
7896411	4.223772
7896412	11.32379
7896413	9.238004
7896414	2.114203
7896415	6.045822
7896416	7.92694
7896417	8.773895
7896418	8.80195
7896420	6.633686
7896423	9.922883
7896424	6.651439
7896429	3.211636
7896433	6.039044
7896435	2.811149
7896436	2.595522
7896437	6.083222
7896440	3.726914
7896441	4.789948
7896442	4.854563
7896444	7.447485
7896445	6.012053
7896447	7.595644
7896448	10.18046
7896449	4.483036
7896450	6.362475
7896451	1.884194
7896452	3.003483
7896453	4.78272
7896454	3.212781
7896455	1.764523
7896457	4.862123
7896459	3.056176
7896461	4.858307
7896462	5.983088
7896463	3.726018
7896465	2.443719
7896467	4.966991
7896469	2.204192
7896470	2.942062
7896471	4.415872
7896473	2.596241
7896475	3.766343
7896477	7.924846
7896478	4.233674
7896479	6.782142
7896480	3.969343
7896481	10.946
7896486	5.536402
7896487	3.189002
7896488	11.58392
7896489	6.838995
7896492	2.115042
7896494	10.0435
7896495	1.709725
7896496	12.93807
7896497	11.50561
7896500	7.262568
7896501	11.03881
7896502	5.618895
7896503	4.356756
7896504	2.456932
7896505	2.589241
7896506	5.85812
7896507	3.955368
7896509	4.258397
7896510	3.645432
7896513	3.663236
7896514	4.505388
7896515	2.680558
7896516	3.783285
7896517	9.172549
7896518	3.239251
7896519	4.516325
7896523	5.552277
7896524	2.509079
7896526	7.862656
7896527	2.490535
7896532	4.653409
7896535	3.266934
7896536	4.706201
7896537	4.600906
7896538	3.672727
7896540	8.230515
7896541	13.86515
7896545	5.764586
7896548	5.95926
7896549	12.46656
7896550	4.960102
7896551	2.833035
7896552	5.748711
7896555	3.635356
7896556	2.057636
7896557	3.534863
7896559	3.481252
7896562	5.912792
7896563	6.453564
7896564	2.427949
7896565	5.386756
7896566	4.786221
7896567	3.189002
7896568	2.096231
7896569	7.010961
7896570	5.316381
7896571	2.017622
7896572	4.859262
7896574	8.464354
7896575	7.3938
7896576	4.241106
7896577	5.095241
7896578	3.164456
7896579	2.619111
7896580	7.202041
7896581	4.831007
7896583	4.18722
7896584	7.730906
7896585	6.682158
7896587	2.109128
7896588	8.202236
7896589	2.277466
7896590	3.774783
7896591	3.04721
7896592	9.078
7896593	3.987503
7896595	3.253835
7896597	3.110339
7896598	5.184404
7896601	6.708084
7896603	11.20208
7896604	5.515651
7896606	11.17902
7896607	3.779608
7896609	10.61187
7896610	2.682688
7896611	6.883917
7896612	9.389302
7896613	6.859321
7896614	6.969707
7896615	5.936096
7896617	2.748325
7896618	6.271155
7896619	3.322044
7896620	11.98309
7896624	7.88291
7896625	3.161132
7896626	2.470868
7896628	4.607897
7896629	6.869638
7896630	6.145049
7896631	14.4115
7896632	8.149894
7896633	5.204905
7896634	6.277145
7896635	3.340276
7896636	2.575656
7896638	3.044439
7896639	13.38571
7896640	6.367155
7896641	3.59299
7896642	11.03767
7896643	4.448839
7896644	8.655728
7896645	2.329481
7896648	6.394844
7896649	2.147196
7896650	6.581679
7896654	6.779555
7896655	5.508811
7896656	6.760372
7896660	7.010592
7896661	5.864618
7896662	4.847509
7896663	7.627754
7896665	2.501537
7896666	2.625028
7896668	3.704552
7896669	8.4703
7896670	8.998429
7896671	3.85008
7896672	3.421032
7896674	4.637108
7896675	9.89307
7896676	10.28221
7896678	2.693826
7896679	12.08643
7896680	2.501417
7896681	6.585205
7896682	6.601002
7896686	5.987635
8180192	13.84001
8180193	13.42487
8180194	6.882113
8180195	4.654834
8180196	5.027779
8180197	5.854085
8180198	4.69431
8180199	6.849165
8180200	8.409901
8180201	5.698565
8180202	5.243807
8180203	7.240195
8180204	5.467846
8180205	2.965668
8180206	7.090508
8180207	7.203011
8180208	4.240523
8180209	6.760684
8180210	5.472476
8180211	4.952845
8180212	7.278516
8180213	4.886661
8180214	3.665672
8180215	5.007987
8180216	5.967775
8180217	9.471426
8180218	7.302977
8180219	4.584321
8180220	4.493382
8180221	2.951249
8180222	3.558727
8180223	4.857762
8180224	6.615617
8180225	6.006416
8180226	4.396451
8180227	6.248693
8180228	5.471118
8180229	6.138597
8180230	6.987101
8180231	7.096891
8180232	6.055954
8180233	4.916665
8180234	6.315355
8180235	5.436491
8180236	5.927892
8180237	7.185569
8180238	4.617043
8180239	5.065589
8180240	7.727
8180241	5.447943
8180242	4.603014
8180243	4.576123
8180244	6.196593
8180245	3.650645
8180246	5.710196
8180247	5.268563
8180248	4.675681
8180249	4.427061
8180250	5.395371
8180251	5.348166
8180252	5.669659
8180253	4.816529
8180254	8.090844
8180255	7.135021
8180256	6.969809
8180257	4.840733
8180258	5.243807
8180259	10.17312
8180260	7.70502
8180261	5.659138
8180262	7.325435
8180263	9.282425
8180264	3.929959
8180265	5.927892
8180266	5.759446
8180267	8.356099
8180268	7.500616
8180269	6.098734
8180270	6.777403
8180271	5.016558
8180272	5.795396
8180273	5.973711
8180274	6.261898
8180275	5.848601
8180276	5.151295
8180277	7.188765
8180278	6.052794
8180279	6.562132
8180280	6.020408
8180281	6.326774
8180282	6.80748
8180283	9.306099
8180284	9.35358
8180285	10.2775
8180286	7.199972
8180287	8.69477
8180288	6.882113
8180289	6.679634
8180290	6.765906
8180291	6.765906
8180292	6.709645
8180293	6.882113
8180294	6.687518
8180295	6.829229
8180296	6.659766
8180297	11.22588
8180298	7.831888
8180299	5.656479
8180300	6.459962
8180301	6.473576
8180302	6.368434
8180303	5.581141
8180304	6.113852
8180305	7.49438
8180306	8.434479
8180307	8.968077
8180308	9.016605
8180309	5.167506
8180310	10.17367
8180311	9.23056
8180312	8.801746
8180313	5.142997
8180314	5.328021
8180315	5.275347
8180316	9.991945
8180317	9.965798
8180318	10.00917
8180319	10.0138
8180320	3.465812
8180321	7.135021
8180322	5.29167
8180323	7.035662
8180324	5.906063
8180325	7.612023
8180326	7.763412
8180327	7.663717
8180328	7.889032
8180329	11.52115
8180330	11.59682
8180331	11.58675
8180332	11.59196
8180333	11.529
8180334	11.59417
8180335	11.47869
8180336	8.44875
8180337	8.485328
8180338	7.773223
8180339	7.249334
8180340	5.812827
8180341	10.4483
8180342	10.50662
8180343	10.47114
8180344	9.037135
8180345	10.21038
8180346	8.909532
8180347	7.826528
8180348	4.286964
8180349	11.38054
8180350	8.496069
8180351	7.787433
8180352	4.930861
8180353	7.970796
8180354	7.842322
8180355	10.34713
8180356	7.536452
8180357	7.989882
8180358	7.121321
8180359	6.411065
8180360	4.014066
8180361	6.662733
8180362	8.885745
8180363	8.881444
8180364	7.041975
8180365	7.041975
8180366	3.925053
8180367	3.925053
8180368	3.667718
8180369	2.874135
8180370	6.195593
8180371	10.58322
8180372	5.771019
8180373	5.471922
8180374	7.012215
8180375	9.380911
8180376	7.870002
8180377	6.924771
8180378	7.513186
8180379	7.226214
8180380	4.836581
8180381	4.847355
8180382	8.480656
8180383	5.330827
8180384	11.32724
8180385	6.970531
8180386	8.289979
8180387	8.205786
8180388	8.252584
8180389	8.230982
8180390	6.829559
8180391	6.233856
8180392	6.058793
8180393	8.057376
8180394	7.691646
8180395	8.287809
8180396	8.585366
8180397	8.580873
8180398	9.484372
8180399	4.957163
8180400	6.406643
8180401	4.658552
8180402	9.338738
8180403	7.021111
8180404	9.533854
8180405	7.901539
8180406	11.10445
8180407	9.212139
8180408	9.376807
8180409	9.640119
8180410	8.815097
8180411	6.033893
8180412	6.651092
8180413	6.808058
8180414	6.220895
8180415	5.222239
8180416	4.72772
8180417	7.197416
8180418	8.349672
!sample_table_end
