^SAMPLE = GSM699143
!Sample_title = human urine sediment, without lesions subject 4
!Sample_geo_accession = GSM699143
!Sample_status = Public on Feb 06 2012
!Sample_submission_date = Mar 29 2011
!Sample_last_update_date = Feb 07 2012
!Sample_type = RNA
!Sample_channel_count = 1
!Sample_source_name_ch1 = human
!Sample_organism_ch1 = Homo sapiens
!Sample_taxid_ch1 = 9606
!Sample_characteristics_ch1 = gender: Female
!Sample_characteristics_ch1 = age: 60
!Sample_characteristics_ch1 = disease state: PBS without lesions
!Sample_molecule_ch1 = total RNA
!Sample_extract_protocol_ch1 = Urine (40-100 ml) was immediately placed on ice, transported to the laboratory and centrifuged at -4C for 5 minutes. Pellets were washed twice with ice-cold phosphate-buffered saline, suspended in 0.8 ml TRIzol and RNA was extracted according to the manufacturer's instructions.
!Sample_label_ch1 = biotin
!Sample_label_protocol_ch1 = RNA was stored at -80oC until all samples had been collected, then analyzed at our Microarray Core Facility using the Affymetrix GeneChip Whole Transcript (WT) Sense Target Labeling Assay protocol.
!Sample_hyb_protocol = Standard Affymetrix
!Sample_scan_protocol = Standard Affymetrix
!Sample_data_processing = Probe level data were produced by Partek GS (6.10) using the RMA output option. Probe set signal intensities < 4.2 were considered absent, and if > 10 chips rated a probe set absent, that probe set was not considered for further analysis.
!Sample_platform_id = GPL6244
!Sample_contact_name = Eric,M,Blalock
!Sample_contact_email = eric.blalock@uky.edu
!Sample_contact_phone = 859-323-8033
!Sample_contact_laboratory = Blalock
!Sample_contact_department = Molecular and Biomedical Pharmacology
!Sample_contact_institute = University of Kentucky
!Sample_contact_address = 800 Rose St.
!Sample_contact_city = Lexington
!Sample_contact_state = KY
!Sample_contact_zip/postal_code = 40475
!Sample_contact_country = USA
!Sample_supplementary_file = ftp://ftp.ncbi.nlm.nih.gov/geo/samples/GSM699nnn/GSM699143/suppl/GSM699143.CEL.gz
!Sample_series_id = GSE28242
!Sample_data_row_count = 33297
#ID_REF = 
#VALUE = RMA-calculated Signal intensity
!sample_table_begin
ID_REF	VALUE
7896736	5.292299
7896738	3.396494
7896740	3.649018
7896742	6.239594
7896744	5.67927
7896746	9.292497
7896748	7.752398
7896750	3.502069
7896752	8.294275
7896754	4.811042
7896756	5.263417
7896759	6.304613
7896761	6.850462
7896779	7.254805
7896798	7.614685
7896817	7.701448
7896822	8.371329
7896859	6.425487
7896861	4.274273
7896863	6.858591
7896865	7.397264
7896878	6.483815
7896882	6.741908
7896908	7.31424
7896917	7.192203
7896921	7.100504
7896929	8.045204
7896937	5.763236
7896952	6.816833
7896961	6.758795
7896983	5.592638
7896985	7.242155
7897006	7.814389
7897026	6.211689
7897034	6.766169
7897044	7.87472
7897066	6.682738
7897068	7.520887
7897076	5.956265
7897078	9.457567
7897089	7.20867
7897119	8.594724
7897128	5.857965
7897132	5.952058
7897154	7.147939
7897172	7.967436
7897179	6.581726
7897196	6.139259
7897210	6.059762
7897227	5.143019
7897236	6.226615
7897257	7.317298
7897263	7.356269
7897277	6.131711
7897280	7.109842
7897286	7.578335
7897288	7.204768
7897293	7.714769
7897295	5.166348
7897305	6.072363
7897322	7.32137
7897329	6.128827
7897339	4.489675
7897368	5.336796
7897370	7.463627
7897378	7.495973
7897404	7.498406
7897416	5.322445
7897422	5.218138
7897424	5.324284
7897426	4.741814
7897439	5.396923
7897441	7.176299
7897449	6.633893
7897460	6.486548
7897469	5.81744
7897482	6.711276
7897509	4.739896
7897520	5.843768
7897522	5.62249
7897527	7.662144
7897559	3.381762
7897561	8.256499
7897620	11.11601
7897632	5.085426
7897648	7.274369
7897661	8.465755
7897663	8.257115
7897675	3.699294
7897683	2.577961
7897685	6.909141
7897691	5.873883
7897714	6.836398
7897728	6.806601
7897737	8.281027
7897745	7.895402
7897753	6.313357
7897774	6.591427
7897801	10.55392
7897803	6.474247
7897824	7.997398
7897849	7.090087
7897860	7.037124
7897877	6.918582
7897890	7.457704
7897953	6.855
7897955	5.700686
7897960	4.160548
7897964	3.794793
7897966	3.85025
7897974	5.753409
7897978	4.068889
7897987	3.880072
7897991	6.739527
7897995	3.991421
7897997	6.024894
7898002	5.690009
7898007	4.07255
7898012	3.972149
7898020	5.731433
7898026	4.583477
7898030	5.251346
7898034	5.731433
7898040	3.972149
7898048	5.040716
7898052	5.167254
7898057	4.890071
7898070	7.84181
7898084	9.336995
7898102	5.806093
7898112	6.533001
7898115	7.1443
7898124	5.481517
7898161	9.175939
7898167	5.499097
7898176	5.593686
7898184	6.096871
7898192	7.034945
7898209	7.2963
7898211	7.681571
7898227	8.210659
7898249	7.117719
7898256	6.149441
7898263	6.932874
7898276	8.183215
7898278	8.293932
7898294	2.908267
7898296	6.344787
7898300	6.28227
7898314	6.912198
7898328	7.69289
7898337	9.054317
7898350	5.047502
7898353	5.6741
7898355	4.063907
7898357	5.867846
7898371	6.214302
7898373	3.909256
7898375	11.42632
7898377	6.607513
7898405	4.039394
7898407	5.411061
7898411	11.42632
7898413	11.08582
7898431	7.878937
7898448	6.209877
7898466	4.864074
7898483	8.968606
7898516	5.539063
7898521	6.14766
7898533	6.96195
7898535	3.306478
7898537	6.837054
7898549	5.451485
7898556	7.186876
7898568	4.761518
7898570	8.924053
7898572	2.329444
7898574	8.312595
7898582	5.841035
7898585	8.599984
7898594	5.306323
7898602	6.757957
7898607	8.519149
7898609	5.146038
7898616	6.696248
7898623	5.958077
7898627	5.980124
7898653	7.857273
7898655	6.686062
7898663	8.302305
7898673	6.521514
7898675	3.275972
7898677	7.891039
7898679	5.722744
7898693	5.684413
7898707	6.5499
7898713	7.433135
7898721	3.42168
7898723	5.111728
7898725	6.17014
7898732	3.014984
7898734	3.143971
7898736	5.763782
7898739	7.450108
7898750	5.882819
7898773	6.601226
7898793	5.884335
7898799	6.414219
7898805	5.911637
7898809	6.721844
7898833	5.673044
7898854	2.803016
7898856	7.571383
7898858	5.92334
7898869	5.716746
7898875	7.900965
7898881	7.028389
7898894	6.267215
7898902	9.292161
7898910	11.00201
7898916	8.163731
7898939	8.245702
7898957	7.385309
7898967	6.23305
7898975	8.598999
7898988	7.593237
7898998	5.254964
7899005	9.977439
7899016	9.767804
7899018	10.05665
7899023	7.008299
7899029	6.636957
7899043	7.871173
7899057	7.023295
7899069	4.824975
7899071	5.109571
7899073	3.665576
7899075	6.430094
7899087	6.336636
7899093	7.366763
7899096	6.099924
7899101	7.248289
7899124	5.024346
7899134	5.64419
7899151	2.760723
7899153	8.897267
7899160	6.18872
7899167	5.923659
7899173	7.603683
7899187	8.757365
7899192	6.884338
7899220	7.44545
7899244	6.48324
7899251	3.917551
7899253	8.168677
7899265	8.59765
7899273	7.061729
7899284	8.461392
7899287	7.651004
7899289	7.890478
7899310	7.099489
7899323	7.179766
7899343	6.613742
7899346	6.740973
7899348	5.812534
7899350	5.45963
7899361	8.097193
7899377	6.77438
7899392	4.338265
7899394	6.301548
7899407	6.17632
7899417	7.361088
7899422	7.017307
7899424	6.91031
7899436	8.274573
7899448	6.25442
7899455	9.673788
7899462	6.807856
7899480	9.334737
7899484	5.038081
7899486	7.45674
7899499	3.89648
7899502	10.1473
7899504	6.226769
7899517	3.002841
7899519	7.130716
7899528	7.012957
7899534	6.643713
7899560	5.740633
7899562	7.451715
7899595	5.608169
7899602	3.91293
7899604	7.081725
7899615	10.13085
7899627	8.064391
7899643	6.358895
7899654	7.142429
7899675	5.396254
7899688	7.340479
7899703	6.393396
7899719	5.93632
7899727	6.530789
7899737	6.662429
7899750	5.881958
7899753	6.545925
7899774	8.699751
7899790	5.516971
7899797	5.452602
7899811	1.928423
7899813	7.90871
7899821	7.550151
7899829	6.208247
7899841	6.475728
7899849	6.445613
7899851	6.108262
7899870	6.322714
7899882	5.809761
7899884	5.675485
7899898	3.523662
7899905	4.568955
7899909	5.547742
7899911	5.14501
7899921	5.468394
7899927	6.471195
7899932	5.513449
7899939	6.245067
7899943	4.999521
7899955	12.36318
7899957	6.517476
7899988	2.421854
7899990	6.517852
7900001	7.760705
7900009	6.871871
7900030	6.369987
7900051	6.249097
7900076	6.292238
7900087	5.741479
7900095	8.626427
7900119	7.655949
7900129	6.678278
7900144	2.475265
7900146	8.258668
7900157	9.126103
7900159	5.802182
7900167	5.76399
7900181	3.839081
7900183	7.557303
7900192	7.352569
7900201	5.130914
7900212	2.66076
7900214	2.768064
7900216	9.390675
7900228	7.863342
7900235	7.260454
7900336	5.147108
7900340	6.796064
7900350	2.975327
7900352	6.980494
7900354	5.744644
7900365	5.772688
7900382	11.69636
7900395	8.401924
7900405	4.334484
7900407	3.358084
7900409	4.336343
7900413	7.92403
7900426	6.670763
7900438	4.981623
7900446	5.777102
7900454	5.263845
7900461	4.004928
7900468	7.235912
7900488	4.232295
7900490	4.770511
7900492	5.460523
7900510	6.235506
7900531	7.391381
7900538	7.323804
7900540	6.313079
7900546	7.714279
7900555	3.847221
7900576	5.647927
7900585	8.931111
7900597	5.835898
7900603	5.39957
7900609	6.436411
7900624	5.653223
7900633	2.733046
7900635	6.597919
7900639	4.845335
7900652	3.613657
7900654	7.178311
7900658	5.021456
7900683	5.338165
7900699	6.551421
7900710	6.286113
7900792	7.269383
7900833	7.297341
7900857	5.572172
7900876	2.887272
7900878	6.742508
7900888	5.56625
7900911	5.497832
7900922	8.558176
7900931	8.203891
7900944	6.656022
7900957	5.854059
7900962	6.396791
7900977	2.888888
7900979	6.518677
7900999	5.183768
7901010	4.64055
7901036	3.303752
7901038	8.84876
7901046	6.894325
7901048	8.192528
7901050	5.458457
7901052	3.878864
7901054	8.236012
7901071	3.282468
7901073	6.403346
7901087	5.63728
7901091	6.091097
7901102	6.343815
7901110	7.539031
7901123	6.58751
7901135	6.517119
7901140	6.102252
7901175	10.16835
7901187	6.501284
7901192	5.148227
7901212	5.044809
7901219	5.633109
7901227	3.013323
7901229	6.240874
7901247	6.498192
7901253	5.266691
7901256	8.827497
7901272	5.658121
7901287	5.060377
7901293	5.970496
7901299	8.431577
7901309	7.854752
7901311	6.169412
7901314	6.22618
7901316	5.185502
7901334	2.392478
7901336	6.97453
7901340	4.181863
7901342	4.384228
7901357	7.485411
7901359	2.417507
7901361	2.564117
7901363	5.52577
7901374	2.404679
7901376	8.961503
7901383	3.159394
7901385	8.934978
7901418	7.625385
7901426	4.800905
7901443	7.21112
7901445	7.441085
7901447	8.277577
7901460	4.70738
7901466	5.373859
7901477	6.131571
7901479	6.568654
7901497	4.597364
7901513	8.177805
7901535	6.074986
7901549	5.964235
7901557	6.812917
7901563	4.228525
7901565	4.572105
7901577	6.48984
7901592	6.199864
7901601	6.692451
7901611	5.376769
7901613	6.406929
7901634	5.853037
7901662	6.964478
7901675	8.116881
7901687	7.219872
7901691	5.652695
7901696	6.477941
7901710	2.559659
7901712	2.436992
7901714	5.199033
7901720	4.891157
7901732	3.671396
7901744	5.795328
7901746	10.21171
7901748	5.864642
7901765	4.899736
7901788	6.512042
7901802	6.139213
7901804	8.077338
7901852	5.546494
7901854	4.249154
7901856	5.593769
7901858	5.807952
7901860	3.281773
7901867	5.655968
7901883	2.632883
7901895	4.310936
7901911	4.804654
7901913	6.320542
7901915	4.97361
7901931	3.855858
7901948	2.352307
7901951	5.532703
7901967	9.113201
7901969	5.837626
7901982	2.307899
7901993	8.393193
7902023	5.569662
7902036	9.202178
7902038	7.564072
7902043	4.871517
7902072	3.689002
7902074	6.357256
7902102	2.747696
7902104	6.209909
7902127	3.747712
7902158	4.268105
7902166	7.320341
7902189	3.497927
7902203	5.672529
7902205	3.73306
7902225	2.761595
7902227	8.997627
7902235	3.517002
7902265	7.331507
7902267	6.968498
7902269	7.857958
7902282	6.080469
7902290	5.005789
7902306	4.575002
7902308	5.744188
7902317	3.40765
7902345	5.097851
7902353	4.419748
7902365	4.421021
7902367	10.91522
7902382	5.679048
7902396	4.476793
7902398	7.577404
7902400	3.811919
7902402	2.841767
7902425	4.664266
7902435	8.336023
7902439	3.023429
7902441	5.885808
7902448	8.934931
7902452	3.764294
7902472	5.939544
7902474	6.629025
7902476	5.786721
7902495	3.548359
7902512	9.459469
7902518	5.313117
7902527	3.794285
7902541	7.372272
7902553	7.693512
7902563	3.739724
7902565	6.400987
7902592	6.659987
7902594	6.710292
7902611	5.048093
7902615	2.556276
7902617	3.682361
7902623	3.131305
7902634	5.45997
7902645	2.873697
7902660	4.194655
7902687	8.353812
7902700	3.31704
7902702	4.104847
7902721	3.303106
7902738	10.32766
7902754	3.429842
7902771	8.138956
7902787	4.277636
7902789	6.182009
7902799	5.312442
7902808	3.818721
7902810	5.42679
7902822	9.906571
7902848	7.417441
7902850	5.046954
7902861	6.270352
7902874	5.401509
7902883	5.971662
7902891	6.452192
7902909	5.546756
7902911	4.812517
7902913	4.105739
7902930	3.460869
7902934	3.405592
7902957	5.288324
7902965	5.58223
7902977	5.332104
7902984	2.634832
7902992	5.041986
7903008	5.762632
7903010	5.831069
7903022	5.958365
7903024	5.418521
7903026	2.154946
7903028	4.00223
7903030	2.817459
7903032	7.439144
7903049	4.274022
7903079	8.220307
7903090	2.043887
7903092	9.191294
7903109	2.20916
7903111	2.922974
7903113	2.313168
7903115	2.929894
7903117	4.747069
7903119	9.895551
7903144	7.334204
7903162	5.192347
7903171	5.364149
7903181	3.107179
7903183	7.948988
7903186	3.357978
7903188	6.649938
7903203	4.258928
7903214	4.443733
7903227	3.88653
7903239	5.17308
7903281	9.821583
7903292	2.428723
7903294	8.505822
7903308	5.510739
7903321	7.13269
7903334	5.462952
7903355	6.042722
7903358	5.256531
7903369	6.374363
7903389	6.24719
7903391	3.886842
7903393	4.534414
7903399	4.936988
7903401	3.409513
7903404	7.50106
7903407	6.505823
7903414	5.618603
7903425	5.823653
7903440	5.823653
7903455	3.171852
7903457	4.93377
7903461	4.575433
7903474	7.621517
7903478	5.73771
7903490	5.871718
7903507	5.387642
7903519	6.72224
7903530	3.909526
7903541	6.554197
7903561	4.189066
7903565	7.536173
7903582	9.252061
7903586	8.338386
7903592	4.712041
7903619	7.70671
7903632	6.976934
7903667	6.574113
7903676	5.91219
7903688	6.838305
7903694	6.4296
7903703	8.173777
7903717	8.087754
7903719	5.514966
7903742	5.620336
7903753	5.260226
7903765	6.682673
7903777	3.895321
7903786	6.63407
7903803	9.222558
7903827	7.104001
7903851	5.326037
7903854	5.666061
7903867	6.767777
7903876	2.795043
7903878	6.807041
7903884	6.552935
7903889	3.826442
7903893	7.66252
7903906	3.607831
7903908	5.970613
7903920	4.999901
7903935	4.216322
7903945	4.5336
7903959	4.507317
7903970	3.846275
7903972	6.637959
7903980	5.784526
7903988	7.700473
7904000	4.168159
7904014	2.922776
7904016	2.300064
7904018	9.26614
7904025	7.082975
7904036	7.412545
7904048	6.767855
7904050	7.436389
7904073	5.831717
7904082	5.356584
7904084	5.214946
7904086	5.22013
7904106	9.448723
7904131	5.144392
7904137	8.899852
7904158	5.755741
7904164	3.254607
7904166	2.737882
7904168	2.456059
7904203	3.613444
7904209	5.934164
7904211	5.260292
7904226	5.800323
7904244	5.487811
7904252	3.845315
7904254	8.857422
7904281	3.057447
7904287	5.96457
7904293	6.65021
7904303	5.106219
7904314	5.45434
7904340	7.400668
7904361	6.530031
7904364	4.333386
7904394	4.095726
7904396	5.440622
7904408	4.257677
7904414	4.91369
7904417	3.600112
7904421	4.364969
7904429	5.137415
7904431	3.65002
7904433	6.589208
7904448	4.12491
7904450	2.651278
7904452	4.451777
7904463	9.049655
7904465	9.45923
7904469	8.046473
7904478	5.620632
7904480	3.475975
7904482	8.878477
7904486	11.00705
7904500	11.36104
7904506	11.36045
7904562	11.23206
7904569	11.82974
7904572	4.144117
7904574	8.651918
7904693	4.64865
7904695	8.670877
7904702	8.104437
7904713	5.630683
7904715	5.663501
7904717	5.922824
7904726	11.54071
7904737	5.994786
7904742	7.525671
7904751	6.677576
7904755	6.56199
7904761	5.091055
7904796	5.593276
7904812	7.004695
7904830	5.671001
7904843	4.069974
7904853	5.126539
7904863	7.479304
7904865	4.375074
7904869	6.929071
7904872	3.242266
7904874	11.29999
7904877	5.135729
7904879	7.298431
7904881	9.128689
7904883	5.058968
7904907	6.226145
7904921	5.318449
7904923	4.613958
7904927	5.507
7904930	5.40286
7904948	6.929071
7904951	3.242266
7904953	2.646883
7904955	7.23372
7904959	5.179468
7904963	3.475975
7904965	4.803693
7904967	5.646063
7904969	8.541188
7904974	6.452847
7904976	8.969164
7904997	5.761938
7904999	8.97257
7905016	5.761938
7905018	6.487034
7905020	6.284429
7905025	5.257186
7905028	7.713107
7905033	4.953353
7905035	6.304528
7905037	6.903222
7905043	6.325009
7905047	3.952135
7905051	5.463723
7905054	4.38313
7905058	5.478766
7905060	4.954087
7905067	8.876034
7905077	5.911637
7905079	8.4575
7905085	7.345692
7905088	7.091452
7905092	7.320461
7905099	7.769562
7905116	5.821762
7905131	4.401109
7905145	4.696107
7905147	4.984408
7905154	6.607937
7905163	6.240748
7905171	6.32386
7905185	8.21779
7905198	7.527003
7905220	12.01018
7905233	7.823891
7905254	4.252188
7905256	4.288783
7905258	6.236084
7905283	9.458918
7905299	6.031811
7905308	9.066544
7905324	6.743094
7905329	6.062798
7905339	5.939866
7905349	5.639805
7905355	6.975648
7905365	8.814692
7905374	7.151618
7905382	6.949581
7905395	8.240992
7905406	8.301466
7905428	10.34496
7905444	6.682729
7905462	2.976346
7905464	4.822785
7905474	3.737051
7905481	4.631381
7905483	6.415092
7905486	12.01613
7905490	5.805174
7905492	7.741059
7905496	4.635971
7905500	5.930169
7905503	5.421529
7905505	7.02221
7905507	7.958531
7905510	6.245791
7905512	6.732171
7905515	5.953196
7905517	7.338426
7905519	7.001401
7905523	8.274899
7905525	3.730374
7905528	7.737286
7905530	4.64215
7905533	9.923277
7905536	6.601332
7905544	12.49582
7905548	13.52525
7905553	12.09745
7905559	6.991368
7905563	5.010406
7905569	3.445539
7905571	12.01838
7905576	4.89432
7905581	6.091946
7905589	7.346004
7905598	6.026878
7905606	5.894193
7905629	3.574984
7905631	7.349835
7905664	6.219125
7905677	5.281243
7905691	8.827602
7905698	2.689736
7905700	7.616181
7905731	4.94626
7905733	6.232501
7905742	2.779202
7905744	4.743559
7905746	5.498147
7905754	5.44904
7905789	6.879823
7905801	4.548486
7905817	5.942667
7905826	7.953525
7905831	6.819178
7905848	5.59075
7905854	8.177756
7905862	5.987357
7905881	6.734359
7905909	5.724245
7905918	5.353962
7905927	4.332458
7905929	6.654456
7905938	7.075991
7905949	5.036361
7905951	6.192852
7905968	7.214375
7905974	7.256952
7905986	6.621818
7905999	6.748887
7906015	4.978419
7906017	6.360168
7906021	5.101308
7906041	6.76513
7906056	5.575114
7906061	4.650499
7906069	6.027701
7906072	6.636044
7906079	9.5629
7906085	7.304745
7906107	6.092017
7906128	6.970355
7906133	7.216302
7906140	6.683891
7906146	7.309431
7906154	3.539688
7906163	6.193909
7906175	4.421068
7906177	6.671988
7906185	6.887132
7906194	4.915348
7906197	6.744926
7906205	6.840275
7906223	6.593318
7906235	7.201452
7906244	6.348714
7906264	6.474083
7906284	5.925788
7906303	3.4117
7906305	5.445459
7906307	5.915505
7906330	6.261353
7906339	4.667397
7906348	5.065457
7906355	6.379542
7906365	3.985971
7906367	2.79052
7906370	2.822878
7906372	5.010924
7906374	4.196178
7906377	4.566155
7906386	3.974693
7906400	6.955314
7906417	6.102767
7906433	5.581684
7906435	5.691212
7906443	4.662737
7906452	3.360161
7906458	4.928999
7906465	3.791397
7906467	4.919263
7906469	7.822725
7906475	5.061722
7906486	5.90344
7906496	6.674408
7906501	6.037094
7906527	4.906334
7906552	5.316664
7906564	8.922767
7906574	2.829103
7906576	8.132503
7906597	5.768111
7906602	6.411282
7906613	5.946216
7906622	5.521554
7906642	5.15626
7906652	6.984993
7906662	8.344413
7906671	6.853287
7906688	5.194427
7906703	7.922023
7906720	5.757243
7906728	5.755347
7906742	6.630725
7906746	4.848389
7906751	2.78357
7906753	6.025502
7906757	4.015954
7906764	10.53027
7906767	6.4554
7906775	10.13185
7906777	5.008924
7906784	2.473184
7906786	5.178485
7906797	6.365607
7906808	4.830161
7906810	6.027956
7906819	8.48238
7906838	7.971464
7906852	8.312126
7906863	8.504782
7906878	5.034318
7906898	5.597834
7906900	5.283861
7906904	5.219605
7906919	4.616477
7906930	3.352137
7906948	4.378115
7906950	4.492043
7906952	2.917746
7906954	7.011628
7906969	7.727285
7906973	4.639321
7906978	6.492042
7906988	3.994658
7906993	5.38754
7906995	7.040898
7907008	5.461606
7907010	5.76507
7907012	5.911219
7907024	6.446598
7907032	3.404393
7907049	6.399462
7907051	2.50264
7907053	5.153007
7907058	7.251674
7907079	6.489861
7907090	5.966507
7907092	7.670656
7907104	6.16749
7907124	5.577269
7907135	8.760436
7907146	6.496511
7907156	3.782002
7907160	11.64382
7907171	9.298212
7907183	3.834839
7907211	7.938809
7907213	5.382701
7907222	4.939281
7907232	3.092896
7907249	5.550906
7907260	3.987984
7907271	7.829207
7907286	3.054557
7907297	8.07833
7907308	3.559107
7907310	8.794895
7907349	6.384536
7907351	7.761734
7907353	6.561376
7907368	4.153737
7907370	4.820165
7907394	2.833795
7907396	3.021234
7907404	6.157761
7907430	5.378726
7907439	8.16322
7907445	6.086309
7907462	3.046137
7907464	4.312108
7907466	5.599274
7907486	5.484205
7907492	7.607194
7907531	5.407093
7907535	2.589716
7907537	7.592227
7907549	5.573625
7907568	5.122701
7907572	5.425402
7907601	5.781317
7907611	9.147557
7907633	3.728454
7907649	5.458434
7907655	6.669649
7907657	8.736959
7907680	7.093867
7907690	5.722789
7907700	6.164819
7907702	4.795336
7907719	2.846416
7907749	3.889652
7907769	5.317727
7907773	8.214052
7907790	6.256318
7907830	9.664592
7907847	7.166176
7907849	5.49788
7907859	5.986397
7907861	6.626272
7907882	6.420393
7907893	6.652214
7907904	10.14315
7907907	5.041499
7907911	5.438296
7907960	2.396643
7907962	5.122389
7907964	2.97644
7907966	6.426706
7907968	3.441348
7907970	4.600283
7907972	5.432537
7907977	5.84732
7907986	3.936333
7908003	6.401406
7908022	6.867316
7908041	6.284452
7908072	8.512245
7908097	8.604165
7908125	6.076475
7908147	6.689651
7908155	3.741928
7908157	3.822217
7908159	5.340019
7908161	7.18364
7908169	5.997494
7908178	5.043254
7908204	4.284427
7908312	3.377626
7908328	8.213505
7908330	6.184444
7908347	5.211821
7908351	6.587318
7908371	3.82696
7908376	4.329413
7908382	3.029588
7908388	4.115433
7908397	4.712648
7908407	8.320075
7908409	7.20469
7908421	6.491607
7908437	6.758599
7908459	7.601819
7908481	2.897676
7908488	3.237415
7908492	3.303752
7908496	2.563551
7908499	3.561649
7908508	4.613756
7908525	6.051878
7908529	5.396213
7908543	8.733795
7908553	5.063384
7908591	6.05321
7908593	3.62482
7908595	2.807688
7908597	5.154714
7908610	2.733649
7908612	5.993606
7908614	7.739495
7908635	7.636961
7908637	8.036365
7908639	8.445999
7908650	6.053364
7908672	6.141069
7908692	6.637768
7908694	6.479727
7908728	5.318929
7908730	3.602525
7908732	6.344099
7908758	6.709838
7908766	5.528287
7908775	4.004372
7908777	8.114941
7908779	8.926431
7908793	10.9905
7908812	7.829434
7908816	5.436411
7908839	2.509881
7908841	6.046272
7908861	5.15487
7908863	5.333362
7908867	8.389633
7908879	5.786773
7908907	6.230057
7908917	8.107556
7908924	5.250388
7908931	6.607371
7908940	7.392621
7908966	4.865917
7908968	5.00268
7908978	9.298166
7908988	4.478436
7908993	6.667486
7909011	5.731682
7909027	5.463522
7909064	6.299045
7909088	5.663023
7909102	5.584513
7909104	6.780798
7909127	9.406653
7909140	6.858328
7909142	4.251434
7909144	6.947953
7909146	4.369308
7909155	4.139226
7909164	5.263065
7909175	6.761395
7909188	7.453656
7909214	9.602544
7909225	5.502269
7909236	8.320086
7909250	7.937116
7909261	5.482247
7909271	4.298217
7909285	6.993556
7909306	5.04564
7909318	3.9975
7909332	8.261707
7909350	3.357362
7909371	4.313478
7909390	3.931492
7909400	10.60554
7909418	5.331248
7909422	5.087954
7909425	5.027485
7909441	7.918546
7909446	4.686075
7909455	5.281492
7909478	5.587202
7909494	3.754866
7909503	4.57544
7909510	6.106471
7909525	3.52592
7909527	5.820625
7909529	6.346726
7909545	4.124943
7909561	5.196464
7909568	4.096462
7909586	7.143017
7909601	4.880279
7909603	7.656562
7909610	9.429217
7909624	5.856742
7909626	3.017727
7909628	4.502188
7909642	5.685118
7909661	5.269205
7909681	4.186375
7909689	4.57595
7909708	4.149789
7909730	3.996375
7909745	8.332469
7909768	3.656224
7909780	3.898049
7909782	3.485075
7909789	5.130623
7909801	3.889768
7909811	5.404099
7909813	4.590713
7909815	6.594552
7909839	4.14033
7909841	5.36766
7909862	6.255021
7909866	3.832462
7909877	5.707182
7909888	3.030055
7909890	6.415263
7909896	6.951722
7909898	6.037964
7909931	9.619181
7909946	4.607258
7909954	4.616684
7909965	6.940894
7909967	9.970019
7909990	4.912046
7909992	8.144524
7909999	3.144476
7910001	5.959776
7910010	3.042484
7910012	2.993539
7910014	5.612493
7910022	4.463919
7910030	2.480113
7910047	3.372674
7910054	3.247486
7910096	5.065179
7910099	8.116463
7910111	7.165993
7910124	10.87831
7910134	6.891262
7910138	2.973867
7910142	5.895502
7910146	6.118422
7910164	6.413548
7910184	5.559321
7910186	4.910476
7910188	5.224653
7910190	4.904283
7910198	5.391092
7910200	6.035403
7910211	5.375706
7910217	5.631895
7910229	10.26918
7910241	8.800387
7910257	7.490805
7910261	6.500071
7910265	6.08494
7910369	8.30656
7910372	8.674644
7910377	7.964762
7910379	4.678167
7910381	5.857212
7910383	3.96934
7910385	8.63538
7910387	8.09915
7910396	3.701005
7910398	5.792702
7910414	7.15024
7910416	5.125936
7910427	6.746327
7910446	5.117501
7910466	5.697786
7910490	6.191393
7910492	5.8631
7910494	5.883947
7910503	6.543681
7910520	6.548041
7910539	7.428346
7910550	5.446964
7910559	5.420665
7910585	7.207628
7910587	2.993875
7910589	5.496108
7910591	5.895702
7910600	5.670382
7910611	8.779099
7910618	6.32093
7910630	5.843712
7910634	2.437371
7910636	5.384852
7910638	8.13665
7910640	5.321393
7910651	3.946012
7910672	2.400757
7910674	2.80317
7910680	8.818304
7910694	6.105187
7910706	7.638195
7910727	5.137143
7910752	5.418991
7910790	6.601743
7910792	3.764294
7910897	6.424358
7910899	8.513262
7910901	8.262297
7910903	2.382788
7910905	3.803871
7910907	2.294156
7910909	3.392315
7910911	2.493402
7910913	6.792034
7910915	3.265138
7910923	4.536402
7910944	4.174481
7910948	4.815922
7910950	3.810915
7910971	2.720315
7910997	4.492265
7911017	5.418138
7911038	6.354525
7911045	4.606557
7911047	8.413425
7911049	3.309386
7911056	4.700187
7911078	8.137925
7911085	5.963223
7911092	7.260418
7911094	2.298617
7911096	5.043825
7911108	5.153437
7911110	4.847726
7911112	4.842035
7911114	5.613447
7911136	1.441297
7911138	7.583422
7911155	7.97244
7911170	5.24578
7911174	3.103271
7911176	3.280908
7911178	5.127255
7911197	5.346806
7911199	3.161364
7911207	5.274792
7911209	4.054389
7911211	3.150908
7911213	4.029466
7911215	3.426036
7911218	6.963326
7911229	6.835612
7911231	6.835612
7911233	5.021935
7911235	3.469821
7911237	4.708129
7911241	3.905682
7911243	3.458128
7911248	3.218296
7911252	4.409642
7911258	4.692338
7911260	5.349331
7911263	5.408186
7911265	2.617096
7911267	3.122331
7911269	5.174611
7911271	4.921998
7911273	3.321111
7911276	4.689053
7911278	5.677841
7911281	5.047818
7911283	4.675748
7911285	3.053583
7911287	4.764405
7911289	8.850124
7911301	6.803203
7911307	8.030396
7911309	7.733377
7911323	3.847192
7911329	7.073873
7911331	7.424056
7911333	8.089715
7911335	10.58056
7911337	11.05306
7911339	8.821329
7911341	8.836757
7911343	11.39456
7911345	5.67927
7911347	6.239594
7911349	4.844296
7911351	7.204497
7911355	6.966861
7911359	6.730772
7911371	6.447655
7911376	8.217871
7911383	6.694108
7911403	7.141335
7911413	6.930952
7911422	7.801682
7911435	7.410394
7911444	6.668144
7911458	7.20544
7911486	7.18061
7911506	7.666162
7911529	9.197565
7911532	8.277902
7911539	7.418872
7911559	5.957793
7911568	6.941768
7911578	6.752062
7911591	6.759089
7911600	7.940955
7911619	9.510504
7911634	7.346087
7911643	4.679204
7911657	7.634182
7911659	5.332528
7911676	5.172595
7911681	5.244504
7911683	6.941309
7911699	7.867177
7911701	6.818586
7911718	5.755825
7911720	6.521771
7911730	5.919056
7911750	6.933745
7911754	7.837076
7911767	5.425797
7911793	6.444331
7911796	7.23767
7911799	7.056588
7911839	5.629174
7911854	5.396803
7911862	6.65687
7911870	6.266526
7911897	6.06727
7911902	5.663378
7911941	6.398905
7911989	3.690674
7911993	7.682754
7912004	8.599833
7912012	6.67537
7912031	6.664023
7912040	7.701484
7912056	6.486888
7912086	5.461871
7912102	7.396832
7912112	5.8792
7912133	4.974035
7912136	3.582657
7912145	5.571002
7912155	7.097335
7912157	10.11349
7912162	6.855556
7912164	2.729774
7912166	9.018375
7912194	8.034806
7912196	2.720362
7912198	9.463669
7912211	4.836702
7912224	6.448601
7912239	7.349637
7912248	5.480511
7912250	8.47251
7912252	5.16651
7912254	5.513127
7912257	7.736078
7912280	4.655931
7912283	7.519744
7912292	5.794132
7912303	5.378939
7912316	7.217008
7912343	7.352248
7912347	6.563276
7912349	6.739305
7912361	5.492962
7912374	7.12677
7912385	6.746603
7912412	7.117377
7912473	6.960424
7912481	6.671963
7912496	6.08538
7912511	7.202512
7912515	4.592242
7912520	5.913264
7912525	2.471307
7912527	4.035183
7912529	5.514349
7912531	2.385567
7912535	5.519206
7912537	10.017
7912547	3.876889
7912552	4.233964
7912555	3.879692
7912561	5.825996
7912567	4.013783
7912575	4.07255
7912580	5.32116
7912582	3.609122
7912585	6.013802
7912589	3.991421
7912591	6.739527
7912595	4.035162
7912601	4.504016
7912606	6.739527
7912610	4.035162
7912617	4.504016
7912622	4.894319
7912625	2.94623
7912627	5.608531
7912629	6.133651
7912638	7.10852
7912646	8.951523
7912659	6.675325
7912670	7.01446
7912672	5.742308
7912675	6.970515
7912692	5.621279
7912701	7.416986
7912706	10.80485
7912724	6.303174
7912743	6.577667
7912750	7.342707
7912762	3.262341
7912764	5.334404
7912784	6.262244
7912800	11.42632
7912802	6.1581
7912804	8.762847
7912806	4.039394
7912808	8.325239
7912839	5.983964
7912850	11.42632
7912852	8.817879
7912854	6.698616
7912861	6.214302
7912863	6.095409
7912882	4.65466
7912884	5.047502
7912887	6.582594
7912898	7.433278
7912928	6.990701
7912937	6.532262
7912956	7.850825
7912968	6.166096
7912975	6.456456
7912994	5.3017
7913001	8.525249
7913110	5.288577
7913138	4.703788
7913146	8.299965
7913154	5.097703
7913156	6.488793
7913169	9.477058
7913185	5.448578
7913187	9.134538
7913206	6.186475
7913211	6.67399
7913216	6.31787
7913226	6.742246
7913235	6.780657
7913237	9.484716
7913242	7.752134
7913249	6.338513
7913252	6.223214
7913256	7.67657
7913271	6.039313
7913290	5.915919
7913300	8.159879
7913319	7.567727
7913357	6.947147
7913380	10.69421
7913385	6.073179
7913415	5.908059
7913450	7.986186
7913547	6.716403
7913556	2.986682
7913558	7.90415
7913566	6.132323
7913571	7.6284
7913582	6.206934
7913593	6.542131
7913609	6.162099
7913642	5.337242
7913644	6.091298
7913655	7.062759
7913663	3.841098
7913665	8.334307
7913667	8.514528
7913682	7.306615
7913694	9.804496
7913705	5.734999
7913712	5.362108
7913727	5.820816
7913768	5.814282
7913776	5.688434
7913787	4.873503
7913799	2.236564
7913801	4.187772
7913803	2.787594
7913805	6.686093
7913814	7.645083
7913824	8.473222
7913835	5.966927
7913850	6.345134
7913852	4.059361
7913858	7.750492
7913864	4.906406
7913869	5.920473
7913883	8.023017
7913896	6.425732
7913907	4.492504
7913918	6.705946
7913938	9.216653
7913965	6.576439
7913972	5.052546
7913976	2.894606
7913978	6.350218
7913990	5.642836
7914000	5.483285
7914003	6.767741
7914015	8.589163
7914021	7.882126
7914038	3.673806
7914040	8.816354
7914042	7.177184
7914075	5.977851
7914084	7.531196
7914094	8.677008
7914103	7.241905
7914112	7.31993
7914127	9.247937
7914137	2.238066
7914141	4.858679
7914153	6.62584
7914178	5.927611
7914180	7.631285
7914182	5.738119
7914184	7.590687
7914194	6.203038
7914200	2.318287
7914202	8.346986
7914212	9.279924
7914214	7.136622
7914216	7.98607
7914218	5.859798
7914230	3.220929
7914232	8.166101
7914235	8.659018
7914245	6.541014
7914260	4.864184
7914270	8.346413
7914282	5.975216
7914296	9.187748
7914322	4.705114
7914324	4.705114
7914326	5.951103
7914334	5.07901
7914342	5.132105
7914354	6.52741
7914361	7.627758
7914433	6.436061
7914467	6.442127
7914489	8.777341
7914496	7.385957
7914498	4.018896
7914500	6.147083
7914516	6.979276
7914525	10.63576
7914530	7.813074
7914550	4.612438
7914555	3.675624
7914557	5.655503
7914563	6.465704
7914580	5.842893
7914592	9.642778
7914603	8.561576
7914617	6.045061
7914628	5.407016
7914630	8.491873
7914643	5.387157
7914648	7.130405
7914667	5.060632
7914748	5.045763
7914750	5.947653
7914758	6.405868
7914764	6.187542
7914791	8.425821
7914805	4.670976
7914809	7.210117
7914834	7.981549
7914847	6.191648
7914851	4.54697
7914878	3.509579
7914880	6.837815
7914887	7.426181
7914898	8.360331
7914904	8.341365
7914917	7.123998
7914923	5.915222
7914938	5.43459
7914940	7.127104
7914950	6.434066
7914974	6.19425
7914992	5.732429
7914994	3.236447
7914996	6.494448
7915008	8.232635
7915015	6.881397
7915032	6.78564
7915045	4.64063
7915056	4.091153
7915074	3.060345
7915078	6.567557
7915084	7.474648
7915091	7.090166
7915101	6.15976
7915130	5.339767
7915147	6.069631
7915156	7.196104
7915160	7.510613
7915170	6.926815
7915178	5.567444
7915184	8.339201
7915198	3.787012
7915200	5.490694
7915202	5.557007
7915204	4.674799
7915207	6.558196
7915227	6.696738
7915229	6.32587
7915238	6.545891
7915245	5.392751
7915252	7.829723
7915257	6.980494
7915261	5.854138
7915275	4.321887
7915277	6.867847
7915284	5.323821
7915286	8.322463
7915297	7.687639
7915329	7.679955
7915331	6.670575
7915333	6.278674
7915345	7.946706
7915347	7.167812
7915351	6.593569
7915363	5.419761
7915385	9.583937
7915392	5.854194
7915404	6.141539
7915408	8.282836
7915425	4.781074
7915435	6.831763
7915444	5.874035
7915466	7.128834
7915468	5.282455
7915472	7.851906
7915485	5.617233
7915498	4.384604
7915500	7.059923
7915504	7.53803
7915516	5.410003
7915529	6.293746
7915543	7.130535
7915561	3.655249
7915563	5.02523
7915565	2.638269
7915567	5.614183
7915578	6.457955
7915590	2.078821
7915592	3.910695
7915594	5.644625
7915598	5.352924
7915609	5.606502
7915612	5.523756
7915614	6.622772
7915640	4.088069
7915657	5.801016
7915659	6.733588
7915682	5.94174
7915695	6.344188
7915718	7.104736
7915731	4.22547
7915733	8.643096
7915743	6.058156
7915758	9.327934
7915775	6.561255
7915787	7.088536
7915801	6.173484
7915827	7.181436
7915841	7.086608
7915846	7.299147
7915861	7.048515
7915870	5.570555
7915882	7.942462
7915896	5.196415
7915902	5.698143
7915910	10.40874
7915919	5.767553
7915926	3.982484
7915949	6.366437
7915951	2.856692
7915955	5.743364
7915971	4.865756
7915982	4.083496
7915991	6.442731
7915995	6.376758
7916016	4.965636
7916018	3.696305
7916020	2.428247
7916022	7.905112
7916024	6.648613
7916045	8.864091
7916077	7.523394
7916112	5.329191
7916120	7.950313
7916130	5.677732
7916135	7.279538
7916167	4.132047
7916185	5.473934
7916219	5.365158
7916225	5.42919
7916227	2.418735
7916229	7.191868
7916246	5.685005
7916248	5.439597
7916262	6.25981
7916274	6.14453
7916282	5.758269
7916304	6.060057
7916316	5.059904
7916341	2.624572
7916343	6.513041
7916356	5.079919
7916364	5.888654
7916372	11.31146
7916384	5.895779
7916393	5.156974
7916403	9.833857
7916412	6.789207
7916422	7.547221
7916425	10.1822
7916432	9.517387
7916443	6.095205
7916487	2.468231
7916489	5.683259
7916491	6.192036
7916493	7.71487
7916506	3.455332
7916526	4.68048
7916541	5.144654
7916562	9.090646
7916564	5.454653
7916566	2.957342
7916568	5.450072
7916570	5.964243
7916582	6.838927
7916584	11.16808
7916590	8.013058
7916592	7.277561
7916609	10.17704
7916616	5.386112
7916629	4.255744
7916643	5.583963
7916654	5.626614
7916667	4.187159
7916669	5.489529
7916725	5.220345
7916727	4.1142
7916741	6.849757
7916743	4.80691
7916745	2.569153
7916747	9.607095
7916775	3.462706
7916777	3.305715
7916781	5.651656
7916785	2.955434
7916789	4.167754
7916808	4.667415
7916822	2.477866
7916832	4.039699
7916834	2.680672
7916836	5.775198
7916841	2.731747
7916843	9.975033
7916851	6.063477
7916853	4.518968
7916862	8.270789
7916880	4.037144
7916882	3.98949
7916898	2.389336
7916910	3.972959
7916926	4.698745
7916928	7.341029
7916944	4.66626
7916969	7.729699
7916984	2.560109
7916986	4.788613
7916998	3.928955
7917000	4.836727
7917002	3.470178
7917004	2.498281
7917008	2.769151
7917015	4.269543
7917019	3.865
7917037	5.511675
7917050	5.001131
7917052	8.013182
7917080	5.399472
7917082	2.634832
7917088	4.415887
7917103	5.870535
7917120	7.561739
7917148	6.645537
7917151	5.276756
7917156	7.362812
7917180	4.217846
7917182	2.799604
7917199	5.471484
7917232	8.933591
7917240	7.381262
7917251	4.049439
7917255	4.533489
7917276	6.243558
7917283	4.680164
7917304	3.873436
7917322	4.696678
7917331	6.925773
7917338	9.11872
7917347	6.07951
7917357	3.2047
7917359	5.985559
7917370	5.505547
7917431	5.660347
7917433	7.119075
7917455	8.555037
7917466	5.529936
7917468	5.609346
7917470	6.089309
7917472	9.65373
7917482	5.555997
7917503	7.952476
7917514	4.215072
7917516	8.8298
7917528	5.703102
7917530	7.071691
7917532	8.002249
7917548	5.053122
7917561	6.887494
7917576	5.060348
7917591	5.093178
7917593	4.641723
7917597	2.436008
7917599	7.03332
7917604	7.392385
7917612	2.611053
7917634	2.818125
7917645	14.41002
7917647	4.986619
7917649	6.071857
7917670	7.6566
7917672	6.580873
7917674	6.590072
7917676	3.769655
7917695	4.028481
7917697	6.021233
7917707	5.475868
7917726	2.83199
7917728	4.796042
7917735	2.336796
7917737	7.663036
7917739	3.98135
7917741	6.745909
7917752	6.461192
7917754	7.663426
7917771	6.570641
7917779	6.964322
7917790	3.619531
7917792	2.476055
7917794	2.335357
7917798	4.980877
7917850	5.046926
7917875	9.916857
7917885	8.131633
7917896	5.439035
7917902	4.0528
7917904	2.964321
7917906	7.938922
7917910	4.980754
7917912	7.993723
7917942	4.392339
7917944	4.335931
7917946	3.417955
7917954	4.367119
7917972	3.222196
7917974	2.602294
7917976	4.097936
7917996	3.307585
7918008	5.446806
7918026	2.658985
7918034	4.38253
7918048	4.206522
7918050	8.070501
7918052	4.331563
7918064	5.915643
7918134	5.823653
7918149	6.935773
7918151	2.031273
7918157	4.278676
7918188	7.589146
7918203	5.737446
7918223	4.373524
7918235	4.304766
7918255	5.237009
7918275	6.150766
7918284	7.513788
7918294	5.09279
7918300	5.704014
7918313	6.013181
7918323	11.21079
7918345	6.807762
7918359	7.701142
7918365	7.496473
7918367	4.825094
7918379	5.630696
7918394	6.664136
7918416	6.500215
7918424	2.946505
7918426	5.53891
7918437	6.788619
7918444	5.801168
7918449	4.442166
7918457	5.248738
7918465	2.387017
7918467	7.676387
7918474	7.426047
7918487	7.260798
7918504	5.657348
7918517	5.692397
7918533	4.850636
7918548	2.486752
7918550	5.699107
7918552	5.957746
7918558	5.656222
7918569	4.154459
7918593	7.98169
7918606	6.494274
7918620	5.678349
7918622	3.755486
7918634	5.855639
7918657	5.03654
7918681	6.922769
7918694	6.477434
7918703	7.134891
7918716	5.263639
7918725	7.173805
7918747	4.707846
7918749	6.256602
7918751	5.7624
7918753	2.661408
7918755	4.87055
7918757	5.084468
7918759	7.428451
7918768	9.343338
7918792	6.588997
7918794	4.241327
7918811	4.45809
7918813	8.009448
7918825	9.991824
7918847	6.347754
7918857	5.979092
7918869	6.690266
7918876	7.032749
7918878	3.831146
7918891	2.894922
7918898	3.585786
7918900	5.862549
7918902	5.622279
7918911	6.298409
7918913	5.790372
7918923	5.989673
7918925	6.046929
7918936	7.282397
7918951	3.790095
7918953	2.180679
7918955	6.970314
7918973	3.33032
7919024	3.650812
7919026	2.791987
7919028	4.202431
7919038	5.599477
7919047	3.250365
7919049	4.309544
7919051	6.390661
7919055	6.260662
7919067	4.581277
7919080	3.826058
7919088	4.395921
7919095	7.829123
7919129	5.630683
7919131	6.588629
7919133	4.51077
7919139	3.565516
7919146	3.834892
7919151	8.75171
7919155	7.878182
7919157	5.4144
7919160	4.765977
7919162	5.463723
7919166	4.765977
7919168	7.109256
7919193	9.778393
7919195	2.651278
7919197	5.552817
7919208	5.844248
7919217	6.422173
7919226	7.383383
7919243	3.904688
7919251	5.503335
7919267	7.820746
7919269	11.91739
7919271	8.851594
7919299	8.217266
7919301	6.223379
7919303	4.603362
7919305	4.923648
7919314	5.05332
7919324	2.141569
7919326	5.643524
7919340	4.554906
7919347	7.820746
7919349	11.91739
7919351	8.85267
7919380	8.217266
7919382	4.6057
7919384	5.434283
7919386	7.690126
7919388	3.288017
7919390	4.276649
7919392	8.75171
7919394	5.698823
7919405	7.878182
7919407	5.801101
7919412	9.021186
7919436	9.935384
7919438	8.82148
7919556	5.297443
7919560	5.36796
7919562	4.834363
7919564	7.680262
7919566	5.535566
7919568	6.013985
7919570	2.827037
7919572	5.874881
7919576	11.42632
7919578	5.607695
7919580	6.109921
7919582	6.663693
7919584	10.5771
7919589	9.051889
7919591	4.040661
7919594	2.659588
7919596	6.109921
7919598	8.783175
7919600	8.159512
7919602	6.44738
7919604	7.544205
7919606	10.82952
7919612	8.405842
7919614	7.345692
7919619	8.4575
7919625	9.547723
7919627	8.876034
7919637	9.927074
7919642	6.623506
7919645	5.09269
7919659	7.755394
7919669	6.092704
7919699	8.54981
7919715	5.782577
7919729	7.701674
7919743	7.216146
7919749	8.847252
7919751	11.09242
7919761	5.073537
7919763	6.788157
7919776	2.519463
7919780	9.389952
7919787	3.704083
7919800	9.117392
7919815	4.769101
7919825	8.155548
7919852	2.645218
7919854	6.512326
7919856	6.962409
7919872	6.615905
7919886	2.602193
7919888	9.119273
7919898	6.803028
7919923	5.681471
7919929	4.888915
7919940	7.611156
7919950	8.244145
7919971	6.103031
7919984	7.369826
7920000	7.28492
7920027	6.469456
7920045	2.73539
7920047	5.707739
7920057	5.688201
7920077	6.284508
7920082	6.897738
7920100	4.849178
7920114	5.741117
7920123	11.25998
7920128	10.63163
7920135	5.407844
7920141	5.236267
7920146	8.239594
7920155	6.183699
7920165	10.83853
7920175	5.112754
7920178	11.07897
7920182	6.755075
7920185	7.852387
7920191	6.984424
7920193	5.964978
7920196	5.845104
7920201	5.924967
7920205	11.75802
7920210	6.03598
7920214	6.743983
7920217	7.798825
7920220	6.642979
7920228	7.640737
7920238	8.807963
7920244	13.33735
7920249	3.698655
7920252	8.91393
7920258	8.356752
7920264	5.398211
7920271	6.442128
7920278	5.142634
7920285	6.105981
7920291	9.110433
7920297	9.230762
7920303	6.291979
7920317	7.251959
7920333	3.050624
7920335	2.73
7920337	5.693544
7920341	7.586033
7920354	6.999196
7920382	7.328625
7920401	7.314681
7920409	8.553863
7920422	8.069206
7920426	3.453419
7920468	2.644147
7920470	2.539877
7920472	6.146707
7920487	5.034443
7920492	9.09
7920506	5.80732
7920515	7.640718
7920531	8.479576
7920552	5.794397
7920567	6.303684
7920575	7.506621
7920594	6.263645
7920600	7.674309
7920616	5.38731
7920633	7.80701
7920642	11.36787
7920659	6.866456
7920664	5.632306
7920687	5.507499
7920697	8.948562
7920707	6.832744
7920725	6.96692
7920737	7.587162
7920744	6.872397
7920757	5.507527
7920766	7.8035
7920795	3.1303
7920799	8.256136
7920810	6.376762
7920839	9.64848
7920852	7.269729
7920873	10.08987
7920875	5.378639
7920877	7.980195
7920903	8.223928
7920912	6.750658
7920928	6.017819
7920944	7.22363
7920971	7.90747
7920980	4.054863
7920984	6.954052
7921003	4.818047
7921012	4.648799
7921014	8.79219
7921031	5.531322
7921033	4.98373
7921076	6.062692
7921088	6.281013
7921099	7.066951
7921110	6.70955
7921119	4.972667
7921121	6.860478
7921133	8.649967
7921144	6.454515
7921155	5.87764
7921179	6.870685
7921222	5.868907
7921228	8.494538
7921237	4.574263
7921259	3.898635
7921275	4.77758
7921298	4.396081
7921319	6.660107
7921332	5.432764
7921342	6.06463
7921344	7.794728
7921346	3.179184
7921354	3.650153
7921356	4.293823
7921358	4.56648
7921360	5.603917
7921362	5.166448
7921364	3.148459
7921367	4.38273
7921420	4.598469
7921422	2.820622
7921425	3.903682
7921427	4.031677
7921429	4.484483
7921431	4.847731
7921434	4.421642
7921442	2.806332
7921445	5.329568
7921447	3.434805
7921449	4.486947
7921462	6.193866
7921471	2.451105
7921473	5.138337
7921487	6.636071
7921492	6.38149
7921516	5.415238
7921526	5.672763
7921533	5.049287
7921538	7.095505
7921552	6.371142
7921571	7.277145
7921583	8.721731
7921621	4.796355
7921623	2.872795
7921625	3.986422
7921637	4.818336
7921652	3.832111
7921667	5.230349
7921677	4.778093
7921690	4.3089
7921702	5.001839
7921713	10.14365
7921738	7.83607
7921752	7.269742
7921773	9.941811
7921786	7.423463
7921793	6.784084
7921806	7.450497
7921821	5.409063
7921834	5.728385
7921840	4.870784
7921852	4.828064
7921862	4.472727
7921868	6.293337
7921873	7.7164
7921882	5.49131
7921895	6.172454
7921900	10.39834
7921909	3.869696
7921916	3.566533
7921930	4.936144
7921932	5.066667
7921936	6.16647
7921955	3.870474
7921970	6.946765
7921987	7.238005
7922001	5.999735
7922008	6.660398
7922018	4.428397
7922029	6.456821
7922040	6.309775
7922051	6.998389
7922058	3.807354
7922095	6.743422
7922104	6.628776
7922108	6.066167
7922121	2.793546
7922125	3.016495
7922127	4.218115
7922130	4.671609
7922137	4.846916
7922152	4.390639
7922162	7.088974
7922174	4.747831
7922200	4.85712
7922219	5.722719
7922229	5.470396
7922243	4.689275
7922250	7.498396
7922266	4.732093
7922268	5.267582
7922291	2.615819
7922293	2.19435
7922295	2.164239
7922297	5.017454
7922299	6.289792
7922301	4.075941
7922309	5.498971
7922324	3.921441
7922326	6.32392
7922328	6.628532
7922330	6.287685
7922337	3.693453
7922343	3.419617
7922351	5.603685
7922353	3.031332
7922382	3.109903
7922389	3.707657
7922391	4.035935
7922400	5.975712
7922402	5.571814
7922404	3.936974
7922406	5.298686
7922408	6.084899
7922410	6.282641
7922412	2.676681
7922414	7.491636
7922416	7.13713
7922418	7.85246
7922420	4.958083
7922432	8.862082
7922456	6.478179
7922458	3.084398
7922460	2.146539
7922462	5.883827
7922472	2.291841
7922474	5.139416
7922482	4.684218
7922504	7.681341
7922523	6.136796
7922525	5.611843
7922550	5.718122
7922590	6.244258
7922596	7.111335
7922598	3.886051
7922610	6.032077
7922627	4.762452
7922637	9.355892
7922646	9.664137
7922648	6.985878
7922652	5.094856
7922656	4.197765
7922667	2.664701
7922669	5.981406
7922684	5.774677
7922686	5.776649
7922689	12.1866
7922703	4.940306
7922707	7.58247
7922717	7.529343
7922727	5.035627
7922737	3.262693
7922752	7.046669
7922754	5.505599
7922756	5.693315
7922773	7.508398
7922793	8.767012
7922804	3.539451
7922807	5.030635
7922821	3.094648
7922823	7.007893
7922846	8.153038
7922868	3.88351
7922870	6.449882
7922887	2.946546
7922889	8.554728
7922908	2.824189
7922910	4.316507
7922912	7.04816
7922969	3.738237
7922976	6.677396
7922994	4.106942
7923003	2.138053
7923007	5.016055
7923027	6.397151
7923034	3.403836
7923037	4.711462
7923039	2.078127
7923041	2.339361
7923043	3.501903
7923073	3.005398
7923086	3.344101
7923119	5.112939
7923131	6.358595
7923141	7.013718
7923162	3.521384
7923164	3.81164
7923173	3.979716
7923175	3.208835
7923177	2.431488
7923179	2.516135
7923183	6.546161
7923189	3.465569
7923221	5.566133
7923231	2.384531
7923233	6.413441
7923271	5.097066
7923317	5.425879
7923319	7.156691
7923332	6.792943
7923347	7.072839
7923360	6.738117
7923372	7.998289
7923378	9.02786
7923386	5.87983
7923394	8.502784
7923406	6.36887
7923424	2.958523
7923426	4.998671
7923436	5.015781
7923438	8.739189
7923440	3.091903
7923442	5.401168
7923453	9.281237
7923483	7.064808
7923489	7.68531
7923501	6.349717
7923503	10.42446
7923516	7.425546
7923528	6.266676
7923534	6.473691
7923547	6.019377
7923562	5.388531
7923578	4.78068
7923582	6.335883
7923584	5.147108
7923596	7.178512
7923608	9.101561
7923621	6.876219
7923628	6.445867
7923635	8.307358
7923659	10.71022
7923662	8.014774
7923698	5.825579
7923700	6.212448
7923705	5.321236
7923707	4.927639
7923712	6.320166
7923731	5.25856
7923753	6.620637
7923762	5.805487
7923772	4.840929
7923778	6.059264
7923792	6.328749
7923798	6.807269
7923810	2.901993
7923812	6.835414
7923824	7.331824
7923837	5.471663
7923850	8.345098
7923875	5.54434
7923885	6.08358
7923889	5.393923
7923905	3.36607
7923907	4.879122
7923917	5.490546
7923929	9.861633
7923942	6.12903
7923956	5.980473
7923958	10.28183
7923965	7.341748
7923967	9.963715
7923972	5.834181
7923974	4.806975
7923976	5.748475
7923978	5.179875
7923991	6.732028
7924029	8.102962
7924055	6.305266
7924058	8.086288
7924069	3.794259
7924071	4.592527
7924085	4.046062
7924092	9.296828
7924096	4.992942
7924107	4.901866
7924117	4.086435
7924119	4.992984
7924144	7.889785
7924148	2.968334
7924150	6.879591
7924163	5.506313
7924166	6.157617
7924172	6.06446
7924180	3.771281
7924184	4.82352
7924190	5.186416
7924203	4.936053
7924207	7.000987
7924230	6.991671
7924233	4.485723
7924307	3.363604
7924309	4.81743
7924325	1.984529
7924327	6.652371
7924340	4.320073
7924342	4.977808
7924351	5.983939
7924386	6.873331
7924388	6.2549
7924401	2.320282
7924403	3.011304
7924405	6.434343
7924443	7.497172
7924445	4.396333
7924450	8.389688
7924461	3.353192
7924463	7.424056
7924465	5.875233
7924476	3.625213
7924491	5.357206
7924495	2.856376
7924497	2.477848
7924499	5.775036
7924508	6.105187
7924526	8.922366
7924549	4.951595
7924551	6.678228
7924553	6.419617
7924558	5.318614
7924582	9.674448
7924603	6.36455
7924619	5.864513
7924636	7.193206
7924663	7.892714
7924669	7.218111
7924682	7.994514
7924686	6.174115
7924701	8.830125
7924712	4.490527
7924731	2.918876
7924733	5.560327
7924754	5.113369
7924756	8.071589
7924758	6.963578
7924760	5.693667
7924773	6.016321
7924817	4.980177
7924819	5.705353
7924821	3.16094
7924823	6.926614
7924832	7.283844
7924840	5.873496
7924842	8.276818
7924853	7.26304
7924863	4.908947
7924868	9.096834
7924874	8.812605
7924884	6.517067
7924888	9.619291
7924893	10.06466
7924895	5.041696
7924897	5.749542
7924908	5.388073
7924910	7.338664
7924923	5.445918
7924956	6.718601
7924967	2.809608
7924969	6.331234
7924977	4.939572
7924987	4.900121
7924996	6.0207
7925003	6.013189
7925028	5.488562
7925031	3.233624
7925033	4.969396
7925043	7.696117
7925048	8.147495
7925056	3.782766
7925058	4.399703
7925062	8.553663
7925087	2.816347
7925089	5.244611
7925128	6.268947
7925130	5.265551
7925161	8.78541
7925170	4.937551
7925174	5.819506
7925182	5.563145
7925184	6.310687
7925201	7.24131
7925229	6.67737
7925242	3.786119
7925244	7.020243
7925246	2.443611
7925248	2.029955
7925250	5.699193
7925257	6.943249
7925320	5.30442
7925342	4.665118
7925361	5.907282
7925364	4.99861
7925413	8.501791
7925417	2.505846
7925419	4.562759
7925432	2.032426
7925434	5.183357
7925436	4.411393
7925438	2.789835
7925442	5.769921
7925444	3.280514
7925446	5.582108
7925448	3.811249
7925450	2.523673
7925452	5.32794
7925457	4.828804
7925480	5.214997
7925492	6.215936
7925500	5.09644
7925504	6.234773
7925511	5.566049
7925523	6.678228
7925525	4.19174
7925531	4.846368
7925550	6.362427
7925561	7.338171
7925565	9.399879
7925585	6.381937
7925587	5.799241
7925589	4.693408
7925607	2.829726
7925609	3.358903
7925611	5.510102
7925622	5.419479
7925662	4.206005
7925672	4.948675
7925677	5.869251
7925687	6.650889
7925691	5.82967
7925701	6.022571
7925703	3.039135
7925705	6.599799
7925718	5.40743
7925720	5.196243
7925724	2.373351
7925726	3.609122
7925728	4.816255
7925730	4.21695
7925732	3.241894
7925735	3.648427
7925737	5.666765
7925739	9.125909
7925741	6.041234
7925743	6.022592
7925745	3.032788
7925747	3.072396
7925749	4.675748
7925751	3.486329
7925753	2.383931
7925755	4.339168
7925757	4.810335
7925759	4.325979
7925761	4.487191
7925763	8.892925
7925773	6.557317
7925790	4.109506
7925792	7.288794
7925813	5.906804
7925821	3.395507
7925823	5.790651
7925846	5.013902
7925851	7.017282
7925870	4.967144
7925874	2.323704
7925876	7.47052
7925902	3.514278
7925904	4.779891
7925918	5.615599
7925927	3.241359
7925929	5.979327
7925939	3.267607
7925950	6.169993
7925954	9.551591
7925972	6.267148
7925976	4.65463
7925978	5.613824
7925996	6.246512
7926021	6.547314
7926037	8.789761
7926059	5.007193
7926061	3.788631
7926084	7.974949
7926096	6.579797
7926105	8.744232
7926117	4.622557
7926123	4.073491
7926127	4.995554
7926150	7.25036
7926152	7.243778
7926158	8.463836
7926168	2.413013
7926170	7.221793
7926189	5.296519
7926205	4.24316
7926207	6.342924
7926223	6.817887
7926239	8.505573
7926259	5.047905
7926283	7.112181
7926297	4.62864
7926299	7.253993
7926319	6.661339
7926330	2.936733
7926334	3.049734
7926345	5.913363
7926354	2.592265
7926356	8.332317
7926368	6.128757
7926383	3.10328
7926385	6.333875
7926403	4.592505
7926410	5.09597
7926445	4.592505
7926451	5.09597
7926486	4.201576
7926506	4.843707
7926531	8.49115
7926539	5.091511
7926541	2.362713
7926543	4.962338
7926545	6.052577
7926563	2.313981
7926565	5.111742
7926594	3.716478
7926596	6.470821
7926609	6.614761
7926622	4.149569
7926636	3.776137
7926638	3.604092
7926659	7.316884
7926661	7.916408
7926670	9.373977
7926672	2.20916
7926674	7.191282
7926677	7.994337
7926679	8.183762
7926706	6.141208
7926708	3.559329
7926715	5.337708
7926728	3.429879
7926766	4.98658
7926786	5.418982
7926805	3.96379
7926807	5.200327
7926817	5.661314
7926819	3.414665
7926821	6.521151
7926834	2.679793
7926836	9.816997
7926851	8.595409
7926871	5.82038
7926875	7.82089
7926882	3.981642
7926889	2.309314
7926894	4.475574
7926896	6.112882
7926900	8.921726
7926914	4.56667
7926916	5.108933
7926934	5.172391
7926936	4.133346
7926981	2.039401
7926983	4.923398
7927008	6.720097
7927028	5.919969
7927031	3.213643
7927033	3.291541
7927056	2.272193
7927058	3.801619
7927060	2.778248
7927062	5.884959
7927071	4.87319
7927082	6.248727
7927089	7.424056
7927091	6.289588
7927095	5.513603
7927097	2.710907
7927099	7.015047
7927106	2.552607
7927108	6.254805
7927120	5.567905
7927146	6.147337
7927153	5.429062
7927155	6.693578
7927167	5.13252
7927169	5.736406
7927173	5.944554
7927179	7.005059
7927186	4.676147
7927202	4.120405
7927207	2.543789
7927215	7.769298
7927231	7.449188
7927233	8.629594
7927265	2.519895
7927267	5.630151
7927277	6.227983
7927280	3.786074
7927285	8.333721
7927288	5.650697
7927294	3.815984
7927305	7.0063
7927307	6.111148
7927323	8.69218
7927353	7.166701
7927363	11.89002
7927367	6.178469
7927383	5.698701
7927389	9.052255
7927405	5.250252
7927425	6.348531
7927474	5.080493
7927482	6.083412
7927502	5.751203
7927505	5.520951
7927513	7.637938
7927517	2.519895
7927519	6.904316
7927527	5.48516
7927529	3.622646
7927536	9.364873
7927550	3.190578
7927552	6.839921
7927560	8.737704
7927595	4.440532
7927597	5.173751
7927599	4.36517
7927606	4.453588
7927631	9.408496
7927639	3.398582
7927641	2.367807
7927643	4.191384
7927645	6.477085
7927647	2.906044
7927649	4.895412
7927658	9.092349
7927669	6.803549
7927681	3.204935
7927694	3.614446
7927704	2.684288
7927706	2.852158
7927708	4.067671
7927710	4.042546
7927723	3.106639
7927732	9.672739
7927745	5.660016
7927747	6.105941
7927767	6.312117
7927773	2.199692
7927775	7.10678
7927784	6.154121
7927786	7.610437
7927799	5.732799
7927801	5.600622
7927803	5.474719
7927812	4.77557
7927814	8.419243
7927827	4.354847
7927854	6.833632
7927872	7.025778
7927874	3.515116
7927876	4.285603
7927889	6.450505
7927915	3.648468
7927924	2.634845
7927926	5.87176
7927936	5.69457
7927955	6.700903
7927964	9.160947
7927972	8.216401
7927981	5.385874
7927998	5.520293
7928019	6.963038
7928046	7.608481
7928058	2.307547
7928060	2.493402
7928062	2.363156
7928064	6.762743
7928069	7.035281
7928107	6.189256
7928119	10.28038
7928126	6.437391
7928147	5.812949
7928171	8.268637
7928189	6.897954
7928208	7.128149
7928216	5.623852
7928218	6.005438
7928291	6.769217
7928298	3.600732
7928300	7.273854
7928306	4.999599
7928308	9.668813
7928314	2.416953
7928316	3.118899
7928318	9.008348
7928330	5.126216
7928342	4.360126
7928354	6.762909
7928363	2.835041
7928365	3.323533
7928367	5.365354
7928369	7.737976
7928395	7.547611
7928401	6.044136
7928408	6.664265
7928411	6.783015
7928429	9.92627
7928444	8.084927
7928471	7.084283
7928489	7.15664
7928491	6.454138
7928514	4.717047
7928516	8.79929
7928524	8.23137
7928529	5.912492
7928531	6.521259
7928534	5.15416
7928543	5.004296
7928545	3.617662
7928547	10.89087
7928549	2.96312
7928551	5.833858
7928556	6.330758
7928558	7.820657
7928589	8.760119
7928600	8.929012
7928602	6.000972
7928619	6.431506
7928630	8.870647
7928632	6.000972
7928645	6.547208
7928653	6.518406
7928661	4.264489
7928671	6.45172
7928679	6.662561
7928685	4.004432
7928695	8.299675
7928705	9.980748
7928723	5.835479
7928736	4.978193
7928746	5.205314
7928748	2.525862
7928750	4.645993
7928752	7.807655
7928766	6.107637
7928770	5.654447
7928789	5.312738
7928800	7.426126
7928817	4.129356
7928819	3.593384
7928821	3.131305
7928823	6.613919
7928838	5.647775
7928855	6.067809
7928870	8.669122
7928872	9.086248
7928882	8.429742
7928890	7.789056
7928907	9.779474
7928909	5.370111
7928915	6.485051
7928937	5.63835
7928944	9.961069
7928959	9.109066
7928967	3.364185
7928982	2.60825
7928994	6.495227
7928999	5.928404
7929003	4.247445
7929012	4.236373
7929026	5.274559
7929032	6.99778
7929047	4.837898
7929052	5.686494
7929061	3.58873
7929065	6.69666
7929072	7.067438
7929078	2.929827
7929114	5.625566
7929116	6.342927
7929130	4.369828
7929132	6.042871
7929145	5.252777
7929168	8.773775
7929201	7.656824
7929243	6.197452
7929247	8.630848
7929256	8.259155
7929258	3.487637
7929282	5.572065
7929288	5.089529
7929315	6.482551
7929322	5.035878
7929332	4.327492
7929334	3.918433
7929344	4.942626
7929350	3.928334
7929373	3.24035
7929383	5.244723
7929388	6.77116
7929424	7.230895
7929438	2.915034
7929466	4.105938
7929478	3.847087
7929487	4.373682
7929497	3.970178
7929511	5.531116
7929525	2.53927
7929533	2.77792
7929536	5.176902
7929541	3.682309
7929550	5.776951
7929562	6.303216
7929574	4.789852
7929589	4.922333
7929591	3.917881
7929593	10.6676
7929596	8.365249
7929609	6.460361
7929612	4.205217
7929614	2.787412
7929616	6.668692
7929624	8.068683
7929634	6.772972
7929649	8.237255
7929653	6.909804
7929664	6.26983
7929674	4.703854
7929677	8.752631
7929689	5.847558
7929692	7.009941
7929711	5.732798
7929719	7.625106
7929732	4.426698
7929744	6.402527
7929750	7.063772
7929768	6.480248
7929779	5.150424
7929812	2.625651
7929814	3.320947
7929816	5.467111
7929822	5.125786
7929831	6.089428
7929840	6.324033
7929858	5.262679
7929882	6.548326
7929901	4.634336
7929911	7.532317
7929919	6.455773
7929932	6.344045
7929945	5.873661
7929947	5.802042
7929952	4.324064
7929954	3.380306
7929958	6.764286
7929976	5.860927
7929986	2.344487
7929988	6.380548
7929990	5.876189
7930008	4.98879
7930025	4.529005
7930031	8.192682
7930074	8.247272
7930099	6.044845
7930106	6.679067
7930120	6.339895
7930137	6.125268
7930139	9.673418
7930148	6.521657
7930162	7.137873
7930168	7.199794
7930170	4.095872
7930179	2.525009
7930181	4.821216
7930194	6.664506
7930205	4.479592
7930208	4.550936
7930213	6.164737
7930226	5.199069
7930264	6.57288
7930276	10.83752
7930299	4.213207
7930304	5.793797
7930311	6.465292
7930320	4.295082
7930341	5.534275
7930376	7.030393
7930378	4.292346
7930380	7.388832
7930398	8.124284
7930413	11.75628
7930422	5.921833
7930450	4.850636
7930452	2.591726
7930454	7.941372
7930470	8.537187
7930482	6.236311
7930487	3.151214
7930498	8.429571
7930524	6.990149
7930533	5.348468
7930537	6.847886
7930559	6.512909
7930561	6.082581
7930577	8.989816
7930593	5.440433
7930612	4.109689
7930614	7.052295
7930627	7.38527
7930629	2.798934
7930631	3.993494
7930663	6.614902
7930680	2.606443
7930682	8.306994
7930703	5.568971
7930714	3.889611
7930750	2.642296
7930760	5.661098
7930775	2.142258
7930777	4.389581
7930790	4.938769
7930804	5.170364
7930818	4.57303
7930833	5.627481
7930837	4.67551
7930857	4.761486
7930861	3.794846
7930870	6.028918
7930872	6.519564
7930880	4.802846
7930882	10.33351
7930894	5.351376
7930915	5.796385
7930917	4.68204
7930919	5.803519
7930921	10.15727
7930927	4.66612
7930954	6.154785
7930956	7.127381
7930980	5.1031
7930994	5.881797
7930996	6.276761
7931029	2.412189
7931031	8.237108
7931062	6.438615
7931079	4.349185
7931081	8.991442
7931097	6.751245
7931108	8.791359
7931140	6.029385
7931152	5.612355
7931155	5.090509
7931159	4.232688
7931168	5.595336
7931181	7.127644
7931184	6.349048
7931187	6.726739
7931199	4.792098
7931204	6.977905
7931214	2.377557
7931216	6.355907
7931226	8.595636
7931239	6.139213
7931268	5.180799
7931281	7.035495
7931293	7.067913
7931346	3.577209
7931348	7.704614
7931353	6.84246
7931379	7.258671
7931387	5.499574
7931389	3.653973
7931393	7.100853
7931403	3.253899
7931405	8.502054
7931417	5.396172
7931439	6.802573
7931455	5.776871
7931469	8.388094
7931473	5.306024
7931479	7.458452
7931500	6.664153
7931519	6.443962
7931553	8.186678
7931556	7.021143
7931561	6.115895
7931571	7.023974
7931582	7.176888
7931607	7.058429
7931623	5.830662
7931643	5.878226
7931656	7.599481
7931659	7.599481
7931662	7.599481
7931665	7.568169
7931668	7.599481
7931671	7.599481
7931674	4.444548
7931681	5.797837
7931683	6.846912
7931726	5.694096
7931728	8.171369
7931748	4.331735
7931754	10.09063
7931764	6.635047
7931778	7.969941
7931810	8.705492
7931822	4.662602
7931824	4.316059
7931830	3.241359
7931832	6.486801
7931838	2.766537
7931840	5.223742
7931850	3.110804
7931852	4.966057
7931859	8.157202
7931863	5.829819
7931873	8.998867
7931888	4.371937
7931899	7.109553
7931914	5.211307
7931926	4.532598
7931928	2.332074
7931930	5.173536
7931951	5.72168
7931975	2.724259
7931977	5.726817
7932000	6.398593
7932014	5.815525
7932017	3.129471
7932019	5.325453
7932023	10.01774
7932041	5.840923
7932067	2.557003
7932069	5.821586
7932082	4.88472
7932086	5.778919
7932088	5.507532
7932094	5.861396
7932109	7.587135
7932118	5.205062
7932130	3.555848
7932132	5.370894
7932160	11.11541
7932177	5.153226
7932186	8.014918
7932209	6.226027
7932211	3.89762
7932214	3.863508
7932221	6.142069
7932227	6.337457
7932243	6.786761
7932254	4.803941
7932285	5.583595
7932304	2.115207
7932306	2.873883
7932308	7.193975
7932311	6.809759
7932326	4.891641
7932390	4.695543
7932407	3.130368
7932418	3.684751
7932420	3.293722
7932433	4.435777
7932445	3.63914
7932447	2.532924
7932449	2.459197
7932451	3.037478
7932453	8.590015
7932492	5.418188
7932495	5.06034
7932498	5.528427
7932508	3.285387
7932510	5.665742
7932512	6.573475
7932528	4.153886
7932530	7.043366
7932542	3.150889
7932548	2.798934
7932550	5.52748
7932552	3.686614
7932554	7.333754
7932584	3.889361
7932598	3.937017
7932608	3.347813
7932610	2.418277
7932612	5.390384
7932616	9.833959
7932635	6.760906
7932637	4.299132
7932676	2.944834
7932678	9.393492
7932703	6.379562
7932721	4.445687
7932725	2.352907
7932727	3.250916
7932733	5.751437
7932742	3.931409
7932744	4.184768
7932765	7.800744
7932786	5.232088
7932788	6.115156
7932790	3.031701
7932792	5.381946
7932794	6.444561
7932796	6.476147
7932826	5.366329
7932832	3.349384
7932834	5.602739
7932860	7.533394
7932862	9.050274
7932864	4.153264
7932867	5.430122
7932881	8.000801
7932885	8.657463
7932909	5.01157
7932911	9.381804
7932938	6.974168
7932960	2.339476
7932962	4.336258
7932964	7.659956
7932966	9.467825
7932983	3.663593
7932985	6.192334
7933008	6.198264
7933010	8.482051
7933043	6.154134
7933045	3.489849
7933047	5.758638
7933071	4.624375
7933073	7.407707
7933075	7.136664
7933078	3.635438
7933080	6.898874
7933082	2.239343
7933084	12.24549
7933086	2.798934
7933090	2.420966
7933092	4.291284
7933105	4.412238
7933113	4.04781
7933115	6.118812
7933121	2.171805
7933129	5.732069
7933139	5.921878
7933145	2.353545
7933147	5.315733
7933149	6.031484
7933164	8.638735
7933176	5.227316
7933180	4.52035
7933186	5.209866
7933190	4.232495
7933192	7.530319
7933194	4.310971
7933204	8.386715
7933209	4.372922
7933217	2.355417
7933219	5.173027
7933228	5.936965
7933237	5.077454
7933252	6.901107
7933261	2.755277
7933263	3.717065
7933279	4.819549
7933290	6.89609
7933296	4.616128
7933298	6.9811
7933310	6.173846
7933312	6.39835
7933327	11.89002
7933331	7.166701
7933341	4.854094
7933359	5.120658
7933366	6.102553
7933372	6.40055
7933379	3.711764
7933394	4.819549
7933405	6.863104
7933413	6.779825
7933421	4.616128
7933423	11.89002
7933427	7.087918
7933437	3.934753
7933442	2.968333
7933446	5.156216
7933469	6.095463
7933484	4.788374
7933488	4.884407
7933498	6.853031
7933501	7.029517
7933509	6.195758
7933535	4.577399
7933537	5.741627
7933561	5.684046
7933572	2.755277
7933574	6.976692
7933582	6.586055
7933593	5.48516
7933595	2.519895
7933597	4.953777
7933619	6.395463
7933632	4.767915
7933634	5.817452
7933638	5.724621
7933640	4.745363
7933659	5.831496
7933665	5.598142
7933672	3.133531
7933707	6.142849
7933723	7.974084
7933731	3.299095
7933733	4.667375
7933750	4.706429
7933758	4.969113
7933760	8.436817
7933772	5.682284
7933821	5.201899
7933842	5.035894
7933855	6.628082
7933872	6.473114
7933877	9.386546
7933904	3.818243
7933929	3.209786
7933931	8.27973
7933933	5.153776
7933947	7.165526
7933978	5.965504
7933982	5.91319
7933999	6.158699
7934026	4.453063
7934050	5.948411
7934066	2.45989
7934068	2.465692
7934070	2.763488
7934072	3.017883
7934074	6.378679
7934083	6.03038
7934091	1.965831
7934093	2.326289
7934095	2.202046
7934097	3.811338
7934099	2.159526
7934101	6.227488
7934114	6.803123
7934122	8.364415
7934133	8.645666
7934141	6.452415
7934145	7.24597
7934154	7.915177
7934156	4.929541
7934161	6.016166
7934166	4.384604
7934178	6.341227
7934185	8.27057
7934196	10.0509
7934215	6.09002
7934228	6.382175
7934244	6.688373
7934255	7.625286
7934269	4.872288
7934271	6.278585
7934278	8.10251
7934295	2.350506
7934297	7.564668
7934299	6.39571
7934301	6.815022
7934318	2.468308
7934320	5.541566
7934326	7.212743
7934334	4.785911
7934365	2.841997
7934367	6.491751
7934384	5.777826
7934393	6.027453
7934411	9.027
7934432	5.811586
7934434	5.177049
7934442	6.938359
7934451	7.151231
7934459	7.240351
7934477	7.850829
7934505	4.931986
7934513	6.848281
7934527	6.550173
7934531	4.023113
7934533	6.644917
7934544	7.88397
7934553	7.726296
7934568	2.489563
7934570	4.66646
7934613	2.777833
7934615	7.337109
7934651	6.197539
7934653	5.339926
7934690	6.563838
7934698	6.419672
7934706	6.198599
7934708	6.419672
7934717	6.198599
7934719	6.649605
7934729	7.261823
7934731	7.139314
7934733	11.75313
7934753	8.87723
7934755	5.095902
7934767	3.085351
7934777	3.094189
7934779	4.204384
7934783	5.986855
7934789	6.347236
7934810	4.972994
7934812	7.515264
7934838	3.968122
7934840	2.894208
7934842	6.643039
7934850	5.600716
7934852	9.358107
7934868	4.616128
7934870	7.05587
7934883	5.676184
7934885	6.272563
7934896	6.435507
7934898	5.773412
7934906	5.912724
7934916	5.047341
7934920	5.786714
7934936	3.880028
7934945	6.010412
7934959	5.535355
7934961	3.56302
7934966	6.037457
7934968	4.122014
7934970	5.403399
7934977	2.087182
7934979	4.670328
7934991	2.671641
7934993	3.347289
7934997	10.4695
7935002	8.472081
7935006	6.157816
7935011	7.928627
7935025	3.661223
7935027	6.107439
7935054	5.348337
7935056	2.327233
7935058	8.29095
7935114	3.541416
7935116	5.155004
7935123	3.473575
7935139	5.490354
7935142	4.328342
7935144	2.342423
7935146	3.254316
7935169	3.179549
7935180	7.222892
7935188	5.380549
7935228	4.203433
7935230	6.140789
7935251	5.609022
7935270	8.212265
7935288	4.66296
7935296	6.073335
7935320	10.0759
7935337	6.130288
7935359	3.14435
7935361	5.346256
7935401	3.460382
7935403	5.169406
7935421	7.703365
7935425	6.161732
7935462	5.950478
7935474	6.692099
7935510	5.406945
7935521	9.574022
7935528	6.871994
7935535	6.102259
7935553	6.054256
7935572	5.717416
7935588	6.931069
7935613	4.62022
7935627	6.469632
7935639	6.856971
7935647	7.175587
7935660	6.826071
7935679	4.540404
7935690	2.046435
7935692	6.725945
7935707	6.148108
7935730	5.557756
7935746	6.60339
7935756	5.491183
7935776	3.168211
7935778	2.634832
7935780	5.816558
7935810	7.638848
7935819	5.853146
7935834	6.53229
7935855	6.18857
7935861	3.285427
7935863	4.038601
7935865	5.769892
7935882	8.280625
7935892	6.734919
7935903	6.303973
7935910	9.009117
7935930	5.016256
7935951	6.688202
7935968	7.500291
7935983	6.652409
7935990	6.38297
7936011	6.571271
7936023	7.48729
7936028	8.036108
7936041	5.993214
7936050	5.244555
7936062	7.118282
7936064	10.89959
7936083	6.692856
7936089	4.57609
7936091	6.703359
7936096	6.328634
7936100	7.701057
7936108	5.690531
7936111	4.941776
7936115	7.713099
7936134	7.196668
7936144	6.67454
7936201	3.204918
7936242	9.289814
7936249	5.130921
7936280	3.69398
7936284	6.399315
7936307	8.68031
7936320	5.361933
7936322	4.452241
7936346	8.311687
7936360	5.210386
7936406	5.888399
7936408	5.275023
7936419	8.615149
7936439	7.649186
7936461	4.985911
7936463	10.7506
7936492	5.543629
7936494	5.344275
7936507	6.56199
7936516	6.078866
7936529	5.40616
7936552	6.637968
7936559	8.165493
7936567	6.175316
7936576	3.859107
7936578	5.81198
7936590	5.982326
7936596	10.25846
7936612	2.089033
7936614	9.228883
7936637	4.378141
7936639	4.986244
7936641	5.56416
7936661	8.498961
7936673	8.237948
7936683	6.515962
7936706	6.791945
7936727	7.895658
7936734	6.894947
7936762	7.206218
7936777	6.276758
7936793	3.924023
7936798	4.496229
7936809	4.340012
7936817	4.573856
7936826	6.003242
7936833	5.988503
7936835	4.580539
7936856	6.786629
7936871	7.823987
7936882	7.394405
7936884	6.40454
7936891	5.209104
7936902	2.452377
7936904	7.335792
7936916	5.861396
7936918	3.405697
7936923	5.625017
7936925	4.435983
7936928	6.534349
7936937	6.888952
7936949	8.777147
7936968	5.26549
7936994	3.994662
7936996	4.409672
7937007	4.699354
7937014	7.239435
7937016	3.603428
7937020	4.446393
7937037	4.360594
7937039	5.33884
7937059	7.897145
7937073	6.678659
7937079	7.298585
7937089	7.215857
7937104	4.958692
7937106	6.828342
7937112	5.693607
7937135	4.789109
7937148	3.764294
7937150	7.102182
7937175	6.252151
7937198	6.479834
7937200	8.072654
7937208	6.33627
7937217	8.353592
7937228	6.583252
7937230	4.476462
7937247	8.281378
7937251	4.686904
7937257	7.382497
7937263	5.549125
7937275	7.284741
7937287	6.911932
7937305	6.319985
7937314	6.782596
7937330	7.815848
7937335	6.636254
7937341	6.169353
7937363	7.32416
7937378	6.452583
7937391	7.228014
7937404	5.851431
7937407	8.696354
7937415	6.856997
7937433	8.102848
7937438	10.36568
7937443	9.359656
7937465	10.25296
7937474	6.269959
7937476	8.271485
7937483	7.849709
7937485	9.176937
7937498	7.592045
7937508	6.884203
7937518	6.209266
7937533	7.072289
7937560	7.650649
7937612	6.101147
7937667	5.377111
7937696	6.70799
7937698	7.957301
7937700	6.453579
7937707	5.680421
7937709	6.891941
7937711	5.247838
7937713	6.967441
7937728	7.075355
7937735	8.378093
7937749	7.309083
7937763	7.139369
7937772	4.435452
7937774	6.344734
7937782	6.810658
7937798	4.922747
7937800	3.554995
7937802	7.810632
7937813	7.171559
7937823	7.544255
7937847	6.693897
7937852	6.972647
7937866	5.156828
7937868	4.567889
7937876	7.03699
7937878	5.053741
7937882	6.41371
7937890	3.172231
7937892	6.250659
7937900	6.807462
7937913	6.430308
7937915	7.218915
7937934	4.384604
7937936	5.81046
7937938	4.454981
7937940	5.227161
7937942	4.746496
7937944	5.272281
7937946	3.296952
7937948	4.991426
7937950	4.300024
7937952	4.897329
7937957	4.75455
7937959	3.557506
7937961	2.92275
7937971	3.409063
7937973	4.476445
7937975	3.843813
7937977	3.372447
7937979	3.908483
7937982	3.859621
7937984	4.71372
7937986	4.602656
7937988	3.617172
7937990	5.852348
7937993	5.852348
7937996	3.72843
7938000	3.824753
7938002	4.480122
7938004	3.756493
7938006	5.071373
7938008	4.157635
7938010	4.675957
7938012	5.254119
7938035	6.747587
7938047	4.432382
7938049	4.045847
7938053	3.5619
7938055	4.212294
7938057	4.938242
7938059	5.04094
7938061	3.494101
7938063	3.232926
7938066	5.847502
7938070	3.251157
7938072	3.954512
7938074	4.804117
7938076	5.820015
7938078	5.169162
7938082	4.39413
7938090	5.640398
7938100	7.920928
7938111	7.254808
7938118	5.560066
7938128	5.336751
7938133	5.353623
7938139	5.745966
7938154	6.836219
7938170	4.011992
7938172	3.167907
7938176	3.841583
7938179	5.881856
7938181	3.801848
7938183	4.363055
7938195	4.685163
7938208	7.450716
7938213	4.280985
7938225	3.555991
7938231	6.947663
7938258	4.007353
7938261	4.001006
7938263	6.004772
7938269	6.051566
7938286	5.695899
7938291	9.235381
7938293	7.679463
7938295	7.032033
7938299	5.16559
7938301	5.607405
7938309	5.690585
7938313	6.005556
7938329	7.361359
7938331	6.529307
7938348	8.248178
7938364	7.455349
7938366	7.876598
7938368	7.218221
7938370	9.525967
7938388	6.483894
7938390	11.05865
7938396	8.119411
7938416	6.786473
7938420	4.503613
7938422	8.409166
7938448	6.86655
7938481	4.502125
7938485	6.076633
7938519	6.742316
7938528	6.541343
7938544	9.398504
7938559	7.126775
7938561	5.339463
7938563	5.93473
7938590	4.275719
7938592	6.803756
7938608	5.950385
7938625	6.382041
7938629	4.635695
7938646	5.501916
7938652	5.866489
7938667	3.190357
7938669	8.570992
7938681	5.512661
7938683	8.356298
7938685	8.423221
7938687	5.890768
7938702	5.125525
7938707	5.439276
7938730	5.412316
7938738	6.010248
7938741	4.376428
7938746	4.650243
7938748	8.678062
7938750	4.511807
7938756	7.406695
7938758	4.787707
7938762	6.214742
7938777	8.337609
7938788	3.142718
7938800	4.474119
7938812	7.087227
7938816	9.70155
7938834	6.454633
7938878	4.75619
7938880	7.404091
7938890	4.951104
7938907	4.990407
7938925	3.972357
7938951	3.169652
7938975	4.076962
7938989	3.877631
7939003	3.376307
7939005	4.810633
7939007	5.086852
7939024	4.315261
7939052	4.3073
7939056	3.468731
7939068	7.657825
7939070	2.910581
7939072	5.035879
7939080	5.096133
7939087	5.449826
7939093	4.990891
7939102	4.380332
7939116	6.31624
7939118	3.278166
7939120	7.217026
7939131	5.37612
7939137	6.701759
7939150	8.045375
7939158	5.017224
7939173	3.2928
7939184	4.039334
7939197	8.577406
7939215	5.258122
7939237	4.426089
7939240	3.724635
7939242	9.072121
7939265	5.391993
7939296	2.846139
7939298	6.50571
7939314	10.65959
7939329	5.872952
7939341	6.921102
7939365	5.769376
7939368	6.116377
7939374	4.86361
7939376	6.32994
7939383	5.988303
7939398	3.174444
7939411	3.935955
7939418	2.968334
7939420	1.952356
7939422	2.921634
7939424	6.866735
7939432	4.54988
7939434	6.616229
7939463	3.473129
7939465	6.436186
7939477	6.390347
7939492	6.964433
7939494	5.064335
7939507	6.044171
7939524	6.659526
7939546	10.47632
7939559	5.486888
7939569	6.379699
7939581	6.431469
7939587	7.642106
7939590	7.813608
7939595	7.99913
7939613	6.311115
7939620	7.094574
7939642	7.252436
7939657	7.025837
7939665	9.52578
7939676	8.32619
7939699	6.225357
7939706	5.007136
7939723	5.953464
7939738	6.981395
7939751	5.836729
7939767	7.461643
7939805	6.628198
7939818	6.967739
7939825	7.310761
7939835	5.972346
7939839	6.815104
7939865	4.834592
7939867	3.892915
7939869	4.315809
7939871	4.265152
7939873	3.663471
7939875	2.373832
7939877	2.885569
7939879	2.247747
7939884	4.439029
7939893	3.521752
7939897	5.030853
7939900	4.484736
7939902	5.373543
7939910	5.256739
7939912	4.330389
7939916	2.876029
7939918	2.845944
7939920	3.056335
7939922	4.199672
7939924	4.332758
7939926	3.046316
7939928	3.876633
7939930	3.623705
7939932	4.060216
7939934	3.393734
7939936	2.993289
7939938	4.152384
7939940	3.903611
7939942	3.831036
7939944	2.653835
7939946	5.049974
7939948	3.519294
7939950	3.830595
7939952	3.371757
7939954	4.217499
7939959	3.89503
7939961	3.297263
7939963	4.49486
7939965	3.053384
7939967	3.007119
7939969	2.45709
7939971	3.803963
7939973	2.881435
7939975	2.313091
7939977	3.358035
7939979	2.829639
7939981	2.654488
7939983	4.362942
7939986	4.188814
7939988	3.295613
7939990	3.67102
7939992	5.034142
7939994	3.559333
7939996	5.517957
7939998	2.966311
7940000	3.32057
7940002	5.568182
7940005	6.241548
7940018	3.213951
7940020	4.530318
7940022	7.988115
7940026	4.296413
7940028	8.680644
7940042	3.111176
7940044	3.802369
7940046	7.151067
7940051	9.451053
7940066	6.999214
7940070	7.162854
7940079	10.03406
7940103	3.701134
7940108	4.853781
7940110	3.342507
7940112	4.897311
7940114	2.520718
7940116	4.274273
7940118	6.260783
7940135	5.774028
7940147	3.593251
7940153	7.663215
7940160	9.070599
7940171	4.155191
7940173	4.931695
7940175	4.577341
7940177	4.551109
7940182	6.110078
7940185	2.888448
7940187	4.209822
7940189	4.656531
7940191	7.89946
7940210	3.750563
7940216	3.526528
7940226	2.797662
7940237	2.957299
7940253	3.035513
7940259	4.556558
7940279	2.931088
7940287	5.087773
7940299	4.504694
7940307	3.325508
7940315	2.560916
7940323	4.615569
7940333	5.109076
7940341	4.383136
7940349	6.236823
7940358	5.869422
7940372	7.371726
7940377	7.584073
7940391	7.12765
7940409	6.481236
7940421	5.135705
7940431	4.800914
7940441	4.703173
7940451	6.72293
7940473	5.307573
7940479	4.824937
7940486	7.956234
7940491	7.039403
7940493	6.250068
7940508	6.39848
7940530	6.470379
7940561	5.934381
7940565	5.684524
7940580	6.578667
7940582	5.895591
7940598	6.269309
7940600	6.717413
7940622	2.696154
7940626	5.202017
7940630	3.008708
7940636	4.478029
7940643	5.536201
7940654	6.282973
7940660	7.023868
7940662	5.900911
7940667	9.073778
7940669	6.626007
7940673	4.724763
7940679	5.504011
7940688	5.272537
7940698	6.790232
7940711	7.761436
7940717	8.073319
7940735	2.814144
7940737	3.817701
7940749	5.316187
7940762	6.186473
7940775	9.525448
7940781	6.949623
7940790	6.234639
7940798	7.682942
7940822	6.508879
7940824	6.527817
7940835	7.960968
7940840	8.090475
7940851	5.810699
7940857	8.639887
7940869	6.072155
7940884	7.255487
7940891	6.389801
7940904	6.965893
7940914	7.663636
7940924	6.825123
7940959	7.470581
7940971	6.867458
7940987	2.464278
7940989	8.184563
7940996	9.33378
7941004	7.719099
7941039	6.83756
7941059	5.875546
7941062	7.127914
7941074	6.048696
7941087	7.04084
7941104	7.095532
7941111	7.010357
7941122	8.187999
7941127	7.535768
7941136	7.474351
7941148	7.334843
7941164	7.259188
7941172	6.388585
7941179	9.976227
7941203	6.418314
7941214	5.310033
7941236	7.88629
7941243	7.701693
7941255	6.484193
7941260	8.210698
7941269	7.161371
7941272	13.49449
7941274	7.613491
7941296	7.239886
7941302	7.474295
7941311	7.170792
7941350	7.454189
7941364	7.567015
7941380	7.450655
7941382	6.962639
7941401	8.91044
7941408	5.034735
7941425	7.408552
7941444	6.395785
7941457	7.534901
7941460	9.055774
7941469	7.207986
7941478	6.87234
7941501	9.489256
7941505	8.007131
7941511	7.648496
7941537	7.184374
7941563	5.416834
7941565	6.163703
7941583	10.71944
7941587	7.230017
7941594	6.475033
7941597	4.52106
7941599	5.643417
7941608	6.303478
7941610	6.35153
7941621	7.752181
7941639	5.601862
7941662	6.168633
7941685	7.343222
7941694	7.579676
7941702	6.811729
7941707	6.82766
7941709	9.059896
7941714	5.936287
7941732	6.924079
7941743	6.886754
7941746	7.486602
7941749	6.170628
7941761	8.235993
7941769	8.627095
7941795	6.845291
7941797	7.582886
7941822	6.869829
7941843	7.481551
7941863	5.978191
7941865	7.478636
7941879	7.472802
7941890	6.958616
7941900	7.179662
7941917	7.15958
7941927	6.800639
7941936	10.23697
7941946	7.211195
7941961	8.376741
7941976	7.962934
7941985	7.791072
7942007	6.647633
7942032	8.935494
7942064	5.914234
7942071	4.349682
7942073	6.73398
7942091	6.848766
7942118	9.580228
7942123	8.042911
7942135	6.923208
7942168	6.416727
7942174	7.272645
7942204	9.299374
7942228	6.197267
7942232	6.688495
7942255	9.259882
7942261	6.220302
7942267	8.448346
7942274	5.635375
7942277	3.115925
7942279	5.949045
7942284	4.144608
7942287	3.596304
7942289	6.430646
7942300	5.842862
7942315	5.597989
7942326	4.780922
7942328	5.877772
7942332	5.718709
7942342	6.897256
7942372	4.995695
7942379	2.13713
7942381	7.31111
7942400	7.012815
7942409	5.920834
7942417	6.274683
7942439	7.511287
7942453	5.932057
7942465	5.277653
7942476	5.804664
7942489	5.007395
7942503	7.049969
7942520	4.61353
7942525	5.100159
7942527	6.966951
7942544	9.219473
7942551	8.087118
7942553	8.219784
7942562	6.245404
7942569	5.092619
7942586	10.41162
7942592	6.188772
7942594	6.749912
7942596	8.057437
7942603	4.537229
7942613	9.617644
7942626	5.976147
7942645	4.489893
7942647	5.744792
7942650	6.060322
7942674	8.8702
7942679	7.269634
7942693	7.720531
7942697	9.196144
7942715	7.397404
7942717	6.03115
7942769	6.250899
7942771	4.994627
7942774	5.203247
7942779	4.765633
7942781	3.782725
7942783	6.9754
7942791	13.80363
7942793	5.652703
7942796	4.604015
7942798	5.629879
7942809	4.512674
7942812	5.27848
7942814	2.148556
7942816	3.026583
7942818	2.669209
7942820	6.331514
7942822	2.37817
7942824	10.08523
7942830	3.5754
7942832	4.912141
7942839	8.169948
7942858	5.35875
7942875	9.928777
7942877	6.144766
7942879	5.366883
7942889	4.909891
7942896	3.256161
7942910	2.975757
7942912	6.200679
7942914	7.059856
7942932	5.914838
7942941	4.077319
7942957	5.572973
7942964	5.729076
7942985	3.942778
7942987	2.087515
7942989	4.351431
7942991	4.959314
7942998	3.363317
7943019	3.570625
7943025	4.531663
7943031	3.460084
7943036	3.919901
7943047	3.476385
7943049	3.339898
7943051	3.7726
7943075	4.734444
7943098	5.911638
7943103	3.556771
7943124	6.572887
7943126	4.298973
7943156	3.127208
7943158	6.048782
7943160	9.497154
7943162	7.196819
7943176	5.993011
7943193	5.140159
7943195	5.817163
7943197	8.114158
7943218	5.757857
7943226	7.024013
7943231	5.716745
7943236	7.250371
7943240	4.181634
7943263	5.524118
7943282	4.81596
7943288	5.907896
7943293	5.851541
7943297	5.772934
7943314	6.002479
7943317	4.281076
7943319	3.953993
7943345	5.079009
7943347	6.164941
7943349	4.77804
7943367	5.721049
7943369	3.994093
7943373	3.790659
7943376	4.15065
7943387	2.474791
7943398	9.032223
7943411	4.013922
7943413	9.07671
7943424	7.825264
7943437	3.019245
7943442	4.442163
7943498	3.998147
7943513	3.691305
7943515	8.306555
7943517	2.948839
7943519	2.087182
7943521	3.583327
7943526	4.767916
7943530	3.554615
7943552	6.468973
7943562	4.313223
7943573	5.213459
7943577	3.77264
7943580	5.260087
7943605	4.99907
7943620	4.676347
7943690	4.158787
7943707	3.978298
7943709	3.233209
7943711	5.479339
7943715	6.301507
7943721	7.021783
7943729	5.939783
7943736	3.550346
7943738	2.836446
7943740	4.294252
7943749	6.274751
7943760	7.03635
7943779	4.86034
7943787	5.0645
7943795	6.373333
7943803	5.350645
7943827	6.216558
7943842	5.847141
7943853	7.727621
7943859	4.118762
7943867	7.738757
7943882	6.149969
7943890	5.329113
7943892	5.288963
7943917	4.807713
7943919	5.515172
7943943	5.726756
7943954	4.852252
7943956	2.556118
7943958	3.905682
7943969	6.11675
7943984	5.822512
7943998	5.452118
7944006	6.439245
7944011	8.084352
7944021	2.368562
7944023	3.863694
7944033	2.733217
7944035	6.090958
7944042	7.017244
7944049	7.735713
7944082	5.499798
7944096	4.869032
7944111	5.011849
7944113	5.960308
7944147	5.920926
7944152	5.629054
7944164	11.45338
7944179	6.02584
7944185	5.195762
7944195	8.199723
7944216	8.380741
7944223	7.527253
7944262	6.612023
7944271	6.767738
7944275	6.401659
7944285	7.764866
7944300	2.993783
7944302	5.489443
7944331	3.587306
7944333	1.951704
7944335	4.613509
7944339	7.396397
7944341	7.712919
7944351	4.851873
7944359	5.134548
7944361	4.049953
7944363	4.052964
7944365	6.46676
7944375	6.264129
7944382	7.066246
7944401	6.159432
7944418	6.773306
7944435	6.652226
7944447	6.229489
7944463	6.6521
7944478	5.189406
7944493	6.600185
7944510	7.061902
7944516	5.818944
7944525	6.258723
7944527	5.73776
7944530	7.022588
7944537	6.855071
7944554	4.805735
7944560	9.532021
7944601	5.134678
7944603	6.868957
7944623	9.650723
7944632	5.469332
7944656	7.417785
7944667	7.22401
7944716	3.855231
7944718	4.183982
7944720	6.000456
7944722	5.643054
7944739	3.817772
7944751	4.591654
7944763	3.3956
7944765	6.955356
7944767	3.890839
7944769	4.922785
7944791	6.090128
7944793	3.55018
7944795	6.248077
7944797	5.725652
7944799	5.113357
7944801	4.932916
7944803	8.195727
7944825	5.820166
7944827	4.449663
7944829	3.603945
7944832	2.971648
7944834	3.262986
7944838	4.088836
7944843	3.423119
7944845	4.80031
7944850	6.600909
7944867	9.332311
7944869	3.355932
7944876	7.175115
7944882	5.297784
7944911	5.072214
7944913	4.366794
7944931	8.061504
7944952	5.309071
7944955	6.882916
7944970	6.644128
7944972	5.206528
7944978	7.421677
7944989	4.979308
7944991	7.834116
7945014	4.100429
7945033	4.368176
7945040	3.167342
7945045	4.807929
7945058	7.073445
7945069	7.350132
7945071	5.624128
7945084	4.091421
7945086	5.117619
7945101	6.225304
7945110	8.325257
7945125	6.381555
7945130	6.031484
7945132	5.806299
7945146	5.685354
7945156	2.84516
7945158	7.435922
7945162	8.857594
7945169	9.994315
7945177	5.762909
7945182	10.35426
7945204	10.12078
7945226	5.926283
7945228	6.324831
7945232	5.868898
7945241	5.608479
7945245	5.690313
7945260	2.772313
7945262	4.961432
7945275	6.861954
7945283	9.656377
7945296	4.846034
7945321	4.940581
7945342	6.239594
7945344	9.3045
7945347	7.424056
7945349	6.350733
7945357	8.298589
7945368	5.64446
7945371	6.613351
7945377	7.006374
7945394	6.611769
7945418	7.654491
7945420	7.557254
7945436	7.813694
7945445	7.364535
7945460	7.719535
7945462	7.762187
7945475	6.569361
7945498	7.93992
7945503	8.127079
7945521	6.875198
7945536	8.199733
7945539	6.793672
7945550	7.008393
7945573	8.353552
7945579	6.340384
7945595	6.081651
7945620	7.699616
7945631	6.353445
7945641	7.853324
7945645	9.363089
7945648	7.730686
7945652	10.76472
7945657	7.493176
7945660	4.680164
7945663	6.331183
7945666	10.2793
7945678	7.309862
7945680	12.03035
7945688	6.496867
7945712	6.292615
7945728	4.626282
7945730	6.336145
7945734	6.138327
7945740	6.355747
7945742	6.434047
7945767	9.173964
7945774	6.076105
7945781	8.354038
7945786	7.274251
7945801	6.331792
7945803	7.976415
7945829	6.182944
7945831	5.97134
7945857	5.774032
7945859	7.32282
7945864	7.613441
7945873	7.093822
7945875	5.3826
7945882	6.705994
7945892	7.168507
7945894	6.11096
7945896	6.157859
7945902	8.143536
7945942	4.21808
7945944	8.265088
7945950	4.912543
7945952	5.643352
7945954	4.384604
7945956	3.912466
7945958	4.543681
7945962	6.443964
7945972	5.183424
7945974	4.692466
7945979	6.430781
7945989	6.035079
7945991	3.904049
7945997	3.743701
7945999	4.800022
7946001	4.995399
7946004	5.587207
7946006	5.501744
7946008	3.245584
7946011	5.266466
7946013	3.854999
7946015	3.261639
7946017	3.38118
7946019	3.681145
7946021	3.538468
7946023	3.5206
7946025	3.062045
7946027	4.24493
7946029	3.263813
7946031	4.326276
7946033	6.133159
7946041	5.647153
7946048	5.305847
7946054	5.305847
7946061	5.085505
7946067	4.035389
7946069	5.444384
7946071	4.058781
7946073	5.028381
7946078	5.023268
7946082	4.274273
7946087	4.604298
7946089	5.056149
7946105	4.213993
7946107	4.537626
7946109	3.928196
7946111	3.615791
7946113	4.657944
7946115	4.427002
7946117	5.547631
7946119	4.938548
7946121	3.876744
7946123	3.450353
7946125	5.99027
7946128	6.809881
7946142	6.374691
7946149	6.005875
7946167	5.952148
7946180	5.836488
7946201	7.067171
7946211	4.867203
7946221	9.773657
7946228	7.192896
7946245	5.706884
7946267	7.665572
7946275	4.377405
7946278	4.508001
7946280	3.018269
7946286	4.890164
7946288	4.632273
7946292	5.75053
7946306	4.765164
7946321	5.543067
7946323	4.043982
7946326	5.817892
7946328	4.639436
7946330	2.607928
7946332	3.578388
7946334	5.649131
7946340	4.747695
7946354	5.672604
7946365	4.025704
7946380	6.25824
7946401	5.48911
7946426	6.06705
7946428	6.45634
7946436	4.643642
7946439	7.400089
7946446	6.616004
7946454	6.733233
7946478	5.433096
7946504	7.095215
7946516	6.60336
7946559	8.528471
7946561	5.010861
7946563	10.4654
7946565	13.95411
7946567	9.760088
7946569	8.234764
7946579	3.742194
7946589	6.236652
7946610	11.53195
7946635	7.078474
7946641	4.350953
7946655	7.302596
7946661	7.449262
7946676	7.506404
7946678	2.297509
7946680	8.876436
7946687	2.772287
7946693	2.683199
7946695	3.801369
7946697	7.608572
7946703	7.994705
7946728	7.663093
7946742	6.249998
7946749	6.247719
7946757	5.892554
7946781	8.67603
7946807	6.690419
7946812	8.003988
7946815	6.505706
7946849	5.691978
7946851	5.899249
7946853	5.312487
7946860	6.03308
7946903	6.183762
7946933	6.295648
7946946	3.01599
7946957	4.789739
7946972	5.165823
7946977	4.504676
7946983	7.162552
7946986	3.14676
7946988	6.811475
7947015	8.960167
7947027	7.029661
7947040	7.03621
7947052	5.441494
7947076	6.337158
7947093	5.275243
7947096	5.382007
7947099	3.922439
7947110	5.09746
7947127	3.180901
7947129	6.437315
7947136	5.419827
7947138	5.039648
7947147	5.772018
7947152	2.28838
7947156	7.447031
7947165	5.20644
7947184	6.31355
7947189	4.341582
7947199	6.932799
7947221	5.821287
7947228	3.511699
7947230	3.785135
7947245	9.477869
7947248	3.327089
7947266	3.498077
7947268	7.421227
7947270	5.412034
7947274	7.97227
7947282	4.357141
7947322	3.449628
7947332	4.897455
7947338	4.904686
7947358	6.555047
7947361	2.440172
7947363	6.297421
7947375	2.982708
7947394	4.391369
7947396	5.183026
7947421	6.017494
7947423	6.037682
7947425	10.57982
7947434	7.504779
7947450	7.247344
7947462	10.32877
7947481	7.493167
7947490	6.235103
7947496	4.491692
7947510	2.576286
7947512	4.201167
7947526	6.061802
7947528	5.932941
7947531	5.702442
7947540	6.697687
7947548	2.874474
7947551	5.281113
7947553	4.359897
7947561	3.828301
7947563	6.573301
7947570	7.473125
7947590	4.743385
7947599	6.497651
7947607	4.240068
7947609	7.517519
7947624	6.038435
7947649	6.488237
7947652	8.909661
7947674	4.826836
7947676	5.570919
7947681	8.046799
7947694	5.534699
7947740	5.558628
7947742	5.378578
7947744	5.723755
7947784	7.603993
7947801	7.191164
7947815	6.020876
7947828	6.526278
7947861	7.428274
7947867	7.616813
7947881	6.446893
7947890	2.276727
7947892	3.794094
7947894	6.85153
7947917	6.993504
7947926	2.982626
7947928	7.031447
7947934	7.018376
7947947	4.848848
7947969	8.325134
7947989	6.540384
7947991	6.575353
7948035	3.380007
7948037	4.828036
7948039	2.800982
7948042	3.111453
7948044	3.736296
7948046	4.805078
7948048	4.703793
7948054	4.491659
7948058	3.656187
7948085	3.08218
7948088	6.207737
7948090	2.816946
7948092	3.767942
7948099	3.658306
7948101	2.637982
7948103	2.975047
7948105	3.411772
7948107	3.133344
7948109	3.865456
7948111	3.494766
7948113	8.550846
7948115	4.821175
7948117	4.328317
7948119	3.554258
7948121	2.638609
7948123	4.195649
7948125	2.879193
7948127	2.515728
7948129	4.219785
7948131	4.558917
7948133	4.638039
7948135	3.469857
7948137	3.708652
7948141	4.971252
7948144	3.88745
7948148	3.57789
7948150	3.257173
7948155	4.101957
7948157	3.917165
7948159	3.75196
7948161	3.603228
7948167	5.076558
7948176	7.789862
7948192	6.05964
7948211	5.08708
7948213	5.348381
7948221	5.765814
7948229	7.088859
7948249	6.178315
7948267	6.022328
7948274	8.4883
7948282	5.891976
7948293	5.926814
7948303	4.847802
7948306	4.390506
7948308	4.453527
7948310	3.020707
7948312	3.746354
7948314	6.080127
7948316	4.987444
7948320	2.302369
7948322	3.764246
7948324	3.550103
7948326	2.897485
7948328	4.308546
7948330	3.475105
7948332	5.754697
7948344	3.914104
7948354	3.25036
7948364	5.755872
7948367	5.618424
7948369	5.65089
7948371	3.921028
7948375	3.480808
7948377	4.524764
7948379	7.685134
7948399	8.384012
7948418	5.37224
7948420	5.741614
7948424	5.900898
7948433	4.6536
7948444	4.44816
7948455	5.396826
7948470	6.883899
7948476	5.757851
7948493	6.744167
7948502	3.209249
7948504	7.439621
7948511	6.634217
7948534	7.487773
7948565	6.227216
7948574	7.521832
7948588	6.224911
7948599	6.1294
7948606	7.520273
7948612	5.464938
7948630	6.865766
7948643	6.490259
7948656	9.310631
7948662	4.15677
7948667	9.002561
7948679	10.44443
7948685	6.36234
7948696	7.178156
7948718	7.372259
7948741	5.565286
7948744	7.627962
7948772	7.591054
7948775	7.330293
7948782	7.898049
7948794	5.985734
7948798	6.598542
7948814	7.527593
7948829	6.242268
7948834	6.243168
7948836	6.307691
7948839	8.685818
7948864	8.264569
7948879	6.081969
7948881	6.00088
7948894	6.949576
7948896	5.390267
7948898	6.148065
7948900	7.252253
7948902	6.933902
7948904	7.778308
7948906	5.426077
7948908	8.183228
7948910	4.563422
7948912	6.489809
7948918	5.763303
7948920	6.305615
7948937	6.096189
7948951	3.51168
7948957	4.835515
7948973	6.3449
7948982	5.934008
7948987	7.084466
7948995	7.028038
7948997	6.456564
7949015	8.311709
7949019	2.220114
7949021	6.022669
7949033	7.715228
7949046	7.248192
7949058	5.746327
7949060	7.975249
7949067	7.178047
7949075	7.741168
7949080	6.65923
7949104	6.369317
7949124	5.559699
7949146	7.583235
7949172	6.089793
7949206	6.143537
7949227	7.809654
7949264	7.929671
7949273	5.885479
7949275	7.765919
7949277	7.811133
7949320	6.291425
7949327	4.690867
7949340	6.4378
7949344	6.462904
7949364	4.744218
7949371	5.913129
7949373	6.68328
7949377	8.251337
7949383	7.205794
7949400	6.494089
7949410	8.674478
7949412	7.293688
7949440	5.861526
7949444	6.998435
7949454	7.69388
7949465	8.219762
7949482	6.841613
7949490	6.997594
7949496	9.746206
7949503	6.916561
7949518	6.573421
7949532	8.445975
7949540	8.016968
7949545	6.774133
7949553	5.635118
7949568	5.905376
7949570	6.497469
7949577	6.988906
7949588	5.137893
7949592	6.199365
7949603	6.376787
7949615	5.064923
7949619	6.570565
7949637	6.997059
7949645	7.536742
7949650	6.626232
7949668	5.118402
7949672	2.97883
7949674	7.099852
7949679	6.757523
7949717	5.383946
7949719	6.213101
7949742	2.036513
7949744	4.274273
7949746	8.763868
7949754	7.755521
7949763	3.48882
7949765	8.728368
7949776	8.524577
7949792	7.73035
7949796	6.149963
7949798	7.71063
7949808	6.871041
7949836	7.32823
7949843	8.107424
7949851	4.465872
7949857	6.740849
7949863	7.031407
7949873	6.503316
7949882	8.14309
7949894	4.472773
7949896	5.955842
7949898	6.690266
7949904	7.270068
7949916	8.397714
7949931	7.521214
7949946	5.607722
7949948	5.299829
7949954	6.503705
7949956	4.965292
7949971	6.194898
7949995	5.625153
7950003	5.644931
7950005	6.224014
7950012	5.74155
7950016	5.48879
7950023	6.286181
7950032	7.740806
7950036	7.080797
7950042	6.780925
7950062	4.106162
7950064	5.826888
7950067	6.011589
7950078	7.160934
7950082	5.520369
7950086	8.436446
7950117	2.930269
7950119	7.555464
7950128	6.434025
7950136	6.070021
7950140	6.456837
7950142	6.39571
7950162	5.180466
7950195	8.499467
7950197	7.407351
7950235	6.670522
7950248	5.439971
7950269	2.65729
7950271	7.551615
7950282	6.803133
7950284	8.434155
7950292	4.214609
7950294	5.586562
7950299	5.427551
7950307	6.489642
7950321	5.833372
7950332	6.31241
7950336	6.942323
7950370	5.672354
7950372	5.79747
7950374	4.690466
7950391	5.396803
7950409	5.271648
7950420	6.448178
7950423	6.21236
7950425	5.841191
7950442	6.292836
7950444	6.25701
7950447	4.606689
7950469	4.915471
7950471	6.160972
7950473	8.917667
7950490	10.06153
7950492	7.206986
7950501	6.036291
7950524	5.467865
7950530	2.311614
7950532	2.73306
7950534	5.751747
7950544	5.124102
7950553	3.193517
7950555	6.523166
7950560	3.674515
7950578	6.875948
7950597	5.623234
7950606	8.028852
7950626	7.308242
7950628	6.246417
7950641	5.232378
7950644	6.83889
7950654	4.762259
7950669	7.074897
7950671	5.711755
7950683	4.468881
7950699	2.370715
7950701	5.707807
7950724	1.990293
7950726	6.751581
7950731	7.23311
7950743	5.73037
7950751	5.419668
7950753	5.885816
7950762	8.4397
7950764	4.328012
7950794	5.761054
7950796	6.668854
7950804	5.604225
7950810	7.851709
7950838	11.07162
7950862	5.255166
7950864	6.107629
7950883	4.104373
7950885	4.935046
7950893	2.877916
7950895	3.769799
7950897	4.120925
7950899	6.624375
7950906	5.5436
7950921	6.521285
7950933	4.715829
7950951	3.476385
7950955	4.336762
7950965	3.460084
7950971	4.531663
7950977	3.570625
7950983	7.779105
7950990	4.227683
7951004	6.140203
7951008	6.294773
7951030	7.023178
7951032	6.501884
7951034	6.64494
7951036	6.794622
7951038	5.783389
7951040	5.262872
7951046	4.43434
7951068	4.104628
7951077	7.447319
7951089	5.246402
7951091	7.64994
7951093	5.981822
7951108	4.937546
7951112	6.32883
7951131	4.444164
7951133	6.440289
7951140	6.840652
7951144	5.625573
7951157	5.486147
7951159	4.632874
7951161	2.217679
7951163	4.127136
7951165	4.733937
7951178	3.799054
7951195	3.023173
7951205	2.885555
7951207	8.326523
7951217	7.845318
7951224	4.767852
7951235	4.336988
7951246	3.182744
7951259	5.020346
7951271	4.972991
7951284	4.135795
7951297	4.384604
7951309	4.296232
7951325	6.153494
7951335	5.12059
7951337	2.119282
7951339	2.740856
7951341	3.719425
7951343	2.16715
7951345	3.492887
7951347	4.006444
7951351	4.866233
7951363	3.430274
7951372	8.468252
7951385	4.504333
7951397	4.708119
7951408	5.362816
7951413	4.602777
7951417	3.665427
7951420	3.707295
7951422	4.998822
7951429	3.849676
7951437	5.096668
7951447	5.521467
7951467	4.345603
7951479	4.912745
7951485	5.925169
7951497	7.013196
7951521	4.277556
7951535	5.417135
7951545	8.156278
7951552	4.056666
7951554	6.969366
7951565	4.331412
7951589	5.382855
7951591	3.882951
7951593	7.11937
7951596	5.8965
7951604	2.996405
7951612	7.097038
7951614	8.561465
7951633	6.045407
7951652	6.207414
7951654	4.63637
7951660	4.720791
7951662	9.448012
7951670	2.521932
7951672	3.053288
7951679	6.536702
7951686	9.716309
7951695	4.007061
7951701	5.365075
7951703	6.640185
7951715	3.609122
7951717	5.074387
7951734	5.033523
7951752	5.474312
7951781	5.578773
7951789	4.359352
7951796	3.532099
7951807	5.574232
7951824	5.599323
7951826	5.919759
7951838	5.931863
7951853	5.559932
7951859	5.879281
7951865	6.79911
7951873	8.093102
7951896	7.264008
7951910	5.812463
7951928	5.408585
7951966	8.049471
7951977	6.717474
7951987	6.392767
7952004	6.597591
7952011	5.720602
7952022	5.979942
7952036	9.592418
7952046	8.894571
7952056	4.993718
7952065	4.605525
7952069	5.23062
7952086	5.220606
7952103	8.61152
7952116	8.754355
7952126	3.473983
7952129	9.716084
7952132	5.965531
7952145	6.927846
7952179	7.81578
7952185	5.477921
7952200	6.408533
7952205	6.075924
7952223	3.96876
7952225	6.107387
7952227	6.358781
7952243	7.87725
7952249	5.694413
7952268	5.771472
7952274	6.892755
7952290	9.548874
7952305	5.898117
7952307	4.898628
7952309	4.386662
7952313	3.611979
7952315	2.573575
7952319	3.208273
7952321	6.629617
7952325	12.82824
7952335	8.945501
7952339	9.595267
7952341	5.416301
7952350	5.902018
7952361	5.444211
7952373	3.658617
7952375	3.291471
7952377	3.21168
7952382	4.647003
7952384	6.71462
7952386	6.080805
7952388	6.787403
7952390	3.680373
7952392	4.016379
7952394	4.590038
7952398	3.373078
7952400	3.490989
7952402	3.744519
7952404	4.304224
7952406	4.402961
7952408	6.439685
7952426	9.560089
7952436	7.589027
7952445	6.129462
7952451	4.374999
7952453	6.714684
7952475	5.756548
7952484	6.854676
7952488	5.449576
7952490	5.862109
7952503	3.519788
7952517	3.269748
7952522	4.492429
7952526	5.233905
7952549	5.741024
7952557	9.065637
7952577	6.048336
7952601	7.031872
7952617	4.106094
7952626	4.295514
7952631	4.221563
7952641	8.970597
7952671	6.821743
7952673	4.850636
7952675	4.538933
7952677	6.641122
7952707	6.038801
7952733	7.303076
7952735	2.117433
7952737	5.217279
7952739	6.063695
7952750	2.222
7952752	6.577358
7952766	6.428837
7952768	7.710579
7952781	4.161563
7952785	4.580459
7952795	6.611846
7952797	4.843969
7952805	5.080325
7952810	5.858987
7952813	6.664134
7952830	5.332901
7952869	6.538517
7952882	6.040187
7952884	5.933237
7952893	8.970737
7952897	6.297153
7952914	6.042098
7952927	6.205536
7952950	5.364451
7952953	8.25733
7952984	4.837446
7952986	6.775404
7952988	6.96901
7953012	6.94036
7953021	10.43938
7953032	6.53022
7953040	5.915744
7953094	6.002896
7953098	3.469214
7953100	9.743022
7953111	7.346738
7953128	5.351128
7953130	5.983642
7953135	6.522728
7953150	6.544913
7953166	5.742768
7953181	4.752207
7953198	2.287214
7953200	5.674943
7953211	5.753977
7953218	3.775797
7953229	4.695216
7953243	6.966936
7953252	4.508954
7953264	5.522404
7953274	5.076736
7953278	5.681952
7953284	4.496202
7953291	10.58655
7953303	7.596429
7953321	7.444514
7953333	6.130566
7953341	6.954004
7953351	6.361999
7953383	8.989562
7953385	10.74067
7953390	5.520286
7953395	7.021625
7953409	7.375524
7953418	6.682236
7953428	5.986318
7953442	5.848334
7953450	6.470729
7953469	5.959939
7953483	5.654308
7953508	7.904696
7953516	5.876236
7953518	7.081635
7953520	6.387381
7953532	5.577859
7953547	7.087031
7953564	6.867023
7953569	6.902647
7953590	6.497912
7953592	5.73419
7953594	6.083761
7953603	5.275249
7953620	3.774115
7953622	6.136184
7953626	5.638567
7953651	5.719027
7953665	5.515391
7953670	3.392938
7953675	5.07874
7953687	4.464234
7953689	3.753789
7953695	3.150525
7953697	7.49115
7953699	7.394785
7953715	8.064962
7953723	5.379685
7953733	2.806105
7953735	6.788014
7953737	4.304007
7953747	2.512574
7953749	4.666404
7953761	3.578424
7953763	6.518549
7953765	4.331377
7953775	11.44539
7953812	6.678739
7953835	4.401864
7953844	6.107022
7953871	3.400754
7953873	3.032686
7953878	6.09898
7953892	2.70375
7953901	3.832886
7953914	3.657024
7953924	4.315285
7953936	5.34283
7953943	8.400589
7953949	4.108136
7953965	4.315774
7953967	4.553916
7953975	2.296677
7953977	3.232986
7953979	2.332311
7953981	9.443848
7953993	5.676834
7954006	9.374361
7954008	3.519976
7954010	3.074612
7954012	5.530893
7954021	7.075065
7954029	9.195299
7954036	7.392677
7954055	5.548
7954061	6.871042
7954063	8.184391
7954065	11.07526
7954071	6.871609
7954077	6.296801
7954090	12.81102
7954098	4.112154
7954100	3.37915
7954102	2.614931
7954104	8.310425
7954124	7.319551
7954132	3.99634
7954136	4.321624
7954143	3.865426
7954173	7.183408
7954185	8.120114
7954196	7.043576
7954206	2.545748
7954208	4.216081
7954240	3.030959
7954243	5.375214
7954245	6.294886
7954277	7.649159
7954279	7.100766
7954291	3.674723
7954293	4.242998
7954310	12.19767
7954312	4.189567
7954330	1.961754
7954344	2.433933
7954356	3.059317
7954375	1.915949
7954377	2.651287
7954382	5.468214
7954388	6.840745
7954398	3.136263
7954407	8.691972
7954419	7.165369
7954436	9.159848
7954460	7.329792
7954465	5.536735
7954469	5.270018
7954481	6.708043
7954488	6.029135
7954490	2.201703
7954492	7.026231
7954503	6.735505
7954511	9.412817
7954527	9.763785
7954551	4.721375
7954559	7.911128
7954589	3.186548
7954591	5.172342
7954602	5.148036
7954604	6.583655
7954613	5.623033
7954631	4.139132
7954645	6.381781
7954653	5.623626
7954655	6.210431
7954690	5.06086
7954692	6.034078
7954695	3.232944
7954697	5.61629
7954699	2.298583
7954701	4.562618
7954711	8.700638
7954717	6.491809
7954729	6.064198
7954752	6.473646
7954775	2.560699
7954777	5.249574
7954783	4.246986
7954785	4.088733
7954787	7.312016
7954789	5.000821
7954794	3.743506
7954810	5.817686
7954864	4.930529
7954899	3.309923
7954926	3.402267
7954938	3.374023
7954940	6.314781
7954961	7.559383
7954963	7.942701
7954965	3.148233
7954969	6.811529
7954985	7.012855
7954995	4.533482
7954997	6.132654
7955019	7.101768
7955043	5.224015
7955045	5.505898
7955055	7.103814
7955063	6.17267
7955076	6.951776
7955078	5.832608
7955107	6.354531
7955110	6.259254
7955112	7.750456
7955117	2.917424
7955119	3.92475
7955129	5.305385
7955132	4.45746
7955135	4.01006
7955140	2.40596
7955142	6.052439
7955156	5.17537
7955168	2.493402
7955170	6.966407
7955179	6.787177
7955184	6.056285
7955195	6.265341
7955211	5.201653
7955217	5.163823
7955231	6.2003
7955248	3.473305
7955250	6.911512
7955277	10.78685
7955290	6.792185
7955297	6.641401
7955305	6.07124
7955317	5.086562
7955331	6.660347
7955348	6.41893
7955358	5.527491
7955361	6.941123
7955376	7.7614
7955417	2.450881
7955419	5.146464
7955423	1.946085
7955425	6.379774
7955433	3.669644
7955441	6.635835
7955448	2.867175
7955450	6.616694
7955462	1.82252
7955464	10.25969
7955469	4.6775
7955502	4.965211
7955533	5.595504
7955535	8.519408
7955551	5.754449
7955562	6.074492
7955578	6.269213
7955589	7.911343
7955606	7.012364
7955613	9.360041
7955624	6.682592
7955635	3.738692
7955637	11.07301
7955646	8.070995
7955663	6.424544
7955694	7.878539
7955702	6.134821
7955719	8.217281
7955721	6.688545
7955729	7.966134
7955736	7.71903
7955768	5.641006
7955777	6.775034
7955787	9.291292
7955797	6.044541
7955810	9.37034
7955817	8.722165
7955829	7.061517
7955845	5.219039
7955852	6.576299
7955855	5.234388
7955858	5.142692
7955863	3.609122
7955865	4.757751
7955869	6.568365
7955873	5.079795
7955887	4.494797
7955890	5.668218
7955896	7.919361
7955906	3.995472
7955908	4.821632
7955943	5.396191
7955963	4.973502
7955974	4.785953
7955979	4.730471
7955981	3.410549
7955983	3.721297
7955985	3.322903
7955987	4.203745
7955989	2.865526
7955991	3.375329
7955993	3.143958
7955995	3.209239
7955997	3.778344
7955999	3.501309
7956001	2.962038
7956003	3.213437
7956005	3.998306
7956007	5.970797
7956009	5.7733
7956013	7.074199
7956018	6.02232
7956026	5.389826
7956031	7.54061
7956038	6.062143
7956044	6.248706
7956046	8.22591
7956076	6.234905
7956088	9.998148
7956097	6.054415
7956105	6.110759
7956114	5.893467
7956120	9.597459
7956152	8.46581
7956159	6.087979
7956162	5.603974
7956166	6.306056
7956200	6.942099
7956211	10.88812
7956220	6.690132
7956229	5.6613
7956242	5.744692
7956251	8.866914
7956257	6.123446
7956261	9.417852
7956269	3.846756
7956271	3.641315
7956279	4.384604
7956281	6.152912
7956285	6.45091
7956287	6.747263
7956301	5.780725
7956395	6.714599
7956399	2.132348
7956401	6.375538
7956417	3.52711
7956419	3.641337
7956423	5.498269
7956426	5.969532
7956430	5.22286
7956443	7.241564
7956470	7.733909
7956488	5.306365
7956522	4.40619
7956524	7.848808
7956539	6.369984
7956551	5.442195
7956573	4.457617
7956593	8.899937
7956613	8.324537
7956623	5.581842
7956631	5.72413
7956639	5.710045
7956648	5.540874
7956658	6.867325
7956668	7.074497
7956670	7.69599
7956697	8.134054
7956737	6.958363
7956739	2.791953
7956741	3.870711
7956743	8.814194
7956747	5.589314
7956749	5.56518
7956759	9.428644
7956783	4.053363
7956785	4.882655
7956795	7.460997
7956819	6.305021
7956826	4.816192
7956838	3.792983
7956842	6.974085
7956856	4.355116
7956867	5.380188
7956876	3.313057
7956878	3.833188
7956894	5.217882
7956908	5.133722
7956910	7.77303
7956930	6.583467
7956937	9.317236
7956949	5.674071
7956978	5.785214
7956987	4.461361
7956989	8.348545
7957006	2.021732
7957008	7.303024
7957023	7.586535
7957032	5.457561
7957043	7.01828
7957052	5.948328
7957072	6.272958
7957092	3.853103
7957106	7.203024
7957126	5.282819
7957140	3.642147
7957159	5.155792
7957161	3.553595
7957167	5.997737
7957177	9.585653
7957186	9.069174
7957205	3.872572
7957221	3.97232
7957242	7.77469
7957245	3.746939
7957253	3.073397
7957260	8.033806
7957271	5.040359
7957273	2.114355
7957275	8.210765
7957277	5.821565
7957298	5.04002
7957338	4.154929
7957351	2.570818
7957373	4.39978
7957379	4.583144
7957386	5.105622
7957404	5.095444
7957417	6.641875
7957431	3.090487
7957433	3.301944
7957452	3.955626
7957458	3.342638
7957467	7.578804
7957476	4.027858
7957478	5.504748
7957495	2.504637
7957499	3.499006
7957503	4.809175
7957508	2.386471
7957510	5.847325
7957514	4.365823
7957528	2.617665
7957530	7.728781
7957532	2.757325
7957534	3.171643
7957536	6.584357
7957540	5.877796
7957549	6.901999
7957551	5.625336
7957560	5.285642
7957570	5.336739
7957602	3.751621
7957604	8.048462
7957606	4.476462
7957608	6.550669
7957611	5.008248
7957613	7.600382
7957627	2.281722
7957629	2.787833
7957631	5.631015
7957633	6.745297
7957649	4.106642
7957654	5.917731
7957665	8.870067
7957673	3.962724
7957688	2.86064
7957715	5.548418
7957733	3.020649
7957735	2.394307
7957737	7.328486
7957746	8.359289
7957759	8.232111
7957790	4.117713
7957793	5.650969
7957806	9.964719
7957819	5.600639
7957833	3.126649
7957835	3.777894
7957850	5.024083
7957861	3.791757
7957890	4.47733
7957956	2.634832
7957958	2.093537
7957960	5.190414
7957962	3.838325
7957966	7.455355
7958000	8.854979
7958011	6.395709
7958015	5.875678
7958017	3.520954
7958019	6.25719
7958031	3.073201
7958051	5.224344
7958056	4.57086
7958128	2.154547
7958130	9.498023
7958147	6.198305
7958152	7.909166
7958158	4.931777
7958174	10.87167
7958197	8.701096
7958200	9.074799
7958202	6.916747
7958207	4.42794
7958209	2.978035
7958211	4.946856
7958216	6.573133
7958253	5.412411
7958262	11.05294
7958273	9.022804
7958275	6.462599
7958305	4.351008
7958331	5.663965
7958346	6.117425
7958352	5.368332
7958375	5.541743
7958377	2.956983
7958379	5.805267
7958396	4.37492
7958398	5.680074
7958410	6.677471
7958414	7.517154
7958423	4.605184
7958425	4.361953
7958439	6.720601
7958453	7.547006
7958455	5.779317
7958466	5.192139
7958524	3.859844
7958532	7.950911
7958565	6.139439
7958577	7.647696
7958582	7.238855
7958600	10.06761
7958620	3.747561
7958644	9.019337
7958666	3.5085
7958677	3.180653
7958692	5.959789
7958711	3.990447
7958724	6.507519
7958726	5.729255
7958749	6.585644
7958759	4.970405
7958761	5.643052
7958784	6.399652
7958800	6.293443
7958819	7.770795
7958826	2.793903
7958828	7.173063
7958842	6.038291
7958844	2.277167
7958846	8.372594
7958860	5.126504
7958884	9.492062
7958895	8.372861
7958913	8.449194
7958931	6.102277
7958942	6.926164
7958948	7.44248
7958950	6.944928
7958960	8.579575
7958989	6.490169
7959002	6.876853
7959010	4.661784
7959012	4.958405
7959014	2.72723
7959016	5.841857
7959023	10.43006
7959025	4.570585
7959039	5.61059
7959052	5.197786
7959070	8.292957
7959078	8.480093
7959080	7.743761
7959085	4.131073
7959087	5.523383
7959100	6.239966
7959102	12.18437
7959108	6.430619
7959123	8.707303
7959131	8.131181
7959144	6.312657
7959146	7.390726
7959148	5.874232
7959153	9.376266
7959157	8.173759
7959164	8.244494
7959173	10.11824
7959195	5.984418
7959205	6.111903
7959212	6.058997
7959220	6.668569
7959232	5.231469
7959234	6.834631
7959249	7.568226
7959251	4.479407
7959267	5.083673
7959282	7.452436
7959292	3.303747
7959294	6.787539
7959298	5.745197
7959312	5.320843
7959314	7.760219
7959322	5.875511
7959330	4.506666
7959354	7.096043
7959361	7.852866
7959386	4.823472
7959402	6.358363
7959408	4.888263
7959473	5.566308
7959482	3.175511
7959484	4.037575
7959500	7.583064
7959535	6.870153
7959549	7.766035
7959563	5.378116
7959572	3.227346
7959574	7.550794
7959586	6.383045
7959597	9.36985
7959604	5.501572
7959621	6.515458
7959623	4.922936
7959638	5.629918
7959657	6.031598
7959681	5.042217
7959696	5.2901
7959751	8.133182
7959761	6.43457
7959772	6.14144
7959775	2.634832
7959777	6.351843
7959786	6.213165
7959807	4.223133
7959818	4.825936
7959827	4.866855
7959834	5.77564
7959848	7.774118
7959850	6.417666
7959856	4.904118
7959880	10.23325
7959882	6.881307
7959891	4.361112
7959893	5.173383
7959921	6.413596
7959925	6.131026
7959927	7.743649
7959946	6.89615
7959957	8.351549
7959986	6.615909
7959995	6.796074
7960052	7.276378
7960054	5.827324
7960068	6.228686
7960088	8.120911
7960099	6.43997
7960117	7.114739
7960124	7.540551
7960131	8.784158
7960134	4.860454
7960143	6.130004
7960150	5.308154
7960158	4.739346
7960165	6.115102
7960172	3.155663
7960177	6.346729
7960201	5.966512
7960221	7.430852
7960253	6.72262
7960259	3.013766
7960261	6.874113
7960280	7.758729
7960283	6.591164
7960320	4.909099
7960331	5.986605
7960338	7.639241
7960340	5.155642
7960355	4.552402
7960357	7.345168
7960362	5.401063
7960365	4.955151
7960370	6.24314
7960381	6.219649
7960383	4.457912
7960397	6.124085
7960407	7.266509
7960411	5.019533
7960427	4.732231
7960434	4.434636
7960436	4.364206
7960438	5.546494
7960464	6.520988
7960512	7.952611
7960514	4.093017
7960516	4.833687
7960518	8.968004
7960529	9.889897
7960544	6.304231
7960553	6.838793
7960559	6.226026
7960575	6.650109
7960594	8.654729
7960635	7.260293
7960637	7.0205
7960642	5.390093
7960654	7.511705
7960666	7.079509
7960682	6.39196
7960689	8.755042
7960700	3.818171
7960702	5.343229
7960709	7.628367
7960716	6.950391
7960728	8.275023
7960730	7.461791
7960744	6.554458
7960757	6.067928
7960764	7.191154
7960771	5.934593
7960794	5.712911
7960813	2.466491
7960815	2.357421
7960817	2.385881
7960819	7.380973
7960821	4.453065
7960828	3.913965
7960832	5.240176
7960848	2.151984
7960850	6.569339
7960861	2.682673
7960863	6.267848
7960865	8.030781
7960874	5.740299
7960878	7.161895
7960881	5.585855
7960889	6.79264
7960894	8.70136
7960896	7.12602
7960898	6.704692
7960900	3.943849
7960910	4.736773
7960919	3.864075
7960933	8.059912
7960942	4.0186
7960947	5.90045
7960984	4.713194
7961022	9.342062
7961024	3.079649
7961026	2.568911
7961031	6.372694
7961059	4.311852
7961067	4.782996
7961069	3.123692
7961075	5.423779
7961083	4.557255
7961091	3.202887
7961097	5.550548
7961102	4.196322
7961111	3.679449
7961120	4.841808
7961142	5.55404
7961151	4.024524
7961166	3.609729
7961173	3.990022
7961175	3.268184
7961182	2.930693
7961187	3.439321
7961198	3.453019
7961208	5.77925
7961215	8.463601
7961230	9.572173
7961239	2.550355
7961243	2.40417
7961245	2.87654
7961249	3.278275
7961252	6.520075
7961259	5.096284
7961269	4.5432
7961275	4.064962
7961279	3.789612
7961281	2.828124
7961285	3.59876
7961287	3.973581
7961291	3.746402
7961293	2.972341
7961295	2.861009
7961298	4.223055
7961300	7.674535
7961306	6.552832
7961320	6.599584
7961339	5.259241
7961363	6.750569
7961365	6.377273
7961371	9.318225
7961381	3.628277
7961386	6.10026
7961390	6.953182
7961399	4.679865
7961413	7.015828
7961418	5.117744
7961420	2.884064
7961422	5.276777
7961438	5.9747
7961440	9.463209
7961453	7.060452
7961455	4.555295
7961483	8.434605
7961489	6.400501
7961503	2.988418
7961507	4.487459
7961514	4.585222
7961524	6.694732
7961532	11.39401
7961540	5.235626
7961546	7.455657
7961569	4.708882
7961571	4.234622
7961580	4.950056
7961593	3.383144
7961595	4.029163
7961602	3.845724
7961604	3.280715
7961622	5.591746
7961624	2.69028
7961626	3.249164
7961652	4.744551
7961654	4.886364
7961673	5.555968
7961693	6.807838
7961702	5.034855
7961710	4.218483
7961755	3.594712
7961757	5.809435
7961767	5.704342
7961798	4.476337
7961820	5.478549
7961829	5.856349
7961844	3.484477
7961865	8.592796
7961873	2.58101
7961875	3.367711
7961887	7.952694
7961889	5.736011
7961891	6.472054
7961900	6.063365
7961960	4.408175
7961962	4.9254
7961964	4.733551
7961983	7.97081
7961998	6.100135
7962000	4.76997
7962013	5.812133
7962029	4.806836
7962058	4.126644
7962083	6.125778
7962085	6.090314
7962112	4.875216
7962137	3.61389
7962139	3.459246
7962146	4.849841
7962151	4.536073
7962183	6.04329
7962185	6.364772
7962194	10.40726
7962197	3.724025
7962199	2.204993
7962201	2.799617
7962203	5.435261
7962212	6.526361
7962226	5.087579
7962236	2.75713
7962238	4.84398
7962240	7.799305
7962242	3.922966
7962246	4.618697
7962248	2.43074
7962250	4.530224
7962274	5.776838
7962312	4.433672
7962325	4.121956
7962327	5.124678
7962341	3.17596
7962343	3.192594
7962345	2.438736
7962347	2.562934
7962349	5.708583
7962358	6.264325
7962367	5.780002
7962375	6.029418
7962384	4.114497
7962427	4.827759
7962441	9.700383
7962455	4.251554
7962479	4.304278
7962481	3.811213
7962487	3.219246
7962489	6.080388
7962499	6.046836
7962516	6.16085
7962537	7.36724
7962557	4.979927
7962559	4.095706
7962579	5.214945
7962588	4.069915
7962590	3.892683
7962608	5.543895
7962623	6.82557
7962625	6.945003
7962659	8.304938
7962689	7.9048
7962703	6.875771
7962760	5.779326
7962783	6.857095
7962792	4.532377
7962794	5.390711
7962804	3.091607
7962811	5.865983
7962827	3.080891
7962829	4.027793
7962831	7.598442
7962842	7.411774
7962869	7.506654
7962884	9.063057
7962893	6.572224
7962895	6.249586
7962904	8.654311
7962916	3.214909
7962918	7.083624
7962930	6.290955
7962935	6.972516
7962951	7.123848
7963009	5.259697
7963020	6.142095
7963024	8.078416
7963046	9.753429
7963052	5.993437
7963054	6.590072
7963061	6.820825
7963064	6.770509
7963084	5.274789
7963092	5.830868
7963121	6.517588
7963134	5.523424
7963137	6.036107
7963139	6.103706
7963142	6.070111
7963157	5.955124
7963174	5.678123
7963187	8.961843
7963201	2.49516
7963203	3.562709
7963206	3.789809
7963208	2.735378
7963210	3.997703
7963212	8.777273
7963233	3.582374
7963235	8.053313
7963244	6.507178
7963261	6.759286
7963263	3.764293
7963265	6.907731
7963280	9.64388
7963289	4.20422
7963304	6.106547
7963313	6.540676
7963328	5.28061
7963333	10.25333
7963348	6.313928
7963353	6.274962
7963359	6.569911
7963366	5.357966
7963375	6.316918
7963386	5.778746
7963396	4.710117
7963406	7.961203
7963410	10.40249
7963421	9.48385
7963427	6.291882
7963438	6.529081
7963448	5.318223
7963459	5.386637
7963471	5.023021
7963479	4.414553
7963491	5.019013
7963502	6.409407
7963513	4.771546
7963523	5.555008
7963534	11.16383
7963545	6.300075
7963555	11.08082
7963567	11.23954
7963575	4.903659
7963577	7.0763
7963588	2.992548
7963590	6.659993
7963614	8.049343
7963631	9.086662
7963646	6.028765
7963664	6.660438
7963670	5.346539
7963689	5.581637
7963696	5.366996
7963698	6.031064
7963713	7.780055
7963721	9.07285
7963739	4.703458
7963741	7.376712
7963750	6.285435
7963758	2.645727
7963760	5.631236
7963768	2.22788
7963770	5.889136
7963774	8.265116
7963786	6.004974
7963817	3.398359
7963826	6.308808
7963837	5.581036
7963845	5.462364
7963851	4.16254
7963863	2.569222
7963865	3.955201
7963869	6.556669
7963878	2.327914
7963880	5.006123
7963911	9.707285
7963923	5.885272
7963935	6.207737
7963946	5.662031
7963965	6.932932
7963970	5.385126
7963986	6.643509
7963988	8.346686
7964021	6.347274
7964033	6.303478
7964064	8.240057
7964076	6.679782
7964089	5.502787
7964119	8.226621
7964142	4.051532
7964145	5.295291
7964177	5.967213
7964183	5.447229
7964203	8.479652
7964234	10.16856
7964246	5.964852
7964248	4.255231
7964250	8.974367
7964260	6.524005
7964262	8.910046
7964271	4.417451
7964285	6.368856
7964292	5.431018
7964300	5.938404
7964303	5.435454
7964316	5.566487
7964347	5.333532
7964360	8.242468
7964388	6.665797
7964400	5.829382
7964413	6.846345
7964436	6.487717
7964460	8.18887
7964466	7.073601
7964484	5.287409
7964499	5.700033
7964522	6.784131
7964535	5.570625
7964548	5.495744
7964555	6.461566
7964575	6.17034
7964577	6.281681
7964579	10.04112
7964592	3.942771
7964594	3.092474
7964602	5.20532
7964625	2.337337
7964627	2.348773
7964629	2.950847
7964631	5.079009
7964640	3.717946
7964642	6.352716
7964646	6.299342
7964658	7.320205
7964660	4.863621
7964665	4.214673
7964675	5.316764
7964677	5.108639
7964687	5.237342
7964699	2.370375
7964701	7.710317
7964718	5.811761
7964722	4.950808
7964733	3.060593
7964736	5.616127
7964739	7.841321
7964745	8.15355
7964757	6.375604
7964759	5.117475
7964785	3.159287
7964787	3.936727
7964795	2.697366
7964803	3.989086
7964810	4.588645
7964828	7.650252
7964830	6.479059
7964832	4.156982
7964834	8.926319
7964846	4.896482
7964852	3.267164
7964868	2.303122
7964872	4.033611
7964907	4.469865
7964927	3.379839
7964937	7.571617
7964976	6.311302
7964979	2.072179
7964981	2.54823
7964983	3.772449
7964985	5.108745
7964987	5.400644
7964997	4.348915
7965022	6.167212
7965036	7.88609
7965038	5.290244
7965040	11.99758
7965048	7.156802
7965060	3.92139
7965064	8.233214
7965090	7.053762
7965094	5.61026
7965108	3.762285
7965110	4.494364
7965112	7.318479
7965123	7.69559
7965150	4.474676
7965152	4.105741
7965154	5.059428
7965156	4.244736
7965166	4.282286
7965200	4.702889
7965206	3.640439
7965226	4.186451
7965231	2.953706
7965245	5.15262
7965249	3.919879
7965264	3.955943
7965322	5.224956
7965335	9.332499
7965343	7.402195
7965357	8.923011
7965359	8.615417
7965384	4.570939
7965390	3.88761
7965398	3.278223
7965403	2.544068
7965410	3.377358
7965423	9.491101
7965429	4.491761
7965431	4.844532
7965436	5.713967
7965467	9.762949
7965469	2.802831
7965471	7.455614
7965478	6.803855
7965480	8.043204
7965484	6.423583
7965486	3.467233
7965508	5.157128
7965510	7.646302
7965515	7.35475
7965523	5.343792
7965541	9.379408
7965565	4.055662
7965573	9.754509
7965587	2.865825
7965589	3.052915
7965606	6.07992
7965627	7.219663
7965652	4.838243
7965671	3.610268
7965673	5.779437
7965675	6.692107
7965677	2.469108
7965679	4.473148
7965681	4.493696
7965686	4.251415
7965721	6.803894
7965723	5.51132
7965746	5.897141
7965760	2.937766
7965767	1.832564
7965769	3.800802
7965787	2.582077
7965789	7.063086
7965800	3.59096
7965812	7.4911
7965840	4.119237
7965846	5.42097
7965855	5.854081
7965867	2.616239
7965873	3.51599
7965884	3.937619
7965900	4.765831
7965916	2.616653
7965918	5.683635
7965935	3.461409
7965941	4.238559
7965956	5.77853
7965964	4.775879
7965976	5.649805
7965979	4.248704
7966003	7.758641
7966026	5.641592
7966035	8.209003
7966046	5.927236
7966052	7.736785
7966068	3.894244
7966070	2.97239
7966072	8.439249
7966089	4.401746
7966098	6.69272
7966122	6.697106
7966127	6.036066
7966135	8.086238
7966148	2.304159
7966150	5.554456
7966172	4.229277
7966181	2.80904
7966183	5.918459
7966189	6.468724
7966202	7.129322
7966213	5.631036
7966223	5.581809
7966225	3.665709
7966227	3.345349
7966229	3.939788
7966234	7.158245
7966257	7.133318
7966259	9.420191
7966266	6.067237
7966268	7.175182
7966293	6.109483
7966301	6.630875
7966315	10.17352
7966321	6.30988
7966332	6.095265
7966343	4.812496
7966345	7.887269
7966356	6.15463
7966368	9.008818
7966379	4.158346
7966389	7.354378
7966397	9.313802
7966427	7.257066
7966441	3.112284
7966448	6.326587
7966462	5.572097
7966488	7.169115
7966517	7.565189
7966534	9.133155
7966542	7.590629
7966568	2.809875
7966570	7.25987
7966594	2.548331
7966596	6.296754
7966600	8.057569
7966621	5.383087
7966631	5.97466
7966638	6.149958
7966666	8.327922
7966668	5.244613
7966686	3.883913
7966688	2.516574
7966690	8.615798
7966706	8.983356
7966738	8.166886
7966746	8.214099
7966749	6.75162
7966760	7.069031
7966779	5.164003
7966810	6.001736
7966829	9.164422
7966839	7.694718
7966851	8.318584
7966876	5.281184
7966878	5.542099
7966929	8.150406
7966938	7.763308
7966996	9.023083
7967002	7.450546
7967021	6.538006
7967025	7.799427
7967028	4.902465
7967030	6.684898
7967032	6.38744
7967034	4.698054
7967039	6.340469
7967056	6.072701
7967060	8.753307
7967067	5.182095
7967072	5.736572
7967082	2.762801
7967084	4.293402
7967089	5.403788
7967091	7.877368
7967107	5.24747
7967109	6.294422
7967117	6.678202
7967127	6.021778
7967149	5.61998
7967175	5.129292
7967193	5.628314
7967202	7.001867
7967210	6.777346
7967212	6.047034
7967226	4.766794
7967230	6.092901
7967240	6.501496
7967255	8.678892
7967287	6.223027
7967304	8.499758
7967318	6.758311
7967322	6.28752
7967325	4.300823
7967331	9.477867
7967337	4.953158
7967358	6.144528
7967386	4.835544
7967412	7.521595
7967418	4.958769
7967420	8.017538
7967452	5.108421
7967454	5.312405
7967456	6.033124
7967463	5.23381
7967473	6.93228
7967486	4.870054
7967493	8.078554
7967544	6.740006
7967563	13.66986
7967586	5.539775
7967588	6.319285
7967620	12.2497
7967622	4.786872
7967624	6.194711
7967636	5.033755
7967641	6.135489
7967654	2.452212
7967656	3.755203
7967658	3.28463
7967660	5.57748
7967685	4.402734
7967700	5.635107
7967702	5.724192
7967705	6.131026
7967707	6.168926
7967709	7.188137
7967711	6.583176
7967727	5.824046
7967736	6.23449
7967789	7.553626
7967792	6.014655
7967794	9.155807
7967810	7.429926
7967841	7.913258
7967863	3.542866
7967868	2.164114
7967870	5.107145
7967872	6.808629
7967874	4.872309
7967876	3.828756
7967879	6.301445
7967881	6.761391
7967896	3.470178
7967898	6.108501
7967900	8.098062
7967933	4.142555
7967969	7.661968
7967976	8.64883
7967987	6.778242
7967993	3.186324
7968000	4.274274
7968002	2.364396
7968004	4.931922
7968015	6.044837
7968029	4.071439
7968035	6.303478
7968052	3.079147
7968056	3.308673
7968062	5.555312
7968085	2.67135
7968126	7.336331
7968128	7.564378
7968132	6.335635
7968154	4.3934
7968195	2.968278
7968197	4.567324
7968199	7.042483
7968212	5.763612
7968226	8.053989
7968232	3.464335
7968234	4.864798
7968236	6.182037
7968242	5.905811
7968254	6.502631
7968260	7.282215
7968265	6.273307
7968270	6.573256
7968272	7.584848
7968274	8.022347
7968295	3.808662
7968297	6.745025
7968307	5.216578
7968323	5.29601
7968329	4.643507
7968331	8.394542
7968333	5.945966
7968344	6.355761
7968351	4.842614
7968361	2.75593
7968370	3.697746
7968389	2.81151
7968411	6.475723
7968417	6.029676
7968484	4.351911
7968514	3.942692
7968516	6.821589
7968556	4.694759
7968563	5.311924
7968577	4.91609
7968630	4.067294
7968632	3.530433
7968637	4.888474
7968650	6.352742
7968653	4.559365
7968658	4.988989
7968670	7.219875
7968678	3.787283
7968703	6.34268
7968711	6.650365
7968732	2.142309
7968734	3.860111
7968746	4.576178
7968759	6.655721
7968761	5.528698
7968787	7.225452
7968789	6.305387
7968796	5.103185
7968798	5.578183
7968800	6.094697
7968835	6.239616
7968851	4.870785
7968866	3.243074
7968872	4.500483
7968883	4.39731
7968890	6.573572
7968892	5.15329
7968898	6.075167
7968915	5.432156
7968926	5.074236
7968928	6.562445
7968931	7.062944
7968957	4.601938
7968962	2.777833
7968970	3.218668
7968972	7.224874
7968976	5.550329
7968999	5.554783
7969003	10.52133
7969017	6.869089
7969048	9.755099
7969050	4.053609
7969058	6.436945
7969060	7.316394
7969091	4.51402
7969093	5.778252
7969096	5.171179
7969114	5.104672
7969129	6.615571
7969143	6.685903
7969145	5.306613
7969151	3.769067
7969153	6.501581
7969166	5.540421
7969171	4.637428
7969177	7.03002
7969179	4.81117
7969192	5.033455
7969202	4.853141
7969204	6.916961
7969222	5.342001
7969228	6.485965
7969241	5.381661
7969243	4.992389
7969256	4.49865
7969263	3.483954
7969271	6.017855
7969286	4.399715
7969288	11.87646
7969298	5.766716
7969300	5.82374
7969306	5.82374
7969312	5.82374
7969318	5.82374
7969324	5.82374
7969330	5.91011
7969339	4.323935
7969341	5.119529
7969358	4.620777
7969360	2.60655
7969364	3.604835
7969366	2.348489
7969368	7.393375
7969370	7.221726
7969372	6.585639
7969374	5.184661
7969390	5.542068
7969414	10.04429
7969424	2.950124
7969426	3.206516
7969428	6.88791
7969438	11.08008
7969472	8.077631
7969477	5.857065
7969479	4.486919
7969482	4.263526
7969488	5.092874
7969493	11.27834
7969531	8.370742
7969533	6.228859
7969544	9.130651
7969559	8.970684
7969563	2.152485
7969565	3.349941
7969567	2.988938
7969569	5.347178
7969574	11.21052
7969576	4.205128
7969596	4.536194
7969609	4.354342
7969611	3.906003
7969613	4.576924
7969626	5.554522
7969638	4.038215
7969640	4.344093
7969651	7.313107
7969665	5.904355
7969671	7.893641
7969675	3.523025
7969677	8.921612
7969693	7.929344
7969701	3.146782
7969703	5.809796
7969736	6.438004
7969770	2.937708
7969772	8.317394
7969774	2.838475
7969776	7.271124
7969792	13.01658
7969794	4.904168
7969796	9.730936
7969815	4.767915
7969828	5.034958
7969830	7.070561
7969835	5.563919
7969861	6.307083
7969879	4.045068
7969881	8.019822
7969914	3.111948
7969916	4.527084
7969933	6.648088
7969935	8.052047
7969955	4.848111
7969959	3.075071
7969975	6.18334
7969977	5.76816
7969979	7.163905
7969986	4.321125
7969995	5.617655
7970031	5.139871
7970033	6.928934
7970082	6.748978
7970084	6.791535
7970096	6.929636
7970111	7.577899
7970139	5.931454
7970146	6.397571
7970150	3.120881
7970158	4.666338
7970162	7.298973
7970194	6.589856
7970232	7.138529
7970241	6.667076
7970251	5.675979
7970262	7.951339
7970287	8.281236
7970301	7.338265
7970317	6.296641
7970325	5.897435
7970329	6.28064
7970347	5.547149
7970370	8.244309
7970376	4.419459
7970381	5.349156
7970388	5.939848
7970390	3.35961
7970392	6.596629
7970395	7.219218
7970404	3.887398
7970413	7.127237
7970428	5.983227
7970439	7.083258
7970441	7.743528
7970448	5.562723
7970455	6.411709
7970467	5.397693
7970473	4.73728
7970498	8.420038
7970507	5.739413
7970509	2.85362
7970511	2.470652
7970513	3.726328
7970524	8.36087
7970542	5.528286
7970546	5.987104
7970563	2.377543
7970565	9.4069
7970567	2.840411
7970569	4.288013
7970577	4.649567
7970595	3.557954
7970597	6.515121
7970602	7.673002
7970622	2.20661
7970624	5.017613
7970648	6.303709
7970655	6.663115
7970672	5.249132
7970676	6.501763
7970681	6.636226
7970691	5.760376
7970696	6.778245
7970702	2.4912
7970704	5.930259
7970716	9.007433
7970727	6.802148
7970732	6.106424
7970735	7.941579
7970737	4.614374
7970763	3.998246
7970793	4.288732
7970804	5.644315
7970806	5.784601
7970810	7.448636
7970828	5.747369
7970831	9.357971
7970840	5.309779
7970842	10.77872
7970844	4.329429
7970858	6.935617
7970864	11.21014
7970887	3.508657
7970892	4.491038
7970905	3.661584
7970907	7.228487
7970922	2.212165
7970924	5.792889
7970947	3.010975
7970949	5.303067
7970954	5.07486
7970973	4.908303
7970975	4.433756
7970989	4.71565
7970999	5.211851
7971013	5.221893
7971015	5.257117
7971027	5.354037
7971039	5.788405
7971071	6.29983
7971075	3.110123
7971077	2.882088
7971104	4.166512
7971122	4.680607
7971126	4.795494
7971134	7.095212
7971150	6.419026
7971159	4.243451
7971161	2.904161
7971163	8.86452
7971165	5.775192
7971167	5.232158
7971177	8.200592
7971184	5.536193
7971191	5.263239
7971197	9.270932
7971208	6.736515
7971216	4.932916
7971218	5.318354
7971222	5.293002
7971239	5.26189
7971241	7.254724
7971243	5.822723
7971246	5.244021
7971294	4.911558
7971296	5.503439
7971311	4.622442
7971335	4.413892
7971345	5.593075
7971350	7.370919
7971359	3.28305
7971361	7.11816
7971367	2.276952
7971369	4.397889
7971373	7.906105
7971375	9.970669
7971386	7.062276
7971388	5.214946
7971400	3.832669
7971415	2.34799
7971417	3.630936
7971419	5.739397
7971422	6.236174
7971444	3.247717
7971461	7.735763
7971482	6.702367
7971484	2.201416
7971486	5.767426
7971513	4.499697
7971526	2.970767
7971535	4.317698
7971537	4.841001
7971539	6.383211
7971541	7.989324
7971550	6.005432
7971561	3.868828
7971563	6.934178
7971565	5.32398
7971573	4.559146
7971590	6.79977
7971602	5.600555
7971615	7.380749
7971620	6.398585
7971642	4.801225
7971644	5.967506
7971653	5.058982
7971659	3.582223
7971661	4.996697
7971663	7.338857
7971669	4.844425
7971671	4.223035
7971690	4.297368
7971692	7.274714
7971711	4.314339
7971713	6.106718
7971723	5.649574
7971727	3.135495
7971731	4.946509
7971757	3.969219
7971780	5.195471
7971800	4.692504
7971813	5.649971
7971820	6.703254
7971838	4.205642
7971850	5.973378
7971858	8.936488
7971860	5.254351
7971862	6.769873
7971864	7.034427
7971866	3.137494
7971901	2.484321
7971905	6.299424
7971911	4.089721
7971913	5.336334
7971915	6.659214
7971920	9.788282
7971922	3.639886
7971931	3.566147
7971933	2.651999
7971935	2.09761
7971937	4.247711
7971950	4.993941
7971965	4.375867
7971967	7.644919
7971996	4.253799
7971998	7.322376
7972001	4.453894
7972003	5.922166
7972016	3.051262
7972018	2.904419
7972021	6.028301
7972044	5.831541
7972053	3.407733
7972055	6.570044
7972062	8.862622
7972069	6.064698
7972157	3.470178
7972173	5.456642
7972175	2.384146
7972177	5.68113
7972180	4.755435
7972190	5.606989
7972215	4.987393
7972217	3.792705
7972223	2.741946
7972225	3.062808
7972229	2.695395
7972231	4.69352
7972237	3.074777
7972239	4.023881
7972247	5.431648
7972251	3.964631
7972253	5.105499
7972255	2.710573
7972257	4.537753
7972259	4.265213
7972269	4.388399
7972287	3.311353
7972289	3.314834
7972291	5.836317
7972297	4.775671
7972334	3.203489
7972336	4.957507
7972365	2.089794
7972367	2.090133
7972369	4.5578
7972416	4.207216
7972418	2.063815
7972420	3.483993
7972426	6.169528
7972428	4.522679
7972438	7.213411
7972442	6.707869
7972444	9.896763
7972461	9.219165
7972487	9.571321
7972546	5.139215
7972548	4.466461
7972557	4.470272
7972561	4.171692
7972563	2.139652
7972565	3.333692
7972567	6.206793
7972570	6.838087
7972577	6.012777
7972579	6.312204
7972601	4.16591
7972650	4.082127
7972661	4.484736
7972663	6.252078
7972665	3.393699
7972670	3.494829
7972672	4.073354
7972674	3.8057
7972682	3.303752
7972692	5.31547
7972699	3.99656
7972709	3.143315
7972711	6.720657
7972713	8.516973
7972723	8.699661
7972733	5.34383
7972735	3.018431
7972737	5.993209
7972743	4.551085
7972745	7.450603
7972750	5.793668
7972803	2.634832
7972805	5.45128
7972808	6.67999
7972810	6.496309
7972826	4.489213
7972828	6.78711
7972840	5.708216
7972867	6.488973
7972888	6.265817
7972890	8.4137
7972899	6.969986
7972902	5.378084
7972912	6.399598
7972921	6.246665
7972923	6.010896
7972932	4.339578
7972936	5.436561
7972946	5.249848
7972973	7.266787
7972977	7.37789
7972979	2.245064
7972981	4.091691
7972983	4.253107
7973002	6.071769
7973004	3.781335
7973006	3.629041
7973008	3.558744
7973010	4.783636
7973012	4.16454
7973014	2.912588
7973016	3.746532
7973018	3.940358
7973020	4.742451
7973022	4.327266
7973024	3.978016
7973026	4.800962
7973028	2.700344
7973030	3.835846
7973032	4.41989
7973034	2.960495
7973036	5.562497
7973054	10.83767
7973056	6.908598
7973067	8.363867
7973078	4.173408
7973080	5.610689
7973082	3.25428
7973084	5.779486
7973093	3.905676
7973098	3.603626
7973101	5.197554
7973105	6.386844
7973108	5.524386
7973110	5.163573
7973114	5.603685
7973116	6.528165
7973135	6.096378
7973142	5.237992
7973149	10.95843
7973156	5.801585
7973158	6.460954
7973182	4.24087
7973185	3.834906
7973214	7.938459
7973221	5.144967
7973296	4.319425
7973298	4.152121
7973303	4.384604
7973306	8.215351
7973314	8.344697
7973327	6.376798
7973336	7.667207
7973350	2.415557
7973352	10.45226
7973363	6.30503
7973369	3.794007
7973371	6.828341
7973377	6.735453
7973384	8.204794
7973393	6.334993
7973403	5.43868
7973414	5.219375
7973427	5.522584
7973433	6.857563
7973444	4.731279
7973446	3.961376
7973448	6.230158
7973458	6.417063
7973468	5.975425
7973510	5.634686
7973530	6.570587
7973545	7.269719
7973564	7.497347
7973580	6.261489
7973584	6.826029
7973611	6.30488
7973613	5.747366
7973618	8.034286
7973629	6.59474
7973652	5.128808
7973660	8.085237
7973679	6.098902
7973694	6.230286
7973702	5.502787
7973709	6.743377
7973724	7.61718
7973727	7.449037
7973732	7.636352
7973743	3.698997
7973745	6.34688
7973752	4.048985
7973754	2.53691
7973756	5.965421
7973770	6.037131
7973797	4.717824
7973813	5.242279
7973820	2.28679
7973826	4.587215
7973838	2.055822
7973840	8.334842
7973850	4.474529
7973867	8.617112
7973869	2.787434
7973871	11.05306
7973873	3.966682
7973875	4.367754
7973894	5.260536
7973896	11.46716
7973898	6.849196
7973900	3.82188
7973902	7.982483
7973918	5.766562
7973924	5.685495
7973936	8.012452
7973943	6.028701
7973946	3.800051
7973948	3.869815
7973962	4.475384
7973966	6.523458
7973968	3.807475
7973970	5.47166
7973972	5.892204
7973974	9.239066
7973983	3.500608
7973985	4.14361
7974008	4.518357
7974027	3.718033
7974029	3.572808
7974047	4.96718
7974052	2.031273
7974054	3.958828
7974066	8.589176
7974080	3.759577
7974090	6.746558
7974109	4.191281
7974117	4.235098
7974125	5.96537
7974146	5.022686
7974164	3.300584
7974166	4.193945
7974190	5.539749
7974192	2.763233
7974194	5.944818
7974198	5.38733
7974207	6.420084
7974212	5.40486
7974214	4.068141
7974229	7.480752
7974245	3.765594
7974247	2.744826
7974249	9.594062
7974253	7.326923
7974255	7.24739
7974257	5.536539
7974270	6.872877
7974288	6.110511
7974303	6.324389
7974314	4.605997
7974316	5.893529
7974337	3.268986
7974339	5.737207
7974341	5.481643
7974352	6.685862
7974363	4.662507
7974366	4.723737
7974372	4.576868
7974380	8.464542
7974387	6.932755
7974402	4.142779
7974404	2.671921
7974418	4.288455
7974425	5.875713
7974445	3.923215
7974447	4.693759
7974455	8.74471
7974461	9.538774
7974471	4.723228
7974473	10.39121
7974479	8.508862
7974481	9.371876
7974483	7.780661
7974531	5.712099
7974533	6.214801
7974542	5.394345
7974562	3.507823
7974564	2.747036
7974566	6.325926
7974576	7.472943
7974585	6.165246
7974587	7.765087
7974603	6.103588
7974617	4.358485
7974619	3.886048
7974621	7.13055
7974647	5.005252
7974653	5.282324
7974687	1.799394
7974689	5.452742
7974695	5.028669
7974697	7.526768
7974725	7.373322
7974737	3.263889
7974771	5.483993
7974781	7.584702
7974793	7.266598
7974799	5.474271
7974811	3.042138
7974814	3.631731
7974816	5.030133
7974835	9.969284
7974851	9.108032
7974870	5.029043
7974882	4.880509
7974895	3.112047
7974900	5.284492
7974902	4.449422
7974912	2.669275
7974914	5.860656
7974916	4.957767
7974920	6.280458
7975045	6.387475
7975066	3.491082
7975068	6.46335
7975076	7.111549
7975081	5.734067
7975095	5.925154
7975113	5.525581
7975121	5.140738
7975136	5.878296
7975154	3.225109
7975167	4.920629
7975191	3.501528
7975203	7.89292
7975222	2.841058
7975224	5.823749
7975238	6.151179
7975268	7.541346
7975282	3.131305
7975284	5.563048
7975292	5.713514
7975309	4.058027
7975311	6.106992
7975324	6.101572
7975344	8.043167
7975354	5.891293
7975361	10.28539
7975368	11.25992
7975386	5.049117
7975390	6.683383
7975406	3.825499
7975408	2.712421
7975410	7.037201
7975412	10.60622
7975416	6.835763
7975453	3.421446
7975455	6.097547
7975457	7.336535
7975459	6.838335
7975482	5.290763
7975506	5.586316
7975521	7.395531
7975545	8.564654
7975562	5.625498
7975595	6.770786
7975598	7.15665
7975602	7.568066
7975607	6.546537
7975613	4.1283
7975616	3.449615
7975626	4.978397
7975630	2.462351
7975632	5.192557
7975645	6.313819
7975661	5.892882
7975676	4.282634
7975687	6.031484
7975694	4.366022
7975696	6.252181
7975702	5.369602
7975705	7.859628
7975713	5.055341
7975725	6.654606
7975747	7.845834
7975760	7.118781
7975770	3.899144
7975772	5.737018
7975779	8.968254
7975787	7.917971
7975793	7.141225
7975799	6.674622
7975813	4.409942
7975815	7.052078
7975851	5.202884
7975863	6.181051
7975876	5.263039
7975889	6.298802
7975901	4.670874
7975924	5.848542
7975926	5.904436
7975932	4.418512
7975956	6.036036
7975971	5.205347
7975976	7.460193
7975987	5.159898
7975989	7.234956
7975995	6.01215
7976000	5.39587
7976012	4.87339
7976037	4.229456
7976053	4.479207
7976055	4.784428
7976057	3.312328
7976059	3.250346
7976061	3.304101
7976063	2.22645
7976065	3.8249
7976067	1.950861
7976069	6.357376
7976073	3.677674
7976080	4.752276
7976084	3.922373
7976101	5.990992
7976126	2.988403
7976128	3.973175
7976146	1.932086
7976148	4.400403
7976152	2.528407
7976154	5.569058
7976156	4.699924
7976158	8.365865
7976160	5.558682
7976182	6.497176
7976187	2.841279
7976189	8.158152
7976200	8.489405
7976216	6.527516
7976239	6.139213
7976241	5.883629
7976243	8.182584
7976261	2.380215
7976263	5.606566
7976292	9.947997
7976307	7.309056
7976322	6.177732
7976333	8.723313
7976336	5.451426
7976350	3.565488
7976402	4.835144
7976407	6.388703
7976412	4.343966
7976425	6.907605
7976436	7.047799
7976443	10.06395
7976451	5.075381
7976481	5.278551
7976488	4.985172
7976496	6.57642
7976506	5.874378
7976512	4.645962
7976515	9.282595
7976523	5.182089
7976544	4.994518
7976552	2.99168
7976554	3.131827
7976556	5.246064
7976560	8.012774
7976567	7.352973
7976571	8.420992
7976578	4.03649
7976598	9.227984
7976621	4.453578
7976635	6.074564
7976642	5.713084
7976646	3.236716
7976648	8.51027
7976667	5.210852
7976669	7.107817
7976681	6.690032
7976698	7.924627
7976724	6.910283
7976726	6.595814
7976744	8.556877
7976755	6.661467
7976766	6.118363
7976778	5.198082
7976783	7.100237
7976795	6.301855
7976804	5.826101
7976806	2.38366
7976808	5.718729
7976810	2.614289
7976812	3.02879
7976814	2.697855
7976816	2.983422
7976818	2.758991
7976826	3.333352
7976828	6.294483
7976830	3.365886
7976832	2.686897
7976834	5.282596
7976836	2.406938
7976838	2.084893
7976840	4.306078
7976842	3.265129
7976844	8.766406
7976846	3.635997
7976848	7.26319
7976850	3.058233
7976852	2.815529
7976854	4.967344
7976856	2.634832
7976858	4.941605
7976863	6.652208
7976874	3.668147
7976876	7.158308
7976957	6.222486
7976967	6.057432
7976976	6.187015
7977003	8.525854
7977016	4.801998
7977018	6.000204
7977033	7.586955
7977046	10.03827
7977058	8.641562
7977075	5.294276
7977077	8.421351
7977103	8.882678
7977105	7.016357
7977117	2.551719
7977119	5.742806
7977125	2.524068
7977127	7.767599
7977149	7.267464
7977161	3.722461
7977201	4.984402
7977203	7.350444
7977214	4.545693
7977216	6.996992
7977234	7.203048
7977241	7.192267
7977249	7.78689
7977270	7.574598
7977273	6.524897
7977288	7.538793
7977294	5.909173
7977296	5.075687
7977299	7.341081
7977319	7.272185
7977331	5.437799
7977340	6.779644
7977344	6.713863
7977371	7.1314
7977373	5.91714
7977397	7.076625
7977409	6.810816
7977418	6.867841
7977432	7.196469
7977435	6.393457
7977438	5.972655
7977440	7.880622
7977445	4.538589
7977447	3.748889
7977450	3.44224
7977452	6.59967
7977454	9.053904
7977456	3.894469
7977472	4.322429
7977474	4.807042
7977476	4.135908
7977478	3.373913
7977480	2.93808
7977482	4.976142
7977497	5.279345
7977507	11.76641
7977511	6.724389
7977567	6.578037
7977571	5.534314
7977584	7.944857
7977592	2.674304
7977596	4.090076
7977598	3.659841
7977606	3.75357
7977609	4.213513
7977611	3.854108
7977613	4.04979
7977615	7.305412
7977621	11.85024
7977642	5.002658
7977646	6.659592
7977653	6.713426
7977655	6.118307
7977657	9.656273
7977674	7.205876
7977693	6.538545
7977732	8.00435
7977734	6.337695
7977736	5.571981
7977749	5.256286
7977761	4.865803
7977767	4.610402
7977771	4.811142
7977773	5.432004
7977775	9.862032
7977780	5.218319
7977782	5.449576
7977784	3.096518
7977786	5.257527
7977801	3.582025
7977803	8.50256
7977820	7.160615
7977841	6.414634
7977854	6.265757
7977868	5.527913
7977879	7.014598
7977888	6.48654
7977906	7.23018
7977928	6.528172
7977933	7.02487
7977951	3.835809
7977953	2.681255
7977955	7.297475
7977965	7.200777
7977978	6.479341
7977987	5.463017
7978019	2.986511
7978021	5.543399
7978054	7.243577
7978056	5.645651
7978059	5.755919
7978064	6.54258
7978066	7.609452
7978093	7.210881
7978103	4.117508
7978107	5.745871
7978114	5.918039
7978123	6.097288
7978132	6.588934
7978166	8.106361
7978174	6.642029
7978187	5.817008
7978192	5.180906
7978201	7.520711
7978208	8.30895
7978222	6.749851
7978239	6.6156
7978260	6.698729
7978272	5.771326
7978285	6.196626
7978312	6.118695
7978329	2.45218
7978331	6.293289
7978335	5.69945
7978343	4.517547
7978351	4.868618
7978360	5.792678
7978366	6.259395
7978376	4.795291
7978389	6.023666
7978391	3.829123
7978401	3.877539
7978403	2.605726
7978405	2.593607
7978407	4.08893
7978428	7.31597
7978449	10.15475
7978492	7.310943
7978527	4.91104
7978534	3.57203
7978536	2.915912
7978538	6.467291
7978542	5.608895
7978544	8.457399
7978553	6.774999
7978558	7.172865
7978568	11.46716
7978570	7.39982
7978586	7.015173
7978595	8.412967
7978626	2.409987
7978628	5.325947
7978644	10.89383
7978653	5.235119
7978662	4.443205
7978664	4.884023
7978666	6.550073
7978676	4.365088
7978686	5.971457
7978690	5.231452
7978692	3.613121
7978704	3.102733
7978706	8.203545
7978710	5.392776
7978712	5.648238
7978718	6.021945
7978739	8.126456
7978748	6.5294
7978754	9.388512
7978756	4.079668
7978760	7.862938
7978766	5.017449
7978776	4.430735
7978793	1.92109
7978795	7.590501
7978801	4.918057
7978822	2.863622
7978824	4.928684
7978831	7.111336
7978833	8.619684
7978838	5.023933
7978846	3.355135
7978866	7.149013
7978905	14.35411
7978911	4.976156
7978917	5.972315
7978923	6.209245
7978932	8.997682
7978956	5.318782
7978970	4.414618
7978997	7.339683
7979031	4.758491
7979033	6.739676
7979042	4.750371
7979044	6.889164
7979085	9.031295
7979108	5.595044
7979125	3.105068
7979127	9.243722
7979129	3.184903
7979133	5.378496
7979158	4.85372
7979179	12.09101
7979196	5.357949
7979204	4.529011
7979223	5.162457
7979241	4.694132
7979250	6.571092
7979260	6.220454
7979269	7.261799
7979281	4.628501
7979307	3.611098
7979328	7.658734
7979341	3.631978
7979351	5.653953
7979355	6.69428
7979357	5.801501
7979365	5.036187
7979367	6.506501
7979378	3.942126
7979387	5.085909
7979398	4.73197
7979400	4.346838
7979412	6.370845
7979414	2.788277
7979416	4.008484
7979426	6.150126
7979437	5.594285
7979444	2.761693
7979455	6.263186
7979473	6.327224
7979483	2.619477
7979505	6.376348
7979510	7.269498
7979516	4.556842
7979524	7.85591
7979529	3.489575
7979548	5.901093
7979551	7.588147
7979565	5.646932
7979572	5.470146
7979574	6.745715
7979583	4.144796
7979611	6.23367
7979615	6.158232
7979658	8.376944
7979663	5.890005
7979671	6.990701
7979691	4.11913
7979694	7.491579
7979696	2.111041
7979698	8.914125
7979710	6.752915
7979721	3.946075
7979725	4.558041
7979730	2.335494
7979732	5.912984
7979741	5.6305
7979743	6.726948
7979755	2.40316
7979757	6.990887
7979800	2.467917
7979802	3.52762
7979804	5.25764
7979806	3.536179
7979808	5.382818
7979811	3.447506
7979813	9.93634
7979820	7.773277
7979824	9.02054
7979849	7.837074
7979862	6.693953
7979864	6.830785
7979870	5.540248
7979876	7.604073
7979878	5.461111
7979886	6.105365
7979888	4.146535
7979902	4.316641
7979904	4.749551
7979906	7.455878
7979916	5.842447
7979925	5.098274
7979927	6.687855
7979931	8.1072
7979943	8.738721
7979957	4.619091
7979959	3.988633
7979961	2.466639
7979963	5.587024
7979980	5.947518
7979982	6.061281
7979984	9.119604
7979999	4.439363
7980001	4.439653
7980003	6.270403
7980005	9.211382
7980024	4.672001
7980044	7.412845
7980051	6.586946
7980069	6.103903
7980080	6.679403
7980096	2.631314
7980098	6.372309
7980113	4.846807
7980115	6.84589
7980140	6.329694
7980142	5.743887
7980146	8.581942
7980152	6.424744
7980189	7.813391
7980213	4.329942
7980219	5.952587
7980233	6.957541
7980246	4.512229
7980265	5.226327
7980271	7.479735
7980296	7.788299
7980304	4.393422
7980306	4.377452
7980309	7.991041
7980316	5.072975
7980327	6.306009
7980338	7.500113
7980344	5.602959
7980350	3.47031
7980352	6.294206
7980358	5.496428
7980381	5.797954
7980390	5.302966
7980401	2.405186
7980403	6.398301
7980425	6.937574
7980438	5.386154
7980452	5.45885
7980454	5.725992
7980463	7.413663
7980477	5.080048
7980481	3.138026
7980485	7.359787
7980496	5.236397
7980523	7.84758
7980535	9.230706
7980537	5.247155
7980547	7.484665
7980574	2.634832
7980576	2.70234
7980578	2.242944
7980580	5.975816
7980603	3.797768
7980605	5.312912
7980616	6.07542
7980636	4.571145
7980680	6.644143
7980688	2.527641
7980690	5.928767
7980700	6.025216
7980702	6.017785
7980718	3.593638
7980720	5.747108
7980742	4.217037
7980744	5.951601
7980765	6.001573
7980773	6.457294
7980828	5.868526
7980833	7.84348
7980859	7.47118
7980861	5.776547
7980889	5.878426
7980891	9.593102
7980906	5.416327
7980908	5.618208
7980923	6.354806
7980940	6.109423
7980955	7.310985
7980958	8.991822
7980970	6.559435
7980983	7.864601
7980990	6.816605
7980998	6.885553
7981011	4.999467
7981013	5.869341
7981020	5.018594
7981032	7.08226
7981046	7.494787
7981051	6.039077
7981059	5.234697
7981065	5.013483
7981068	7.500036
7981078	6.266678
7981084	4.427176
7981098	4.775979
7981106	6.540027
7981111	7.814007
7981142	5.534664
7981157	5.085557
7981161	6.382705
7981181	6.659434
7981183	4.708241
7981190	3.140571
7981192	6.276552
7981215	6.6426
7981217	5.852959
7981233	5.341319
7981235	5.089762
7981237	3.591209
7981240	5.075155
7981242	5.982255
7981249	6.990051
7981266	7.49935
7981273	7.399477
7981278	8.680617
7981283	7.602565
7981288	4.806262
7981290	6.166895
7981309	6.097849
7981317	7.310894
7981320	6.203619
7981322	4.28745
7981324	2.803248
7981326	7.545661
7981333	9.60569
7981335	12.28805
7981346	5.673763
7981364	5.695611
7981373	3.519876
7981375	2.400608
7981377	7.626973
7981383	8.877687
7981385	4.466697
7981387	8.26938
7981425	6.687129
7981427	8.451767
7981439	6.47299
7981447	5.861576
7981460	8.561454
7981481	6.352618
7981488	7.743616
7981490	7.285218
7981494	7.85927
7981512	6.626938
7981514	7.00372
7981523	6.210584
7981525	6.843707
7981530	5.531915
7981538	6.228596
7981566	6.454613
7981573	6.705981
7981601	5.575423
7981708	5.438964
7981714	6.22256
7981718	5.406993
7981720	6.742391
7981722	8.734579
7981724	6.963127
7981726	2.74373
7981728	5.449647
7981730	7.659606
7981732	6.383362
7981737	7.878891
7981740	6.517303
7981742	7.037946
7981745	4.496448
7981748	2.621943
7981750	5.654387
7981752	6.195818
7981771	6.927135
7981773	5.650982
7981775	6.108036
7981777	5.610524
7981781	4.363001
7981783	2.71024
7981785	2.798934
7981787	5.329981
7981798	4.41811
7981824	8.548437
7981859	5.901463
7981872	9.175039
7981874	6.474055
7981893	6.927135
7981895	6.265881
7981909	7.158106
7981911	6.251957
7981917	6.06727
7981919	5.589163
7981943	3.490269
7981945	2.877898
7981947	4.399272
7981949	5.865727
7981951	5.93163
7981953	8.474893
7981955	5.888216
7981958	7.112865
7981960	3.15225
7981962	7.112865
7981964	7.918345
7981966	8.474893
7981968	3.158802
7981970	3.622274
7981972	3.541528
7981974	2.770828
7981976	7.25804
7981978	8.826088
7981980	2.089907
7981982	8.239594
7981984	2.119124
7981986	8.239594
7981988	6.815914
7981990	3.752723
7981992	2.480301
7981994	3.195693
7981996	7.071655
7981998	4.431014
7982000	3.638872
7982002	3.31697
7982004	3.525407
7982006	4.335555
7982008	3.135032
7982010	2.590291
7982012	2.315438
7982014	1.88098
7982016	3.356589
7982018	3.400903
7982020	2.961385
7982022	2.421869
7982024	3.356589
7982026	2.162715
7982028	3.416326
7982030	3.356589
7982032	3.135032
7982034	2.324304
7982036	2.810836
7982038	3.135032
7982040	2.498329
7982042	2.498329
7982044	2.498329
7982046	3.090416
7982048	2.363998
7982050	3.242761
7982052	2.134899
7982054	4.464904
7982056	3.001422
7982058	3.408892
7982060	2.608065
7982062	2.312631
7982064	3.416326
7982066	2.555904
7982068	2.802036
7982070	3.140379
7982072	2.672022
7982074	2.492928
7982076	2.370656
7982078	3.416326
7982080	2.231129
7982082	2.427886
7982084	3.978217
7982086	2.335482
7982088	2.205626
7982090	3.435199
7982092	3.416326
7982094	3.304568
7982096	2.795446
7982098	4.399272
7982100	3.740191
7982102	5.751394
7982117	3.440119
7982127	5.039473
7982129	9.762949
7982131	6.158781
7982152	6.725989
7982154	6.451081
7982185	6.503475
7982187	5.255694
7982204	8.307912
7982206	6.298643
7982228	10.02865
7982230	5.66635
7982248	4.684535
7982250	10.02865
7982252	3.853178
7982254	5.614342
7982256	6.375144
7982267	9.810579
7982269	4.425453
7982271	4.80235
7982282	11.07664
7982284	7.94117
7982287	4.888083
7982290	5.290293
7982292	3.047796
7982294	4.26596
7982299	6.137937
7982307	11.07664
7982309	4.739542
7982326	7.166147
7982333	4.693011
7982335	5.07135
7982337	4.690998
7982339	5.904593
7982341	5.764146
7982348	6.423634
7982350	6.700746
7982356	10.87801
7982358	4.338424
7982366	4.471766
7982375	4.043958
7982377	5.332736
7982388	2.642531
7982390	2.168064
7982392	4.962448
7982495	3.369248
7982497	5.042696
7982504	6.561899
7982507	8.439013
7982514	4.786174
7982516	5.352455
7982527	3.385897
7982529	7.272535
7982531	8.086512
7982533	3.350517
7982535	6.153337
7982550	4.683158
7982552	3.069281
7982564	5.601484
7982574	4.280974
7982587	6.611659
7982591	2.239423
7982593	3.64829
7982597	6.801085
7982620	5.124135
7982661	4.203696
7982663	4.816765
7982688	5.606372
7982703	6.653636
7982712	4.880731
7982723	6.3583
7982738	7.069173
7982745	6.669004
7982753	5.384772
7982757	4.392302
7982792	3.796941
7982805	7.211064
7982810	8.954064
7982812	6.766662
7982829	10.58748
7982845	7.644034
7982854	5.895793
7982868	10.39725
7982876	5.32573
7982878	11.16855
7982889	4.783143
7982904	7.302692
7982927	5.664701
7982938	6.641926
7982955	2.014115
7982957	4.985489
7982985	8.391975
7983021	6.871685
7983051	5.200126
7983054	6.049125
7983111	8.879219
7983123	5.484262
7983132	5.395359
7983143	4.980398
7983145	5.201196
7983157	5.613585
7983173	9.057813
7983189	2.344294
7983191	4.474087
7983206	5.113613
7983228	5.983277
7983239	6.719672
7983254	3.249386
7983256	6.719672
7983272	3.249386
7983274	9.098244
7983290	7.647235
7983298	6.914935
7983306	5.517064
7983321	7.556105
7983335	7.357327
7983350	5.5229
7983360	12.02457
7983365	5.843976
7983377	1.930834
7983379	4.053649
7983381	2.613721
7983391	2.683142
7983393	9.223676
7983405	11.36496
7983413	8.124744
7983447	5.075808
7983469	6.995626
7983478	10.59901
7983490	6.466733
7983500	4.118567
7983502	6.973646
7983512	8.370048
7983523	2.460951
7983527	5.402572
7983553	3.985255
7983564	5.107026
7983594	5.455339
7983606	6.727038
7983614	3.144011
7983616	5.539942
7983630	3.817952
7983638	3.144348
7983648	6.304935
7983650	5.056274
7983661	2.99832
7983663	6.765228
7983677	5.6308
7983679	5.947677
7983704	5.879836
7983718	3.172779
7983734	5.236292
7983744	10.64261
7983761	7.192921
7983763	8.650949
7983771	3.722581
7983773	4.780933
7983775	2.08888
7983777	3.346684
7983779	4.629558
7983811	4.894626
7983826	4.694441
7983828	3.893354
7983841	2.620274
7983843	7.056006
7983867	8.213486
7983890	9.971579
7983910	6.972255
7983922	3.292848
7983924	1.944103
7983926	2.076551
7983928	4.056278
7983938	7.102199
7983940	6.862599
7983951	4.928229
7983953	7.481423
7983969	4.661697
7983979	5.914117
7983985	5.072221
7983987	6.438573
7983989	3.143721
7983991	5.329151
7984001	11.25921
7984008	2.828083
7984011	6.418073
7984014	5.60569
7984016	6.355932
7984019	5.162658
7984077	2.180176
7984079	5.95659
7984103	6.521479
7984112	8.038711
7984124	5.593609
7984132	8.031788
7984152	5.413336
7984155	7.216443
7984174	6.406733
7984188	4.216587
7984190	7.441468
7984203	7.361549
7984213	3.41404
7984215	3.638754
7984217	7.663128
7984227	6.712662
7984245	5.905679
7984253	6.031744
7984255	2.700536
7984257	5.2938
7984259	5.000356
7984261	3.47109
7984263	6.299434
7984276	5.611095
7984289	10.10619
7984298	5.178575
7984317	2.634721
7984319	9.381397
7984330	4.43288
7984353	6.092401
7984364	10.31433
7984380	4.823337
7984405	5.313527
7984408	5.617518
7984436	7.088108
7984453	8.877791
7984470	8.582406
7984475	5.87043
7984488	4.340661
7984511	4.08802
7984517	7.683421
7984524	4.76561
7984538	6.229847
7984540	7.689478
7984562	10.01091
7984567	3.003881
7984569	5.23212
7984588	6.281858
7984606	6.025046
7984620	8.989645
7984624	4.416091
7984626	6.142015
7984631	6.075247
7984635	3.21194
7984641	9.014661
7984660	8.219182
7984662	5.993707
7984684	6.452817
7984686	5.53844
7984704	6.90461
7984736	3.957762
7984743	6.298123
7984759	6.120504
7984771	7.054251
7984779	7.134139
7984799	7.021179
7984802	5.722589
7984813	5.001021
7984819	6.497086
7984843	6.608204
7984846	6.498815
7984862	6.904131
7984871	7.808541
7984892	6.575689
7984908	5.83243
7984914	5.310987
7984922	6.78504
7984932	6.064373
7984943	7.382992
7984952	8.253996
7984961	6.242177
7984983	6.452817
7984985	6.02193
7984987	6.452817
7984989	6.916533
7985001	5.672366
7985016	9.063152
7985023	6.476641
7985025	4.834822
7985030	7.558172
7985032	3.303752
7985034	6.004592
7985037	4.339802
7985039	6.86937
7985044	6.770752
7985053	6.009808
7985066	6.170315
7985080	6.11961
7985087	2.44974
7985089	6.836615
7985099	6.217356
7985117	5.934876
7985119	6.145263
7985130	4.859498
7985134	7.194704
7985147	11.18564
7985159	5.706556
7985166	8.277933
7985192	5.59245
7985200	4.468721
7985202	7.549203
7985213	3.78821
7985221	7.48418
7985224	6.868326
7985226	7.689961
7985233	5.950957
7985236	5.277003
7985238	5.097662
7985240	8.855026
7985248	5.068418
7985253	6.222404
7985257	5.431901
7985259	9.778398
7985266	6.777758
7985268	5.621298
7985285	5.592305
7985310	9.055044
7985317	5.474964
7985349	7.915283
7985352	5.01216
7985364	6.597942
7985398	4.282491
7985402	6.511518
7985409	7.834904
7985416	5.813113
7985418	6.603712
7985431	8.758021
7985442	6.466213
7985444	6.714584
7985450	7.834904
7985457	5.813113
7985459	6.603712
7985472	7.671803
7985480	2.930906
7985482	7.584445
7985488	7.008326
7985493	4.160691
7985507	6.102675
7985522	4.979603
7985553	2.213617
7985555	5.322861
7985560	5.045497
7985562	7.720308
7985569	6.467053
7985571	8.595739
7985577	5.695433
7985587	5.660619
7985605	6.847425
7985620	6.908154
7985636	5.49563
7985662	6.132969
7985688	5.813113
7985690	6.263542
7985695	9.117946
7985741	3.96364
7985752	3.588004
7985757	6.535825
7985765	4.175386
7985767	6.436306
7985777	7.497428
7985786	5.274987
7985809	9.920266
7985829	4.945493
7985871	4.438015
7985873	4.555813
7985898	4.397426
7985918	6.478813
7985920	7.670688
7985924	8.751679
7985932	4.218162
7985934	7.259512
7985959	5.12652
7985963	4.568899
7985981	5.036548
7985983	7.220123
7985997	6.281719
7985999	5.944715
7986001	8.886709
7986004	6.246104
7986010	9.191065
7986049	7.058116
7986068	4.111712
7986092	7.881773
7986110	6.358977
7986132	6.5137
7986160	7.256758
7986186	6.198241
7986195	4.121684
7986214	6.576891
7986229	4.888953
7986239	3.915428
7986246	7.147399
7986248	7.038861
7986250	9.192847
7986291	4.790468
7986293	5.598466
7986323	7.899473
7986327	8.532459
7986329	6.674304
7986336	5.900955
7986338	4.567245
7986340	4.075911
7986348	5.713216
7986350	7.724017
7986359	8.211266
7986383	6.974646
7986385	6.93929
7986394	6.261622
7986407	3.936946
7986411	7.675907
7986426	5.999927
7986428	5.653644
7986433	6.279088
7986442	5.916764
7986444	6.395351
7986446	10.75664
7986463	6.304279
7986501	3.751547
7986503	6.563408
7986509	6.349101
7986512	6.349101
7986515	6.380352
7986517	6.409718
7986520	6.460611
7986522	6.409718
7986525	6.380352
7986527	6.349101
7986530	3.966314
7986532	3.226593
7986534	4.664517
7986536	3.822122
7986541	7.654301
7986561	6.947867
7986563	3.372572
7986565	6.224888
7986567	5.868384
7986569	6.796973
7986598	4.322817
7986601	7.606096
7986603	3.659348
7986605	3.841833
7986627	3.033422
7986629	4.575531
7986633	5.868384
7986637	4.209593
7986639	5.296737
7986642	6.685996
7986661	6.725989
7986665	8.276011
7986675	5.280178
7986685	6.503475
7986687	5.986526
7986701	6.859737
7986736	4.365889
7986739	7.606096
7986741	4.460447
7986744	6.349997
7986755	6.03178
7986757	4.898238
7986763	3.538438
7986765	9.737024
7986767	4.444557
7986769	7.040329
7986789	5.198672
7986820	5.608629
7986822	6.758143
7986836	4.455371
7986838	6.166276
7986863	6.188292
7986922	6.158781
7986943	6.725989
7986945	9.71521
7986947	5.812557
7986960	5.585624
7986969	6.163884
7986975	3.988124
7986977	10.0771
7987010	5.562986
7987012	5.837185
7987025	4.425453
7987027	6.712908
7987046	10.87801
7987048	5.203449
7987066	3.600313
7987068	5.266492
7987097	6.806221
7987099	6.566765
7987110	5.614342
7987112	10.02865
7987114	5.439761
7987135	2.614112
7987137	10.87801
7987139	6.700746
7987145	7.72899
7987163	5.259987
7987165	5.6514
7987172	7.736828
7987180	7.970423
7987192	10.50888
7987225	8.006123
7987230	9.464688
7987248	6.63995
7987279	6.725151
7987308	2.096076
7987310	7.141665
7987315	4.605537
7987325	8.250908
7987361	5.015275
7987365	5.313545
7987369	4.481575
7987379	4.213223
7987381	6.922331
7987385	7.891367
7987403	5.409861
7987405	5.788404
7987426	3.236905
7987439	5.645154
7987449	8.545279
7987454	7.115887
7987464	2.099068
7987466	6.102355
7987468	2.506508
7987470	2.237297
7987472	6.577784
7987475	6.160697
7987511	7.244763
7987526	6.265905
7987534	2.315199
7987536	7.040916
7987554	6.103393
7987565	5.490651
7987572	11.19026
7987574	8.030541
7987584	6.063297
7987623	3.737868
7987634	5.411498
7987636	4.449742
7987642	6.357115
7987648	2.444367
7987650	6.396053
7987675	5.881859
7987701	6.834862
7987772	9.328371
7987780	4.851954
7987792	8.642994
7987815	6.374944
7987840	8.148202
7987869	7.879004
7987892	7.796542
7987916	6.527535
7987926	2.503565
7987928	6.487347
7987960	6.393753
7987981	5.108127
7988031	8.33937
7988033	5.822645
7988050	6.735724
7988064	5.505932
7988077	5.80959
7988082	6.272823
7988091	5.162026
7988093	6.41704
7988124	6.682697
7988132	6.045729
7988163	4.855522
7988175	1.92824
7988177	6.170114
7988206	1.92824
7988208	6.097193
7988212	5.412461
7988227	5.616348
7988245	6.856293
7988258	2.898826
7988260	4.296157
7988281	9.446717
7988283	7.283418
7988286	7.028836
7988327	6.397511
7988342	6.190095
7988344	5.331554
7988346	6.70854
7988348	2.798934
7988350	12.79091
7988380	8.374526
7988400	6.397347
7988410	4.525229
7988412	4.565578
7988414	7.072143
7988424	5.591713
7988426	5.049826
7988438	2.547658
7988440	3.405102
7988442	3.736295
7988444	5.070519
7988465	3.787195
7988467	4.346247
7988537	4.283109
7988563	4.026222
7988581	10.16061
7988601	4.017043
7988605	7.389243
7988623	5.762695
7988625	3.516494
7988644	4.75439
7988672	4.825831
7988685	6.194261
7988687	6.702505
7988703	2.847203
7988705	3.642273
7988713	5.686887
7988753	9.085182
7988763	5.814131
7988767	3.8665
7988789	5.207379
7988833	6.21393
7988838	6.297441
7988852	5.729563
7988859	6.701091
7988876	6.830879
7988921	4.721341
7988963	6.679673
7988970	10.6669
7988987	7.479567
7988990	3.66845
7989013	6.193457
7989023	7.881604
7989037	5.869322
7989055	4.224186
7989069	4.63672
7989073	4.957711
7989094	4.665232
7989126	4.855377
7989128	7.550635
7989130	4.831342
7989132	5.93599
7989144	4.155192
7989146	2.82844
7989157	4.160295
7989159	4.77728
7989193	5.242085
7989195	6.150437
7989197	2.714548
7989199	5.902977
7989216	4.00794
7989218	7.111335
7989220	4.120283
7989224	9.918963
7989243	5.290815
7989245	6.483377
7989249	6.139412
7989251	7.205305
7989253	7.634251
7989277	8.772004
7989307	5.033554
7989309	5.252595
7989311	4.261846
7989313	2.969448
7989315	6.992729
7989323	7.676688
7989335	10.44658
7989347	5.496558
7989365	6.760304
7989387	6.370781
7989473	7.409247
7989476	5.349874
7989487	6.607615
7989489	7.353662
7989491	6.639596
7989493	5.931247
7989501	6.235513
7989516	6.167791
7989596	8.104257
7989611	6.317446
7989617	4.878942
7989619	7.889731
7989628	5.373014
7989647	3.908777
7989657	4.194418
7989659	4.023092
7989661	7.27673
7989670	6.840947
7989680	6.753843
7989696	7.871618
7989708	6.043908
7989718	6.108343
7989725	7.162354
7989735	8.622862
7989750	4.680638
7989759	6.060746
7989768	4.561151
7989770	6.363927
7989785	6.037653
7989806	6.936683
7989832	2.355903
7989834	6.799828
7989849	6.471921
7989883	3.212989
7989885	5.236947
7989887	6.143312
7989915	5.731236
7989922	3.151261
7989924	5.893741
7989932	4.914516
7989937	5.643074
7989951	4.101917
7989953	6.966297
7989968	6.095089
7989975	6.52735
7989985	5.676236
7990020	7.242978
7990027	5.882951
7990029	6.69502
7990031	4.000269
7990033	8.674169
7990054	7.898044
7990078	4.366971
7990080	6.704264
7990086	5.752728
7990090	7.377468
7990092	6.329246
7990138	5.771119
7990151	8.992689
7990165	6.532152
7990191	6.227092
7990211	6.361955
7990227	4.035408
7990231	6.220201
7990244	5.893626
7990253	9.304811
7990269	7.743663
7990273	6.635537
7990283	5.915937
7990307	6.452817
7990309	6.738858
7990333	5.042512
7990345	8.434011
7990361	7.36217
7990377	2.94575
7990379	7.038606
7990391	10.4877
7990400	9.546401
7990417	10.21205
7990429	6.334984
7990436	9.560143
7990442	6.536503
7990452	7.418766
7990457	7.195485
7990487	7.199975
7990511	6.926749
7990528	4.848342
7990540	7.573919
7990545	4.828653
7990555	8.20134
7990564	3.927391
7990566	6.388226
7990582	5.852409
7990616	4.827469
7990618	7.158083
7990620	10.77047
7990632	5.209733
7990636	4.275089
7990643	5.210491
7990652	6.819515
7990654	6.920434
7990657	5.513375
7990672	2.261062
7990674	4.389273
7990683	5.143054
7990700	4.80325
7990712	6.22211
7990714	6.114901
7990729	6.973125
7990736	8.236318
7990755	2.199325
7990757	10.01129
7990774	5.712904
7990808	4.359518
7990810	4.535231
7990815	5.854184
7990818	4.526366
7990825	5.575329
7990827	5.50248
7990830	6.555648
7990839	6.765243
7990848	3.723155
7990873	5.815723
7990879	3.905682
7990892	4.115538
7990894	7.586565
7990898	8.716606
7990902	8.653834
7990914	6.466213
7990916	8.13096
7990922	8.293674
7990928	6.603712
7990941	5.813113
7990943	8.254809
7990949	8.725164
7990952	8.760619
7990963	6.466213
7990965	8.13096
7990971	4.244599
7990987	5.293103
7991017	5.578227
7991019	4.355912
7991034	6.206118
7991047	4.727726
7991049	5.889752
7991057	7.279381
7991070	6.073782
7991080	5.153437
7991086	2.257117
7991088	8.826024
7991104	8.380651
7991106	5.754387
7991110	8.121809
7991120	6.00938
7991126	6.550839
7991138	6.499631
7991143	7.285376
7991153	3.541667
7991155	2.629901
7991157	2.491708
7991159	8.756914
7991169	8.380651
7991171	2.903133
7991173	6.770155
7991182	3.040625
7991184	2.824229
7991186	4.970299
7991209	6.778962
7991214	5.498048
7991216	4.860381
7991224	6.721151
7991234	6.374398
7991246	5.583057
7991258	6.682118
7991283	11.88744
7991296	6.276685
7991313	6.661751
7991323	6.855507
7991332	7.246253
7991335	6.242157
7991357	6.855322
7991367	7.814454
7991374	8.778419
7991386	7.715313
7991395	4.855858
7991399	4.822645
7991401	6.597715
7991406	5.46925
7991425	3.985177
7991427	7.094198
7991451	7.086759
7991453	8.633178
7991459	6.707005
7991465	3.466373
7991467	2.765727
7991469	5.259016
7991478	6.485284
7991485	5.078166
7991501	1.69302
7991503	5.836698
7991512	5.620728
7991516	6.879379
7991540	5.658562
7991542	5.293972
7991546	8.667064
7991562	3.313232
7991564	2.010698
7991566	5.405716
7991577	5.684063
7991581	7.906306
7991587	6.129661
7991598	5.059018
7991602	7.265353
7991630	6.998502
7991638	3.147326
7991640	6.686629
7991661	6.91161
7991663	3.649018
7991665	3.385779
7991668	5.935182
7991695	6.835268
7991714	8.512596
7991722	8.109101
7991731	7.307493
7991735	6.341785
7991742	7.241012
7991750	2.464043
7991754	7.06524
7991758	6.952157
7991762	7.845352
7991766	7.845352
7991770	2.921723
7991772	7.644393
7991777	4.333127
7991779	7.064917
7991800	6.904656
7991809	7.244845
7991815	6.029875
7991828	7.304524
7991835	5.933918
7991837	7.163418
7991846	6.52836
7991860	6.516672
7991877	7.01556
7991893	8.115463
7991898	7.09071
7991904	6.554533
7991917	6.955762
7991927	6.417799
7991932	7.175997
7991939	6.784199
7991989	6.702951
7992010	6.623302
7992021	6.971551
7992032	6.559239
7992038	7.847331
7992043	7.269176
7992049	7.64732
7992071	7.44704
7992092	7.762078
7992121	6.12017
7992125	6.924003
7992140	6.803028
7992145	6.369998
7992147	6.277216
7992181	6.540456
7992191	7.25459
7992197	7.019413
7992205	7.047768
7992219	6.617155
7992255	7.832736
7992269	8.186759
7992271	6.510524
7992293	6.583129
7992302	6.832805
7992337	7.491709
7992347	7.666357
7992379	7.84539
7992388	7.708036
7992396	5.015135
7992402	5.970188
7992409	6.436505
7992414	6.31562
7992439	5.865053
7992447	6.561016
7992460	7.29343
7992463	8.613651
7992474	8.128941
7992516	5.973179
7992518	7.054029
7992529	7.070435
7992552	7.337059
7992568	6.517097
7992584	5.596138
7992594	5.832179
7992614	6.974508
7992632	6.923244
7992639	6.629577
7992646	11.57076
7992656	6.903091
7992670	8.058366
7992678	8.180768
7992682	5.967649
7992685	8.825133
7992692	8.303362
7992716	6.732777
7992722	6.876008
7992732	9.096866
7992737	7.457445
7992744	7.677217
7992756	4.246449
7992758	7.49623
7992775	6.895845
7992782	6.1351
7992789	8.29113
7992795	6.364783
7992811	6.873381
7992828	6.56742
7992843	8.057315
7992845	7.20576
7992854	6.910351
7992861	3.78804
7992863	5.561487
7992865	3.920105
7992867	6.074794
7992870	6.395162
7992877	5.458066
7992887	4.977789
7992889	5.19491
7992891	3.155034
7992893	3.795278
7992895	4.395153
7992897	5.070273
7992905	8.370455
7992917	5.312721
7992934	5.823083
7992954	5.480919
7992956	6.326382
7992967	9.770589
7992973	6.218271
7992987	8.051463
7992996	5.416467
7992998	7.218
7993017	7.305066
7993019	7.121553
7993024	6.563691
7993035	7.789193
7993054	6.122322
7993071	6.403457
7993083	3.951486
7993108	4.985574
7993110	3.870612
7993112	3.232642
7993114	6.026309
7993126	8.645489
7993146	5.108651
7993148	5.921015
7993157	4.035169
7993159	9.425076
7993165	7.242167
7993167	6.373922
7993179	2.349284
7993181	4.107174
7993183	2.234153
7993185	6.946639
7993195	6.384936
7993223	7.025519
7993248	6.264222
7993255	5.029165
7993257	2.849682
7993259	7.181062
7993265	6.43959
7993267	2.995903
7993274	5.926951
7993281	6.347853
7993296	7.298752
7993298	4.579824
7993310	6.335899
7993335	2.735317
7993337	5.52628
7993339	3.250236
7993341	6.054878
7993349	6.543061
7993359	6.544169
7993369	4.84183
7993371	8.095206
7993404	6.837933
7993433	8.468287
7993451	4.868338
7993453	5.342043
7993458	5.875932
7993467	6.438778
7993478	6.625361
7993511	8.095206
7993546	7.004156
7993580	7.627956
7993586	4.868338
7993588	5.603281
7993606	4.57346
7993608	6.155543
7993622	8.908302
7993624	7.937913
7993632	4.665973
7993638	10.31402
7993664	6.337316
7993680	6.461405
7993713	5.829593
7993726	6.07424
7993737	4.942905
7993754	4.891446
7993756	4.384108
7993774	4.0547
7993776	5.261726
7993798	3.536084
7993800	5.785472
7993807	10.27646
7993815	4.995346
7993821	6.452899
7993825	5.173335
7993831	4.277162
7993833	8.771754
7993846	5.164462
7993848	5.972898
7993872	7.915032
7993889	6.411474
7993898	5.289471
7993935	5.817256
7993946	6.698114
7993973	6.704076
7993999	8.934673
7994006	9.541227
7994026	8.945374
7994052	6.905262
7994058	9.326456
7994074	10.33405
7994091	3.202461
7994093	3.006898
7994095	6.094647
7994102	8.357396
7994109	5.39027
7994123	6.054596
7994131	5.880682
7994152	4.095142
7994161	7.577204
7994187	6.600497
7994216	5.730674
7994235	5.863331
7994237	5.775902
7994252	5.340842
7994260	6.200614
7994265	5.687079
7994267	6.733415
7994269	6.588888
7994280	7.605239
7994292	5.92247
7994308	8.213283
7994339	2.833541
7994341	5.159303
7994343	2.913023
7994345	7.389936
7994350	6.964888
7994353	7.249021
7994362	6.279378
7994371	7.712109
7994386	7.403489
7994415	8.260551
7994445	6.494238
7994463	5.285816
7994487	6.709882
7994506	7.478362
7994518	7.834015
7994535	6.657094
7994541	6.904727
7994559	8.092608
7994565	4.443982
7994570	5.711618
7994572	5.61576
7994576	5.407824
7994582	7.454717
7994603	6.025092
7994609	7.330215
7994615	5.039984
7994620	6.294507
7994637	7.302559
7994647	7.127797
7994655	6.725721
7994659	7.150383
7994675	6.388259
7994683	7.184673
7994692	7.327117
7994715	6.221164
7994730	6.489636
7994737	8.042783
7994756	8.741588
7994769	7.437765
7994781	7.367471
7994804	6.207737
7994813	5.700628
7994817	5.756288
7994824	1.861239
7994826	5.418417
7994858	7.427811
7994874	8.575689
7994889	7.49825
7994926	4.285798
7994928	7.014272
7994939	6.690266
7994961	7.510369
7994967	7.424714
7994981	7.0702
7994985	7.008147
7995007	6.690776
7995017	7.861285
7995030	5.617089
7995033	7.028868
7995040	6.557797
7995055	6.646512
7995069	8.461129
7995088	6.505612
7995096	6.063099
7995128	6.834637
7995161	6.504502
7995193	6.584024
7995206	7.201492
7995222	5.78918
7995237	4.561285
7995242	6.646137
7995252	7.268796
7995258	7.474073
7995263	7.865994
7995267	4.064377
7995275	4.363693
7995282	4.799902
7995292	7.484558
7995306	9.631377
7995308	7.59335
7995310	7.077089
7995312	2.370293
7995320	12.47731
7995322	9.912313
7995324	9.339318
7995326	8.935619
7995328	9.808884
7995330	11.98343
7995332	8.113619
7995334	9.025746
7995336	9.603464
7995338	9.902909
7995340	9.191226
7995342	10.11885
7995344	9.004347
7995346	7.500611
7995348	11.03708
7995350	11.22947
7995352	10.51321
7995354	4.48293
7995362	7.438836
7995377	7.149204
7995379	3.170726
7995382	7.813734
7995417	5.155931
7995419	5.73408
7995421	7.087306
7995438	5.439023
7995440	5.662035
7995442	3.849074
7995448	6.734128
7995456	4.849038
7995477	6.196375
7995479	5.54471
7995492	6.559377
7995525	6.941111
7995539	6.453795
7995552	7.708796
7995574	9.390518
7995580	6.140797
7995583	6.466156
7995627	6.558918
7995629	5.533743
7995631	7.858862
7995655	5.939631
7995668	6.973556
7995674	6.784273
7995681	5.76424
7995697	5.998147
7995712	5.713278
7995714	5.434313
7995729	5.651613
7995739	5.213655
7995755	6.51499
7995772	6.294735
7995776	7.541081
7995783	11.43679
7995787	10.39597
7995793	10.08281
7995797	9.881018
7995803	8.033356
7995806	9.3996
7995813	9.394375
7995820	8.157291
7995825	10.0826
7995829	8.349659
7995834	6.890983
7995838	11.33639
7995843	5.744381
7995866	4.72567
7995868	6.397435
7995895	9.182385
7995907	5.294803
7995926	7.066627
7995976	6.865805
7995994	6.76428
7996012	6.096435
7996022	8.453195
7996027	7.623655
7996034	8.120765
7996041	7.508966
7996051	6.68723
7996064	5.99219
7996081	7.199396
7996100	6.567534
7996117	6.17925
7996137	6.477623
7996160	6.613046
7996164	6.840618
7996174	6.708498
7996185	6.817567
7996198	4.199616
7996211	5.250326
7996219	7.627142
7996239	6.551653
7996241	6.757416
7996252	2.973855
7996256	7.512703
7996258	3.640479
7996260	9.29251
7996264	5.724677
7996281	6.409925
7996286	5.547991
7996288	2.633549
7996290	5.960101
7996313	6.037426
7996318	7.231791
7996331	5.658961
7996341	4.303828
7996345	6.971045
7996361	5.117367
7996377	6.346352
7996393	7.812431
7996403	7.246592
7996423	6.846034
7996430	7.35974
7996448	7.703334
7996455	6.761196
7996468	6.803418
7996490	7.115015
7996498	5.231363
7996516	4.894811
7996546	4.090683
7996563	6.004122
7996569	5.968622
7996571	7.089545
7996593	7.931571
7996608	6.861968
7996647	6.28629
7996651	6.524724
7996654	4.990455
7996675	6.375632
7996677	8.557764
7996685	7.028993
7996715	6.364783
7996720	7.512841
7996725	5.39748
7996744	6.376533
7996759	5.391384
7996761	6.555218
7996772	6.326416
7996785	6.16169
7996805	3.131305
7996807	4.277349
7996819	6.067591
7996837	8.538928
7996860	5.486032
7996879	3.349189
7996883	6.315901
7996891	5.641172
7996908	7.543033
7996917	2.598571
7996919	6.916345
7996934	6.344486
7996943	5.21754
7996945	2.779357
7996947	6.348689
7996954	7.420155
7996976	7.821003
7997008	4.98897
7997010	5.860456
7997025	6.859789
7997032	6.611272
7997048	7.337193
7997059	6.008306
7997072	6.517635
7997099	7.538269
7997128	7.752951
7997135	6.731582
7997137	4.739839
7997139	6.075976
7997152	5.211795
7997158	8.277355
7997164	3.866004
7997166	2.895789
7997168	10.38502
7997179	6.240816
7997188	3.56229
7997192	4.579009
7997197	6.545779
7997226	3.902589
7997228	3.465786
7997230	8.22346
7997239	8.112532
7997245	7.366382
7997247	8.238894
7997257	5.160447
7997264	7.26586
7997272	10.76233
7997281	7.731817
7997289	3.537983
7997319	6.881453
7997321	7.02769
7997332	4.598401
7997336	5.839687
7997346	4.365729
7997352	6.540999
7997374	3.92746
7997381	5.132192
7997396	8.704054
7997401	5.269825
7997414	9.890782
7997427	8.446911
7997453	6.24507
7997489	12.26425
7997491	5.55086
7997498	6.182988
7997500	2.995007
7997502	4.865971
7997504	5.138492
7997520	7.872485
7997525	6.687118
7997533	8.297939
7997542	5.62143
7997556	5.556623
7997569	7.706218
7997582	6.580459
7997593	5.872168
7997626	7.424462
7997633	6.627095
7997642	5.463797
7997662	6.205506
7997676	6.619265
7997680	7.277929
7997702	7.40279
7997712	6.158076
7997724	5.79177
7997726	5.380204
7997731	5.394114
7997733	7.013947
7997735	6.420437
7997738	3.08586
7997740	9.749029
7997746	5.273369
7997755	6.830995
7997765	7.201158
7997767	7.131777
7997779	8.044955
7997801	7.536803
7997808	5.275418
7997810	6.59101
7997827	6.487938
7997829	5.387771
7997832	7.021185
7997839	5.470034
7997852	6.48151
7997861	3.842026
7997863	6.479483
7997875	5.994061
7997880	6.577135
7997896	5.457516
7997904	5.80334
7997907	5.18799
7997909	6.758786
7997933	6.09372
7997940	6.552888
7997942	6.519167
7997962	6.34248
7997976	5.191638
7997982	6.269185
7998002	6.475944
7998015	7.326362
7998033	8.732314
7998053	5.91387
7998055	6.612704
7998063	6.856639
7998072	6.76256
7998083	6.111051
7998103	7.030746
7998115	7.424056
7998117	6.213036
7998119	8.050301
7998129	7.005994
7998136	7.695387
7998157	6.581758
7998174	7.126493
7998190	6.332402
7998211	6.864377
7998222	7.282811
7998233	8.240311
7998249	5.164381
7998251	6.755286
7998265	9.083663
7998267	7.252307
7998280	6.727067
7998297	6.825147
7998307	6.489501
7998336	5.548234
7998351	7.959252
7998367	6.443114
7998374	7.123062
7998381	6.652285
7998392	5.587797
7998399	6.877821
7998405	8.341366
7998407	6.585287
7998414	6.94409
7998427	6.108545
7998434	6.540029
7998444	8.41674
7998449	7.07471
7998457	7.18758
7998466	7.273343
7998485	5.783186
7998494	6.647023
7998510	6.370283
7998538	6.499589
7998542	6.402595
7998577	7.327342
7998585	7.474525
7998590	8.459585
7998601	7.367103
7998604	7.785006
7998615	3.088225
7998629	6.74212
7998634	7.85871
7998637	7.945607
7998643	6.519892
7998655	9.392138
7998664	7.484413
7998666	6.794972
7998668	6.895824
7998679	6.968633
7998692	8.254441
7998700	6.450153
7998722	7.099009
7998724	6.277885
7998749	7.44543
7998759	6.861116
7998762	7.393462
7998774	7.704249
7998784	5.947581
7998817	6.788201
7998820	5.801748
7998825	8.658836
7998835	7.794875
7998843	12.13714
7998852	8.603391
7998861	6.725615
7998872	7.359106
7998878	11.54199
7998886	5.955737
7998898	5.361345
7998902	7.234886
7998910	8.959902
7998921	6.126627
7998927	5.381612
7998929	6.644407
7998931	6.505476
7998940	6.791733
7998952	4.591566
7998959	3.042358
7998961	2.573145
7998963	2.406934
7998965	5.304124
7998967	6.144789
7998978	5.393772
7998983	5.851576
7999008	7.023474
7999023	4.592477
7999025	6.934138
7999044	8.455464
7999079	7.964902
7999093	5.319444
7999102	5.740772
7999112	6.804494
7999120	6.899416
7999149	7.51346
7999160	7.011372
7999173	7.689842
7999177	6.107534
7999196	6.677147
7999206	5.412277
7999217	7.471504
7999233	7.846834
7999253	11.18521
7999279	6.46305
7999291	6.303321
7999304	6.827196
7999315	2.380049
7999317	6.320096
7999319	8.908905
7999326	8.501665
7999356	4.841119
7999360	7.800918
7999362	8.197126
7999364	5.430044
7999384	6.599082
7999387	10.33321
7999396	4.755269
7999404	2.976703
7999406	5.939547
7999408	2.378977
7999410	2.211032
7999412	5.150403
7999419	4.797633
7999423	7.025749
7999427	4.717269
7999431	6.840715
7999433	6.299744
7999435	5.91153
7999440	5.585242
7999447	6.074495
7999468	11.50488
7999476	6.417714
7999478	6.94704
7999496	6.524834
7999520	5.889205
7999532	8.095548
7999547	3.63467
7999550	5.872353
7999553	7.479397
7999560	2.968333
7999562	6.400709
7999588	4.307611
7999591	7.460118
7999594	4.868338
7999596	8.415047
7999598	6.40117
7999608	6.019772
7999614	6.441566
7999634	5.89597
7999642	8.104571
7999674	5.978025
7999718	5.737279
7999725	5.611253
7999727	5.882967
7999750	4.868338
7999752	5.75125
7999754	7.787376
7999766	7.62456
7999769	6.975901
7999791	8.095206
7999827	8.543836
7999834	10.31724
7999841	7.846542
7999884	5.520546
7999886	5.67806
7999889	7.359501
7999903	6.426086
7999909	6.595455
7999916	7.768445
7999920	4.96137
7999936	6.209225
7999952	4.479724
7999965	5.252266
7999981	5.329133
7999999	2.528194
8000001	3.434986
8000003	5.796047
8000013	5.783505
8000028	8.20062
8000034	5.037315
8000097	4.04863
8000117	8.384878
8000131	8.923079
8000156	8.947232
8000167	9.365714
8000184	5.9148
8000192	6.050249
8000200	4.555057
8000205	8.930793
8000217	10.01119
8000222	8.934673
8000229	3.883587
8000236	6.751854
8000244	6.536569
8000263	5.872909
8000284	6.902386
8000310	6.060275
8000323	5.956632
8000329	4.973442
8000346	6.318915
8000369	3.12051
8000371	5.621427
8000375	7.585753
8000399	4.455287
8000407	4.678642
8000409	8.279591
8000411	4.698278
8000413	6.061008
8000425	8.132425
8000465	4.163768
8000467	6.632097
8000480	5.063478
8000482	6.555945
8000501	8.14118
8000507	8.260551
8000537	8.238678
8000543	7.259569
8000567	6.651323
8000574	7.454825
8000582	5.094836
8000590	6.252954
8000600	6.89899
8000603	7.868783
8000614	2.529028
8000616	7.336621
8000632	6.709261
8000634	3.412182
8000636	7.950843
8000638	9.344446
8000649	5.404374
8000651	8.967247
8000676	8.923922
8000687	7.930638
8000690	5.404374
8000692	8.434704
8000702	6.191175
8000706	7.724222
8000716	6.283357
8000738	5.741024
8000746	5.466489
8000748	5.651613
8000757	5.999674
8000772	6.766067
8000779	6.117699
8000791	8.968819
8000799	7.625782
8000811	8.841133
8000823	8.787128
8000834	9.457472
8000848	8.008333
8000856	6.785855
8000869	5.678321
8000882	5.949585
8000884	7.433816
8000890	8.321159
8000897	7.059412
8000899	7.153519
8000903	7.752843
8000906	6.515758
8000910	6.570966
8000917	6.730483
8000924	6.347261
8000928	4.595334
8000930	4.752225
8000932	6.09607
8000941	6.39571
8000945	6.866404
8000948	7.189008
8000957	5.798502
8000963	6.721598
8000974	6.178457
8000978	6.520075
8000998	7.206066
8001007	10.65473
8001014	6.675009
8001030	7.252835
8001037	5.0892
8001041	6.969117
8001046	6.511133
8001048	6.775643
8001064	3.803541
8001067	6.029801
8001070	2.55205
8001072	4.799902
8001082	7.513815
8001099	6.198082
8001102	7.109794
8001104	6.805237
8001108	7.553913
8001111	7.615885
8001113	3.202931
8001131	3.037512
8001133	4.042981
8001147	8.203519
8001149	7.917665
8001163	6.092561
8001178	4.91358
8001185	7.623248
8001197	4.610172
8001211	8.569092
8001233	4.790909
8001235	4.122077
8001271	5.426608
8001306	7.429974
8001317	8.695016
8001325	2.755329
8001327	3.456334
8001329	4.906587
8001337	4.032261
8001348	5.614623
8001350	7.152284
8001371	4.56353
8001373	5.172842
8001385	3.443029
8001387	4.656539
8001394	5.668476
8001402	3.318499
8001410	6.945434
8001423	4.094601
8001449	7.287127
8001455	6.078288
8001457	9.197374
8001464	5.191694
8001477	7.097878
8001496	7.547445
8001507	5.839995
8001529	9.168351
8001531	12.44259
8001535	3.162853
8001537	6.641477
8001547	8.575315
8001552	6.018984
8001564	6.894498
8001576	6.826658
8001587	9.23702
8001615	6.387347
8001651	6.071203
8001656	3.874369
8001658	7.405976
8001666	7.472007
8001680	6.505915
8001682	4.993149
8001691	3.02415
8001693	10.63153
8001746	7.355844
8001748	8.169247
8001750	5.512256
8001764	7.496811
8001776	5.080996
8001780	3.019032
8001782	6.816681
8001784	4.65754
8001798	4.155192
8001800	4.635981
8001816	7.191553
8001818	6.550033
8001830	5.652839
8001841	7.948803
8001858	3.035135
8001876	4.785086
8001898	6.478699
8001918	5.386841
8001924	7.626513
8001932	6.20978
8001938	8.437895
8001946	6.579007
8001953	6.111927
8001971	6.623726
8001981	5.574946
8002005	4.791779
8002018	2.968394
8002020	6.442644
8002027	5.989672
8002029	5.554975
8002041	9.181466
8002051	6.654128
8002057	6.164258
8002072	7.167502
8002082	7.335654
8002087	7.842345
8002102	6.04267
8002104	6.015618
8002121	6.401233
8002133	6.662723
8002143	6.51005
8002152	6.341707
8002181	6.424262
8002194	6.722324
8002209	6.485394
8002211	5.646172
8002216	2.428263
8002218	7.646826
8002237	6.852735
8002245	6.87211
8002249	8.421475
8002260	3.739887
8002262	7.166503
8002264	2.447453
8002266	7.787829
8002270	7.472943
8002272	7.037951
8002283	5.063146
8002289	7.409149
8002301	4.6317
8002303	6.761606
8002312	5.445247
8002320	2.922215
8002322	8.227315
8002333	8.650101
8002342	5.175822
8002344	7.773479
8002347	6.389357
8002370	6.958368
8002379	6.596369
8002381	6.477469
8002403	6.139842
8002421	6.53178
8002444	5.653345
8002446	4.852068
8002470	5.412494
8002481	4.422971
8002492	4.659289
8002523	6.003691
8002533	5.317428
8002547	6.025278
8002556	4.468178
8002571	4.891101
8002590	5.355289
8002592	9.510093
8002618	5.768113
8002629	3.805564
8002660	6.354224
8002667	4.064208
8002692	6.849341
8002706	5.539269
8002711	7.511507
8002713	6.581829
8002729	7.515899
8002758	2.977677
8002760	3.97765
8002762	6.256004
8002778	5.455256
8002792	7.038775
8002802	7.138836
8002830	6.296338
8002845	7.264848
8002854	7.722328
8002865	6.466258
8002878	8.530791
8002882	6.328969
8002891	5.694586
8002897	5.756217
8002904	6.402446
8002919	7.114758
8002937	8.160436
8002939	6.495947
8002941	4.855537
8002967	4.087351
8002969	6.842737
8002975	5.891906
8002987	5.946796
8002992	5.134989
8002999	6.519167
8003007	5.35193
8003056	4.808433
8003060	6.401536
8003066	6.334456
8003068	5.468154
8003075	5.386311
8003077	5.58011
8003087	6.147201
8003089	7.458834
8003116	6.857886
8003125	5.816544
8003145	6.087105
8003149	6.003489
8003156	6.152317
8003158	7.17137
8003171	8.624331
8003180	7.103595
8003193	7.070116
8003204	4.748149
8003210	7.223608
8003217	5.919652
8003228	2.610932
8003230	5.952147
8003233	5.851435
8003243	6.45091
8003249	7.078806
8003263	6.087564
8003283	6.215013
8003298	8.606933
8003313	3.617137
8003318	4.74088
8003322	7.781556
8003332	7.227875
8003344	7.676711
8003348	6.331875
8003357	8.115464
8003401	7.004916
8003410	6.974924
8003425	6.397251
8003444	7.086046
8003448	7.419158
8003465	8.724056
8003467	8.682634
8003478	6.969578
8003484	6.67136
8003503	5.834283
8003553	5.22956
8003560	7.372698
8003566	4.525738
8003571	6.073349
8003576	3.653734
8003578	5.516692
8003583	6.243981
8003601	6.191175
8003605	4.764521
8003607	5.765345
8003611	6.258167
8003619	6.054431
8003621	6.954004
8003627	7.49764
8003633	6.700458
8003635	6.052714
8003639	6.387671
8003656	6.041922
8003667	5.278919
8003679	6.829458
8003700	7.383743
8003719	6.924013
8003722	5.355124
8003733	6.967826
8003758	7.994309
8003769	6.771142
8003771	7.069026
8003773	6.90051
8003800	6.789234
8003802	3.611474
8003804	4.087292
8003806	6.07092
8003808	5.777576
8003810	6.827625
8003812	5.782378
8003814	3.946849
8003824	6.518139
8003840	7.175178
8003844	5.112832
8003846	5.469378
8003848	3.079433
8003850	6.881789
8003857	6.671682
8003859	2.395242
8003861	7.110494
8003875	12.32079
8003892	7.582313
8003903	7.951233
8003922	5.952837
8003926	6.204578
8003939	6.470134
8003948	6.775469
8003953	7.984601
8003962	7.925556
8003991	7.472354
8004024	5.33531
8004030	7.155725
8004043	4.891511
8004057	8.451573
8004081	5.683261
8004086	4.336358
8004111	6.13
8004133	5.911637
8004144	6.882395
8004152	5.712823
8004165	2.271558
8004167	5.236891
8004175	6.469452
8004184	8.229514
8004195	5.578499
8004201	5.361604
8004221	10.86306
8004237	10.59108
8004241	8.264557
8004247	7.771502
8004255	5.830898
8004266	7.597722
8004271	8.909999
8004293	6.881566
8004309	7.334837
8004325	7.232059
8004331	7.405867
8004360	8.904466
8004364	5.61799
8004372	7.679958
8004385	6.347654
8004394	6.138655
8004400	6.062584
8004404	7.794357
8004408	7.543531
8004416	6.061172
8004428	7.72878
8004431	9.033374
8004464	7.473767
8004485	7.025934
8004497	8.299631
8004506	9.181463
8004508	7.430825
8004510	9.834881
8004521	8.863134
8004532	5.398908
8004534	6.012296
8004545	5.949954
8004556	6.562768
8004571	5.884541
8004580	5.135982
8004671	7.535293
8004691	6.215079
8004694	6.363204
8004699	7.415369
8004741	6.543797
8004763	6.500131
8004784	6.950422
8004802	6.534491
8004804	6.024178
8004832	5.48093
8004842	7.040178
8004859	2.143929
8004861	4.426752
8004867	10.13476
8004880	7.199471
8004889	4.961529
8004905	6.884303
8004922	5.148922
8004938	5.093769
8004940	4.207307
8004946	6.296127
8004948	5.91516
8004955	5.561777
8004957	5.268595
8005029	8.559385
8005043	3.970578
8005048	4.693638
8005064	5.38651
8005089	6.570305
8005097	5.871718
8005102	5.263299
8005104	4.431956
8005106	3.875211
8005110	5.012277
8005117	6.498521
8005132	6.890732
8005134	6.524446
8005141	6.683781
8005153	2.527248
8005155	4.910313
8005157	5.785733
8005166	11.87073
8005171	6.043917
8005191	7.87175
8005200	3.328556
8005202	3.834108
8005204	4.899904
8005221	3.147871
8005223	4.404778
8005225	5.145988
8005231	5.942779
8005233	3.383853
8005235	8.331424
8005243	5.842261
8005245	6.23499
8005247	6.82932
8005260	6.654495
8005265	3.863903
8005267	6.912637
8005289	5.467571
8005305	5.967623
8005313	5.549766
8005328	5.907801
8005397	2.774704
8005399	7.38505
8005407	6.361629
8005435	8.270126
8005441	7.321857
8005444	6.956817
8005446	6.55447
8005449	9.151782
8005458	9.033213
8005471	9.949594
8005473	6.049008
8005475	10.72891
8005483	8.673428
8005501	8.646685
8005510	4.516136
8005512	6.442191
8005529	6.410698
8005547	9.703052
8005549	5.987786
8005553	9.703052
8005555	6.453432
8005557	7.896786
8005574	6.040045
8005576	6.783015
8005586	5.213542
8005601	7.27869
8005603	5.43132
8005626	6.855
8005628	6.697949
8005630	2.870874
8005632	4.390052
8005634	2.879782
8005636	4.709757
8005638	8.588015
8005655	3.986518
8005657	5.76658
8005659	4.507639
8005661	9.362907
8005679	7.009127
8005683	3.225457
8005685	4.649358
8005687	6.145051
8005689	4.452253
8005695	6.97699
8005697	5.732687
8005699	6.39024
8005707	9.731731
8005726	7.866395
8005733	6.847955
8005736	10.95591
8005739	6.138049
8005743	4.857147
8005745	2.503724
8005747	4.85553
8005749	4.886646
8005751	6.339277
8005753	6.219726
8005755	2.851573
8005757	2.271017
8005759	2.360427
8005761	2.485567
8005763	2.001531
8005765	7.809135
8005777	6.635677
8005785	7.716135
8005809	6.329569
8005814	6.301219
8005829	4.728913
8005833	7.431109
8005836	5.47247
8005839	6.679197
8005847	7.813963
8005857	7.211444
8005865	6.092204
8005877	5.397189
8005879	6.130226
8005894	5.792527
8005903	7.650904
8005943	7.937665
8005951	4.255086
8005953	4.109461
8005955	4.092265
8005957	3.834412
8005959	6.167776
8005978	9.596201
8005992	2.001275
8005994	6.241556
8006005	6.20848
8006019	4.638338
8006030	7.739134
8006052	7.121497
8006063	6.399572
8006081	4.536602
8006083	2.925461
8006085	4.320969
8006112	5.685432
8006119	6.39706
8006121	4.88305
8006123	7.147347
8006148	7.104406
8006161	6.419341
8006170	6.672949
8006181	6.624382
8006183	8.258933
8006187	3.501519
8006214	6.025349
8006227	3.412303
8006229	7.036614
8006237	6.463668
8006239	7.447709
8006296	3.716239
8006298	7.269934
8006317	5.664253
8006321	6.600575
8006323	2.995987
8006325	8.531956
8006336	5.263464
8006345	9.458594
8006367	5.848718
8006377	9.082879
8006392	8.232059
8006409	6.729144
8006415	7.617773
8006423	5.493865
8006433	6.256427
8006440	4.11237
8006445	5.44314
8006453	3.673713
8006459	5.132179
8006466	6.309486
8006477	6.436052
8006479	5.070768
8006502	2.494596
8006504	5.582813
8006509	6.166805
8006531	9.405099
8006540	3.998022
8006542	6.751487
8006562	7.216664
8006569	7.23284
8006573	8.049711
8006590	4.069415
8006594	4.663047
8006602	4.71732
8006606	4.836733
8006608	5.439765
8006621	5.714651
8006627	6.354594
8006634	4.145877
8006638	7.30396
8006655	7.863351
8006668	6.168388
8006681	6.706532
8006690	6.493412
8006706	3.219404
8006715	5.660816
8006736	8.723273
8006744	2.62797
8006746	8.563543
8006762	8.160242
8006768	6.564081
8006779	6.926073
8006786	7.249036
8006788	8.205023
8006812	8.625881
8006820	10.16283
8006834	6.627394
8006836	4.526241
8006845	10.08763
8006850	7.059505
8006865	7.005901
8006877	7.812942
8006896	6.369105
8006900	6.099575
8006906	7.825569
8006940	9.097558
8006958	3.215863
8006968	6.304693
8006984	7.160849
8006999	7.950223
8007008	6.613204
8007023	7.394015
8007028	7.709134
8007043	7.179233
8007058	7.416013
8007069	7.464985
8007071	4.744848
8007084	7.068926
8007100	7.136841
8007108	3.761179
8007112	7.582083
8007115	7.844434
8007118	6.254102
8007123	5.293626
8007127	6.182477
8007130	5.76829
8007134	6.178011
8007141	10.98507
8007148	6.871041
8007152	7.574685
8007154	6.016422
8007169	3.569154
8007176	4.686141
8007188	7.752673
8007197	7.868722
8007208	5.112848
8007212	6.943325
8007228	7.147145
8007250	7.709748
8007259	8.481956
8007263	6.54395
8007272	7.164076
8007290	6.958695
8007302	6.907664
8007310	4.844631
8007312	5.933911
8007323	5.897262
8007348	5.843352
8007355	7.279971
8007363	6.38946
8007388	4.101011
8007397	7.613912
8007414	5.466081
8007420	4.522679
8007427	7.555432
8007429	3.991998
8007435	7.168928
8007441	8.923003
8007446	7.421427
8007454	5.532857
8007462	6.654502
8007471	9.430649
8007483	8.309214
8007493	7.923673
8007497	2.886555
8007499	2.587027
8007501	3.94417
8007503	3.731192
8007505	8.267304
8007530	4.074985
8007537	6.636024
8007548	7.525674
8007550	6.893901
8007561	6.902049
8007569	5.472903
8007584	6.56915
8007594	7.68456
8007603	2.625827
8007607	5.792075
8007620	10.54665
8007637	7.750553
8007641	7.583721
8007643	2.990885
8007651	5.407258
8007673	5.350628
8007675	6.516776
8007701	6.03138
8007707	5.697129
8007715	6.587954
8007730	6.632335
8007745	9.543918
8007750	7.075946
8007757	6.842093
8007790	6.630758
8007794	6.464057
8007797	8.034537
8007799	7.806245
8007803	6.26523
8007808	5.708631
8007826	7.636074
8007828	5.490903
8007846	5.720006
8007848	6.626881
8007850	9.451852
8007865	6.495597
8007867	9.502474
8007883	6.495597
8007885	9.775112
8007895	8.302995
8007902	3.583343
8007904	6.882319
8007917	6.847691
8007919	9.994083
8007921	5.017297
8007931	5.712364
8007949	3.622119
8007976	10.42835
8007990	8.31851
8007992	8.703406
8008016	7.475682
8008029	7.141482
8008038	4.822003
8008040	5.300842
8008049	4.209992
8008052	6.597249
8008064	6.226894
8008074	7.155631
8008087	7.206506
8008096	7.490485
8008110	6.570717
8008113	7.198368
8008130	4.495589
8008132	7.166008
8008139	7.809525
8008151	5.856846
8008170	3.84507
8008172	6.166332
8008185	6.383852
8008195	4.924153
8008201	7.174608
8008208	7.15471
8008213	7.491198
8008228	6.768343
8008237	6.302566
8008263	6.714634
8008277	6.803936
8008289	7.274779
8008297	6.240898
8008310	5.334478
8008321	6.17969
8008339	7.535781
8008350	5.126963
8008372	8.03436
8008388	6.59362
8008409	5.612975
8008454	6.467261
8008491	3.597218
8008493	7.078154
8008511	6.91168
8008517	6.465373
8008530	5.991246
8008540	4.401149
8008544	6.040444
8008547	5.217001
8008564	4.834691
8008566	4.199337
8008588	5.544836
8008596	3.630282
8008598	5.888948
8008609	5.227631
8008627	5.164404
8008629	5.106761
8008644	6.875369
8008646	7.560983
8008662	6.607521
8008664	6.095596
8008682	6.671798
8008700	6.589543
8008702	8.33457
8008706	7.975928
8008711	4.21765
8008716	7.047077
8008718	3.426529
8008723	5.614819
8008736	5.828077
8008754	4.698515
8008768	3.907329
8008778	2.893702
8008780	3.384808
8008782	4.232241
8008784	4.126016
8008795	4.403873
8008802	4.730066
8008817	2.442317
8008819	8.917713
8008825	6.426886
8008834	9.075649
8008868	6.014175
8008870	8.838202
8008885	9.427686
8008887	8.27757
8008900	6.440932
8008912	4.818621
8008914	4.21948
8008922	8.581127
8008933	7.043127
8008963	4.323202
8008965	7.181244
8008969	6.457509
8008980	5.778644
8008982	6.129916
8008991	2.787078
8008995	3.590147
8009006	3.695747
8009008	6.537932
8009014	7.835742
8009040	6.27182
8009073	2.340516
8009075	8.941644
8009094	6.300329
8009096	5.722298
8009145	5.859455
8009164	7.410357
8009176	6.507022
8009183	6.210398
8009205	7.917615
8009227	7.929846
8009241	8.006328
8009243	4.50584
8009253	5.193692
8009255	6.631218
8009275	4.726047
8009277	4.581899
8009299	4.057209
8009301	6.434001
8009322	6.586627
8009324	4.087587
8009326	5.049344
8009334	5.946311
8009343	5.431036
8009349	6.295852
8009351	5.128404
8009353	7.138624
8009366	5.04415
8009380	7.00988
8009382	7.498041
8009417	6.444216
8009430	7.506826
8009432	6.695641
8009443	5.847892
8009457	9.008018
8009474	2.234628
8009476	5.149378
8009491	2.797218
8009493	5.162802
8009502	5.601627
8009513	5.292523
8009515	2.900229
8009517	7.653636
8009524	5.526373
8009526	6.129329
8009533	6.309393
8009552	4.810629
8009561	8.945838
8009568	6.572625
8009585	6.108059
8009602	6.028071
8009631	7.664686
8009639	6.573272
8009653	6.709157
8009662	4.506269
8009666	6.062606
8009685	8.901994
8009693	6.463553
8009705	5.785886
8009713	6.756165
8009721	6.374461
8009727	5.783626
8009737	7.781153
8009746	6.446343
8009755	5.884058
8009759	2.675524
8009761	5.783639
8009784	7.04642
8009792	2.474805
8009794	2.228162
8009796	7.30851
8009832	6.824413
8009844	7.229216
8009873	6.755888
8009875	6.546728
8009913	5.597645
8009929	8.979202
8009932	7.570687
8009951	7.259813
8009995	6.283016
8010012	7.64612
8010017	7.955579
8010021	6.742556
8010030	6.630865
8010036	5.978875
8010050	8.971248
8010057	2.898855
8010059	3.821844
8010061	6.620056
8010071	6.47494
8010078	6.924463
8010080	3.266872
8010082	3.778968
8010084	7.166176
8010086	5.404967
8010092	7.690423
8010113	7.041513
8010137	6.858076
8010139	8.565044
8010161	7.664938
8010184	5.964721
8010186	5.144531
8010188	6.045184
8010210	3.303752
8010212	6.776104
8010237	7.364638
8010243	9.006356
8010248	6.493626
8010260	5.044139
8010271	6.696778
8010285	6.492337
8010287	6.101305
8010295	7.439144
8010313	6.708678
8010320	6.003325
8010328	5.55765
8010354	6.585697
8010379	7.182913
8010405	6.949048
8010426	8.934948
8010454	9.123058
8010499	6.515154
8010512	5.531764
8010550	6.645358
8010560	4.966997
8010562	8.257815
8010583	6.488709
8010590	6.190362
8010614	6.506618
8010622	3.161331
8010624	6.536046
8010629	6.791936
8010638	8.645588
8010664	7.548691
8010673	6.642197
8010686	5.596547
8010696	8.220128
8010702	7.326906
8010719	6.663056
8010737	6.833134
8010747	6.446741
8010766	6.846766
8010768	8.530867
8010770	9.933926
8010778	7.275385
8010780	5.385124
8010783	6.100041
8010785	3.572677
8010787	6.921884
8010804	7.596632
8010820	7.065797
8010832	6.114531
8010841	5.952147
8010848	7.032031
8010897	8.218742
8010901	7.247381
8010903	6.970347
8010915	6.889134
8010918	7.066484
8010924	6.829644
8010946	6.433037
8010949	7.697397
8010963	4.63375
8010967	7.669095
8010978	10.40617
8010983	7.001144
8011009	2.942873
8011011	8.662068
8011018	9.037454
8011027	8.395294
8011062	7.913177
8011077	7.815144
8011093	7.395554
8011110	6.071048
8011112	6.677377
8011114	6.929644
8011131	8.20601
8011141	7.439325
8011188	7.378616
8011193	6.979407
8011200	5.945493
8011212	7.777789
8011214	5.692657
8011218	6.372753
8011220	7.073224
8011222	6.654142
8011245	5.335465
8011262	7.61313
8011270	6.221006
8011275	5.186514
8011291	6.437885
8011293	6.828153
8011320	5.603685
8011322	5.249434
8011324	4.40518
8011328	5.776386
8011331	5.399985
8011337	5.610319
8011339	5.144803
8011341	3.472048
8011343	3.734414
8011354	5.952047
8011375	6.754502
8011396	7.399886
8011407	9.134505
8011415	6.445876
8011430	5.871718
8011462	7.292149
8011480	6.024186
8011499	5.262389
8011516	6.532345
8011542	6.993947
8011599	7.12183
8011626	10.17845
8011640	6.582235
8011671	7.114098
8011678	4.324818
8011680	6.324691
8011692	6.105187
8011713	8.311376
8011724	5.42455
8011732	5.243741
8011734	6.351898
8011747	7.216215
8011759	8.792275
8011765	6.558885
8011774	7.263974
8011797	6.084645
8011808	6.914294
8011817	4.779257
8011823	3.732739
8011826	3.860795
8011832	6.353262
8011850	6.297107
8011861	6.180067
8011875	7.893277
8011884	6.229556
8011912	6.594501
8011924	6.054322
8011945	6.879015
8011968	6.425657
8011975	6.364783
8011990	4.55731
8012000	5.537406
8012004	5.963468
8012006	6.077948
8012013	5.193423
8012028	6.153491
8012043	6.50468
8012054	4.774173
8012079	7.595613
8012099	8.384015
8012110	10.03619
8012116	8.33328
8012126	10.8899
8012138	2.859061
8012140	7.608959
8012150	7.862332
8012166	6.056682
8012197	6.506399
8012207	5.974463
8012212	6.622401
8012218	6.683408
8012220	6.958972
8012226	7.394042
8012247	6.433042
8012257	6.747655
8012270	4.464559
8012274	6.48009
8012282	6.174409
8012285	4.816354
8012304	7.00712
8012309	5.709201
8012326	5.523787
8012344	7.044801
8012349	8.617607
8012376	6.821091
8012383	6.231428
8012397	7.755533
8012403	7.029507
8012416	4.787863
8012423	6.587987
8012450	6.084884
8012464	5.542445
8012466	5.870906
8012469	6.29907
8012473	9.383529
8012475	5.706566
8012518	5.92445
8012520	5.190171
8012528	4.823867
8012535	6.690881
8012539	5.855812
8012558	6.368165
8012581	5.606649
8012591	5.561783
8012598	4.478902
8012605	6.947641
8012625	4.36212
8012663	3.472507
8012696	3.538336
8012726	3.461928
8012753	4.331568
8012787	5.422161
8012823	5.9647
8012830	5.425023
8012837	5.554111
8012839	2.852808
8012843	5.34582
8012852	3.573137
8012854	2.790904
8012856	6.156475
8012883	6.308726
8012887	6.556141
8012891	6.029108
8012893	4.255916
8012896	5.986363
8012906	3.881854
8012908	4.321289
8012918	4.754975
8012924	5.856005
8012928	2.787292
8012931	8.693751
8012949	8.132874
8012951	9.685479
8012953	10.99861
8012958	6.284446
8012961	7.37248
8013013	4.138966
8013015	6.260818
8013022	6.092565
8013026	4.275348
8013035	5.847952
8013042	10.07444
8013049	6.304852
8013061	8.136458
8013068	6.770838
8013071	6.989613
8013089	4.61876
8013094	6.179021
8013109	7.800793
8013112	7.448539
8013120	6.829848
8013131	5.527772
8013135	7.41533
8013157	8.062307
8013159	8.374507
8013177	2.626094
8013179	6.6671
8013191	8.28723
8013222	7.088024
8013243	5.545658
8013259	7.741784
8013262	6.246659
8013268	6.103029
8013272	5.208472
8013292	4.516136
8013294	6.194736
8013305	3.749596
8013307	10.57561
8013309	5.288209
8013312	6.124195
8013319	5.161613
8013323	9.703052
8013325	9.703052
8013327	6.453432
8013329	9.703052
8013331	5.622982
8013341	4.989609
8013348	9.193222
8013354	7.262782
8013356	3.506766
8013358	2.667799
8013360	2.107674
8013362	2.920582
8013364	5.300021
8013384	10.27097
8013399	5.269716
8013431	7.105769
8013448	2.283312
8013450	9.412616
8013465	8.383692
8013473	6.808578
8013479	6.001595
8013484	2.782782
8013486	8.292233
8013500	7.017742
8013509	7.287864
8013515	5.182613
8013517	2.657573
8013519	3.716741
8013521	7.750665
8013523	4.811145
8013525	2.689442
8013527	3.160406
8013529	5.044037
8013531	4.634822
8013533	6.33882
8013536	6.312378
8013567	3.187264
8013570	4.467154
8013572	2.263101
8013574	6.290454
8013581	5.842304
8013588	7.759573
8013602	4.972722
8013606	6.09112
8013616	6.201462
8013622	6.060359
8013633	7.182648
8013641	8.269192
8013660	8.147219
8013671	4.536182
8013696	7.038989
8013741	7.806111
8013747	6.677157
8013753	6.251243
8013771	5.931615
8013776	7.654657
8013784	2.645044
8013786	2.906916
8013788	7.080062
8013804	7.512367
8013812	6.736655
8013833	5.810402
8013858	5.995694
8013860	7.546336
8013906	9.638428
8013908	8.949462
8013915	6.29127
8013917	2.052312
8013919	6.853558
8013923	6.778078
8013947	5.975496
8013965	7.133972
8013987	6.794021
8013989	5.458469
8014008	5.084101
8014023	6.020358
8014025	3.825317
8014033	2.703555
8014035	5.956152
8014037	7.17
8014047	4.704599
8014057	3.089534
8014063	5.343901
8014066	3.911524
8014071	4.381876
8014073	6.744071
8014081	5.674329
8014100	3.585354
8014113	2.746044
8014115	9.032619
8014140	6.394936
8014142	6.021779
8014144	4.680432
8014158	5.53702
8014160	5.8198
8014167	5.585649
8014169	5.116859
8014172	3.954891
8014189	8.711134
8014197	3.634492
8014199	6.649217
8014214	6.034645
8014230	6.103418
8014233	5.283326
8014241	4.483265
8014248	5.046774
8014257	5.596773
8014259	2.98473
8014264	4.60313
8014269	6.965545
8014282	6.552528
8014298	4.554793
8014316	6.385124
8014326	5.182278
8014334	2.920065
8014342	4.162886
8014349	5.695795
8014361	4.188539
8014369	7.382679
8014376	8.532767
8014391	8.069214
8014397	8.464179
8014414	8.069214
8014420	8.512721
8014435	2.62797
8014437	8.542843
8014452	5.427423
8014454	5.669913
8014485	5.906202
8014487	6.922538
8014551	8.444296
8014574	7.13939
8014591	4.815945
8014603	8.593414
8014633	8.597115
8014648	2.62797
8014650	10.35848
8014664	7.802394
8014666	5.53476
8014679	6.605389
8014700	5.901875
8014702	5.231695
8014704	7.788735
8014706	7.241507
8014723	6.674542
8014738	7.340642
8014749	6.917682
8014755	7.238346
8014757	3.328414
8014768	5.788312
8014787	5.262959
8014794	8.281524
8014812	6.08764
8014825	7.916347
8014841	6.511188
8014861	2.490234
8014865	6.398382
8014871	6.573472
8014882	9.168419
8014891	5.562753
8014903	6.838204
8014916	7.436192
8014925	6.714018
8014954	2.388684
8014956	10.15814
8014969	6.973096
8014974	4.67924
8015016	6.84659
8015031	5.912752
8015037	4.498808
8015039	7.362045
8015049	3.567911
8015060	5.598159
8015070	4.22858
8015078	3.919413
8015087	4.773993
8015095	3.215605
8015104	5.561133
8015115	4.342029
8015124	4.755828
8015133	10.5699
8015144	4.206708
8015152	4.611788
8015163	3.012241
8015169	4.762942
8015173	5.158922
8015179	6.7442
8015187	7.185337
8015189	6.751861
8015196	7.122343
8015206	8.365233
8015208	8.389709
8015210	7.576498
8015214	7.745711
8015218	7.57642
8015221	7.509637
8015223	7.182008
8015230	7.400331
8015232	6.19104
8015236	7.08878
8015240	5.048631
8015242	7.067923
8015247	6.512605
8015252	6.495759
8015257	6.547396
8015262	6.351152
8015268	4.785655
8015273	5.712227
8015280	5.753002
8015287	5.112653
8015293	5.527269
8015301	5.653989
8015312	4.092959
8015323	13.76544
8015337	10.30018
8015349	11.54729
8015357	4.464067
8015366	7.174041
8015376	9.02038
8015387	10.13932
8015396	7.198739
8015410	7.279982
8015412	10.35336
8015432	6.233431
8015445	6.776888
8015456	5.830662
8015460	7.501894
8015490	7.183649
8015503	5.456676
8015511	6.42999
8015526	6.772914
8015545	8.848437
8015554	6.702279
8015572	6.12684
8015575	6.157618
8015590	6.907214
8015607	10.40832
8015635	6.081971
8015642	5.776382
8015655	8.744059
8015665	7.400095
8015681	6.944712
8015685	7.527237
8015706	6.420825
8015712	6.784552
8015715	7.465791
8015730	6.858799
8015735	5.695456
8015737	7.514348
8015739	3.599742
8015741	6.000114
8015757	5.010542
8015759	9.583403
8015769	4.856459
8015798	5.987771
8015802	2.006711
8015804	6.403448
8015806	5.789755
8015821	7.026026
8015827	6.525377
8015835	7.462609
8015846	6.578689
8015868	5.178461
8015884	4.860731
8015890	5.78422
8015900	6.637339
8015906	3.827705
8015908	7.903155
8015914	8.259492
8015944	3.735659
8015946	6.197371
8015955	6.819638
8015969	7.881976
8015991	5.634286
8016018	8.333149
8016033	6.526539
8016042	5.396803
8016044	6.133358
8016077	7.655751
8016086	6.69835
8016088	5.410448
8016094	5.998572
8016099	6.172453
8016128	6.691172
8016139	6.382721
8016147	5.902939
8016155	8.040002
8016159	6.903986
8016168	8.344481
8016187	5.136133
8016194	5.948287
8016213	7.505073
8016215	9.4268
8016232	7.703264
8016239	9.507586
8016245	9.900955
8016257	6.420042
8016259	7.435543
8016261	6.777814
8016263	6.086085
8016266	8.290077
8016283	2.32652
8016285	6.100166
8016300	5.964863
8016311	6.105187
8016320	8.854624
8016324	5.535273
8016336	6.806221
8016366	6.569838
8016371	6.478208
8016382	7.573681
8016387	6.524641
8016390	6.162708
8016400	6.680358
8016402	7.488341
8016412	4.50416
8016414	5.058551
8016429	6.087718
8016431	3.237306
8016433	5.743208
8016438	6.040166
8016444	6.366987
8016452	7.079409
8016455	3.282913
8016457	5.199975
8016463	5.779125
8016468	5.216276
8016473	5.829478
8016476	6.097989
8016482	6.53008
8016484	5.056092
8016487	5.710771
8016494	4.723351
8016504	7.528255
8016508	7.055786
8016519	7.034211
8016521	3.626013
8016523	5.67811
8016532	4.74889
8016540	5.641735
8016546	6.052551
8016552	6.861341
8016562	7.701949
8016578	6.929214
8016590	6.85884
8016600	6.452394
8016607	4.785497
8016609	5.599405
8016615	5.979981
8016628	6.888001
8016640	6.888245
8016646	7.482644
8016699	7.060807
8016708	7.726031
8016718	5.898456
8016725	6.074565
8016735	5.163825
8016739	11.04265
8016745	8.450671
8016787	7.643086
8016789	6.040798
8016806	6.209628
8016808	4.477903
8016825	4.787656
8016832	5.319537
8016841	3.293219
8016847	8.94237
8016858	6.781362
8016866	4.912974
8016868	5.703963
8016870	4.629001
8016878	7.541951
8016891	6.846209
8016898	8.698961
8016909	5.084749
8016932	5.307268
8016947	6.928713
8016980	4.237218
8016982	8.780959
8016994	7.628572
8017010	4.564853
8017019	7.011339
8017039	6.478254
8017057	4.151885
8017061	3.29452
8017096	5.543022
8017098	5.948369
8017100	4.98225
8017102	5.463432
8017104	4.128714
8017106	5.373733
8017133	7.959837
8017139	2.126405
8017141	3.624446
8017143	4.141169
8017148	2.271976
8017150	5.966427
8017162	6.554251
8017173	8.138488
8017186	5.766672
8017210	3.886674
8017212	6.985154
8017235	8.433073
8017251	3.485379
8017253	4.165079
8017257	3.386094
8017259	3.594429
8017262	4.295734
8017283	5.73505
8017310	2.300379
8017312	9.31061
8017344	6.597646
8017346	7.876123
8017361	4.591233
8017363	2.177833
8017365	4.42844
8017378	6.034194
8017391	2.840205
8017393	7.548765
8017402	6.592021
8017421	6.988404
8017437	6.249349
8017460	7.619543
8017476	7.046906
8017480	4.995362
8017488	6.524176
8017499	6.361659
8017505	4.611699
8017511	5.904892
8017521	6.092456
8017547	5.984722
8017555	7.869463
8017582	7.02765
8017597	4.33093
8017599	5.877566
8017619	2.580771
8017621	5.843124
8017634	9.815356
8017651	7.416081
8017671	8.847202
8017675	10.68701
8017688	9.277281
8017702	6.244481
8017704	3.528759
8017711	7.230775
8017718	5.917207
8017736	3.355438
8017766	3.335632
8017776	7.671151
8017810	6.143562
8017825	4.1562
8017827	4.700045
8017829	4.932916
8017831	6.129619
8017840	6.517324
8017843	6.05425
8017850	8.298413
8017867	5.922631
8017885	3.407134
8017927	4.153121
8017964	3.350813
8018006	4.375545
8018038	7.45002
8018078	2.462562
8018082	7.613245
8018093	5.287419
8018095	2.711894
8018097	7.33426
8018102	5.105372
8018107	7.349276
8018114	5.504139
8018156	4.346418
8018164	6.247086
8018169	5.602143
8018177	6.379547
8018184	4.648601
8018189	6.589224
8018196	6.034475
8018209	6.072649
8018220	6.761843
8018236	6.869832
8018251	6.384982
8018258	6.29177
8018264	6.887266
8018288	8.583298
8018295	2.772326
8018297	6.802249
8018305	8.095683
8018315	8.278044
8018324	7.296651
8018343	5.695203
8018352	5.337088
8018364	8.400232
8018377	6.016687
8018379	6.380855
8018400	7.312085
8018428	6.740678
8018439	10.68395
8018445	5.74502
8018449	7.304163
8018482	8.869416
8018494	7.115119
8018502	7.4915
8018511	6.70474
8018522	7.183274
8018558	8.604948
8018579	8.34685
8018600	7.617863
8018620	7.682878
8018646	6.949162
8018652	6.386429
8018673	5.145026
8018694	6.867207
8018708	5.548096
8018731	6.091298
8018754	6.569787
8018761	5.047408
8018774	6.608479
8018786	5.592122
8018791	5.256596
8018793	7.237695
8018803	7.820109
8018816	8.040442
8018818	4.427383
8018823	7.801859
8018849	7.182763
8018860	4.547153
8018864	8.040158
8018870	7.051713
8018872	6.752037
8018906	9.401548
8018908	4.521017
8018922	9.14535
8018935	5.590719
8018937	7.026308
8018966	10.93786
8018972	8.050537
8018975	8.831526
8018982	8.049348
8018993	6.697924
8019005	6.444725
8019010	7.234523
8019018	8.19229
8019031	6.841689
8019046	8.904047
8019061	7.827935
8019071	5.908533
8019074	6.013578
8019081	5.680365
8019083	6.987375
8019088	5.949223
8019090	6.728039
8019108	7.642678
8019136	6.883974
8019149	7.255301
8019170	7.022092
8019177	6.518631
8019181	7.335806
8019183	13.37625
8019194	7.271519
8019211	9.856762
8019231	6.682669
8019238	7.877686
8019243	6.059689
8019250	10.70642
8019263	8.590821
8019273	7.363449
8019280	7.554616
8019296	8.201314
8019308	8.732624
8019316	6.219098
8019331	7.242998
8019334	6.215937
8019347	6.171034
8019350	7.370295
8019357	8.247953
8019367	6.695534
8019376	7.277064
8019392	6.756741
8019437	6.510187
8019463	9.62374
8019478	8.550625
8019486	9.4004
8019494	6.038373
8019507	7.594228
8019517	4.53091
8019521	4.850636
8019523	8.991201
8019532	6.652369
8019541	7.995168
8019545	5.343331
8019559	6.296427
8019561	2.234383
8019563	4.267429
8019565	7.182008
8019570	5.18231
8019574	7.745711
8019576	7.576498
8019578	7.122343
8019585	6.751861
8019588	6.7442
8019593	5.158922
8019597	4.762942
8019599	3.012241
8019604	4.611788
8019614	4.206708
8019622	8.35167
8019631	10.70786
8019633	10.70786
8019635	10.70786
8019637	10.70786
8019639	10.70786
8019641	10.70786
8019643	6.784428
8019647	2.62797
8019649	7.802394
8019651	5.714651
8019655	8.558352
8019669	6.283843
8019687	5.523623
8019693	8.220128
8019699	6.038445
8019703	10.70786
8019705	10.70786
8019707	10.70786
8019709	10.5776
8019711	7.197057
8019716	8.582111
8019731	8.069214
8019737	6.37506
8019751	5.467868
8019754	6.720824
8019762	10.63196
8019765	8.564567
8019772	7.315432
8019778	7.548423
8019796	9.56534
8019798	8.231556
8019802	10.84818
8019804	4.890182
8019807	5.428263
8019828	3.983004
8019831	4.832416
8019842	3.715781
8019851	5.714277
8019857	3.478362
8019875	2.157618
8019877	9.678597
8019885	8.813666
8019908	5.748356
8019910	3.644114
8019912	6.814864
8019924	7.837169
8019930	9.638029
8019937	6.620583
8019939	6.790893
8019954	6.775409
8019958	2.671082
8019960	2.61344
8019962	6.026369
8019964	3.702837
8019988	5.808433
8020025	5.458513
8020027	6.583311
8020029	6.213531
8020037	5.454464
8020058	8.577284
8020068	7.610875
8020086	7.586029
8020088	5.462521
8020090	5.988827
8020100	8.217081
8020110	9.711002
8020123	4.794652
8020129	7.450273
8020139	9.171982
8020141	6.641589
8020149	6.866614
8020162	7.650136
8020164	5.375935
8020179	10.19797
8020183	7.922042
8020197	3.480832
8020209	2.612314
8020211	5.407248
8020220	8.375195
8020226	6.36508
8020239	3.146672
8020241	7.200652
8020252	2.391801
8020254	5.066398
8020267	5.758013
8020308	5.574035
8020321	5.422618
8020323	6.905625
8020339	4.997089
8020343	5.862696
8020347	5.58387
8020349	5.620692
8020352	5.434907
8020354	4.074876
8020357	2.495036
8020375	4.26209
8020377	4.149842
8020382	3.001634
8020384	4.27925
8020411	4.818775
8020419	5.414234
8020421	2.370464
8020423	6.842539
8020449	6.195478
8020451	4.763717
8020453	5.154971
8020455	6.758656
8020464	3.265039
8020466	2.534371
8020468	5.984111
8020491	5.879956
8020493	3.054256
8020495	8.074682
8020508	11.24605
8020527	8.494043
8020549	6.117532
8020551	5.222496
8020630	4.844572
8020647	5.826055
8020650	5.909825
8020653	5.301816
8020664	3.251941
8020666	3.332251
8020668	5.017068
8020682	2.37309
8020684	3.839251
8020691	2.907957
8020702	4.033659
8020717	4.408146
8020722	2.936891
8020724	3.066983
8020740	3.769333
8020760	5.337902
8020762	5.262603
8020779	5.405438
8020795	5.783173
8020802	2.493161
8020806	5.232957
8020814	5.915726
8020825	5.835097
8020827	4.101601
8020842	5.735733
8020844	4.000508
8020847	3.927748
8020878	7.973558
8020889	5.756435
8020898	6.055885
8020903	10.01383
8020919	4.025399
8020930	5.182328
8020955	5.09534
8020973	5.136535
8021001	3.995245
8021013	2.946757
8021015	7.592062
8021043	4.290054
8021045	5.28758
8021047	5.844098
8021058	5.447633
8021081	6.525271
8021091	5.672824
8021101	3.124218
8021113	9.248455
8021120	5.456269
8021129	5.962801
8021131	4.769764
8021147	2.50009
8021150	3.848098
8021152	4.375397
8021154	6.792981
8021169	5.465738
8021181	9.553469
8021183	9.717995
8021185	4.240707
8021187	2.831425
8021199	5.516438
8021208	6.139773
8021222	5.243657
8021228	6.63109
8021243	3.186417
8021245	4.925997
8021275	5.884566
8021286	3.233115
8021297	3.609122
8021301	7.385899
8021312	5.542977
8021342	4.566874
8021344	6.446606
8021349	3.617069
8021357	6.295766
8021363	6.214731
8021365	6.256402
8021368	5.360196
8021372	4.051081
8021374	4.458371
8021376	10.06697
8021416	2.348322
8021418	7.58669
8021440	4.972934
8021442	7.15364
8021453	6.254437
8021461	6.595293
8021468	6.075451
8021470	8.599859
8021478	5.984702
8021480	2.899925
8021482	3.253426
8021484	5.800268
8021496	7.651597
8021528	9.464347
8021540	3.028365
8021542	7.412004
8021546	5.905636
8021563	6.104221
8021565	8.293326
8021584	4.181805
8021594	3.303752
8021603	11.17233
8021614	7.760875
8021623	5.481516
8021635	10.52497
8021645	4.533808
8021653	7.777081
8021664	2.683554
8021666	2.696559
8021668	4.040338
8021683	2.272018
8021685	3.322413
8021695	4.283268
8021707	7.719645
8021712	7.366468
8021714	6.07221
8021716	4.395755
8021725	7.076612
8021727	9.140731
8021741	5.129866
8021756	5.970603
8021768	5.726438
8021774	6.303364
8021777	4.176883
8021783	5.731448
8021818	5.386868
8021824	3.095176
8021826	6.897837
8021832	6.261262
8021866	6.004602
8021884	8.025805
8021900	7.556899
8021905	6.094007
8021914	6.94753
8021919	6.924134
8021924	5.209129
8021946	5.291333
8021963	7.622014
8021966	5.800191
8021984	8.005407
8021993	4.585645
8021995	3.075026
8022007	5.242203
8022009	6.716342
8022020	3.53963
8022022	8.228255
8022043	7.309096
8022045	6.227459
8022085	6.191099
8022100	5.39346
8022102	2.228952
8022104	3.792145
8022106	4.724429
8022110	4.436642
8022118	5.89433
8022145	5.389601
8022168	3.609122
8022170	9.394352
8022176	5.554371
8022243	3.739188
8022245	3.015235
8022247	2.957551
8022249	4.377178
8022251	10.02291
8022275	2.700106
8022277	7.308421
8022279	3.935769
8022281	2.229986
8022283	3.692017
8022295	4.313685
8022310	5.21062
8022320	8.461287
8022326	6.887448
8022338	4.382729
8022340	3.271653
8022342	6.391731
8022356	7.441087
8022378	3.366983
8022380	4.888412
8022393	6.30254
8022404	5.92135
8022410	6.103307
8022412	4.062824
8022418	6.857558
8022420	4.633091
8022426	4.833395
8022428	4.389607
8022434	5.225142
8022436	2.442453
8022439	2.343672
8022441	4.600265
8022471	2.518836
8022473	6.613426
8022488	9.765198
8022498	2.762549
8022500	2.411097
8022502	4.890911
8022504	2.789411
8022506	6.612453
8022508	3.619454
8022514	5.450607
8022531	9.683903
8022557	6.92336
8022559	5.064482
8022570	4.587215
8022572	6.673728
8022606	5.949584
8022608	7.023993
8022610	5.731411
8022612	4.569228
8022623	7.143227
8022625	7.180734
8022640	4.772882
8022642	2.449963
8022644	2.369003
8022646	6.840879
8022653	5.751573
8022655	3.835383
8022666	4.022131
8022674	4.5526
8022692	4.121459
8022711	5.942343
8022728	3.729106
8022745	2.782928
8022747	4.108299
8022761	2.568037
8022763	2.321478
8022767	8.056211
8022799	5.429938
8022803	7.974727
8022814	9.311171
8022817	4.523291
8022831	2.850009
8022856	4.520301
8022870	4.617344
8022872	5.169599
8022882	7.002892
8022892	4.269445
8022902	6.192177
8022912	6.938495
8022914	5.812196
8022927	5.962083
8022941	7.697737
8022952	6.886356
8022970	5.16602
8022972	7.908696
8022974	3.570508
8022976	3.609256
8022986	5.027324
8022994	3.204615
8022996	7.995908
8023043	5.846784
8023059	6.574772
8023061	6.358733
8023063	7.388029
8023078	3.115251
8023080	5.278065
8023121	4.83797
8023133	6.407328
8023152	5.794691
8023154	5.829147
8023156	5.890549
8023159	4.677102
8023165	7.283759
8023175	7.762094
8023184	6.316968
8023187	2.59454
8023189	5.900864
8023191	5.824288
8023195	6.963938
8023212	6.496173
8023216	4.302894
8023218	5.582562
8023220	7.04102
8023228	6.193847
8023246	6.883429
8023252	4.852029
8023259	4.831526
8023261	6.105213
8023267	9.705515
8023308	6.847109
8023310	4.05498
8023312	4.998858
8023314	4.559083
8023323	7.978164
8023344	6.978108
8023361	4.063238
8023373	2.20916
8023375	3.534712
8023377	8.076106
8023380	4.673139
8023382	9.142797
8023392	7.538874
8023394	2.908205
8023401	3.682519
8023415	5.026472
8023437	4.216876
8023448	6.439318
8023450	7.075804
8023462	2.648952
8023466	5.674371
8023481	8.554886
8023497	8.892381
8023526	7.633194
8023528	4.271515
8023545	2.774661
8023549	7.255057
8023554	3.835363
8023561	6.088667
8023575	5.044159
8023591	4.66778
8023593	5.221149
8023596	4.934308
8023598	6.280319
8023605	5.675612
8023640	3.925167
8023642	2.283128
8023646	7.549534
8023656	7.980907
8023672	10.56495
8023688	6.38416
8023696	9.739611
8023703	3.80978
8023708	4.155191
8023710	3.385341
8023727	4.997001
8023735	4.959752
8023757	4.092869
8023766	4.458876
8023816	3.829814
8023822	5.585078
8023828	3.785509
8023843	4.018931
8023855	6.911105
8023862	7.672635
8023864	4.423034
8023868	5.762187
8023871	7.313296
8023876	4.422497
8023882	6.865496
8023889	7.778837
8023906	3.215249
8023908	3.304177
8023910	6.385564
8023914	8.95505
8023920	5.513525
8023926	4.92302
8023933	5.292299
8023935	3.407727
8023937	3.649018
8023939	5.61211
8023941	7.565503
8023948	7.665257
8023955	8.895181
8023968	8.364821
8023977	6.833548
8023984	7.218314
8023990	7.489035
8023995	6.868861
8024001	8.309162
8024003	7.716578
8024013	7.169369
8024019	8.181299
8024038	6.77515
8024048	7.556326
8024056	7.208758
8024062	9.536217
8024070	6.850209
8024078	7.235845
8024089	7.526543
8024100	7.00001
8024111	8.661465
8024120	7.130156
8024170	6.627384
8024194	9.015439
8024204	6.69577
8024219	7.684561
8024228	9.854638
8024238	8.678154
8024246	8.338038
8024250	7.187681
8024255	6.198928
8024273	7.054702
8024282	7.299287
8024299	8.294676
8024304	5.68334
8024306	6.362947
8024323	7.044978
8024331	7.818399
8024347	6.755457
8024356	6.923524
8024358	7.120049
8024373	6.492859
8024391	7.054396
8024420	7.971067
8024429	7.055785
8024436	10.01011
8024444	6.259255
8024446	7.026906
8024467	6.575716
8024485	9.968762
8024494	3.777246
8024497	8.390719
8024511	8.474263
8024518	9.854662
8024527	6.334456
8024532	6.897225
8024537	5.279585
8024557	6.85424
8024566	6.719776
8024572	10.08486
8024582	6.830036
8024584	7.140606
8024605	6.424837
8024623	7.102729
8024637	8.120919
8024655	8.517989
8024660	8.818127
8024676	5.827959
8024682	6.558287
8024687	10.64363
8024708	5.3469
8024712	6.505553
8024728	7.23624
8024740	7.094741
8024754	6.213078
8024768	7.220657
8024792	6.382782
8024798	6.561635
8024808	6.300195
8024816	6.210565
8024829	6.205319
8024843	7.376512
8024864	7.049568
8024882	5.576214
8024885	5.888509
8024888	5.5082
8024896	5.690689
8024898	6.793371
8024900	6.716218
8024909	7.515049
8024934	5.701262
8024936	8.325315
8024956	6.07372
8024966	7.556951
8024971	4.752337
8024995	7.892615
8025000	6.351418
8025004	8.822134
8025011	4.367201
8025028	7.483257
8025035	5.998089
8025041	8.137038
8025051	7.606696
8025053	7.593732
8025058	10.60783
8025076	8.198254
8025103	4.755355
8025124	5.518608
8025126	6.513486
8025129	5.303588
8025132	4.588461
8025142	8.732488
8025169	5.076252
8025179	7.848371
8025183	7.883497
8025199	8.212184
8025237	8.428258
8025255	8.377243
8025278	6.560462
8025285	6.80148
8025296	8.148273
8025301	5.396149
8025303	5.12093
8025321	8.011393
8025328	6.733884
8025347	6.018031
8025351	6.544014
8025368	7.145304
8025375	5.532094
8025382	7.003249
8025395	10.07105
8025402	7.157628
8025414	8.944493
8025421	7.836734
8025429	8.115469
8025450	6.277507
8025452	3.276879
8025456	5.190931
8025458	6.609126
8025470	4.264824
8025474	3.654703
8025476	4.154466
8025478	5.607188
8025488	5.430696
8025498	9.157842
8025500	8.62621
8025506	6.614076
8025515	6.138435
8025522	5.293675
8025551	7.092375
8025563	6.17369
8025584	3.605715
8025586	6.580693
8025601	9.560878
8025612	6.765713
8025621	7.05505
8025633	6.545043
8025659	7.713642
8025672	9.173963
8025697	6.829549
8025728	6.149182
8025741	9.274847
8025766	6.605524
8025783	7.100811
8025788	7.643899
8025826	7.032674
8025828	8.137921
8025850	6.077127
8025858	3.905683
8025868	5.758836
8025877	6.217634
8025888	6.742159
8025893	2.649862
8025895	8.3262
8025918	5.832073
8025927	7.701132
8025933	4.951638
8025945	5.892231
8025951	4.571348
8025958	7.201029
8025964	5.032299
8025968	6.811721
8025973	7.140026
8025978	5.148487
8025982	4.726987
8025984	7.078973
8025990	2.958377
8025992	5.405858
8025996	3.512084
8025998	6.122254
8026005	3.442753
8026007	6.989573
8026013	6.702048
8026024	7.765856
8026035	5.143736
8026047	11.21255
8026051	6.624618
8026063	5.596951
8026090	6.192914
8026106	9.12493
8026122	6.389728
8026133	5.66923
8026139	7.159476
8026155	7.578638
8026163	10.27579
8026170	6.571302
8026182	6.702755
8026193	7.956757
8026198	8.951049
8026212	6.983767
8026214	7.53365
8026217	7.327285
8026250	7.440577
8026265	6.287418
8026272	6.169877
8026292	6.520437
8026294	6.76927
8026298	5.956152
8026300	7.557458
8026315	7.164069
8026339	6.550547
8026341	8.313428
8026350	6.470148
8026361	8.40478
8026363	6.267081
8026365	5.301777
8026381	2.668642
8026383	4.659492
8026385	5.0466
8026388	5.338732
8026390	6.311137
8026398	4.215033
8026405	6.348519
8026407	6.107422
8026418	3.888976
8026420	5.392694
8026422	6.855335
8026424	5.993556
8026440	8.128794
8026442	5.403639
8026456	8.378291
8026468	6.398596
8026483	4.928299
8026486	3.749827
8026488	5.607005
8026490	7.521484
8026494	3.869966
8026496	5.479752
8026503	5.216152
8026513	10.07723
8026520	5.965984
8026533	6.850732
8026541	6.884587
8026548	6.068673
8026564	6.840696
8026568	5.833323
8026579	6.398644
8026587	5.452744
8026610	7.505154
8026631	6.18479
8026638	8.15103
8026679	6.370968
8026687	6.972109
8026696	4.588941
8026698	7.384264
8026712	6.234448
8026724	8.020087
8026729	8.871152
8026735	7.014176
8026751	7.460368
8026763	6.414214
8026780	6.529788
8026787	5.776004
8026806	7.043913
8026821	7.989191
8026830	6.044027
8026861	8.738333
8026868	9.911389
8026875	8.516356
8026877	5.853249
8026895	7.851731
8026900	6.044477
8026915	8.446893
8026926	7.282676
8026954	6.09073
8026971	8.125957
8026982	7.178795
8026989	6.526123
8026991	7.435853
8027002	8.933587
8027006	8.222189
8027018	7.179017
8027024	9.154394
8027032	7.443046
8027040	6.857591
8027049	6.011143
8027053	7.692283
8027074	7.949609
8027100	6.558301
8027117	6.430377
8027128	7.31123
8027139	7.119021
8027152	5.975071
8027167	2.329711
8027169	7.719656
8027184	7.381545
8027205	7.414417
8027213	7.64884
8027222	5.813031
8027233	8.086354
8027239	4.792939
8027241	5.483207
8027247	5.780903
8027254	5.252065
8027258	8.1648
8027260	6.070983
8027268	5.959765
8027272	5.079462
8027279	5.267851
8027285	5.731651
8027292	7.752509
8027297	5.883132
8027304	6.659835
8027312	5.303035
8027320	4.192841
8027323	4.130698
8027330	3.788049
8027332	2.800111
8027341	2.573216
8027343	7.303503
8027345	4.064833
8027348	4.090811
8027352	12.48705
8027354	6.062344
8027363	3.944444
8027368	6.516204
8027377	5.801318
8027381	7.147399
8027383	3.007922
8027385	7.312949
8027390	6.043479
8027398	8.592411
8027402	6.842753
8027414	6.223547
8027416	5.93276
8027431	4.412163
8027439	5.279479
8027448	4.125081
8027473	7.782821
8027480	4.398902
8027482	3.579078
8027510	6.419777
8027519	2.635419
8027521	5.431552
8027543	4.430676
8027556	6.615767
8027564	5.560427
8027566	6.212547
8027574	7.024331
8027584	6.006861
8027592	8.727707
8027604	7.852046
8027621	7.232312
8027642	5.305643
8027650	6.538397
8027665	7.472717
8027674	6.153796
8027685	5.265299
8027692	3.120052
8027701	7.164353
8027719	5.436795
8027728	6.710079
8027744	4.394318
8027746	6.215645
8027748	9.038543
8027760	7.450115
8027770	7.373466
8027778	7.551511
8027793	9.019939
8027805	8.736733
8027819	6.0224
8027824	5.554508
8027837	5.558962
8027854	7.027016
8027856	5.455286
8027860	5.236307
8027862	5.326362
8027864	5.428205
8027876	6.872753
8027884	13.33973
8027886	6.139442
8027908	7.268383
8027920	6.48362
8027932	8.143303
8027938	9.991256
8027947	6.515087
8027956	6.401537
8027996	8.966426
8028004	7.045129
8028016	6.448586
8028030	7.025119
8028058	6.074943
8028084	5.69703
8028102	7.058364
8028104	6.113971
8028112	5.433548
8028117	6.735558
8028119	5.659998
8028158	5.894645
8028162	7.707863
8028172	9.842401
8028186	5.485812
8028190	5.583374
8028192	6.229257
8028194	2.887411
8028200	3.756114
8028206	5.039603
8028213	4.147408
8028219	4.26669
8028227	5.300403
8028233	5.380651
8028241	4.345566
8028248	4.497945
8028254	4.685069
8028266	3.475961
8028275	2.02992
8028277	2.921293
8028279	2.655984
8028281	2.344294
8028283	2.76693
8028286	6.908399
8028309	5.489748
8028311	8.606887
8028323	6.151832
8028325	9.398203
8028332	8.409726
8028341	6.34158
8028380	7.48522
8028389	6.499373
8028397	8.06187
8028407	5.659647
8028514	7.538577
8028524	10.48994
8028546	7.557362
8028552	7.894425
8028563	5.618287
8028570	6.659274
8028583	8.383907
8028600	12.03304
8028607	6.709819
8028613	6.593251
8028624	8.808597
8028643	7.7376
8028645	7.880537
8028652	10.47486
8028656	7.98047
8028674	7.817817
8028705	7.07346
8028719	5.384391
8028730	6.967541
8028737	3.196849
8028742	3.761557
8028744	4.807548
8028750	4.185965
8028756	7.343162
8028770	3.435895
8028778	6.868038
8028789	2.368993
8028791	7.28337
8028806	5.771779
8028851	7.838709
8028872	6.945849
8028908	9.978168
8028916	6.508077
8028924	7.469261
8028930	8.042261
8028940	7.173522
8028950	6.096534
8028955	12.04218
8028963	9.497153
8028973	7.873013
8028984	5.420242
8028991	7.285358
8029006	5.980699
8029029	8.422379
8029050	7.451231
8029056	5.936425
8029065	7.683895
8029076	5.795594
8029086	11.70892
8029098	12.30828
8029107	7.294482
8029117	5.99416
8029129	8.011419
8029136	5.61496
8029147	6.855949
8029182	6.171119
8029188	6.119319
8029193	7.289888
8029214	4.678685
8029219	5.981873
8029236	6.344598
8029273	6.674902
8029280	7.610929
8029289	4.550761
8029299	6.50024
8029301	6.728126
8029306	5.990626
8029311	6.554885
8029318	5.220453
8029321	4.314382
8029331	3.617762
8029340	4.680164
8029347	3.996334
8029353	4.885392
8029360	5.080495
8029368	5.234787
8029377	5.068076
8029385	4.760684
8029392	5.443604
8029399	4.910942
8029413	4.77077
8029423	4.736844
8029435	2.794884
8029437	6.814548
8029446	6.351635
8029458	6.482053
8029465	8.135897
8029476	6.52831
8029489	5.899773
8029507	8.096665
8029521	6.786892
8029530	7.621817
8029536	5.927185
8029541	6.355633
8029547	4.678894
8029551	6.967343
8029560	8.425097
8029580	6.918832
8029592	6.39571
8029615	5.118855
8029617	6.005168
8029624	6.777437
8029640	8.126555
8029642	7.835382
8029669	3.192283
8029671	6.671453
8029688	6.174744
8029693	8.709556
8029701	6.298534
8029710	7.906732
8029726	5.53914
8029728	7.021037
8029744	6.787823
8029754	6.009932
8029759	7.492713
8029773	5.190068
8029779	6.305186
8029784	6.159227
8029814	6.455285
8029829	5.323524
8029831	8.559113
8029845	2.926612
8029847	6.898732
8029854	6.207771
8029856	5.649776
8029870	6.30919
8029884	7.760342
8029894	7.230078
8029907	7.131065
8029914	5.172935
8029918	6.939604
8029939	6.698282
8029950	6.585148
8029958	7.78713
8029969	9.114541
8029978	4.570234
8029988	4.158277
8029996	6.906371
8030002	4.199097
8030007	6.321418
8030015	6.586
8030022	6.21557
8030035	7.115596
8030044	6.288038
8030049	9.880091
8030064	7.315557
8030067	7.733004
8030076	4.681854
8030078	6.481091
8030092	6.430464
8030094	8.338349
8030105	5.43147
8030113	6.543991
8030128	10.49502
8030133	8.880188
8030148	6.605446
8030158	7.957581
8030171	10.63628
8030181	6.880493
8030187	6.825724
8030199	8.18329
8030212	6.679821
8030220	6.071862
8030251	8.184815
8030277	6.48009
8030292	6.316179
8030299	6.99827
8030321	7.134771
8030339	7.424685
8030351	10.59361
8030360	7.261766
8030362	11.34225
8030364	5.270099
8030366	8.475128
8030368	10.04923
8030374	7.679593
8030383	6.550109
8030391	6.879296
8030393	6.366157
8030403	7.280866
8030416	7.613301
8030429	5.900253
8030437	6.832421
8030448	5.839852
8030470	7.803424
8030498	8.426228
8030525	6.837942
8030539	7.42696
8030557	6.198705
8030563	4.419759
8030569	5.199801
8030578	5.632318
8030582	8.544271
8030630	7.385505
8030641	6.078095
8030671	6.202219
8030677	5.429455
8030706	8.106157
8030721	6.338002
8030731	2.884165
8030733	5.232482
8030736	6.626206
8030749	6.232461
8030753	5.979472
8030768	6.106774
8030782	6.441001
8030789	5.834452
8030796	4.463563
8030804	6.344859
8030813	3.546822
8030823	5.554132
8030831	3.680948
8030838	5.844866
8030840	3.047183
8030842	7.54769
8030844	5.884437
8030846	8.021879
8030848	6.207572
8030860	5.289029
8030866	4.276699
8030871	4.909952
8030879	2.669293
8030881	8.857285
8030899	6.130915
8030908	5.176249
8030914	5.524053
8030925	5.424667
8030931	5.52413
8030939	4.325729
8030944	2.45356
8030946	6.829308
8030950	6.809287
8030954	4.996511
8030964	6.749618
8030969	3.269364
8030972	3.789309
8030974	5.966702
8030978	5.752966
8030980	9.559919
8030982	7.915867
8030991	8.294479
8030993	6.267283
8030997	4.42946
8030999	6.228606
8031011	6.277181
8031013	3.608406
8031027	3.51652
8031029	2.968333
8031031	3.429823
8031035	2.655806
8031037	1.862699
8031039	1.905041
8031045	3.024899
8031047	5.642429
8031057	5.321018
8031076	5.621167
8031084	7.759301
8031090	6.922327
8031097	7.866689
8031102	6.108813
8031122	7.150304
8031145	6.771422
8031152	10.91629
8031157	6.742727
8031176	8.305729
8031196	6.814738
8031200	4.906839
8031207	5.019464
8031213	5.911637
8031223	5.700868
8031238	5.841798
8031253	5.642351
8031260	5.630311
8031277	5.485804
8031293	5.414504
8031297	5.204679
8031311	5.262746
8031328	5.331735
8031344	6.458394
8031346	5.463275
8031358	5.78389
8031374	6.024914
8031387	6.671061
8031398	6.634712
8031414	10.23301
8031439	4.786942
8031441	6.647758
8031466	7.054161
8031475	7.89654
8031483	6.749098
8031489	7.142893
8031495	7.506701
8031499	7.554685
8031511	7.508144
8031514	6.601853
8031516	7.095912
8031522	6.408432
8031526	6.543941
8031536	6.449364
8031550	8.298836
8031566	4.194815
8031568	7.156825
8031570	3.853495
8031573	3.675092
8031576	3.916879
8031586	4.49339
8031600	4.726887
8031617	7.41603
8031622	5.603138
8031629	7.139472
8031632	4.769657
8031640	4.318717
8031646	4.680164
8031650	3.886162
8031659	4.993776
8031669	4.417163
8031675	6.216997
8031680	2.048402
8031682	5.365014
8031684	2.191855
8031686	3.622933
8031690	7.525985
8031700	6.075349
8031712	5.449939
8031714	8.035674
8031720	5.270102
8031726	5.534881
8031732	5.237679
8031737	6.994152
8031744	5.394718
8031748	4.58959
8031750	5.963858
8031759	5.462821
8031762	5.041955
8031768	5.300018
8031778	5.000872
8031784	5.608297
8031792	5.856123
8031799	3.137302
8031807	5.287416
8031815	6.626873
8031821	6.87864
8031825	8.050228
8031827	7.178831
8031837	6.388093
8031840	2.943757
8031843	6.421202
8031847	6.67079
8031857	6.728999
8031865	7.591239
8031867	11.68969
8031871	7.381239
8031884	6.175484
8031893	6.318514
8031899	8.066056
8031906	5.047303
8031908	5.795902
8031913	8.867137
8031931	8.397418
8031933	7.955274
8031939	5.574321
8031949	6.338746
8031956	6.571992
8031962	6.964333
8031973	7.903548
8031981	7.59383
8031984	3.847192
8031990	6.239594
8031992	9.277683
8031997	7.424056
8031999	9.540292
8032009	6.894213
8032023	6.413814
8032034	7.184938
8032037	6.030893
8032051	8.10846
8032057	7.878521
8032070	6.380524
8032076	7.798449
8032088	7.443852
8032094	7.159577
8032106	8.103243
8032127	9.117886
8032137	7.865722
8032149	7.384717
8032157	7.893682
8032197	7.576082
8032208	6.266232
8032212	6.818833
8032214	7.506585
8032224	7.949579
8032232	6.20804
8032249	6.546495
8032265	7.408818
8032273	5.138389
8032275	6.455154
8032284	7.23582
8032290	7.477084
8032312	6.099567
8032347	6.994398
8032365	7.411378
8032371	8.579964
8032375	6.619
8032380	7.8003
8032392	9.576056
8032410	8.020236
8032418	8.796471
8032455	7.897944
8032465	8.0379
8032473	6.631848
8032478	6.326841
8032480	5.7377
8032484	6.381281
8032491	6.622739
8032507	3.358416
8032509	6.354832
8032518	7.410307
8032525	6.529276
8032530	9.716698
8032544	6.338784
8032553	7.679474
8032576	9.681452
8032588	6.658405
8032595	7.714694
8032601	6.912223
8032608	8.129318
8032623	6.317773
8032637	6.822077
8032650	8.412537
8032670	6.08286
8032682	6.600696
8032699	6.636355
8032718	7.795753
8032730	9.204107
8032749	3.706195
8032751	6.447663
8032755	9.098249
8032761	7.969915
8032770	6.918096
8032782	6.418021
8032789	8.557775
8032804	10.36209
8032815	7.70646
8032829	6.419557
8032834	8.497069
8032839	7.138116
8032863	7.951044
8032871	7.161125
8032899	8.946436
8032909	10.12197
8032922	6.901462
8032926	6.738695
8032965	7.72397
8032972	6.882216
8032974	8.611191
8032996	6.04823
8033002	6.317206
8033023	6.917942
8033025	7.287371
8033043	10.20756
8033054	10.72303
8033064	7.628098
8033069	7.754743
8033075	7.218554
8033097	6.606508
8033118	7.311547
8033135	7.495063
8033151	5.806993
8033159	6.414124
8033162	6.953265
8033179	5.941074
8033190	9.421141
8033207	6.135801
8033233	5.357642
8033241	6.207035
8033248	7.242877
8033257	7.120603
8033300	8.178313
8033319	6.929597
8033330	2.352445
8033332	4.749415
8033349	5.86416
8033352	5.717435
8033356	6.394433
8033359	6.394433
8033362	8.778734
8033385	7.24552
8033392	6.768793
8033414	7.475722
8033420	5.434637
8033433	6.170898
8033445	4.793683
8033455	8.309884
8033458	8.691754
8033460	4.891591
8033462	7.819623
8033465	7.04202
8033479	6.372065
8033487	5.968786
8033554	7.579254
8033564	6.923633
8033571	6.260221
8033587	6.678622
8033598	7.442627
8033605	6.159575
8033635	6.628572
8033662	7.737587
8033667	4.148851
8033674	5.839808
8033734	4.18027
8033736	3.737931
8033738	5.153317
8033740	5.957677
8033742	3.507569
8033744	5.669469
8033746	3.435738
8033754	7.41412
8033767	4.84142
8033780	9.906851
8033789	7.048592
8033795	6.377339
8033801	6.961858
8033809	4.647006
8033813	6.952675
8033818	6.563778
8033825	7.743036
8033892	6.657623
8033899	7.889739
8033912	5.971061
8033956	8.266818
8033960	6.893641
8033969	7.426125
8033987	5.434231
8033996	8.05404
8034021	7.904736
8034034	8.168468
8034043	7.611406
8034055	6.593407
8034075	7.820039
8034084	7.411366
8034097	5.087255
8034099	2.568867
8034101	6.464121
8034108	6.884535
8034122	3.253739
8034130	6.83795
8034151	6.2417
8034199	6.349577
8034202	6.424256
8034210	6.848754
8034217	5.529771
8034227	5.996727
8034249	6.012331
8034263	5.030489
8034276	7.312134
8034286	6.674725
8034297	6.196053
8034299	7.309418
8034304	6.160789
8034313	9.386009
8034315	7.131
8034320	6.430261
8034326	4.793605
8034330	3.227391
8034332	1.853755
8034334	5.321476
8034342	6.917992
8034344	4.339006
8034349	6.465994
8034370	5.207678
8034379	6.384362
8034390	6.171929
8034393	2.835505
8034395	3.171446
8034401	6.193748
8034408	6.548359
8034416	8.220668
8034420	6.608102
8034448	6.716272
8034454	6.058793
8034469	6.6861
8034482	6.767857
8034512	5.712613
8034514	9.571564
8034521	7.11603
8034544	6.199834
8034555	5.647572
8034565	6.747983
8034578	7.425615
8034583	5.525045
8034589	7.281302
8034605	7.569866
8034608	7.47414
8034615	6.403031
8034631	8.822176
8034643	4.82643
8034694	5.07197
8034696	6.865067
8034698	7.425053
8034700	6.672074
8034712	6.412584
8034722	7.008339
8034744	7.32062
8034747	6.892666
8034754	7.538857
8034762	7.930418
8034772	6.131874
8034783	6.488308
8034806	6.068919
8034821	7.728319
8034827	10.06642
8034837	12.46903
8034843	7.245455
8034851	6.066155
8034871	9.173388
8034873	7.13652
8034890	4.307609
8034892	2.876396
8034897	3.173182
8034899	3.969074
8034901	3.855361
8034905	3.500068
8034907	4.666256
8034920	6.788601
8034940	7.595735
8034974	9.556821
8034983	7.565102
8035007	7.477499
8035023	7.713707
8035040	5.728249
8035050	6.470686
8035069	5.866033
8035078	5.1072
8035080	5.155169
8035083	6.319545
8035095	9.041934
8035110	4.39303
8035120	7.027968
8035144	4.701626
8035146	4.213697
8035156	7.48893
8035175	7.916344
8035177	7.500993
8035187	6.655043
8035193	6.937459
8035201	6.780218
8035232	5.78653
8035236	5.139207
8035249	8.072212
8035254	6.305685
8035271	7.344037
8035278	8.643037
8035297	6.811031
8035304	7.060338
8035311	7.827493
8035315	6.346251
8035318	5.143851
8035345	6.220134
8035351	6.075126
8035380	6.085133
8035398	6.543121
8035408	7.141746
8035435	7.112486
8035445	8.911207
8035449	8.321275
8035456	6.714528
8035465	6.303419
8035477	7.335659
8035494	9.06458
8035506	8.379284
8035517	5.915122
8035539	6.365654
8035551	7.592117
8035553	7.734984
8035566	7.796695
8035579	2.876403
8035581	7.143922
8035600	6.121491
8035612	7.460321
8035628	5.780817
8035639	6.320337
8035646	9.100834
8035648	6.71473
8035666	6.958567
8035682	5.988249
8035684	5.651612
8035694	6.840391
8035703	7.665143
8035714	7.66608
8035737	6.672442
8035765	4.458261
8035773	7.462983
8035779	8.09371
8035782	6.442264
8035789	4.444697
8035793	7.849442
8035795	6.387354
8035801	7.315216
8035803	5.554114
8035808	6.891127
8035813	4.13049
8035819	2.692069
8035825	2.924959
8035829	9.477126
8035831	3.432303
8035836	2.979179
8035838	3.629823
8035842	8.392162
8035847	6.174352
8035855	4.545741
8035863	5.918138
8035865	3.727665
8035868	3.352946
8035880	5.776849
8035884	6.994766
8035886	6.886565
8035896	5.348813
8035901	2.229223
8035903	6.349131
8035905	6.83716
8035935	4.235911
8035937	4.282191
8035939	5.68804
8035941	6.387461
8035956	6.53081
8035958	5.621704
8035980	7.201056
8035993	7.31284
8036004	7.063648
8036010	7.530725
8036025	5.263042
8036027	4.587931
8036029	3.374769
8036031	7.096128
8036033	5.205456
8036038	4.367959
8036045	4.947926
8036055	5.4172
8036069	5.907441
8036072	5.229151
8036079	8.844494
8036103	7.062367
8036110	6.044203
8036133	7.077475
8036136	6.523897
8036143	5.744196
8036151	5.994005
8036155	5.914538
8036170	6.247349
8036172	7.173984
8036176	5.451225
8036207	7.220974
8036224	8.596088
8036232	6.05709
8036242	6.941291
8036252	7.005827
8036270	6.625487
8036276	5.225487
8036284	6.097993
8036291	3.950318
8036300	2.898108
8036302	4.500646
8036304	3.636908
8036309	4.603818
8036318	3.949175
8036324	6.850244
8036333	4.746561
8036341	5.217632
8036351	5.053693
8036357	5.816687
8036363	2.675401
8036365	4.888243
8036373	4.764898
8036389	6.510428
8036395	4.804729
8036403	5.951506
8036406	4.933928
8036416	3.511964
8036418	2.489563
8036420	5.388735
8036430	3.122099
8036436	3.723114
8036444	4.375494
8036451	4.864729
8036460	5.448028
8036473	6.076968
8036479	8.299157
8036483	6.414353
8036494	6.698985
8036503	5.378216
8036525	5.56494
8036563	6.714111
8036584	7.445485
8036589	2.230048
8036591	6.770819
8036602	7.731266
8036613	7.880342
8036622	6.237892
8036636	7.296397
8036656	6.150001
8036676	6.129609
8036686	7.827376
8036689	6.107748
8036699	6.914171
8036702	7.064038
8036707	5.93999
8036710	6.36814
8036720	8.997329
8036737	9.146601
8036744	5.238738
8036749	8.247206
8036755	3.799499
8036763	7.501635
8036777	6.405745
8036787	9.419491
8036808	9.234954
8036813	5.118459
8036820	4.562391
8036830	5.764338
8036835	6.877409
8036840	7.745783
8036862	6.29021
8036865	2.562858
8036867	6.576636
8036881	4.163192
8036883	6.324884
8036890	6.681625
8036902	8.829064
8036908	7.296568
8036913	8.097003
8036923	8.633944
8036936	5.906963
8036938	6.4127
8036954	2.589039
8036956	6.669716
8036969	8.640975
8036981	7.003241
8036989	8.141659
8036993	4.55717
8037001	4.883825
8037003	7.089186
8037005	6.434302
8037018	7.22956
8037023	5.834754
8037032	7.205329
8037037	7.127247
8037043	5.738882
8037045	6.507991
8037053	12.54156
8037061	5.880712
8037071	8.037304
8037079	5.224056
8037103	6.052739
8037123	6.66232
8037144	9.406391
8037152	8.271855
8037166	7.703402
8037170	7.521666
8037179	12.59126
8037186	6.937351
8037197	9.921389
8037205	11.03889
8037222	7.382636
8037231	3.061023
8037236	5.230933
8037240	4.36751
8037246	4.074655
8037251	5.185209
8037259	3.166056
8037267	3.338025
8037272	4.729153
8037283	7.141785
8037290	6.186441
8037298	5.384979
8037301	8.729521
8037309	6.4611
8037315	7.317295
8037322	8.542907
8037331	6.765387
8037352	6.48778
8037355	5.323211
8037363	6.636497
8037374	7.784095
8037387	7.827727
8037389	6.301087
8037408	6.063575
8037422	7.027039
8037430	4.236259
8037433	5.336024
8037444	4.412554
8037453	4.375023
8037459	4.175699
8037467	5.285445
8037474	6.422694
8037482	5.602006
8037495	7.068115
8037502	6.610987
8037505	7.056135
8037513	7.0611
8037525	5.347437
8037535	5.681908
8037537	6.187189
8037563	8.046449
8037579	6.878611
8037594	6.346398
8037608	6.810386
8037614	6.796303
8037621	6.559107
8037640	6.483686
8037642	7.005269
8037647	7.480374
8037651	7.042407
8037657	6.840189
8037679	6.740604
8037688	6.440795
8037695	6.386224
8037723	7.393686
8037728	6.924866
8037732	6.300858
8037737	6.645272
8037742	6.768926
8037750	4.581196
8037755	5.141863
8037760	2.370432
8037762	6.635159
8037767	5.922897
8037775	6.252674
8037785	6.505487
8037788	7.182824
8037794	8.036615
8037814	7.772114
8037816	7.35467
8037835	6.284873
8037847	8.053713
8037853	8.591476
8037856	7.40103
8037872	7.687866
8037878	6.179137
8037888	5.850826
8037898	5.728629
8037913	8.721376
8037931	5.760784
8037947	5.782267
8037949	4.326217
8037959	3.354033
8037962	5.618391
8037970	4.77179
8037991	6.271996
8038023	5.038681
8038029	5.761701
8038048	5.93336
8038069	5.94612
8038078	8.398706
8038086	11.1182
8038093	7.243311
8038109	8.107386
8038117	8.542562
8038126	7.168736
8038139	6.054696
8038150	7.361171
8038163	6.395527
8038177	5.137325
8038192	6.735806
8038200	6.029247
8038202	6.441264
8038213	5.39436
8038225	7.125913
8038246	4.927105
8038261	6.388062
8038278	7.329766
8038280	6.619288
8038288	6.227827
8038292	6.795387
8038299	6.375405
8038305	6.257403
8038309	5.523108
8038314	6.821321
8038319	5.670173
8038326	5.119762
8038343	6.813434
8038347	5.820231
8038362	7.629596
8038367	5.702333
8038382	6.769456
8038393	6.78895
8038395	8.157255
8038407	7.241375
8038416	7.505792
8038427	5.355904
8038441	3.375038
8038443	6.892217
8038458	7.234132
8038477	8.281065
8038487	6.608942
8038505	5.702137
8038515	7.722505
8038532	5.564552
8038540	6.968289
8038547	6.999204
8038556	6.014208
8038565	5.773092
8038571	7.417297
8038577	6.617752
8038584	6.247822
8038587	5.680312
8038598	6.179887
8038624	5.698003
8038633	6.599055
8038643	5.950166
8038653	5.564245
8038655	5.600204
8038668	5.044768
8038670	6.491825
8038683	9.971153
8038695	8.612843
8038707	7.765271
8038716	7.107716
8038725	9.912061
8038735	9.643998
8038747	8.016622
8038760	9.662082
8038770	6.793483
8038782	7.556602
8038785	10.63143
8038792	7.283401
8038804	7.263855
8038809	7.164927
8038815	5.482358
8038824	6.458959
8038839	6.19467
8038852	6.689431
8038861	6.279641
8038874	4.798699
8038877	6.306914
8038885	6.114412
8038890	7.540101
8038899	6.351117
8038904	5.896007
8038913	4.968059
8038919	6.135039
8038925	3.97609
8038933	4.669134
8038942	4.964779
8038949	6.164972
8038952	4.327598
8038954	5.805595
8038960	2.382844
8038962	6.849511
8038967	8.375904
8038981	6.510846
8038989	5.421681
8038993	5.790178
8038998	4.940445
8039006	4.081035
8039010	9.193488
8039013	5.125951
8039017	5.386434
8039025	3.626028
8039034	6.922144
8039044	5.43469
8039054	3.50362
8039062	3.210165
8039068	8.645248
8039070	3.396265
8039075	2.645462
8039078	4.852883
8039084	2.307154
8039086	5.137632
8039090	6.67626
8039092	3.223263
8039094	2.283219
8039096	5.468191
8039109	5.300805
8039120	5.897837
8039131	6.958903
8039139	5.695091
8039144	9.202002
8039164	4.965908
8039166	7.906036
8039180	6.674917
8039196	6.320302
8039210	2.118464
8039212	6.416801
8039226	5.998045
8039236	5.31406
8039246	6.01392
8039257	6.51467
8039269	7.240505
8039273	8.744091
8039280	5.563751
8039294	8.360057
8039306	9.271155
8039316	7.745097
8039340	6.547991
8039353	5.327775
8039362	6.613335
8039378	6.417201
8039389	8.943626
8039409	7.015626
8039413	8.967665
8039440	7.75214
8039453	6.219161
8039462	6.86526
8039474	5.821411
8039477	7.589308
8039484	7.410974
8039491	6.664311
8039498	5.487106
8039504	7.456724
8039511	7.169151
8039520	6.657221
8039524	8.069163
8039526	6.175406
8039530	7.56456
8039533	5.125507
8039545	3.666364
8039557	3.905416
8039569	7.102094
8039574	5.110092
8039577	5.703683
8039584	2.543692
8039586	5.046815
8039593	5.427926
8039605	6.872511
8039607	5.849408
8039625	3.943913
8039635	3.813936
8039642	3.382665
8039645	4.854889
8039655	5.941718
8039664	5.129203
8039672	2.701716
8039674	5.529807
8039680	5.947397
8039687	8.072566
8039692	6.954558
8039695	7.087897
8039698	5.531636
8039706	5.296397
8039713	3.553557
8039719	6.828776
8039730	7.562152
8039740	4.886635
8039748	6.997062
8039759	7.010507
8039766	6.659225
8039769	5.891144
8039771	5.805647
8039779	6.460166
8039791	6.232372
8039796	10.20074
8039805	8.175374
8039809	6.534247
8039820	5.842696
8039829	5.098634
8039842	5.689405
8039859	5.275193
8039871	5.434798
8039884	5.741024
8039892	4.564576
8039896	5.82729
8039905	8.338386
8039909	7.2372
8039923	8.398458
8039928	4.388178
8039933	11.00201
8039937	7.150528
8039939	5.957793
8039947	5.793485
8039961	7.034813
8039975	3.598341
8039977	5.006979
8039996	5.26302
8040018	6.217033
8040034	5.89234
8040036	6.262785
8040045	7.231662
8040053	3.660694
8040068	2.516685
8040070	6.653668
8040073	4.557878
8040077	4.955256
8040080	7.787456
8040090	5.672786
8040101	7.722465
8040103	6.958306
8040111	3.836396
8040113	8.488153
8040142	5.991073
8040163	5.299945
8040171	2.478069
8040173	5.380952
8040190	10.11484
8040211	6.933426
8040221	5.049934
8040223	5.248039
8040231	6.069422
8040238	7.164038
8040247	3.835644
8040249	9.379749
8040265	7.014712
8040270	5.275515
8040278	6.807328
8040286	2.576566
8040288	3.174775
8040290	9.288559
8040292	5.076637
8040334	9.658823
8040338	13.67569
8040340	10.61788
8040362	6.574366
8040365	8.859243
8040372	4.465892
8040374	8.860807
8040386	6.369529
8040413	2.745767
8040415	5.565683
8040417	6.335853
8040419	5.521637
8040426	2.44506
8040428	3.970573
8040430	4.551734
8040440	5.062174
8040456	7.550139
8040458	4.925286
8040463	5.078245
8040467	3.419459
8040469	6.321041
8040473	9.027722
8040477	6.839918
8040479	7.188406
8040483	2.879416
8040488	4.143928
8040490	4.688922
8040503	6.653169
8040514	5.172842
8040516	5.445091
8040522	5.150006
8040528	2.455216
8040530	7.307588
8040541	4.407815
8040547	8.983872
8040549	5.053215
8040552	8.071418
8040576	3.837624
8040578	5.467795
8040587	5.457865
8040614	5.700293
8040618	9.261468
8040630	4.727632
8040632	6.163442
8040639	8.443192
8040655	5.664235
8040672	4.039752
8040690	5.807816
8040695	6.334419
8040698	7.455245
8040712	6.532107
8040725	5.394983
8040742	5.010447
8040753	7.52499
8040774	5.9978
8040792	6.425694
8040802	5.684639
8040815	5.772887
8040827	6.871173
8040831	6.778635
8040843	5.969814
8040889	4.696563
8040898	6.110726
8040908	7.717393
8040927	8.891212
8040949	7.284795
8040960	5.916805
8040980	4.130659
8040985	5.560117
8041000	6.492909
8041015	7.046091
8041027	7.254424
8041031	7.783968
8041048	10.71365
8041061	5.563089
8041122	10.78974
8041138	4.059269
8041149	5.580902
8041168	4.745992
8041170	5.329035
8041172	5.85097
8041179	7.796419
8041197	9.14787
8041204	7.484413
8041206	6.0467
8041212	5.313592
8041223	6.793836
8041225	7.21281
8041234	2.930186
8041236	7.572079
8041255	4.975583
8041257	6.272549
8041273	9.58699
8041281	9.846474
8041283	7.08141
8041360	5.651613
8041383	5.60651
8041420	4.835316
8041422	4.737213
8041445	3.136043
8041447	8.267407
8041467	4.314281
8041487	6.225304
8041495	5.082695
8041508	4.934898
8041519	3.679043
8041536	4.384199
8041540	3.878933
8041542	6.937665
8041553	5.193161
8041561	5.960223
8041568	3.091039
8041570	7.687773
8041582	7.172161
8041592	6.9409
8041617	6.177466
8041638	4.038333
8041640	5.275315
8041642	3.892583
8041644	4.659704
8041676	4.449997
8041696	5.655744
8041711	3.328742
8041713	9.074915
8041727	5.064995
8041745	5.175586
8041759	7.060997
8041763	7.754587
8041781	8.234778
8041804	5.114974
8041808	10.46632
8041813	7.735209
8041820	6.028558
8041826	8.82753
8041853	5.998557
8041867	4.80072
8041886	5.49467
8041888	4.19649
8041900	5.823569
8041902	6.703053
8041913	5.965167
8041937	6.760381
8041940	5.128065
8041957	3.931627
8041961	3.809353
8041967	6.710448
8041982	6.016791
8041987	3.647364
8041995	9.616604
8042038	5.989961
8042040	5.427928
8042052	7.46696
8042059	5.311809
8042062	3.836884
8042066	4.461308
8042079	4.965703
8042086	5.56902
8042107	7.422262
8042109	5.225378
8042111	3.354719
8042113	4.018651
8042115	4.757946
8042117	3.174899
8042119	7.434243
8042144	9.287671
8042157	4.038646
8042159	3.349551
8042161	8.089483
8042168	5.553596
8042195	7.49418
8042207	6.256807
8042211	8.094791
8042219	6.278634
8042223	4.537767
8042251	6.978048
8042257	7.468137
8042259	6.550642
8042270	9.128473
8042283	6.376115
8042291	9.370399
8042306	7.111599
8042308	4.868636
8042310	5.443918
8042324	3.873123
8042326	6.286038
8042333	5.589287
8042335	10.83225
8042337	11.13722
8042346	4.563483
8042356	8.430944
8042373	4.593745
8042381	5.368943
8042391	6.978518
8042402	4.915407
8042413	6.093986
8042416	5.475265
8042431	2.970582
8042439	4.897489
8042460	2.733408
8042462	3.33138
8042464	3.764202
8042466	2.741553
8042468	7.048435
8042487	7.673655
8042495	7.383058
8042501	3.155581
8042503	12.62196
8042513	7.689923
8042515	10.23066
8042519	7.27241
8042530	6.255284
8042532	7.624319
8042537	7.25314
8042556	4.451422
8042558	6.056228
8042566	6.256892
8042568	4.987205
8042574	7.982368
8042576	8.172232
8042588	5.457038
8042601	7.093691
8042637	5.495378
8042696	6.710975
8042701	7.420093
8042705	5.943254
8042720	7.839484
8042737	5.514407
8042761	5.603127
8042769	4.986398
8042772	7.81825
8042788	4.866707
8042801	4.982309
8042811	7.489195
8042825	6.082685
8042827	4.457845
8042830	6.008677
8042843	5.015729
8042859	6.646622
8042867	8.904675
8042874	5.650034
8042896	8.034893
8042905	6.560806
8042917	5.765467
8042925	6.299191
8042942	9.435293
8042953	6.371602
8042958	4.317505
8042960	2.139458
8042962	5.853353
8042970	4.334077
8042972	7.73152
8042974	2.335876
8042976	2.382458
8042978	3.560839
8042986	4.31768
8042993	5.053343
8043018	5.235777
8043020	2.878002
8043026	2.202999
8043028	4.241707
8043030	2.371174
8043032	6.172453
8043034	3.213731
8043036	4.029338
8043038	1.9836
8043040	3.56053
8043043	4.004001
8043055	5.343963
8043059	3.641183
8043071	3.21571
8043098	2.410864
8043100	9.095229
8043105	8.839881
8043114	5.920462
8043129	2.779902
8043131	6.113269
8043155	7.078158
8043157	6.515403
8043185	5.165931
8043187	9.389528
8043197	10.7761
8043203	7.378441
8043209	8.212461
8043218	6.312909
8043236	5.573502
8043244	6.26227
8043251	6.518748
8043276	8.837413
8043278	4.623099
8043283	7.814769
8043310	10.61238
8043320	5.02291
8043322	4.628555
8043324	7.458138
8043347	5.189902
8043349	5.079009
8043360	6.279026
8043363	9.348723
8043367	5.193106
8043375	8.665153
8043377	8.467994
8043379	2.480875
8043381	4.032412
8043393	5.953318
8043405	3.086211
8043407	6.125796
8043413	9.038456
8043423	4.395875
8043426	6.229691
8043429	4.66779
8043431	4.587357
8043433	7.604483
8043436	4.603594
8043438	7.725018
8043441	6.945778
8043443	6.933829
8043446	4.235019
8043449	6.394773
8043456	2.373132
8043459	6.432676
8043465	6.418012
8043468	5.090082
8043470	5.325409
8043474	8.361345
8043476	5.995979
8043478	4.830105
8043480	5.980081
8043482	4.834363
8043484	6.441203
8043487	2.652958
8043489	5.631332
8043491	7.080215
8043498	1.950936
8043500	2.930036
8043502	3.042392
8043504	13.24418
8043512	5.045419
8043522	9.129467
8043552	5.745691
8043564	7.005594
8043570	7.708631
8043572	4.603161
8043574	4.571458
8043581	3.476385
8043583	4.403323
8043585	7.39706
8043597	4.979605
8043602	4.858495
8043621	6.399417
8043630	6.629915
8043632	5.554349
8043639	5.812098
8043657	9.065316
8043666	6.821099
8043682	8.904288
8043685	6.960356
8043687	7.028992
8043697	10.23653
8043718	7.391743
8043725	6.118324
8043743	7.266632
8043745	5.75009
8043747	4.18857
8043782	5.010603
8043791	5.59486
8043820	5.559723
8043833	2.191346
8043835	2.735645
8043840	5.221028
8043848	7.032674
8043861	6.513538
8043890	5.132239
8043900	4.248217
8043902	4.805253
8043909	9.78473
8043932	6.13743
8043937	7.44091
8043945	7.808029
8043981	7.12289
8043993	4.646688
8043995	8.955873
8044008	7.426444
8044021	4.492692
8044035	3.926569
8044049	4.334979
8044067	5.285889
8044080	5.365524
8044094	5.615458
8044105	4.086936
8044107	2.767792
8044109	7.588145
8044111	5.190899
8044124	5.086742
8044127	6.109067
8044133	9.849851
8044143	3.81133
8044149	3.61192
8044154	6.126322
8044161	7.957208
8044189	7.012738
8044191	4.801055
8044204	3.299864
8044212	3.989193
8044225	3.265756
8044236	9.388546
8044258	8.254966
8044263	6.375858
8044278	3.798895
8044295	7.085888
8044301	8.251867
8044304	8.065104
8044333	7.436211
8044346	5.204615
8044351	9.24945
8044353	6.365171
8044375	7.595843
8044391	6.986879
8044415	7.097371
8044417	8.190413
8044440	6.527744
8044450	6.117743
8044462	6.491696
8044473	4.733935
8044491	5.841763
8044499	8.549964
8044512	5.07987
8044530	2.866598
8044532	3.905682
8044541	6.593845
8044548	9.244905
8044552	7.081431
8044563	5.554752
8044572	3.113505
8044574	11.29916
8044584	6.711865
8044605	5.892469
8044611	6.465343
8044613	6.307755
8044634	6.269955
8044640	7.084883
8044643	3.941482
8044649	7.585328
8044669	7.663771
8044682	7.489363
8044684	2.632776
8044686	11.27558
8044700	3.877331
8044731	5.254005
8044733	5.544894
8044735	2.425501
8044737	2.001602
8044739	2.162624
8044741	4.189383
8044743	2.168264
8044745	6.00251
8044760	6.650425
8044764	5.831319
8044766	7.000373
8044773	7.503505
8044791	5.809827
8044793	6.22497
8044804	6.886639
8044813	7.693616
8044818	3.335088
8044844	6.012189
8044849	4.910277
8044878	2.660507
8044880	2.997364
8044882	6.369543
8044909	2.670221
8044911	2.336941
8044913	2.485747
8044915	6.451488
8044917	2.45545
8044919	8.157588
8044927	6.723958
8044931	2.271047
8044933	5.260857
8044959	4.208911
8044961	5.904753
8044963	5.940018
8044965	7.178092
8044976	4.032343
8045005	2.857589
8045007	2.324892
8045009	6.195935
8045018	7.160569
8045028	2.94377
8045030	5.881433
8045075	5.539647
8045083	6.605355
8045086	5.448855
8045088	4.48802
8045090	6.431772
8045134	3.023435
8045136	7.816012
8045142	9.604535
8045146	7.106414
8045148	6.18607
8045151	2.493402
8045153	2.853756
8045155	2.470943
8045157	2.442102
8045159	2.617653
8045161	2.399926
8045163	2.304559
8045165	4.506354
8045167	4.953027
8045169	2.617521
8045171	6.939651
8045182	6.657788
8045198	6.751407
8045205	4.597514
8045208	7.550755
8045210	4.609161
8045216	5.923851
8045224	6.283887
8045229	6.377571
8045247	8.917437
8045257	3.885546
8045275	4.244308
8045277	2.018542
8045279	9.615879
8045281	2.60408
8045283	2.734386
8045285	1.917136
8045287	8.173708
8045289	6.300447
8045291	7.173818
8045301	6.475903
8045309	6.642713
8045319	5.361103
8045321	9.137794
8045323	7.244574
8045330	2.326161
8045332	7.807944
8045334	3.895582
8045336	4.76059
8045339	5.282409
8045341	3.521905
8045343	2.927843
8045345	6.313361
8045347	3.714384
8045349	6.63828
8045368	4.140107
8045381	7.592242
8045398	7.116894
8045423	4.203547
8045425	5.27909
8045453	3.764293
8045455	8.49078
8045470	4.311076
8045499	5.840743
8045514	6.159299
8045525	3.609122
8045527	3.641314
8045529	2.400345
8045531	2.112652
8045533	5.543421
8045535	5.185562
8045537	2.336921
8045539	9.503073
8045559	4.700324
8045561	2.191928
8045563	4.054762
8045577	2.240137
8045581	4.996765
8045583	2.390788
8045585	2.471421
8045587	7.460941
8045602	2.253194
8045604	5.339784
8045619	6.039411
8045637	5.207414
8045664	7.360925
8045674	5.0992
8045688	5.358809
8045695	5.42515
8045697	5.604662
8045736	4.682185
8045768	5.412743
8045776	3.196684
8045793	5.925325
8045795	5.881063
8045800	2.507443
8045802	2.518796
8045804	9.998197
8045806	2.26801
8045808	3.492924
8045810	2.141182
8045812	2.594627
8045814	5.855884
8045816	8.36521
8045835	10.01569
8045846	5.030738
8045848	4.766764
8045857	4.825249
8045860	7.150467
8045882	4.375262
8045887	7.291236
8045889	8.978624
8045919	9.917402
8045931	3.907628
8045933	5.879083
8045946	6.617774
8045962	5.402503
8045972	3.404828
8045974	4.52259
8046003	4.526625
8046012	2.978302
8046014	2.264843
8046016	2.580265
8046018	4.929169
8046020	3.181963
8046048	5.276731
8046060	2.134928
8046062	3.255385
8046078	4.103557
8046084	4.412972
8046086	7.911529
8046099	3.171612
8046116	4.22156
8046124	10.22283
8046147	4.672829
8046160	3.591759
8046169	5.622953
8046186	4.763769
8046199	4.44137
8046201	7.357924
8046213	4.602568
8046238	4.818763
8046276	7.310381
8046279	6.258931
8046281	2.188909
8046283	5.351395
8046306	7.199651
8046318	4.831329
8046333	6.009859
8046340	8.373053
8046346	6.946611
8046360	4.672923
8046373	6.366217
8046380	5.016926
8046408	6.486354
8046426	7.336504
8046428	5.057064
8046461	4.46067
8046488	4.064767
8046500	5.481277
8046502	4.63239
8046512	3.988617
8046515	10.80463
8046518	5.997804
8046520	3.580236
8046522	4.098212
8046524	6.809862
8046527	5.058502
8046530	5.800733
8046536	5.384345
8046542	6.629994
8046546	6.125249
8046553	2.43904
8046555	6.931355
8046560	5.079992
8046564	7.433575
8046573	6.048249
8046586	2.891075
8046588	2.758706
8046590	8.736347
8046604	5.732935
8046626	2.823508
8046628	4.255153
8046646	4.124338
8046680	6.573623
8046685	6.760706
8046695	5.024416
8046726	8.835095
8046746	5.123065
8046755	6.797086
8046757	3.42886
8046759	4.56931
8046788	3.447799
8046790	3.57077
8046792	3.203687
8046804	5.391105
8046815	4.667171
8046822	3.109196
8046824	2.878014
8046833	3.097574
8046836	3.116323
8046848	7.36861
8046861	7.71246
8046895	5.335502
8046906	8.078246
8046922	6.167881
8046975	4.602617
8046997	5.534801
8047006	3.701211
8047038	5.153865
8047059	8.47583
8047062	5.043437
8047069	6.6301
8047078	9.042075
8047086	4.528457
8047097	7.413885
8047125	3.307837
8047127	8.561005
8047159	6.320266
8047161	10.48707
8047172	2.344294
8047174	4.532029
8047187	4.099388
8047213	4.521568
8047215	3.569025
8047217	8.18736
8047223	6.089552
8047228	7.819227
8047241	5.964976
8047243	5.666561
8047248	4.226079
8047257	4.564917
8047262	5.457666
8047265	5.358839
8047272	8.769755
8047286	6.762192
8047288	3.282902
8047300	3.900783
8047337	2.487608
8047339	10.67952
8047356	5.575099
8047370	2.811312
8047372	5.427396
8047377	2.467311
8047379	7.571333
8047381	8.043815
8047401	6.816259
8047403	5.930979
8047419	6.086517
8047441	5.296099
8047443	7.220458
8047457	2.183065
8047459	3.248197
8047463	2.74877
8047465	2.202557
8047467	3.953032
8047485	2.435764
8047487	8.004293
8047492	4.47192
8047503	2.823835
8047505	4.599952
8047518	5.580495
8047536	3.475815
8047538	9.187552
8047555	2.568045
8047557	8.476522
8047559	1.999429
8047561	2.281689
8047563	4.453779
8047565	5.826954
8047577	4.857504
8047596	7.634717
8047606	6.70247
8047635	9.338059
8047641	5.727
8047659	5.603229
8047677	4.802712
8047690	2.603673
8047692	4.118273
8047702	3.515689
8047709	7.409418
8047736	8.22427
8047738	5.484057
8047763	4.300526
8047765	4.784955
8047767	2.490054
8047769	3.972848
8047771	6.1162
8047778	3.500798
8047780	4.393604
8047784	4.501302
8047788	4.312417
8047815	4.496834
8047829	3.917997
8047839	8.944387
8047852	3.384907
8047854	8.197746
8047865	6.908741
8047910	4.063474
8047926	5.407805
8047952	5.738913
8047963	4.649526
8047965	3.873019
8048014	6.361526
8048022	4.243344
8048024	3.184208
8048026	4.794631
8048071	4.147912
8048075	7.045936
8048077	2.253656
8048079	1.976048
8048081	5.777418
8048110	2.38377
8048112	4.29082
8048114	3.804248
8048116	7.979909
8048118	3.077644
8048120	7.531651
8048139	4.562656
8048141	5.081502
8048146	8.6166
8048171	5.552956
8048173	4.886163
8048175	5.724752
8048195	6.919494
8048205	6.849197
8048211	6.566207
8048227	5.443604
8048234	9.441511
8048249	5.705397
8048257	7.026979
8048272	5.997192
8048283	6.246864
8048304	7.860712
8048317	6.372709
8048319	5.126447
8048340	7.080132
8048350	4.578958
8048368	2.306147
8048370	5.41807
8048381	6.114456
8048411	5.784458
8048432	5.938979
8048445	7.066236
8048452	7.178975
8048460	7.780154
8048466	6.711133
8048468	7.466028
8048478	7.382313
8048489	6.396091
8048505	6.069907
8048518	7.177608
8048523	7.320197
8048541	7.191755
8048551	6.062029
8048595	6.605141
8048611	4.807987
8048628	6.906921
8048639	6.625981
8048647	6.470904
8048673	6.892016
8048699	5.885541
8048701	4.068389
8048703	6.09743
8048705	5.721845
8048707	4.845548
8048712	6.878864
8048715	2.72754
8048717	7.714875
8048723	3.573924
8048725	3.95068
8048733	8.413546
8048749	5.474126
8048752	5.179912
8048761	6.654606
8048763	5.625453
8048772	6.919452
8048782	5.866661
8048835	6.604223
8048847	9.785889
8048864	6.727578
8048870	3.628017
8048885	2.991029
8048887	3.345414
8048889	6.114112
8048896	2.934999
8048898	5.985697
8048926	6.469821
8048940	5.378087
8048976	5.481645
8048978	2.331117
8048980	10.20932
8048993	2.747499
8048995	7.133126
8049007	5.913976
8049016	8.246072
8049042	4.871445
8049044	5.207757
8049071	7.082135
8049075	7.401582
8049079	6.357798
8049083	6.461449
8049088	6.23568
8049097	6.171985
8049123	6.568041
8049128	6.697394
8049137	6.837183
8049152	5.989526
8049166	6.917788
8049180	7.051475
8049187	7.577256
8049195	8.039912
8049197	2.635052
8049199	6.76136
8049237	4.929774
8049239	7.529436
8049243	6.267474
8049246	6.42564
8049271	6.100904
8049297	8.342285
8049299	7.439973
8049301	4.379414
8049317	6.150972
8049349	6.668686
8049375	5.491228
8049394	4.84536
8049425	3.511499
8049435	6.95571
8049448	6.505458
8049471	4.969942
8049478	4.936976
8049487	8.960206
8049509	7.558294
8049512	8.449689
8049528	8.863743
8049530	9.356367
8049532	5.779592
8049534	6.621531
8049536	9.501705
8049538	8.901133
8049540	6.016789
8049542	4.530869
8049544	4.623413
8049552	3.963463
8049567	7.343255
8049574	8.316371
8049582	6.413168
8049598	7.083568
8049610	6.637114
8049620	6.615541
8049635	5.326646
8049655	2.989035
8049657	5.869327
8049665	2.952342
8049667	4.599277
8049670	7.403014
8049682	7.306731
8049684	6.534882
8049689	7.668047
8049702	6.006003
8049722	6.291755
8049729	7.61284
8049737	6.689224
8049752	6.665141
8049784	7.431313
8049799	6.540334
8049825	6.146274
8049827	8.388862
8049847	7.396433
8049876	7.688919
8049888	6.590072
8049906	5.886934
8049919	6.751181
8049934	6.577322
8049942	7.048259
8049950	7.120926
8049952	7.047688
8049957	4.850637
8049959	5.879331
8049961	3.842047
8049963	4.951595
8049965	7.621079
8049969	6.95385
8049990	7.617604
8049998	6.538543
8050007	6.034994
8050031	4.770726
8050060	5.717283
8050071	6.309317
8050079	6.676378
8050089	7.569576
8050093	5.768358
8050095	4.900642
8050102	7.618846
8050113	7.322736
8050115	4.424168
8050128	8.448936
8050160	8.797309
8050176	5.413951
8050190	7.116554
8050213	5.698003
8050215	9.739231
8050225	2.171041
8050227	5.332325
8050232	8.557561
8050236	3.548571
8050238	4.030706
8050240	8.404689
8050253	7.385401
8050255	5.095044
8050278	8.603939
8050293	5.280644
8050302	5.741202
8050336	5.219574
8050350	8.953054
8050352	6.353034
8050363	5.294216
8050365	2.337522
8050367	5.892316
8050423	5.812388
8050425	5.759716
8050427	7.493513
8050441	8.216048
8050443	4.497773
8050472	2.752266
8050474	5.959759
8050480	4.392491
8050495	3.113657
8050497	5.313134
8050503	3.71548
8050507	4.652335
8050537	4.623192
8050548	10.90701
8050557	9.919587
8050565	8.736329
8050591	5.236456
8050594	6.814252
8050608	5.375633
8050619	5.150979
8050654	2.112921
8050656	4.183681
8050658	5.415161
8050687	4.997301
8050689	4.798546
8050695	7.675911
8050702	8.208347
8050713	5.286184
8050719	8.30149
8050761	3.030171
8050763	6.794867
8050766	6.501542
8050790	5.589686
8050801	2.775764
8050803	2.843478
8050805	5.785636
8050813	6.672816
8050844	5.010861
8050846	7.18335
8050869	5.098272
8050873	2.958931
8050875	6.436289
8050894	5.935858
8050906	5.959339
8050908	7.617872
8050924	6.124306
8050942	5.779793
8050993	4.616044
8051001	5.00106
8051012	7.06511
8051024	6.30265
8051028	5.752879
8051030	5.880113
8051050	6.475591
8051061	7.347272
8051066	6.974277
8051075	7.684573
8051097	6.30031
8051113	7.579782
8051119	7.996925
8051133	6.849756
8051135	4.975294
8051185	2.232894
8051187	7.253662
8051197	7.521158
8051202	3.630237
8051204	6.245092
8051215	6.639317
8051226	3.942669
8051236	2.714064
8051238	6.141601
8051241	5.017399
8051273	3.355053
8051275	5.960145
8051298	6.494555
8051319	4.589524
8051322	10.14121
8051361	7.393467
8051370	7.784551
8051372	6.200763
8051387	7.988134
8051394	4.628614
8051396	4.819431
8051409	2.798934
8051411	4.789286
8051413	6.026094
8051422	6.052265
8051427	6.825965
8051443	9.105449
8051462	6.18021
8051464	7.342731
8051501	8.323368
8051520	3.516034
8051528	4.330331
8051547	6.043728
8051569	2.368396
8051571	2.911813
8051573	7.242926
8051583	9.785979
8051589	6.956832
8051605	6.034074
8051622	7.780139
8051637	4.662725
8051666	3.449892
8051668	5.166146
8051670	7.6085
8051696	3.201087
8051707	6.802502
8051744	5.017721
8051746	4.910178
8051762	4.523454
8051773	4.281693
8051775	2.729235
8051777	6.914018
8051785	5.428654
8051793	6.747519
8051799	7.491687
8051812	3.676916
8051814	9.022698
8051820	6.046013
8051862	2.366453
8051864	2.997202
8051866	4.688412
8051882	6.275944
8051924	2.65564
8051926	6.006431
8051928	7.186668
8051949	8.194934
8051956	3.087196
8051963	5.725787
8051985	7.937929
8051987	4.782676
8051989	4.688254
8051993	5.285028
8051998	7.852505
8052004	4.228841
8052010	7.081758
8052018	7.000607
8052022	9.049635
8052024	8.071521
8052054	2.675821
8052056	3.688696
8052058	4.375539
8052072	3.840604
8052087	7.083362
8052089	2.822666
8052091	4.771987
8052119	3.325748
8052121	4.280102
8052123	4.253857
8052125	8.232782
8052139	4.768907
8052141	5.568308
8052143	6.302007
8052149	6.873295
8052200	5.811601
8052204	7.669876
8052231	3.680222
8052233	3.654466
8052250	5.268652
8052269	4.625593
8052305	2.40431
8052307	8.198283
8052331	5.731703
8052355	5.717031
8052370	8.099783
8052372	3.220802
8052374	3.32323
8052376	5.657351
8052380	4.76267
8052382	4.652035
8052397	7.688747
8052399	5.652544
8052413	3.834385
8052416	7.234583
8052418	4.862526
8052438	3.443066
8052443	7.495547
8052524	4.728982
8052526	8.236166
8052554	3.675996
8052562	7.032604
8052581	1.837249
8052583	5.421698
8052585	3.711951
8052594	4.36945
8052598	5.302366
8052620	6.03715
8052622	7.446207
8052624	7.552701
8052626	4.003831
8052654	11.40109
8052667	4.578569
8052669	10.18741
8052674	3.860548
8052676	6.594483
8052678	2.696037
8052680	10.17872
8052689	7.532672
8052696	5.200415
8052698	7.232279
8052703	5.700394
8052719	5.595274
8052721	8.409277
8052731	4.816405
8052733	2.092263
8052735	5.735777
8052742	4.774956
8052747	3.844859
8052753	2.830846
8052762	8.464823
8052784	5.452247
8052798	8.28088
8052803	8.992941
8052826	4.683571
8052828	6.289985
8052834	5.842609
8052845	7.706987
8052861	7.405483
8052866	7.623855
8052872	10.52303
8052882	5.721516
8052902	3.220988
8052908	5.900684
8052916	4.804129
8052925	6.434123
8052932	7.293477
8052934	5.455144
8052940	5.840591
8052945	2.536206
8052947	5.860959
8052956	7.793165
8052979	5.691688
8052994	7.245142
8053004	8.040003
8053009	5.994627
8053022	6.984197
8053025	5.578703
8053030	6.596184
8053036	5.338853
8053046	8.250081
8053057	4.387174
8053059	7.188416
8053064	9.094616
8053073	5.0153
8053107	7.719928
8053139	6.737317
8053142	6.030451
8053158	6.361086
8053165	7.197963
8053171	5.886713
8053183	6.625461
8053187	6.093817
8053200	4.982277
8053214	7.383894
8053231	6.572328
8053248	5.475398
8053263	5.590538
8053266	5.387004
8053276	2.497124
8053278	4.494544
8053288	4.350863
8053311	6.589712
8053313	3.238697
8053315	5.379356
8053325	4.081747
8053330	3.073034
8053337	3.595449
8053341	3.277469
8053347	4.104522
8053349	4.962897
8053360	3.925438
8053362	2.172474
8053364	3.312369
8053366	6.379044
8053379	6.431636
8053386	4.898721
8053388	8.358641
8053404	2.356879
8053406	7.218105
8053417	8.076672
8053427	4.193831
8053429	6.259865
8053449	6.368036
8053458	7.61334
8053467	5.852674
8053480	7.593178
8053482	3.642596
8053484	5.568986
8053496	6.340836
8053533	6.19169
8053549	3.494902
8053551	5.185236
8053560	4.989799
8053562	9.039007
8053574	2.99796
8053576	9.119631
8053584	6.031484
8053594	3.258435
8053599	8.560153
8053602	5.193106
8053610	8.600482
8053622	7.458138
8053648	6.123733
8053654	3.315284
8053662	5.766569
8053664	4.072787
8053666	5.936816
8053668	7.029025
8053690	6.252422
8053710	6.73811
8053713	7.916328
8053715	2.221669
8053718	3.248555
8053720	4.66779
8053722	9.301691
8053725	5.617521
8053728	6.452474
8053731	6.744726
8053733	7.337103
8053735	6.139604
8053737	5.251437
8053741	5.67662
8053744	6.317471
8053751	3.616877
8053753	5.41612
8053761	6.346589
8053763	6.553926
8053775	4.689432
8053785	3.476385
8053787	4.223986
8053795	5.748357
8053797	10.79177
8053801	11.28651
8053834	10.30705
8053840	7.538442
8053842	6.99742
8053869	7.166489
8053872	6.228993
8053882	7.5224
8053890	8.312772
8053901	11.15189
8053909	7.451972
8053944	6.313527
8053949	5.976876
8053975	6.890876
8053984	6.767318
8053998	7.755071
8054004	5.829131
8054020	5.673365
8054037	3.989783
8054039	2.6258
8054041	3.76948
8054045	7.316803
8054054	10.19127
8054064	8.554369
8054075	3.457731
8054077	6.411129
8054090	4.808253
8054092	6.713989
8054131	6.065263
8054135	6.214135
8054154	7.593893
8054166	4.762222
8054192	5.292559
8054200	3.843873
8054209	4.775374
8054217	5.24739
8054227	6.826517
8054254	4.821695
8054281	5.357124
8054295	5.817902
8054297	5.443561
8054308	7.044137
8054329	9.62259
8054338	6.207013
8054344	3.062513
8054354	7.694486
8054356	7.14698
8054364	5.417014
8054377	8.133358
8054393	3.262271
8054395	7.836365
8054412	3.845246
8054414	8.059492
8054437	4.258456
8054439	5.485565
8054449	8.148314
8054451	4.941364
8054465	5.640142
8054467	7.186275
8054477	9.184719
8054479	11.1283
8054486	3.896961
8054511	5.210505
8054513	5.258392
8054517	5.720854
8054519	7.436211
8054532	8.288926
8054557	8.228119
8054580	4.064167
8054607	4.711334
8054611	9.579791
8054614	6.144477
8054664	5.280055
8054676	8.222223
8054702	3.993297
8054712	8.935209
8054722	7.188726
8054731	4.568035
8054740	7.022395
8054758	5.809095
8054762	8.383932
8054766	5.879883
8054769	6.269238
8054771	8.689424
8054790	5.912318
8054792	5.664789
8054794	3.900484
8054796	5.471942
8054798	2.527941
8054800	3.417799
8054802	3.525893
8054804	7.662904
8054831	6.834003
8054834	4.168686
8054837	4.145157
8054846	5.132071
8054862	5.738898
8054866	5.325315
8054870	8.574946
8054872	6.417278
8054888	7.283779
8054930	6.49636
8054941	2.240136
8054943	2.969634
8054945	6.737191
8054967	5.112074
8054978	6.383391
8054995	4.484238
8054997	6.950913
8055016	6.089171
8055021	6.862253
8055038	7.043554
8055060	6.874722
8055085	6.305007
8055087	2.24821
8055089	5.558442
8055096	6.231347
8055104	7.524732
8055130	8.321462
8055135	6.923394
8055137	4.278807
8055139	6.236392
8055143	4.440507
8055151	10.99545
8055153	3.374829
8055171	6.819849
8055173	6.53186
8055183	5.182235
8055194	3.762141
8055198	2.407881
8055200	2.798983
8055202	4.285037
8055204	9.593685
8055206	2.362877
8055208	7.020308
8055214	4.974983
8055220	11.29142
8055222	3.818608
8055234	5.361103
8055236	4.597514
8055239	6.746422
8055247	7.002787
8055249	7.294152
8055261	7.810201
8055263	3.083023
8055265	5.925194
8055267	2.280626
8055269	2.290705
8055271	2.399926
8055273	2.649939
8055275	2.075384
8055277	2.707159
8055279	4.507058
8055281	6.50919
8055284	6.18607
8055287	8.195239
8055291	7.930371
8055294	4.75704
8055297	4.717039
8055303	3.279435
8055305	4.117437
8055312	2.93522
8055314	6.353397
8055323	4.992647
8055348	5.599287
8055350	5.295895
8055361	3.355521
8055377	4.079522
8055402	3.544719
8055404	6.948182
8055406	4.541183
8055424	3.131305
8055426	4.786716
8055445	7.390182
8055465	7.514066
8055474	4.447777
8055476	9.66535
8055478	5.3129
8055484	2.031173
8055486	7.032075
8055488	1.814339
8055490	2.49968
8055492	4.484736
8055494	4.898795
8055496	4.101482
8055590	2.777318
8055592	4.809486
8055594	2.411958
8055596	4.866922
8055598	2.42627
8055600	2.20247
8055602	2.444085
8055604	3.113356
8055606	5.510277
8055624	5.272106
8055639	4.069324
8055641	5.36101
8055643	3.366525
8055645	5.354269
8055664	5.197289
8055668	3.515316
8055672	9.612855
8055680	3.540506
8055682	3.35686
8055688	12.01676
8055697	4.934911
8055702	5.281203
8055711	4.365072
8055862	7.445377
8055872	5.071853
8055890	7.265919
8055909	2.463551
8055911	3.627591
8055913	7.198755
8055941	5.884795
8055946	2.985032
8055948	2.237289
8055950	2.772684
8055952	8.44682
8055965	4.689482
8055969	3.519094
8055978	7.660948
8055980	6.012624
8055992	5.513573
8056005	6.868649
8056020	2.342099
8056022	2.667717
8056039	4.423626
8056041	8.193646
8056045	6.186003
8056047	5.309448
8056060	8.945569
8056100	5.618104
8056102	5.697251
8056113	6.5971
8056151	6.300152
8056184	7.966125
8056201	7.543818
8056206	7.921816
8056215	5.783301
8056217	7.406768
8056220	5.004379
8056222	4.718444
8056250	4.065701
8056257	3.75808
8056285	6.71469
8056303	3.902544
8056323	4.539896
8056327	3.621727
8056343	6.85465
8056359	3.650157
8056361	4.659913
8056363	4.866986
8056376	3.040724
8056408	8.097614
8056426	4.378205
8056457	3.250899
8056489	4.839009
8056491	4.607912
8056518	3.423554
8056545	10.63927
8056566	4.805223
8056568	5.363
8056570	3.163079
8056572	3.034172
8056583	4.475927
8056611	4.458703
8056693	4.572444
8056710	2.493402
8056716	5.815438
8056726	3.539901
8056728	7.147935
8056730	5.224332
8056734	6.927125
8056753	5.471977
8056763	7.318356
8056766	5.35067
8056784	5.482329
8056790	4.229122
8056792	8.077012
8056794	3.591706
8056798	7.619837
8056810	4.875538
8056812	5.612239
8056821	5.98502
8056823	2.983031
8056825	6.912078
8056829	4.654413
8056837	4.446749
8056860	6.383291
8056877	5.496241
8056890	3.37641
8056909	6.629343
8056930	5.794324
8056943	6.005217
8056959	6.918842
8056963	5.522256
8056966	7.800782
8056968	5.631919
8056972	5.875854
8056975	1.997714
8056977	9.627894
8056983	4.309628
8056993	6.700634
8056995	4.778317
8056999	5.710894
8057004	3.86572
8057034	5.775391
8057045	4.467511
8057056	4.321961
8057377	3.691474
8057394	7.635007
8057416	3.908281
8057418	4.594484
8057439	5.761287
8057441	6.061768
8057463	4.762679
8057480	4.628791
8057486	2.970173
8057506	3.170361
8057517	9.192076
8057554	8.568285
8057557	2.254257
8057559	2.763526
8057563	2.706473
8057574	3.807109
8057576	2.806048
8057578	3.690372
8057599	4.237369
8057613	8.468765
8057615	4.139687
8057620	5.369448
8057677	7.398728
8057689	4.46173
8057700	5.455765
8057711	2.405194
8057713	2.611687
8057719	5.047538
8057732	5.876142
8057736	3.023977
8057742	5.415032
8057744	8.389897
8057771	5.34687
8057797	4.75386
8057803	3.315448
8057817	4.944409
8057819	2.841255
8057821	4.298229
8057887	7.73972
8057898	6.047852
8057929	2.927801
8057931	6.000624
8057933	6.696773
8057954	4.37962
8057959	4.521009
8057990	5.192734
8058024	9.122973
8058052	9.138175
8058063	4.56127
8058075	3.764212
8058091	5.809703
8058104	1.977892
8058106	5.38454
8058108	4.950935
8058118	6.278677
8058127	9.333283
8058145	5.842496
8058147	5.175314
8058159	2.761644
8058161	5.807878
8058182	7.666258
8058195	2.030661
8058197	3.605752
8058199	2.060981
8058201	3.539763
8058203	4.095625
8058221	6.264363
8058238	3.16484
8058256	3.129423
8058258	4.747441
8058273	4.791774
8058295	5.375498
8058333	8.327135
8058335	7.303974
8058340	10.21142
8058342	5.79813
8058344	5.279133
8058346	2.357355
8058348	3.127707
8058350	3.676267
8058373	5.073131
8058386	3.039586
8058388	2.9876
8058390	5.675847
8058411	3.942441
8058415	7.319955
8058428	8.326938
8058450	4.106612
8058456	4.115685
8058458	8.498254
8058460	2.367484
8058462	3.314752
8058477	7.951037
8058486	6.361369
8058496	5.464499
8058498	6.124948
8058509	6.032108
8058512	6.828801
8058514	5.26673
8058516	9.712559
8058518	3.877891
8058520	5.602133
8058524	5.939975
8058530	4.320975
8058535	4.55701
8058542	3.681673
8058552	9.978909
8058566	3.014261
8058568	3.226974
8058570	5.82479
8058591	3.74398
8058604	3.581438
8058614	5.851686
8058627	5.462067
8058658	2.647388
8058660	2.593527
8058662	2.697798
8058664	6.664172
8058666	2.405407
8058668	3.952249
8058670	7.762414
8058693	4.433783
8058695	7.204844
8058708	7.881194
8058765	6.864128
8058824	6.702394
8058837	4.932916
8058849	6.087932
8058855	5.554114
8058857	6.795698
8058866	4.446222
8058869	7.069814
8058905	6.031897
8058912	3.220751
8058914	8.038193
8058927	12.01883
8058940	5.868814
8058971	3.284968
8058973	5.60398
8058985	6.052825
8058997	6.12642
8059012	4.366594
8059014	6.373708
8059019	7.132149
8059026	6.962429
8059028	5.644268
8059067	5.232435
8059071	6.364944
8059081	6.239625
8059097	7.56669
8059111	6.490012
8059139	7.59157
8059158	5.385009
8059177	6.955505
8059186	5.81862
8059211	3.006019
8059213	5.070489
8059222	6.491282
8059244	7.456407
8059249	5.357686
8059277	7.937836
8059279	6.525791
8059301	4.294169
8059319	5.388062
8059339	7.395173
8059341	5.20899
8059343	3.404556
8059345	4.780662
8059350	4.819286
8059361	7.664053
8059376	5.079113
8059387	5.903422
8059393	9.360008
8059413	4.890993
8059470	6.984063
8059475	5.342043
8059477	6.322802
8059525	3.300875
8059532	5.618884
8059538	4.60692
8059549	3.332999
8059551	4.31772
8059565	4.648468
8059576	11.86614
8059578	5.214946
8059580	5.865219
8059596	9.547827
8059642	6.910094
8059648	6.207737
8059650	6.427298
8059672	7.07721
8059674	5.395562
8059680	3.671003
8059687	5.919442
8059689	7.24912
8059708	7.01371
8059710	2.72776
8059712	4.699982
8059716	4.59507
8059720	6.242243
8059729	4.310403
8059731	7.647689
8059739	7.866772
8059744	6.647267
8059748	6.170011
8059770	5.536124
8059776	3.694944
8059783	5.376767
8059799	2.67759
8059801	6.039832
8059832	5.390174
8059838	5.659534
8059852	3.244036
8059854	9.00263
8059862	2.829185
8059864	7.738136
8059868	5.690327
8059876	3.949006
8059878	4.787281
8059900	5.058845
8059902	4.21703
8059905	5.00864
8059949	3.905682
8059951	5.758246
8059953	3.430417
8059955	6.246948
8059965	4.441577
8059969	5.090615
8059985	5.787066
8059989	7.130308
8059996	7.438732
8060020	5.175617
8060030	6.313086
8060061	5.833421
8060063	6.295991
8060080	4.548172
8060082	5.07702
8060084	3.295136
8060086	5.944036
8060094	7.921035
8060101	7.248359
8060103	6.395337
8060126	7.527391
8060134	5.93156
8060187	9.798265
8060196	5.959978
8060205	6.14
8060225	9.425611
8060255	2.330114
8060257	7.119199
8060274	6.935717
8060286	5.161406
8060294	7.030642
8060303	3.504004
8060308	4.253345
8060314	3.220448
8060320	3.493059
8060325	7.105827
8060330	7.293036
8060334	7.119932
8060339	5.785102
8060344	6.341448
8060353	6.722197
8060368	2.427588
8060370	8.56874
8060379	7.468575
8060395	3.147745
8060400	5.382287
8060416	5.147108
8060418	8.595092
8060427	7.884787
8060432	5.788177
8060447	6.220387
8060461	3.487202
8060484	6.436617
8060501	6.714181
8060503	9.049178
8060505	6.481676
8060526	5.276597
8060528	6.004448
8060533	6.860775
8060539	6.763839
8060594	6.476625
8060599	7.425509
8060604	7.173087
8060611	5.658162
8060625	2.629447
8060627	6.84969
8060660	6.892495
8060675	5.864791
8060698	6.87481
8060705	7.443467
8060722	7.576743
8060734	4.417252
8060736	6.687765
8060738	8.763435
8060741	5.583203
8060745	6.41104
8060758	6.725204
8060765	5.849859
8060772	6.639489
8060790	5.0903
8060792	5.695798
8060796	6.247297
8060803	6.929184
8060805	5.145762
8060813	4.367568
8060835	2.520798
8060839	5.020234
8060850	6.871041
8060854	5.625652
8060893	2.638861
8060895	6.171528
8060897	3.960965
8060940	4.411436
8060947	4.421598
8060949	4.961006
8060963	5.309254
8060977	4.946778
8060988	6.279577
8060997	5.300607
8061013	5.483777
8061019	4.324751
8061035	5.27456
8061064	3.810452
8061066	3.060898
8061073	6.802134
8061075	6.827565
8061082	3.814224
8061092	3.681952
8061094	4.705682
8061112	5.191941
8061114	8.152507
8061122	4.941724
8061127	2.445542
8061129	4.767394
8061136	10.50363
8061138	5.008105
8061154	6.40474
8061165	6.993093
8061167	5.391346
8061169	6.045634
8061171	5.041596
8061184	4.723279
8061186	8.293942
8061211	6.961961
8061222	6.575788
8061224	3.499227
8061227	8.566893
8061247	7.343979
8061262	6.860661
8061272	3.662235
8061303	6.55032
8061305	6.637027
8061324	6.192138
8061357	5.826504
8061364	9.926946
8061366	5.407526
8061368	7.225705
8061373	6.837108
8061382	3.922995
8061389	4.080326
8061396	3.344233
8061402	5.709928
8061404	5.788404
8061406	5.673019
8061414	6.849905
8061416	7.570094
8061426	4.510208
8061428	6.438338
8061445	6.138243
8061447	6.965555
8061471	4.204601
8061481	5.048954
8061483	5.808961
8061490	6.428421
8061497	6.418064
8061504	4.823671
8061507	4.853084
8061509	4.986665
8061517	2.174982
8061519	4.5671
8061529	5.850363
8061542	7.86578
8061562	7.132646
8061564	7.021457
8061572	6.09258
8061579	4.190587
8061605	5.353573
8061620	5.203375
8061645	4.767915
8061647	7.039981
8061653	6.487322
8061666	5.686122
8061668	5.928419
8061685	7.267551
8061706	5.527539
8061715	7.242573
8061725	6.278616
8061742	5.709817
8061746	5.033549
8061772	9.379879
8061780	5.58412
8061799	5.091089
8061815	6.090486
8061831	5.462595
8061847	4.965677
8061859	4.404476
8061869	5.111306
8061883	5.118205
8061894	5.673513
8061912	5.303337
8061916	3.742897
8061919	6.282646
8061940	7.996758
8061944	7.051363
8061946	6.780238
8061958	9.418753
8061966	9.704856
8061982	5.954801
8061986	10.07787
8062016	7.604706
8062023	7.180624
8062034	10.69766
8062041	6.135855
8062064	6.248136
8062108	6.222607
8062117	3.314893
8062119	8.211945
8062123	6.151436
8062134	4.83745
8062137	6.078928
8062174	8.66048
8062190	5.505549
8062206	6.197942
8062211	4.688427
8062213	6.063258
8062235	3.037107
8062237	4.256691
8062251	6.684904
8062284	6.834341
8062286	6.859838
8062293	7.91288
8062312	7.348882
8062319	7.194909
8062326	9.093088
8062337	7.943129
8062339	6.731191
8062347	5.238499
8062349	7.90373
8062371	6.878145
8062377	8.050354
8062395	5.695683
8062404	6.200067
8062409	6.901109
8062427	7.529637
8062433	7.366611
8062444	4.228448
8062461	5.566079
8062478	4.312564
8062480	6.429091
8062490	6.680068
8062492	8.618961
8062527	6.040551
8062532	6.60196
8062539	5.698987
8062545	5.985545
8062555	4.521861
8062557	6.312151
8062569	6.437772
8062571	9.861886
8062576	6.605062
8062599	6.64631
8062601	3.2205
8062603	9.892963
8062623	6.365375
8062658	6.006476
8062681	6.136311
8062687	6.925573
8062689	3.100959
8062691	2.369547
8062693	2.220057
8062695	7.452153
8062705	5.436517
8062728	6.626721
8062748	6.332431
8062766	5.95204
8062782	6.221477
8062794	4.637628
8062796	6.250663
8062813	5.980296
8062821	2.474111
8062823	6.91301
8062842	6.49381
8062844	5.152785
8062852	6.421988
8062862	2.65167
8062864	7.017219
8062873	7.498289
8062880	9.238592
8062890	6.543601
8062908	7.790708
8062927	9.179074
8062933	3.582121
8062944	3.871318
8062948	6.761556
8062962	5.102097
8062964	7.660044
8062971	7.362736
8062981	7.693597
8063000	9.338053
8063011	5.194123
8063014	7.03881
8063019	3.15418
8063024	2.986911
8063026	3.858406
8063028	8.361581
8063043	6.334166
8063057	7.230581
8063071	5.366024
8063074	5.804534
8063078	9.139035
8063097	6.977843
8063115	6.118387
8063129	4.327389
8063156	6.327062
8063171	4.11554
8063174	4.742239
8063177	7.456327
8063187	8.579736
8063209	5.084882
8063211	9.630132
8063240	5.05564
8063242	7.368563
8063283	5.738916
8063313	6.281801
8063315	6.209437
8063337	6.924161
8063345	6.362284
8063347	6.667696
8063349	3.374749
8063351	7.626413
8063369	8.024742
8063380	5.800416
8063382	5.813741
8063386	7.82214
8063389	5.963654
8063394	8.448976
8063408	3.84336
8063410	11.6797
8063417	7.888072
8063427	4.781565
8063433	3.547722
8063437	4.983732
8063442	4.556401
8063444	4.260913
8063447	2.649467
8063449	7.141161
8063453	3.548285
8063458	4.006813
8063473	9.503073
8063476	5.684108
8063478	6.90214
8063484	5.548242
8063497	5.747563
8063509	7.742244
8063522	4.119223
8063524	5.259664
8063526	6.218828
8063531	6.364783
8063534	3.243481
8063536	8.231028
8063545	3.691051
8063547	5.840619
8063549	6.303479
8063551	2.664987
8063566	6.42493
8063583	6.792369
8063590	5.179115
8063601	6.061106
8063607	8.088389
8063620	7.33657
8063634	7.015474
8063636	6.983099
8063650	6.672956
8063668	8.000503
8063697	6.496523
8063716	3.705981
8063723	6.050734
8063729	5.656103
8063739	5.378012
8063755	3.933861
8063761	6.373147
8063785	5.003775
8063793	4.314005
8063796	6.083876
8063814	6.200147
8063835	5.630352
8063839	6.516757
8063857	7.059279
8063869	5.720543
8063873	8.764635
8063893	7.837744
8063903	6.123173
8063914	7.478647
8063921	2.641889
8063923	9.950109
8063942	5.705038
8063949	7.081672
8063955	8.577456
8063970	8.185636
8064003	5.498949
8064007	8.506132
8064014	7.518329
8064029	5.512876
8064031	6.755552
8064042	7.049284
8064059	7.302551
8064098	6.081627
8064100	10.47013
8064108	7.062232
8064111	7.157618
8064156	8.324895
8064168	7.968312
8064175	6.746952
8064188	8.040224
8064191	9.55995
8064203	6.760727
8064208	9.803684
8064216	6.210591
8064218	7.277974
8064242	6.98145
8064245	6.491508
8064261	6.521517
8064277	5.302567
8064302	7.543419
8064319	2.878726
8064322	4.767915
8064336	8.3445
8064351	9.042832
8064370	8.191256
8064375	10.40812
8064382	6.295449
8064384	6.763939
8064388	8.62727
8064394	8.379963
8064396	5.730619
8064407	6.824238
8064415	5.370192
8064418	9.829076
8064430	6.856643
8064432	5.60674
8064438	7.784147
8064451	5.856187
8064462	2.961713
8064464	5.131388
8064471	5.07655
8064485	5.710489
8064495	4.638905
8064500	2.477926
8064502	6.701543
8064514	4.164718
8064522	6.447415
8064539	5.086174
8064557	6.608302
8064575	5.816105
8064581	6.61925
8064591	7.431104
8064601	7.452394
8064613	8.024769
8064637	6.177373
8064676	8.047248
8064686	7.361802
8064716	6.513203
8064739	6.766808
8064751	6.959401
8064762	6.879744
8064766	7.777587
8064779	6.285651
8064787	4.421727
8064790	4.947987
8064808	7.39875
8064831	6.391675
8064833	6.982304
8064842	6.458656
8064844	6.523027
8064857	9.135461
8064859	4.867507
8064864	3.46662
8064866	6.351278
8064868	9.72823
8064879	5.65038
8064894	6.184589
8064900	4.86857
8064904	6.04361
8064926	4.816001
8064928	3.565337
8064939	6.514342
8064952	5.081343
8064967	3.894432
8064976	5.955777
8064978	6.688169
8065009	3.443591
8065011	4.091663
8065013	6.676604
8065018	5.465702
8065032	5.093668
8065045	3.701757
8065067	2.591212
8065069	5.399866
8065071	5.18019
8065080	3.11666
8065082	5.898392
8065084	5.938612
8065089	6.002557
8065120	5.248333
8065122	5.878583
8065124	4.385626
8065134	3.027524
8065136	9.491113
8065163	2.460085
8065165	6.214818
8065185	6.260758
8065194	5.622761
8065200	3.801374
8065202	5.704668
8065230	4.406214
8065240	2.968333
8065242	4.020771
8065244	3.286079
8065248	5.179052
8065252	4.60554
8065254	9.223445
8065256	7.114601
8065278	5.502787
8065280	7.480673
8065321	2.835719
8065323	4.428997
8065325	7.036996
8065327	8.390504
8065330	6.926383
8065332	3.167583
8065334	4.690445
8065339	3.796257
8065344	6.271821
8065351	3.774921
8065353	6.765891
8065359	6.283465
8065363	4.365112
8065370	6.167181
8065372	6.219761
8065386	4.309341
8065388	5.089846
8065392	2.448691
8065396	5.070858
8065400	5.02676
8065403	9.620914
8065410	7.390427
8065412	5.749164
8065416	5.817515
8065421	5.557954
8065427	5.286488
8065433	6.552204
8065444	6.672568
8065460	5.35135
8065469	9.443613
8065485	8.300675
8065510	6.270429
8065515	4.658231
8065517	6.070519
8065527	6.85696
8065537	4.65349
8065541	6.635742
8065547	2.556681
8065550	7.325226
8065552	3.829114
8065555	3.855376
8065563	3.178173
8065566	7.118272
8065569	9.331708
8065576	6.947605
8065580	6.501162
8065596	6.477724
8065603	7.242868
8065607	8.151481
8065612	6.504437
8065630	4.424852
8065633	7.334452
8065637	6.959979
8065652	4.693431
8065668	6.008224
8065683	7.284197
8065693	6.779697
8065710	6.899108
8065719	5.253987
8065730	7.082475
8065738	8.21208
8065752	2.527048
8065756	4.98447
8065758	5.334744
8065762	6.22783
8065776	7.478352
8065795	6.08034
8065798	6.350483
8065817	6.114363
8065832	8.144455
8065853	2.595757
8065855	6.025283
8065868	8.904706
8065880	6.960111
8065889	6.150817
8065905	5.244588
8065911	5.458775
8065920	6.455667
8065948	6.996652
8065963	7.374557
8065990	3.3956
8065992	6.640582
8066009	9.362465
8066025	4.151351
8066027	2.642148
8066029	2.789629
8066031	6.266708
8066038	5.213243
8066051	6.46622
8066072	5.032159
8066074	5.705749
8066091	5.688937
8066117	8.534984
8066136	5.216432
8066161	4.503064
8066189	5.696307
8066195	9.25019
8066198	6.529562
8066200	5.880818
8066210	1.7731
8066212	5.624705
8066214	7.622058
8066231	6.520756
8066247	6.335426
8066254	5.427414
8066256	8.1208
8066258	6.744003
8066260	7.724841
8066262	9.020757
8066266	7.379467
8066273	4.149862
8066275	4.28458
8066279	5.923097
8066294	5.449576
8066303	6.234376
8066343	2.894431
8066345	3.873912
8066347	5.507596
8066382	2.276882
8066384	3.998024
8066391	6.320512
8066393	6.545945
8066402	8.067507
8066407	5.80215
8066411	5.29305
8066417	9.543059
8066431	5.900462
8066444	5.551986
8066451	7.356253
8066461	7.263571
8066475	5.918941
8066482	6.144216
8066489	5.865043
8066493	11.31028
8066498	6.617368
8066513	10.74359
8066521	4.758641
8066530	3.082958
8066536	5.876534
8066542	3.893152
8066549	3.550061
8066557	4.680164
8066559	3.303751
8066567	10.97288
8066569	3.164879
8066574	4.994332
8066579	5.43719
8066590	6.144868
8066598	7.166968
8066609	5.880159
8066612	6.411816
8066619	5.883272
8066637	6.398665
8066641	7.005974
8066668	6.774044
8066683	6.453933
8066697	7.111694
8066716	6.266808
8066739	4.214517
8066745	5.271494
8066754	5.843966
8066757	5.943011
8066776	5.943117
8066786	8.765036
8066818	2.144962
8066820	4.84256
8066822	6.095796
8066848	5.875753
8066889	8.612136
8066905	8.345515
8066921	5.975989
8066925	5.124985
8066939	10.8624
8066953	6.650078
8066960	3.202711
8066962	5.637879
8066964	8.102928
8066981	6.282646
8066983	6.966113
8066985	6.17869
8067007	9.042237
8067011	8.211664
8067017	7.189878
8067029	6.751455
8067033	6.868289
8067040	6.260082
8067055	7.821769
8067087	6.023715
8067094	5.299968
8067111	4.563336
8067113	9.382111
8067121	5.222383
8067125	10.30953
8067140	9.122221
8067155	4.55052
8067157	3.775654
8067165	4.656496
8067167	4.563904
8067178	4.610169
8067183	6.649028
8067185	5.298526
8067197	2.379798
8067199	2.376313
8067201	3.640801
8067203	5.798298
8067206	6.123173
8067208	4.825675
8067221	7.204514
8067233	6.789999
8067242	6.679972
8067248	4.737213
8067270	7.172932
8067277	6.764828
8067279	7.216031
8067288	6.308052
8067295	7.780611
8067303	7.681789
8067305	3.598287
8067351	8.293325
8067358	5.06978
8067361	7.652759
8067380	5.43034
8067382	6.925195
8067394	5.784926
8067409	7.588927
8067495	6.434175
8067506	7.405406
8067521	7.888524
8067530	7.344816
8067543	8.412354
8067546	7.25194
8067551	7.719182
8067554	5.967546
8067563	8.23893
8067585	7.170467
8067588	5.769305
8067593	7.212858
8067602	6.417714
8067610	5.964714
8067626	6.405593
8067652	7.176998
8067662	9.536106
8067671	7.102671
8067680	8.49216
8067709	7.354436
8067722	7.08261
8067727	7.198035
8067743	6.885838
8067754	7.612035
8067756	6.642797
8067773	6.822703
8067792	7.073917
8067798	6.975041
8067802	8.149223
8067812	8.175703
8067818	5.498773
8067820	8.724525
8067822	4.602111
8067825	3.518617
8067834	2.294207
8067836	2.315844
8067839	2.944736
8067842	3.35961
8067844	3.275944
8067858	3.140263
8067860	3.155417
8067864	7.801904
8067867	8.442423
8067869	3.594636
8067877	3.307097
8067899	3.567579
8067901	3.160747
8067903	7.6553
8067932	4.186206
8067942	5.483551
8067944	3.166945
8067946	4.013104
8067948	4.403862
8067950	3.543441
8067955	9.831667
8067963	5.425888
8067965	3.607339
8067969	5.064265
8067978	9.858824
8067981	4.168053
8067983	4.399777
8067985	3.924296
8068006	3.326297
8068014	2.701244
8068020	2.737285
8068022	3.828852
8068024	4.19314
8068039	6.831138
8068044	3.637707
8068046	5.570811
8068052	2.644932
8068057	2.98132
8068062	6.796848
8068083	5.726365
8068100	3.256386
8068105	7.857626
8068120	4.741654
8068126	3.817603
8068130	2.981756
8068136	5.726207
8068139	2.869293
8068145	6.901348
8068151	6.43595
8068154	5.715087
8068157	4.776947
8068161	4.588503
8068164	3.828147
8068168	6.952674
8068180	5.28403
8068192	5.532591
8068200	6.588661
8068202	8.208089
8068214	2.858549
8068216	2.804176
8068218	3.919906
8068220	3.99849
8068231	5.91748
8068235	7.372608
8068238	7.657705
8068254	10.07774
8068266	8.54275
8068280	8.253099
8068289	8.006004
8068305	6.711225
8068350	5.533148
8068353	8.168373
8068361	9.042183
8068363	4.795704
8068369	4.497924
8068375	6.071388
8068383	6.458754
8068391	2.72123
8068393	2.839082
8068395	2.630734
8068397	5.871791
8068399	2.967206
8068401	6.182003
8068410	6.559525
8068413	6.463845
8068422	8.00465
8068460	7.646826
8068478	5.028068
8068494	4.261589
8068496	6.036158
8068510	7.056771
8068512	6.79177
8068520	2.565915
8068522	5.853616
8068543	4.494832
8068551	8.247591
8068570	2.878082
8068578	5.55916
8068583	5.34691
8068593	9.006694
8068608	2.60463
8068610	2.554062
8068612	6.331097
8068620	4.369475
8068633	9.861519
8068644	7.177729
8068651	6.000186
8068660	2.638619
8068662	2.373182
8068664	4.95995
8068671	9.205935
8068684	8.460242
8068697	9.174266
8068713	8.213477
8068731	5.464731
8068735	3.698855
8068740	5.702039
8068761	8.822056
8068786	6.053514
8068788	5.042064
8068810	8.197474
8068833	8.052936
8068857	6.756812
8068866	6.559499
8068883	7.000425
8068891	5.591969
8068894	6.659195
8068898	8.792768
8068902	6.100567
8068919	7.680523
8068938	6.857417
8068952	7.33497
8068974	7.61452
8069003	5.576176
8069026	6.813057
8069037	7.248382
8069057	8.160222
8069083	7.006113
8069085	6.245313
8069122	5.659176
8069131	6.182911
8069133	2.635673
8069135	6.307702
8069142	8.062221
8069146	5.080668
8069148	7.005233
8069150	6.813191
8069153	7.14967
8069156	5.966483
8069161	6.687761
8069168	7.177039
8069174	6.253849
8069178	5.314595
8069200	5.789073
8069208	7.710294
8069252	5.380952
8069269	7.887244
8069301	8.041418
8069332	4.805398
8069340	5.817923
8069348	6.138472
8069399	6.216227
8069444	4.136797
8069446	6.027682
8069448	1.927691
8069450	6.577789
8069470	8.089715
8069472	2.570796
8069487	2.951268
8069494	3.902787
8069499	2.457047
8069503	7.142424
8069505	6.699593
8069508	6.610845
8069511	7.588959
8069517	6.006871
8069519	7.808088
8069521	2.791598
8069532	4.829271
8069541	4.792228
8069553	6.427051
8069559	2.579159
8069561	7.289072
8069563	3.030339
8069565	7.089869
8069574	6.724673
8069582	3.23961
8069608	2.530795
8069610	4.440856
8069612	3.6447
8069620	5.806191
8069633	6.309928
8069644	9.797495
8069666	6.921593
8069668	5.196564
8069676	4.697458
8069689	4.734282
8069700	5.118285
8069711	5.889138
8069744	4.470605
8069753	6.498527
8069764	4.657558
8069766	5.17662
8069768	2.987251
8069770	4.212326
8069790	3.871786
8069795	5.555705
8069800	4.437353
8069804	4.319212
8069808	4.111206
8069811	6.249113
8069813	2.9178
8069818	3.610815
8069822	5.123098
8069827	3.739027
8069831	4.349211
8069836	2.801283
8069838	5.138597
8069841	3.339473
8069845	4.555842
8069848	5.578216
8069852	6.181031
8069855	3.673833
8069859	2.950331
8069863	6.184008
8069868	4.229967
8069872	5.6873
8069876	3.223595
8069880	8.528346
8069910	7.281975
8069933	5.190383
8069943	6.172336
8069983	6.593686
8069985	7.912328
8069987	6.052335
8069991	4.775325
8069998	6.333643
8070010	6.144785
8070046	5.517673
8070073	4.417155
8070081	6.276215
8070083	5.747362
8070097	4.133364
8070102	5.89535
8070129	6.528469
8070141	5.247612
8070160	7.566737
8070169	7.535516
8070171	5.610899
8070173	5.488997
8070182	6.347132
8070194	7.844516
8070213	3.115069
8070215	5.138384
8070231	4.05652
8070233	5.016474
8070239	5.512347
8070255	2.829532
8070257	5.539027
8070269	6.960871
8070279	4.197816
8070286	5.505181
8070295	4.36029
8070297	4.589837
8070315	5.091474
8070321	4.720963
8070328	5.068935
8070330	6.95594
8070341	8.191626
8070386	5.792624
8070389	7.929578
8070396	4.372416
8070398	4.025876
8070411	10.64775
8070421	5.011364
8070458	6.68129
8070467	11.93335
8070482	5.934515
8070489	9.905764
8070503	5.68229
8070538	8.191778
8070557	6.906996
8070563	5.428079
8070567	6.988236
8070574	5.776776
8070579	7.771914
8070584	5.647392
8070601	3.500141
8070603	5.78131
8070615	5.970096
8070629	5.303269
8070632	6.673036
8070655	7.962944
8070665	10.13702
8070681	5.980604
8070689	5.533678
8070701	12.35808
8070708	6.06483
8070712	4.767915
8070714	3.028949
8070716	5.889189
8070720	6.847859
8070730	5.537496
8070744	6.76367
8070755	1.944323
8070757	6.99233
8070771	7.905493
8070777	7.806987
8070780	6.501737
8070782	7.30121
8070786	7.190375
8070789	7.791685
8070791	6.693861
8070795	6.268184
8070799	6.938003
8070811	7.990629
8070819	10.81891
8070826	6.435168
8070847	6.354484
8070853	6.5926
8070863	5.162064
8070867	6.780521
8070876	5.902083
8070891	6.687288
8070896	6.115574
8070900	5.629885
8070905	5.647146
8070912	6.88427
8070925	6.536088
8070933	7.433065
8070953	7.192477
8070961	6.162293
8070988	5.940213
8071020	5.568406
8071036	4.219998
8071042	4.432559
8071044	6.299686
8071049	4.380674
8071051	6.44093
8071058	2.681249
8071061	4.974767
8071063	3.220296
8071069	6.873588
8071084	7.096166
8071086	5.662999
8071107	6.127929
8071119	6.268512
8071134	5.881292
8071136	6.648982
8071147	6.113138
8071155	6.443367
8071161	4.731558
8071168	6.550378
8071170	6.208027
8071179	8.312274
8071185	6.237497
8071194	5.00564
8071196	5.361716
8071202	2.567685
8071204	3.661885
8071206	4.980821
8071212	4.846558
8071234	7.14333
8071259	6.817795
8071268	6.682959
8071272	8.685075
8071274	9.020786
8071276	6.607862
8071289	7.429758
8071301	6.784357
8071312	7.512802
8071314	6.783792
8071332	6.112686
8071339	6.093939
8071355	6.574382
8071357	5.652636
8071361	4.581269
8071368	7.741224
8071371	4.687969
8071373	3.717523
8071375	4.70771
8071382	7.261027
8071390	3.283811
8071392	8.009336
8071411	6.390399
8071414	5.414582
8071420	4.40827
8071426	7.667811
8071434	8.290727
8071442	2.409702
8071444	6.025077
8071466	6.43909
8071489	6.236753
8071504	5.304358
8071516	7.424961
8071523	4.573705
8071530	6.051715
8071532	5.282914
8071536	7.818799
8071541	8.1359
8071543	4.687969
8071545	3.717523
8071547	6.472455
8071554	6.456713
8071559	6.725845
8071564	6.241373
8071566	7.634687
8071593	8.131605
8071595	5.207581
8071597	5.829792
8071642	5.73529
8071646	4.681621
8071649	9.380006
8071655	8.227709
8071658	5.3229
8071662	6.846342
8071671	5.960147
8071676	6.265449
8071691	9.000117
8071713	7.681317
8071715	7.195664
8071717	5.436266
8071737	8.369597
8071745	6.098569
8071758	6.446827
8071768	7.02757
8071783	6.315496
8071801	4.385237
8071804	7.435673
8071806	8.138345
8071809	5.740952
8071817	3.945629
8071819	6.60967
8071823	6.383429
8071861	6.579206
8071877	7.148604
8071881	9.051639
8071899	6.697599
8071907	5.876385
8071920	7.464191
8071927	7.788422
8071951	7.078895
8071953	6.184748
8071981	6.713068
8071989	7.622821
8071997	7.124508
8072004	7.630085
8072007	4.984657
8072009	6.951166
8072015	5.27906
8072039	5.608929
8072088	4.696018
8072108	5.283786
8072113	4.767725
8072122	6.314649
8072124	6.088402
8072131	2.310632
8072133	6.400629
8072139	2.108675
8072141	4.480149
8072143	5.910648
8072153	8.235429
8072160	5.560428
8072170	7.272709
8072187	2.365408
8072189	8.113662
8072206	9.091352
8072216	7.576909
8072226	3.590844
8072229	4.337586
8072242	6.656448
8072266	5.646916
8072272	6.115858
8072274	7.60196
8072279	9.585678
8072302	7.50051
8072304	3.86456
8072314	5.13132
8072316	6.529922
8072328	7.238677
8072344	5.10212
8072346	6.43689
8072353	5.449445
8072355	5.285911
8072358	6.231279
8072360	5.679399
8072374	6.201298
8072382	6.772489
8072400	3.768501
8072407	9.490699
8072411	6.185135
8072413	6.64912
8072436	6.629421
8072454	6.222872
8072461	6.588187
8072482	5.99332
8072484	6.665104
8072486	5.679166
8072488	5.416254
8072494	7.341178
8072529	5.74257
8072573	4.006933
8072575	2.31033
8072577	6.348699
8072582	4.875754
8072584	4.205355
8072587	5.494262
8072603	4.388291
8072605	2.798934
8072610	8.383049
8072626	7.275146
8072636	4.842234
8072645	7.54228
8072659	9.30585
8072678	11.12102
8072687	6.047775
8072705	5.254433
8072710	8.071932
8072721	4.408252
8072727	2.128869
8072729	6.140329
8072731	2.389264
8072733	3.102098
8072735	7.753924
8072744	5.631989
8072757	9.233654
8072775	2.854814
8072777	6.830049
8072784	7.501296
8072796	6.652717
8072798	6.288826
8072817	8.606596
8072825	7.103443
8072847	7.530246
8072870	7.970168
8072876	7.410357
8072883	6.498125
8072894	7.354157
8072924	3.991167
8072926	9.948174
8072931	6.039934
8072941	7.378736
8072946	7.87755
8072960	3.343551
8072962	7.54963
8072979	6.804244
8072989	6.634035
8073007	9.135244
8073013	8.570353
8073015	4.957542
8073022	5.586405
8073032	5.654399
8073039	9.00548
8073056	8.143888
8073062	7.626872
8073068	6.899857
8073072	6.869264
8073081	5.429677
8073088	5.059562
8073096	5.373793
8073104	6.54789
8073114	5.889662
8073129	7.705965
8073135	5.60612
8073148	7.553913
8073152	5.679249
8073192	8.304186
8073194	5.473121
8073207	6.350977
8073214	6.219856
8073242	5.71636
8073259	6.647334
8073293	5.711162
8073296	6.289091
8073309	7.215546
8073311	5.980068
8073328	3.905682
8073330	2.885461
8073332	3.528575
8073334	6.752895
8073341	3.624588
8073343	6.697126
8073345	8.376184
8073379	6.74714
8073397	7.454696
8073422	7.260908
8073430	7.743718
8073449	7.324029
8073457	7.982961
8073470	6.154184
8073474	5.018201
8073511	6.42344
8073513	6.429367
8073522	7.312859
8073544	3.39366
8073546	7.016829
8073548	5.023102
8073562	4.775833
8073573	7.138155
8073578	7.169423
8073582	5.892364
8073585	6.870951
8073596	6.103366
8073603	7.519688
8073605	6.138344
8073612	7.334364
8073623	7.1474
8073631	4.927926
8073633	5.938777
8073645	5.738211
8073662	5.871529
8073680	7.765349
8073682	5.740257
8073698	5.759851
8073705	7.139389
8073733	7.866057
8073743	7.399278
8073752	7.640041
8073766	5.110237
8073775	6.255726
8073799	6.377488
8073816	6.33706
8073822	6.838221
8073824	7.512186
8073826	6.197031
8073842	6.294073
8073858	4.619953
8073875	6.454183
8073890	6.510689
8073909	8.069679
8073924	5.833835
8073929	7.841145
8073939	5.603848
8073941	6.443501
8073943	6.609969
8073949	6.607491
8073960	9.718679
8073962	5.485709
8073992	7.450377
8074003	7.685921
8074020	6.820569
8074030	6.995108
8074057	6.059105
8074059	3.764294
8074061	9.205582
8074063	7.61693
8074070	7.812717
8074082	6.847539
8074106	6.921761
8074108	6.698182
8074131	6.817246
8074153	5.92167
8074157	8.21436
8074168	6.620399
8074170	4.188735
8074192	4.848178
8074194	4.091691
8074196	6.716166
8074201	3.802751
8074204	3.494334
8074210	3.324482
8074212	6.128901
8074223	7.005173
8074227	6.593366
8074237	6.485258
8074249	3.158116
8074251	8.301921
8074261	7.057285
8074274	6.346005
8074286	5.700778
8074307	6.403182
8074309	4.506462
8074316	7.510874
8074330	5.14788
8074335	5.54242
8074349	7.810802
8074364	5.719247
8074371	6.692031
8074384	7.95965
8074388	7.818828
8074399	5.080213
8074432	6.273393
8074458	7.282916
8074464	6.868542
8074473	7.217385
8074481	6.559567
8074498	6.871041
8074522	6.488955
8074541	6.929753
8074556	2.776217
8074558	7.102646
8074565	7.24188
8074569	6.446058
8074577	8.403882
8074591	4.255181
8074593	6.389012
8074597	4.941584
8074606	6.131145
8074615	5.41306
8074617	6.476655
8074632	6.393882
8074640	2.923127
8074642	6.493509
8074644	10.30894
8074647	7.146165
8074688	6.570725
8074695	6.362284
8074701	6.332661
8074712	6.051715
8074714	6.099899
8074716	7.472896
8074730	6.582988
8074734	5.874793
8074737	4.573705
8074744	3.717523
8074746	4.687969
8074748	8.188977
8074769	3.8556
8074771	6.379529
8074773	6.955805
8074780	6.002991
8074789	4.865276
8074791	9.390234
8074806	7.114391
8074817	6.092985
8074836	4.191017
8074842	6.921648
8074845	4.892643
8074853	3.868997
8074856	5.264369
8074867	6.510329
8074869	5.03268
8074878	8.337411
8074880	6.209177
8074884	3.08118
8074886	3.228851
8074888	6.278818
8074890	5.794995
8074892	6.47138
8074897	4.411119
8074909	7.344978
8074916	3.980333
8074925	8.698182
8074927	8.578935
8074931	5.986035
8074934	6.56003
8074939	7.525946
8074944	6.883025
8074956	4.390128
8074958	3.905682
8074962	5.740952
8074969	6.675204
8074972	5.084145
8074978	3.113182
8074980	7.210636
8074988	3.409169
8074991	7.434563
8075005	6.634194
8075009	8.397078
8075016	6.431783
8075024	6.442514
8075026	4.67096
8075049	5.832945
8075052	6.272351
8075059	4.725013
8075061	2.798584
8075063	5.888586
8075089	7.450189
8075106	6.83538
8075118	6.710957
8075126	5.732306
8075130	9.135597
8075142	4.549911
8075160	5.853314
8075164	3.71701
8075182	8.286615
8075190	5.629522
8075192	3.079406
8075198	2.435153
8075200	7.372414
8075211	6.695672
8075217	7.87362
8075239	5.971497
8075263	6.197174
8075276	7.383496
8075285	9.450045
8075306	5.524049
8075310	4.707391
8075316	7.556989
8075322	6.226704
8075332	7.470586
8075343	7.982912
8075363	4.487153
8075365	6.596543
8075375	4.530042
8075390	5.947866
8075401	6.061396
8075406	6.226912
8075423	5.514898
8075430	6.720647
8075458	6.699676
8075462	7.505767
8075468	6.306981
8075477	4.587215
8075479	3.943365
8075481	4.10711
8075483	10.05329
8075493	6.93318
8075505	2.798934
8075507	7.602099
8075529	6.602905
8075542	7.017011
8075550	5.295931
8075553	5.342244
8075555	5.47675
8075564	3.908265
8075569	4.900831
8075585	8.238038
8075600	3.84532
8075616	6.293385
8075633	5.909609
8075635	4.537977
8075637	7.120753
8075657	6.709496
8075659	5.501954
8075668	6.516687
8075673	8.351132
8075691	9.946633
8075693	2.475348
8075695	5.853514
8075705	8.273723
8075707	2.350787
8075709	6.064764
8075720	5.502787
8075728	7.750673
8075778	5.439307
8075785	5.594103
8075798	7.709793
8075817	7.105193
8075820	4.176726
8075828	6.124919
8075838	5.472857
8075846	4.909774
8075850	4.981872
8075857	9.083984
8075863	6.661124
8075865	6.133734
8075886	6.050358
8075897	6.70423
8075906	7.878884
8075910	7.583074
8075918	5.613088
8075921	5.531582
8075924	5.468884
8075934	6.888821
8075956	5.412056
8075963	7.300617
8075969	5.590264
8075971	7.341431
8075981	5.588206
8075992	6.571419
8076002	7.363211
8076007	7.106344
8076025	5.980873
8076046	7.795394
8076056	10.52833
8076072	7.112973
8076077	9.768229
8076094	4.081305
8076113	4.782397
8076128	8.397429
8076137	8.237823
8076161	6.236178
8076169	7.447383
8076176	7.237082
8076185	6.745873
8076193	5.824691
8076195	6.736826
8076209	9.923592
8076219	6.525575
8076221	6.956909
8076223	8.257058
8076225	7.21991
8076231	3.727357
8076239	3.159213
8076241	6.988383
8076260	6.72124
8076272	8.529961
8076292	4.304074
8076298	8.868477
8076300	4.932916
8076302	7.64956
8076307	6.931281
8076327	5.461407
8076329	3.167943
8076331	7.212435
8076339	7.189335
8076344	7.098475
8076355	6.545379
8076365	6.861977
8076374	6.1808
8076382	4.514447
8076384	4.944316
8076387	7.016343
8076393	6.247888
8076403	7.113565
8076415	3.277715
8076417	7.116448
8076424	7.497731
8076431	6.743792
8076436	6.880703
8076441	6.799638
8076449	8.499089
8076455	8.349744
8076461	8.139576
8076463	3.036009
8076465	8.543412
8076481	7.761825
8076493	4.897335
8076497	7.911179
8076509	5.947035
8076511	9.442414
8076513	7.507726
8076515	7.478504
8076533	8.480841
8076547	6.172453
8076561	6.698296
8076563	6.712541
8076569	7.770884
8076584	6.566154
8076586	6.383381
8076612	4.255568
8076644	4.586949
8076655	5.475712
8076668	5.770576
8076673	5.795459
8076677	7.403515
8076690	7.506856
8076704	3.077602
8076732	8.195163
8076734	6.997172
8076739	6.386579
8076744	6.296925
8076747	8.614809
8076749	5.968279
8076754	4.913423
8076757	6.757324
8076792	8.046136
8076813	4.886215
8076815	5.30092
8076819	5.052984
8076826	5.580344
8076836	7.530001
8076851	7.52718
8076865	6.526066
8076882	4.66059
8076894	6.006354
8076909	6.378832
8076937	6.894223
8076962	6.171454
8076978	6.17384
8076998	9.954789
8077036	7.155685
8077042	7.799246
8077082	6.477481
8077099	6.869641
8077103	7.681001
8077116	7.105853
8077123	6.095383
8077160	6.806147
8077169	3.696476
8077171	7.635814
8077185	6.80321
8077192	5.921071
8077198	4.55259
8077204	6.067441
8077211	6.628024
8077226	5.897562
8077238	7.049575
8077250	6.935717
8077262	5.161406
8077270	4.956225
8077299	4.509121
8077323	3.424721
8077351	7.503971
8077353	4.176457
8077366	3.278152
8077370	5.969764
8077376	5.850059
8077441	9.259996
8077450	9.006263
8077458	8.61963
8077472	4.204379
8077490	6.277827
8077499	3.232862
8077503	5.587212
8077511	3.432289
8077513	5.918712
8077526	9.904975
8077528	8.227863
8077550	7.356074
8077572	5.124122
8077595	6.297997
8077612	6.535337
8077635	5.809895
8077652	8.656647
8077663	6.723034
8077668	5.523871
8077688	6.849176
8077712	6.349003
8077728	6.113559
8077731	5.366215
8077768	2.954016
8077770	7.87076
8077777	3.997945
8077779	8.468227
8077781	6.52483
8077786	8.349658
8077804	6.568472
8077815	5.638536
8077817	6.456618
8077833	5.39572
8077851	7.880722
8077858	7.124271
8077877	5.192702
8077879	6.332797
8077899	6.611238
8077914	5.680737
8077929	4.710668
8077931	8.292172
8077942	2.584719
8077944	5.995622
8077958	6.37066
8077970	6.356434
8077989	6.47302
8077993	6.550279
8078008	6.831439
8078012	4.29028
8078014	7.037954
8078033	5.292089
8078046	4.896178
8078066	4.873775
8078091	7.480405
8078110	6.311094
8078134	2.85344
8078136	7.043042
8078138	7.786875
8078147	6.278263
8078155	5.12747
8078173	5.553613
8078187	5.201649
8078196	3.525718
8078214	9.666419
8078225	5.335683
8078227	7.626039
8078248	8.619373
8078252	5.064687
8078260	5.85119
8078262	6.747251
8078270	7.812993
8078272	9.154941
8078284	4.920092
8078286	6.091957
8078300	5.338687
8078305	5.77332
8078310	4.159995
8078312	4.936316
8078319	3.717935
8078330	4.200366
8078350	8.880919
8078360	8.156973
8078378	6.128438
8078380	4.817445
8078382	3.891379
8078386	6.623631
8078395	4.027673
8078397	5.943615
8078405	6.559741
8078412	5.489844
8078435	7.17859
8078442	5.210715
8078450	6.481341
8078461	5.063378
8078479	9.963021
8078497	4.338193
8078527	4.723488
8078529	4.046366
8078542	4.773865
8078544	5.648546
8078565	2.527151
8078567	5.891758
8078569	6.871041
8078600	7.682119
8078605	5.225176
8078619	6.087499
8078650	6.075649
8078663	4.84811
8078665	7.036955
8078688	2.874138
8078690	5.976546
8078729	8.767345
8078738	9.603662
8078759	5.621508
8078772	5.251526
8078784	5.322731
8078805	5.498901
8078818	4.430578
8078832	4.174367
8078834	7.399145
8078857	6.076832
8078888	4.162182
8078896	3.708692
8078898	6.988563
8078905	8.415636
8078916	5.992535
8078918	7.734769
8078920	5.107772
8078933	4.832271
8078956	2.760537
8078960	4.172842
8078962	5.604941
8078971	6.509336
8078984	6.314728
8078991	5.052789
8078999	5.774196
8079005	5.667365
8079019	9.784915
8079021	9.141296
8079037	6.916541
8079060	6.861129
8079074	7.484912
8079079	5.509542
8079099	6.89126
8079107	6.399299
8079117	5.964081
8079124	6.402892
8079131	5.267165
8079138	5.842433
8079140	10.84491
8079149	9.827662
8079153	11.01279
8079163	4.32173
8079165	5.415685
8079167	8.192616
8079170	6.362268
8079187	4.3679
8079189	5.092792
8079198	2.586007
8079204	4.495278
8079217	5.942451
8079224	3.905682
8079229	5.00245
8079237	2.844843
8079274	6.670766
8079279	5.621478
8079294	5.315763
8079305	7.078006
8079311	6.031484
8079334	7.103034
8079346	6.687271
8079370	4.123604
8079375	3.169488
8079377	5.462033
8079383	4.215164
8079392	4.296494
8079401	5.040418
8079407	5.573911
8079415	3.399425
8079420	5.450234
8079422	2.917897
8079426	6.590072
8079433	6.259395
8079462	7.123254
8079517	6.28435
8079532	7.113092
8079561	3.609521
8079563	6.407357
8079590	6.41506
8079598	5.499119
8079613	3.041392
8079615	3.908145
8079628	4.998946
8079630	6.729138
8079637	6.349237
8079662	6.530031
8079677	7.039458
8079693	6.966617
8079707	7.661864
8079719	3.716148
8079731	3.198567
8079733	7.969721
8079740	4.044635
8079742	3.246274
8079744	2.511386
8079746	7.293501
8079753	6.704694
8079759	5.409444
8079772	6.7712
8079796	6.634282
8079839	5.737832
8079842	5.792779
8079867	5.729727
8079869	7.911945
8079896	8.068274
8079919	5.525625
8079931	5.010861
8079950	8.56739
8079964	7.428775
8079966	6.317799
8079988	7.179761
8079993	6.341422
8079999	3.455159
8080001	5.698698
8080013	7.415346
8080028	5.144094
8080082	3.797907
8080084	8.288623
8080093	7.026531
8080100	6.566529
8080121	7.642212
8080128	5.460361
8080138	2.634365
8080142	4.937214
8080144	6.117311
8080158	6.988667
8080162	6.716507
8080168	6.899137
8080184	9.436724
8080198	6.151215
8080212	6.87355
8080226	5.852585
8080306	4.971195
8080320	7.082732
8080344	6.126462
8080416	5.128212
8080419	8.479185
8080438	8.339124
8080445	5.513773
8080466	5.780439
8080487	9.059011
8080509	3.40079
8080511	5.341588
8080562	4.714842
8080578	5.33286
8080617	4.065592
8080619	6.689582
8080621	3.770429
8080640	4.05418
8080645	5.741343
8080674	3.575028
8080676	4.992204
8080683	3.60204
8080685	9.409088
8080714	7.671803
8080762	5.891056
8080773	6.037526
8080781	5.689802
8080804	5.789654
8080810	4.666656
8080847	4.475277
8080853	4.601009
8080855	3.192756
8080863	2.515806
8080868	4.09875
8080878	7.949665
8080894	4.13035
8080896	5.261487
8080911	4.881485
8080918	3.675633
8080923	8.171066
8080926	7.495245
8080936	7.015829
8080938	5.456481
8080956	2.662903
8080958	7.879592
8080960	5.222278
8080962	4.907698
8080964	3.070585
8080973	8.030866
8080980	4.950308
8080983	3.128148
8080987	3.844134
8080989	2.087182
8080991	9.689552
8080994	3.303923
8080998	8.206849
8081001	4.282221
8081028	7.133595
8081030	4.851131
8081032	3.761208
8081036	4.916726
8081051	2.397749
8081053	4.582496
8081055	9.083071
8081065	3.131305
8081067	4.332182
8081069	7.111335
8081073	6.382623
8081079	2.375356
8081081	3.811177
8081103	3.026098
8081105	4.919011
8081107	2.967545
8081109	2.742445
8081111	2.158009
8081113	2.463461
8081115	5.037605
8081128	7.768266
8081135	7.383755
8081138	3.505124
8081158	3.674811
8081171	7.591116
8081192	2.727904
8081194	2.517317
8081196	2.296132
8081198	2.611401
8081200	3.909286
8081202	3.005853
8081204	3.340307
8081206	2.598743
8081208	3.4173
8081210	2.20561
8081212	2.884032
8081214	5.333949
8081217	4.100498
8081219	4.587215
8081233	3.040324
8081235	4.391487
8081241	4.8242
8081254	4.953438
8081256	8.002255
8081277	5.614465
8081288	4.337671
8081298	3.388402
8081316	7.529886
8081331	2.560894
8081333	2.422119
8081335	4.380782
8081337	2.564785
8081339	3.193583
8081341	3.550052
8081343	5.165006
8081348	7.467163
8081354	3.544494
8081356	2.225496
8081358	6.280336
8081362	5.011336
8081375	4.916227
8081386	9.378842
8081405	5.102889
8081407	4.423484
8081427	5.020622
8081429	4.202538
8081431	7.506283
8081452	2.395317
8081454	3.098536
8081456	2.308516
8081458	3.086439
8081460	2.921392
8081462	2.891118
8081465	6.844568
8081488	3.734808
8081501	3.848254
8081503	4.188305
8081537	3.791029
8081546	5.257513
8081548	5.239142
8081564	5.005324
8081582	7.775762
8081590	5.185848
8081612	4.692688
8081620	5.265665
8081631	5.273828
8081645	6.095201
8081657	4.886408
8081667	7.80648
8081676	6.012357
8081686	4.678939
8081710	6.122848
8081740	8.798571
8081758	8.805714
8081779	7.109354
8081786	4.66816
8081799	4.713331
8081808	2.732291
8081810	5.130188
8081818	5.051087
8081820	6.026485
8081822	3.121415
8081826	7.513855
8081838	5.021094
8081853	4.44758
8081867	7.430249
8081878	7.435383
8081880	4.813467
8081890	5.288537
8081903	3.217171
8081925	4.345556
8081941	4.002784
8081943	2.38144
8081945	7.755027
8081951	2.713197
8081953	6.36026
8081959	3.457545
8081989	4.04572
8081995	5.603395
8081997	4.149844
8082003	5.43306
8082012	9.926125
8082035	4.106137
8082046	5.637974
8082058	9.660343
8082066	5.734227
8082075	7.542125
8082086	3.879221
8082100	8.177361
8082118	3.948853
8082120	9.861283
8082133	5.309194
8082153	5.929718
8082163	7.429268
8082165	5.310833
8082229	6.079394
8082236	3.429128
8082238	4.177174
8082240	2.524632
8082242	3.522395
8082244	7.825701
8082246	6.834021
8082248	7.573089
8082250	5.067426
8082252	4.639137
8082254	6.468165
8082261	5.425974
8082270	4.876357
8082289	6.811988
8082298	5.399705
8082305	6.651476
8082314	6.422027
8082347	5.041263
8082350	6.361115
8082368	6.455228
8082380	7.539102
8082400	5.820694
8082406	6.180649
8082408	7.997725
8082422	6.972041
8082431	10.41702
8082442	6.715849
8082444	6.512871
8082465	7.323298
8082473	6.066894
8082478	7.255367
8082504	8.352388
8082517	6.73116
8082523	5.562361
8082552	5.804854
8082560	7.071046
8082570	3.67339
8082572	2.409832
8082574	5.897742
8082583	4.86161
8082585	3.666303
8082597	4.472994
8082605	4.500625
8082607	6.178792
8082643	4.848339
8082663	6.61012
8082667	6.439367
8082673	4.913896
8082688	6.120766
8082745	2.695521
8082750	5.676056
8082767	3.915654
8082774	5.612418
8082786	2.488759
8082788	8.154989
8082797	5.02435
8082816	5.556476
8082827	5.306417
8082846	5.403333
8082869	5.136825
8082886	6.153546
8082905	4.823093
8082911	8.019544
8082916	7.970341
8082926	5.326133
8082928	5.609951
8082940	6.38389
8082965	5.487624
8082974	4.723491
8083000	4.930771
8083011	5.124425
8083025	5.294201
8083030	7.730937
8083032	13.29877
8083034	5.190534
8083053	4.894108
8083063	6.390571
8083071	6.389463
8083075	5.3351
8083090	9.495747
8083092	8.766542
8083094	8.079353
8083119	6.264679
8083129	3.893223
8083136	5.401702
8083142	4.159749
8083144	2.498023
8083146	8.687564
8083164	6.750305
8083166	3.800929
8083183	6.741822
8083214	6.818756
8083221	7.281426
8083223	8.680107
8083227	4.667006
8083229	3.047929
8083233	4.507133
8083240	4.659003
8083246	4.186742
8083260	3.627463
8083272	7.242601
8083282	6.86831
8083301	3.912665
8083310	7.029785
8083318	5.262422
8083320	3.516256
8083324	9.457571
8083333	5.760402
8083352	9.591057
8083360	4.422806
8083407	5.109283
8083409	3.478749
8083415	2.968461
8083422	2.951344
8083429	7.237508
8083445	5.631866
8083447	6.105187
8083453	4.520055
8083455	2.586638
8083457	8.766867
8083463	4.630491
8083467	2.788743
8083469	6.78995
8083471	7.839859
8083492	3.631371
8083494	6.507177
8083523	5.658289
8083538	3.915941
8083546	4.531619
8083569	11.15571
8083576	4.551297
8083592	4.175416
8083594	3.811514
8083599	4.719703
8083605	5.987489
8083616	4.566939
8083630	5.065049
8083652	5.511847
8083656	8.492616
8083673	6.218798
8083677	5.837219
8083690	5.652125
8083704	5.251854
8083707	7.976284
8083709	10.81881
8083737	6.421124
8083739	3.46006
8083743	4.370441
8083745	3.278957
8083747	2.954428
8083749	7.563977
8083757	6.645548
8083770	5.930369
8083775	4.166075
8083777	6.468823
8083779	4.389863
8083792	8.590075
8083794	6.061739
8083808	3.863846
8083814	3.678746
8083826	6.101134
8083839	6.799143
8083848	5.027678
8083850	5.155528
8083852	2.656986
8083854	8.384003
8083876	9.126909
8083887	7.345142
8083893	6.152611
8083895	3.548238
8083897	4.3151
8083901	9.314042
8083933	7.122464
8083935	4.996829
8083937	2.918517
8083939	3.150065
8083941	4.883212
8083968	3.93763
8083978	6.052622
8083994	2.84594
8083996	3.308566
8083998	2.424594
8084000	3.615905
8084002	4.461139
8084012	5.652265
8084014	2.504249
8084016	7.327904
8084035	4.440884
8084045	6.764989
8084064	5.464937
8084067	5.338431
8084092	8.056205
8084100	4.69569
8084122	6.024056
8084124	2.209161
8084126	3.483939
8084128	5.244572
8084146	7.869983
8084165	6.130401
8084169	2.984979
8084171	2.797222
8084173	8.222804
8084206	9.550292
8084213	5.089791
8084215	5.274559
8084217	3.109947
8084219	9.734498
8084232	5.768264
8084266	4.873989
8084275	4.877445
8084284	5.202109
8084299	3.354922
8084303	6.258068
8084323	7.82077
8084345	8.858015
8084360	6.441412
8084382	5.944003
8084397	6.560012
8084423	6.584515
8084439	8.108788
8084478	6.137348
8084488	6.833538
8084496	6.387032
8084524	7.159949
8084541	5.699384
8084589	8.263534
8084605	5.959692
8084607	7.335099
8084627	3.93081
8084630	6.425997
8084634	7.925997
8084648	4.618191
8084657	4.195407
8084668	3.614938
8084679	4.56621
8084694	9.187532
8084704	6.163749
8084708	7.566575
8084710	5.730076
8084715	7.494562
8084717	6.315782
8084726	6.106068
8084732	6.677675
8084737	2.704791
8084739	7.165724
8084742	8.933939
8084755	3.836541
8084757	9.186244
8084766	4.770267
8084788	4.75421
8084794	8.02672
8084812	4.046666
8084814	3.409564
8084818	6.297392
8084832	5.118426
8084834	3.298484
8084838	5.537213
8084844	8.277565
8084878	5.898071
8084880	9.505635
8084887	5.27041
8084889	5.914783
8084891	7.059262
8084895	11.1108
8084904	10.66607
8084912	9.431853
8084917	6.969718
8084921	5.537721
8084923	5.090452
8084927	3.609121
8084929	5.950107
8084941	5.353182
8084943	3.733611
8084945	5.941036
8084947	4.674362
8084951	6.240346
8084955	5.195906
8084963	7.16054
8084971	7.553914
8084982	5.763943
8084986	7.130188
8085000	5.876143
8085024	4.587215
8085026	9.588956
8085033	4.775472
8085052	2.903138
8085054	6.239594
8085056	4.169897
8085058	3.432466
8085062	3.60621
8085081	6.646493
8085094	7.045913
8085112	4.035798
8085114	3.587355
8085116	6.34474
8085118	6.231642
8085120	5.769061
8085122	6.145537
8085138	5.601276
8085145	6.267906
8085164	6.015648
8085193	5.672321
8085195	7.30658
8085206	5.962198
8085220	6.396501
8085233	6.757434
8085244	5.646531
8085253	5.749253
8085255	5.9913
8085263	9.468657
8085272	7.389431
8085276	6.843686
8085283	5.857004
8085287	3.442632
8085293	6.057989
8085300	6.125851
8085311	6.332227
8085340	7.380189
8085350	5.315245
8085360	4.928743
8085370	9.518389
8085372	5.442764
8085374	9.718077
8085393	9.928933
8085407	5.342042
8085412	7.354534
8085429	6.583755
8085431	6.556055
8085475	6.582235
8085481	5.512229
8085486	5.378295
8085504	6.43913
8085529	2.924497
8085531	5.660064
8085537	5.385634
8085554	4.112607
8085556	6.186582
8085571	5.54971
8085579	2.773719
8085581	6.390836
8085606	6.412041
8085608	5.666527
8085628	6.872721
8085660	6.570768
8085665	6.590513
8085676	4.260032
8085689	5.629774
8085714	10.1276
8085716	7.998438
8085730	2.819566
8085732	2.8015
8085749	2.694113
8085754	3.823678
8085768	5.743841
8085770	3.172559
8085772	2.199224
8085774	3.536926
8085784	3.269051
8085786	3.490424
8085788	6.211195
8085797	6.927559
8085811	3.742602
8085813	5.07901
8085815	6.434202
8085852	6.470695
8085867	4.794153
8085912	2.773764
8085914	5.491573
8085946	6.523351
8085954	6.746303
8085967	5.696149
8085970	4.093887
8085972	3.422625
8085984	7.923374
8085999	8.906078
8086008	5.367008
8086024	5.048383
8086028	6.85194
8086048	6.970782
8086051	6.309636
8086057	6.796582
8086075	4.707458
8086077	6.960704
8086120	4.114771
8086125	6.553764
8086139	4.002941
8086141	5.114682
8086148	9.243916
8086150	7.546603
8086181	4.742165
8086183	6.481391
8086185	6.322161
8086201	8.466022
8086216	3.04149
8086218	2.347246
8086222	5.461923
8086255	4.544545
8086283	4.282513
8086313	3.265048
8086315	4.269317
8086317	7.545185
8086330	9.166815
8086341	6.065504
8086344	4.485031
8086350	2.933878
8086352	4.654572
8086368	4.533139
8086370	2.488769
8086372	4.537528
8086389	3.487861
8086391	6.412611
8086400	5.249899
8086406	4.266174
8086417	8.651704
8086419	5.903589
8086434	6.412172
8086451	8.080415
8086457	4.649389
8086462	6.936295
8086465	2.583329
8086467	6.582385
8086482	6.024439
8086494	5.45064
8086498	5.378085
8086503	6.102676
8086505	8.191501
8086517	9.703854
8086530	8.052383
8086536	3.107268
8086538	6.809151
8086540	5.715834
8086555	4.234707
8086572	7.735888
8086595	5.645996
8086600	5.018007
8086607	6.003855
8086615	3.448712
8086627	8.30493
8086660	7.562226
8086669	6.088434
8086683	8.146674
8086689	4.761565
8086698	7.325758
8086706	6.766805
8086729	4.425203
8086752	8.566191
8086754	7.510494
8086784	5.186069
8086797	4.133639
8086799	5.463841
8086810	7.873475
8086842	6.496021
8086876	4.974265
8086880	5.636098
8086899	5.084778
8086908	6.792672
8086949	5.277468
8086953	8.158475
8086961	6.404367
8086981	5.809842
8086985	7.477481
8087100	6.389115
8087116	7.955216
8087119	5.204832
8087145	5.406178
8087182	6.12665
8087201	8.207943
8087210	6.787416
8087224	4.567733
8087234	7.266391
8087236	6.669186
8087250	6.691164
8087252	6.755891
8087254	6.792941
8087271	7.743984
8087283	7.88279
8087308	7.523638
8087337	6.315443
8087372	6.639032
8087374	5.993412
8087380	7.937077
8087405	8.559707
8087409	10.47394
8087419	6.461765
8087433	6.571573
8087447	5.053162
8087453	6.155844
8087461	7.371162
8087473	8.039196
8087481	6.920876
8087485	6.552172
8087513	5.943608
8087530	5.404247
8087547	5.961748
8087568	5.35485
8087576	6.419421
8087596	6.188905
8087611	6.282377
8087624	7.217935
8087634	7.635817
8087640	6.521496
8087653	6.25215
8087669	6.106286
8087685	7.504158
8087691	5.72344
8087731	6.754156
8087739	6.936138
8087746	4.243579
8087748	6.867538
8087778	3.946398
8087780	7.26051
8087782	4.16624
8087790	6.356152
8087806	6.24848
8087825	6.050392
8087830	6.634873
8087833	6.557997
8087839	5.725456
8087852	6.501399
8087860	7.793541
8087874	8.145034
8087881	5.292817
8087883	4.48415
8087885	7.118565
8087907	6.579706
8087925	5.96853
8087935	6.960073
8087951	8.736569
8087985	6.273402
8088001	6.83393
8088020	5.91315
8088047	5.707572
8088054	7.305455
8088065	6.154825
8088090	6.871041
8088092	6.090251
8088106	7.346416
8088126	3.044169
8088128	7.208983
8088140	2.171705
8088142	6.08719
8088151	6.070908
8088167	9.001521
8088172	5.325648
8088174	4.137569
8088180	8.17281
8088192	4.704799
8088212	4.826532
8088219	6.268476
8088247	4.792899
8088264	5.434947
8088285	4.007895
8088292	3.359328
8088299	3.171274
8088315	3.230639
8088322	3.548599
8088335	3.457603
8088337	4.274273
8088339	10.63756
8088348	8.359899
8088369	7.411052
8088371	4.275345
8088384	6.525924
8088397	4.760689
8088415	6.68484
8088425	9.456446
8088436	3.66389
8088458	4.984542
8088468	3.632566
8088472	2.998628
8088474	8.292451
8088478	7.70942
8088480	6.961486
8088485	5.553429
8088491	4.209858
8088524	3.574549
8088526	5.814096
8088535	6.480049
8088546	4.981536
8088548	3.921904
8088550	5.57353
8088560	5.788405
8088602	7.765416
8088634	4.980692
8088636	6.656558
8088642	6.105437
8088664	7.316027
8088669	4.087111
8088671	5.344893
8088680	6.127659
8088700	8.686073
8088718	8.209932
8088739	3.482349
8088745	7.551044
8088768	6.296603
8088770	5.244027
8088772	4.542703
8088776	7.939817
8088803	7.924107
8088813	8.394991
8088820	8.698217
8088828	3.754959
8088830	6.080719
8088842	2.319226
8088844	3.176763
8088846	5.378722
8088848	5.559537
8088864	3.208376
8088866	4.76513
8088889	7.128696
8088891	4.949265
8088893	6.11311
8088895	5.787998
8088903	4.293215
8088905	8.298778
8088908	2.813963
8088911	6.054087
8088917	2.471691
8088919	7.082415
8088952	5.554114
8088954	2.541732
8088956	3.799873
8088958	7.587532
8088977	3.704502
8088979	5.138824
8088986	4.319687
8088996	1.866882
8088998	2.292701
8089000	7.105186
8089007	2.897886
8089009	2.452466
8089011	3.855669
8089013	4.359034
8089015	5.416342
8089026	4.548764
8089029	6.180441
8089034	5.037195
8089036	5.568805
8089038	8.355772
8089040	5.198078
8089060	2.859147
8089062	8.716669
8089072	5.960639
8089082	5.603647
8089106	2.354651
8089108	4.647959
8089112	5.275983
8089128	6.167025
8089145	5.045572
8089185	4.42932
8089203	5.203091
8089230	8.919494
8089232	2.921138
8089234	6.50685
8089247	2.812353
8089249	8.301336
8089255	2.764904
8089259	3.831924
8089261	8.66085
8089283	2.382335
8089285	7.175991
8089287	2.166419
8089289	2.166972
8089291	3.526423
8089293	4.468925
8089295	4.078737
8089299	8.948549
8089314	4.854657
8089329	3.876843
8089372	3.884832
8089394	5.850155
8089402	2.861215
8089407	3.803874
8089436	4.054188
8089438	3.050015
8089448	4.391652
8089457	3.066343
8089459	3.182302
8089462	5.556146
8089464	5.004183
8089467	7.220566
8089472	5.104169
8089478	4.967511
8089489	3.204601
8089519	4.728001
8089527	7.384123
8089544	5.537958
8089559	3.540263
8089568	5.669104
8089584	6.040097
8089596	5.419743
8089606	4.8238
8089627	5.01811
8089647	6.833348
8089652	10.52428
8089659	4.248467
8089677	8.323408
8089679	4.259255
8089694	4.084131
8089701	5.848115
8089714	5.207113
8089723	6.706354
8089727	3.470275
8089729	5.601667
8089743	7.523938
8089757	2.535021
8089759	6.35628
8089771	4.6033
8089785	3.547941
8089795	7.349545
8089801	7.446527
8089818	5.853843
8089820	3.723408
8089830	5.79846
8089835	9.471243
8089849	5.569675
8089851	4.878204
8089867	7.713279
8089873	6.530872
8089875	3.546838
8089911	6.329532
8089926	5.48151
8089930	7.8404
8089954	5.119352
8089970	6.921961
8089986	3.649532
8089988	5.086436
8089993	5.516585
8089999	6.62027
8090018	8.440581
8090030	5.867974
8090044	7.183527
8090070	6.348398
8090091	6.565299
8090098	5.535053
8090133	4.587215
8090152	4.458451
8090162	7.085943
8090180	5.101147
8090193	10.33887
8090212	3.880662
8090214	7.935282
8090235	2.781876
8090237	7.121753
8090256	5.116936
8090277	6.319829
8090291	7.080813
8090295	6.328575
8090314	8.079144
8090341	7.131133
8090343	6.561963
8090349	6.898082
8090351	7.165967
8090364	6.152547
8090366	5.538861
8090388	5.851026
8090395	4.78929
8090416	4.333489
8090418	2.112108
8090420	9.698574
8090433	7.187473
8090448	5.341579
8090462	6.989249
8090464	5.377915
8090469	6.474125
8090485	7.069326
8090490	7.162946
8090503	5.392193
8090505	5.352053
8090507	5.146669
8090509	3.403573
8090511	4.774475
8090518	5.588017
8090529	7.277449
8090533	5.571622
8090546	8.085231
8090555	8.553876
8090559	6.353757
8090565	6.760646
8090567	4.711067
8090577	6.23664
8090591	5.941135
8090630	7.705702
8090637	6.866601
8090639	6.52231
8090660	2.727938
8090662	2.910904
8090664	4.660896
8090674	4.290569
8090676	2.652054
8090678	6.704384
8090688	4.340931
8090690	4.232757
8090715	4.181018
8090737	5.04458
8090770	7.804301
8090772	6.162172
8090801	3.778422
8090803	5.206713
8090817	5.674559
8090823	6.305146
8090840	7.091832
8090852	8.169657
8090866	7.795911
8090872	5.64205
8090889	3.209297
8090891	6.84021
8090893	7.523077
8090898	5.615317
8090934	4.421946
8090936	6.671035
8090938	5.238216
8090955	4.461332
8090960	5.261787
8090972	5.546002
8090988	5.508936
8091009	5.148128
8091032	6.350405
8091037	6.445255
8091039	6.637753
8091043	4.530216
8091048	9.052121
8091071	5.841355
8091078	7.109167
8091087	5.73979
8091095	7.884651
8091097	4.265606
8091099	4.7083
8091101	3.650717
8091103	6.05214
8091120	5.05961
8091141	8.207248
8091188	5.911638
8091190	5.188561
8091239	2.673682
8091241	5.246874
8091243	4.77623
8091255	5.515492
8091260	5.290592
8091279	3.204843
8091281	2.777246
8091283	7.039808
8091306	4.490628
8091318	4.397797
8091327	8.414112
8091340	2.255231
8091342	4.351278
8091352	5.846241
8091354	4.493037
8091385	7.096883
8091402	3.982561
8091411	9.48891
8091422	7.43855
8091432	6.49983
8091444	7.235436
8091446	5.096139
8091452	8.672725
8091456	3.062176
8091458	8.863819
8091469	3.722641
8091485	7.747832
8091491	3.668472
8091503	3.910221
8091511	6.219707
8091515	7.382717
8091523	4.70396
8091530	3.814145
8091537	4.046072
8091546	4.870697
8091550	4.555794
8091552	6.277701
8091556	3.175722
8091558	2.006586
8091560	3.586692
8091562	6.328155
8091588	5.212687
8091595	5.278516
8091600	5.004689
8091627	3.133077
8091629	3.676188
8091637	6.538498
8091648	6.976168
8091656	4.512799
8091658	9.698476
8091676	4.657099
8091678	3.373842
8091696	6.119417
8091698	5.972071
8091712	3.269799
8091715	4.203073
8091723	8.607661
8091731	4.244124
8091733	2.961249
8091735	2.546615
8091737	8.62977
8091757	4.518293
8091764	7.631459
8091778	9.946589
8091780	4.426989
8091799	6.66917
8091806	8.233824
8091809	8.202043
8091811	3.026398
8091861	2.437111
8091863	4.114836
8091867	2.512441
8091875	3.599535
8091877	2.344294
8091879	2.316873
8091881	2.908461
8091883	2.040714
8091885	2.968333
8091887	3.377413
8091910	3.338814
8091922	3.637313
8091941	7.347778
8091954	4.891212
8091972	7.70543
8091991	6.654935
8091998	2.773577
8092000	7.122292
8092002	5.415199
8092009	3.519501
8092021	3.228144
8092035	6.582058
8092053	4.276828
8092055	4.370869
8092065	5.727308
8092067	4.444888
8092073	4.388148
8092081	6.239274
8092083	3.677145
8092095	4.850137
8092132	5.903943
8092134	7.545527
8092162	6.308303
8092165	6.065907
8092169	10.076
8092177	8.97637
8092183	2.524863
8092185	4.009468
8092187	3.997531
8092199	2.172917
8092201	8.759757
8092218	5.589393
8092220	3.272396
8092222	4.016303
8092224	4.253552
8092226	2.282573
8092228	6.890358
8092230	6.561536
8092239	2.600881
8092241	6.159159
8092251	5.506524
8092265	6.467007
8092275	4.745001
8092277	5.619297
8092295	2.980155
8092312	2.934303
8092314	5.123764
8092321	8.916619
8092328	6.885682
8092348	7.529675
8092358	4.670105
8092390	6.730311
8092392	6.187142
8092404	6.255484
8092409	6.714607
8092418	5.711885
8092455	5.351517
8092457	7.414672
8092468	7.660462
8092473	5.671813
8092501	6.10885
8092514	7.799958
8092520	5.884828
8092523	4.663081
8092532	8.235336
8092534	7.846418
8092541	8.680002
8092552	5.939792
8092564	8.688859
8092578	5.171151
8092594	4.720583
8092596	6.04173
8092621	4.159241
8092627	5.157172
8092638	2.541365
8092640	4.704252
8092654	3.768266
8092661	5.401417
8092682	5.084328
8092686	5.670649
8092691	9.59004
8092702	3.585452
8092705	3.052832
8092707	6.851869
8092724	2.297716
8092726	8.882897
8092735	4.160921
8092741	3.292276
8092748	2.444737
8092750	5.108733
8092763	3.900711
8092765	8.023363
8092769	4.655887
8092800	7.063085
8092834	5.752369
8092836	6.734567
8092839	5.708867
8092845	6.245321
8092849	7.331606
8092883	4.557955
8092886	3.017411
8092888	6.702775
8092905	5.911637
8092922	6.774817
8092931	7.997797
8092933	8.685184
8092957	6.849445
8092959	8.62617
8092968	6.353925
8092970	8.274817
8092978	11.59159
8093013	7.706876
8093039	9.532881
8093053	6.218358
8093074	5.737251
8093086	6.054543
8093096	3.84498
8093104	5.697764
8093110	3.845693
8093112	7.546472
8093126	4.816465
8093128	7.417116
8093130	6.216061
8093137	3.563842
8093141	5.199029
8093145	4.910507
8093150	5.339648
8093152	3.225053
8093156	6.805462
8093166	5.631241
8093171	6.526968
8093191	8.860152
8093219	6.300996
8093230	7.572155
8093256	7.764102
8093258	4.38066
8093272	4.103981
8093278	4.878204
8093294	4.163278
8093298	5.040418
8093304	5.671839
8093314	7.755027
8093320	5.088409
8093330	5.851663
8093332	3.690842
8093336	5.355173
8093343	6.555814
8093360	6.486899
8093386	6.687921
8093398	7.932013
8093413	6.913491
8093425	6.546602
8093440	7.401345
8093451	4.072934
8093453	5.050209
8093456	5.756159
8093462	7.640592
8093476	6.183457
8093494	5.990138
8093500	5.592543
8093518	6.804917
8093539	5.593218
8093576	6.844611
8093578	5.595212
8093590	8.100474
8093601	7.078707
8093624	8.245168
8093643	8.390966
8093665	4.426302
8093683	4.494565
8093685	6.592012
8093756	4.669442
8093764	6.184706
8093792	6.347926
8093807	7.758292
8093821	5.696454
8093826	7.080647
8093829	5.294075
8093839	5.45124
8093852	6.989648
8093858	5.419451
8093872	8.814563
8093878	8.219406
8093906	7.084081
8093916	6.121217
8093936	8.923894
8093943	6.976273
8093950	9.901538
8093957	6.790684
8093961	8.268053
8093974	6.718691
8093976	8.049906
8093991	4.991914
8093993	7.474446
8093997	6.539523
8094026	7.57303
8094028	5.079009
8094030	6.984794
8094032	8.605021
8094056	7.47866
8094068	5.090231
8094070	5.616814
8094086	5.37142
8094093	6.037039
8094101	6.910419
8094116	6.422978
8094118	6.422978
8094120	6.422978
8094122	6.540477
8094124	6.422978
8094126	6.422978
8094128	6.422978
8094130	6.412745
8094132	6.422978
8094134	5.600667
8094136	4.144608
8094139	2.533445
8094142	4.279279
8094144	9.020802
8094148	6.562087
8094154	6.108024
8094156	6.787021
8094163	3.311037
8094165	6.783014
8094169	8.974273
8094184	4.595556
8094190	4.731519
8094226	3.131305
8094228	6.130639
8094240	4.932916
8094251	7.089827
8094253	5.188131
8094257	4.103292
8094259	7.427191
8094271	7.433988
8094278	4.419628
8094301	4.317117
8094340	3.619686
8094342	6.663982
8094355	4.963456
8094357	2.699856
8094359	6.050165
8094361	3.986181
8094372	6.025231
8094378	5.362475
8094393	5.104846
8094408	4.999774
8094439	3.547761
8094441	6.06727
8094456	6.218347
8094460	6.815475
8094476	4.514008
8094499	6.526701
8094501	6.393548
8094516	4.773686
8094518	2.210641
8094520	6.182823
8094531	2.425125
8094533	3.263743
8094542	5.098454
8094550	9.494001
8094556	8.668859
8094574	6.34172
8094596	4.730599
8094599	9.307737
8094609	7.216558
8094625	5.362316
8094638	5.330438
8094677	2.427145
8094679	5.1921
8094686	3.031102
8094688	4.209159
8094701	5.329839
8094704	9.300653
8094717	5.014929
8094719	5.490927
8094739	4.590963
8094741	6.452884
8094743	5.600745
8094751	3.781064
8094759	7.01668
8094772	4.64253
8094774	2.475971
8094776	4.066404
8094778	5.405898
8094789	7.377859
8094830	7.828739
8094843	5.556221
8094848	7.5314
8094870	5.055323
8094872	5.413634
8094874	6.588144
8094876	6.124445
8094897	2.673405
8094901	3.406312
8094911	5.703862
8094936	4.342887
8094938	7.544092
8094946	2.950206
8094948	8.401226
8094960	6.716469
8094968	7.767095
8094974	5.996948
8094986	3.778845
8094988	5.130084
8095005	5.334018
8095009	5.087677
8095021	5.22635
8095035	1.975365
8095037	3.233396
8095043	5.739183
8095048	6.117626
8095072	6.396704
8095074	7.008752
8095078	4.233036
8095080	4.468145
8095110	4.647879
8095135	4.349177
8095137	2.567052
8095139	8.92826
8095148	9.972157
8095159	7.875414
8095161	2.446265
8095163	8.580326
8095185	4.798832
8095187	5.896221
8095214	8.171039
8095216	7.2452
8095221	4.554229
8095230	6.459168
8095246	4.025579
8095251	4.446929
8095262	7.863891
8095269	8.217257
8095295	3.047731
8095297	2.401899
8095299	3.039955
8095301	2.174232
8095303	3.774592
8095331	3.298578
8095333	5.408553
8095335	2.605759
8095337	2.203726
8095339	2.329014
8095341	6.204993
8095343	4.036755
8095356	4.053132
8095358	2.916974
8095360	6.402311
8095362	12.27519
8095364	11.61963
8095376	11.86412
8095380	11.76898
8095390	2.798934
8095395	4.142052
8095402	4.085821
8095404	2.920795
8095412	3.866903
8095422	2.578661
8095430	3.492689
8095435	2.82
8095441	2.909432
8095451	4.776654
8095456	2.922268
8095467	3.902879
8095477	3.309871
8095484	3.087567
8095488	5.029962
8095491	3.085118
8095500	3.049832
8095504	4.507146
8095508	3.876071
8095519	3.408607
8095535	4.587215
8095539	6.091149
8095543	3.257329
8095545	6.492204
8095562	3.690739
8095564	2.187395
8095566	4.773884
8095574	5.426383
8095585	5.651179
8095616	3.364168
8095624	2.681626
8095626	5.490001
8095628	3.26255
8095646	3.525596
8095663	3.59935
8095680	10.15368
8095688	10.53908
8095694	5.234999
8095697	10.06708
8095703	5.240874
8095705	4.602184
8095723	3.014054
8095728	8.516865
8095736	9.132252
8095744	9.310388
8095751	5.86655
8095760	5.633196
8095767	3.514662
8095773	7.134671
8095800	7.518802
8095802	3.604452
8095806	2.89979
8095819	4.199983
8095826	5.693964
8095832	2.253575
8095834	6.514034
8095854	8.296322
8095868	5.28447
8095870	11.33984
8095886	3.282184
8095894	4.736633
8095907	5.54813
8095986	7.51222
8096002	6.846937
8096004	5.758102
8096025	4.828094
8096027	2.682621
8096030	3.278767
8096032	6.641113
8096050	5.206693
8096061	3.005949
8096070	6.862967
8096075	2.169473
8096077	5.932801
8096079	4.885622
8096081	6.981351
8096091	5.355726
8096098	4.411081
8096109	4.198601
8096116	10.26328
8096130	9.916336
8096147	4.989176
8096158	5.339354
8096160	4.558714
8096176	7.491604
8096224	8.703743
8096249	2.874348
8096251	5.205137
8096265	3.976068
8096274	3.458957
8096281	4.080711
8096290	4.100264
8096296	8.027908
8096301	5.922928
8096312	3.489668
8096314	5.578679
8096331	5.46811
8096333	2.764828
8096335	9.58028
8096361	4.864177
8096385	8.344007
8096411	4.758045
8096415	3.94228
8096425	4.406024
8096438	3.48124
8096440	4.229004
8096457	2.999215
8096459	2.883068
8096461	5.460091
8096463	4.868985
8096489	10.57727
8096511	4.469971
8096528	5.133231
8096533	4.223048
8096536	2.463217
8096538	5.714123
8096554	2.909046
8096556	6.647943
8096568	2.959543
8096580	3.679883
8096602	8.694258
8096615	4.966599
8096617	4.752647
8096635	7.500553
8096661	5.546489
8096663	7.744975
8096667	3.509676
8096669	8.030743
8096675	8.288214
8096680	3.511354
8096682	4.67742
8096688	5.069961
8096704	5.116261
8096718	5.821865
8096731	3.164976
8096733	5.831735
8096744	4.964924
8096753	6.23042
8096765	4.38676
8096771	6.37246
8096777	5.494992
8096781	7.737902
8096808	5.195017
8096821	7.080294
8096830	3.729785
8096839	4.170413
8096845	4.950907
8096873	2.570776
8096875	3.841942
8096897	5.55008
8096899	7.35738
8096905	6.83129
8096917	3.414949
8096919	6.184318
8096938	4.865844
8096955	6.619541
8096957	4.903504
8096959	3.831995
8097011	3.097844
8097013	5.73296
8097015	3.61852
8097017	5.221725
8097028	5.995157
8097030	4.937655
8097034	2.133548
8097036	3.105601
8097038	3.587704
8097056	6.581408
8097058	3.654452
8097062	6.945915
8097064	5.762096
8097066	6.126404
8097080	5.492324
8097086	2.829197
8097096	8.305349
8097098	10.02392
8097116	5.090478
8097118	8.226619
8097120	2.35454
8097122	4.237508
8097124	2.798934
8097126	4.02669
8097128	5.497506
8097146	6.647464
8097148	6.549002
8097236	3.106903
8097252	4.272613
8097256	6.447567
8097262	5.036167
8097282	7.363677
8097288	4.124495
8097305	3.279809
8097307	5.506717
8097327	3.687959
8097335	6.800084
8097356	3.623715
8097373	5.558998
8097388	4.432403
8097415	5.383221
8097417	5.911188
8097435	5.635791
8097443	5.076876
8097445	2.55639
8097447	5.638969
8097449	5.632012
8097457	2.967962
8097459	4.867094
8097461	6.306425
8097468	4.468924
8097470	6.51755
8097472	6.382462
8097474	3.764294
8097478	3.128853
8097480	5.361876
8097505	2.304615
8097507	6.163601
8097513	8.455992
8097521	5.922013
8097529	5.27084
8097541	4.667535
8097543	6.463312
8097553	4.340206
8097568	4.366965
8097570	9.920451
8097586	7.574519
8097600	7.520665
8097626	6.568984
8097628	4.923146
8097647	4.226295
8097655	7.5735
8097657	6.643384
8097670	6.167047
8097679	4.626521
8097685	5.863661
8097687	5.087936
8097690	2.686898
8097692	3.588771
8097704	7.317035
8097717	8.794904
8097743	7.033885
8097747	5.326427
8097749	3.346382
8097751	2.233824
8097753	5.56607
8097773	4.94793
8097780	3.128752
8097782	8.819476
8097790	2.25252
8097792	4.981466
8097794	4.717674
8097801	8.045654
8097809	6.223275
8097811	5.478049
8097813	8.011622
8097827	6.101861
8097829	6.113921
8097841	7.97385
8097857	3.230241
8097867	5.250401
8097903	4.80482
8097910	3.801061
8097920	5.067477
8097928	3.475921
8097938	5.147108
8097945	2.291543
8097947	4.692047
8097949	2.619876
8097951	2.4494
8097953	2.712414
8097955	5.251664
8097957	4.805373
8097973	4.929334
8097991	3.549979
8098004	2.063991
8098006	3.299368
8098021	3.520277
8098041	6.502621
8098058	3.978196
8098060	2.82575
8098084	7.868353
8098101	5.097801
8098103	8.197871
8098121	8.169479
8098146	3.800838
8098150	4.603582
8098157	5.399129
8098159	2.486688
8098163	4.169338
8098165	6.166593
8098167	6.595978
8098170	5.871375
8098175	4.941648
8098177	6.794864
8098193	4.708051
8098195	6.626585
8098204	4.867429
8098214	4.471047
8098240	7.66524
8098242	3.940677
8098244	6.949008
8098246	3.259666
8098259	3.159578
8098261	3.294621
8098263	6.47609
8098287	4.686993
8098289	4.538859
8098291	8.773188
8098307	5.242834
8098326	9.923351
8098328	6.291764
8098342	7.601258
8098344	3.787236
8098348	4.836877
8098368	3.73192
8098379	2.915284
8098412	3.883828
8098414	7.5467
8098421	6.327061
8098423	5.379626
8098437	3.454036
8098439	5.326271
8098441	4.822906
8098465	3.409516
8098470	6.682725
8098496	3.892531
8098498	4.095053
8098500	8.412286
8098506	3.350477
8098508	5.834231
8098512	7.382985
8098547	6.649802
8098549	6.012141
8098554	2.756659
8098556	4.076837
8098571	6.749925
8098576	6.791574
8098581	6.737403
8098604	9.606729
8098611	6.15922
8098620	5.388171
8098637	4.530054
8098654	4.169461
8098671	3.471588
8098688	4.849697
8098690	4.042088
8098697	3.943427
8098705	6.970665
8098707	6.710234
8098712	8.373271
8098714	4.232392
8098721	7.711088
8098723	6.076504
8098725	8.008129
8098730	7.606278
8098732	7.963087
8098740	8.097253
8098743	7.606278
8098745	3.240076
8098752	4.347863
8098758	6.195779
8098762	7.648855
8098769	8.709221
8098782	6.866679
8098789	9.582047
8098822	7.035491
8098848	6.565428
8098856	5.254883
8098870	6.233355
8098877	7.338061
8098880	7.645293
8098895	6.665887
8098902	5.228924
8098904	7.108547
8098916	6.585576
8098924	7.297844
8098938	3.956252
8098940	4.258931
8098942	7.416701
8098958	5.185101
8098985	4.97015
8098995	6.908483
8099008	6.243033
8099025	2.849332
8099027	2.707322
8099029	7.13995
8099037	7.539108
8099051	5.741024
8099073	7.818235
8099082	7.690846
8099084	7.914844
8099091	7.195407
8099093	5.370762
8099099	5.977126
8099107	4.753842
8099121	7.468416
8099130	6.01611
8099132	6.422822
8099140	2.888508
8099142	4.378861
8099144	7.88864
8099172	6.511625
8099193	4.842835
8099200	5.453803
8099218	5.883328
8099233	6.28125
8099235	7.847518
8099240	4.533668
8099242	5.898936
8099246	7.11506
8099253	6.227708
8099255	5.772022
8099259	8.065478
8099279	7.003265
8099302	2.904472
8099304	7.885446
8099324	5.083358
8099326	5.765797
8099340	10.35143
8099362	8.331001
8099364	6.341725
8099368	3.653297
8099388	7.934572
8099393	7.108848
8099395	6.084561
8099406	5.953641
8099410	6.517716
8099438	3.712856
8099447	5.005795
8099449	7.021817
8099467	6.060483
8099471	3.559174
8099476	6.004314
8099504	3.272573
8099506	5.262489
8099524	5.762949
8099537	5.547202
8099539	3.010725
8099541	5.241764
8099551	7.070744
8099570	6.455107
8099581	5.642505
8099589	5.147613
8099591	3.405875
8099593	3.908801
8099612	4.75215
8099631	10.08932
8099633	3.940068
8099649	7.746211
8099668	6.47636
8099670	5.652944
8099685	4.567642
8099696	5.947286
8099713	3.864403
8099715	2.992524
8099717	2.479841
8099719	2.118219
8099721	4.859851
8099746	4.366697
8099754	4.446324
8099758	3.118931
8099760	7.627193
8099797	8.668429
8099805	2.970926
8099807	4.36367
8099811	5.022044
8099813	4.960182
8099815	5.122387
8099817	5.537376
8099826	4.238444
8099834	5.35694
8099841	4.274581
8099850	3.57541
8099860	6.490075
8099887	8.709029
8099897	6.918293
8099912	8.913304
8099918	5.583381
8099922	3.178801
8099924	8.487827
8099926	7.744768
8099965	7.135457
8099967	10.99422
8099982	4.863602
8100001	6.508388
8100003	3.406798
8100007	5.105662
8100013	4.151342
8100015	5.452165
8100026	5.401862
8100068	6.356205
8100070	6.279102
8100076	3.027096
8100085	3.509732
8100095	4.058472
8100097	3.332688
8100109	3.459217
8100125	10.0613
8100127	3.224021
8100131	3.597696
8100143	3.194042
8100145	4.865385
8100154	4.513361
8100177	6.2283
8100179	5.527464
8100202	7.217745
8100210	5.093361
8100227	4.168491
8100229	2.148171
8100231	6.397152
8100251	8.223809
8100292	7.276023
8100298	5.433239
8100306	4.618499
8100308	5.295159
8100310	4.738835
8100312	3.668816
8100318	5.019849
8100328	6.550082
8100338	4.969152
8100347	5.228817
8100360	2.944291
8100362	9.796714
8100376	10.15763
8100378	6.28558
8100382	8.331497
8100389	2.895624
8100391	2.658725
8100393	5.325919
8100428	5.885227
8100454	2.636197
8100458	3.097104
8100464	6.277896
8100474	2.962851
8100476	4.343328
8100478	4.933687
8100495	5.15424
8100507	8.097663
8100519	3.157378
8100523	3.148219
8100530	3.181595
8100532	6.56991
8100541	6.808224
8100547	4.3504
8100549	1.984641
8100553	4.471297
8100555	4.981515
8100557	3.225906
8100572	2.771775
8100574	2.225755
8100576	2.20916
8100578	4.206615
8100601	4.678548
8100603	7.225138
8100615	9.125267
8100655	4.484736
8100664	11.79558
8100675	10.95416
8100688	8.669971
8100699	4.969719
8100701	11.64718
8100714	9.857029
8100734	2.949495
8100737	4.323676
8100746	4.323676
8100754	6.511152
8100756	4.969078
8100758	4.095986
8100760	3.137813
8100768	4.199852
8100782	11.83295
8100784	2.904282
8100791	3.050849
8100798	4.769417
8100808	2.964678
8100819	2.877309
8100827	4.265503
8100832	2.678819
8100834	6.826612
8100851	5.943598
8100853	3.533495
8100868	3.13837
8100870	4.586847
8100893	6.092001
8100902	7.696692
8100941	6.180939
8100943	5.50422
8100960	2.836529
8100962	8.085025
8100964	5.00272
8100966	4.82059
8100971	4.794786
8100977	6.442112
8100984	5.966379
8100990	4.159857
8100994	6.353704
8101000	6.201655
8101002	5.315642
8101011	3.115326
8101013	5.551996
8101031	3.720186
8101043	8.347151
8101061	7.517099
8101065	4.50221
8101086	7.401102
8101099	4.927329
8101118	4.422524
8101126	4.250167
8101131	3.582799
8101141	5.815304
8101143	5.37639
8101158	7.873483
8101174	3.170646
8101203	2.526489
8101207	7.405625
8101210	6.238798
8101212	11.04642
8101224	5.871717
8101226	3.13626
8101228	6.704688
8101235	2.031273
8101237	3.76515
8101253	5.304701
8101256	3.364459
8101260	6.579448
8101284	4.431759
8101304	9.702887
8101322	8.106345
8101324	8.739383
8101340	7.743616
8101357	4.271967
8101359	3.494088
8101366	5.741271
8101376	10.28545
8101411	7.144241
8101427	4.068315
8101429	9.026262
8101437	6.68323
8101449	7.020561
8101467	5.509878
8101489	4.303323
8101501	3.711716
8101507	6.35062
8101511	7.904143
8101585	6.216648
8101587	7.741217
8101607	5.623452
8101609	5.674648
8101616	4.436069
8101622	9.127757
8101624	5.044521
8101637	6.335574
8101648	7.211339
8101657	6.634534
8101659	4.368971
8101673	3.530575
8101675	3.406081
8101697	3.050466
8101699	4.687087
8101701	6.0892
8101716	2.614674
8101718	6.933688
8101721	3.965253
8101723	5.697843
8101728	7.403016
8101757	5.492157
8101762	5.086425
8101774	10.47917
8101778	3.717725
8101780	3.432589
8101788	4.09304
8101810	4.372642
8101814	3.596553
8101816	3.72076
8101828	8.611444
8101839	5.414323
8101844	6.033875
8101852	3.198839
8101862	2.856495
8101874	5.477371
8101881	3.53866
8101893	5.816412
8101904	3.948045
8101916	4.235541
8101925	6.938455
8101934	5.986146
8101945	7.436677
8101952	6.56677
8101957	3.086404
8101971	7.153419
8101990	4.241116
8101992	6.035263
8102004	5.445058
8102006	5.563882
8102024	7.754123
8102037	3.252273
8102039	2.96962
8102050	4.444799
8102065	4.706486
8102076	2.587036
8102127	3.686267
8102135	5.091656
8102141	4.65957
8102160	5.532366
8102162	5.134543
8102171	5.632812
8102200	4.332362
8102210	4.906749
8102212	6.112071
8102214	5.633489
8102230	2.556222
8102232	4.492908
8102247	4.761129
8102249	3.770257
8102263	6.442603
8102305	3.504109
8102307	2.585234
8102311	5.456207
8102321	5.792124
8102328	6.79638
8102342	6.21307
8102350	6.038237
8102352	5.952696
8102362	5.561356
8102368	5.667883
8102371	4.938874
8102389	3.716515
8102404	2.4295
8102406	2.255748
8102408	2.60768
8102410	5.965823
8102415	6.177513
8102440	4.471268
8102450	3.599261
8102464	4.319439
8102468	5.870393
8102482	6.694428
8102513	3.476649
8102518	8.050392
8102523	2.782093
8102530	7.424056
8102532	4.597186
8102560	4.029319
8102567	5.325482
8102587	4.697643
8102594	3.720556
8102606	3.048322
8102608	2.6563
8102610	3.705414
8102619	6.882644
8102636	4.845878
8102643	4.776652
8102655	4.307325
8102678	3.787351
8102695	6.049177
8102697	2.494326
8102707	3.292534
8102713	4.932729
8102720	5.52851
8102726	2.148662
8102728	7.129017
8102730	5.182657
8102743	5.108872
8102745	7.277053
8102751	5.84826
8102775	3.710457
8102777	5.152145
8102779	3.753331
8102781	5.22628
8102783	6.918288
8102785	2.74753
8102787	11.45352
8102789	5.923118
8102792	3.577219
8102800	8.280158
8102817	7.24223
8102829	3.97629
8102831	5.777919
8102839	7.360473
8102848	7.928337
8102858	5.823453
8102860	10.93154
8102862	6.615253
8102869	6.08668
8102871	5.297886
8102875	4.468467
8102877	3.406159
8102894	2.700644
8102904	5.15802
8102912	8.269716
8102936	4.652303
8102938	5.232118
8102948	3.190363
8102950	8.771532
8102979	4.59101
8102982	6.637574
8102984	6.366685
8102986	3.811847
8102988	4.570855
8102993	2.132221
8102998	2.511922
8103005	4.415823
8103011	6.461813
8103023	10.65283
8103025	6.065382
8103041	2.900282
8103043	6.239331
8103064	3.470178
8103079	4.857019
8103092	5.985881
8103094	5.577823
8103106	6.800666
8103166	8.489868
8103188	5.762877
8103202	4.204034
8103204	4.454416
8103206	7.696745
8103222	8.69459
8103226	6.611325
8103235	5.981778
8103238	2.625806
8103240	7.316801
8103242	6.995766
8103244	4.075785
8103254	4.445511
8103260	4.138925
8103289	7.060905
8103309	2.49971
8103311	4.213502
8103326	2.577281
8103341	2.626837
8103358	2.535735
8103360	5.51867
8103362	2.561932
8103364	2.126745
8103366	2.302363
8103368	2.480803
8103370	2.00993
8103372	6.017374
8103374	3.176175
8103376	2.973538
8103378	2.965878
8103389	5.657194
8103399	6.035925
8103409	4.585828
8103411	5.349586
8103413	6.598886
8103415	4.318972
8103431	6.137965
8103437	6.145728
8103452	2.686938
8103458	2.462624
8103460	4.80215
8103462	2.344294
8103464	1.98905
8103466	2.806245
8103483	5.343674
8103485	3.918769
8103494	3.364698
8103503	4.46347
8103508	5.07901
8103516	4.734817
8103518	6.887822
8103520	5.317251
8103524	5.603322
8103535	8.083976
8103540	2.356949
8103542	2.904407
8103544	3.815821
8103559	5.269701
8103561	4.301865
8103563	6.38592
8103601	7.339156
8103620	2.047213
8103622	5.865877
8103630	6.404187
8103644	5.673561
8103646	4.911427
8103684	5.030376
8103693	2.447426
8103695	5.332693
8103706	4.240257
8103722	7.491812
8103725	4.632095
8103728	7.393977
8103736	3.499475
8103743	5.131617
8103745	5.804911
8103753	4.298512
8103755	7.26599
8103769	12.96278
8103778	3.802345
8103789	5.119631
8103802	3.343982
8103812	3.777017
8103822	5.843045
8103834	5.854773
8103847	5.353235
8103851	2.20916
8103853	5.522906
8103859	6.586899
8103867	4.616723
8103873	7.417305
8103875	3.330599
8103877	2.957861
8103879	2.975581
8103881	5.698433
8103892	4.640563
8103894	4.747929
8103904	4.177247
8103906	5.858488
8103911	7.63873
8103922	8.060314
8103932	5.326498
8103951	7.898134
8103975	5.741024
8103979	5.68122
8103986	4.281732
8103998	4.849039
8104012	5.036464
8104014	3.730053
8104022	5.266515
8104035	7.917295
8104066	5.559593
8104068	3.575846
8104072	7.346704
8104074	5.647336
8104079	6.825554
8104107	5.689379
8104115	6.835402
8104117	2.844598
8104119	8.261406
8104122	7.906854
8104124	4.416769
8104129	4.336774
8104131	4.248267
8104136	7.632202
8104139	5.046616
8104141	6.667776
8104163	5.937932
8104166	9.777495
8104180	7.860065
8104201	7.544434
8104220	6.078746
8104234	3.8383
8104253	6.486493
8104268	6.307149
8104281	6.259269
8104298	7.461512
8104305	5.999073
8104307	7.418983
8104314	6.279641
8104319	6.29306
8104321	5.330112
8104348	6.804155
8104350	5.167951
8104369	7.250178
8104378	5.460013
8104392	4.382565
8104394	5.427822
8104422	6.167205
8104441	5.229647
8104443	4.188897
8104449	7.136646
8104461	7.384318
8104463	8.959317
8104490	6.765203
8104492	5.094703
8104499	8.162514
8104504	2.825978
8104506	6.434279
8104568	4.807069
8104570	4.855624
8104580	6.809478
8104590	5.625737
8104592	6.286877
8104599	3.676669
8104601	8.996931
8104607	4.208351
8104609	6.697949
8104611	3.016672
8104613	6.58399
8104615	3.905682
8104617	6.22718
8104619	3.070967
8104621	8.846803
8104625	3.775628
8104627	2.472456
8104632	2.560826
8104634	4.505804
8104643	6.452116
8104648	2.519461
8104652	2.177884
8104654	4.498405
8104656	5.054722
8104659	2.900296
8104663	4.724993
8104680	6.912889
8104693	8.702038
8104723	3.706742
8104725	6.320015
8104727	5.324505
8104729	2.268705
8104731	3.457639
8104738	7.702554
8104746	4.76372
8104758	3.773536
8104760	7.815809
8104781	7.002937
8104786	5.506378
8104788	7.364254
8104812	4.338971
8104823	4.066566
8104825	5.188559
8104838	6.153091
8104854	5.325814
8104856	3.797614
8104901	5.32655
8104912	5.6081
8104926	3.605212
8104930	4.711649
8104944	8.295391
8104996	4.725052
8104998	6.031484
8105013	4.856452
8105040	8.497225
8105063	6.312624
8105067	6.004598
8105077	5.017999
8105084	4.841034
8105104	7.429686
8105111	5.069105
8105121	3.367362
8105132	5.822816
8105136	5.755497
8105144	6.405862
8105146	5.894736
8105151	5.469781
8105153	5.616338
8105181	5.769713
8105189	6.26975
8105191	6.901231
8105218	2.379512
8105220	5.844899
8105229	5.14568
8105267	9.495306
8105302	4.788058
8105311	2.697445
8105318	4.527927
8105323	4.391058
8105328	8.891809
8105331	4.185359
8105338	2.131889
8105340	4.999777
8105348	2.84508
8105353	7.109207
8105384	4.140926
8105409	2.035251
8105411	3.369619
8105432	9.933183
8105434	7.206708
8105436	6.992212
8105456	4.863954
8105463	8.594094
8105479	3.469186
8105481	4.135402
8105487	3.959678
8105495	4.344759
8105499	6.333409
8105504	7.399937
8105506	9.546317
8105517	4.811715
8105523	6.683604
8105545	5.496709
8105577	4.090923
8105579	3.374344
8105583	2.702385
8105585	3.914317
8105596	4.140584
8105603	3.767532
8105605	2.084788
8105607	3.470178
8105612	5.831121
8105629	2.829387
8105631	7.680264
8105633	6.033645
8105645	2.453638
8105647	5.89278
8105661	3.112517
8105663	4.479785
8105681	9.643276
8105714	7.051195
8105731	4.099622
8105739	6.462495
8105741	7.703367
8105778	6.925538
8105799	2.41732
8105801	5.96459
8105828	4.332558
8105842	3.044882
8105852	4.305696
8105862	6.929852
8105878	4.493541
8105899	6.004166
8105908	7.845472
8105918	4.578689
8105935	6.52164
8105937	6.555571
8105949	4.890048
8105958	6.557552
8105970	4.588146
8105987	5.851288
8105989	6.347505
8105991	8.830072
8105995	8.575971
8105997	4.890048
8106006	6.637952
8106017	4.641417
8106019	3.047047
8106025	6.090659
8106068	7.539873
8106088	4.754642
8106096	14.02015
8106098	4.866273
8106107	5.347324
8106120	2.968334
8106122	8.693455
8106141	9.955399
8106168	3.155354
8106170	5.188208
8106176	4.303796
8106181	7.988695
8106189	4.179161
8106193	3.360638
8106210	6.107565
8106250	6.272772
8106252	7.117939
8106271	6.34537
8106278	2.832159
8106280	7.368167
8106303	4.859828
8106325	4.172613
8106336	5.3789
8106350	5.136063
8106352	6.542076
8106354	6.052553
8106393	4.491138
8106401	5.957268
8106403	7.980112
8106411	4.878234
8106418	5.169917
8106429	6.541412
8106448	5.357751
8106473	6.647503
8106475	11.39078
8106477	3.677972
8106479	8.005779
8106494	6.456573
8106504	5.908489
8106512	4.476828
8106514	3.471641
8106516	9.04663
8106528	3.663636
8106530	7.892062
8106532	4.124015
8106534	7.00164
8106556	5.94811
8106573	4.947176
8106597	3.472188
8106602	7.053844
8106626	4.655046
8106633	6.16367
8106660	4.790652
8106689	5.374842
8106702	6.810835
8106709	5.316265
8106722	5.764833
8106727	4.774701
8106730	5.158422
8106743	4.851688
8106761	4.01104
8106763	2.727116
8106765	2.816446
8106767	2.608402
8106769	8.521987
8106771	6.066286
8106776	6.495578
8106784	6.982753
8106814	2.169813
8106816	5.719142
8106818	5.780503
8106820	5.322949
8106827	4.45745
8106919	2.161266
8106921	3.679934
8106923	6.876285
8106929	2.709242
8106931	3.398911
8106950	4.480995
8106960	2.254226
8106962	3.797078
8106976	7.692058
8106978	3.593696
8106986	5.473935
8106999	4.813196
8107005	9.579386
8107044	5.667983
8107066	6.488971
8107090	8.882428
8107092	2.11345
8107094	6.441782
8107096	8.698757
8107098	7.15312
8107100	6.510087
8107109	3.376055
8107111	2.067417
8107113	2.696851
8107115	7.895484
8107117	3.145629
8107119	5.199892
8107125	6.030097
8107127	3.701391
8107129	3.071499
8107133	6.132726
8107162	5.19642
8107164	7.497434
8107194	5.709794
8107198	5.291314
8107200	2.904777
8107202	3.368142
8107204	10.38568
8107206	4.64468
8107208	5.486003
8107232	4.343082
8107234	6.983611
8107259	7.508962
8107270	3.546282
8107282	5.188949
8107307	4.890007
8107321	6.363715
8107326	5.393567
8107328	6.960421
8107330	6.137507
8107348	4.052114
8107350	7.481968
8107353	6.734527
8107356	8.473597
8107373	3.866735
8107375	6.729967
8107406	6.628901
8107408	5.188536
8107421	6.220369
8107429	4.071894
8107458	5.468322
8107468	4.976243
8107470	10.46406
8107474	5.416238
8107518	3.535485
8107520	5.39325
8107530	6.876227
8107532	7.222381
8107554	4.800334
8107563	4.294397
8107574	3.111547
8107576	4.052328
8107578	5.092472
8107591	4.005126
8107594	5.400107
8107613	7.472993
8107632	6.04896
8107646	6.203784
8107655	5.201818
8107671	6.812423
8107673	6.951538
8107691	6.609568
8107702	3.403815
8107706	5.224459
8107720	3.902313
8107722	5.418556
8107750	7.590851
8107764	3.929033
8107769	6.762171
8107798	3.313956
8107814	6.963734
8107823	4.811672
8107847	3.129283
8107850	2.886452
8107855	6.659906
8107857	8.123784
8107859	3.678023
8107868	7.903096
8107878	5.105884
8107887	4.146113
8107897	6.943846
8107909	5.478992
8107920	6.198063
8107934	8.029302
8107940	2.392341
8107942	5.138945
8107970	5.358034
8107977	3.536697
8107985	6.036861
8107992	6.592545
8107996	9.663399
8107998	6.661872
8108006	5.471511
8108013	6.782546
8108015	8.393444
8108040	5.415281
8108050	5.343978
8108066	9.711887
8108078	3.95275
8108080	6.995893
8108099	7.412417
8108127	6.228117
8108134	6.178701
8108161	4.320455
8108163	6.727173
8108166	7.021111
8108174	5.685638
8108180	9.891109
8108182	4.213757
8108192	7.815619
8108199	6.275371
8108205	3.287566
8108217	6.798471
8108238	4.944982
8108251	5.035732
8108256	4.053564
8108267	2.919544
8108287	5.77074
8108299	2.532195
8108301	4.162003
8108321	8.120155
8108330	8.938173
8108359	6.374481
8108370	8.877277
8108376	6.543357
8108378	10.85745
8108399	5.953417
8108401	3.863704
8108403	7.245188
8108420	6.179444
8108422	5.904504
8108424	8.637566
8108435	8.122159
8108447	8.563239
8108453	5.820361
8108470	5.745964
8108472	7.402931
8108475	4.896448
8108478	7.803187
8108483	6.122091
8108510	7.924556
8108558	8.878162
8108566	3.029094
8108568	8.325664
8108579	6.820912
8108593	7.154007
8108603	7.076826
8108620	8.263934
8108627	5.030007
8108629	5.338817
8108631	5.089505
8108633	5.61814
8108679	3.915233
8108683	5.728872
8108688	3.737541
8108693	3.235629
8108697	5.703662
8108703	3.159133
8108706	4.367188
8108708	3.302679
8108713	2.766135
8108716	4.908701
8108720	4.724322
8108724	3.256144
8108729	3.984091
8108733	4.913356
8108737	3.609122
8108744	4.813596
8108749	4.815735
8108753	4.002675
8108757	4.908846
8108820	4.933571
8108822	6.171193
8108832	7.313546
8108847	7.13692
8108861	9.197846
8108873	7.871059
8108900	6.381858
8108903	5.866811
8108905	4.933105
8108912	6.71791
8108927	6.398074
8108949	5.654236
8108954	5.650509
8108977	6.014606
8108981	5.050072
8108995	4.046707
8109001	11.91313
8109039	2.548385
8109044	3.405476
8109049	10.19201
8109057	3.470178
8109062	7.023327
8109086	7.014382
8109093	7.541753
8109120	5.873814
8109141	11.61535
8109149	6.505565
8109157	5.460093
8109159	3.438478
8109161	6.591623
8109177	5.81829
8109179	6.78687
8109194	4.648184
8109201	6.980659
8109222	7.981426
8109226	7.204224
8109236	5.292674
8109254	7.114406
8109283	7.069341
8109303	4.77104
8109305	6.612268
8109315	6.846889
8109326	6.616362
8109333	8.235593
8109344	11.08086
8109350	5.46488
8109368	7.635869
8109383	4.885184
8109401	3.501803
8109403	7.375964
8109407	7.218442
8109426	5.177224
8109428	5.945105
8109436	3.214538
8109438	7.554306
8109462	9.13303
8109475	4.799118
8109484	4.756299
8109486	6.503054
8109490	4.547501
8109503	2.145725
8109505	4.936558
8109507	4.821355
8109526	2.54476
8109528	6.215391
8109563	6.142162
8109570	2.152193
8109572	4.54239
8109576	5.493278
8109585	5.535602
8109591	2.462426
8109593	5.569014
8109595	4.881924
8109597	6.067144
8109610	3.007589
8109612	6.916709
8109618	3.764294
8109620	5.171903
8109629	7.17165
8109637	4.328969
8109639	5.67356
8109649	3.427624
8109651	4.554076
8109663	4.333837
8109677	3.599432
8109693	6.426358
8109695	2.271418
8109697	7.001768
8109712	3.597494
8109732	7.893834
8109746	4.969315
8109748	3.782922
8109750	8.817208
8109752	4.998952
8109773	8.775935
8109802	5.780817
8109819	6.157786
8109821	10.90062
8109824	2.47964
8109826	2.631856
8109828	2.539981
8109830	6.145204
8109843	5.234926
8109901	6.832282
8109908	5.198743
8109912	4.992437
8109926	13.08604
8109938	4.873808
8109967	4.515744
8109969	6.045795
8109973	4.822147
8109975	5.537037
8109981	6.114082
8109990	5.227327
8109995	3.000527
8109999	7.840136
8110018	2.635191
8110022	10.11709
8110032	7.296233
8110043	4.824389
8110055	10.41492
8110068	4.759485
8110074	5.103478
8110084	7.13519
8110090	5.701727
8110104	5.61263
8110106	5.267247
8110112	3.253832
8110114	6.318602
8110123	5.681056
8110147	4.254863
8110158	5.84101
8110166	7.677217
8110169	7.265649
8110183	5.688271
8110216	2.430414
8110218	7.920373
8110224	6.772105
8110237	6.155611
8110253	5.192415
8110265	5.966639
8110289	6.935601
8110318	7.365995
8110327	7.228041
8110347	6.030833
8110362	7.383135
8110382	7.406763
8110392	7.609108
8110399	6.071928
8110408	7.153856
8110415	6.894773
8110417	5.731472
8110427	6.217031
8110430	7.265272
8110437	6.961655
8110450	8.313481
8110461	5.55246
8110463	4.197202
8110472	4.070604
8110478	5.081027
8110486	5.286985
8110491	4.556446
8110499	6.223095
8110518	5.328256
8110520	3.843754
8110522	9.31185
8110546	7.745918
8110562	6.730703
8110569	11.75557
8110587	2.543171
8110589	7.63412
8110604	6.084752
8110606	5.39097
8110616	3.223004
8110618	6.312336
8110620	4.218095
8110629	2.923618
8110631	6.406631
8110647	5.152278
8110649	6.183719
8110666	4.258934
8110668	6.436221
8110670	6.239594
8110672	5.67927
8110674	2.675411
8110676	5.040012
8110678	7.962292
8110681	6.210563
8110685	6.62586
8110688	6.025624
8110706	6.865421
8110708	6.377068
8110721	6.296009
8110734	5.745773
8110755	4.793289
8110783	6.939879
8110803	7.065438
8110821	6.92131
8110841	7.098948
8110858	9.211903
8110861	11.37634
8110865	6.055315
8110872	7.03305
8110880	1.925415
8110882	4.652216
8110886	6.366998
8110894	6.550787
8110914	9.804657
8110916	7.864309
8110920	4.063595
8110928	2.364003
8110930	5.508781
8110932	7.303528
8110960	4.040848
8110966	5.924045
8110971	5.729409
8110980	3.931471
8110982	8.717234
8110990	6.165689
8111017	2.571594
8111019	4.69893
8111099	7.243883
8111101	5.260202
8111118	3.501363
8111122	3.150395
8111124	3.001387
8111127	4.155191
8111129	6.985137
8111136	4.836292
8111151	4.193776
8111153	7.930639
8111197	3.063518
8111199	5.003319
8111201	4.119925
8111203	5.233073
8111210	10.32954
8111212	6.48009
8111214	5.672854
8111216	7.346791
8111218	4.27914
8111220	4.239283
8111234	3.437893
8111251	4.429666
8111253	3.126688
8111255	4.162517
8111269	2.123439
8111271	3.193779
8111284	4.460179
8111286	5.263781
8111327	3.863718
8111331	9.688591
8111339	8.014732
8111358	3.115615
8111360	6.642524
8111385	3.130661
8111387	4.675133
8111415	2.357816
8111417	5.266095
8111430	5.83691
8111443	5.212208
8111455	8.57282
8111457	6.118271
8111474	5.335779
8111490	3.178555
8111506	3.334776
8111512	3.356912
8111524	5.207351
8111533	5.637651
8111552	5.696429
8111569	3.902188
8111584	5.041467
8111627	6.327439
8111629	5.897682
8111668	2.726249
8111670	4.020275
8111677	5.374362
8111698	7.618574
8111739	5.512995
8111757	3.927032
8111772	7.028272
8111788	4.832913
8111796	7.886924
8111812	7.826745
8111814	6.027685
8111821	3.819124
8111864	3.811456
8111887	3.861106
8111892	5.001905
8111913	5.227593
8111915	6.092805
8111922	5.36311
8111925	4.367331
8111930	4.274273
8111932	4.977192
8111941	7.524809
8111952	4.296326
8111960	3.078257
8111974	6.95782
8111989	6.556074
8111991	2.641623
8111993	4.276413
8111998	4.052695
8112007	5.372959
8112014	2.124609
8112016	2.912886
8112020	5.833783
8112033	5.583371
8112041	5.794031
8112043	5.843341
8112045	3.754021
8112053	3.842777
8112070	4.973343
8112072	6.320897
8112081	6.161602
8112107	6.069037
8112121	5.988091
8112139	8.649763
8112157	4.060262
8112159	4.190924
8112174	7.431903
8112176	6.457567
8112178	4.759311
8112180	3.102767
8112182	7.466077
8112196	4.08389
8112198	3.633813
8112202	9.197313
8112220	5.363832
8112256	4.509896
8112258	3.461267
8112260	4.867867
8112274	8.277329
8112285	3.882915
8112302	7.888701
8112306	2.614326
8112310	2.79239
8112312	5.906454
8112327	5.954342
8112329	2.214766
8112331	5.800757
8112333	4.526543
8112335	5.596251
8112337	7.372581
8112342	4.063919
8112376	3.586687
8112388	6.16459
8112407	2.856243
8112409	4.56721
8112422	5.619358
8112424	2.526925
8112426	3.177398
8112428	4.011082
8112433	6.139213
8112435	6.782342
8112437	3.21672
8112439	6.162444
8112458	5.043787
8112469	7.356563
8112476	7.527186
8112478	5.802104
8112491	6.458226
8112519	5.807096
8112521	5.735841
8112538	4.550718
8112558	8.646225
8112560	8.837746
8112564	7.380737
8112570	6.39431
8112582	3.553472
8112584	5.647125
8112592	5.710377
8112596	5.652504
8112607	2.634832
8112611	3.461676
8112613	6.941616
8112615	6.40278
8112622	6.884187
8112647	1.963258
8112649	4.423422
8112664	2.849612
8112666	5.962475
8112668	4.415831
8112672	3.273059
8112687	8.872328
8112709	4.557562
8112724	4.875241
8112726	6.506398
8112728	9.400734
8112731	3.396886
8112740	8.230228
8112746	5.663746
8112761	3.938937
8112763	5.577789
8112767	7.335693
8112772	8.240683
8112801	2.601766
8112803	7.241451
8112807	5.778666
8112822	4.767915
8112841	4.965774
8112857	4.413641
8112865	9.318837
8112881	6.843963
8112883	7.172707
8112886	4.596684
8112888	6.25693
8112890	5.54781
8112892	7.118242
8112894	5.123794
8112896	3.375544
8112902	4.93687
8112914	8.355772
8112916	13.79485
8112918	6.740667
8112920	4.621491
8112940	7.959565
8112959	4.603961
8112961	5.482674
8112967	7.311915
8112971	3.446975
8112980	3.828279
8112994	7.685752
8112996	2.309192
8112998	3.794926
8113003	4.800077
8113006	3.587337
8113008	5.2305
8113010	6.113591
8113023	6.873155
8113035	5.435302
8113037	2.150174
8113039	5.271451
8113050	4.003276
8113059	4.681083
8113064	5.783697
8113071	7.678057
8113073	11.10424
8113083	6.548474
8113094	7.090444
8113097	4.832034
8113103	4.424649
8113113	2.918846
8113120	11.28291
8113122	3.677198
8113124	2.460085
8113130	4.632793
8113157	5.270367
8113202	2.991817
8113214	8.391204
8113220	7.809659
8113232	2.482708
8113234	4.025237
8113250	5.093615
8113274	2.578145
8113276	2.435638
8113278	4.957369
8113286	4.391384
8113299	3.609122
8113301	3.391484
8113303	1.884676
8113305	6.744127
8113342	3.364937
8113344	5.343674
8113346	4.689778
8113348	5.646862
8113350	2.176667
8113352	1.687486
8113354	2.220285
8113356	3.636689
8113358	4.961248
8113367	5.612136
8113369	4.899286
8113385	2.764949
8113403	4.171148
8113413	4.257216
8113421	5.492899
8113427	2.54751
8113429	2.423815
8113431	3.447091
8113433	5.952911
8113443	5.543632
8113445	7.341732
8113467	5.851523
8113469	7.067876
8113481	5.096104
8113483	3.951405
8113489	5.045144
8113491	4.24974
8113502	5.786637
8113504	4.951074
8113512	5.971096
8113542	6.789469
8113551	6.553839
8113573	5.168852
8113577	4.825964
8113591	7.07393
8113602	3.354658
8113614	5.497351
8113616	8.661802
8113623	6.660326
8113641	5.408016
8113651	6.100275
8113658	6.551302
8113660	6.109238
8113664	2.895229
8113666	4.259843
8113689	2.283994
8113691	5.438541
8113699	5.358757
8113703	2.863676
8113705	3.0377
8113709	4.459582
8113717	4.119826
8113724	7.236764
8113726	7.807401
8113733	6.229758
8113759	3.029676
8113761	5.757816
8113771	6.153242
8113773	6.93861
8113782	2.356369
8113784	5.446272
8113786	2.528089
8113788	2.556875
8113790	9.015907
8113796	5.758365
8113800	4.797394
8113871	2.632694
8113873	7.106731
8113879	7.374977
8113881	5.562623
8113914	8.239316
8113936	4.981903
8113938	5.354043
8113981	6.685205
8114002	5.759935
8114006	4.171458
8114010	8.532769
8114023	3.967405
8114030	5.137258
8114050	7.898419
8114068	7.283159
8114080	5.59016
8114083	10.18305
8114111	5.318742
8114113	5.066296
8114119	5.615417
8114136	2.30898
8114138	5.733778
8114145	6.103704
8114152	7.072656
8114158	9.877657
8114171	4.286605
8114185	4.005177
8114191	3.933469
8114193	7.850194
8114203	2.715757
8114205	2.429916
8114207	5.343674
8114209	5.124278
8114211	9.008651
8114213	2.385058
8114215	9.846119
8114225	9.084222
8114239	5.17466
8114245	5.878483
8114249	5.699102
8114256	4.612469
8114263	4.675612
8114270	4.359903
8114273	3.553055
8114287	5.95763
8114300	5.557067
8114320	8.205481
8114326	6.388782
8114352	2.373781
8114354	2.962064
8114363	3.572402
8114365	7.135752
8114396	6.668212
8114415	3.282265
8114425	4.656545
8114443	7.475023
8114455	8.067357
8114468	3.801231
8114470	3.688058
8114476	6.192993
8114489	4.969784
8114491	7.217681
8114511	6.298525
8114518	6.110131
8114526	5.054064
8114536	8.429119
8114546	6.761042
8114548	2.431789
8114550	7.171689
8114567	6.509109
8114572	6.907187
8114581	2.140786
8114583	6.772958
8114593	7.28675
8114612	6.787881
8114618	6.132583
8114625	5.883656
8114628	6.753263
8114643	5.533446
8114645	6.246368
8114647	5.921574
8114653	6.802119
8114658	9.595452
8114691	7.392671
8114709	6.377855
8114733	6.628496
8114767	9.415945
8114778	7.354019
8114780	5.168844
8114787	7.450265
8114797	4.905241
8114805	4.611346
8114812	4.718283
8114814	7.53813
8114829	7.18457
8114843	5.030988
8114845	4.787272
8114856	4.914268
8114861	5.793754
8114896	4.329924
8114900	4.866372
8114918	4.681204
8114920	5.847165
8114938	3.146636
8114964	6.791862
8114970	3.590112
8114977	4.627331
8114991	7.25479
8115010	3.150007
8115012	5.661003
8115014	6.225437
8115022	10.38043
8115037	2.395073
8115039	5.009737
8115041	4.43833
8115064	4.459231
8115066	5.421263
8115068	4.858461
8115074	2.30232
8115076	6.789711
8115099	5.905982
8115122	6.993953
8115144	7.432427
8115147	7.429484
8115158	8.835546
8115164	4.009377
8115166	4.189473
8115168	7.758575
8115181	6.985841
8115196	5.83682
8115205	4.167107
8115210	10.19263
8115234	7.073371
8115261	9.648542
8115274	4.21954
8115287	5.554885
8115300	3.876904
8115302	5.289476
8115327	5.312037
8115340	2.526081
8115342	2.351629
8115346	6.666682
8115355	5.009491
8115368	4.366287
8115375	5.081378
8115391	5.97809
8115395	3.346809
8115397	4.832863
8115410	5.109643
8115441	4.411565
8115443	2.715664
8115445	4.745374
8115455	4.087282
8115464	5.264578
8115476	6.921583
8115481	4.926064
8115487	5.851831
8115490	7.225262
8115516	4.084219
8115524	9.988775
8115543	4.892294
8115562	8.624244
8115570	5.511677
8115580	7.949567
8115584	6.727944
8115594	5.831526
8115600	4.362217
8115606	7.940106
8115623	9.852281
8115651	4.547164
8115664	5.744883
8115666	4.956316
8115673	2.546666
8115675	2.794399
8115677	2.524487
8115679	6.03774
8115681	7.92056
8115689	3.714112
8115691	6.172454
8115730	5.41182
8115732	5.125943
8115734	7.362164
8115756	5.349793
8115765	8.708467
8115783	8.765909
8115806	7.956147
8115812	7.043566
8115814	7.95359
8115828	2.722984
8115831	11.36133
8115836	2.104207
8115838	4.479863
8115840	7.002027
8115847	5.913351
8115849	6.977328
8115851	5.202135
8115863	2.816632
8115865	6.443789
8115871	5.523209
8115875	4.769927
8115884	5.887967
8115886	6.508741
8115895	6.838165
8115907	6.092039
8115918	10.03928
8115927	6.953836
8115939	6.774623
8115941	6.480536
8115948	7.141786
8115957	6.164774
8115978	5.252414
8115997	7.956815
8116012	7.366663
8116020	7.3873
8116031	6.619819
8116033	6.290229
8116051	6.597323
8116070	6.537396
8116086	6.628391
8116096	7.140241
8116113	6.869977
8116128	4.940277
8116130	5.349814
8116162	7.224106
8116168	6.460398
8116174	3.210462
8116177	6.016793
8116195	7.175307
8116227	7.034467
8116245	6.204795
8116247	5.515511
8116253	5.231402
8116272	6.217776
8116295	2.379871
8116297	8.77161
8116313	4.849294
8116316	7.80012
8116335	6.595358
8116346	5.054724
8116348	7.139071
8116372	5.506462
8116384	6.138754
8116400	5.15426
8116402	6.111507
8116418	4.634978
8116439	6.965027
8116445	5.927498
8116479	4.852628
8116482	4.538528
8116484	9.103417
8116494	8.845598
8116500	5.200296
8116502	5.850972
8116504	6.452404
8116520	9.488588
8116530	5.100942
8116532	9.915654
8116534	6.344817
8116537	5.463363
8116545	4.503477
8116548	5.724713
8116559	5.593979
8116571	6.285295
8116573	4.475876
8116577	3.055514
8116579	8.933249
8116582	5.535856
8116585	7.619431
8116589	3.029008
8116591	8.930321
8116593	4.984682
8116595	6.568952
8116607	6.635512
8116610	5.820589
8116620	5.590667
8116622	7.389402
8116635	4.831308
8116649	7.501171
8116651	7.488899
8116653	7.501171
8116655	6.103714
8116658	6.099739
8116662	3.100685
8116664	7.554736
8116696	4.775587
8116707	4.272507
8116710	8.677598
8116722	4.255239
8116724	4.418479
8116734	4.786464
8116740	7.975071
8116760	5.445347
8116780	8.83047
8116807	5.892537
8116818	6.18114
8116827	4.347991
8116829	2.498659
8116831	5.396803
8116835	5.041011
8116846	4.910136
8116848	4.244196
8116859	6.568069
8116867	7.845703
8116874	3.627911
8116904	3.947575
8116906	3.467653
8116908	5.510993
8116910	7.349308
8116921	6.790694
8116929	8.832445
8116932	5.996278
8116952	8.409008
8116954	2.532714
8116956	5.653062
8116969	4.593323
8116980	5.006861
8116983	7.420709
8116992	6.611338
8116994	5.188355
8116996	4.155191
8116998	9.083842
8117018	7.96067
8117020	9.162037
8117032	5.888984
8117034	5.828458
8117045	3.880906
8117054	5.065865
8117071	7.094459
8117077	2.481084
8117079	6.644767
8117081	5.652397
8117106	6.750612
8117118	5.709194
8117120	7.44546
8117126	2.587836
8117128	5.072697
8117138	3.557984
8117140	6.033261
8117161	3.155987
8117165	9.750834
8117172	7.015645
8117176	8.163226
8117178	4.291948
8117187	4.258417
8117189	4.891269
8117192	2.415635
8117194	5.62629
8117207	5.25843
8117219	5.651612
8117225	5.053349
8117237	8.915958
8117239	4.417953
8117241	4.650416
8117243	6.028672
8117284	5.814178
8117286	5.380233
8117288	3.572553
8117301	3.837699
8117304	3.841899
8117321	7.392607
8117330	5.943181
8117334	6.792983
8117339	5.925623
8117343	5.201251
8117368	7.627288
8117372	10.41119
8117377	9.452353
8117382	8.495044
8117389	6.250416
8117395	9.107941
8117402	9.959733
8117408	8.898804
8117415	6.119427
8117422	5.295016
8117426	7.857869
8117429	4.659233
8117435	5.74433
8117447	6.885151
8117458	6.351187
8117470	4.823964
8117476	5.342042
8117485	8.00189
8117498	5.079009
8117510	6.093828
8117520	2.32868
8117522	5.88632
8117529	2.663285
8117531	6.029706
8117533	7.079059
8117535	7.544775
8117537	6.29354
8117543	5.289566
8117547	5.670683
8117561	4.333132
8117563	5.287869
8117565	6.90309
8117567	4.176242
8117572	4.488971
8117576	2.960481
8117578	2.387907
8117580	4.979701
8117583	6.80197
8117589	6.659711
8117594	6.473019
8117598	7.070529
8117600	5.027147
8117608	5.101933
8117614	6.797001
8117620	6.755804
8117622	5.915953
8117624	3.908495
8117626	5.892067
8117628	3.386425
8117630	6.301696
8117640	5.395612
8117646	4.855012
8117653	5.712561
8117655	6.480146
8117663	4.286051
8117667	4.576962
8117675	4.607613
8117685	4.964832
8117696	3.737195
8117698	5.796336
8117700	4.426501
8117707	5.382606
8117712	2.641983
8117714	3.974506
8117716	3.548943
8117718	2.400245
8117720	4.974568
8117722	3.236953
8117724	3.009273
8117727	4.999466
8117732	4.322619
8117739	6.975881
8117741	6.949161
8117746	5.563822
8117748	5.575655
8117760	8.40309
8117773	6.856644
8117777	10.87373
8117800	11.93626
8117809	4.82611
8117813	11.82157
8117822	5.400141
8117834	7.20752
8117840	6.353642
8117849	6.587907
8117861	6.781164
8117869	6.41111
8117881	7.143147
8117888	7.072314
8117890	11.53871
8117900	9.252754
8117922	6.551307
8117929	7.570168
8117955	6.399585
8117965	5.755766
8117987	6.849822
8117995	7.666736
8118005	4.032391
8118007	5.274149
8118023	5.439749
8118028	6.832488
8118061	5.555713
8118069	13.07955
8118076	5.203758
8118086	4.427883
8118093	6.690995
8118098	6.680593
8118100	6.569764
8118111	9.066598
8118116	7.739552
8118124	6.734781
8118127	6.791951
8118137	5.547912
8118142	6.448417
8118147	6.293456
8118149	8.001578
8118158	5.397393
8118174	7.138991
8118207	6.644038
8118209	5.768461
8118216	4.709357
8118218	9.489977
8118228	5.076519
8118235	6.734738
8118242	5.612539
8118249	6.831318
8118259	4.932916
8118293	5.418216
8118302	7.551672
8118310	12.45632
8118314	11.84201
8118319	6.193039
8118322	7.24432
8118324	7.112153
8118345	9.119487
8118367	6.975447
8118395	6.849911
8118409	6.019064
8118455	6.019064
8118498	6.618034
8118509	5.577236
8118535	7.26747
8118544	6.963292
8118548	7.701701
8118556	6.628654
8118564	6.626251
8118571	6.399443
8118580	9.453053
8118594	7.142313
8118607	4.699635
8118611	3.036497
8118613	7.519426
8118622	6.260206
8118632	6.083675
8118634	7.181723
8118644	9.094643
8118655	7.80561
8118661	5.704578
8118667	9.056365
8118669	5.559802
8118682	7.774588
8118696	6.175709
8118721	5.91901
8118724	5.553949
8118726	6.172453
8118734	7.251273
8118794	8.818182
8118804	6.427153
8118818	2.880714
8118820	3.25786
8118822	3.149816
8118824	5.645228
8118826	6.490225
8118833	5.203268
8118861	4.596879
8118863	9.161699
8118890	5.556701
8118915	6.473558
8118932	6.894925
8118945	8.991687
8118963	6.211892
8118974	7.266632
8118979	2.989749
8118981	5.693135
8118990	6.084946
8118995	5.808924
8119000	6.262305
8119016	7.894827
8119034	7.389546
8119052	5.652716
8119067	7.204336
8119078	5.194145
8119080	9.03913
8119088	8.692914
8119096	4.858938
8119102	4.441757
8119107	6.609044
8119109	7.951668
8119124	6.290832
8119132	6.238159
8119153	9.272701
8119159	5.679465
8119161	10.44243
8119169	7.02661
8119184	5.810603
8119196	4.472495
8119198	6.905637
8119223	4.587215
8119227	7.993864
8119235	6.669823
8119237	5.550765
8119239	2.793203
8119241	2.109771
8119243	3.651787
8119336	3.050927
8119338	6.027073
8119357	4.878016
8119386	5.025199
8119390	5.459808
8119394	4.065982
8119396	5.517502
8119403	4.547052
8119408	7.315276
8119423	5.308071
8119427	6.444036
8119435	6.833802
8119444	6.837746
8119466	7.543563
8119473	7.239345
8119490	2.716859
8119492	5.57048
8119503	6.838294
8119515	6.302941
8119525	5.438932
8119527	3.324289
8119529	7.553913
8119580	2.740446
8119582	6.537661
8119595	5.333333
8119599	6.676493
8119609	7.434685
8119620	5.261099
8119627	7.27436
8119648	8.430782
8119661	4.752474
8119670	6.465514
8119689	6.827871
8119712	8.660597
8119722	6.42548
8119765	6.670976
8119782	4.839462
8119799	3.20569
8119801	6.379435
8119827	2.298279
8119829	6.201206
8119842	5.860391
8119856	2.432682
8119858	6.616776
8119874	7.295115
8119882	3.933429
8119894	4.071921
8119896	6.473944
8119898	7.044173
8119915	5.101466
8119918	6.017645
8119926	7.950213
8119951	4.064458
8119974	6.472652
8119993	10.86404
8120004	4.901985
8120011	4.165254
8120022	7.053423
8120043	8.05141
8120057	7.998114
8120059	3.110152
8120061	8.802202
8120067	5.215108
8120082	3.910613
8120088	5.161619
8120102	9.043544
8120124	4.472545
8120135	3.806477
8120151	4.795085
8120163	2.981634
8120165	3.851953
8120176	5.167146
8120184	3.560057
8120194	5.663932
8120204	4.781775
8120206	4.405039
8120208	4.68159
8120210	6.890282
8120215	7.66341
8120222	4.905022
8120239	6.202594
8120247	5.186944
8120249	13.45627
8120251	5.844213
8120269	4.541873
8120271	4.497182
8120273	7.229826
8120275	3.948852
8120277	4.406609
8120279	7.609421
8120300	2.813645
8120315	3.65296
8120333	2.239708
8120335	7.987554
8120342	5.174063
8120350	2.88352
8120360	3.264397
8120362	2.976369
8120378	4.952375
8120382	5.622324
8120402	5.597525
8120411	5.001475
8120428	7.331076
8120431	8.265186
8120441	7.191881
8120460	3.710791
8120462	2.546268
8120464	3.328589
8120466	2.138898
8120468	4.346243
8120501	5.625435
8120552	8.774097
8120579	5.294588
8120585	7.498872
8120600	3.465151
8120602	6.024699
8120613	4.119734
8120654	4.54696
8120675	5.577687
8120679	3.628941
8120698	5.329391
8120715	2.52934
8120717	4.836264
8120719	3.806874
8120756	5.229705
8120758	5.237069
8120783	11.03281
8120820	6.473592
8120822	6.018888
8120824	2.498326
8120826	4.012694
8120833	9.969263
8120838	2.75006
8120860	5.91181
8120876	4.705007
8120878	3.885578
8120880	8.57157
8120883	6.711503
8120927	4.716044
8120932	5.082244
8120937	4.890155
8120943	7.817259
8120961	4.113905
8120967	4.640991
8120981	6.590427
8120983	4.362712
8120990	4.861989
8120992	8.962806
8121002	5.679967
8121009	3.463222
8121015	3.133666
8121031	5.349921
8121041	2.666922
8121043	5.481654
8121062	3.631047
8121064	4.702743
8121066	3.585158
8121076	10.12833
8121087	6.841301
8121095	5.207041
8121112	5.641261
8121116	2.968334
8121118	5.82555
8121130	3.578913
8121132	4.198827
8121134	2.868795
8121136	5.178861
8121138	4.56976
8121140	2.833944
8121142	3.645363
8121144	4.751747
8121152	4.13423
8121159	4.003728
8121161	7.824223
8121181	3.064368
8121193	3.91853
8121209	7.547333
8121212	4.477371
8121214	4.675521
8121216	7.245114
8121223	2.395923
8121225	4.405209
8121247	2.535578
8121249	3.007091
8121251	2.480113
8121255	2.890974
8121257	11.91785
8121273	5.073685
8121275	5.207077
8121277	8.671786
8121298	4.310156
8121300	5.407807
8121312	4.716683
8121317	2.839203
8121319	4.313618
8121330	3.803385
8121332	2.120057
8121334	4.031868
8121347	2.076688
8121349	5.141751
8121363	1.971008
8121365	7.032396
8121370	4.842017
8121390	2.476452
8121392	4.134286
8121405	5.637547
8121416	6.892379
8121418	6.607392
8121429	6.096321
8121454	6.786546
8121461	7.010138
8121485	2.701675
8121487	3.176908
8121489	6.85949
8121502	7.032001
8121508	2.312374
8121510	4.976611
8121515	6.823841
8121525	5.763186
8121532	5.16505
8121547	3.860307
8121553	3.905682
8121557	2.825957
8121559	3.975627
8121561	3.852155
8121563	10.0528
8121569	4.54838
8121578	6.157158
8121588	6.324878
8121596	6.87746
8121601	4.334536
8121605	2.932555
8121613	5.641602
8121622	3.699424
8121632	3.787112
8121649	3.569498
8121670	3.480474
8121672	4.695607
8121681	4.496158
8121683	4.791458
8121685	5.376617
8121704	7.894357
8121712	4.744913
8121725	3.356426
8121727	3.428916
8121729	2.839649
8121734	5.613607
8121739	5.395293
8121741	3.150333
8121743	9.486302
8121747	2.809514
8121749	5.150994
8121755	4.273124
8121757	5.841024
8121768	3.462607
8121782	11.08749
8121784	4.294476
8121794	5.834368
8121803	3.931993
8121814	4.426592
8121825	4.913418
8121838	7.246812
8121850	4.471373
8121861	4.969722
8121884	4.804143
8121886	6.833281
8121895	4.660171
8121911	2.840637
8121916	3.935837
8121927	6.680673
8121936	4.062388
8121943	2.478849
8121945	3.37709
8121947	4.352856
8121949	4.377274
8122013	5.135308
8122038	5.035527
8122045	4.121445
8122058	3.416271
8122071	5.167058
8122099	3.891803
8122125	2.4068
8122127	3.874269
8122129	3.028165
8122131	3.862637
8122136	7.615701
8122142	6.241227
8122144	6.252828
8122146	3.862563
8122150	4.234504
8122174	7.825705
8122176	5.371463
8122182	6.766129
8122196	7.217132
8122198	7.956855
8122200	4.109406
8122202	5.466148
8122222	3.996281
8122240	4.234001
8122242	5.886083
8122256	6.38954
8122259	6.535187
8122261	4.110239
8122263	2.502349
8122265	9.543198
8122277	4.140471
8122279	6.531826
8122317	10.28706
8122327	7.803473
8122334	4.361434
8122336	8.092697
8122343	8.88665
8122348	7.118742
8122365	8.273348
8122396	6.611333
8122405	4.700017
8122409	4.100796
8122426	9.087365
8122440	4.80544
8122452	3.606885
8122457	7.898599
8122464	5.18098
8122537	4.521324
8122552	3.729043
8122554	6.007507
8122561	3.460884
8122598	5.682445
8122600	9.41757
8122634	5.724568
8122637	10.30771
8122658	4.296236
8122660	5.830662
8122670	3.561532
8122672	9.045044
8122684	6.684756
8122689	7.065127
8122699	8.122542
8122701	3.986428
8122703	6.63192
8122705	6.105251
8122717	6.744102
8122720	3.077552
8122724	5.353463
8122732	4.796556
8122734	7.889459
8122740	6.327858
8122742	6.498626
8122744	5.989932
8122756	6.885164
8122773	6.661723
8122803	3.347089
8122805	2.59934
8122807	5.653167
8122818	6.142751
8122827	4.629236
8122840	5.438144
8122843	8.030436
8122856	5.177979
8122858	2.503926
8122860	4.519785
8122865	3.858381
8122877	1.841663
8122879	3.448335
8122881	2.336108
8122883	2.558145
8122885	3.708468
8122887	4.059886
8122909	7.098699
8122933	5.109768
8122966	4.518267
8122969	2.570332
8122971	7.268759
8122982	7.020038
8122986	10.32171
8123006	6.346813
8123038	4.973493
8123044	6.888434
8123060	5.079009
8123062	7.466384
8123080	5.72301
8123104	4.790179
8123129	7.514289
8123137	5.106285
8123148	9.006031
8123155	5.859571
8123176	3.753376
8123181	8.500184
8123230	5.92496
8123232	5.619798
8123246	4.174493
8123259	4.659451
8123274	9.110315
8123303	5.248601
8123313	2.465381
8123315	7.887234
8123334	6.32652
8123336	2.322874
8123338	2.317665
8123340	5.168912
8123342	5.695665
8123362	5.779611
8123364	5.209593
8123372	6.61168
8123374	4.911763
8123388	6.25963
8123398	5.178916
8123405	5.605408
8123407	10.04473
8123437	5.139891
8123446	5.701163
8123463	6.51466
8123467	4.959538
8123488	6.45925
8123494	7.266646
8123507	7.148879
8123520	6.383494
8123524	5.860205
8123558	5.677379
8123562	10.11466
8123579	5.158949
8123584	4.284625
8123598	9.323346
8123606	8.734387
8123609	5.901844
8123621	7.773184
8123637	6.358195
8123642	4.74852
8123644	6.728706
8123651	6.304783
8123658	7.927911
8123678	7.980032
8123685	3.255074
8123695	4.462198
8123714	4.765994
8123717	3.911677
8123726	5.554896
8123728	4.244758
8123737	5.21134
8123739	4.806967
8123744	4.893171
8123760	6.275664
8123763	6.888659
8123765	2.890288
8123767	7.548651
8123780	3.135623
8123800	5.198332
8123802	5.928015
8123819	4.238033
8123825	8.426236
8123843	3.881199
8123864	6.560639
8123876	4.279428
8123884	4.458384
8123889	3.849343
8123891	7.170601
8123893	4.487316
8123910	4.7177
8123920	3.950297
8123929	5.015255
8123936	6.526802
8123949	3.522924
8123951	5.058094
8123959	3.342836
8123961	6.269917
8123976	6.769469
8123981	4.406432
8123985	3.314375
8123989	10.29858
8124008	6.386505
8124018	2.979929
8124020	5.651613
8124022	6.125318
8124036	2.807875
8124038	5.285321
8124040	5.545743
8124055	4.954341
8124057	4.332587
8124059	7.135671
8124082	8.026587
8124086	1.841925
8124088	5.74314
8124129	6.12178
8124134	5.253073
8124144	7.474184
8124156	2.087182
8124158	2.37644
8124160	2.933919
8124162	2.603341
8124164	3.91581
8124166	7.042538
8124181	2.266387
8124183	8.27378
8124185	3.100967
8124192	4.719865
8124194	4.715878
8124196	5.36376
8124211	4.8566
8124240	5.268867
8124262	9.143064
8124273	9.321757
8124280	4.912495
8124305	7.25942
8124307	4.411591
8124327	4.53707
8124329	2.088972
8124331	3.645816
8124335	4.620687
8124337	3.54257
8124351	4.321876
8124365	5.46515
8124380	6.079881
8124385	7.137297
8124388	5.561897
8124391	5.964895
8124394	4.437417
8124397	8.748936
8124402	6.706854
8124406	8.46209
8124413	9.785522
8124416	10.36087
8124423	9.32028
8124430	5.705233
8124433	4.201094
8124437	7.196563
8124440	4.812155
8124446	6.143548
8124448	10.74883
8124455	2.91705
8124457	3.556568
8124459	5.363841
8124467	6.029706
8124469	7.558432
8124484	8.471807
8124492	8.525455
8124495	4.966303
8124498	3.08604
8124500	3.331422
8124502	4.935665
8124510	5.185691
8124518	3.033472
8124521	7.404563
8124524	6.388715
8124527	5.554114
8124531	6.586348
8124534	4.524608
8124537	5.453602
8124540	5.616696
8124547	3.394607
8124549	3.569956
8124551	6.535949
8124553	4.484736
8124562	7.689243
8124574	4.44359
8124583	3.796171
8124588	4.775577
8124594	4.540282
8124604	4.064215
8124606	2.958476
8124608	4.103079
8124610	5.973143
8124622	4.073531
8124630	4.18027
8124632	3.537255
8124634	4.085276
8124636	3.339599
8124639	2.76402
8124645	3.764294
8124648	3.655274
8124650	5.837972
8124654	6.514547
8124684	5.241059
8124689	6.878176
8124691	4.499891
8124695	10.57926
8124707	7.745696
8124716	4.711427
8124726	7.461868
8124742	7.289385
8124756	8.099328
8124775	6.989588
8124798	6.355838
8124806	5.786788
8124813	5.729062
8124828	6.919795
8124846	2.385242
8124848	10.2571
8124855	7.090914
8124859	6.521785
8124862	7.014641
8124865	6.656845
8124868	6.448157
8124889	6.282736
8124897	4.885342
8124901	11.65584
8124911	11.76923
8124920	4.463938
8124922	3.347524
8124924	3.409431
8124926	8.079762
8124940	5.180376
8124942	5.789328
8124950	8.569722
8124955	6.255233
8124967	8.639714
8124994	7.499237
8124998	6.704784
8125007	5.893089
8125017	6.776151
8125038	6.714018
8125042	6.115691
8125048	6.923958
8125059	8.021985
8125072	6.009227
8125091	6.104746
8125123	6.754307
8125125	5.73247
8125134	5.660082
8125139	9.462639
8125149	10.29794
8125172	6.846896
8125201	6.750151
8125204	7.455191
8125220	5.997148
8125234	6.38531
8125289	6.16476
8125295	8.517365
8125316	6.614985
8125321	6.768183
8125328	6.922075
8125341	7.039487
8125360	7.35653
8125373	7.601013
8125383	7.119108
8125415	3.523293
8125426	6.273769
8125434	5.35779
8125436	5.766969
8125447	6.298436
8125461	5.423984
8125463	7.457275
8125470	4.90383
8125483	7.149814
8125500	7.292699
8125512	8.398367
8125527	4.756186
8125530	6.454516
8125537	6.717768
8125545	5.849265
8125556	7.351138
8125563	4.339082
8125568	7.536344
8125638	7.377915
8125649	7.639424
8125671	6.186296
8125687	8.219603
8125713	9.147694
8125731	7.585679
8125734	6.145867
8125748	8.668756
8125750	8.792948
8125752	7.841231
8125766	8.238575
8125772	6.342626
8125775	6.560704
8125780	5.872753
8125788	7.819228
8125798	6.845546
8125805	6.927117
8125818	7.168595
8125825	7.12195
8125835	8.30478
8125843	6.422527
8125850	8.650064
8125859	6.878365
8125870	5.165494
8125887	8.556866
8125903	5.863502
8125919	6.511787
8125936	5.661885
8125941	6.386538
8125959	4.168098
8125980	5.769229
8125993	5.964895
8126007	3.377443
8126016	2.529873
8126018	9.696616
8126033	6.207737
8126035	5.634803
8126058	5.912946
8126066	7.968097
8126086	5.419936
8126093	3.925767
8126095	6.692321
8126102	4.993424
8126119	3.732359
8126121	7.343055
8126135	6.56676
8126145	4.277934
8126147	6.736948
8126153	5.417665
8126163	5.034838
8126173	5.752743
8126184	4.343084
8126212	6.835497
8126214	5.225377
8126238	3.830627
8126240	4.925087
8126244	4.519372
8126248	5.274611
8126259	5.997617
8126269	5.577746
8126279	4.666307
8126288	5.754692
8126296	5.31139
8126301	8.06121
8126303	6.7407
8126310	5.433819
8126312	5.751575
8126324	4.983199
8126337	6.347772
8126347	5.806174
8126360	7.889191
8126369	4.024218
8126371	7.83462
8126379	9.274124
8126382	9.862532
8126387	6.068759
8126394	9.103143
8126402	6.781251
8126428	6.999444
8126432	1.824607
8126434	2.909314
8126436	4.902282
8126442	6.963606
8126446	5.911637
8126450	8.6053
8126452	6.526533
8126474	8.384076
8126482	5.78516
8126484	6.015927
8126486	6.512807
8126512	6.500373
8126524	6.792172
8126531	6.433935
8126542	5.438141
8126556	6.792368
8126566	6.149307
8126574	9.552258
8126588	5.116279
8126629	9.939512
8126646	7.410248
8126653	7.448221
8126658	6.892043
8126666	8.526752
8126674	5.178984
8126681	6.085465
8126705	3.768984
8126710	4.530024
8126729	5.206004
8126750	4.328373
8126760	5.911638
8126770	5.147109
8126784	4.296574
8126798	4.239354
8126820	12.0247
8126839	9.797477
8126853	4.432195
8126855	6.206208
8126860	7.496879
8126878	4.584239
8126891	5.606398
8126905	12.44431
8126916	5.315603
8126920	3.968523
8126931	2.20916
8126934	2.439523
8126937	5.594913
8126939	3.389522
8126943	3.062344
8126946	3.432387
8126948	4.988873
8126950	6.284013
8126952	9.674038
8126954	5.582412
8127024	5.6376
8127031	5.500187
8127051	5.588925
8127065	3.800871
8127072	5.601466
8127079	2.850228
8127087	4.827833
8127094	4.721453
8127107	4.665341
8127109	7.092466
8127128	7.579029
8127130	3.845541
8127141	3.832467
8127143	3.19728
8127145	8.065466
8127156	4.289712
8127158	8.820333
8127177	5.725786
8127180	3.572453
8127193	4.207951
8127201	4.732698
8127234	6.395699
8127346	3.900462
8127360	4.527658
8127362	2.475352
8127364	4.530471
8127370	4.408665
8127380	4.67413
8127391	3.101414
8127393	2.858298
8127396	3.245425
8127399	3.833762
8127408	2.57941
8127419	7.499572
8127421	5.826978
8127423	9.519096
8127425	9.119932
8127446	5.806961
8127484	5.280921
8127496	3.172365
8127498	5.155199
8127500	4.39296
8127502	5.65229
8127507	5.378315
8127509	2.617632
8127511	5.779599
8127522	4.707839
8127526	7.74768
8127532	6.473632
8127534	5.944106
8127542	7.377081
8127544	5.536798
8127549	8.787324
8127563	4.709214
8127629	7.832518
8127637	9.447892
8127646	4.027308
8127656	2.76335
8127658	7.415006
8127660	5.545116
8127662	5.218736
8127664	3.485635
8127666	4.055138
8127686	3.388819
8127688	2.078386
8127690	8.048923
8127692	5.873643
8127696	5.515687
8127698	7.622484
8127743	4.850831
8127752	3.872425
8127754	5.758718
8127756	4.87495
8127767	3.488037
8127776	2.866091
8127778	7.512403
8127787	6.940799
8127822	5.20121
8127824	4.307099
8127841	5.801491
8127854	5.225952
8127872	5.179381
8127903	4.299018
8127932	4.279991
8127943	5.7915
8127977	7.350576
8127987	7.465728
8127989	6.182503
8127991	3.284009
8127993	2.542093
8127997	2.11199
8127999	3.262753
8128001	4.759098
8128007	4.552071
8128013	5.876863
8128034	8.424913
8128043	3.550945
8128052	5.842666
8128079	4.34676
8128087	4.303513
8128099	5.81503
8128109	4.268703
8128111	7.369796
8128123	7.286106
8128133	6.137352
8128138	5.551597
8128245	2.421698
8128247	5.248825
8128258	6.648396
8128260	6.806048
8128282	3.732396
8128284	4.352777
8128308	5.632128
8128310	2.387299
8128312	6.142615
8128314	3.317148
8128316	3.877645
8128322	4.622444
8128329	4.045558
8128356	5.570924
8128371	5.63866
8128383	4.240927
8128394	7.842391
8128409	4.893266
8128429	8.842327
8128445	2.162297
8128447	4.727804
8128459	4.01628
8128472	6.808162
8128522	7.186265
8128549	5.140276
8128553	3.988791
8128565	4.040668
8128572	5.904196
8128592	7.168612
8128604	5.621254
8128606	5.240136
8128618	2.634898
8128620	5.36749
8128624	6.069971
8128626	5.248365
8128638	6.22775
8128650	7.581614
8128667	6.962303
8128669	6.418989
8128683	7.036692
8128695	2.682736
8128698	6.173578
8128712	5.773702
8128714	3.584663
8128716	10.17564
8128726	4.095548
8128737	5.867659
8128767	5.47731
8128777	4.153802
8128788	4.794772
8128795	5.395198
8128818	4.149086
8128837	3.61774
8128843	4.802
8128850	4.152583
8128865	6.922106
8128867	7.707333
8128886	5.207873
8128888	4.075271
8128890	4.78653
8128892	3.388512
8128894	4.796818
8128934	2.627535
8128936	2.953631
8128939	8.343458
8128954	2.503344
8128956	5.954385
8128977	5.414006
8128991	5.075396
8129037	5.836906
8129039	5.254241
8129043	3.707992
8129045	7.63608
8129062	5.744179
8129067	3.861593
8129069	4.298056
8129071	8.686152
8129082	5.429744
8129087	5.027694
8129089	6.776591
8129095	6.698028
8129097	4.9757
8129099	8.98618
8129105	4.40238
8129108	4.614955
8129120	7.357324
8129125	3.612426
8129134	3.812601
8129179	2.869982
8129181	5.914442
8129193	4.539894
8129214	4.79375
8129218	5.808708
8129231	3.996336
8129254	6.987582
8129271	2.194688
8129273	4.272548
8129309	2.484837
8129311	2.763696
8129313	2.507364
8129317	9.319169
8129330	3.175412
8129363	6.98044
8129375	6.913631
8129377	3.836275
8129379	6.401788
8129390	4.658793
8129392	3.777978
8129410	4.283757
8129418	7.97024
8129454	5.914529
8129456	4.046873
8129458	5.021198
8129476	3.649401
8129482	4.297476
8129497	4.120024
8129522	7.581126
8129558	7.778542
8129560	5.687633
8129562	9.083383
8129573	3.257753
8129590	7.355233
8129604	4.412758
8129608	3.454161
8129610	3.443202
8129615	4.950422
8129618	5.583264
8129627	4.764129
8129637	5.60546
8129649	5.904101
8129666	5.423365
8129675	7.147399
8129677	7.002911
8129693	3.55698
8129695	4.937542
8129706	6.850778
8129728	4.669566
8129761	3.045162
8129763	3.642086
8129773	7.400396
8129783	7.89539
8129804	7.745619
8129835	2.932443
8129837	5.830584
8129848	3.892051
8129861	7.761626
8129872	5.251383
8129876	4.67016
8129880	9.549719
8129888	7.872576
8129899	3.310386
8129901	7.330969
8129924	4.374937
8129937	10.02781
8129943	5.370731
8129947	4.860178
8129953	9.295523
8129963	6.839491
8129974	6.229917
8129985	7.930922
8130003	5.730603
8130009	8.199416
8130011	3.985454
8130013	4.376321
8130027	3.834578
8130032	7.710679
8130038	5.371862
8130071	9.075304
8130073	7.595995
8130087	5.261163
8130102	5.636036
8130116	6.724717
8130129	6.35487
8130142	6.463803
8130151	4.302115
8130163	7.196938
8130173	6.96104
8130176	5.430114
8130181	4.169455
8130183	3.094061
8130185	6.269773
8130191	4.32233
8130209	3.434589
8130211	5.595964
8130370	4.716987
8130372	4.35786
8130374	4.290493
8130383	6.105403
8130394	6.725741
8130401	2.884051
8130403	6.359921
8130406	2.95239
8130408	6.673393
8130422	8.593045
8130436	4.252025
8130438	4.081801
8130447	5.092796
8130462	8.125925
8130464	6.552669
8130470	7.777172
8130472	2.471233
8130474	6.250445
8130495	1.809639
8130497	2.537404
8130499	7.922536
8130505	9.8658
8130522	4.440954
8130528	6.634002
8130539	6.393924
8130553	5.226283
8130556	9.741794
8130565	6.746142
8130567	10.38689
8130578	7.569685
8130580	6.683873
8130582	4.361675
8130598	5.49418
8130608	5.348032
8130622	8.131605
8130624	8.571959
8130626	4.933536
8130628	5.506568
8130641	5.4974
8130645	5.142938
8130660	7.254928
8130662	3.267724
8130664	3.344052
8130674	4.857975
8130701	3.025344
8130703	5.928879
8130715	7.50412
8130720	6.324719
8130732	8.299109
8130739	7.212821
8130765	7.20308
8130768	5.914555
8130783	5.047945
8130785	6.037983
8130787	5.367727
8130803	6.328751
8130807	8.577883
8130811	5.407129
8130817	6.310918
8130824	6.093021
8130827	6.063456
8130837	5.690176
8130859	6.522761
8130867	4.885266
8130891	5.946174
8130916	7.929359
8130927	4.657621
8130934	4.795466
8130939	6.24598
8130952	6.439414
8130962	7.765107
8130976	6.328751
8130980	8.577883
8130982	5.407129
8130988	6.406185
8130993	6.061105
8130997	5.174445
8131000	6.758224
8131013	8.969936
8131042	7.394273
8131044	8.584494
8131056	7.832314
8131067	5.525173
8131069	5.925798
8131087	8.357503
8131091	7.166176
8131096	5.683294
8131098	7.011162
8131101	7.059957
8131111	7.066805
8131135	7.354497
8131140	6.03978
8131143	6.09866
8131155	7.374142
8131179	7.322301
8131195	6.97694
8131203	3.548736
8131205	5.926246
8131253	6.607924
8131263	3.82814
8131265	6.596542
8131286	5.464513
8131292	5.812619
8131296	7.716712
8131301	4.54912
8131303	8.025073
8131324	4.67047
8131326	6.107517
8131335	3.431826
8131337	5.711482
8131339	8.163591
8131349	5.312869
8131356	7.565374
8131374	5.911782
8131379	7.429352
8131381	4.141853
8131385	4.49995
8131387	6.544994
8131406	7.509325
8131412	5.399994
8131414	6.399493
8131427	6.463982
8131438	6.637459
8131441	5.788405
8131444	6.205887
8131452	4.028481
8131475	6.633754
8131479	6.388512
8131494	4.376471
8131496	6.803033
8131506	5.449209
8131512	6.875756
8131515	4.349826
8131519	6.436169
8131539	9.280303
8131550	7.259486
8131573	6.411532
8131581	5.816442
8131583	5.988434
8131600	8.869305
8131612	4.762757
8131614	9.339282
8131631	5.730727
8131661	7.836277
8131666	10.72079
8131682	2.859407
8131703	3.321339
8131705	5.645201
8131707	4.117787
8131709	6.42528
8131719	4.131743
8131801	3.699083
8131803	4.01525
8131811	10.2397
8131813	9.136053
8131815	5.615928
8131831	5.085001
8131844	6.343643
8131860	6.181444
8131869	8.05751
8131871	6.46087
8131881	6.132798
8131890	4.002894
8131917	6.531658
8131919	5.204416
8131925	2.699976
8131927	4.365207
8131942	6.181656
8131944	6.587238
8131949	6.962656
8131957	5.99849
8131965	7.170043
8131967	4.78484
8131970	6.924567
8131975	10.65913
8131996	5.548606
8132013	5.687145
8132031	8.199633
8132034	3.663568
8132036	6.265028
8132043	3.37099
8132045	7.990655
8132055	6.587163
8132062	9.28598
8132070	6.710854
8132092	6.319741
8132097	5.211389
8132118	5.940204
8132130	6.161946
8132151	4.629189
8132167	4.419416
8132182	5.108293
8132188	7.038023
8132209	8.1376
8132212	2.768194
8132214	5.915514
8132218	5.012252
8132245	4.396937
8132248	6.316947
8132250	4.875066
8132270	4.347275
8132286	4.18056
8132288	2.768194
8132290	6.747774
8132292	6.885845
8132302	6.090092
8132305	7.510188
8132318	3.930147
8132343	3.838029
8132345	2.757867
8132347	4.487106
8132349	3.318015
8132369	5.302198
8132376	5.375667
8132387	5.421623
8132399	4.918858
8132404	4.477087
8132406	8.491315
8132413	2.911256
8132415	2.506902
8132417	8.416124
8132439	4.412683
8132458	6.234743
8132463	3.622016
8132465	4.560015
8132493	4.136493
8132503	8.089258
8132513	5.334403
8132515	8.093601
8132523	6.772217
8132531	6.506524
8132539	9.3387
8132557	7.08371
8132580	8.887962
8132589	7.802223
8132592	8.531487
8132617	7.390302
8132642	6.68527
8132646	6.153258
8132660	7.107177
8132667	5.784125
8132690	6.678228
8132692	3.812978
8132694	6.99645
8132705	4.090255
8132707	5.205945
8132710	4.872251
8132715	4.902381
8132725	7.261551
8132743	6.363621
8132803	4.734869
8132805	7.462468
8132811	3.285429
8132813	3.38882
8132819	5.463374
8132830	5.295748
8132832	6.269648
8132838	4.514318
8132840	5.856068
8132843	4.120403
8132845	3.997044
8132849	4.701746
8132851	5.465824
8132856	2.20916
8132858	6.489643
8132860	7.774823
8132897	6.370673
8132909	4.741439
8132911	3.424998
8132913	3.90494
8132915	3.659702
8132917	4.531518
8132922	5.214946
8132929	5.800878
8132943	7.162083
8132960	3.551853
8132962	5.218278
8132964	6.799802
8132978	8.617462
8132980	7.32418
8132984	2.989148
8132986	3.082619
8132988	1.898466
8132990	2.233469
8132992	6.857796
8132994	2.7923
8132996	3.81303
8132998	8.243629
8133000	2.01622
8133002	1.925415
8133004	3.740935
8133006	2.06492
8133008	2.409728
8133010	2.009111
8133012	7.334832
8133014	3.370772
8133016	3.624072
8133018	4.513887
8133021	5.267208
8133023	3.406971
8133027	8.553115
8133030	7.117023
8133032	3.708061
8133034	3.497838
8133036	3.685569
8133038	5.02641
8133040	2.004186
8133042	3.494076
8133049	5.23639
8133057	5.875883
8133062	5.623059
8133070	7.691276
8133072	5.158905
8133074	6.619477
8133085	3.04601
8133089	6.053569
8133095	6.992983
8133106	7.326629
8133108	5.158905
8133110	5.464325
8133112	4.69286
8133114	6.562374
8133119	5.027402
8133122	7.093077
8133145	7.24133
8133155	7.921175
8133163	5.025374
8133165	5.004835
8133167	5.259902
8133176	9.373053
8133187	2.525616
8133189	3.880816
8133192	8.548837
8133200	6.505167
8133202	4.870282
8133209	6.765738
8133215	5.995197
8133219	9.164763
8133221	7.086991
8133223	4.112413
8133225	2.509788
8133227	2.237198
8133229	3.25063
8133231	2.956301
8133233	5.541148
8133258	5.485483
8133273	8.226305
8133275	7.49512
8133293	5.242713
8133300	9.073563
8133309	8.28644
8133314	6.977227
8133326	6.060733
8133331	6.983309
8133335	7.466722
8133339	8.232174
8133345	7.106487
8133360	9.247407
8133366	5.994787
8133372	7.08144
8133413	7.788095
8133434	9.502894
8133442	7.01381
8133459	6.660776
8133477	7.83223
8133500	5.470101
8133504	7.598103
8133518	6.786789
8133531	8.65865
8133540	8.226229
8133549	6.00439
8133571	6.798833
8133582	6.639489
8133590	6.661146
8133600	6.755213
8133610	6.77216
8133623	3.717336
8133625	6.23752
8133633	6.503891
8133654	6.879955
8133662	8.907661
8133670	9.223978
8133688	6.324399
8133690	8.314795
8133702	2.435154
8133704	7.181875
8133721	12.38941
8133728	5.149493
8133736	8.911857
8133741	10.22534
8133750	2.710278
8133752	7.775289
8133754	9.388157
8133770	6.728909
8133788	7.960169
8133809	6.83563
8133818	6.324972
8133847	4.162448
8133854	2.358387
8133856	3.674962
8133858	2.790801
8133860	4.876147
8133872	4.19564
8133874	7.565478
8133876	3.134486
8133896	11.91705
8133898	2.904409
8133900	4.334574
8133902	5.35352
8133904	3.922298
8133914	6.735867
8133938	7.195247
8133959	3.850888
8133961	3.610689
8133976	3.066911
8133983	4.492546
8134018	4.187578
8134024	4.511845
8134026	5.037684
8134030	3.712684
8134036	6.684735
8134051	4.129171
8134077	3.080163
8134079	6.867432
8134091	8.523363
8134098	5.767599
8134117	6.865882
8134122	6.9819
8134180	7.260076
8134201	6.737863
8134211	6.324524
8134219	5.11345
8134252	2.581203
8134257	3.718492
8134263	6.588845
8134318	4.930394
8134339	5.835684
8134345	2.41875
8134347	3.033643
8134349	5.497315
8134351	5.350576
8134372	2.740137
8134374	6.730508
8134376	3.718658
8134384	4.480842
8134403	2.405674
8134405	3.07288
8134407	7.140412
8134415	4.538105
8134420	3.279591
8134429	5.48302
8134433	4.593921
8134435	9.898835
8134452	7.072029
8134454	8.033523
8134460	4.811032
8134463	6.268226
8134470	6.242893
8134550	5.190333
8134552	7.055761
8134564	5.0546
8134581	9.312104
8134589	7.069455
8134599	6.915922
8134613	5.21159
8134621	5.779876
8134631	8.137554
8134644	7.470039
8134655	3.683597
8134676	2.539828
8134678	2.74804
8134680	7.423435
8134689	5.867086
8134699	8.371782
8134712	6.688237
8134730	5.18119
8134737	6.747381
8134740	6.670868
8134745	5.998071
8134777	6.32924
8134785	4.334703
8134789	6.999589
8134814	6.521868
8134821	8.230097
8134827	7.067364
8134834	8.033688
8134856	5.785411
8134869	5.995182
8134880	8.316939
8134890	8.998408
8134904	6.578006
8134907	6.722391
8134915	5.973414
8134965	6.498389
8134981	8.725939
8134992	7.316616
8135015	6.543351
8135031	6.069685
8135033	6.841441
8135037	5.359655
8135048	4.556542
8135064	9.589587
8135069	6.890983
8135080	7.458392
8135089	6.109876
8135099	6.598295
8135114	7.915111
8135149	6.576664
8135160	2.710278
8135162	5.887559
8135172	6.139213
8135181	6.730209
8135197	6.470719
8135204	6.38706
8135211	4.339474
8135214	3.372426
8135216	4.128899
8135218	4.034707
8135224	4.286494
8135229	6.10336
8135235	5.85259
8135250	7.446636
8135262	5.256654
8135268	6.582518
8135271	5.024482
8135273	7.712557
8135275	5.395494
8135277	9.149429
8135319	7.782917
8135321	3.044397
8135323	5.291509
8135341	4.293998
8135361	3.088109
8135363	5.600935
8135378	6.137571
8135392	10.09838
8135405	2.76906
8135410	5.405066
8135422	6.780638
8135436	4.447734
8135458	6.078547
8135464	6.977167
8135480	5.836344
8135486	3.095617
8135488	4.269886
8135497	5.504998
8135512	5.198553
8135514	9.449214
8135532	6.790174
8135542	3.85768
8135544	3.543427
8135568	8.432967
8135576	8.95681
8135585	5.750212
8135587	6.37405
8135594	5.920712
8135601	7.679035
8135625	9.641886
8135638	5.130414
8135661	4.677183
8135688	6.106075
8135697	2.966088
8135705	4.271827
8135716	2.468395
8135718	6.829829
8135734	4.549932
8135763	5.671277
8135772	3.659559
8135774	3.57525
8135804	3.728374
8135821	5.533918
8135827	3.630786
8135835	3.128871
8135847	3.413957
8135849	3.629957
8135856	8.065877
8135865	4.787339
8135874	2.191547
8135876	7.308232
8135902	4.545576
8135907	5.357358
8135909	5.505358
8135915	9.35307
8135922	5.402945
8135929	6.677559
8135931	7.823846
8135933	6.389303
8135943	9.787996
8135945	5.445242
8135955	5.238594
8135967	5.966439
8135969	4.614109
8135990	6.121519
8136039	8.493532
8136045	6.299692
8136059	5.807793
8136061	6.204607
8136063	3.873598
8136065	6.780793
8136067	6.007643
8136078	3.582863
8136080	6.550345
8136095	6.522956
8136115	6.842716
8136138	3.526448
8136140	6.186026
8136159	4.789819
8136161	5.614453
8136163	7.508282
8136177	5.835546
8136179	4.427821
8136181	3.803122
8136187	3.806934
8136200	9.385777
8136213	5.050864
8136215	4.651296
8136217	4.642864
8136235	6.123853
8136248	5.718726
8136259	7.716386
8136281	4.127447
8136289	6.2733
8136291	2.615417
8136293	7.306119
8136315	4.623393
8136336	4.343699
8136341	10.96397
8136347	4.222421
8136370	3.429218
8136388	6.790713
8136391	4.284461
8136401	6.427043
8136446	3.363576
8136448	5.057384
8136457	2.634832
8136459	4.561515
8136469	3.912877
8136471	7.691766
8136473	6.73157
8136495	4.370604
8136516	7.296045
8136535	6.531417
8136539	7.117271
8136557	5.106326
8136576	6.325768
8136578	3.595425
8136580	6.319228
8136587	2.273939
8136589	6.785301
8136591	5.716594
8136602	6.512417
8136610	2.399749
8136614	5.349723
8136631	6.357569
8136641	5.5981
8136645	4.865826
8136647	5.524212
8136652	3.515281
8136654	4.428072
8136656	2.843185
8136658	5.742615
8136660	3.133606
8136662	5.314455
8136709	5.229099
8136727	5.814708
8136786	2.923885
8136788	3.155101
8136790	4.43947
8136795	4.189549
8136801	7.394914
8136807	8.020046
8136811	6.286387
8136832	5.798803
8136837	4.529143
8136839	8.973822
8136844	3.997883
8136846	3.887313
8136849	7.092198
8136863	6.310657
8136869	6.768206
8136889	6.959579
8136891	2.680377
8136893	5.9358
8136918	8.177716
8136930	4.948733
8136932	4.105015
8136934	5.294136
8136936	6.165482
8136938	3.470178
8136940	6.551524
8136954	6.51931
8136961	3.003955
8136963	3.951479
8136965	4.969553
8136967	3.308507
8136969	3.71492
8136971	4.254973
8136973	5.045839
8136975	5.771924
8136977	5.34318
8136979	4.608226
8136981	2.159434
8136983	7.428052
8136985	6.268254
8136987	7.740216
8137006	2.820798
8137008	10.17179
8137010	3.922227
8137042	3.37657
8137044	6.669031
8137046	5.116218
8137048	3.80923
8137050	4.386474
8137054	7.452484
8137081	6.578216
8137089	2.420395
8137091	7.67091
8137101	6.901779
8137112	8.978868
8137118	6.8999
8137131	5.095214
8137133	7.521307
8137151	7.46809
8137183	7.084873
8137202	6.626158
8137208	6.64201
8137215	6.298207
8137219	6.350209
8137223	2.939923
8137225	7.643713
8137228	8.035061
8137232	4.642331
8137240	4.440564
8137244	4.975135
8137250	4.933962
8137252	5.819301
8137257	5.786796
8137264	6.495863
8137271	6.597484
8137280	6.458789
8137310	6.69468
8137330	8.695566
8137332	7.247012
8137334	6.631056
8137336	5.814364
8137352	7.462831
8137381	6.979935
8137404	6.880397
8137414	6.20952
8137433	3.796459
8137437	3.096757
8137448	6.26643
8137464	4.880636
8137466	3.370833
8137468	6.330968
8137470	5.778831
8137472	4.267446
8137474	5.612248
8137483	5.583935
8137485	4.851407
8137517	5.693372
8137524	5.492721
8137526	8.233381
8137537	6.190158
8137542	7.530147
8137558	7.094964
8137566	5.375406
8137582	3.905683
8137584	6.333406
8137596	6.113422
8137627	8.436405
8137635	6.215882
8137637	5.994159
8137639	5.714993
8137666	6.239594
8137668	7.424056
8137670	6.089593
8137675	6.439873
8137680	7.581614
8137693	5.857338
8137700	7.51811
8137707	7.999782
8137709	11.10318
8137715	6.82552
8137739	7.025003
8137781	6.230149
8137783	7.759106
8137798	5.648047
8137802	6.961363
8137805	7.653198
8137826	6.7442
8137833	7.789776
8137847	7.034571
8137863	4.767916
8137865	6.781643
8137874	5.535645
8137900	3.507808
8137903	3.507808
8137906	5.92014
8137925	3.654465
8137927	3.170214
8137931	6.345103
8137942	8.338202
8137953	8.744123
8137959	8.1336
8137962	7.806933
8137964	6.722776
8137979	12.0031
8137986	5.874928
8138009	4.050503
8138030	5.737119
8138043	2.762818
8138045	7.881351
8138065	6.28046
8138067	6.347341
8138084	4.498255
8138086	2.917575
8138088	6.547547
8138091	7.349557
8138108	8.257883
8138116	7.068238
8138128	7.90987
8138145	7.728294
8138147	9.117597
8138151	7.167809
8138155	6.589937
8138157	6.355465
8138189	6.019945
8138202	7.195697
8138224	7.063077
8138231	5.400383
8138258	4.447832
8138277	4.732743
8138287	3.680188
8138289	3.892934
8138308	2.294012
8138310	3.580056
8138337	2.843974
8138353	5.963016
8138361	6.659801
8138363	4.805857
8138370	5.577985
8138381	8.396305
8138392	4.689296
8138401	7.416632
8138435	4.567041
8138440	3.488744
8138442	7.081702
8138450	6.581743
8138454	4.678063
8138459	4.500114
8138466	10.78168
8138474	5.315516
8138483	3.121977
8138485	7.886144
8138487	7.335204
8138489	5.127812
8138504	6.858202
8138527	4.163251
8138531	12.25156
8138542	4.310154
8138545	7.465385
8138547	6.238506
8138553	5.668337
8138566	4.198625
8138581	9.09151
8138592	8.62274
8138596	7.553818
8138598	2.85072
8138600	2.631534
8138602	4.870029
8138613	9.262846
8138640	7.632874
8138647	4.612156
8138662	2.674071
8138668	3.083307
8138670	9.233431
8138686	4.750254
8138689	7.906183
8138706	3.170969
8138708	5.880757
8138718	4.872431
8138721	5.797734
8138728	4.585437
8138735	6.792077
8138741	5.592697
8138745	5.924804
8138749	6.573203
8138757	6.742807
8138765	5.397437
8138770	7.639259
8138773	9.63062
8138776	6.925829
8138789	5.971298
8138795	2.394594
8138797	4.401126
8138799	6.005379
8138805	5.521031
8138822	4.51906
8138824	8.217458
8138834	6.364131
8138842	5.653866
8138857	6.602176
8138862	5.866034
8138865	5.120459
8138882	5.333423
8138888	5.10166
8138912	3.595844
8138920	6.163708
8138922	6.361406
8138930	5.474885
8138939	4.887723
8138941	6.15632
8138948	4.489035
8138950	5.11634
8138956	2.681576
8138958	4.160725
8138977	4.761568
8138988	3.568239
8138995	5.421954
8138997	5.878149
8139003	7.283859
8139015	6.252127
8139019	3.470178
8139021	5.694093
8139031	4.392096
8139033	5.120765
8139055	6.379331
8139057	4.808299
8139083	5.497076
8139085	6.583201
8139087	4.117464
8139100	3.199169
8139107	4.181646
8139113	4.463502
8139118	6.105625
8139121	4.820329
8139125	3.999568
8139128	4.28405
8139131	4.384604
8139158	7.217551
8139160	5.90657
8139163	3.837115
8139165	7.33606
8139196	2.061247
8139198	6.042498
8139201	7.599575
8139203	6.988743
8139207	5.758029
8139212	5.746856
8139228	5.469893
8139232	4.543617
8139242	3.936628
8139244	7.298559
8139250	7.039661
8139256	5.827584
8139264	8.932283
8139270	6.828153
8139276	7.302562
8139281	6.601783
8139299	6.963054
8139307	5.935205
8139314	6.117106
8139330	5.142973
8139356	6.70433
8139365	2.162607
8139367	5.779359
8139392	6.092499
8139411	7.550372
8139421	7.780622
8139430	7.921838
8139433	5.492857
8139456	6.595967
8139458	6.043619
8139460	6.600364
8139468	5.878568
8139482	5.019288
8139484	7.889352
8139486	6.377267
8139488	8.672247
8139500	5.406481
8139534	5.098053
8139592	6.402872
8139606	3.936143
8139622	3.649822
8139632	4.276482
8139640	4.945478
8139656	5.142334
8139678	4.228028
8139680	5.324876
8139695	4.00667
8139697	4.569086
8139699	3.662506
8139706	6.954524
8139712	8.097095
8139721	2.701705
8139723	5.722341
8139727	4.306682
8139737	6.142674
8139746	5.483191
8139758	7.810721
8139763	7.474926
8139765	2.536131
8139767	4.597709
8139769	6.343251
8139772	5.142901
8139776	2.514578
8139778	5.464525
8139780	6.383575
8139782	2.316584
8139784	2.89628
8139786	2.414021
8139788	2.158623
8139790	3.5834
8139792	2.476329
8139794	3.080928
8139796	5.009104
8139798	2.237645
8139800	3.186694
8139804	5.267208
8139806	2.213978
8139808	2.080709
8139810	3.859259
8139812	1.976853
8139814	2.33903
8139816	6.28751
8139818	2.406919
8139820	4.553718
8139826	5.760009
8139828	7.081919
8139832	9.63897
8139840	11.37459
8139843	3.148371
8139845	5.072456
8139857	4.722417
8139859	8.188018
8139873	5.37425
8139879	7.556805
8139881	4.321755
8139883	6.695971
8139885	5.674347
8139887	6.892472
8139889	6.43333
8139891	8.579853
8139896	8.649031
8139901	2.710278
8139903	3.135651
8139905	2.805498
8139907	7.269908
8139909	4.620977
8139911	2.783493
8139913	2.51763
8139915	4.256152
8139917	5.346456
8139919	4.434228
8139921	4.662506
8139933	2.844082
8139935	6.181119
8139941	4.680448
8139943	7.371039
8139947	6.757385
8139966	6.14602
8139975	3.717336
8139977	6.686633
8139996	6.692608
8140009	6.755213
8140020	6.914322
8140028	6.506399
8140033	5.612957
8140035	3.016301
8140037	7.367217
8140061	7.708189
8140070	6.384075
8140085	5.577118
8140107	6.900327
8140113	6.372092
8140127	4.094682
8140129	7.185695
8140140	7.716309
8140144	6.9313
8140151	5.920075
8140166	5.568194
8140170	6.048445
8140196	6.870124
8140211	6.746434
8140220	8.042882
8140227	7.010697
8140239	9.260407
8140249	8.226229
8140258	9.093166
8140269	9.356133
8140280	9.412368
8140291	5.076688
8140297	7.420549
8140311	8.156651
8140317	3.852881
8140319	5.153918
8140356	5.986166
8140358	4.627618
8140367	5.889307
8140371	6.89343
8140386	6.590167
8140398	8.999589
8140403	6.681382
8140420	5.984195
8140424	7.049332
8140433	6.502688
8140443	6.18428
8140445	6.64914
8140454	6.718875
8140461	7.885439
8140463	5.2882
8140468	4.494889
8140478	5.388717
8140498	2.988407
8140500	5.381954
8140504	5.207033
8140530	2.579493
8140532	2.578294
8140534	6.567942
8140554	5.19333
8140556	3.616003
8140579	4.158035
8140620	4.705935
8140650	5.370128
8140668	4.208913
8140686	3.256615
8140707	6.105188
8140709	5.677114
8140730	6.471201
8140737	5.372016
8140739	4.190411
8140752	3.410882
8140782	4.895258
8140814	7.367222
8140828	7.35895
8140840	11.30335
8140850	6.723139
8140852	4.715232
8140855	2.420778
8140857	3.121255
8140859	4.712476
8140864	6.17206
8140869	3.897976
8140878	6.036056
8140907	2.624785
8140909	4.558216
8140915	6.209414
8140942	7.507883
8140955	5.46968
8140967	11.06647
8140971	8.114178
8140984	3.048833
8140995	3.478374
8141016	5.453047
8141024	5.554115
8141035	4.03773
8141050	8.042207
8141052	2.801122
8141066	4.05829
8141076	5.66277
8141094	7.360965
8141107	6.991302
8141127	3.23088
8141133	8.945041
8141138	3.459392
8141140	7.579844
8141146	2.714207
8141148	3.353658
8141150	6.324097
8141166	9.75343
8141169	7.283367
8141173	5.025589
8141180	6.791017
8141206	9.189125
8141222	8.517271
8141228	6.139714
8141239	4.402743
8141241	9.25595
8141263	7.029219
8141273	7.406903
8141281	4.479103
8141283	6.404214
8141295	7.820456
8141303	6.834533
8141305	7.759175
8141311	4.639043
8141317	3.377068
8141328	8.011856
8141342	3.151313
8141358	5.871718
8141361	6.052762
8141363	5.339018
8141371	5.65803
8141374	7.735256
8141380	6.182269
8141395	6.233089
8141419	6.582404
8141421	5.345734
8141423	5.614028
8141425	6.161501
8141445	7.401444
8141459	6.22023
8141463	5.709902
8141466	7.032803
8141477	7.381816
8141490	7.249802
8141498	4.816259
8141517	7.097369
8141522	6.810274
8141526	8.563037
8141533	4.454746
8141535	8.169881
8141560	6.167556
8141580	5.293247
8141595	6.627631
8141625	6.01759
8141643	7.461546
8141648	8.184022
8141659	7.241947
8141661	5.57561
8141664	7.209703
8141669	5.117349
8141676	5.816079
8141688	6.291357
8141708	7.094137
8141717	6.583856
8141726	2.849374
8141728	6.397958
8141737	5.297241
8141746	3.462935
8141748	5.893453
8141750	6.389582
8141757	6.398603
8141762	6.710895
8141765	7.414832
8141768	6.947473
8141791	8.723208
8141795	8.729622
8141803	6.877606
8141829	8.674677
8141843	4.680163
8141846	3.52467
8141872	4.369086
8141882	3.611452
8141896	5.337059
8141898	5.232065
8141922	4.587215
8141946	2.193937
8141950	4.110186
8142019	4.951003
8142036	6.512546
8142059	8.037282
8142061	3.905724
8142079	2.663937
8142084	5.741024
8142087	5.698744
8142096	6.992961
8142098	5.371815
8142100	5.534202
8142102	5.418835
8142104	6.566067
8142110	8.053389
8142120	11.91747
8142136	7.797813
8142143	8.223691
8142169	3.472849
8142171	3.366986
8142194	5.526964
8142230	4.021526
8142232	3.836511
8142270	3.574329
8142307	6.078074
8142324	6.042233
8142329	4.170713
8142332	4.156635
8142343	4.19647
8142345	5.572009
8142401	4.274274
8142403	2.44083
8142405	6.793105
8142407	6.067467
8142415	7.99358
8142424	3.46426
8142431	5.956106
8142435	2.915139
8142444	4.153177
8142446	4.731115
8142448	3.62823
8142450	2.874077
8142452	4.596808
8142464	4.304634
8142466	5.556997
8142468	9.409701
8142471	5.241522
8142480	3.507518
8142497	4.625263
8142522	4.599673
8142524	8.020922
8142534	2.384109
8142536	3.484856
8142538	3.301452
8142540	9.953086
8142554	7.306638
8142580	5.737795
8142585	5.088664
8142618	3.447809
8142622	4.533494
8142624	2.969155
8142628	3.355078
8142646	3.1281
8142661	2.441781
8142663	7.364467
8142671	10.19218
8142685	4.165462
8142687	5.559005
8142692	3.868806
8142697	4.559495
8142718	5.084872
8142730	7.548926
8142740	6.826386
8142747	6.287104
8142763	2.893082
8142765	6.859778
8142770	5.340651
8142774	5.576246
8142795	7.130042
8142814	4.423512
8142821	7.473105
8142830	7.195567
8142852	7.375566
8142878	6.526555
8142880	4.672495
8142882	3.330936
8142884	5.541682
8142886	11.2264
8142897	2.15944
8142899	5.824561
8142912	5.966766
8142930	4.221167
8142945	5.434316
8142971	6.881357
8142975	5.023095
8142977	2.165808
8142979	7.310208
8142981	6.391122
8142993	6.506399
8142997	5.610624
8143028	5.823796
8143035	8.657218
8143038	5.522804
8143040	4.95698
8143054	7.22207
8143065	7.05906
8143070	7.214149
8143088	6.574855
8143108	3.697886
8143110	6.358468
8143127	5.673437
8143132	8.881202
8143142	2.659574
8143144	5.742664
8143154	4.916043
8143188	7.771397
8143205	3.131305
8143207	2.959218
8143209	4.984344
8143221	7.653464
8143247	6.271095
8143268	3.450537
8143270	5.554114
8143279	7.615288
8143294	3.190821
8143296	6.842394
8143307	7.280424
8143327	7.520451
8143341	6.950152
8143363	3.787751
8143365	4.918343
8143367	6.012552
8143383	4.070935
8143385	7.978238
8143387	9.907451
8143397	6.111282
8143417	7.731013
8143433	4.319504
8143437	4.78638
8143441	5.83147
8143448	5.1696
8143457	2.642154
8143459	4.020973
8143461	3.53948
8143463	4.09508
8143471	4.125204
8143482	4.86487
8143486	3.430198
8143494	3.391823
8143499	5.772901
8143518	5.543762
8143534	6.082651
8143555	4.026177
8143557	4.155191
8143562	2.933728
8143564	6.025618
8143575	6.600777
8143594	7.06548
8143597	2.887092
8143599	3.470178
8143601	5.124731
8143605	5.573022
8143610	7.563112
8143627	5.407526
8143629	7.410347
8143633	7.596248
8143635	5.638506
8143643	4.757649
8143657	3.925631
8143659	5.214945
8143661	6.512031
8143663	7.238585
8143684	8.877057
8143697	5.573711
8143702	6.772812
8143708	7.989371
8143710	4.6171
8143712	3.359355
8143714	5.802303
8143725	7.618042
8143733	6.903288
8143747	2.969292
8143749	6.342772
8143759	6.334527
8143766	5.347641
8143772	6.674706
8143781	5.291687
8143788	6.646334
8143790	7.188695
8143803	9.64731
8143825	6.713248
8143850	6.24732
8143863	8.676723
8143879	7.161967
8143885	5.782058
8143887	6.39431
8143894	4.425095
8143899	6.099314
8143905	6.258892
8143919	5.514773
8143937	6.067269
8143939	6.61355
8143941	7.148271
8143949	7.180236
8143955	6.048134
8143957	7.372877
8143961	6.110012
8143984	6.559414
8143986	3.136146
8143988	8.321793
8144036	3.774186
8144042	5.494519
8144044	5.047137
8144047	5.112473
8144072	5.071944
8144078	6.362968
8144082	6.26743
8144089	6.590997
8144112	7.284959
8144117	1.650626
8144119	7.937642
8144121	6.005772
8144149	3.832521
8144151	3.015941
8144153	5.724179
8144184	8.767081
8144213	5.12096
8144226	2.5178
8144228	5.161434
8144230	3.360245
8144239	6.418953
8144253	5.552239
8144267	8.111201
8144279	7.595139
8144281	5.427588
8144315	5.932433
8144317	6.570376
8144322	5.315714
8144361	6.023026
8144378	4.481287
8144388	5.816887
8144392	3.05234
8144395	6.255368
8144397	5.735219
8144399	3.525318
8144401	3.715274
8144405	3.412488
8144410	6.821885
8144412	6.710102
8144414	6.710102
8144416	6.758792
8144418	6.758792
8144420	6.731343
8144422	6.056735
8144424	6.135826
8144428	6.066828
8144432	6.066828
8144436	6.066828
8144440	6.135826
8144444	6.066828
8144448	6.027148
8144452	2.38662
8144457	4.139853
8144460	4.408339
8144473	4.768898
8144481	6.025059
8144488	6.550118
8144490	6.758792
8144492	6.758792
8144494	6.731343
8144496	6.321166
8144498	6.159456
8144503	5.609756
8144505	8.668721
8144512	2.467358
8144514	4.538898
8144516	5.217315
8144526	4.893325
8144528	6.502871
8144557	6.690602
8144569	5.018393
8144571	3.374007
8144577	6.816271
8144582	2.950102
8144584	4.15038
8144586	6.005423
8144600	3.907176
8144604	6.192249
8144619	7.612557
8144621	5.446796
8144625	5.838748
8144639	4.805974
8144643	6.421957
8144656	4.992388
8144658	6.347168
8144667	4.296298
8144669	8.999955
8144683	5.50306
8144685	7.205901
8144687	3.017054
8144691	3.481949
8144699	5.476926
8144701	3.910341
8144703	6.425588
8144705	5.655529
8144712	4.153921
8144717	6.436666
8144719	2.20916
8144721	4.40637
8144724	2.527211
8144726	7.13308
8144740	4.574429
8144742	3.596888
8144758	6.749693
8144774	7.513781
8144786	6.256815
8144802	5.313747
8144810	4.831725
8144812	6.821296
8144857	6.8673
8144864	2.544416
8144866	3.544066
8144874	3.633329
8144878	3.885331
8144880	8.11885
8144894	5.240633
8144915	5.681501
8144917	5.136719
8144931	9.581682
8144949	4.881406
8144951	9.020844
8144953	5.995472
8144982	6.574953
8144993	4.843845
8144995	6.510041
8145005	6.416055
8145027	7.401432
8145047	7.711321
8145055	7.69019
8145083	5.562116
8145085	6.438115
8145097	3.764604
8145122	5.403189
8145134	3.980845
8145136	5.726876
8145151	6.775023
8145175	7.737945
8145193	7.433005
8145201	7.064533
8145225	4.4564
8145227	6.230971
8145244	6.948641
8145259	6.864531
8145272	6.251096
8145281	6.794055
8145291	5.753165
8145293	5.617865
8145317	4.407405
8145334	3.524544
8145361	5.261209
8145365	6.571624
8145418	4.886833
8145438	4.105486
8145440	8.180663
8145454	9.232118
8145470	5.982191
8145490	8.755113
8145529	7.64772
8145532	4.785337
8145555	7.159007
8145566	2.997016
8145568	6.228962
8145570	2.95567
8145586	6.684113
8145603	6.189404
8145609	3.458489
8145611	5.349016
8145622	5.682106
8145624	6.600708
8145634	2.239857
8145636	6.963786
8145652	7.062865
8145660	6.652174
8145669	8.281872
8145685	6.505438
8145687	2.344294
8145691	4.746873
8145702	4.932915
8145736	4.259733
8145766	4.186574
8145768	4.521635
8145770	3.752714
8145772	3.127112
8145774	2.014267
8145776	5.804224
8145778	3.353005
8145780	3.204404
8145782	5.153364
8145793	8.71767
8145795	6.970294
8145799	5.792239
8145818	3.869753
8145820	2.809648
8145822	5.202208
8145824	3.271667
8145827	4.547198
8145829	7.084987
8145835	6.000791
8145854	7.43007
8145865	6.118132
8145887	6.30184
8145889	7.639723
8145894	8.303649
8145912	2.636631
8145914	6.160071
8145922	4.820684
8145942	4.959712
8145954	9.682712
8145977	7.717767
8145989	5.877421
8146000	11.09391
8146024	4.934912
8146051	3.403947
8146069	2.970663
8146092	6.468436
8146105	3.878787
8146115	5.249961
8146118	5.618283
8146120	3.205934
8146122	8.043085
8146130	4.55266
8146142	7.568644
8146157	2.504047
8146159	5.923232
8146171	8.730166
8146198	9.711458
8146216	7.623613
8146225	6.501507
8146230	3.453217
8146239	6.34004
8146241	2.992346
8146243	8.914375
8146268	6.275157
8146278	6.775215
8146285	6.528471
8146305	6.745664
8146307	3.214132
8146322	3.87293
8146324	2.864738
8146328	5.882503
8146330	4.337325
8146332	3.147691
8146334	5.34272
8146336	7.4626
8146353	2.41889
8146357	6.251622
8146377	3.209625
8146379	7.76202
8146388	4.835042
8146391	4.146462
8146393	3.298711
8146401	4.065196
8146403	4.243315
8146423	4.050092
8146425	3.13486
8146427	3.161797
8146429	4.768454
8146435	4.683454
8146448	6.34676
8146456	5.819659
8146458	3.716922
8146460	5.322507
8146462	7.26862
8146468	3.254579
8146475	6.106193
8146482	5.127049
8146500	10.36496
8146517	5.228766
8146525	3.821906
8146527	3.448756
8146533	5.128242
8146544	5.010861
8146550	10.44982
8146559	6.6462
8146564	9.211464
8146579	7.386618
8146618	4.759348
8146625	3.967232
8146633	4.954528
8146635	2.158512
8146637	9.193206
8146643	6.602614
8146645	5.487601
8146647	5.435683
8146649	5.9246
8146660	3.941425
8146669	4.762853
8146685	5.847642
8146687	4.871932
8146703	5.439321
8146709	2.279866
8146711	5.055546
8146717	5.952289
8146738	3.562543
8146756	4.227987
8146788	4.876372
8146790	4.134693
8146792	2.785014
8146794	4.191799
8146837	3.558142
8146839	4.319011
8146857	3.507213
8146859	8.059001
8146861	5.065862
8146863	3.741769
8146892	4.254724
8146894	4.384604
8146896	4.399889
8146898	3.718783
8146900	3.219512
8146906	5.390681
8146908	5.060275
8146914	6.297483
8146921	11.39069
8146930	6.382887
8146934	2.989774
8146941	6.316782
8146943	3.159285
8146945	4.808323
8146955	10.80576
8146957	4.097067
8146967	4.108656
8146986	4.798536
8147000	4.872209
8147012	5.580505
8147019	4.651387
8147030	4.714835
8147038	3.099582
8147040	6.599488
8147049	5.861892
8147057	7.718981
8147065	3.131305
8147079	4.247696
8147101	4.813313
8147112	6.206822
8147123	6.097989
8147132	6.16286
8147145	3.488396
8147156	8.185933
8147172	8.989138
8147194	3.420999
8147206	5.629464
8147221	5.578026
8147228	6.723256
8147242	3.781231
8147244	4.120149
8147262	5.771006
8147273	3.249016
8147303	9.711331
8147305	5.669349
8147307	5.731915
8147313	4.426713
8147344	10.5989
8147351	9.508536
8147371	5.46708
8147373	5.329061
8147375	5.497558
8147396	5.871718
8147424	4.774726
8147439	7.251572
8147445	3.078712
8147447	5.777258
8147461	6.751442
8147469	5.192229
8147479	5.359258
8147481	8.110256
8147483	7.560398
8147501	2.226849
8147503	8.954979
8147516	5.400739
8147541	2.817173
8147543	5.60653
8147548	4.885133
8147564	3.9002
8147566	5.205406
8147573	6.060431
8147580	6.066895
8147650	3.907078
8147652	2.327348
8147654	7.574594
8147661	7.838741
8147683	4.920643
8147687	3.030451
8147689	5.715273
8147691	3.472208
8147693	5.87508
8147697	6.448528
8147715	3.576116
8147717	3.90095
8147721	5.024962
8147724	6.432443
8147742	2.937115
8147744	3.394939
8147746	3.94632
8147748	2.070323
8147750	3.135667
8147752	2.213652
8147754	2.319669
8147756	5.790677
8147766	6.278768
8147777	5.800742
8147785	6.958275
8147796	4.414317
8147828	2.820177
8147830	3.865668
8147837	3.673162
8147848	8.189926
8147862	3.810741
8147864	6.367583
8147877	4.277875
8147883	5.98196
8147891	3.42752
8147970	5.830662
8147986	2.613101
8147988	4.178601
8147990	7.042361
8147992	4.394065
8147994	5.535197
8148000	6.297054
8148003	3.893648
8148018	5.643726
8148020	5.152318
8148022	4.85866
8148029	4.669083
8148040	10.49127
8148047	2.868964
8148049	5.99576
8148057	12.72712
8148059	6.890357
8148070	4.973065
8148124	2.755869
8148147	4.445145
8148149	7.548125
8148156	3.176334
8148158	4.692966
8148184	9.118785
8148196	6.339705
8148198	4.669676
8148206	2.330116
8148208	8.684793
8148220	6.895159
8148261	3.011446
8148263	4.752081
8148265	6.772512
8148270	6.845188
8148276	4.243612
8148280	6.083006
8148293	5.577155
8148302	5.260729
8148304	9.012118
8148309	3.56123
8148313	4.484736
8148315	6.715101
8148317	5.955133
8148325	7.009513
8148327	5.172893
8148329	6.560592
8148331	2.381803
8148333	8.09917
8148358	7.261065
8148385	5.987925
8148435	5.362854
8148446	2.647971
8148448	6.362411
8148463	5.550131
8148465	4.829026
8148467	6.36626
8148474	6.401898
8148476	6.821733
8148501	7.032488
8148512	6.861547
8148515	3.560975
8148517	5.840632
8148548	11.07024
8148553	7.484045
8148559	7.940088
8148565	4.090766
8148572	9.959527
8148580	5.182703
8148591	7.117042
8148597	6.171917
8148607	7.407283
8148615	6.89101
8148619	5.446636
8148621	6.447465
8148640	6.933809
8148642	6.240679
8148655	7.482493
8148658	5.498363
8148662	6.342334
8148671	5.828169
8148674	7.588453
8148692	6.125721
8148694	6.389162
8148703	6.669181
8148710	6.969883
8148715	7.688437
8148728	7.216039
8148737	7.405922
8148748	6.437934
8148772	7.717731
8148783	7.315937
8148796	6.760381
8148799	6.925447
8148808	6.552845
8148821	6.760381
8148824	7.134923
8148841	7.296374
8148850	6.914652
8148867	6.828308
8148888	7.072454
8148902	6.42594
8148917	6.560986
8148923	6.387948
8148930	7.925969
8148932	6.811193
8148941	5.956229
8148949	4.744244
8148951	6.489913
8148955	6.407923
8148962	5.596936
8148964	6.239594
8148966	3.588613
8148968	5.664499
8148973	5.797839
8148978	4.593845
8148982	4.871904
8148985	6.132197
8148992	5.090085
8149065	4.600234
8149067	4.080561
8149071	4.942747
8149084	2.920004
8149086	4.834714
8149097	4.343723
8149104	4.427905
8149109	4.393703
8149116	5.781726
8149122	6.035679
8149126	5.781726
8149132	6.035679
8149137	5.781726
8149142	5.020232
8149146	6.151086
8149148	6.437662
8149151	6.938677
8149153	6.694689
8149157	6.694689
8149161	6.822879
8149165	6.762376
8149167	6.762376
8149169	6.025059
8149172	4.768898
8149180	4.335706
8149192	4.139853
8149195	2.38662
8149200	5.515687
8149204	6.31849
8149208	6.313497
8149210	6.822879
8149214	6.938677
8149216	6.784063
8149218	6.764718
8149220	6.764718
8149222	6.764718
8149224	6.764718
8149226	6.764718
8149228	6.897176
8149230	3.412488
8149235	3.715274
8149239	3.525318
8149241	5.735219
8149243	6.310794
8149245	3.05234
8149248	5.188147
8149250	7.991866
8149258	6.830099
8149262	1.847491
8149264	7.722936
8149269	3.294975
8149271	4.998566
8149273	4.893037
8149275	4.387578
8149277	3.884028
8149279	4.164144
8149281	4.61435
8149283	6.017992
8149289	7.592426
8149296	4.738476
8149307	5.638983
8149315	6.205622
8149318	2.775987
8149320	4.800037
8149322	2.751769
8149324	5.634093
8149330	11.01909
8149345	6.839423
8149347	3.576806
8149350	3.83432
8149353	3.021117
8149356	6.147564
8149358	4.70983
8149361	5.949562
8149365	5.964141
8149377	3.021117
8149380	3.865184
8149383	5.897754
8149387	5.327723
8149389	6.344121
8149396	3.592339
8149399	7.505733
8149413	4.539027
8149438	3.949649
8149448	4.754788
8149465	6.279092
8149475	7.239944
8149485	3.975442
8149500	8.666168
8149521	3.436862
8149534	11.30281
8149551	6.59017
8149555	8.317984
8149574	7.075285
8149590	6.105658
8149592	4.881649
8149612	7.046135
8149625	3.533338
8149627	2.044296
8149629	4.736749
8149638	6.712565
8149646	7.108408
8149652	7.605414
8149673	8.363167
8149685	5.994376
8149699	5.628075
8149705	8.389338
8149707	7.170918
8149718	7.522511
8149720	6.188785
8149725	6.198902
8149733	6.236362
8149749	7.475469
8149762	6.3872
8149774	6.031008
8149793	8.894136
8149809	7.404247
8149811	7.266938
8149820	6.861972
8149823	3.616324
8149825	4.488908
8149833	6.741946
8149835	5.587146
8149847	7.254002
8149849	5.571607
8149857	7.67284
8149865	4.247025
8149877	5.415823
8149885	4.880432
8149898	5.876981
8149907	6.953535
8149918	6.29901
8149927	9.037151
8149942	5.85419
8149953	3.767783
8149955	3.402883
8149966	6.301316
8149979	5.474285
8149986	7.046039
8150002	4.005431
8150014	5.436305
8150032	5.856627
8150034	5.151877
8150036	8.44604
8150076	10.42125
8150089	10.22516
8150099	3.78801
8150101	4.965536
8150103	6.108808
8150112	10.3926
8150126	8.126472
8150138	3.628864
8150143	4.546372
8150149	5.077324
8150153	3.850557
8150155	2.111155
8150157	2.521735
8150159	2.375504
8150161	2.262545
8150163	2.256702
8150165	5.898833
8150175	6.184773
8150186	6.933804
8150195	4.502892
8150197	5.400807
8150204	4.851552
8150206	7.749619
8150210	3.247848
8150212	2.457043
8150214	6.707601
8150217	6.527182
8150219	6.337131
8150225	8.773973
8150244	5.427942
8150249	5.472373
8150253	6.108467
8150266	7.075439
8150274	5.107296
8150276	6.522614
8150287	8.095864
8150318	5.941502
8150352	4.476788
8150356	7.191556
8150364	8.259679
8150373	3.609122
8150375	3.522268
8150395	3.187162
8150419	4.624918
8150428	5.852086
8150433	7.901304
8150439	5.797777
8150489	7.914044
8150491	7.940023
8150509	11.65458
8150529	7.532332
8150537	8.458259
8150550	4.303934
8150559	5.834814
8150565	7.853464
8150576	3.552991
8150578	6.15278
8150580	3.970717
8150582	2.139765
8150584	2.455747
8150586	3.758149
8150588	3.170985
8150590	5.066828
8150592	8.508072
8150599	5.882169
8150685	3.576816
8150687	3.871918
8150689	9.817968
8150691	3.03592
8150698	4.149142
8150704	4.653853
8150714	8.999987
8150722	3.183668
8150751	4.47411
8150757	8.587453
8150785	5.045543
8150797	8.630049
8150818	8.120578
8150830	9.196278
8150842	5.627441
8150844	5.591983
8150846	4.585509
8150860	6.510222
8150862	4.396615
8150864	6.64734
8150866	5.202963
8150868	5.686448
8150870	8.697227
8150872	8.986301
8150877	5.344145
8150879	4.566546
8150881	6.00556
8150889	6.991073
8150901	5.138834
8150906	4.696455
8150908	6.157265
8150918	4.646921
8150920	3.599925
8150928	5.094888
8150960	7.836163
8150962	4.772153
8150974	2.521587
8150976	3.068244
8150978	3.94272
8150988	7.879328
8151032	3.63745
8151042	4.194438
8151052	4.605999
8151054	5.550318
8151056	6.060338
8151066	5.222866
8151074	4.875795
8151090	4.458972
8151092	4.516811
8151099	3.402056
8151101	3.758369
8151118	8.271819
8151123	4.151402
8151125	7.857723
8151127	3.07417
8151136	6.164791
8151149	7.811779
8151191	4.615069
8151205	2.20916
8151207	3.183457
8151209	6.451496
8151211	2.264374
8151215	2.565326
8151217	2.071113
8151219	3.469957
8151223	4.640622
8151234	5.119526
8151236	5.137153
8151238	5.491377
8151240	5.338419
8151250	3.286391
8151252	4.955396
8151254	7.918197
8151281	9.148437
8151296	5.067997
8151306	4.67329
8151310	4.325807
8151332	2.617638
8151334	5.507687
8151341	3.874992
8151367	3.393661
8151369	6.062641
8151376	7.60006
8151384	7.387194
8151401	9.128253
8151411	9.573052
8151413	6.214544
8151421	3.340202
8151423	5.780534
8151430	2.58635
8151432	4.484736
8151436	6.328714
8151445	2.637492
8151447	4.422747
8151457	5.63966
8151471	3.970686
8151475	5.539657
8151490	2.166361
8151494	5.627352
8151496	5.709529
8151508	3.075972
8151510	4.826011
8151512	5.397168
8151525	4.140453
8151532	3.629476
8151540	8.073782
8151542	3.334163
8151547	3.776512
8151549	7.218943
8151559	3.575042
8151561	5.914807
8151572	5.814255
8151583	2.665832
8151585	2.406043
8151587	4.292914
8151592	4.08226
8151603	7.04179
8151605	6.681061
8151607	7.04179
8151609	6.374557
8151613	6.681061
8151615	6.305948
8151617	6.681061
8151619	7.096003
8151621	6.681061
8151623	7.04179
8151625	6.681061
8151627	6.268178
8151629	6.357131
8151631	6.182087
8151633	5.520725
8151637	3.25993
8151644	5.523438
8151657	3.065575
8151659	4.212209
8151679	5.022178
8151684	2.909025
8151686	3.955024
8151707	3.12095
8151709	6.203237
8151711	5.331456
8151730	5.692241
8151743	6.160789
8151745	4.261616
8151747	7.017819
8151756	5.339599
8151764	5.127686
8151766	3.736913
8151768	4.861649
8151784	6.257998
8151788	6.327071
8151795	3.868181
8151816	5.579738
8151824	3.80643
8151842	6.151479
8151869	5.559585
8151871	4.574253
8151888	2.685466
8151890	8.385258
8151898	4.43848
8151906	6.47263
8151909	4.910551
8151917	3.671393
8151927	3.162783
8151929	4.251715
8151931	5.393492
8151935	8.977545
8151942	5.794506
8151952	8.015293
8151967	6.48382
8151987	4.67025
8151991	6.897538
8151993	7.098011
8151999	3.054057
8152031	4.329895
8152041	8.730161
8152053	5.400036
8152062	5.810348
8152079	12.18877
8152090	2.798934
8152092	3.526695
8152096	10.79447
8152111	6.563788
8152115	5.699769
8152117	5.828094
8152119	5.226111
8152131	2.411522
8152133	5.723195
8152148	8.114141
8152211	5.444004
8152213	3.056443
8152215	8.758786
8152222	9.585518
8152240	6.082191
8152242	2.443588
8152244	2.819529
8152246	2.083063
8152248	2.721536
8152250	2.198572
8152252	5.450071
8152255	6.532311
8152264	5.377512
8152278	2.490103
8152280	3.707323
8152289	3.883974
8152291	5.682265
8152297	3.893122
8152314	4.8227
8152323	6.185832
8152333	10.87774
8152335	5.342872
8152340	4.819541
8152355	6.105987
8152369	6.478901
8152374	2.106585
8152376	3.985328
8152451	2.344294
8152453	6.871373
8152463	5.813047
8152465	8.350019
8152477	8.987713
8152491	6.208283
8152506	7.835567
8152512	4.890597
8152522	4.98429
8152551	3.259032
8152553	6.379999
8152582	3.098928
8152595	4.04929
8152597	3.451947
8152606	7.235411
8152617	8.672753
8152628	7.341078
8152640	3.379879
8152642	5.669948
8152648	7.216948
8152656	6.895947
8152664	3.916381
8152666	4.084806
8152668	6.77138
8152703	10.99697
8152715	5.213198
8152719	4.540397
8152734	3.318589
8152742	4.093341
8152750	5.814059
8152759	5.934493
8152764	6.929831
8152782	6.185277
8152812	8.041053
8152815	5.285448
8152821	3.847315
8152828	5.916395
8152845	8.170495
8152863	5.685953
8152865	7.189701
8152867	5.385517
8152900	4.552631
8152902	5.379708
8152922	2.14699
8152924	6.051862
8152938	4.819496
8152946	5.7412
8152962	4.716098
8152976	5.542178
8152988	5.455977
8153002	9.185211
8153021	7.782059
8153035	2.981292
8153037	3.554983
8153039	3.616303
8153041	5.887552
8153043	6.2462
8153065	3.149174
8153067	3.529782
8153069	2.544054
8153071	3.972164
8153101	7.37119
8153167	5.434284
8153175	6.322744
8153201	6.941
8153223	8.20588
8153258	8.167436
8153262	9.022304
8153269	6.542304
8153273	5.473924
8153304	6.528777
8153322	8.053739
8153328	7.566514
8153334	8.157045
8153336	8.167542
8153342	11.17131
8153346	8.308305
8153359	7.367574
8153363	6.364783
8153373	6.313046
8153380	7.322481
8153390	6.389622
8153405	6.462681
8153409	7.892655
8153411	7.397997
8153424	8.678585
8153426	8.838543
8153430	8.447083
8153449	8.83495
8153457	6.363248
8153459	6.804984
8153474	7.349821
8153486	6.947655
8153488	7.782914
8153497	6.918055
8153536	7.857687
8153550	6.918088
8153568	8.168147
8153609	7.23419
8153625	6.676394
8153652	7.547442
8153664	6.784192
8153678	7.408668
8153684	8.153605
8153704	5.876037
8153709	5.755663
8153727	6.671118
8153762	7.567224
8153776	7.757166
8153790	6.825956
8153819	7.562821
8153823	6.830766
8153828	6.225493
8153835	6.121019
8153838	6.569367
8153862	7.336181
8153868	7.550011
8153876	6.147918
8153890	6.209681
8153896	5.397678
8153903	9.593533
8153911	6.764809
8153920	6.478862
8153930	5.387361
8153935	5.14237
8153937	6.733368
8153939	8.153605
8153959	8.621663
8154012	7.302173
8154034	5.380788
8154043	5.753737
8154047	4.138912
8154057	2.37483
8154059	7.108822
8154100	6.625301
8154124	4.723163
8154128	2.643472
8154130	4.872087
8154132	4.963642
8154135	5.914108
8154151	6.737307
8154153	6.59058
8154163	5.851198
8154176	2.715725
8154178	5.746581
8154207	5.154072
8154209	5.394722
8154211	3.944328
8154213	1.880018
8154215	2.344294
8154217	3.104326
8154219	2.1956
8154221	2.121469
8154223	1.865183
8154225	4.446103
8154227	4.580734
8154229	3.108565
8154233	4.23331
8154245	5.180308
8154254	6.732566
8154283	3.771981
8154285	4.463908
8154295	2.89629
8154305	8.927614
8154307	3.53997
8154316	5.791924
8154333	6.327441
8154357	9.199592
8154359	7.601772
8154363	6.994806
8154367	3.904097
8154379	3.942544
8154381	7.484151
8154386	4.216742
8154388	8.426373
8154392	4.061397
8154394	7.011963
8154414	2.634644
8154416	4.364254
8154447	6.133851
8154449	4.362444
8154476	6.444717
8154491	4.86269
8154510	3.207999
8154512	5.647196
8154523	6.604992
8154527	6.59974
8154529	2.717268
8154531	8.236603
8154563	8.424364
8154574	5.770375
8154620	6.599194
8154622	4.653214
8154627	4.212607
8154635	7.600833
8154654	6.329024
8154656	7.454458
8154660	3.73655
8154662	4.859075
8154666	5.199481
8154668	4.36431
8154670	3.689611
8154692	4.567006
8154719	3.551398
8154721	2.709014
8154725	10.50438
8154727	8.587183
8154729	6.601058
8154731	4.837595
8154733	6.4574
8154758	3.960557
8154760	6.497997
8154763	5.51564
8154765	9.800588
8154777	3.129752
8154779	4.730099
8154785	8.886871
8154793	6.69929
8154823	5.085465
8154836	10.70323
8154838	6.860544
8154841	5.007023
8154844	3.718666
8154846	2.891187
8154848	7.543526
8154856	9.567019
8154866	5.744748
8154868	7.831236
8154870	6.359426
8154872	10.08984
8154885	7.014079
8154892	5.517749
8154914	2.589727
8154916	6.158081
8154934	6.501848
8154951	13.23836
8154953	5.62283
8154962	6.622827
8154973	4.948997
8154979	4.894765
8154981	6.82733
8155024	4.930114
8155026	3.649788
8155048	8.203798
8155062	7.271929
8155073	7.121946
8155081	5.21903
8155083	6.798424
8155096	5.649386
8155110	6.776988
8155121	5.468655
8155148	6.8172
8155167	7.244692
8155169	4.784221
8155192	6.213443
8155200	4.83999
8155203	7.663968
8155214	4.850636
8155234	5.536835
8155246	5.680562
8155248	2.44591
8155250	6.660391
8155265	3.883833
8155268	5.602818
8155284	5.14626
8155301	5.393426
8155312	6.285183
8155323	5.415249
8155325	2.467051
8155327	5.951465
8155332	6.607923
8155336	4.585403
8155338	5.551622
8155340	5.103453
8155345	5.379092
8155349	5.02058
8155354	4.531792
8155359	4.184313
8155369	5.551622
8155371	5.070102
8155376	4.931346
8155383	5.027393
8155388	4.93103
8155393	6.043785
8155397	6.650155
8155414	5.596164
8155418	5.43688
8155422	5.878417
8155440	6.287186
8155442	7.918852
8155451	5.484152
8155453	5.874975
8155455	5.761727
8155458	5.911637
8155460	5.023942
8155487	3.331871
8155490	7.271681
8155493	3.982717
8155497	7.208725
8155501	7.224794
8155503	4.49161
8155508	3.023356
8155510	7.196911
8155514	6.011864
8155516	4.957829
8155519	3.982717
8155521	6.459664
8155525	4.896871
8155528	3.447703
8155530	4.556329
8155537	7.064714
8155540	4.215875
8155547	7.626541
8155550	6.291778
8155554	7.767451
8155563	5.817876
8155567	3.982717
8155569	6.743214
8155572	6.382458
8155574	6.573366
8155591	5.796844
8155596	5.217131
8155598	5.61712
8155600	5.61712
8155602	6.170441
8155627	6.181828
8155630	6.180882
8155634	2.208705
8155636	6.012654
8155661	6.421491
8155665	5.232779
8155673	4.733264
8155696	7.387494
8155699	5.95974
8155707	10.7202
8155734	6.134432
8155747	3.261368
8155754	4.69692
8155770	7.884151
8155794	5.972187
8155802	4.477567
8155824	6.727836
8155847	4.542204
8155849	12.81171
8155864	4.730645
8155877	3.873578
8155881	2.508913
8155883	9.307757
8155896	2.402063
8155898	7.775647
8155930	6.053409
8155942	8.220354
8155944	4.014106
8155946	5.738819
8156022	3.925579
8156024	4.079001
8156026	4.521524
8156043	5.696311
8156052	2.344294
8156054	3.810528
8156056	2.415495
8156058	6.640451
8156060	7.728322
8156082	4.159075
8156084	2.848229
8156086	2.627055
8156088	5.870077
8156090	3.941188
8156098	3.979939
8156103	4.207368
8156112	6.543517
8156116	6.105187
8156126	6.009767
8156132	3.622006
8156134	4.316279
8156160	5.693271
8156164	6.658571
8156167	6.487865
8156192	3.664818
8156194	4.905709
8156196	6.159087
8156199	8.78061
8156228	6.532121
8156240	5.119721
8156247	5.294182
8156253	5.074788
8156257	5.845686
8156261	3.7196
8156263	7.989303
8156274	5.957206
8156278	5.604528
8156290	7.862642
8156295	6.898527
8156309	6.600595
8156319	7.659879
8156321	7.483224
8156337	2.500072
8156339	2.682572
8156341	4.899593
8156354	2.959518
8156356	2.714256
8156358	6.908486
8156360	3.526141
8156371	5.104511
8156373	6.778622
8156393	6.134035
8156404	6.584633
8156415	6.241729
8156450	2.372176
8156452	7.689676
8156476	7.122021
8156506	5.773476
8156519	5.298846
8156521	5.200429
8156523	7.151334
8156525	3.05188
8156529	5.004354
8156538	9.198964
8156547	5.068228
8156549	6.339255
8156569	7.239723
8156571	4.850637
8156573	3.343835
8156575	9.333658
8156577	5.922321
8156581	5.364611
8156599	6.311878
8156601	6.572512
8156604	5.347992
8156610	6.089598
8156620	6.721836
8156633	5.799358
8156688	6.276137
8156706	7.335209
8156718	7.107673
8156743	7.307796
8156748	4.531419
8156750	6.421047
8156759	3.320951
8156761	8.549029
8156770	5.998988
8156783	6.129157
8156826	6.563942
8156838	8.57644
8156846	8.267661
8156848	6.390162
8156861	6.977955
8156873	5.297223
8156895	4.797481
8156897	6.3315
8156905	4.898006
8156919	4.671309
8156923	5.475195
8156935	5.272968
8156945	8.016532
8156969	2.881957
8156971	3.647844
8156982	4.05443
8157012	5.186587
8157014	3.111205
8157016	2.19541
8157018	3.488099
8157021	5.543429
8157027	3.3551
8157036	4.310847
8157038	6.425537
8157058	2.990186
8157074	4.697547
8157090	4.696522
8157092	5.252632
8157101	6.396988
8157103	6.434392
8157105	6.630947
8157123	3.459363
8157125	7.1471
8157139	7.121315
8157141	4.623857
8157144	5.940391
8157151	5.106116
8157153	5.531628
8157173	3.950875
8157189	3.234081
8157191	4.279107
8157193	4.129323
8157203	7.318359
8157214	6.131421
8157216	9.435154
8157227	3.303594
8157229	3.142669
8157231	3.462337
8157233	8.587159
8157246	6.742282
8157253	6.41496
8157264	9.107916
8157270	8.395041
8157281	5.445599
8157283	6.510762
8157300	6.659331
8157308	4.520377
8157324	7.030831
8157362	5.728745
8157381	5.324565
8157383	7.425245
8157444	3.243942
8157446	3.456437
8157450	4.373509
8157454	8.910967
8157463	6.146813
8157477	3.941226
8157487	4.789513
8157516	5.713426
8157520	3.511005
8157524	5.310485
8157534	4.77284
8157580	3.398603
8157582	9.281637
8157608	2.691613
8157610	6.743661
8157632	4.573135
8157638	5.800723
8157650	5.211453
8157668	3.053511
8157671	3.879367
8157674	3.988003
8157677	3.240985
8157679	3.794223
8157681	3.494553
8157684	3.882303
8157686	3.840301
8157688	3.138469
8157691	8.118438
8157696	6.374594
8157698	5.286729
8157700	8.827309
8157727	6.133671
8157729	4.569184
8157731	6.611483
8157751	6.151916
8157761	5.744923
8157777	6.332962
8157798	6.000745
8157800	4.316856
8157802	4.226965
8157804	7.487052
8157818	7.077617
8157828	7.143914
8157839	3.986528
8157843	5.321065
8157858	8.422974
8157890	5.664021
8157905	5.96627
8157922	7.043178
8157933	7.947283
8157939	12.35915
8157941	7.398512
8157945	7.570596
8157947	7.268679
8157949	6.786336
8157976	6.31332
8158009	6.55913
8158022	6.058359
8158028	5.986921
8158057	4.383914
8158059	6.327199
8158081	5.716122
8158094	6.342429
8158112	8.176703
8158123	6.393776
8158145	7.611563
8158147	7.257465
8158164	4.275424
8158167	12.74305
8158177	8.233615
8158183	6.321629
8158204	5.598381
8158212	6.510224
8158214	6.926339
8158224	6.825391
8158240	8.661092
8158242	6.03676
8158250	6.156268
8158269	6.850441
8158298	5.598736
8158317	9.534742
8158372	7.446297
8158380	6.174743
8158404	2.788099
8158406	7.260177
8158418	7.040493
8158424	8.806434
8158431	6.177636
8158446	6.264989
8158492	7.185789
8158513	6.590472
8158523	8.402889
8158539	6.317444
8158542	6.28765
8158544	7.436012
8158554	7.879642
8158560	8.860252
8158568	6.020473
8158597	6.994167
8158625	6.93126
8158627	5.012159
8158637	6.119774
8158666	6.6659
8158671	11.04891
8158684	8.590722
8158686	7.334531
8158708	6.997052
8158714	5.329615
8158725	6.916283
8158739	6.861244
8158771	9.897617
8158783	8.534708
8158823	5.932812
8158825	6.718003
8158829	7.71742
8158839	7.662391
8158862	6.088549
8158864	6.088549
8158866	6.9079
8158890	6.401502
8158902	4.903315
8158912	5.957697
8158918	5.662227
8158928	2.306777
8158930	5.386828
8158939	6.122188
8158952	12.21473
8158961	6.896399
8158976	5.134752
8158987	7.082045
8158991	2.870018
8158993	3.747815
8158995	5.507906
8158998	4.830345
8159004	5.756801
8159006	2.664229
8159008	6.530553
8159017	7.082639
8159036	6.314377
8159078	7.468925
8159086	7.034813
8159096	6.824047
8159109	5.401092
8159111	6.078487
8159127	8.176649
8159142	6.883462
8159211	8.272765
8159220	4.995152
8159235	4.452515
8159239	6.363339
8159243	6.97896
8159249	6.404459
8159255	7.967902
8159259	6.393643
8159265	5.791063
8159275	4.977605
8159283	5.583631
8159318	7.977872
8159337	6.163399
8159350	5.5618
8159354	7.391759
8159371	3.760651
8159373	7.17253
8159379	6.172453
8159385	6.25738
8159415	8.130094
8159439	5.287076
8159441	6.783361
8159448	6.950651
8159476	7.255149
8159491	7.70657
8159501	6.783015
8159519	8.400462
8159521	6.537811
8159531	6.954003
8159541	7.5449
8159549	7.137072
8159554	7.061475
8159566	7.132643
8159581	3.335239
8159583	5.498102
8159609	6.935916
8159616	7.007041
8159624	8.855633
8159627	6.075762
8159642	9.89599
8159646	6.82779
8159654	7.413418
8159667	7.249803
8159670	7.96426
8159687	8.015094
8159692	8.562597
8159702	6.827028
8159732	7.087637
8159734	6.019002
8159786	8.329298
8159790	7.511453
8159803	4.576923
8159808	6.270399
8159815	6.03657
8159838	5.995262
8159846	3.262031
8159850	4.11387
8159854	4.180011
8159873	5.662079
8159876	5.562748
8159900	5.536759
8159917	2.266126
8159919	4.99538
8159945	8.024391
8159959	4.28789
8159961	4.544086
8159963	2.948839
8159965	4.436615
8159967	2.798934
8159969	2.89816
8159971	4.035624
8159977	3.711555
8159981	4.8259
8159984	4.727465
8159992	9.390655
8160011	7.187316
8160016	6.626495
8160020	2.903189
8160024	6.392927
8160033	5.703043
8160036	5.767185
8160040	4.523449
8160086	6.374135
8160088	4.19297
8160138	4.848438
8160151	6.644928
8160163	4.274435
8160168	5.065915
8160213	7.016943
8160236	2.339371
8160238	3.410288
8160256	3.697515
8160258	3.751013
8160260	4.115423
8160274	3.470178
8160276	5.58694
8160278	4.75059
8160284	4.883003
8160295	6.140422
8160297	6.436131
8160308	9.110341
8160317	4.875483
8160319	3.694066
8160321	4.324552
8160332	5.067339
8160346	4.232126
8160360	2.679571
8160365	4.736443
8160371	3.06338
8160377	3.474481
8160383	2.986585
8160389	3.300458
8160392	2.331236
8160394	3.941745
8160401	4.067898
8160405	6.858871
8160417	4.205867
8160419	4.408814
8160422	3.204926
8160431	4.679123
8160435	2.941017
8160439	5.192327
8160441	9.492118
8160452	10.69482
8160459	3.863339
8160472	6.587076
8160478	5.337594
8160487	7.363196
8160504	2.403732
8160511	4.147655
8160521	6.39968
8160531	6.527967
8160546	3.187066
8160555	3.027236
8160557	7.273701
8160559	6.146372
8160581	6.843005
8160587	4.555929
8160597	5.647325
8160602	5.71503
8160622	7.818779
8160637	11.66366
8160647	7.72659
8160661	2.391193
8160663	7.365522
8160670	9.00607
8160682	6.053059
8160712	3.073511
8160718	7.674301
8160722	8.24397
8160756	9.549549
8160767	2.458066
8160769	7.181568
8160771	4.400525
8160782	9.023413
8160786	7.01449
8160792	6.295232
8160803	3.101412
8160805	5.655342
8160816	6.304726
8160823	6.643967
8160835	6.867589
8160839	7.4792
8160849	5.774459
8160857	7.202106
8160870	6.28394
8160879	5.139795
8160889	6.303479
8160898	4.916293
8160900	4.665142
8160906	3.82015
8160912	7.318175
8160914	9.803026
8160935	6.200085
8160953	7.029739
8160968	6.624019
8160981	7.23509
8161000	4.704609
8161004	5.996879
8161017	5.316706
8161024	10.64907
8161026	5.748249
8161044	5.805213
8161056	6.367035
8161114	6.960323
8161133	5.176164
8161147	6.882324
8161154	4.67739
8161164	5.758404
8161166	6.192842
8161169	8.119382
8161171	4.518791
8161174	9.700927
8161190	5.127736
8161192	8.337033
8161211	6.128659
8161224	6.417498
8161229	6.87695
8161238	7.108838
8161240	4.327155
8161242	5.552269
8161249	4.133549
8161255	7.563604
8161265	7.582536
8161270	5.746525
8161288	5.063511
8161319	4.706554
8161326	4.898471
8161337	4.48778
8161341	5.077838
8161346	4.649032
8161353	6.333081
8161362	4.743677
8161368	4.896871
8161371	5.142343
8161373	5.970999
8161375	5.874975
8161377	6.180882
8161381	6.181828
8161384	5.596164
8161388	6.650155
8161405	3.616877
8161407	5.195944
8161409	5.119459
8161415	5.60147
8161418	4.599876
8161423	3.331871
8161426	6.743214
8161429	3.982717
8161431	5.931622
8161433	7.679542
8161437	6.743214
8161440	3.982717
8161442	8.160213
8161444	3.236102
8161446	6.222551
8161451	6.043785
8161455	3.331871
8161458	5.649298
8161460	4.215875
8161467	4.703947
8161471	5.052148
8161476	7.619836
8161478	5.313524
8161482	3.102938
8161484	5.961356
8161488	7.866339
8161499	6.005606
8161503	7.180111
8161507	3.531664
8161509	8.343488
8161513	5.804413
8161520	5.733446
8161526	4.615721
8161533	5.924758
8161537	5.926824
8161554	5.970999
8161556	5.484152
8161558	7.820277
8161563	6.297239
8161566	3.102938
8161568	6.200191
8161571	6.555751
8161575	5.576502
8161580	6.377606
8161583	6.287186
8161587	6.110648
8161610	4.382741
8161615	6.227077
8161618	6.247731
8161632	7.037319
8161642	5.458769
8161646	2.651843
8161648	7.085186
8161654	5.048219
8161693	5.755579
8161695	3.437613
8161697	5.691166
8161701	9.088605
8161727	8.712815
8161737	7.744141
8161739	4.869204
8161745	7.073092
8161747	11.50587
8161755	7.028469
8161774	5.141408
8161824	7.417732
8161829	5.32453
8161839	6.954004
8161852	3.366616
8161854	3.131305
8161857	7.899594
8161863	2.455677
8161865	3.879519
8161884	3.020283
8161892	7.227814
8161904	2.472602
8161906	10.03367
8161913	4.690675
8161915	3.366366
8161917	2.92961
8161919	5.70882
8161938	4.633549
8161943	5.994787
8161945	7.854135
8161964	6.063759
8161986	2.954475
8161988	8.216102
8162006	3.39719
8162019	5.215618
8162039	6.311214
8162047	9.558851
8162059	5.704125
8162080	2.634832
8162082	5.673994
8162084	6.408279
8162086	4.718874
8162117	7.901228
8162132	3.810641
8162140	7.111795
8162142	7.978919
8162147	9.40038
8162179	6.155814
8162183	3.901587
8162187	4.630744
8162191	6.657684
8162194	5.485339
8162214	5.976344
8162216	6.12966
8162231	6.923143
8162236	7.11945
8162247	7.824493
8162249	3.884407
8162254	5.49708
8162260	5.908931
8162264	7.835936
8162276	6.647305
8162283	5.799198
8162294	8.287378
8162311	4.902412
8162313	6.063787
8162352	5.608107
8162373	3.313273
8162388	2.630901
8162394	2.824106
8162404	4.365149
8162419	2.180745
8162421	6.607508
8162438	6.777772
8162449	5.169441
8162455	7.964615
8162462	9.105647
8162466	7.556924
8162470	4.263622
8162472	6.973254
8162479	6.385438
8162490	4.5065
8162492	3.884253
8162502	9.320208
8162514	4.302739
8162529	5.716195
8162531	12.4822
8162533	5.269748
8162562	5.784716
8162568	5.059438
8162570	4.709885
8162584	2.956635
8162586	7.162957
8162601	4.950648
8162610	5.643595
8162624	4.717236
8162631	4.684905
8162639	4.936999
8162645	9.599403
8162652	6.681405
8162664	6.444198
8162667	6.489792
8162669	4.972083
8162674	5.663284
8162676	6.080501
8162696	7.157917
8162706	5.60372
8162719	3.886654
8162729	7.596179
8162744	9.122585
8162759	8.656632
8162777	5.638135
8162803	5.596223
8162823	6.680857
8162825	7.292936
8162827	6.849118
8162833	7.686115
8162848	5.837464
8162850	4.96183
8162868	6.728533
8162870	3.582206
8162880	5.683237
8162884	8.821424
8162902	5.054174
8162908	3.718932
8162920	5.541702
8162927	2.250336
8162929	3.692726
8162931	3.118708
8162934	4.502891
8162936	3.208714
8162938	4.154301
8162940	9.080386
8162996	2.213742
8162998	7.134842
8163000	7.087228
8163002	9.55876
8163011	2.556363
8163013	7.118124
8163015	7.495601
8163017	5.165676
8163019	7.0936
8163023	5.864625
8163063	4.966998
8163084	4.022098
8163086	6.493547
8163105	3.765834
8163107	5.135538
8163109	5.710127
8163116	5.509864
8163147	5.934524
8163149	10.0498
8163181	4.805476
8163185	10.06551
8163193	2.818567
8163202	4.666244
8163253	3.10133
8163255	2.963428
8163257	6.245101
8163271	7.119982
8163273	4.04764
8163275	6.537299
8163326	6.250625
8163328	8.249606
8163341	4.329024
8163348	2.896128
8163381	2.733444
8163383	5.86688
8163402	9.449043
8163424	7.821558
8163426	7.299063
8163428	7.370203
8163437	6.395709
8163444	3.178725
8163452	6.934165
8163481	6.827284
8163485	6.314294
8163491	5.970796
8163505	6.330465
8163509	6.527388
8163525	5.99544
8163533	7.946168
8163535	6.277322
8163548	6.95322
8163569	6.656597
8163599	6.692777
8163614	2.810808
8163616	2.80028
8163618	6.020758
8163629	6.094851
8163637	5.144331
8163666	4.100008
8163672	4.389443
8163678	5.929515
8163710	6.619507
8163712	2.18566
8163714	9.532991
8163716	4.502166
8163729	6.880532
8163731	10.49153
8163733	5.628538
8163775	6.546086
8163784	7.796668
8163795	6.765119
8163807	5.524206
8163825	4.718885
8163839	3.252527
8163882	8.763983
8163892	5.525822
8163896	7.527268
8163908	4.442541
8163916	5.897777
8163930	6.463862
8163936	6.791867
8163948	6.79559
8163956	2.7115
8163958	5.008066
8163960	5.573827
8163962	5.616503
8163964	6.826825
8163972	7.317759
8163999	6.620418
8164002	6.392225
8164008	5.929524
8164013	6.054138
8164034	5.939076
8164060	10.96963
8164062	5.646109
8164067	7.797972
8164077	6.263544
8164087	7.468573
8164100	7.970344
8164105	6.438906
8164129	4.187761
8164131	5.788374
8164153	5.937551
8164155	9.644069
8164165	10.69017
8164177	7.416669
8164194	5.756037
8164196	5.133906
8164200	5.678519
8164210	5.673158
8164215	7.313959
8164217	11.52286
8164235	6.416069
8164243	6.978158
8164252	6.879776
8164269	7.18476
8164293	6.249969
8164304	7.701608
8164314	7.181875
8164328	6.151699
8164336	7.096914
8164343	10.68839
8164357	5.83425
8164362	8.343222
8164373	7.254596
8164396	3.406037
8164398	7.840159
8164426	6.792782
8164428	6.674175
8164438	5.13924
8164440	7.442048
8164452	7.195686
8164464	7.53743
8164481	7.25984
8164496	5.791784
8164515	6.898398
8164521	8.327223
8164535	6.928119
8164554	8.478831
8164560	6.30103
8164562	6.465472
8164572	6.454941
8164580	9.587713
8164587	6.460291
8164596	6.421599
8164607	7.039365
8164627	6.227483
8164630	7.423236
8164632	7.164058
8164644	5.605283
8164649	4.553917
8164653	7.786243
8164665	9.059037
8164692	6.695477
8164694	7.874817
8164696	8.402028
8164698	4.973323
8164701	7.68635
8164729	6.206835
8164742	5.34816
8164766	5.228946
8164781	7.04078
8164808	6.796828
8164810	8.506398
8164833	6.537871
8164843	7.336412
8164848	4.917172
8164853	7.234929
8164862	5.457682
8164870	6.67634
8164872	6.48108
8164883	8.251081
8164896	7.012307
8164907	5.602168
8164918	5.935076
8164931	5.943523
8164937	6.58186
8164940	6.682487
8164967	5.130732
8164995	7.316699
8165011	6.975482
8165021	6.813491
8165024	6.409495
8165032	4.838775
8165038	6.768937
8165046	7.111335
8165064	6.195059
8165077	6.830525
8165083	7.48189
8165094	5.976905
8165107	6.746223
8165131	6.285801
8165156	5.751494
8165171	6.194252
8165183	8.003123
8165217	6.499484
8165255	7.144542
8165258	7.850024
8165271	6.116728
8165277	6.945738
8165285	6.432674
8165295	5.112588
8165298	5.63184
8165309	8.832115
8165319	8.35618
8165334	8.521642
8165345	6.132926
8165398	6.153208
8165406	6.34649
8165416	6.750379
8165430	7.190401
8165438	7.730098
8165453	8.303741
8165458	6.994352
8165462	6.850605
8165478	6.5191
8165486	6.500032
8165492	6.846291
8165496	6.787544
8165498	5.560422
8165508	7.278055
8165512	6.715466
8165538	7.05906
8165552	6.2975
8165575	7.211564
8165610	6.159213
8165622	7.934858
8165630	6.010228
8165637	6.846291
8165639	9.120039
8165642	6.026083
8165644	13.15812
8165646	13.83103
8165648	11.2107
8165650	13.20398
8165653	13.47531
8165656	9.480314
8165658	8.800579
8165661	13.92022
8165663	4.356706
8165665	13.88784
8165667	8.294275
8165669	12.84214
8165672	3.699315
8165674	13.43425
8165676	13.23275
8165680	9.913738
8165682	10.80315
8165684	8.129105
8165686	13.39929
8165690	13.96075
8165692	6.354387
8165694	10.58056
8165696	11.05306
8165698	8.821329
8165700	9.648352
8165703	11.39456
8165705	11.36596
8165707	11.28291
8165709	9.569065
8165711	6.96214
8165723	4.78331
8165735	6.492945
8165752	4.702392
8165765	5.992623
8165773	6.161066
8165794	7.974904
8165808	6.075164
8165817	5.768546
8165833	5.424773
8165843	4.231644
8165856	2.573851
8165858	4.232281
8165860	2.688409
8165862	2.917253
8165864	2.659643
8165866	11.7846
8165881	6.337362
8165888	4.908135
8165890	6.2864
8165903	4.406287
8165905	3.336352
8165907	4.680164
8165911	6.462355
8165932	3.527412
8165934	6.623779
8165945	4.680163
8165947	6.750005
8165974	5.137846
8165993	2.991867
8165995	7.479827
8166006	4.540093
8166015	6.385555
8166028	4.644753
8166047	2.333486
8166049	6.732581
8166059	4.176188
8166065	4.658146
8166072	10.01004
8166079	4.22604
8166094	3.846519
8166096	4.037226
8166098	9.110892
8166104	7.184515
8166124	5.555296
8166127	4.122268
8166140	5.811048
8166157	3.758598
8166179	6.06184
8166182	3.520513
8166184	6.500146
8166195	6.233193
8166202	4.294156
8166211	5.383383
8166213	2.554855
8166219	8.887648
8166230	5.658994
8166243	6.095724
8166264	3.764294
8166266	5.82796
8166278	3.568392
8166289	8.696041
8166314	3.289161
8166335	6.289788
8166349	4.030437
8166351	4.925734
8166353	2.726581
8166355	5.274559
8166382	4.734886
8166398	6.090936
8166402	9.352085
8166408	4.631169
8166433	3.708485
8166438	3.532884
8166440	4.519978
8166442	9.88719
8166447	4.661728
8166455	5.225554
8166469	12.63252
8166481	3.066657
8166493	8.06501
8166498	2.838677
8166500	7.337584
8166509	5.050627
8166511	4.701153
8166525	4.682706
8166563	2.914254
8166565	3.980421
8166569	6.37526
8166571	5.176596
8166576	4.182958
8166580	7.385197
8166585	4.772573
8166587	3.897896
8166593	4.606633
8166607	4.53651
8166611	3.835553
8166613	5.252884
8166619	5.160543
8166630	5.797774
8166632	8.257889
8166657	5.079009
8166659	4.059639
8166661	6.633405
8166663	3.81903
8166665	5.829629
8166667	4.532504
8166669	4.737591
8166671	3.750637
8166690	4.288139
8166703	5.929893
8166705	5.919928
8166712	7.379702
8166714	5.474512
8166723	5.108149
8166730	4.862013
8166745	5.428764
8166747	6.625057
8166769	3.583547
8166784	5.615365
8166797	6.296185
8166805	8.486508
8166817	5.775358
8166819	7.342474
8166824	2.866498
8166826	8.539588
8166872	5.072669
8166876	10.18622
8166899	7.397896
8166906	2.74634
8166919	3.001021
8166925	7.240053
8166945	4.700969
8166948	8.494014
8166950	4.274565
8166956	8.496543
8166989	5.121602
8166997	3.221638
8166999	6.421704
8167006	6.626676
8167013	5.953933
8167027	4.332775
8167038	2.608622
8167040	6.899428
8167042	8.398241
8167069	9.556338
8167099	6.953377
8167103	7.492908
8167125	8.140876
8167150	4.14565
8167152	5.212337
8167163	5.817831
8167165	7.405144
8167185	7.746178
8167195	5.688083
8167198	6.227385
8167201	5.203774
8167210	4.915214
8167218	3.325936
8167220	4.59333
8167228	5.227709
8167234	7.07897
8167249	3.466749
8167251	4.014495
8167254	3.717217
8167261	4.508249
8167270	7.978609
8167287	8.201726
8167305	6.839611
8167314	6.733287
8167322	7.138947
8167334	7.101936
8167347	5.447837
8167356	5.755064
8167360	6.78506
8167369	6.363053
8167407	6.285756
8167412	7.895558
8167428	4.53429
8167430	8.271669
8167441	5.649042
8167443	5.868103
8167449	6.748427
8167457	6.552786
8167476	6.797669
8167482	4.806063
8167508	4.801644
8167526	4.663268
8167560	2.928961
8167562	4.806063
8167573	8.581163
8167575	6.706726
8167577	4.831866
8167584	4.831866
8167592	4.824356
8167601	4.996003
8167603	5.614474
8167623	6.314973
8167625	4.449929
8167638	2.330272
8167640	3.983702
8167642	4.403528
8167645	6.227683
8167650	6.284586
8167652	7.248291
8167654	4.882851
8167656	6.603108
8167673	5.696442
8167690	5.313076
8167693	5.766224
8167701	5.554114
8167710	5.554114
8167721	6.576831
8167726	2.798934
8167728	5.063919
8167742	3.113513
8167749	6.746287
8167758	6.001032
8167763	6.730879
8167772	3.861749
8167774	5.538861
8167784	4.423633
8167786	6.367874
8167790	6.048589
8167797	5.927437
8167815	7.534671
8167835	6.091642
8167854	6.772429
8167862	4.75317
8167866	3.562502
8167871	2.462786
8167874	3.924
8167876	2.827297
8167878	3.276183
8167880	6.113223
8167887	6.412041
8167893	5.758995
8167895	3.717088
8167897	6.227235
8167910	2.564117
8167912	6.602076
8167924	8.001975
8167930	6.288801
8167942	7.488678
8167945	2.227016
8167947	3.536803
8167949	1.954178
8167951	3.002066
8167953	5.001348
8167957	3.721927
8167965	5.721107
8167971	4.90895
8167973	4.916443
8167998	5.959198
8168016	4.701562
8168018	8.200004
8168026	5.923836
8168028	5.535326
8168045	6.362956
8168058	6.77973
8168062	4.669808
8168079	3.302019
8168081	2.995517
8168083	5.465054
8168085	2.497387
8168087	7.79247
8168098	4.137607
8168107	5.244629
8168115	6.214972
8168117	4.29292
8168135	4.539908
8168146	5.116308
8168161	4.79627
8168163	4.747831
8168179	6.420386
8168203	4.373324
8168205	9.180998
8168215	7.863472
8168264	7.281677
8168274	6.613611
8168280	8.781826
8168291	5.091757
8168303	6.606711
8168316	7.918432
8168345	4.539874
8168357	5.731524
8168359	5.47891
8168362	5.875608
8168366	5.606862
8168373	6.698382
8168375	6.618262
8168387	5.883186
8168391	4.965588
8168393	6.383403
8168395	4.991384
8168399	6.101214
8168408	5.039307
8168412	3.518844
8168416	6.101518
8168420	4.763112
8168422	4.272326
8168424	6.940328
8168432	4.342454
8168434	2.417728
8168436	2.676292
8168438	6.843409
8168447	4.633231
8168456	4.462102
8168458	6.095512
8168461	5.184591
8168463	4.752822
8168466	2.407449
8168468	2.511849
8168470	5.905349
8168472	5.171574
8168500	10.09648
8168517	4.004071
8168524	3.679035
8168531	3.992763
8168534	3.797434
8168546	3.070996
8168553	2.428009
8168555	2.899513
8168557	6.910271
8168565	2.940521
8168567	5.86093
8168569	3.138935
8168578	6.92145
8168580	4.948843
8168589	3.643013
8168602	4.942189
8168604	4.972961
8168620	1.988472
8168622	2.820723
8168638	3.598306
8168644	9.459152
8168646	3.506734
8168650	4.912588
8168657	4.414975
8168674	7.763546
8168676	4.844875
8168678	3.198976
8168685	2.723324
8168687	3.555804
8168689	4.154024
8168691	4.042795
8168723	4.857913
8168727	3.285634
8168729	4.72895
8168731	4.027381
8168733	4.170676
8168735	3.303752
8168737	3.717528
8168749	9.252538
8168762	7.415135
8168779	4.994286
8168781	3.392087
8168790	6.66865
8168794	3.216471
8168817	5.173331
8168841	2.427732
8168843	5.645051
8168852	9.726415
8168855	4.86187
8168868	5.286932
8168873	6.801872
8168875	7.47438
8168884	2.907276
8168886	4.353421
8168888	2.803742
8168890	3.692032
8168892	6.118333
8168900	3.709976
8168940	4.114033
8168958	5.51545
8168968	3.992924
8168976	5.045309
8168984	5.686358
8168990	2.986194
8168994	3.303752
8168996	2.024648
8168998	4.594055
8169000	3.485588
8169002	3.068771
8169004	3.136746
8169006	6.378253
8169009	8.351764
8169015	4.780845
8169022	6.695743
8169028	6.915325
8169035	6.769923
8169044	8.301504
8169049	6.40198
8169056	4.412772
8169061	5.472294
8169073	4.087556
8169080	7.836388
8169083	4.583977
8169085	7.820045
8169094	3.771028
8169109	5.857496
8169115	3.857318
8169145	5.53628
8169154	3.024494
8169156	3.308461
8169158	4.317888
8169174	5.586351
8169186	4.635951
8169210	5.098283
8169221	3.55246
8169231	5.223214
8169233	6.280758
8169235	4.375163
8169240	5.665622
8169247	3.818827
8169249	6.561399
8169263	3.887109
8169272	7.163539
8169291	3.412409
8169294	5.417876
8169348	2.323828
8169350	13.2785
8169352	5.770956
8169361	4.765168
8169365	6.807951
8169378	3.931951
8169385	4.263012
8169389	4.189337
8169412	6.200365
8169419	5.907338
8169432	4.312959
8169437	4.834094
8169439	5.685227
8169441	5.378032
8169443	6.174594
8169445	5.50484
8169447	3.754237
8169459	5.29432
8169461	2.892497
8169463	5.744173
8169465	6.535396
8169467	3.717492
8169473	9.084807
8169492	3.573863
8169504	10.94613
8169519	6.056481
8169541	4.469997
8169580	8.869432
8169598	4.325014
8169603	5.945666
8169617	7.850987
8169624	6.780603
8169634	8.399418
8169638	3.637962
8169640	8.056932
8169645	7.987242
8169657	6.422171
8169659	7.538419
8169665	2.798934
8169676	4.73996
8169683	7.83036
8169687	4.981885
8169697	2.251691
8169699	5.817585
8169701	6.136511
8169709	7.279751
8169711	4.37606
8169715	3.029666
8169717	3.930172
8169740	11.13346
8169742	8.193972
8169750	6.926915
8169790	2.86255
8169792	4.330359
8169804	2.424654
8169806	6.252764
8169808	4.568927
8169811	5.92393
8169836	5.603186
8169859	6.280864
8169868	5.808477
8169882	6.401076
8169898	5.484112
8169904	5.544863
8169920	6.760212
8169928	6.67062
8169931	3.800143
8169947	3.463855
8169949	8.492345
8169965	2.152986
8169969	6.493599
8169984	5.502787
8169995	7.475437
8170007	5.694935
8170009	6.426901
8170013	6.572608
8170015	4.164377
8170024	6.141141
8170027	4.973012
8170052	3.811605
8170060	4.064199
8170068	4.592875
8170076	3.499387
8170097	6.863891
8170117	4.441234
8170119	5.921641
8170135	3.53455
8170159	4.355316
8170166	6.070282
8170179	9.522734
8170185	3.013038
8170187	3.074516
8170196	4.953613
8170198	4.633159
8170200	4.698485
8170208	4.757289
8170210	4.956509
8170213	3.547174
8170215	3.138992
8170228	2.515631
8170230	3.58638
8170232	3.312073
8170235	6.889798
8170237	6.701732
8170239	5.429052
8170241	3.158072
8170244	3.158072
8170247	8.714374
8170249	4.599249
8170257	2.9361
8170260	4.852791
8170273	5.19957
8170280	3.713821
8170282	4.547156
8170286	3.859767
8170288	3.935885
8170290	2.676463
8170292	2.942113
8170294	2.146151
8170296	3.740399
8170298	5.755631
8170300	5.905626
8170302	3.469345
8170307	4.646186
8170319	3.015422
8170322	5.18799
8170324	2.710992
8170326	8.127176
8170353	6.552474
8170360	12.60174
8170362	4.504181
8170364	5.157692
8170390	10.23012
8170393	5.849684
8170400	5.718274
8170402	5.150146
8170407	7.562701
8170412	8.02645
8170418	4.047078
8170420	5.502301
8170428	6.930624
8170443	7.930831
8170464	2.525325
8170466	2.476177
8170468	5.560977
8170476	5.092561
8170479	6.34694
8170488	3.921402
8170507	4.732945
8170513	5.367673
8170520	4.587451
8170531	4.351829
8170538	5.013573
8170553	7.418845
8170562	6.320868
8170576	5.696628
8170580	4.98918
8170590	6.434431
8170602	9.598889
8170622	6.729192
8170630	6.644042
8170633	4.671822
8170635	5.640276
8170644	5.852065
8170648	6.416223
8170662	8.220728
8170671	5.803938
8170695	7.712379
8170702	5.286415
8170704	6.658603
8170716	6.396197
8170753	6.74686
8170775	6.532597
8170786	6.992942
8170794	5.955925
8170803	5.983895
8170811	3.309775
8170816	5.407162
8170825	5.345494
8170834	4.959429
8170850	6.58967
8170859	8.164738
8170863	8.997086
8170865	6.250329
8170882	8.968653
8170891	8.277551
8170906	7.126536
8170921	5.805672
8170955	6.23802
8170963	4.180544
8170965	7.953077
8170971	5.552409
8170990	5.549649
8170992	5.882684
8170994	5.167618
8170998	6.940841
8171001	5.078184
8171006	6.117049
8171013	4.653847
8171024	4.884156
8171026	5.17092
8171029	6.984714
8171032	3.451216
8171034	4.282403
8171041	8.184794
8171052	6.832636
8171066	7.709644
8171079	5.802277
8171087	6.679673
8171105	4.692435
8171111	9.139254
8171119	6.791317
8171136	6.339527
8171139	7.966166
8171148	6.124267
8171161	4.517438
8171170	5.629572
8171172	7.011479
8171180	6.748241
8171182	5.960947
8171193	4.277697
8171195	3.049625
8171199	2.444248
8171201	2.239936
8171203	4.892603
8171205	6.003904
8171216	6.366582
8171222	7.160087
8171229	6.281716
8171240	7.340446
8171248	3.936405
8171260	3.111799
8171271	3.894737
8171284	5.474381
8171295	5.409859
8171297	5.534528
8171311	3.204028
8171313	5.266794
8171334	2.136875
8171336	7.166478
8171338	3.363429
8171348	2.804066
8171350	6.549304
8171352	4.73772
8171359	3.693951
8171373	5.060134
8171381	3.420928
8171392	4.568423
8171403	4.095141
8171418	8.303506
8171427	4.139
8171435	6.356554
8171449	8.065712
8171472	4.787571
8171481	4.416562
8171489	2.658446
8171491	5.798014
8171493	6.734718
8171516	7.580613
8171533	2.631368
8171535	3.354779
8171537	3.470178
8171539	6.702505
8171545	3.443888
8171561	3.303752
8171577	2.957472
8171579	4.359472
8171587	6.123303
8171624	4.169822
8171653	3.711914
8171684	6.883952
8171708	6.374935
8171723	4.726765
8171725	4.834405
8171747	7.992731
8171758	5.219226
8171760	5.214341
8171762	7.997583
8171786	7.253234
8171791	3.212398
8171798	4.581799
8171800	4.502314
8171802	6.514448
8171823	5.37005
8171834	8.692117
8171837	5.923626
8171844	5.050627
8171846	5.128264
8171848	5.015896
8171865	6.220331
8171867	7.206512
8171874	4.271027
8171876	5.380186
8171879	4.146003
8171883	3.620353
8171885	5.458965
8171890	5.850314
8171892	4.954187
8171896	3.537359
8171901	9.070646
8171917	5.705685
8171921	3.758836
8172017	5.198689
8172022	6.561597
8172026	3.511357
8172028	6.296582
8172030	6.684868
8172032	5.321736
8172035	6.806221
8172043	4.943699
8172056	5.274899
8172082	2.743339
8172084	2.136615
8172088	7.562513
8172110	6.656279
8172119	8.028038
8172154	8.946426
8172158	6.104113
8172189	2.180463
8172191	10.26473
8172193	2.968334
8172195	3.280422
8172197	5.808544
8172204	4.938361
8172220	4.202807
8172225	3.669366
8172244	7.512748
8172252	5.24079
8172254	4.806419
8172266	5.440994
8172268	4.505667
8172270	6.76838
8172272	2.230565
8172274	4.962552
8172280	6.758371
8172296	8.807158
8172305	2.728077
8172307	5.870881
8172317	5.908736
8172333	6.524353
8172345	6.618737
8172358	6.51087
8172367	4.083529
8172369	5.723004
8172379	5.471632
8172387	3.181167
8172395	4.215331
8172399	4.030617
8172406	3.58462
8172415	4.502731
8172425	5.018234
8172443	7.652858
8172445	3.138473
8172447	7.754336
8172453	7.212339
8172460	7.169335
8172471	5.89346
8172478	8.303587
8172493	5.318501
8172504	6.026593
8172520	6.992331
8172531	6.413298
8172538	7.684747
8172548	7.030075
8172561	6.250897
8172573	6.136278
8172580	5.816116
8172631	6.281664
8172647	4.670691
8172654	5.701191
8172656	4.264198
8172658	3.971806
8172660	4.868036
8172670	4.418277
8172698	5.597243
8172708	2.790773
8172711	4.747471
8172713	8.867273
8172715	7.248291
8172717	3.267403
8172719	5.313076
8172722	5.696442
8172739	5.554114
8172749	5.766224
8172757	5.554114
8172766	5.554114
8172776	5.906863
8172781	5.083156
8172787	5.020602
8172800	3.645525
8172803	5.689534
8172806	6.239784
8172813	7.041005
8172827	9.327806
8172858	6.713708
8172876	6.114464
8172905	7.200121
8172914	9.051387
8173005	4.419672
8173007	4.687574
8173009	7.771147
8173039	2.508445
8173041	5.075767
8173059	4.394198
8173086	5.746495
8173106	6.029768
8173120	4.435989
8173135	6.112889
8173148	3.828652
8173154	2.152745
8173156	7.581614
8173158	2.734282
8173160	2.877081
8173162	3.348679
8173166	5.68621
8173168	4.88772
8173174	5.416882
8173176	5.73539
8173179	5.729669
8173181	5.490294
8173189	6.172768
8173198	3.610375
8173201	8.585674
8173204	6.170787
8173206	5.663509
8173208	6.587963
8173217	5.875343
8173232	5.424169
8173238	4.387663
8173245	4.480444
8173261	5.532259
8173269	6.244364
8173287	5.305406
8173299	6.100932
8173308	2.22117
8173310	6.392443
8173338	3.86324
8173340	6.308996
8173349	5.091017
8173358	2.633678
8173360	4.687537
8173362	2.575744
8173364	6.244814
8173366	6.713697
8173373	5.546809
8173381	3.220684
8173412	3.110938
8173414	5.649487
8173428	7.296167
8173430	7.210814
8173437	5.213833
8173444	9.118893
8173457	5.468025
8173486	5.933332
8173493	8.03097
8173501	2.641397
8173503	5.366769
8173506	3.799243
8173513	10.02221
8173522	2.716883
8173524	5.860476
8173531	5.733978
8173551	5.172824
8173579	3.298914
8173581	6.004032
8173583	6.208431
8173596	6.201862
8173600	4.321951
8173605	3.406428
8173607	8.381462
8173609	3.308274
8173611	6.276003
8173613	10.31458
8173615	6.930625
8173621	4.67291
8173629	5.016853
8173647	4.026316
8173665	4.303544
8173671	5.244555
8173673	6.092718
8173713	8.449438
8173729	7.336922
8173732	5.069879
8173745	4.37412
8173752	3.789281
8173755	4.218254
8173766	7.64344
8173812	4.497304
8173823	2.471585
8173825	4.123497
8173848	3.968444
8173862	3.222964
8173869	7.66785
8173890	3.422044
8173892	5.875165
8173912	7.656616
8173915	2.385336
8173917	4.554651
8173922	2.083104
8173924	4.866069
8173926	4.576265
8173928	2.474876
8173930	3.560404
8173933	4.088694
8173941	11.07114
8173955	8.473832
8173977	3.608037
8173979	5.754079
8173999	8.697231
8174005	6.285252
8174026	6.832891
8174029	4.307681
8174045	2.524933
8174047	5.655349
8174051	5.33242
8174076	7.908645
8174086	7.119441
8174092	5.010861
8174103	9.496003
8174105	4.791037
8174119	4.789493
8174132	2.207488
8174134	5.94953
8174141	4.890465
8174149	3.983429
8174189	2.613945
8174193	4.583529
8174195	5.942583
8174197	3.018986
8174199	4.461497
8174201	5.129254
8174207	4.405134
8174226	5.5953
8174228	6.81195
8174235	4.879297
8174239	5.444632
8174246	6.710263
8174251	3.438805
8174253	8.15576
8174263	5.269528
8174271	5.876373
8174277	3.57743
8174279	6.904785
8174281	3.178791
8174283	5.030967
8174288	5.57056
8174291	4.405775
8174297	6.451452
8174302	2.468132
8174304	3.667484
8174311	2.154354
8174313	5.317834
8174317	5.98135
8174322	4.927974
8174338	6.930978
8174340	4.809022
8174351	3.70744
8174361	7.80294
8174373	2.312238
8174375	6.654598
8174379	6.655663
8174389	5.707565
8174442	3.035261
8174444	4.551795
8174448	4.089935
8174469	6.691343
8174474	5.479885
8174494	2.461468
8174496	8.151572
8174507	5.100733
8174509	9.729076
8174513	5.521775
8174527	5.544005
8174543	4.516453
8174554	4.490865
8174556	4.570956
8174568	4.698924
8174576	5.182705
8174592	5.111251
8174594	4.132763
8174596	5.642035
8174598	2.572497
8174610	3.710576
8174634	2.257397
8174636	8.892564
8174642	6.878835
8174646	4.23087
8174648	5.07583
8174654	5.46578
8174664	5.31751
8174666	4.305354
8174668	2.211789
8174670	4.869453
8174675	6.181609
8174677	7.722857
8174684	4.567856
8174692	5.768543
8174710	7.699304
8174715	2.262237
8174717	5.982386
8174731	5.41081
8174737	5.272753
8174750	4.73996
8174755	5.108444
8174761	4.771118
8174767	5.942635
8174779	8.610814
8174794	7.975839
8174820	5.470625
8174831	6.383475
8174837	6.731607
8174841	6.731607
8174845	6.731607
8174849	6.731607
8174853	6.792925
8174862	6.731607
8174867	6.731607
8174872	6.731607
8174876	6.731607
8174882	6.731607
8174887	2.840819
8174889	4.483274
8174891	6.924469
8174893	6.081692
8174933	2.638654
8174937	4.993021
8174968	6.354385
8174970	13.79485
8174972	5.685532
8174975	3.573758
8174977	5.358377
8174979	4.684245
8174983	5.128188
8174985	5.459569
8175016	6.502305
8175023	8.531159
8175039	6.960297
8175052	5.903877
8175076	3.640944
8175096	3.022048
8175098	5.554665
8175102	5.317882
8175119	6.298211
8175121	5.417687
8175151	3.727701
8175153	4.790728
8175155	4.120109
8175169	7.589675
8175177	5.974651
8175193	2.598147
8175195	5.297566
8175206	2.619838
8175209	3.387707
8175215	3.553837
8175217	3.859966
8175232	5.008089
8175234	4.65069
8175246	3.821923
8175248	3.006852
8175250	2.07068
8175252	2.118851
8175254	4.696561
8175256	6.762007
8175261	6.658792
8175263	4.296625
8175267	4.191926
8175269	6.73023
8175288	6.889178
8175297	2.855951
8175299	6.974702
8175302	6.809518
8175308	6.299898
8175311	5.167622
8175315	5.1832
8175317	6.572608
8175319	5.361963
8175330	5.4995
8175332	2.877996
8175336	3.577296
8175344	3.595741
8175353	3.288251
8175360	6.479816
8175365	3.234779
8175367	3.614982
8175369	4.149413
8175391	6.717047
8175393	5.223372
8175418	2.230311
8175420	6.602754
8175432	3.572719
8175434	5.438512
8175436	4.99208
8175438	6.891469
8175440	3.68267
8175442	5.246044
8175444	6.15699
8175455	6.99195
8175457	3.55849
8175490	1.862807
8175492	5.116902
8175524	3.087019
8175528	7.689137
8175531	3.478698
8175537	10.91026
8175539	6.037238
8175543	4.954336
8175550	4.599249
8175558	5.571683
8175562	3.784073
8175568	4.677605
8175570	3.928441
8175572	3.679087
8175574	4.431807
8175578	3.929578
8175583	2.435085
8175585	5.994751
8175587	3.762853
8175589	4.607277
8175591	3.843969
8175593	9.139406
8175609	5.82199
8175611	7.562701
8175616	5.150146
8175621	7.581318
8175629	4.163457
8175638	5.508986
8175642	6.446953
8175647	5.673634
8175662	2.283317
8175664	6.310388
8175666	9.209077
8175683	7.288448
8175685	7.004756
8175690	5.166571
8175696	4.056509
8175706	3.661032
8175708	3.712325
8175710	5.068238
8175724	5.321001
8175732	6.193233
8175747	6.353238
8175755	5.861486
8175763	6.345394
8175768	7.151641
8175773	4.671822
8175775	4.603628
8175782	6.378638
8175802	6.691699
8175808	6.708126
8175811	6.793384
8175815	6.700768
8175835	7.732944
8175844	7.314677
8175860	5.759278
8175871	6.252472
8175900	7.014396
8175924	5.612427
8175933	5.671632
8175947	6.70559
8175977	7.556345
8175998	7.418456
8176006	5.248302
8176012	5.248302
8176018	5.509647
8176026	7.173091
8176076	5.534635
8176091	7.602969
8176093	6.801909
8176098	6.454373
8176109	7.840561
8176117	7.861597
8176133	7.825221
8176149	7.953077
8176155	4.128703
8176159	8.615998
8176163	5.766259
8176174	5.991127
8176191	9.245337
8176193	4.644393
8176219	4.700521
8176230	4.754965
8176234	5.691058
8176243	3.451216
8176245	7.238585
8176249	5.167618
8176253	4.588948
8176255	5.406502
8176263	5.069879
8176276	5.752398
8176280	2.511849
8176282	7.336922
8176284	5.184591
8176286	7.124167
8176297	4.78331
8176306	6.492945
8176323	4.702392
8176336	5.984834
8176342	6.161066
8176360	7.974904
8176373	3.922176
8176375	4.438799
8176384	4.064662
8176395	10.31832
8176397	3.607873
8176400	4.33022
8176419	5.741043
8176427	5.272985
8176429	5.232608
8176435	4.891517
8176442	4.976038
8176460	5.672736
8176469	2.968333
8176471	3.609122
8176476	2.833619
8176478	2.634832
8176480	2.548882
8176482	7.608916
8176484	5.536834
8176494	5.347409
8176508	5.50148
8176517	5.622289
8176524	5.532495
8176532	5.192614
8176544	5.514697
8176553	4.830869
8176558	4.672961
8176568	4.958985
8176570	6.440573
8176572	6.330124
8176574	5.710221
8176576	4.500455
8176578	3.259801
8176624	4.18346
8176644	5.229929
8176648	7.252051
8176650	7.096492
8176655	5.491086
8176663	3.149874
8176665	3.810346
8176667	6.776684
8176669	5.472746
8176671	3.737518
8176673	2.917299
8176675	2.902933
8176677	6.391465
8176679	3.902539
8176681	3.353573
8176692	3.528208
8176698	5.174429
8176709	3.433346
8176719	4.463809
8176730	4.071157
8176737	3.694474
8176742	3.363412
8176753	3.729872
8176766	3.693441
8176782	5.501911
8176789	3.73956
8176806	5.632806
8176815	2.53256
8176817	2.545732
8176821	3.706676
8176832	4.474728
8176865	5.537568
8176867	3.706676
8176878	4.474728
8176910	7.123362
8176921	9.017211
8176923	5.689376
8176926	3.595128
8176931	3.272611
8176933	4.170042
8176935	5.905665
8176941	2.53256
8176943	2.545732
8176947	2.277874
8176949	4.433015
8176951	3.819051
8176955	4.282403
8176962	8.184794
8176972	6.832636
8176986	6.713629
8177003	9.139254
8177011	6.347386
8177026	6.339527
8177029	7.966166
8177038	3.070905
8177044	2.515257
8177046	5.476227
8177048	4.830869
8177053	4.672961
8177061	3.632013
8177070	2.651811
8177072	4.516134
8177079	2.930073
8177081	4.506281
8177083	3.521062
8177085	3.373047
8177092	4.773327
8177096	4.267016
8177101	4.891517
8177108	5.232608
8177114	5.272985
8177116	4.401563
8177118	4.540648
8177120	6.265284
8177130	3.896249
8177137	3.513133
8177169	7.096492
8177174	2.041561
8177176	3.149874
8177178	6.391465
8177180	2.902933
8177184	2.917299
8177186	3.440819
8177189	5.472746
8177191	6.776684
8177193	3.810346
8177195	3.528208
8177201	3.353573
8177212	3.902539
8177214	2.750365
8177217	7.058875
8177222	9.839692
8177227	2.852149
8177229	4.400017
8177232	5.249928
8177261	4.036421
8177269	4.155191
8177273	6.148644
8177277	3.726592
8177280	4.595205
8177282	4.40859
8177290	3.729872
8177303	3.223169
8177323	5.602825
8177331	3.753593
8177344	4.931164
8177347	5.501911
8177354	4.474728
8177387	2.277874
8177389	2.545732
8177393	2.53256
8177395	5.905665
8177401	4.170042
8177403	3.272611
8177405	3.595128
8177410	5.689376
8177413	7.123362
8177424	9.017211
8177426	4.748882
8177449	3.706676
8177460	5.537568
8177462	6.929852
8177478	4.191972
8177498	6.004166
8177507	4.550718
8177527	5.735841
8177544	7.219688
8177554	3.046678
8177560	6.147374
8177601	7.539873
8177620	4.754642
8177628	6.644766
8177635	5.585835
8177647	6.557552
8177658	4.890048
8177669	8.455896
8177674	4.712002
8177694	3.917946
8177696	3.548943
8177698	3.236953
8177700	3.05738
8177704	6.291313
8177706	5.991232
8177709	5.609573
8177717	8.918189
8177725	11.66119
8177732	12.15016
8177740	4.82611
8177744	7.20752
8177750	5.694715
8177760	6.587907
8177770	6.41111
8177782	7.075349
8177788	11.50414
8177797	7.570168
8177824	6.399585
8177834	5.611115
8177851	6.64938
8177858	7.666736
8177867	9.245541
8177885	5.274149
8177901	6.824749
8177931	13.09929
8177938	4.830095
8177947	4.427883
8177951	7.029665
8177955	7.84856
8177964	6.369428
8177967	6.791951
8177976	6.044865
8177983	6.448417
8177988	8.001578
8177996	5.397393
8178011	7.090119
8178043	5.768461
8178050	9.479907
8178059	5.340798
8178063	6.734738
8178070	6.810405
8178074	7.10759
8178080	8.453053
8178086	11.90268
8178090	6.730892
8178095	7.141517
8178115	9.235055
8178136	6.975447
8178164	6.849911
8178177	6.721659
8178188	8.336213
8178193	8.156715
8178199	8.087494
8178205	6.309888
8178211	6.399443
8178220	6.841195
8178225	7.519426
8178234	6.260206
8178244	6.949286
8178253	9.094643
8178264	7.80561
8178270	5.704578
8178275	4.073531
8178283	4.18027
8178285	3.537255
8178287	2.496797
8178289	3.725651
8178291	4.242641
8178293	3.655274
8178295	5.982115
8178298	6.502305
8178322	8.388427
8178324	4.364264
8178326	10.57926
8178330	7.775997
8178338	4.845224
8178346	7.286709
8178358	8.099328
8178377	6.886265
8178399	6.202698
8178404	5.729062
8178419	6.919795
8178435	10.48921
8178439	6.581529
8178442	7.029963
8178445	6.823565
8178448	6.0591
8178470	6.656737
8178476	8.386642
8178489	11.63535
8178498	11.85219
8178508	5.995633
8178512	8.569722
8178517	6.255233
8178526	8.691001
8178552	7.464995
8178554	5.823347
8178561	6.814848
8178582	6.714018
8178586	6.221223
8178590	7.006251
8178598	8.144644
8178609	6.104746
8178641	5.73247
8178650	5.660082
8178653	10.29794
8178676	9.771111
8178683	6.750151
8178686	7.455191
8178699	5.997148
8178712	6.20756
8178727	8.308836
8178749	6.614985
8178754	6.721325
8178762	6.922075
8178771	6.977306
8178790	7.87524
8178795	6.273769
8178802	7.289166
8178811	7.309541
8178826	6.856397
8178833	4.93618
8178841	7.304798
8178855	7.292699
8178867	8.398367
8178882	4.756186
8178884	6.686825
8178891	7.351138
8178897	6.650835
8178903	7.415172
8178917	7.639424
8178939	6.186296
8178955	8.300781
8178977	9.603069
8178988	7.532444
8178991	6.530206
8179003	3.917946
8179005	3.59103
8179007	6.291313
8179009	5.991232
8179011	5.254278
8179019	8.757833
8179028	8.406218
8179034	11.66119
8179041	12.06194
8179049	11.8865
8179055	6.628816
8179060	5.694715
8179070	6.587907
8179080	6.781164
8179088	6.41111
8179097	7.075349
8179103	11.50414
8179112	7.570168
8179139	6.399585
8179149	5.755766
8179167	6.64938
8179174	7.666736
8179184	9.247532
8179205	5.274149
8179221	5.843973
8179224	13.53796
8179228	4.398086
8179235	6.870698
8179238	6.316731
8179246	6.369428
8179249	6.791951
8179258	5.420331
8179263	6.448417
8179268	8.001578
8179276	5.397393
8179291	5.768461
8179298	9.32486
8179309	6.810405
8179313	7.189789
8179322	12.43367
8179324	11.90268
8179326	6.730892
8179331	7.141517
8179351	9.59128
8179364	6.960546
8179391	6.650054
8179399	6.019064
8179440	6.721659
8179451	5.599264
8179472	7.26747
8179481	7.851991
8179489	8.087494
8179495	6.399443
8179504	9.400335
8179519	7.14957
8179525	7.519426
8179534	6.260206
8179544	9.094643
8179555	7.80561
8179559	5.704578
8179564	5.856099
8179575	5.973143
8179587	4.18027
8179589	3.537255
8179591	4.242641
8179593	3.655274
8179595	6.570302
8179617	7.815011
8179628	4.711427
8179638	7.417634
8179648	6.957158
8179664	8.099328
8179683	6.202698
8179688	6.919795
8179704	10.2571
8179709	7.283088
8179713	6.675795
8179716	6.718601
8179719	6.282736
8179727	4.885342
8179731	11.889
8179750	8.409623
8179762	5.789328
8179768	8.569722
8179773	6.255233
8179782	8.691001
8179808	7.464995
8179810	6.714018
8179814	6.246339
8179819	7.006251
8179827	8.107263
8179839	5.73247
8179848	5.660082
8179851	9.462639
8179861	10.29794
8179884	6.846896
8179913	7.455191
8179926	5.631316
8179935	6.20756
8179950	6.721325
8179958	6.922075
8179967	6.997355
8179987	7.601013
8179996	6.273769
8180003	7.438732
8180022	6.856397
8180029	7.961578
8180034	7.321219
8180049	7.292699
8180061	8.398367
8180076	4.756186
8180078	6.400626
8180086	6.686825
8180093	6.318969
8180100	7.334916
8180105	6.650835
8180111	7.252096
8180123	7.660314
8180144	8.300781
8180166	9.777821
8180179	6.343873
7899375	2.789697
7899600	5.366932
7899795	7.04205
7900197	7.312884
7900508	6.038458
7901338	3.150724
7901416	4.097162
7901495	3.043177
7902223	5.612473
7902493	6.93757
7902685	2.922344
7904691	2.250521
7904867	2.202072
7904946	2.202072
7905039	2.109145
7905127	7.804348
7905129	3.353588
7906233	2.303645
7907747	3.807564
7907788	6.303801
7909125	2.813535
7909283	5.930895
7910140	3.796145
7910583	2.366598
7910676	6.243651
7910692	2.718456
7910946	2.620276
7911566	4.910561
7912207	4.473889
7912209	4.495401
7914139	3.468831
7914350	6.360356
7914665	5.671799
7914807	2.723593
7914921	4.37819
7916075	2.717523
7916627	4.649367
7916783	2.494519
7918153	9.022851
7919153	3.092841
7919403	3.092841
7919574	2.553059
7919747	7.74347
7919778	4.09072
7919969	4.937905
7920025	5.594816
7920256	5.214945
7921220	4.396349
7922992	3.660335
7923005	4.604149
7924205	2.865479
7925126	3.564448
7925318	4.606582
7925440	4.737497
7925509	6.494799
7926366	2.950981
7926443	3.272004
7926484	2.994641
7926898	2.634114
7926979	5.504508
7927548	4.062316
7927852	4.656809
7928328	2.662998
7928815	4.1998
7929956	2.190267
7930274	3.485408
7931027	4.05539
7932614	3.637002
7932883	6.61727
7933088	2.405935
7933178	7.686544
7933840	3.209483
7933945	8.852888
7933976	8.011246
7934566	6.832823
7935859	3.191671
7936282	2.582978
7936318	2.855542
7936966	5.618519
7938588	3.360042
7939640	3.685794
7941170	2.385847
7942061	5.357819
7942542	4.007991
7942611	6.772954
7942983	3.354223
7943191	2.357923
7943550	2.506957
7943734	2.859831
7943777	3.385936
7944162	3.940222
7945031	2.577171
7946659	6.367627
7947915	6.964079
7947932	2.96336
7948033	3.94162
7948139	1.890916
7948397	8.52364
7948416	3.624507
7950030	4.064032
7951349	4.335546
7951435	2.563789
7951668	5.005962
7952396	3.71384
7952599	3.299346
7953685	2.408885
7953934	4.371446
7954434	9.678213
7955074	2.190969
7955421	2.774494
7956892	4.425277
7957041	4.018682
7957497	2.669548
7957568	6.846321
7957954	2.769727
7959823	2.520331
7959825	2.673732
7960359	6.286966
7960846	2.604788
7962181	2.520042
7964596	4.183574
7964598	3.629276
7964685	2.449111
7964720	2.095743
7964870	4.415393
7965224	2.366624
7965650	5.630609
7965836	2.889635
7965838	4.520538
7965842	7.020899
7965871	5.456584
7966299	8.522637
7966425	6.946695
7966684	3.564268
7967698	4.214114
7967967	3.383108
7968252	6.4441
7968911	5.7473
7968913	6.520086
7969768	5.17531
7970426	6.448994
7970674	6.148085
7970945	3.324989
7971124	3.853611
7971511	6.472426
7971640	3.732132
7971899	4.782955
7971903	2.224422
7972414	4.123869
7972748	6.354753
7973748	4.198538
7973865	6.409876
7974335	4.129907
7975404	3.300971
7976576	3.866548
7978909	6.993325
7979131	2.306928
7979689	3.686272
7980065	2.990416
7981486	2.703327
7981779	2.920241
7982751	3.036038
7982935	7.212942
7983252	5.320351
7983270	2.926878
7983525	3.577927
7984622	2.310609
7985308	2.860237
7985930	7.141366
7986325	2.405619
7986346	5.176762
7986635	3.120211
7988603	6.453886
7990806	2.299044
7992067	6.416836
7992131	6.151762
7992136	7.055346
7992458	7.485612
7992742	4.095701
7992841	6.665931
7995523	3.247676
7996391	4.563296
7997372	4.234978
7997700	7.639652
7998823	6.587184
7998841	6.587184
7999171	4.501871
7999382	9.61922
8000700	3.55442
8001183	2.338778
8001231	4.594921
8001392	2.535079
8002247	2.530115
8003226	5.223905
8003599	3.55442
8003889	8.716461
8004219	3.051442
8005433	6.863441
8006028	2.926607
8006319	7.669263
8006592	5.422331
8006679	6.055278
8007139	2.505972
8007605	1.880017
8008704	4.809497
8008967	6.950628
8012841	3.324296
8013507	7.552378
8013985	6.379512
8014863	5.157609
8015014	2.437254
8015796	3.909713
8016016	7.904694
8016733	6.999315
8018814	4.298837
8018902	5.185782
8020804	2.338509
8020971	3.814508
8021438	6.719575
8021961	2.701998
8022174	5.216559
8022424	5.362243
8022801	2.873275
8023547	2.360531
8023644	2.437618
8023755	2.096956
8027266	4.626122
8027429	3.542295
8027437	5.747303
8028002	6.479054
8029278	6.181243
8029375	5.764187
8029937	6.098723
8030197	5.823146
8030826	4.762938
8031615	2.6258
8035234	6.005455
8035787	2.331511
8035859	7.202096
8036557	4.138235
8038137	3.957568
8039945	4.910561
8040336	3.478148
8040465	6.015487
8040486	6.887841
8040616	2.98174
8041636	3.168531
8042221	6.115233
8042694	2.386681
8043022	5.212841
8043024	2.923264
8044698	2.975913
8045497	3.232798
8046644	7.611653
8047036	3.173113
8047185	5.547272
8047782	3.578183
8048108	6.811572
8049073	9.237473
8049235	3.913609
8050111	2.711859
8051234	2.466227
8052016	6.519329
8052303	2.267664
8052592	3.566062
8053447	6.400159
8053646	2.576691
8054939	4.688619
8055309	7.023805
8055482	3.238017
8055666	2.594603
8055670	2.553813
8055967	6.783792
8056043	2.68508
8057032	2.594448
8057561	2.624563
8058969	5.051014
8059275	4.894734
8059714	3.151139
8060609	7.558957
8060837	6.623313
8060986	2.798934
8061068	5.215567
8061539	4.927997
8061881	6.885929
8062204	6.190127
8062685	5.308957
8063185	4.438526
8065016	9.079804
8065196	8.704387
8065198	2.255052
8065903	5.438791
8066264	3.220857
8066292	5.113522
8066459	6.588961
8066528	2.995624
8067862	5.362243
8068018	2.597921
8068549	5.345884
8068733	2.626011
8069206	3.553101
8070871	4.650688
8070930	5.619857
8075057	5.607668
8075162	2.296015
8075308	2.452188
8075776	4.486526
8078153	4.515597
8078185	4.461491
8078384	2.472848
8078448	4.299967
8078603	5.18125
8078958	4.811649
8079058	5.605599
8079151	2.512029
8079368	5.240043
8079588	2.400828
8080909	6.183669
8080985	3.287709
8081034	2.379659
8082795	2.407896
8083061	3.689098
8083322	4.028481
8083590	2.637527
8083790	2.703918
8084810	6.612696
8084836	3.426997
8085060	4.037587
8085358	8.974378
8086515	2.630774
8086878	4.802434
8087545	6.176314
8088476	1.927691
8088915	4.012171
8089928	6.525322
8090446	2.622656
8091118	4.272615
8091186	2.273263
8091554	10.0178
8093035	6.216679
8093037	3.636696
8094391	3.965346
8094899	2.518335
8095260	6.364783
8095758	2.628227
8096413	2.759503
8096531	2.165879
8097285	2.886011
8097476	5.608435
8097645	3.688313
8097934	2.527084
8097936	7.151475
8098161	2.386737
8098463	2.538214
8099756	2.53718
8100123	3.211514
8100290	4.054452
8100426	7.43835
8100456	5.622094
8100521	5.970898
8100599	4.275465
8101063	2.652719
8102592	3.973116
8103538	2.775355
8103849	2.351714
8104070	5.089596
8104447	5.186769
8104650	2.396838
8104661	3.385818
8104928	3.593212
8105061	3.957723
8105179	4.850049
8105300	7.513911
8105321	5.768353
8106720	5.00918
8107131	3.919378
8107472	3.895319
8107644	7.502295
8108433	3.157029
8108979	3.343881
8109424	6.594421
8109661	2.713164
8110585	7.368071
8111666	5.185072
8111885	4.014453
8112018	2.854047
8112609	4.515283
8112738	5.929891
8112855	1.99577
8113639	3.595622
8113701	6.200183
8113707	2.525253
8114285	4.545325
8114579	2.273873
8114898	5.502787
8115344	4.512036
8115366	1.880017
8115541	3.139337
8115873	5.657039
8117170	3.126949
8117710	8.693929
8119076	4.557105
8120979	2.81266
8121085	7.862656
8121269	3.933882
8121483	2.342971
8122194	8.525023
8122816	3.981015
8122875	4.192983
8123101	6.175788
8123332	5.343859
8123712	3.300428
8124482	6.755398
8125443	3.001659
8125445	2.931859
8125857	6.519637
8126358	3.680557
8126627	3.017962
8127995	2.227225
8128075	5.289692
8128077	2.368284
8128327	6.77614
8129315	2.344294
8131867	3.609122
8132243	3.497087
8132501	7.565943
8132847	3.697901
8133845	3.475653
8134316	2.964401
8134431	9.147914
8136612	3.980971
8137040	2.972535
8137435	3.590486
8138007	9.815395
8139017	2.493402
8140168	3.470178
8140965	8.641525
8142017	6.188293
8142876	3.358531
8144947	4.230522
8145797	5.624967
8146326	3.075429
8146480	5.852538
8146754	2.792503
8147047	2.942009
8148194	5.075191
8148461	3.705631
8149069	5.684849
8149256	7.421262
8150087	9.283086
8150151	2.677486
8151030	4.495366
8151213	2.554081
8151279	3.357468
8151308	3.909682
8151434	2.687277
8151492	3.625201
8151989	3.500133
8152094	2.662067
8152367	2.47408
8152626	3.428979
8152701	6.030445
8152819	5.230088
8153320	7.436578
8154361	2.147441
8154365	5.225373
8154572	3.427773
8155212	3.309019
8156110	3.842992
8156579	2.663975
8156844	2.892177
8157485	2.457139
8157522	4.429232
8157605	4.251385
8157841	2.919499
8157888	2.798934
8158511	3.963419
8158664	3.050266
8158910	5.555604
8159848	3.918121
8159957	3.697122
8160084	2.299816
8160470	4.777089
8160784	3.150756
8161421	7.776822
8161644	4.045303
8162177	5.080578
8164006	3.808021
8166583	3.523544
8166609	2.149719
8167161	5.27607
8168672	2.399573
8169636	3.801402
8171531	5.302761
8171881	2.418293
8172086	7.840086
8172156	6.924852
8173164	3.773947
8173549	3.958343
8173627	2.74385
8174644	4.308158
8176415	2.622892
8176566	7.074804
8176779	4.880841
8177068	2.795104
7892796	13.76446
7892925	11.14798
7893130	11.71906
7893306	9.991348
7893613	10.23702
7893939	10.34196
7894584	8.930073
7894611	10.91127
7894970	14.00814
7895139	9.765558
7895220	11.19408
7896160	10.70811
7896366	12.54455
7896687	5.717106
7896688	4.89355
7896689	7.480314
7896690	8.281536
7896691	6.050358
7896692	7.411915
7896693	5.423779
7896694	5.629054
7896695	7.540442
7896696	8.720301
7896697	4.856743
7896698	9.748511
7896699	5.748214
7896700	4.072907
7896701	4.986143
7896702	5.352483
7896703	4.512549
7896704	8.697655
7896705	7.860713
7896706	5.041128
7896707	7.935436
7896708	4.412034
7896709	5.4079
7896710	4.534069
7896711	5.475999
7896712	6.39571
7896713	8.836826
7896714	4.470755
7896715	4.296162
7896716	10.09002
7896717	6.651978
7896718	3.927432
7896719	5.220041
7896720	5.079009
7896721	2.02338
7896722	5.016542
7896723	7.86563
7896724	1.996707
7896725	5.805087
7896726	5.384339
7896727	3.959168
7896728	5.241121
7896729	2.103741
7896730	4.026764
7892601	6.629397
7892698	2.103573
7892756	2.170336
7892815	2.770046
7892916	8.504897
7892943	2.193434
7892971	2.19397
7893026	8.121243
7893348	9.896723
7893368	2.089417
7893409	6.814674
7893426	2.76404
7893625	2.202188
7893643	3.116409
7893687	2.281559
7893988	2.125249
7894132	9.396134
7894198	2.090136
7894480	9.492883
7894592	9.544994
7894750	2.345178
7894862	8.857414
7894881	8.046194
7894892	6.130676
7894998	5.07014
7895078	3.847089
7895402	3.113284
7895613	2.006062
7895644	7.435443
7895667	2.51948
7895703	4.393571
7895732	9.580002
7895892	2.114979
7895923	9.490606
7895949	2.496978
7895968	3.759472
7895973	8.500708
7896216	2.206481
7896237	5.162671
7896388	9.176867
7896419	4.54386
7896573	6.272112
7896637	8.873405
7896658	2.321779
7896667	7.53284
7892501	2.334878
7892509	10.50745
7892514	6.955514
7892516	3.868124
7892521	7.665747
7892530	5.111231
7892536	6.943213
7892541	6.8857
7892542	6.421868
7892548	6.891714
7892549	7.971957
7892555	3.842121
7892556	10.31531
7892559	7.574696
7892561	9.357973
7892562	5.992141
7892564	9.822461
7892565	6.4484
7892568	9.058397
7892569	9.113676
7892574	8.65714
7892576	6.825783
7892578	4.117636
7892579	7.318513
7892596	4.364747
7892598	7.754522
7892599	7.649485
7892605	6.735453
7892609	2.968333
7892610	3.713026
7892618	4.814686
7892620	9.597237
7892621	11.12169
7892622	6.357734
7892623	7.236619
7892625	7.603662
7892627	8.263196
7892628	8.375904
7892630	8.231271
7892635	9.126064
7892639	2.742448
7892640	9.917576
7892643	7.627974
7892644	7.704727
7892648	8.095388
7892650	9.820848
7892652	10.81041
7892661	9.861366
7892662	8.057554
7892663	9.898475
7892668	8.087754
7892670	8.257498
7892674	6.328486
7892678	5.647711
7892679	4.603028
7892680	7.137014
7892682	2.512897
7892684	8.718626
7892687	5.767692
7892688	5.376226
7892694	6.913787
7892697	6.444322
7892699	3.828095
7892701	9.006386
7892703	8.66168
7892704	10.84678
7892717	4.906515
7892720	6.058765
7892732	4.028481
7892742	6.818904
7892745	8.725874
7892747	6.842181
7892757	7.673568
7892762	11.49706
7892764	6.620235
7892766	10.69644
7892770	8.825133
7892771	7.660567
7892773	8.072914
7892776	7.306937
7892778	6.658492
7892786	6.380239
7892788	10.16125
7892791	10.38052
7892797	8.9823
7892802	6.4661
7892803	10.12167
7892808	8.363829
7892814	7.126078
7892817	12.29497
7892820	8.564888
7892825	1.793427
7892829	10.90504
7892830	10.23526
7892831	7.854496
7892832	3.63783
7892835	8.159167
7892836	10.89421
7892837	8.77186
7892838	8.287538
7892841	9.115304
7892846	10.72472
7892847	4.384604
7892848	8.600506
7892853	9.23632
7892857	9.975067
7892861	9.289157
7892868	11.02742
7892870	6.105187
7892876	3.150272
7892880	9.017619
7892882	8.164414
7892884	7.819554
7892890	8.045403
7892893	7.630631
7892894	7.723633
7892896	11.1947
7892898	7.84661
7892900	9.584312
7892901	9.072822
7892902	12.18106
7892905	1.749984
7892906	11.33538
7892907	9.552238
7892911	7.133645
7892912	5.573202
7892919	6.954004
7892935	9.798267
7892939	7.632339
7892941	8.739084
7892944	7.298686
7892947	8.972155
7892951	7.082738
7892953	6.31634
7892954	8.532903
7892959	5.721144
7892966	9.476242
7892967	7.5301
7892968	8.36141
7892972	7.656184
7892977	9.237599
7892979	7.979841
7892981	8.237705
7892983	10.01781
7892986	8.860228
7892995	2.403662
7893001	5.466877
7893002	7.911174
7893005	4.536315
7893012	8.676674
7893015	12.39736
7893019	5.537614
7893023	7.306026
7893025	6.405593
7893027	5.409316
7893029	12.91723
7893030	7.105083
7893031	8.607972
7893032	5.113194
7893036	8.333732
7893039	10.74779
7893050	7.95763
7893058	7.755237
7893061	8.029674
7893064	7.756252
7893070	7.78604
7893073	7.369582
7893074	7.257249
7893079	7.227796
7893081	10.86004
7893086	7.747536
7893087	10.24477
7893090	10.38767
7893091	7.483683
7893094	10.20114
7893097	6.144357
7893103	10.07894
7893113	7.448708
7893118	6.819343
7893122	7.264913
7893125	6.397676
7893128	4.962805
7893131	11.23401
7893133	10.56294
7893138	11.92521
7893139	12.24593
7893153	6.992195
7893160	8.797435
7893164	6.763928
7893166	5.238503
7893170	3.952473
7893173	11.22862
7893181	9.182989
7893184	6.269021
7893187	8.342338
7893191	9.353971
7893194	8.302073
7893196	9.256675
7893201	7.742266
7893205	11.4029
7893206	3.788683
7893208	6.878376
7893217	8.477996
7893218	11.19279
7893229	4.192072
7893232	5.885129
7893235	7.559782
7893238	9.706487
7893240	7.965247
7893244	10.63185
7893248	6.070211
7893249	6.638622
7893250	4.100617
7893257	8.184863
7893258	6.677007
7893259	8.317708
7893261	8.23737
7893262	7.416454
7893264	11.42274
7893266	9.144977
7893268	5.053784
7893270	9.766325
7893271	9.871503
7893272	8.966969
7893273	6.407152
7893277	7.130543
7893291	3.809426
7893297	8.112026
7893298	7.029586
7893305	3.448715
7893309	5.306404
7893313	5.421614
7893316	11.50594
7893325	5.878672
7893333	4.82373
7893339	5.998071
7893340	5.936835
7893344	8.579823
7893345	9.770802
7893346	6.238844
7893349	7.982935
7893350	5.603072
7893354	8.253539
7893356	9.703913
7893357	10.31636
7893359	3.68793
7893362	6.535018
7893363	3.136042
7893364	7.183431
7893371	10.28554
7893374	9.701546
7893382	8.699212
7893384	7.012212
7893385	7.794033
7893386	10.93567
7893390	8.514663
7893392	4.402082
7893393	13.6769
7893394	9.318924
7893395	9.991766
7893399	8.995941
7893407	9.305752
7893413	10.18088
7893419	8.869102
7893420	6.27785
7893422	11.70748
7893424	10.78118
7893439	9.956919
7893441	5.651613
7893443	7.497193
7893447	9.610444
7893449	8.793198
7893453	7.250529
7893454	11.03674
7893455	2.593064
7893458	6.718404
7893460	10.38389
7893461	6.717989
7893463	5.770854
7893466	11.81131
7893467	9.55858
7893476	8.887495
7893477	6.193081
7893481	6.818521
7893485	7.619035
7893486	11.48282
7893494	6.487986
7893497	5.202514
7893500	6.449167
7893504	8.315646
7893506	3.554139
7893516	10.35339
7893517	7.848358
7893518	9.318299
7893528	6.535018
7893530	10.71032
7893534	5.812352
7893539	9.884623
7893543	12.09786
7893544	7.755964
7893547	12.05103
7893549	4.606621
7893550	10.68375
7893551	7.108169
7893552	4.581872
7893554	8.448435
7893558	8.596037
7893559	10.31161
7893561	9.467351
7893564	11.80189
7893568	5.422339
7893571	8.780552
7893572	5.68221
7893573	7.981677
7893574	8.960078
7893582	12.54022
7893587	4.862005
7893591	8.2208
7893592	11.44093
7893593	4.138135
7893594	5.823685
7893602	10.64538
7893603	9.702353
7893608	7.084589
7893609	9.374508
7893619	7.765709
7893628	6.765752
7893630	5.109217
7893632	9.963291
7893639	8.318851
7893640	7.347379
7893641	8.699131
7893642	8.559723
7893647	10.77631
7893649	9.466468
7893650	11.52906
7893657	4.146542
7893662	11.05307
7893664	6.736015
7893676	8.542358
7893681	1.456415
7893682	6.618992
7893684	7.090016
7893685	9.64584
7893690	8.126786
7893700	7.271062
7893709	8.376655
7893711	11.59601
7893714	9.128628
7893715	6.629005
7893717	5.435013
7893721	4.60321
7893727	11.36123
7893729	7.058263
7893732	9.15772
7893733	8.706629
7893734	8.855444
7893738	4.998896
7893740	9.321658
7893745	6.92134
7893747	8.26197
7893752	7.750197
7893759	11.58366
7893762	13.0062
7893763	9.844958
7893769	7.806641
7893773	9.015777
7893774	11.14145
7893777	6.354266
7893778	8.252363
7893779	7.642834
7893782	4.206278
7893785	9.219357
7893787	3.062528
7893788	8.631897
7893792	7.342145
7893793	6.38921
7893796	7.074195
7893798	4.495092
7893806	4.354507
7893808	11.47531
7893814	2.968333
7893815	10.75183
7893816	8.384956
7893821	6.322806
7893822	3.686708
7893827	6.914526
7893834	6.758685
7893840	7.308836
7893850	8.698424
7893853	8.617636
7893855	8.693571
7893856	6.777761
7893870	7.196628
7893880	9.15966
7893883	8.398334
7893886	7.100288
7893888	7.886956
7893892	6.53508
7893904	9.93132
7893905	8.319927
7893908	2.672431
7893910	6.52943
7893913	6.984979
7893918	3.241985
7893919	9.055856
7893921	5.564819
7893922	9.280707
7893923	10.85408
7893926	11.89517
7893928	8.782676
7893933	6.714256
7893941	8.122498
7893946	8.218743
7893948	6.058634
7893952	6.367643
7893956	10.63526
7893961	8.286293
7893963	2.157164
7893966	9.432747
7893968	7.254297
7893973	9.078528
7893979	7.681911
7893981	8.10815
7893991	6.082559
7894010	3.924469
7894011	7.161153
7894012	11.89421
7894019	9.025452
7894029	11.49883
7894033	9.578536
7894041	7.311549
7894042	8.735187
7894043	10.61184
7894044	11.3446
7894051	10.32816
7894055	7.819388
7894056	8.906026
7894057	10.70647
7894058	11.97845
7894061	7.237374
7894067	8.612807
7894068	9.385673
7894070	9.563115
7894072	8.567039
7894074	8.516185
7894076	7.551533
7894078	7.448779
7894083	10.4372
7894086	9.855951
7894088	9.459881
7894098	12.60583
7894100	8.318487
7894104	9.593963
7894107	10.30809
7894110	10.82037
7894114	11.94333
7894115	9.056149
7894118	8.587929
7894119	7.498276
7894125	8.927833
7894134	8.762009
7894136	9.408742
7894138	7.668599
7894146	8.276253
7894157	3.377069
7894158	8.067388
7894160	9.41631
7894161	9.376554
7894165	4.820303
7894171	8.880269
7894185	9.43426
7894186	8.528204
7894188	7.698503
7894195	9.438635
7894196	3.366146
7894199	3.473736
7894204	3.240693
7894205	7.775992
7894209	6.697698
7894211	6.677165
7894212	7.149699
7894214	9.913356
7894226	5.576497
7894238	2.087182
7894239	9.723661
7894251	7.474806
7894252	8.436657
7894258	9.624051
7894262	8.968572
7894263	9.664227
7894264	10.06324
7894267	6.530144
7894269	9.391063
7894272	6.824869
7894277	5.546588
7894282	10.98119
7894284	8.02686
7894289	7.243711
7894290	6.564395
7894291	8.000796
7894294	10.32129
7894295	7.245224
7894304	9.122419
7894306	7.584909
7894307	11.17854
7894315	5.697462
7894316	6.322225
7894321	6.45184
7894324	10.26499
7894329	3.240395
7894331	5.109723
7894336	7.898266
7894341	8.891678
7894350	3.546592
7894355	6.348063
7894363	7.789193
7894366	10.6111
7894372	10.56248
7894373	6.711757
7894374	9.101685
7894375	8.669538
7894376	6.753724
7894379	9.322363
7894380	8.458217
7894386	5.983018
7894389	9.096162
7894395	9.161877
7894402	9.60648
7894404	9.901298
7894411	10.60572
7894412	9.013296
7894413	9.599854
7894416	8.535309
7894419	5.788405
7894421	8.04061
7894427	5.618648
7894428	8.562664
7894429	8.964938
7894431	7.508482
7894433	8.848962
7894435	8.105623
7894436	8.634089
7894437	5.930309
7894438	5.834312
7894439	10.16541
7894449	7.98755
7894451	3.764294
7894459	6.694479
7894469	9.936118
7894470	7.764187
7894471	9.780671
7894474	8.761126
7894478	8.2393
7894479	7.515911
7894485	9.757927
7894489	7.742687
7894492	9.61914
7894496	7.886898
7894498	7.631365
7894501	7.99328
7894504	4.419424
7894512	10.27771
7894513	8.660557
7894515	7.18353
7894516	4.966515
7894518	6.061396
7894519	11.24443
7894520	10.03457
7894527	10.34525
7894529	7.773364
7894535	10.66646
7894536	9.81513
7894540	10.97358
7894542	11.65685
7894546	7.252038
7894548	8.414507
7894549	6.802878
7894551	12.25069
7894552	8.897922
7894555	6.051383
7894557	7.184234
7894558	6.229192
7894561	7.395388
7894562	6.93226
7894563	6.34903
7894570	3.905682
7894574	6.194004
7894579	7.714274
7894581	6.445839
7894583	7.2877
7894594	4.307222
7894596	10.9173
7894599	4.843431
7894604	7.476643
7894605	12.05541
7894617	8.770491
7894627	3.256294
7894634	8.271209
7894635	4.571793
7894637	6.799856
7894638	9.18538
7894639	9.808359
7894642	8.849348
7894648	6.294075
7894657	8.19202
7894661	10.88253
7894662	7.290925
7894665	6.415613
7894666	11.04963
7894672	11.21418
7894674	7.897633
7894675	8.720798
7894681	7.845649
7894682	9.290345
7894683	2.623819
7894685	9.527577
7894687	9.492587
7894698	7.453032
7894699	10.37158
7894700	6.409603
7894704	10.07301
7894708	8.841292
7894711	6.849757
7894712	7.606679
7894716	10.21879
7894722	6.011213
7894725	8.877636
7894732	7.726421
7894737	6.670729
7894740	10.08144
7894742	4.879682
7894744	9.153214
7894746	3.150658
7894757	8.902843
7894758	10.35106
7894761	10.00321
7894767	11.36533
7894769	9.136892
7894771	7.342533
7894774	8.859799
7894777	6.41237
7894782	7.855064
7894788	5.942478
7894790	8.067751
7894791	5.956342
7894796	9.443005
7894798	10.0405
7894801	6.534194
7894806	8.734149
7894808	10.17475
7894813	7.797449
7894824	9.875302
7894826	8.27347
7894827	7.859677
7894834	6.384925
7894837	6.388079
7894838	7.487407
7894844	5.902513
7894845	9.268821
7894846	8.858965
7894858	10.51215
7894860	8.696136
7894873	7.79522
7894877	5.287064
7894878	7.997221
7894884	8.003007
7894896	9.505845
7894903	8.323504
7894906	6.628742
7894908	8.492563
7894914	10.38604
7894916	6.328558
7894919	7.239966
7894926	8.271632
7894927	2.940524
7894944	4.788177
7894946	2.186773
7894951	7.957686
7894964	8.537268
7894968	5.822392
7894969	5.237653
7894971	8.356585
7894974	6.110886
7894977	6.767209
7894978	7.446695
7894980	6.77925
7894982	9.565964
7894984	8.36642
7894990	9.923424
7894999	10.65933
7895001	8.002944
7895003	8.309381
7895005	8.691362
7895008	4.018566
7895012	7.555224
7895014	5.603685
7895016	8.0442
7895017	10.94697
7895018	7.208446
7895019	5.719987
7895026	4.414226
7895031	5.719513
7895032	6.338391
7895033	10.46005
7895034	8.857204
7895036	8.782008
7895038	8.206778
7895039	9.011823
7895042	7.588813
7895045	7.900064
7895052	7.201352
7895054	8.316294
7895055	8.6978
7895056	8.706221
7895057	11.18197
7895062	7.827962
7895067	8.329431
7895068	8.906732
7895069	6.834826
7895072	10.18768
7895077	7.673099
7895081	8.141887
7895082	8.787312
7895084	9.803773
7895087	10.01944
7895088	9.452509
7895089	11.24965
7895090	8.288479
7895091	7.886522
7895096	6.453926
7895098	6.372394
7895101	9.05938
7895105	2.975712
7895110	11.49753
7895112	10.74081
7895119	7.822798
7895121	6.997923
7895122	10.23315
7895123	9.129709
7895133	8.476611
7895136	4.155191
7895137	10.95389
7895145	7.865134
7895147	8.797504
7895149	10.33998
7895153	7.26651
7895157	8.719637
7895160	9.145815
7895161	8.740303
7895162	5.970975
7895168	7.257347
7895170	8.390889
7895171	6.92655
7895176	2.455781
7895177	7.843272
7895180	6.822699
7895186	5.336898
7895187	6.369712
7895192	7.353534
7895203	6.11649
7895214	9.24447
7895215	9.319141
7895221	8.223171
7895225	7.468833
7895226	7.942366
7895227	8.962374
7895231	8.234763
7895237	6.000596
7895238	8.960089
7895241	7.737371
7895246	7.491242
7895247	6.480911
7895248	11.59403
7895252	4.570337
7895256	7.387174
7895258	4.698763
7895263	9.4716
7895264	7.789193
7895267	8.970345
7895271	8.627587
7895272	9.50342
7895273	9.398872
7895274	8.607349
7895275	9.009853
7895276	9.247794
7895277	9.282765
7895283	4.590121
7895288	5.757661
7895289	7.455547
7895290	6.077035
7895291	3.782932
7895294	2.634832
7895298	5.108746
7895299	10.36432
7895308	8.500433
7895312	7.867382
7895317	9.948468
7895318	5.643849
7895320	9.004878
7895322	6.451698
7895324	8.39834
7895325	7.916081
7895328	11.3755
7895330	10.63174
7895331	3.204028
7895334	7.114565
7895336	8.906808
7895340	7.660795
7895347	2.892677
7895355	5.582794
7895356	6.407262
7895357	5.015765
7895358	7.319932
7895360	9.454999
7895365	6.559603
7895373	9.986194
7895376	7.472452
7895379	8.806106
7895382	11.91636
7895393	9.528883
7895397	5.472864
7895404	6.477291
7895405	9.594357
7895411	6.381909
7895414	8.422573
7895417	5.727986
7895419	7.376734
7895422	7.186018
7895425	6.178279
7895427	9.757549
7895438	2.342202
7895439	5.516212
7895441	3.711324
7895444	9.071799
7895447	10.33539
7895468	2.440547
7895472	7.161466
7895475	9.931001
7895476	10.6123
7895478	8.110984
7895481	10.03023
7895484	9.814525
7895490	7.014155
7895492	8.392455
7895499	5.174571
7895509	4.104979
7895510	11.83315
7895515	8.383135
7895517	9.087869
7895518	9.507184
7895520	11.1978
7895521	9.688882
7895525	7.749745
7895532	6.307224
7895538	5.651466
7895539	10.00893
7895542	8.647629
7895544	5.299975
7895545	12.31889
7895547	8.670021
7895548	3.470178
7895551	11.09059
7895554	10.8915
7895557	11.10264
7895559	9.096107
7895574	7.841196
7895578	7.544794
7895579	10.83877
7895585	8.029471
7895588	9.613579
7895590	6.448892
7895596	8.911265
7895597	7.200251
7895599	8.508063
7895602	11.09109
7895604	7.799595
7895606	9.566947
7895610	8.535778
7895614	6.123047
7895616	7.867381
7895619	8.287381
7895620	7.112031
7895622	7.153661
7895626	9.828342
7895629	9.223278
7895630	5.65524
7895632	6.419249
7895640	4.14631
7895643	8.193972
7895647	4.468005
7895656	6.459717
7895657	10.57748
7895658	6.399613
7895661	8.537457
7895665	8.227709
7895674	9.393764
7895676	8.059324
7895677	5.739771
7895681	6.735924
7895685	8.046803
7895687	10.1194
7895690	9.554964
7895691	6.061396
7895693	8.977196
7895694	9.168248
7895697	8.572291
7895704	11.74049
7895710	8.415328
7895719	8.4123
7895721	5.811591
7895726	6.391958
7895729	5.872221
7895737	7.710802
7895739	6.565351
7895752	6.519691
7895758	8.397169
7895759	6.857265
7895761	6.192104
7895762	10.18964
7895767	7.195272
7895770	6.655555
7895774	5.492949
7895778	10.35572
7895780	9.316974
7895787	5.80611
7895790	8.240421
7895791	6.836748
7895806	6.730405
7895808	8.105069
7895810	5.083744
7895816	8.946874
7895817	6.28794
7895818	7.79603
7895824	11.51569
7895831	6.209761
7895832	8.900784
7895841	9.687791
7895842	9.414246
7895846	8.132035
7895847	6.610303
7895853	6.039948
7895855	6.999879
7895857	5.078985
7895861	2.205212
7895866	10.07236
7895869	8.683532
7895873	10.25163
7895878	8.187003
7895879	8.114769
7895881	10.98157
7895885	8.463979
7895886	11.63294
7895890	6.13941
7895900	5.767797
7895901	5.896103
7895903	7.915723
7895904	7.200211
7895907	2.148171
7895908	6.904746
7895911	7.663302
7895913	6.895669
7895916	7.638737
7895918	7.676666
7895919	7.699075
7895928	11.34434
7895929	8.587326
7895932	8.720292
7895933	3.764294
7895934	8.530696
7895937	8.782129
7895939	7.809011
7895943	8.041138
7895944	9.561861
7895945	7.199573
7895947	4.926557
7895948	7.575864
7895952	7.909384
7895953	10.66254
7895954	6.802949
7895963	9.190391
7895964	8.729476
7895971	6.936119
7895972	9.067426
7895981	4.175489
7895982	9.078136
7895985	8.589522
7895994	10.79041
7895995	6.424788
7895996	7.727611
7895997	7.81327
7895999	7.070072
7896001	4.680164
7896005	7.764385
7896007	10.27312
7896013	4.562455
7896022	11.14625
7896025	7.760383
7896026	6.49435
7896029	10.31012
7896030	9.073311
7896036	9.564583
7896038	9.433918
7896039	6.900504
7896041	7.431471
7896044	8.437174
7896047	8.361362
7896050	10.05392
7896054	7.333998
7896059	7.402037
7896064	6.121476
7896067	11.53049
7896069	7.810332
7896070	8.294305
7896076	7.579113
7896082	9.820111
7896084	10.75062
7896085	7.993524
7896089	7.078556
7896091	8.454543
7896094	5.055039
7896095	4.910918
7896101	6.411565
7896108	6.433533
7896111	10.01288
7896112	7.628948
7896120	5.213869
7896123	8.451441
7896128	8.033916
7896130	7.2244
7896133	5.695997
7896136	9.877114
7896137	5.319866
7896138	7.74986
7896139	6.914465
7896140	7.455191
7896142	9.648326
7896148	8.570369
7896156	7.368819
7896157	8.93072
7896158	8.843037
7896159	10.35264
7896162	8.821718
7896167	7.60553
7896168	10.67135
7896169	9.80793
7896170	10.14672
7896174	7.843644
7896175	7.335611
7896178	9.668793
7896184	9.965787
7896185	9.013012
7896186	8.325859
7896188	9.144921
7896191	9.188901
7896200	7.706776
7896201	9.336227
7896205	6.279887
7896210	7.934938
7896221	7.643136
7896222	6.181939
7896227	10.54574
7896228	6.744343
7896230	7.486821
7896231	7.963729
7896232	2.564117
7896240	8.882585
7896241	4.65613
7896247	9.749193
7896249	9.123007
7896250	9.338062
7896253	10.07756
7896258	10.09787
7896269	5.334473
7896277	5.301382
7896278	7.32546
7896283	5.079009
7896287	6.272372
7896292	11.78846
7896302	7.296355
7896308	8.447772
7896310	8.152186
7896319	8.589375
7896321	8.591721
7896324	6.576031
7896325	9.415229
7896329	7.026455
7896331	6.654168
7896337	6.583674
7896339	7.977715
7896343	5.60574
7896345	10.52995
7896349	10.6389
7896352	12.71196
7896356	7.567038
7896358	9.903952
7896360	10.85644
7896362	8.144819
7896365	4.280266
7896367	8.732234
7896369	7.495599
7896370	9.264069
7896371	10.60396
7896372	4.639147
7896374	2.057461
7896375	10.07814
7896378	5.707448
7896383	3.46752
7896384	7.821296
7896385	10.65485
7896387	13.76789
7896391	7.038105
7896394	4.6453
7896395	7.071567
7896397	11.47549
7896398	5.522473
7896421	9.162578
7896422	7.66777
7896425	9.274128
7896426	4.567495
7896427	8.674066
7896430	7.280948
7896431	3.331656
7896432	8.72692
7896434	9.081067
7896438	10.49298
7896439	7.901317
7896443	8.567657
7896446	3.855956
7896456	6.367595
7896458	8.204806
7896460	5.010861
7896464	8.249237
7896466	8.661594
7896468	6.856152
7896472	8.77211
7896474	6.887376
7896476	7.884056
7896482	7.68897
7896483	9.123063
7896484	6.907833
7896485	9.281445
7896490	6.38999
7896491	9.694741
7896493	8.071936
7896498	8.402893
7896499	2.376768
7896508	7.457228
7896511	9.634397
7896512	7.305397
7896520	8.293685
7896521	3.945484
7896522	7.684322
7896525	5.240121
7896528	11.20867
7896529	8.908901
7896530	1.880018
7896531	8.40977
7896533	10.21974
7896534	8.086682
7896542	9.770594
7896544	8.629764
7896546	6.368115
7896547	7.500062
7896553	4.488132
7896554	8.274721
7896558	5.597358
7896561	6.604735
7896582	6.848818
7896586	10.19771
7896594	8.783285
7896596	6.014559
7896599	8.853975
7896600	6.753651
7896602	9.384737
7896605	8.610596
7896608	9.204912
7896616	8.383105
7896621	8.445465
7896622	10.83907
7896623	7.171041
7896627	5.464407
7896646	3.676468
7896647	7.277428
7896651	7.579941
7896652	9.208686
7896653	10.03806
7896657	11.38938
7896659	6.538879
7896664	8.096899
7896673	5.529373
7896677	7.422869
7896683	9.000633
7896684	9.498175
7896685	7.657518
7892502	4.365664
7892503	2.690122
7892504	10.74282
7892505	3.093757
7892506	3.988852
7892507	4.065581
7892508	3.401968
7892510	4.654332
7892511	2.273008
7892512	9.63476
7892513	3.546487
7892515	10.07351
7892517	6.765424
7892518	2.353247
7892519	5.730838
7892520	10.32317
7892522	6.473509
7892524	6.377451
7892525	6.262227
7892526	4.644413
7892527	7.046535
7892528	2.657838
7892529	4.968198
7892531	8.992089
7892532	5.519235
7892533	9.477869
7892534	4.946467
7892535	8.261346
7892537	5.157057
7892538	5.891944
7892539	2.405931
7892540	5.842157
7892543	6.372723
7892544	5.530473
7892545	6.664242
7892547	5.213993
7892550	7.46178
7892551	11.16876
7892552	3.940483
7892553	4.046929
7892554	4.477219
7892557	3.414415
7892558	5.202375
7892560	6.155317
7892563	6.917019
7892566	3.304455
7892567	6.038188
7892570	5.390369
7892571	2.410923
7892572	6.871041
7892573	8.036771
7892575	4.529349
7892577	2.123513
7892580	4.12886
7892581	1.964616
7892582	3.486511
7892583	5.749076
7892584	7.377325
7892585	3.000813
7892586	2.859157
7892587	6.512136
7892588	2.519106
7892589	6.593784
7892590	3.280091
7892591	2.819175
7892592	5.18399
7892593	7.672612
7892594	1.954154
7892595	5.115068
7892597	5.721005
7892600	3.012187
7892602	2.087048
7892603	3.764294
7892604	5.926589
7892606	12.04032
7892608	8.569182
7892611	3.049819
7892612	3.060187
7892613	10.38134
7892614	3.729471
7892615	4.576079
7892616	2.882788
7892617	12.74123
7892619	4.192838
7892624	4.819212
7892626	4.920075
7892629	5.456876
7892631	2.398088
7892632	2.677711
7892633	7.430135
7892634	8.821202
7892636	9.227431
7892637	6.395388
7892638	2.254666
7892641	2.814956
7892642	10.55219
7892645	2.765204
7892646	1.83346
7892647	4.707054
7892649	5.050838
7892651	2.69141
7892653	2.62529
7892654	10.31545
7892655	4.976947
7892656	2.91215
7892657	2.730868
7892658	2.565803
7892659	3.008568
7892660	1.782379
7892664	6.484602
7892665	6.159949
7892666	2.570715
7892667	11.25193
7892669	7.636092
7892671	5.208951
7892672	5.494044
7892673	7.098764
7892675	2.756456
7892676	2.112155
7892677	10.97259
7892681	8.633858
7892683	4.837481
7892685	5.620132
7892686	8.40735
7892689	4.698763
7892690	4.201808
7892691	1.924641
7892692	7.461028
7892693	8.161317
7892695	7.098877
7892696	6.290702
7892700	4.839839
7892702	4.189847
7892705	5.549464
7892706	4.476591
7892707	9.151131
7892708	4.840796
7892709	4.432759
7892710	2.891355
7892711	7.732177
7892712	8.713833
7892713	10.13272
7892714	2.456842
7892715	3.862541
7892716	5.921456
7892718	3.484679
7892719	8.779499
7892721	9.691325
7892722	2.156682
7892723	2.424648
7892724	3.927391
7892725	3.231063
7892726	4.261109
7892727	3.970648
7892728	4.157307
7892729	2.105603
7892730	2.942839
7892731	3.930907
7892733	6.110356
7892734	6.044516
7892735	2.824856
7892736	5.788659
7892737	4.144643
7892738	6.698751
7892739	7.490413
7892740	3.303752
7892741	5.867808
7892743	2.112156
7892744	3.905682
7892746	3.101456
7892748	10.1124
7892749	4.85777
7892750	5.63761
7892751	8.400642
7892752	2.924821
7892753	13.2481
7892754	4.883202
7892755	3.617236
7892758	7.192594
7892759	7.756772
7892760	6.135692
7892761	7.499772
7892763	7.195058
7892765	10.48856
7892767	2.730868
7892768	4.187524
7892769	2.234383
7892772	4.30753
7892774	5.801584
7892775	3.138488
7892777	6.389721
7892779	2.257704
7892780	6.107705
7892781	7.39298
7892782	12.50522
7892783	9.873301
7892784	3.995101
7892785	2.08532
7892787	3.369766
7892789	2.674679
7892790	5.04982
7892792	6.084806
7892793	3.484446
7892794	7.375818
7892795	6.382691
7892798	4.445103
7892799	4.396656
7892800	2.824023
7892801	2.444925
7892804	3.836684
7892805	4.541553
7892806	5.29583
7892807	6.38289
7892809	4.012081
7892810	4.540353
7892811	1.83576
7892812	5.741211
7892813	2.987154
7892816	10.34681
7892818	2.947644
7892819	3.131305
7892821	2.909141
7892822	4.39553
7892823	6.965541
7892824	7.848543
7892826	4.512353
7892827	12.87214
7892828	2.441445
7892833	3.046701
7892834	3.08725
7892839	3.384911
7892840	4.374042
7892842	2.98179
7892843	3.632526
7892844	2.253813
7892845	7.695719
7892849	2.980223
7892850	7.741642
7892851	6.597492
7892852	6.110524
7892854	2.976708
7892855	4.572804
7892856	5.007792
7892858	3.001837
7892859	6.277305
7892860	7.40432
7892862	10.40955
7892863	9.559601
7892864	5.714905
7892865	10.35806
7892866	2.88131
7892867	3.578679
7892869	6.489625
7892871	7.761508
7892872	4.138248
7892873	4.460233
7892874	3.085582
7892875	6.91621
7892877	3.973693
7892878	4.72505
7892879	3.231392
7892881	3.525484
7892883	2.971351
7892885	4.180933
7892886	6.305501
7892887	4.335983
7892888	3.260053
7892889	12.41343
7892891	12.29784
7892892	3.997909
7892895	5.17785
7892897	6.535018
7892899	11.80705
7892903	8.154039
7892904	2.063336
7892908	4.412382
7892909	6.364642
7892910	5.079009
7892913	5.858414
7892914	4.205773
7892915	5.524273
7892917	3.184797
7892918	5.190711
7892920	7.910789
7892921	2.453854
7892922	4.333902
7892923	1.918115
7892924	11.46735
7892926	8.860513
7892927	2.713196
7892928	10.56504
7892929	3.923999
7892930	11.33072
7892931	7.122776
7892932	6.590876
7892933	3.714916
7892934	6.259168
7892936	4.71069
7892937	8.177033
7892938	7.033751
7892940	12.03111
7892942	4.823033
7892945	4.108398
7892946	7.037008
7892948	11.01631
7892949	3.166062
7892950	3.915993
7892952	6.443251
7892955	10.19697
7892956	11.67247
7892957	6.211339
7892958	3.537753
7892960	10.29891
7892961	5.872824
7892962	5.018395
7892963	4.48286
7892964	4.305216
7892965	3.207992
7892969	11.51077
7892970	6.871443
7892973	5.52845
7892974	6.458199
7892975	1.689762
7892976	2.323465
7892978	5.095669
7892980	2.913847
7892982	5.741024
7892984	6.310146
7892985	4.799038
7892987	11.84128
7892988	2.045819
7892989	6.283537
7892990	5.342043
7892991	9.073697
7892992	12.44147
7892993	10.3806
7892994	2.009003
7892996	7.71236
7892997	4.656475
7892998	5.23033
7892999	3.470178
7893000	5.96735
7893003	5.71039
7893004	4.399498
7893006	3.396922
7893007	6.851449
7893008	5.496814
7893009	5.934693
7893010	6.725721
7893011	6.244834
7893013	6.422082
7893014	4.536931
7893016	5.530272
7893017	6.762121
7893018	6.19782
7893021	5.928421
7893022	5.161015
7893024	5.37123
7893028	3.059504
7893033	8.771199
7893034	5.87115
7893035	6.115727
7893037	6.686244
7893038	3.304171
7893040	6.368967
7893041	2.69973
7893042	10.34934
7893043	6.509268
7893044	2.208824
7893045	3.93654
7893046	4.764651
7893047	6.609134
7893048	7.118942
7893049	4.028481
7893051	11.04511
7893052	5.084237
7893053	4.138556
7893055	3.839644
7893056	5.830662
7893057	2.195415
7893059	8.155244
7893060	3.436153
7893062	3.335717
7893063	4.715988
7893065	4.780252
7893066	2.747481
7893067	8.339056
7893068	6.984714
7893069	8.072408
7893071	5.050125
7893072	7.28307
7893075	9.658559
7893076	5.222082
7893077	13.32707
7893078	1.952034
7893080	3.415292
7893082	8.829545
7893083	3.72915
7893084	6.755538
7893085	10.39455
7893088	3.739076
7893089	6.714262
7893092	6.8257
7893093	4.45409
7893095	6.428526
7893096	10.85667
7893098	5.573033
7893099	2.414177
7893100	7.918859
7893101	13.3994
7893102	2.351282
7893104	6.60202
7893105	10.05808
7893106	8.506485
7893107	3.405364
7893108	3.131305
7893109	4.011723
7893110	4.176177
7893111	6.399562
7893112	4.019594
7893114	8.432857
7893115	3.763202
7893116	9.603071
7893117	3.812685
7893119	4.914071
7893120	6.11317
7893121	9.867419
7893123	8.083572
7893124	4.553745
7893126	5.200945
7893127	3.728506
7893129	4.401982
7893132	4.813853
7893134	4.959093
7893135	3.470178
7893136	3.670681
7893137	3.509487
7893140	12.63221
7893141	5.212858
7893142	5.142344
7893143	6.735656
7893144	5.302998
7893145	6.828153
7893146	4.710889
7893147	12.83567
7893148	9.485638
7893149	3.245987
7893150	3.480767
7893151	6.511074
7893152	11.5279
7893154	7.652969
7893155	5.383605
7893156	7.757527
7893157	3.173608
7893158	7.160267
7893159	5.203331
7893161	2.770802
7893162	4.251857
7893163	4.206379
7893165	6.495561
7893167	4.79788
7893168	5.43525
7893169	3.706022
7893171	7.160847
7893172	8.540071
7893174	1.99577
7893175	9.252795
7893176	3.974901
7893177	3.470178
7893178	4.017844
7893179	6.397525
7893180	6.639287
7893182	7.15975
7893183	4.833242
7893185	4.362588
7893186	3.435284
7893188	5.70692
7893189	13.28509
7893190	6.044532
7893192	4.652862
7893193	3.131305
7893195	3.481148
7893197	2.993063
7893198	3.600115
7893199	2.108044
7893200	2.092263
7893202	5.924479
7893203	2.241597
7893204	5.665143
7893207	7.959249
7893209	8.33818
7893210	7.59562
7893211	4.257711
7893212	3.423027
7893213	4.407354
7893214	5.117289
7893215	4.280831
7893216	3.051343
7893219	4.530688
7893220	9.699069
7893221	2.240429
7893222	3.204028
7893223	4.781873
7893224	3.705637
7893225	5.977933
7893226	3.76641
7893227	6.198584
7893228	5.715499
7893230	3.303752
7893231	12.1728
7893233	3.971536
7893234	7.909404
7893236	7.36556
7893237	9.911159
7893239	5.314282
7893241	6.925231
7893242	10.72387
7893243	3.149506
7893245	5.707248
7893246	5.381351
7893247	10.6668
7893251	3.560163
7893252	4.686412
7893253	5.871882
7893254	5.923066
7893255	5.095659
7893256	5.170559
7893260	6.288097
7893263	7.435093
7893265	2.569987
7893267	4.430744
7893269	6.397556
7893274	2.080915
7893275	2.897333
7893276	3.393344
7893278	5.715411
7893279	2.921573
7893280	2.234383
7893281	11.55102
7893282	2.483762
7893283	12.12006
7893284	2.079666
7893285	6.900745
7893286	3.579893
7893287	3.093131
7893288	8.005175
7893289	11.29374
7893290	3.879158
7893292	2.269313
7893293	2.092263
7893294	9.04048
7893295	2.759139
7893296	2.128341
7893299	5.87115
7893300	4.59492
7893301	2.220589
7893302	6.992891
7893303	4.309992
7893304	6.754184
7893307	3.705295
7893308	3.970335
7893310	3.830518
7893311	7.98364
7893312	1.736071
7893314	4.371204
7893315	4.404994
7893317	3.273241
7893318	2.969292
7893319	5.700862
7893320	4.415378
7893321	11.49724
7893322	2.493402
7893323	3.047907
7893324	4.354322
7893326	3.044984
7893327	2.983203
7893328	3.929167
7893329	7.533462
7893330	2.270468
7893331	3.86797
7893332	6.657043
7893334	9.454672
7893335	7.594073
7893336	11.36886
7893337	9.984459
7893338	8.579871
7893341	7.615944
7893342	3.637749
7893343	7.869587
7893347	2.504356
7893351	10.18129
7893352	5.819247
7893353	8.529176
7893355	6.614466
7893358	5.274559
7893360	6.537283
7893361	6.407651
7893365	3.497865
7893366	4.961084
7893367	6.410218
7893369	5.349182
7893370	5.23642
7893372	1.61149
7893373	7.714666
7893375	3.182176
7893376	3.384732
7893377	2.089242
7893378	2.784584
7893379	2.972088
7893380	6.718618
7893381	4.066349
7893383	5.574212
7893387	4.103218
7893388	4.259349
7893389	1.966447
7893391	9.600457
7893396	5.962442
7893397	3.426249
7893398	2.831849
7893400	4.920424
7893401	3.179984
7893402	9.437452
7893403	5.453702
7893404	6.295601
7893405	4.788857
7893406	3.470178
7893408	5.061256
7893410	7.705239
7893411	5.220951
7893412	2.718452
7893414	12.85909
7893415	3.259193
7893416	3.158252
7893417	1.496077
7893418	9.133534
7893421	5.562185
7893423	1.834537
7893425	2.418848
7893427	4.532384
7893428	8.633221
7893429	2.974017
7893430	2.290292
7893431	2.228372
7893432	7.52264
7893433	5.189122
7893434	3.257305
7893435	9.263403
7893436	6.454145
7893437	5.96907
7893438	7.701124
7893440	2.256426
7893442	4.422633
7893444	5.698236
7893445	5.643132
7893446	4.871726
7893448	10.05898
7893450	4.238854
7893451	5.686302
7893452	5.606881
7893456	3.93738
7893457	2.822594
7893459	4.331817
7893462	2.081725
7893464	5.86225
7893465	6.806221
7893468	6.624518
7893469	13.28952
7893470	4.400301
7893471	3.08159
7893472	5.607342
7893473	6.795482
7893474	4.691028
7893475	7.361418
7893478	6.703636
7893479	2.769611
7893480	8.409908
7893482	4.314037
7893483	7.173223
7893484	2.20916
7893487	2.283426
7893488	7.142264
7893489	2.82802
7893490	2.715317
7893491	10.07534
7893492	6.303479
7893493	3.888819
7893495	3.369944
7893496	3.850144
7893498	13.05052
7893499	2.033442
7893501	4.350569
7893502	2.199735
7893503	8.740068
7893505	2.167433
7893507	13.47829
7893508	1.911597
7893509	3.492434
7893510	4.378165
7893511	9.763154
7893512	3.100609
7893513	7.058573
7893514	4.336689
7893515	9.761097
7893519	3.809427
7893520	3.24907
7893521	1.968414
7893522	3.434736
7893523	6.023801
7893524	6.348247
7893525	6.499099
7893526	2.7228
7893527	5.3997
7893529	2.667159
7893531	7.235437
7893532	2.20916
7893533	7.128435
7893535	3.873155
7893536	12.13992
7893537	5.564522
7893538	4.866703
7893540	12.78327
7893541	3.191531
7893542	6.739895
7893545	10.1614
7893546	8.438854
7893548	4.305134
7893553	3.691081
7893555	6.190823
7893556	4.86296
7893557	8.948843
7893560	6.50825
7893562	5.716584
7893563	4.122295
7893565	3.583934
7893566	2.590579
7893567	5.785828
7893569	1.90398
7893570	7.015828
7893575	3.356263
7893576	3.131305
7893577	2.784814
7893578	3.456437
7893579	2.187217
7893580	4.014524
7893581	3.184096
7893583	8.206655
7893584	3.79147
7893585	8.167335
7893586	6.712883
7893588	5.441266
7893589	5.032421
7893590	5.389537
7893595	2.518331
7893596	4.310607
7893597	2.454123
7893598	8.889875
7893599	8.201525
7893600	6.77815
7893601	7.678431
7893604	5.16202
7893605	11.62612
7893606	5.44106
7893607	4.586165
7893610	5.697952
7893611	3.033312
7893612	3.121233
7893614	2.654414
7893615	6.760381
7893616	7.762496
7893617	6.56199
7893618	4.559745
7893620	4.680164
7893621	1.749984
7893622	3.609122
7893623	2.853921
7893624	3.645143
7893626	1.875573
7893627	7.694476
7893629	2.260899
7893631	7.061585
7893633	10.23627
7893634	11.75257
7893635	4.71981
7893636	2.031273
7893637	6.130442
7893638	3.727796
7893644	6.03589
7893645	4.752163
7893646	9.749769
7893648	3.068839
7893651	9.45084
7893652	6.088246
7893653	4.274273
7893654	6.874416
7893655	4.177033
7893656	3.875282
7893658	4.99201
7893659	2.968333
7893660	9.860989
7893661	10.23023
7893663	4.210249
7893665	5.725248
7893666	1.788321
7893667	3.82571
7893668	2.20916
7893669	5.712102
7893670	10.56811
7893671	2.863868
7893672	5.788405
7893673	5.788405
7893674	3.303752
7893675	9.742858
7893677	13.38511
7893678	3.749329
7893679	4.995774
7893683	5.273245
7893686	5.240298
7893688	4.059109
7893689	12.29657
7893691	2.225011
7893692	7.787704
7893693	3.929973
7893694	1.782379
7893695	7.101694
7893696	8.567979
7893697	3.930387
7893698	4.901997
7893699	5.063561
7893701	11.02838
7893702	1.934448
7893703	6.127033
7893704	5.485357
7893705	9.836468
7893706	5.613146
7893707	7.538104
7893708	9.592045
7893710	11.78051
7893712	5.408089
7893713	8.487794
7893716	4.793807
7893718	3.842427
7893719	3.703789
7893720	8.660608
7893722	7.295363
7893723	4.260249
7893724	7.629983
7893725	12.58878
7893726	7.376989
7893728	9.138663
7893730	5.108898
7893731	12.99887
7893735	2.84692
7893736	4.835961
7893737	5.079009
7893739	9.779927
7893741	3.309321
7893742	2.279046
7893743	7.178698
7893744	8.285002
7893746	4.111139
7893748	6.803998
7893749	3.448494
7893750	5.325722
7893751	6.149792
7893753	2.135103
7893754	7.216092
7893755	4.964391
7893756	5.495891
7893757	4.416634
7893758	3.609122
7893760	4.231932
7893761	6.041852
7893764	6.410474
7893765	6.192779
7893766	9.16163
7893767	6.498837
7893768	4.847043
7893770	2.924738
7893771	5.266454
7893772	5.174722
7893775	3.165594
7893776	3.838125
7893780	3.379159
7893781	9.887597
7893783	11.20575
7893784	7.24342
7893786	7.310683
7893789	10.62863
7893790	7.175413
7893791	5.998628
7893794	6.505097
7893795	5.509826
7893797	5.776365
7893799	3.307653
7893800	9.22909
7893801	3.362197
7893802	11.63056
7893803	4.855947
7893804	5.820446
7893805	8.37099
7893807	6.884739
7893809	8.211231
7893810	6.760381
7893811	4.009946
7893812	7.032004
7893813	6.788061
7893817	4.913389
7893818	6.488955
7893819	3.830331
7893820	10.85832
7893823	4.431547
7893824	7.058739
7893825	5.491673
7893826	4.158096
7893828	4.761512
7893829	2.969292
7893830	6.423198
7893831	7.514832
7893832	7.936331
7893833	8.595439
7893835	9.806986
7893836	10.30956
7893837	4.566591
7893838	12.2529
7893839	2.290657
7893841	7.126411
7893842	6.197737
7893843	3.741709
7893844	4.355396
7893845	2.466888
7893846	3.255346
7893847	4.53618
7893848	4.848339
7893849	5.901289
7893851	4.97139
7893854	2.215738
7893857	8.976239
7893858	2.361007
7893859	5.690751
7893860	5.853157
7893861	6.965529
7893862	4.028481
7893863	2.388064
7893864	3.739983
7893865	2.858058
7893866	13.81523
7893867	7.340977
7893868	4.911037
7893869	4.496147
7893871	6.105803
7893872	6.878252
7893873	5.927217
7893874	2.801583
7893875	9.316612
7893876	8.486427
7893877	4.142689
7893878	5.785986
7893879	5.731204
7893881	7.590383
7893882	3.880508
7893884	6.611712
7893885	1.689763
7893887	3.199563
7893889	7.454112
7893890	4.083549
7893891	2.418999
7893893	9.484337
7893894	3.409023
7893895	3.319568
7893896	6.826273
7893897	3.244689
7893898	4.192522
7893899	4.360194
7893900	5.572486
7893901	9.771
7893902	5.113059
7893906	6.824012
7893907	6.639489
7893909	3.756352
7893911	3.267828
7893912	2.643299
7893914	10.62075
7893915	4.426749
7893916	10.42668
7893917	2.816735
7893920	6.111681
7893924	10.67251
7893925	7.004806
7893927	3.965374
7893929	12.13095
7893930	6.359928
7893931	3.402031
7893932	7.588237
7893934	7.120766
7893935	3.196852
7893936	7.033173
7893937	10.15326
7893938	7.519692
7893940	4.24343
7893942	5.477437
7893943	4.126374
7893944	2.2116
7893945	4.149333
7893947	6.130536
7893949	9.320333
7893950	5.240019
7893951	5.292264
7893953	7.324723
7893954	7.16511
7893955	3.340662
7893957	4.552983
7893958	6.726048
7893959	8.771199
7893960	9.007909
7893962	4.069196
7893964	3.373735
7893965	3.001116
7893967	6.916983
7893969	3.540309
7893970	5.569624
7893971	5.811591
7893972	10.6105
7893974	2.622239
7893975	3.16416
7893976	4.330848
7893977	2.543648
7893978	2.74551
7893980	3.340824
7893982	2.344294
7893983	3.886465
7893984	3.432196
7893985	6.071224
7893986	6.40366
7893987	3.08151
7893989	4.781873
7893990	4.105803
7893992	8.214573
7893993	12.86478
7893994	3.209437
7893995	7.06374
7893996	2.639558
7893997	7.522695
7893998	7.541222
7893999	3.150287
7894000	12.66349
7894001	6.947238
7894002	5.328004
7894003	2.379351
7894004	3.447799
7894005	9.716896
7894006	3.456437
7894007	11.54686
7894008	7.12597
7894009	5.024368
7894013	5.396338
7894014	3.112796
7894015	7.776351
7894016	3.777775
7894017	6.836132
7894018	5.731131
7894020	6.268443
7894021	3.498407
7894022	3.091078
7894023	2.124594
7894024	2.079718
7894025	3.88817
7894026	7.798852
7894027	6.342728
7894028	6.637938
7894030	7.388337
7894031	8.69943
7894032	2.065719
7894034	7.269962
7894035	2.851946
7894036	12.3503
7894037	10.05065
7894038	5.587871
7894039	5.132617
7894040	3.91732
7894045	4.722895
7894046	8.371436
7894047	4.386698
7894048	8.941957
7894049	8.987153
7894050	4.937514
7894052	7.071735
7894053	3.260037
7894054	3.401105
7894059	4.031404
7894060	7.525672
7894062	9.906869
7894063	8.90043
7894064	12.39804
7894065	5.583041
7894066	4.884411
7894069	4.306171
7894071	3.699947
7894073	5.664952
7894075	4.612684
7894077	4.218722
7894079	2.163547
7894080	5.400511
7894081	5.153322
7894082	4.028481
7894084	4.429142
7894085	8.30873
7894087	10.78202
7894089	7.737244
7894090	3.270257
7894091	5.621982
7894092	6.135875
7894093	3.119441
7894094	5.773007
7894095	2.203577
7894096	3.042883
7894097	6.47634
7894099	4.750784
7894101	5.819449
7894102	10.82154
7894103	6.64823
7894105	2.669068
7894106	5.422729
7894108	4.914601
7894109	5.50555
7894111	5.539066
7894112	6.68872
7894113	3.334714
7894116	5.946493
7894117	9.475315
7894120	5.602653
7894121	5.822259
7894122	13.04657
7894123	2.387149
7894124	2.443058
7894126	8.902265
7894128	6.438919
7894129	6.402814
7894130	7.439941
7894131	8.786965
7894133	2.216537
7894135	11.66114
7894137	2.463296
7894139	4.571369
7894140	2.843883
7894141	5.856182
7894142	6.124283
7894143	3.326941
7894144	4.529349
7894145	11.10861
7894147	4.081434
7894148	9.744655
7894149	2.553863
7894150	3.303752
7894151	3.210325
7894152	5.072861
7894153	6.026964
7894154	7.594746
7894155	7.237624
7894156	5.702356
7894159	7.322055
7894162	4.296075
7894163	5.31271
7894166	3.181925
7894167	5.849674
7894168	3.233616
7894169	5.079009
7894170	4.616866
7894172	4.074615
7894173	6.203226
7894174	6.504492
7894175	2.564117
7894176	5.795038
7894177	5.733289
7894178	5.419977
7894179	3.411517
7894180	4.210858
7894181	8.829491
7894182	5.786992
7894183	6.68208
7894184	2.77314
7894187	3.664838
7894189	11.98686
7894190	3.900797
7894191	2.920424
7894192	11.76126
7894193	5.455719
7894194	6.351378
7894197	1.524603
7894200	5.37607
7894201	5.489831
7894202	3.281614
7894203	3.518544
7894206	2.476268
7894207	11.08576
7894208	3.465755
7894210	8.083324
7894213	11.60485
7894215	5.942723
7894216	4.325049
7894217	4.619797
7894218	10.54312
7894219	7.118147
7894220	8.346366
7894221	3.065132
7894222	3.311624
7894223	11.23822
7894224	6.34763
7894225	7.512609
7894227	3.655008
7894228	3.448294
7894229	5.06933
7894230	2.321349
7894231	3.131305
7894232	9.906503
7894233	4.188519
7894234	7.962277
7894235	9.594378
7894236	13.36321
7894237	6.609869
7894240	6.076985
7894241	4.604622
7894242	4.737179
7894243	2.248273
7894244	5.816252
7894245	2.633141
7894246	7.321716
7894247	4.378115
7894248	2.350645
7894249	10.5703
7894250	2.618461
7894253	4.461914
7894254	5.374807
7894255	1.947142
7894256	10.74554
7894257	4.679012
7894259	3.283395
7894260	3.829646
7894265	2.419199
7894266	8.176625
7894268	6.69937
7894270	1.972044
7894271	4.028481
7894273	5.942499
7894274	4.822524
7894275	4.206572
7894276	6.869865
7894278	11.04664
7894279	6.224277
7894280	5.339777
7894281	6.276164
7894283	4.704235
7894285	2.045468
7894286	5.209052
7894287	3.112404
7894288	8.32454
7894292	5.554114
7894293	5.906512
7894296	1.689763
7894297	6.690266
7894298	7.921153
7894299	6.986534
7894300	3.525835
7894301	9.420575
7894302	4.762564
7894303	8.009113
7894305	7.662001
7894308	9.914052
7894309	9.468798
7894310	2.20916
7894311	4.083755
7894312	6.875877
7894313	4.206964
7894314	2.668694
7894317	1.832564
7894318	4.719122
7894319	2.99359
7894320	11.10893
7894322	6.681083
7894323	2.145278
7894325	3.489767
7894326	3.857241
7894327	2.513051
7894328	5.823383
7894330	2.471849
7894332	2.968333
7894333	4.847749
7894334	2.67747
7894335	6.027978
7894337	4.676155
7894338	2.344294
7894339	2.054853
7894340	2.798934
7894342	4.327069
7894343	6.260744
7894344	1.533952
7894345	6.031484
7894346	7.585546
7894347	6.192482
7894349	2.751971
7894351	5.735084
7894352	5.801338
7894353	3.610144
7894354	6.032474
7894356	6.865542
7894357	2.693057
7894358	5.293832
7894359	1.906378
7894360	4.289599
7894361	7.202702
7894362	4.312682
7894364	7.121985
7894365	3.132025
7894367	9.080946
7894368	2.159829
7894369	9.377078
7894370	5.638586
7894371	4.84131
7894377	3.378781
7894378	3.233028
7894381	3.815125
7894382	12.01863
7894383	3.041028
7894384	5.691191
7894385	6.600975
7894387	6.526846
7894388	8.33751
7894390	3.23197
7894391	5.639447
7894392	12.95687
7894393	3.610104
7894394	4.903336
7894396	5.293726
7894397	2.866005
7894398	5.395892
7894399	6.753643
7894400	5.092018
7894401	3.846044
7894403	4.834402
7894405	3.905002
7894406	12.12569
7894407	4.777287
7894408	8.532404
7894409	5.536387
7894410	3.220887
7894414	2.000194
7894415	3.215473
7894417	2.409687
7894418	9.537631
7894420	7.821606
7894422	4.724153
7894423	5.648849
7894425	3.013778
7894426	5.737499
7894430	5.52467
7894432	8.93819
7894434	7.003194
7894440	6.157815
7894441	6.820806
7894442	5.156994
7894443	5.965261
7894444	10.15799
7894445	6.631787
7894446	5.803048
7894447	9.768475
7894448	2.113659
7894450	6.031484
7894452	5.813358
7894453	6.363341
7894454	5.898985
7894455	5.900676
7894456	5.658347
7894457	7.530103
7894458	4.923646
7894460	13.05348
7894461	3.986626
7894462	4.471629
7894463	3.312507
7894464	8.836206
7894465	3.473776
7894466	6.558794
7894467	8.828437
7894468	4.216907
7894472	7.398089
7894473	3.332397
7894475	8.591471
7894476	7.287916
7894477	1.863517
7894481	12.72692
7894482	8.894179
7894483	4.647703
7894484	6.349314
7894486	6.268871
7894487	2.570477
7894488	4.522388
7894490	8.008854
7894491	7.663188
7894493	9.185538
7894494	6.43794
7894495	9.325964
7894497	6.287636
7894499	11.79486
7894500	2.421191
7894502	3.796735
7894503	7.062726
7894505	3.134556
7894506	2.748628
7894507	4.357374
7894508	5.222464
7894509	5.426457
7894510	3.479513
7894511	5.905187
7894514	6.935748
7894517	3.69598
7894521	4.943695
7894522	10.03092
7894523	10.48198
7894524	4.357975
7894525	6.356564
7894526	6.527776
7894528	3.905682
7894530	2.693954
7894531	5.106693
7894532	2.742361
7894533	4.299623
7894534	3.13311
7894537	5.294426
7894538	4.672714
7894539	5.135351
7894541	1.880018
7894543	6.868728
7894544	2.976521
7894545	1.696934
7894547	4.840296
7894550	7.88192
7894553	2.374006
7894554	2.916403
7894556	8.749915
7894559	4.453718
7894560	7.545679
7894564	2.017854
7894565	6.817083
7894566	6.337046
7894567	2.264935
7894568	8.697655
7894569	6.354451
7894571	6.111984
7894572	7.430048
7894573	10.05749
7894575	7.288128
7894576	4.58843
7894577	7.39448
7894578	11.38496
7894580	2.532476
7894582	6.126802
7894586	3.953087
7894587	3.204403
7894588	1.975365
7894589	2.883634
7894590	5.830662
7894591	3.068022
7894593	3.647012
7894595	9.074507
7894597	7.596105
7894598	7.382564
7894600	4.587215
7894601	6.220045
7894602	2.713725
7894603	4.553745
7894606	6.807293
7894607	6.220374
7894608	3.685809
7894609	7.543652
7894610	5.997702
7894612	9.790877
7894613	11.48647
7894614	5.61062
7894615	3.47552
7894616	3.309436
7894618	5.280712
7894619	6.553183
7894620	6.147401
7894621	10.54906
7894622	2.77868
7894623	3.944078
7894624	9.35709
7894625	5.835475
7894626	11.33765
7894628	6.641775
7894629	2.631716
7894630	2.484997
7894631	6.743746
7894632	7.349955
7894633	8.205667
7894636	3.647415
7894640	11.90173
7894641	6.400663
7894643	2.712615
7894644	6.272148
7894645	10.48707
7894646	4.19521
7894647	13.26456
7894649	4.361726
7894650	4.0783
7894651	2.709037
7894652	5.006853
7894653	11.53321
7894654	2.493402
7894655	4.91874
7894656	3.048113
7894658	3.571696
7894659	3.046573
7894660	5.158299
7894663	2.924114
7894664	5.449576
7894667	4.849253
7894668	6.668947
7894669	5.120769
7894670	6.474703
7894671	8.420978
7894673	6.284588
7894676	4.04988
7894677	3.068122
7894678	7.382411
7894679	7.164421
7894680	7.66464
7894686	3.112203
7894688	4.781975
7894689	6.072382
7894690	2.662231
7894691	3.767066
7894692	5.533146
7894693	5.48227
7894694	6.838591
7894696	8.094499
7894697	7.710315
7894701	5.111042
7894702	5.011037
7894703	2.39434
7894705	2.301099
7894706	5.95033
7894707	8.313425
7894709	8.267872
7894710	1.57093
7894713	5.191246
7894714	4.976478
7894715	2.915825
7894717	5.761666
7894718	5.122984
7894719	5.892182
7894720	5.11844
7894721	2.02121
7894723	11.4773
7894724	3.217733
7894726	3.136364
7894727	7.646825
7894728	5.181323
7894729	5.240285
7894731	3.646162
7894733	8.694395
7894734	8.624678
7894735	2.281803
7894736	5.620635
7894738	3.587322
7894739	5.555428
7894741	8.654967
7894743	3.519389
7894745	5.364055
7894747	9.896358
7894748	4.591038
7894749	4.386668
7894751	2.112156
7894752	6.55981
7894753	5.176785
7894754	7.427053
7894755	3.11882
7894756	7.963226
7894759	2.222878
7894760	5.111992
7894762	6.417169
7894763	7.126667
7894764	4.869553
7894765	7.224679
7894766	5.220548
7894768	11.48457
7894770	13.0569
7894772	6.531153
7894773	2.081844
7894775	3.64282
7894776	5.061868
7894778	5.393528
7894779	10.91804
7894780	2.493402
7894781	5.679285
7894783	6.702828
7894784	9.092617
7894785	2.02514
7894786	3.217151
7894787	11.79512
7894789	12.92368
7894792	2.754537
7894793	2.358558
7894794	2.731373
7894795	6.067807
7894797	6.161326
7894799	12.63106
7894800	6.701048
7894802	8.465908
7894803	7.076601
7894804	6.635549
7894805	1.573089
7894807	4.636636
7894809	7.281416
7894810	4.13561
7894811	4.319213
7894812	7.358204
7894814	4.283789
7894815	5.659912
7894816	1.831198
7894817	10.33463
7894818	7.148584
7894819	6.346867
7894820	7.662626
7894821	5.19628
7894822	7.339999
7894823	5.766951
7894825	5.538564
7894828	4.425417
7894829	2.38324
7894830	8.015968
7894831	5.293824
7894832	3.044079
7894833	7.011479
7894835	5.502634
7894836	7.71795
7894840	8.652445
7894841	2.229156
7894842	5.467302
7894843	4.474834
7894847	4.730083
7894848	6.200195
7894849	8.606284
7894850	5.606378
7894851	1.977881
7894852	4.155191
7894853	8.494381
7894854	9.855086
7894855	2.875775
7894856	8.524057
7894857	4.6061
7894859	5.501845
7894861	5.42315
7894863	6.955156
7894864	6.467575
7894865	7.770504
7894866	6.427108
7894867	7.072816
7894868	2.201083
7894869	5.214946
7894870	6.506399
7894871	4.22678
7894872	11.07199
7894874	1.895423
7894875	5.107694
7894876	4.771881
7894879	2.837673
7894880	7.66927
7894882	7.541024
7894883	7.730784
7894885	6.388701
7894886	6.920942
7894887	1.831198
7894888	5.556536
7894889	12.26166
7894890	7.255926
7894891	10.71431
7894893	2.579971
7894894	9.403354
7894895	3.781362
7894897	6.823079
7894898	6.123815
7894899	3.980022
7894900	5.21512
7894901	5.582481
7894902	2.282088
7894904	3.745096
7894905	5.431256
7894907	4.647245
7894909	13.3755
7894910	5.08199
7894911	2.190044
7894912	5.554735
7894913	4.212475
7894915	4.471408
7894917	8.411994
7894918	2.208606
7894920	1.880018
7894921	3.47366
7894922	5.057859
7894923	3.027435
7894924	3.072175
7894925	2.040217
7894928	3.882156
7894929	2.473301
7894930	4.602009
7894931	5.14274
7894932	5.840724
7894933	5.524208
7894934	9.526449
7894935	2.698588
7894936	2.275195
7894937	2.418752
7894938	5.708158
7894939	2.493402
7894940	5.501352
7894941	12.93756
7894942	2.297263
7894943	3.327529
7894945	10.64204
7894947	6.281522
7894948	3.809768
7894949	4.23671
7894950	6.922552
7894952	6.565058
7894953	6.479197
7894954	6.174074
7894955	6.657267
7894956	4.223664
7894957	3.379985
7894958	5.698003
7894959	3.872227
7894960	10.37751
7894961	8.785226
7894962	2.639534
7894963	4.183405
7894965	7.981373
7894966	3.156744
7894967	3.536598
7894972	4.390803
7894973	6.673638
7894975	8.15132
7894976	8.924892
7894979	12.26163
7894981	5.207407
7894983	2.180342
7894985	4.311077
7894986	7.142148
7894987	4.172405
7894988	10.01408
7894989	3.520659
7894991	13.02901
7894992	10.41744
7894993	5.017497
7894994	5.991438
7894995	6.985988
7894996	3.662583
7894997	4.340075
7895000	7.911261
7895002	4.998213
7895004	11.07896
7895006	4.669213
7895007	9.05002
7895009	11.44318
7895010	4.23556
7895011	5.159469
7895013	4.130477
7895015	6.24971
7895020	10.66874
7895021	3.299096
7895022	6.0081
7895023	7.580409
7895024	5.12166
7895025	3.702789
7895027	3.886394
7895028	3.810768
7895029	2.20916
7895030	2.571614
7895035	2.634831
7895037	7.316617
7895040	3.790362
7895041	6.956126
7895043	2.344294
7895044	4.974189
7895046	7.160408
7895047	10.69082
7895048	5.512029
7895049	1.933688
7895050	10.72632
7895051	2.874321
7895053	3.155964
7895058	3.609122
7895059	3.792356
7895060	5.718256
7895061	3.97357
7895063	8.793772
7895064	5.712723
7895065	2.124238
7895066	5.850021
7895070	12.0509
7895071	2.689159
7895073	6.727829
7895074	4.61762
7895075	4.406562
7895076	2.958857
7895080	7.817765
7895083	5.308301
7895085	5.596351
7895086	3.693075
7895092	2.418848
7895093	7.477306
7895094	5.299289
7895095	7.578332
7895097	2.333905
7895099	3.764294
7895100	12.99607
7895102	2.707552
7895103	5.895412
7895104	7.710698
7895106	9.070889
7895107	7.485342
7895108	5.192299
7895109	3.99294
7895111	2.484926
7895113	9.243851
7895114	8.325772
7895115	7.673226
7895116	5.861759
7895117	3.464554
7895118	4.5804
7895120	2.602169
7895124	5.097885
7895125	5.420856
7895126	9.865597
7895127	3.297394
7895128	5.511789
7895129	3.708093
7895130	9.478922
7895131	5.3913
7895132	4.544053
7895134	3.722823
7895135	4.127966
7895138	4.421378
7895140	2.924772
7895141	6.50146
7895142	2.344294
7895143	7.721769
7895144	11.0167
7895146	6.240816
7895148	2.871397
7895150	3.785518
7895151	1.782379
7895152	6.461114
7895154	7.619836
7895155	4.879586
7895156	11.27531
7895158	4.589104
7895159	2.849856
7895163	5.569023
7895164	3.654959
7895165	7.714779
7895166	3.824581
7895167	4.203598
7895169	8.191071
7895172	4.698641
7895173	5.993
7895174	7.983009
7895175	5.022611
7895178	8.673497
7895179	2.021715
7895181	7.595881
7895182	2.400153
7895183	4.571306
7895184	6.17051
7895185	6.875753
7895188	6.381635
7895189	6.05657
7895190	6.155833
7895191	6.124936
7895193	9.347628
7895194	2.767977
7895195	5.163608
7895196	11.17855
7895197	3.304161
7895198	3.437008
7895199	1.74265
7895200	6.116565
7895201	3.955468
7895202	3.514993
7895204	5.808186
7895205	6.336077
7895206	6.452434
7895207	5.344041
7895208	5.114331
7895209	7.513238
7895210	9.936684
7895211	7.655911
7895212	6.633895
7895213	6.104429
7895216	12.48442
7895217	8.392262
7895218	3.43258
7895219	7.140208
7895222	3.641835
7895223	8.148988
7895224	10.44503
7895228	4.954511
7895229	2.651526
7895230	11.94687
7895232	6.885623
7895233	8.487054
7895234	2.7221
7895235	7.945877
7895236	4.705486
7895239	9.413713
7895240	6.291286
7895242	3.039871
7895243	5.391194
7895244	2.634832
7895245	3.688666
7895249	10.52468
7895250	5.952147
7895251	2.722374
7895253	4.094505
7895254	6.608162
7895255	5.911637
7895257	6.720319
7895259	4.294416
7895260	6.169569
7895261	7.469684
7895262	6.164621
7895265	4.556668
7895266	6.318844
7895268	2.171746
7895269	9.899776
7895270	2.971401
7895278	7.078265
7895279	5.761665
7895280	8.327783
7895281	3.573204
7895282	6.783107
7895284	5.842637
7895285	3.401982
7895286	7.454981
7895287	2.793364
7895292	6.56199
7895293	5.724184
7895295	7.362088
7895296	5.489337
7895297	7.191381
7895300	5.870276
7895301	4.881594
7895302	5.381351
7895303	6.217493
7895304	7.53903
7895305	6.047419
7895306	8.740234
7895307	2.01574
7895309	3.687376
7895310	10.32096
7895311	3.905734
7895313	3.896387
7895314	1.985812
7895315	5.096339
7895316	8.996931
7895319	7.353354
7895321	5.482045
7895323	12.1173
7895326	10.19278
7895327	2.227283
7895329	6.750908
7895332	3.413707
7895333	12.38223
7895335	8.227709
7895337	6.750618
7895338	2.504047
7895339	3.96416
7895341	4.144188
7895342	13.42838
7895343	13.3364
7895344	4.187167
7895345	4.139827
7895346	5.785887
7895348	2.986562
7895349	4.544054
7895350	5.977451
7895351	3.444037
7895352	3.303752
7895353	3.4915
7895354	13.52712
7895359	6.939376
7895361	2.805941
7895362	10.81799
7895363	4.867833
7895364	4.521094
7895366	3.370213
7895367	5.687562
7895368	8.16747
7895369	4.023671
7895370	6.77315
7895371	5.09739
7895372	2.582564
7895374	12.47757
7895375	7.146938
7895377	4.416354
7895378	3.593645
7895380	2.438258
7895381	3.338422
7895383	2.787282
7895384	3.243286
7895385	2.594967
7895386	4.163377
7895387	5.148692
7895388	6.657065
7895389	4.032432
7895390	7.231065
7895391	12.1343
7895392	11.87325
7895394	2.437608
7895395	6.758409
7895396	2.89504
7895398	11.19141
7895399	6.12462
7895400	6.747741
7895401	5.600503
7895403	6.657775
7895406	10.68742
7895407	4.542909
7895408	5.905563
7895409	3.131305
7895410	5.481043
7895412	4.577556
7895413	2.634832
7895415	2.798934
7895416	7.797595
7895418	5.788659
7895420	1.931443
7895421	3.687588
7895423	2.872332
7895424	5.666744
7895426	1.953912
7895428	3.158932
7895429	5.010018
7895430	3.322
7895432	3.905666
7895433	5.245113
7895434	6.429638
7895435	11.8112
7895436	3.562058
7895437	5.737671
7895440	11.78851
7895442	5.475441
7895443	3.579893
7895445	4.319964
7895446	5.504618
7895448	4.475631
7895449	2.677207
7895450	5.878826
7895451	11.68237
7895452	4.996622
7895453	4.92497
7895454	2.41322
7895455	3.078503
7895456	4.280336
7895457	2.072317
7895458	5.078985
7895459	2.769688
7895460	2.990696
7895461	7.899438
7895462	4.235338
7895463	10.83744
7895464	9.279742
7895465	4.745397
7895466	3.120394
7895467	6.384462
7895469	2.257425
7895470	6.534291
7895471	5.118819
7895473	2.781288
7895474	1.939821
7895477	7.320678
7895479	2.756456
7895480	4.844431
7895482	3.114469
7895483	10.61045
7895485	4.870979
7895486	12.93993
7895487	4.202363
7895488	4.458901
7895489	8.688619
7895491	5.972261
7895493	5.255864
7895494	2.833526
7895495	5.202806
7895496	12.18339
7895497	12.21578
7895498	9.016167
7895500	2.339476
7895501	6.446039
7895502	2.165486
7895503	5.209128
7895504	2.768346
7895505	3.102384
7895506	11.00333
7895507	5.422185
7895508	10.92253
7895511	7.370393
7895512	5.016089
7895513	4.489653
7895514	13.8092
7895516	3.890362
7895519	7.781306
7895522	9.854435
7895523	3.28373
7895524	4.475766
7895526	2.351281
7895527	9.529704
7895528	5.709294
7895529	4.853975
7895530	4.606403
7895531	6.267246
7895533	3.305625
7895534	4.977986
7895535	3.438235
7895536	9.546995
7895537	4.867162
7895540	3.877558
7895541	4.691931
7895543	5.559923
7895546	3.508652
7895549	4.317046
7895550	6.651441
7895552	5.919507
7895553	4.308643
7895555	4.753398
7895556	8.329284
7895558	3.983375
7895560	2.968623
7895561	9.556374
7895562	2.044589
7895563	7.438787
7895564	2.202227
7895565	2.746296
7895566	4.204933
7895567	3.973644
7895568	3.323966
7895569	2.299852
7895570	2.020122
7895571	7.231178
7895572	1.993796
7895573	2.684782
7895575	5.037754
7895576	6.723794
7895577	8.162577
7895580	5.650844
7895581	5.036514
7895582	2.559068
7895583	5.14271
7895584	3.506215
7895586	6.533227
7895587	13.40554
7895589	8.386426
7895591	6.255786
7895592	6.100542
7895593	1.809673
7895594	4.659377
7895595	11.79644
7895598	10.73935
7895600	3.440664
7895601	11.11882
7895603	7.26062
7895605	5.327839
7895607	6.764426
7895608	5.911637
7895609	5.682127
7895611	6.334456
7895612	4.183999
7895615	4.984523
7895617	1.924057
7895618	5.102299
7895621	13.29846
7895623	5.571399
7895624	3.140888
7895625	5.543087
7895627	7.700516
7895628	5.875348
7895631	2.276727
7895633	2.592051
7895634	4.579291
7895635	2.305098
7895636	2.209161
7895637	7.155862
7895638	5.083586
7895639	4.405766
7895641	5.451975
7895642	7.216151
7895645	3.607412
7895646	3.312845
7895648	2.960211
7895649	6.127854
7895650	4.830768
7895651	11.88097
7895652	10.29178
7895653	2.255043
7895654	7.35819
7895655	2.626215
7895659	9.911431
7895660	5.278939
7895662	9.528749
7895663	7.093535
7895664	7.528644
7895666	2.326342
7895668	3.51995
7895669	5.879669
7895670	3.50774
7895671	7.098191
7895672	4.982373
7895673	4.850636
7895675	6.891332
7895678	2.657935
7895679	2.790813
7895680	12.92396
7895682	2.161769
7895683	5.198004
7895684	5.996583
7895686	5.929034
7895688	7.232958
7895689	2.300742
7895692	11.24245
7895695	6.57119
7895696	4.140528
7895698	4.480698
7895699	5.926755
7895700	2.20916
7895701	4.286012
7895702	4.348811
7895705	9.364605
7895706	2.975606
7895707	6.296413
7895708	7.005014
7895709	3.503201
7895711	4.809276
7895712	10.44326
7895713	5.651613
7895714	11.94429
7895715	8.457832
7895716	8.514787
7895717	7.915351
7895718	2.496974
7895720	4.484736
7895722	4.667686
7895723	4.18787
7895724	6.470883
7895725	3.102789
7895727	6.996109
7895728	6.816731
7895730	3.857887
7895731	7.301651
7895733	6.818782
7895734	4.042102
7895735	6.887281
7895736	10.34333
7895738	8.435647
7895740	6.188878
7895741	3.216064
7895742	4.144445
7895743	6.012243
7895744	7.343277
7895745	9.873966
7895746	3.445508
7895747	5.550594
7895748	5.64389
7895749	3.057421
7895750	5.050654
7895751	9.318316
7895753	7.929393
7895754	3.611024
7895755	3.764448
7895756	4.092021
7895757	9.602158
7895760	10.68594
7895763	5.007649
7895764	2.631552
7895765	4.223253
7895766	10.71325
7895768	6.824615
7895769	4.342562
7895771	4.738114
7895772	6.136956
7895775	4.921225
7895776	6.132159
7895777	11.15099
7895779	12.85067
7895781	4.119258
7895782	9.844597
7895783	8.270031
7895784	7.169805
7895785	5.01104
7895786	4.678225
7895788	3.019385
7895789	4.635575
7895792	6.856102
7895793	3.311906
7895794	8.746475
7895795	9.537011
7895796	3.258618
7895797	6.054284
7895798	4.771638
7895799	2.251375
7895800	5.619209
7895801	7.707582
7895802	9.214705
7895803	2.127476
7895804	2.559142
7895805	5.914786
7895807	4.474462
7895809	7.160712
7895811	4.667686
7895812	7.160964
7895813	8.487935
7895814	3.415992
7895815	10.4375
7895819	12.74411
7895820	3.355456
7895821	5.494063
7895822	2.976696
7895823	1.793428
7895825	3.630061
7895826	9.910418
7895827	13.49278
7895828	2.337136
7895829	7.201807
7895830	3.826672
7895833	3.283725
7895834	5.77955
7895835	6.762015
7895836	5.066968
7895837	6.950463
7895838	4.560944
7895839	4.408708
7895840	3.510227
7895843	4.282439
7895844	8.977991
7895845	6.472436
7895848	2.112156
7895849	4.07445
7895850	2.682596
7895851	5.238792
7895852	2.234383
7895854	8.450517
7895856	3.051262
7895858	4.030437
7895859	2.845913
7895860	2.711807
7895862	7.776593
7895863	5.879905
7895864	2.112156
7895865	2.513854
7895867	3.757402
7895868	6.657221
7895870	2.931522
7895871	3.178905
7895872	9.470093
7895874	4.595045
7895875	4.942647
7895876	2.597203
7895877	3.820586
7895880	6.687575
7895882	7.034814
7895883	6.812124
7895884	4.209215
7895887	4.267179
7895888	4.538757
7895889	6.573002
7895891	1.844852
7895894	4.857467
7895895	3.731968
7895896	8.735204
7895897	3.072138
7895898	7.389959
7895899	11.63031
7895902	3.862493
7895905	3.282044
7895906	6.305218
7895909	6.396794
7895910	4.175568
7895912	10.09166
7895914	3.401858
7895915	4.387577
7895917	10.2166
7895920	13.54779
7895921	6.90344
7895922	2.617364
7895924	12.12361
7895925	5.214946
7895926	9.306922
7895927	4.936185
7895930	5.289439
7895931	4.679113
7895935	6.67695
7895936	11.22007
7895938	10.97431
7895941	11.39118
7895942	9.648599
7895946	7.446486
7895950	2.771828
7895951	3.264885
7895955	6.049304
7895956	12.13938
7895957	7.21334
7895958	2.683154
7895959	4.902885
7895960	4.765855
7895961	7.562325
7895962	7.23551
7895965	5.362149
7895966	4.276002
7895967	3.733891
7895969	9.137846
7895970	2.18671
7895974	8.53925
7895975	5.541192
7895976	6.062301
7895977	4.175755
7895978	2.758862
7895979	5.707177
7895980	2.087182
7895983	4.596578
7895984	3.757402
7895986	2.836002
7895987	6.070677
7895988	9.358687
7895989	5.995818
7895990	7.065533
7895991	2.646168
7895992	5.573505
7895993	6.368923
7895998	2.702182
7896000	3.450204
7896002	4.139796
7896003	4.405326
7896004	5.437787
7896006	5.060819
7896008	7.619925
7896009	2.20916
7896010	5.575037
7896011	3.22354
7896012	2.669912
7896014	3.640209
7896015	2.662969
7896016	2.716883
7896017	9.38518
7896018	8.549487
7896019	4.771322
7896020	5.618773
7896021	3.741152
7896023	2.748737
7896024	9.334455
7896027	5.685115
7896028	7.051571
7896031	2.344294
7896032	4.514048
7896033	3.761131
7896034	8.763894
7896035	3.55099
7896037	3.989598
7896040	8.114719
7896043	9.136627
7896045	11.72401
7896046	5.654221
7896049	8.053632
7896051	6.965467
7896052	4.710007
7896053	5.922441
7896055	8.459647
7896056	3.885101
7896057	7.45041
7896058	3.952809
7896060	11.54122
7896061	4.603708
7896062	6.438741
7896063	5.550799
7896065	7.063427
7896066	2.636118
7896068	6.068336
7896071	4.427022
7896072	3.871324
7896073	11.1485
7896074	5.101984
7896075	5.359874
7896077	8.669778
7896078	13.10864
7896079	4.667686
7896080	4.692917
7896081	4.809557
7896083	1.866882
7896086	5.264292
7896087	10.59115
7896088	9.728024
7896090	11.6861
7896092	6.985535
7896093	3.536908
7896096	2.194685
7896097	2.844247
7896098	7.815764
7896099	8.522096
7896100	2.20916
7896102	4.828989
7896103	9.123096
7896104	4.017118
7896105	4.251687
7896106	4.702778
7896107	9.372652
7896109	3.06005
7896110	5.39594
7896113	5.214946
7896114	5.352588
7896115	11.65523
7896116	3.475967
7896117	5.292005
7896118	4.87946
7896119	5.860647
7896121	11.67383
7896122	7.446893
7896124	8.394043
7896125	3.637316
7896126	7.686499
7896127	4.7654
7896129	4.028481
7896131	3.892396
7896132	9.604069
7896134	4.827927
7896135	6.488674
7896141	3.99025
7896143	6.013504
7896144	12.53896
7896145	6.927292
7896146	7.643141
7896147	2.647098
7896149	11.87373
7896150	9.001764
7896151	13.17403
7896152	3.620236
7896153	5.97609
7896154	4.286159
7896155	3.683948
7896161	4.777195
7896163	3.8031
7896164	9.476142
7896165	4.357404
7896166	7.508723
7896171	4.65581
7896172	5.134866
7896173	5.934323
7896176	11.33471
7896177	3.521246
7896179	4.680326
7896180	4.239198
7896181	4.741467
7896182	4.983862
7896183	9.484414
7896187	1.716805
7896189	4.616019
7896190	4.062167
7896192	11.33379
7896193	8.59612
7896194	12.31694
7896195	3.15419
7896196	4.780643
7896197	2.440269
7896198	8.186449
7896199	4.607183
7896202	2.22954
7896203	6.562614
7896204	9.24624
7896206	5.922074
7896207	2.381164
7896208	2.329803
7896209	3.682299
7896211	4.14964
7896212	9.327945
7896213	11.85095
7896214	3.894244
7896215	1.975365
7896217	5.927568
7896218	6.377185
7896219	5.065151
7896220	4.081652
7896223	3.19661
7896224	3.729472
7896225	4.565135
7896226	3.639721
7896229	3.092728
7896233	5.005962
7896234	3.881638
7896235	10.83891
7896236	3.906286
7896238	3.432689
7896239	5.871718
7896242	1.771798
7896243	11.5764
7896244	6.436746
7896245	6.273697
7896246	6.060829
7896248	3.250552
7896251	5.884748
7896252	12.16278
7896254	2.893633
7896255	5.72268
7896256	8.965685
7896257	5.33697
7896259	5.268087
7896260	2.819619
7896261	5.982695
7896262	4.767915
7896263	6.605269
7896264	2.615569
7896265	2.393997
7896266	11.20742
7896267	3.797495
7896268	2.782347
7896270	6.436171
7896271	5.967781
7896272	2.162811
7896273	3.912529
7896274	5.318398
7896275	5.373746
7896276	5.422276
7896279	1.782379
7896280	5.375397
7896281	7.715669
7896282	11.54574
7896284	3.964141
7896285	6.498391
7896286	1.689763
7896288	5.699875
7896289	4.607441
7896290	5.802786
7896291	4.646239
7896293	4.744609
7896294	5.3083
7896295	2.902707
7896296	4.739687
7896297	5.457287
7896298	9.16763
7896299	2.634832
7896300	7.525298
7896301	7.028481
7896303	2.617107
7896304	3.617862
7896305	2.935286
7896306	1.98183
7896307	5.621905
7896309	5.026138
7896311	4.74042
7896312	4.930749
7896313	4.387022
7896314	4.767915
7896315	1.721427
7896316	3.748976
7896317	4.019616
7896318	2.753683
7896320	4.803615
7896322	2.95676
7896323	5.510378
7896326	2.708834
7896327	5.30935
7896328	3.099569
7896330	6.691081
7896332	3.596451
7896333	11.57412
7896334	2.072447
7896335	9.971122
7896336	5.477912
7896338	7.533945
7896340	4.845512
7896341	8.769629
7896342	5.141387
7896344	2.861853
7896346	12.58066
7896347	4.392322
7896348	7.848018
7896350	6.246713
7896351	7.446393
7896353	3.701374
7896354	2.585238
7896355	6.228274
7896357	1.967616
7896359	5.291523
7896361	6.331392
7896363	7.532951
7896364	5.01044
7896368	6.112741
7896373	4.238899
7896376	8.955244
7896377	2.791596
7896379	4.510238
7896380	12.6278
7896381	7.064735
7896382	2.075656
7896386	4.273696
7896389	3.860693
7896390	6.408021
7896392	3.083466
7896393	5.477912
7896396	1.949461
7896399	5.655256
7896400	2.247454
7896401	5.291001
7896402	4.346807
7896403	12.99595
7896404	7.865032
7896405	6.233889
7896406	4.658872
7896407	2.410593
7896408	4.843594
7896409	3.972771
7896410	3.536604
7896411	3.264774
7896412	11.10212
7896413	8.757371
7896414	2.885517
7896415	5.309187
7896416	7.606991
7896417	8.42354
7896418	8.305057
7896420	6.465174
7896423	9.2083
7896424	6.834269
7896429	3.305118
7896433	4.650288
7896435	3.098212
7896436	2.587235
7896437	5.840686
7896440	4.789783
7896441	2.304092
7896442	4.903501
7896444	5.81285
7896445	6.507654
7896447	6.377465
7896448	9.939789
7896449	4.591569
7896450	4.77429
7896451	1.968054
7896452	3.199542
7896453	5.355115
7896454	2.894698
7896455	2.590967
7896457	5.240661
7896459	2.706351
7896461	5.033297
7896462	5.526793
7896463	2.660884
7896465	3.087981
7896467	5.020926
7896469	2.232891
7896470	2.159829
7896471	2.902318
7896473	2.588688
7896475	2.313927
7896477	8.751294
7896478	3.079822
7896479	6.520859
7896480	4.738831
7896481	10.64697
7896486	5.040638
7896487	2.69575
7896488	10.89728
7896489	6.303479
7896492	2.160304
7896494	9.934412
7896495	2.259809
7896496	12.47667
7896497	11.24694
7896500	5.807878
7896501	10.81867
7896502	5.230218
7896503	5.187187
7896504	2.564117
7896505	4.505484
7896506	5.506416
7896507	2.798934
7896509	4.509274
7896510	3.332245
7896513	3.461993
7896514	4.629004
7896515	2.344294
7896516	3.806521
7896517	9.003971
7896518	3.534023
7896519	6.114301
7896523	5.320561
7896524	3.509251
7896526	8.497306
7896527	3.278456
7896532	4.676479
7896535	2.634832
7896536	4.835341
7896537	4.091836
7896538	3.089814
7896540	7.642403
7896541	13.6884
7896545	5.523544
7896548	6.866335
7896549	12.43358
7896550	3.955543
7896551	2.042924
7896552	6.105187
7896555	2.894829
7896556	1.939803
7896557	2.969292
7896559	4.645525
7896562	5.940029
7896563	6.729746
7896564	2.655662
7896565	4.973228
7896566	3.736925
7896567	3.83719
7896568	2.190583
7896569	6.052557
7896570	5.395957
7896571	2.473296
7896572	5.234284
7896574	8.104362
7896575	4.923856
7896576	5.501676
7896577	6.581532
7896578	2.990474
7896579	2.531395
7896580	6.607124
7896581	5.753054
7896583	3.375084
7896584	6.65728
7896585	6.522518
7896587	2.059556
7896588	8.758224
7896589	2.627773
7896590	4.137792
7896591	2.826483
7896592	8.9762
7896593	4.265661
7896595	2.205212
7896597	3.858778
7896598	4.504515
7896601	5.399466
7896603	11.13834
7896604	5.637888
7896606	11.0067
7896607	4.903645
7896609	10.20035
7896610	3.565162
7896611	6.020166
7896612	8.616973
7896613	7.149977
7896614	6.795997
7896615	6.542905
7896617	4.145897
7896618	5.883593
7896619	2.976708
7896620	11.65457
7896624	7.772845
7896625	3.726381
7896626	3.054294
7896628	3.731902
7896629	6.725463
7896630	4.767915
7896631	14.29137
7896632	8.108313
7896633	5.741148
7896634	5.830662
7896635	3.388025
7896636	3.462572
7896638	2.969058
7896639	13.1997
7896640	4.361525
7896641	3.506829
7896642	10.72835
7896643	5.04705
7896644	9.283173
7896645	2.548024
7896648	3.828845
7896649	3.109043
7896650	5.922643
7896654	6.68746
7896655	6.260643
7896656	6.412062
7896660	6.008277
7896661	6.759403
7896662	6.010181
7896663	7.360695
7896665	2.968333
7896666	2.845338
7896668	3.894653
7896669	7.823133
7896670	9.103891
7896671	2.708629
7896672	4.811575
7896674	5.50731
7896675	9.728918
7896676	9.992668
7896678	2.900865
7896679	11.76369
7896680	4.232904
7896681	5.810448
7896682	6.144945
7896686	7.254889
8180192	13.90088
8180193	13.32691
8180194	6.737574
8180195	5.137627
8180196	6.165287
8180197	6.082175
8180198	4.73771
8180199	6.718623
8180200	8.156877
8180201	6.230172
8180202	4.894851
8180203	7.747168
8180204	4.870212
8180205	3.172433
8180206	6.97647
8180207	7.165836
8180208	4.494551
8180209	6.948723
8180210	5.327092
8180211	5.492127
8180212	5.939436
8180213	5.378735
8180214	4.053548
8180215	5.447906
8180216	5.686457
8180217	8.593619
8180218	7.432498
8180219	5.470818
8180220	4.344572
8180221	2.796695
8180222	3.446672
8180223	5.243547
8180224	6.031791
8180225	6.924329
8180226	5.106621
8180227	5.831889
8180228	5.355755
8180229	5.740145
8180230	7.176889
8180231	7.085562
8180232	6.356478
8180233	5.325528
8180234	6.259433
8180235	5.60423
8180236	4.743602
8180237	6.876932
8180238	5.285336
8180239	3.635273
8180240	6.760366
8180241	5.077364
8180242	4.852732
8180243	4.370698
8180244	6.53699
8180245	4.473208
8180246	5.379437
8180247	5.536077
8180248	5.239818
8180249	5.214339
8180250	5.448374
8180251	4.765998
8180252	5.461242
8180253	5.214946
8180254	8.13096
8180255	7.811965
8180256	5.500403
8180257	4.90684
8180258	4.894851
8180259	10.2491
8180260	7.557446
8180261	6.42152
8180262	6.801023
8180263	9.392567
8180264	3.187264
8180265	4.743602
8180266	5.79136
8180267	7.851122
8180268	6.756811
8180269	4.939892
8180270	6.209413
8180271	5.182014
8180272	5.615734
8180273	6.202801
8180274	7.249866
8180275	6.557406
8180276	5.184043
8180277	7.774972
8180278	5.461166
8180279	7.201727
8180280	5.698003
8180281	6.856141
8180282	6.938458
8180283	8.607289
8180284	8.597951
8180285	10.04474
8180286	6.685418
8180287	8.158297
8180288	6.737574
8180289	6.515487
8180290	6.594304
8180291	6.594304
8180292	6.522319
8180293	6.737574
8180294	6.571654
8180295	6.749086
8180296	6.594658
8180297	10.24224
8180298	7.544643
8180299	5.304955
8180300	6.389623
8180301	6.057588
8180302	5.885689
8180303	7.111336
8180304	7.25507
8180305	7.437054
8180306	7.932589
8180307	9.208457
8180308	9.252615
8180309	5.054099
8180310	9.857579
8180311	8.957147
8180312	8.562901
8180313	5.55771
8180314	5.991379
8180315	5.810883
8180316	9.892897
8180317	9.884617
8180318	9.871056
8180319	9.891079
8180320	3.964823
8180321	7.811965
8180322	4.798308
8180323	6.618615
8180324	5.651613
8180325	7.477529
8180326	7.593617
8180327	7.416659
8180328	7.729731
8180329	11.44311
8180330	11.51719
8180331	11.50126
8180332	11.50637
8180333	11.45191
8180334	11.51079
8180335	11.39554
8180336	7.460923
8180337	7.908988
8180338	7.748055
8180339	7.475063
8180340	6.078861
8180341	10.14137
8180342	10.21624
8180343	10.13983
8180344	9.129007
8180345	9.676577
8180346	8.521868
8180347	8.178843
8180348	3.779524
8180349	11.31134
8180350	8.171306
8180351	7.348009
8180352	5.079515
8180353	7.17233
8180354	6.954824
8180355	10.07343
8180356	6.424711
8180357	7.824746
8180358	7.334198
8180359	5.84795
8180360	3.937529
8180361	7.070498
8180362	9.79679
8180363	9.810575
8180364	6.313107
8180365	6.313107
8180366	3.485594
8180367	3.485594
8180368	4.202582
8180369	2.881403
8180370	6.263408
8180371	10.03744
8180372	5.047408
8180373	5.173706
8180374	6.364408
8180375	9.211384
8180376	5.611507
8180377	6.974568
8180378	7.414376
8180379	7.209371
8180380	4.911732
8180381	4.773606
8180382	8.31237
8180383	5.429142
8180384	10.63805
8180385	7.215546
8180386	7.138846
8180387	6.944244
8180388	7.13306
8180389	7.110902
8180390	6.003663
8180391	6.365898
8180392	6.503428
8180393	7.136508
8180394	6.952822
8180395	7.365417
8180396	8.591787
8180397	8.679054
8180398	8.759027
8180399	4.873816
8180400	5.631494
8180401	4.482916
8180402	8.739658
8180403	5.802688
8180404	8.657825
8180405	8.042607
8180406	10.62068
8180407	7.720234
8180408	7.971575
8180409	8.158873
8180410	8.427978
8180411	6.109396
8180412	7.072442
8180413	7.329034
8180414	6.610157
8180415	4.804279
8180416	5.248338
8180417	6.942665
8180418	7.283922
!sample_table_end
