^SAMPLE = GSM699141
!Sample_title = human urine sediment, without lesions subject 2
!Sample_geo_accession = GSM699141
!Sample_status = Public on Feb 06 2012
!Sample_submission_date = Mar 29 2011
!Sample_last_update_date = Feb 07 2012
!Sample_type = RNA
!Sample_channel_count = 1
!Sample_source_name_ch1 = human
!Sample_organism_ch1 = Homo sapiens
!Sample_taxid_ch1 = 9606
!Sample_characteristics_ch1 = gender: Female
!Sample_characteristics_ch1 = age: 55
!Sample_characteristics_ch1 = disease state: PBS without lesions
!Sample_molecule_ch1 = total RNA
!Sample_extract_protocol_ch1 = Urine (40-100 ml) was immediately placed on ice, transported to the laboratory and centrifuged at -4C for 5 minutes. Pellets were washed twice with ice-cold phosphate-buffered saline, suspended in 0.8 ml TRIzol and RNA was extracted according to the manufacturer's instructions.
!Sample_label_ch1 = biotin
!Sample_label_protocol_ch1 = RNA was stored at -80oC until all samples had been collected, then analyzed at our Microarray Core Facility using the Affymetrix GeneChip Whole Transcript (WT) Sense Target Labeling Assay protocol.
!Sample_hyb_protocol = Standard Affymetrix
!Sample_scan_protocol = Standard Affymetrix
!Sample_data_processing = Probe level data were produced by Partek GS (6.10) using the RMA output option. Probe set signal intensities < 4.2 were considered absent, and if > 10 chips rated a probe set absent, that probe set was not considered for further analysis.
!Sample_platform_id = GPL6244
!Sample_contact_name = Eric,M,Blalock
!Sample_contact_email = eric.blalock@uky.edu
!Sample_contact_phone = 859-323-8033
!Sample_contact_laboratory = Blalock
!Sample_contact_department = Molecular and Biomedical Pharmacology
!Sample_contact_institute = University of Kentucky
!Sample_contact_address = 800 Rose St.
!Sample_contact_city = Lexington
!Sample_contact_state = KY
!Sample_contact_zip/postal_code = 40475
!Sample_contact_country = USA
!Sample_supplementary_file = ftp://ftp.ncbi.nlm.nih.gov/geo/samples/GSM699nnn/GSM699141/suppl/GSM699141.CEL.gz
!Sample_series_id = GSE28242
!Sample_data_row_count = 33297
#ID_REF = 
#VALUE = RMA-calculated Signal intensity
!sample_table_begin
ID_REF	VALUE
7896736	4.954484
7896738	3.147644
7896740	3.249294
7896742	6.821976
7896744	5.353336
7896746	8.438232
7896748	9.431086
7896750	6.229663
7896752	9.862486
7896754	7.391196
7896756	4.575763
7896759	5.999521
7896761	6.033558
7896779	6.292532
7896798	6.926973
7896817	6.172818
7896822	8.435287
7896859	5.446113
7896861	3.686538
7896863	5.712705
7896865	6.336706
7896878	6.581103
7896882	5.931773
7896908	6.770011
7896917	6.890902
7896921	6.01976
7896929	7.479938
7896937	5.686292
7896952	6.887269
7896961	6.819779
7896983	4.52184
7896985	6.400945
7897006	6.881827
7897026	5.014277
7897034	5.58516
7897044	6.956633
7897066	5.571437
7897068	7.115913
7897076	4.970473
7897078	9.616985
7897089	6.751419
7897119	8.767549
7897128	5.022011
7897132	5.088709
7897154	6.194093
7897172	8.153058
7897179	5.609566
7897196	5.307918
7897210	6.0042
7897227	4.611491
7897236	5.406973
7897257	6.434652
7897263	6.829191
7897277	4.965407
7897280	6.035367
7897286	6.745147
7897288	6.075292
7897293	6.291011
7897295	4.769162
7897305	5.894142
7897322	6.780223
7897329	5.638244
7897339	4.592484
7897368	4.270496
7897370	8.349151
7897378	7.135095
7897404	10.23822
7897416	4.890204
7897422	4.270709
7897424	5.284482
7897426	4.936138
7897439	4.98517
7897441	7.754894
7897449	5.843713
7897460	6.427467
7897469	5.16621
7897482	6.039444
7897509	5.495557
7897520	6.500406
7897522	4.338264
7897527	8.329525
7897559	3.354995
7897561	7.509371
7897620	10.13584
7897632	5.14927
7897648	7.308828
7897661	7.990138
7897663	9.997523
7897675	3.249844
7897683	2.320555
7897685	7.422456
7897691	5.565135
7897714	6.294664
7897728	6.284223
7897737	7.533647
7897745	7.550198
7897753	5.576787
7897774	6.959432
7897801	11.02408
7897803	7.14635
7897824	8.652154
7897849	6.677378
7897860	6.437751
7897877	6.629991
7897890	8.677389
7897953	6.328238
7897955	3.491222
7897960	3.865928
7897964	3.068295
7897966	3.509274
7897974	5.071146
7897978	2.999311
7897987	3.057513
7897991	5.814753
7897995	3.236367
7897997	5.196257
7898002	4.919874
7898007	3.737998
7898012	3.645163
7898020	4.727794
7898026	3.833292
7898030	4.377133
7898034	4.727794
7898040	3.645163
7898048	4.297927
7898052	4.441429
7898057	4.528852
7898070	7.175699
7898084	6.538448
7898102	4.943804
7898112	5.774578
7898115	7.333544
7898124	5.067006
7898161	8.757738
7898167	4.91791
7898176	5.176366
7898184	5.68577
7898192	8.204882
7898209	7.15552
7898211	8.831855
7898227	7.417374
7898249	5.966808
7898256	5.600478
7898263	6.220748
7898276	9.609152
7898278	8.549427
7898294	2.897746
7898296	5.342894
7898300	5.510318
7898314	5.470943
7898328	8.69876
7898337	8.734172
7898350	4.31928
7898353	5.835717
7898355	3.264813
7898357	5.471196
7898371	5.574316
7898373	3.340439
7898375	11.19247
7898377	5.873579
7898405	2.74204
7898407	3.959595
7898411	11.19247
7898413	8.067492
7898431	7.560662
7898448	4.840642
7898466	4.584329
7898483	7.442158
7898516	4.789647
7898521	5.38759
7898533	7.107795
7898535	3.535686
7898537	5.524687
7898549	6.552368
7898556	6.289799
7898568	4.125897
7898570	8.054703
7898572	1.961007
7898574	10.18006
7898582	6.941428
7898585	7.549
7898594	4.512664
7898602	6.9169
7898607	7.347152
7898609	4.806388
7898616	5.999049
7898623	7.080155
7898627	5.933935
7898653	7.264423
7898655	5.317209
7898663	7.67588
7898673	6.192318
7898675	2.342209
7898677	7.244624
7898679	7.097903
7898693	5.593133
7898707	5.603517
7898713	6.483171
7898721	2.926318
7898723	4.613244
7898725	5.386121
7898732	3.356631
7898734	2.516571
7898736	6.06574
7898739	7.788542
7898750	7.118143
7898773	5.548917
7898793	5.18433
7898799	5.917003
7898805	5.740383
7898809	6.282962
7898833	8.469011
7898854	2.632968
7898856	6.341453
7898858	5.439268
7898869	5.22915
7898875	10.81948
7898881	8.424599
7898894	7.523311
7898902	8.678268
7898910	11.26717
7898916	9.179675
7898939	8.743008
7898957	7.841348
7898967	5.407444
7898975	8.599585
7898988	8.416877
7898998	4.783982
7899005	10.47626
7899016	9.270617
7899018	8.188882
7899023	6.956982
7899029	6.056979
7899043	7.721481
7899057	7.846736
7899069	4.102382
7899071	4.041688
7899073	3.409511
7899075	5.370561
7899087	7.656333
7899093	6.751314
7899096	5.343682
7899101	6.900705
7899124	4.413215
7899134	5.872634
7899151	2.736635
7899153	8.408331
7899160	5.939227
7899167	5.075253
7899173	8.810248
7899187	10.63506
7899192	7.592099
7899220	7.596816
7899244	8.588838
7899251	2.885198
7899253	7.867326
7899265	8.958106
7899273	8.170511
7899284	7.611829
7899287	6.948501
7899289	7.525966
7899310	7.050825
7899323	6.7742
7899343	6.124063
7899346	7.708231
7899348	5.168185
7899350	6.795566
7899361	8.869378
7899377	7.58947
7899392	4.735122
7899394	5.517755
7899407	5.647268
7899417	6.591998
7899422	6.319478
7899424	7.137345
7899436	5.755785
7899448	5.946028
7899455	8.158998
7899462	7.562096
7899480	10.62055
7899484	4.803734
7899486	6.953958
7899499	3.785575
7899502	6.591208
7899504	6.737118
7899517	3.564335
7899519	7.844596
7899528	6.351208
7899534	7.916341
7899560	5.789797
7899562	8.242024
7899595	5.162092
7899602	3.743581
7899604	7.462849
7899615	10.09313
7899627	7.406584
7899643	5.349379
7899654	8.265347
7899675	5.856318
7899688	8.429471
7899703	7.973909
7899719	5.385004
7899727	5.879009
7899737	9.031158
7899750	5.194299
7899753	5.822563
7899774	10.54332
7899790	4.480822
7899797	5.29343
7899811	1.980567
7899813	10.42281
7899821	7.943041
7899829	7.181178
7899841	5.437745
7899849	6.072395
7899851	5.129004
7899870	6.702002
7899882	5.383897
7899884	5.436181
7899898	3.161833
7899905	4.174878
7899909	5.529528
7899911	4.02483
7899921	5.271483
7899927	5.081953
7899932	5.561563
7899939	5.376843
7899943	6.724988
7899955	11.62737
7899957	8.825611
7899988	3.366952
7899990	6.328486
7900001	6.812478
7900009	7.494769
7900030	7.360395
7900051	7.738031
7900076	5.268878
7900087	6.165918
7900095	7.629503
7900119	9.013369
7900129	5.752997
7900144	2.055693
7900146	7.47879
7900157	10.72235
7900159	6.244554
7900167	5.221243
7900181	2.840016
7900183	6.418067
7900192	6.834522
7900201	7.278892
7900212	2.856192
7900214	2.281826
7900216	8.876617
7900228	9.185679
7900235	7.95996
7900336	5.784131
7900340	5.641892
7900350	2.907292
7900352	6.024514
7900354	6.867444
7900365	5.758221
7900382	11.29468
7900395	8.127813
7900405	4.037107
7900407	2.451767
7900409	3.814627
7900413	10.106
7900426	8.049307
7900438	5.078785
7900446	5.415681
7900454	6.129155
7900461	4.452639
7900468	8.169477
7900488	4.792091
7900490	4.081717
7900492	4.922221
7900510	7.556416
7900531	6.646847
7900538	6.817191
7900540	5.999136
7900546	9.002766
7900555	4.633558
7900576	7.877183
7900585	11.07296
7900597	6.40731
7900603	4.220615
7900609	6.755731
7900624	5.897334
7900633	2.486584
7900635	5.764422
7900639	4.232863
7900652	3.43436
7900654	7.150845
7900658	4.186723
7900683	4.806883
7900699	5.749202
7900710	6.700432
7900792	9.640566
7900833	8.74492
7900857	5.423611
7900876	2.373845
7900878	5.80348
7900888	6.946846
7900911	5.431291
7900922	9.033724
7900931	8.161303
7900944	6.527321
7900957	5.222762
7900962	6.970075
7900977	2.047076
7900979	6.741129
7900999	4.722634
7901010	4.308486
7901036	2.635221
7901038	11.07033
7901046	6.392647
7901048	8.034312
7901050	5.456462
7901052	5.373453
7901054	5.766954
7901071	2.493616
7901073	7.429973
7901087	5.1868
7901091	6.731959
7901102	6.569628
7901110	8.875126
7901123	6.786407
7901135	7.480271
7901140	6.799346
7901175	11.97758
7901187	5.580122
7901192	4.520821
7901212	6.260921
7901219	7.800722
7901227	2.980225
7901229	7.119256
7901247	6.071265
7901253	4.487326
7901256	10.68314
7901272	8.132211
7901287	5.289224
7901293	4.753709
7901299	10.31338
7901309	7.216433
7901311	5.106077
7901314	5.445743
7901316	4.415502
7901334	1.963921
7901336	7.567339
7901340	3.898306
7901342	3.246275
7901357	7.669505
7901359	2.043025
7901361	2.594574
7901363	5.193704
7901374	2.19049
7901376	8.635992
7901383	2.29373
7901385	9.278995
7901418	9.635729
7901426	6.452135
7901443	6.831292
7901445	7.072614
7901447	8.446322
7901460	4.757679
7901466	4.733922
7901477	5.302909
7901479	7.987756
7901497	4.786582
7901513	9.647005
7901535	5.51882
7901549	6.858801
7901557	6.074008
7901563	2.888839
7901565	5.580088
7901577	6.884152
7901592	6.874335
7901601	8.415198
7901611	4.995191
7901613	7.42252
7901634	6.290181
7901662	7.626742
7901675	5.100873
7901687	6.432243
7901691	4.479548
7901696	5.71716
7901710	1.808299
7901712	1.929837
7901714	4.816384
7901720	6.271283
7901732	3.661064
7901744	5.296449
7901746	9.317961
7901748	8.546376
7901765	6.932899
7901788	8.42163
7901802	5.133954
7901804	10.35741
7901852	6.940534
7901854	5.778052
7901856	6.992548
7901858	6.711968
7901860	2.94007
7901867	7.259945
7901883	2.618827
7901895	6.271172
7901911	3.782741
7901913	5.262451
7901915	6.767398
7901931	4.985796
7901948	2.180182
7901951	7.227465
7901967	7.108872
7901969	4.471993
7901982	2.156653
7901993	6.58358
7902023	7.541628
7902036	8.543682
7902038	6.90134
7902043	4.35955
7902072	3.064239
7902074	6.754487
7902102	2.045564
7902104	5.364528
7902127	3.506551
7902158	3.476457
7902166	8.031057
7902189	2.805718
7902203	4.551723
7902205	3.533117
7902225	2.354599
7902227	7.894814
7902235	3.382672
7902265	6.454908
7902267	6.541394
7902269	9.443151
7902282	5.859542
7902290	4.939715
7902306	3.654344
7902308	7.817437
7902317	3.083813
7902345	7.736319
7902353	3.579446
7902365	4.040557
7902367	9.5524
7902382	8.444011
7902396	7.309357
7902398	9.758025
7902400	7.512999
7902402	2.696711
7902425	4.569029
7902435	8.702884
7902439	2.464724
7902441	4.92654
7902448	11.29275
7902452	3.816051
7902472	5.148037
7902474	6.060654
7902476	7.808438
7902495	3.142763
7902512	8.230018
7902518	6.731938
7902527	2.931683
7902541	8.072251
7902553	7.492581
7902563	3.013489
7902565	6.273224
7902592	6.618615
7902594	8.505193
7902611	4.807415
7902615	2.203064
7902617	4.918725
7902623	2.765449
7902634	6.916152
7902645	2.562529
7902660	3.405977
7902687	6.428853
7902700	3.094196
7902702	3.962287
7902721	5.089037
7902738	9.700772
7902754	2.989913
7902771	9.471076
7902787	5.681528
7902789	8.436348
7902799	4.633229
7902808	3.675433
7902810	7.336451
7902822	10.14876
7902848	7.145216
7902850	5.446496
7902861	7.754797
7902874	5.622256
7902883	7.291966
7902891	7.598866
7902909	5.275434
7902911	4.238287
7902913	4.397698
7902930	4.127527
7902934	2.991735
7902957	4.425363
7902965	6.602554
7902977	5.994152
7902984	2.157813
7902992	7.114532
7903008	3.665398
7903010	8.355438
7903022	6.860051
7903024	4.097269
7903026	1.844138
7903028	3.385469
7903030	2.695953
7903032	8.459465
7903049	4.332982
7903079	8.928923
7903090	2.243093
7903092	9.230968
7903109	2.056497
7903111	2.455662
7903113	3.015167
7903115	2.298598
7903117	3.868399
7903119	11.15781
7903144	9.650852
7903162	8.216888
7903171	6.907542
7903181	2.334129
7903183	9.77427
7903186	2.85917
7903188	7.668819
7903203	6.789658
7903214	3.67361
7903227	6.669126
7903239	8.22641
7903281	9.997118
7903292	3.230198
7903294	9.684388
7903308	7.781883
7903321	8.481065
7903334	7.72252
7903355	5.773226
7903358	4.993458
7903369	9.008236
7903389	6.263031
7903391	3.949827
7903393	3.932964
7903399	4.282788
7903401	2.924315
7903404	7.854277
7903407	7.533632
7903414	7.367439
7903425	6.907647
7903440	6.907647
7903455	3.341731
7903457	5.242847
7903461	4.268386
7903474	9.882342
7903478	5.363546
7903490	5.334546
7903507	8.654072
7903519	8.092133
7903530	3.049173
7903541	8.532885
7903561	3.27966
7903565	5.378033
7903582	11.76919
7903586	9.274364
7903592	6.97738
7903619	9.81074
7903632	6.674153
7903667	5.147209
7903676	5.276929
7903688	7.506381
7903694	5.585758
7903703	9.150271
7903717	7.456246
7903719	6.187284
7903742	6.976928
7903753	5.930359
7903765	7.969878
7903777	3.932245
7903786	6.140672
7903803	9.843533
7903827	7.619564
7903851	4.534055
7903854	4.102876
7903867	6.209914
7903876	2.337651
7903878	7.715569
7903884	5.3495
7903889	3.472037
7903893	7.456244
7903906	3.102406
7903908	8.717701
7903920	3.663485
7903935	3.582469
7903945	3.763088
7903959	4.915994
7903970	3.315157
7903972	8.291313
7903980	5.361153
7903988	8.539957
7904000	5.702528
7904014	2.340001
7904016	1.821145
7904018	7.738894
7904025	5.574469
7904036	7.736847
7904048	7.258938
7904050	8.049536
7904073	5.322521
7904082	5.11192
7904084	5.062034
7904086	7.318019
7904106	7.668084
7904131	5.446455
7904137	8.501886
7904158	4.54806
7904164	2.998472
7904166	4.339958
7904168	2.406974
7904203	3.151738
7904209	5.162215
7904211	7.512897
7904226	6.684523
7904244	5.136157
7904252	3.324219
7904254	11.23405
7904281	2.869023
7904287	6.026903
7904293	8.294402
7904303	4.679657
7904314	6.335226
7904340	9.137483
7904361	8.506598
7904364	6.620373
7904394	3.979094
7904396	4.436916
7904408	3.317451
7904414	4.213652
7904417	2.881424
7904421	3.809684
7904429	4.371518
7904431	2.973095
7904433	7.420217
7904448	4.368929
7904450	2.224141
7904452	3.485117
7904463	8.12519
7904465	8.456881
7904469	6.74978
7904478	5.944734
7904480	3.591018
7904482	7.601431
7904486	12.99195
7904500	13.37355
7904506	13.34362
7904562	13.23832
7904569	13.7648
7904572	3.917751
7904574	10.86546
7904693	4.86737
7904695	10.33109
7904702	10.75383
7904713	7.200767
7904715	4.963384
7904717	4.736987
7904726	13.14555
7904737	5.571296
7904742	6.548526
7904751	8.634492
7904755	8.042534
7904761	4.380747
7904796	5.509238
7904812	8.709494
7904830	7.295885
7904843	4.179542
7904853	7.196894
7904863	6.396586
7904865	3.63858
7904869	6.780478
7904872	2.829436
7904874	13.54916
7904877	4.233292
7904879	6.951538
7904881	12.06829
7904883	6.96428
7904907	7.058408
7904921	4.344726
7904923	3.254572
7904927	4.433797
7904930	7.451558
7904948	6.780478
7904951	2.829436
7904953	2.407229
7904955	6.669097
7904959	5.164962
7904963	3.591018
7904965	4.77449
7904967	5.104521
7904969	8.322644
7904974	8.629064
7904976	11.0367
7904997	7.446449
7904999	11.04679
7905016	7.446449
7905018	5.896183
7905020	5.485388
7905025	4.397567
7905028	6.460331
7905033	3.756906
7905035	5.382803
7905037	5.891308
7905043	6.218089
7905047	3.832082
7905051	5.666774
7905054	4.266594
7905058	5.554256
7905060	4.349502
7905067	7.460051
7905077	4.311913
7905079	8.347233
7905085	6.614622
7905088	8.441628
7905092	6.880194
7905099	8.789292
7905116	5.383745
7905131	3.694806
7905145	3.978698
7905147	4.461802
7905154	4.988171
7905163	8.03429
7905171	8.08128
7905185	8.004416
7905198	7.018393
7905220	7.377693
7905233	5.931535
7905254	3.999993
7905256	4.028577
7905258	7.305418
7905283	10.08915
7905299	6.945396
7905308	9.012796
7905324	6.126473
7905329	5.305597
7905339	7.213573
7905349	5.178396
7905355	7.386715
7905365	7.969819
7905374	7.17706
7905382	6.39201
7905395	10.035
7905406	8.579569
7905428	8.78034
7905444	8.235205
7905462	2.988582
7905464	4.066239
7905474	3.994861
7905481	5.960285
7905483	6.079451
7905486	7.188627
7905490	5.019582
7905492	6.960514
7905496	3.496342
7905500	5.106685
7905503	3.90659
7905505	6.034263
7905507	7.06591
7905510	5.60841
7905512	6.143592
7905515	4.584293
7905517	5.853689
7905519	6.284126
7905523	7.408719
7905525	3.504917
7905528	6.872224
7905530	3.691593
7905533	7.524101
7905536	6.185552
7905544	9.957985
7905548	11.38797
7905553	8.901213
7905559	6.00543
7905563	4.553614
7905569	2.792565
7905571	8.180529
7905576	3.830021
7905581	5.319004
7905589	7.907488
7905598	6.734787
7905606	4.700176
7905629	2.910831
7905631	8.71858
7905664	6.327948
7905677	5.083261
7905691	10.30712
7905698	2.037372
7905700	8.912195
7905731	4.95082
7905733	7.39658
7905742	2.456017
7905744	4.053499
7905746	5.178832
7905754	5.072253
7905789	5.402208
7905801	4.159597
7905817	5.417105
7905826	8.087658
7905831	6.517455
7905848	5.173543
7905854	7.923875
7905862	5.340574
7905881	7.79751
7905909	5.900918
7905918	5.375879
7905927	4.163868
7905929	8.108991
7905938	8.581732
7905949	5.028101
7905951	5.366839
7905968	6.769876
7905974	6.305852
7905986	7.562252
7905999	6.355778
7906015	4.728572
7906017	5.439929
7906021	6.626896
7906041	8.27812
7906056	6.001236
7906061	4.209567
7906069	5.372683
7906072	6.227186
7906079	10.94374
7906085	8.246277
7906107	7.037313
7906128	6.619788
7906133	8.117657
7906140	5.955682
7906146	7.457282
7906154	3.273495
7906163	5.299469
7906175	3.628807
7906177	5.678973
7906185	8.510293
7906194	4.237226
7906197	5.681453
7906205	5.762665
7906223	6.557077
7906235	8.278195
7906244	5.752216
7906264	5.963305
7906284	4.999121
7906303	4.357317
7906305	5.979597
7906307	5.120353
7906330	5.984538
7906339	4.166181
7906348	4.230322
7906355	5.04336
7906365	3.249126
7906367	2.435496
7906370	2.538409
7906372	4.410433
7906374	3.59691
7906377	4.444462
7906386	3.885249
7906400	7.051182
7906417	5.207398
7906433	5.751226
7906435	5.002858
7906443	4.042691
7906452	3.417869
7906458	4.29878
7906465	3.216567
7906467	4.556727
7906469	7.72238
7906475	4.539986
7906486	5.359161
7906496	5.626512
7906501	5.339119
7906527	4.808156
7906552	5.577387
7906564	9.00977
7906574	3.450275
7906576	8.157007
7906597	4.825107
7906602	6.301942
7906613	6.475769
7906622	4.882886
7906642	5.584828
7906652	7.160621
7906662	9.325872
7906671	7.575109
7906688	5.581628
7906703	8.919048
7906720	4.996733
7906728	5.842349
7906742	5.899594
7906746	6.844127
7906751	3.822371
7906753	5.945153
7906757	4.220815
7906764	7.121978
7906767	5.702598
7906775	7.327564
7906777	4.691859
7906784	2.427661
7906786	4.457742
7906797	5.470089
7906808	3.787658
7906810	6.857442
7906819	9.438402
7906838	6.838883
7906852	9.712936
7906863	8.425672
7906878	4.425277
7906898	4.71068
7906900	4.452903
7906904	5.769018
7906919	4.033198
7906930	3.309144
7906948	3.302645
7906950	4.116489
7906952	2.269911
7906954	9.21911
7906969	8.842586
7906973	3.811422
7906978	9.002489
7906988	3.66474
7906993	5.145918
7906995	7.565083
7907008	4.606564
7907010	5.033732
7907012	5.464981
7907024	8.56565
7907032	2.943731
7907049	5.440028
7907051	2.913446
7907053	4.567495
7907058	6.933401
7907079	5.592062
7907090	5.492037
7907092	8.869889
7907104	8.579858
7907124	7.410103
7907135	8.645837
7907146	5.525879
7907156	3.405807
7907160	11.79613
7907171	8.57816
7907183	5.601142
7907211	6.72227
7907213	6.451375
7907222	4.396719
7907232	2.309748
7907249	3.535836
7907260	3.047367
7907271	4.40465
7907286	2.533359
7907297	6.286156
7907308	2.779281
7907310	9.107856
7907349	6.590579
7907351	7.35388
7907353	7.997671
7907368	4.093734
7907370	4.109838
7907394	2.193498
7907396	2.806194
7907404	7.701706
7907430	4.856238
7907439	8.90491
7907445	7.570896
7907462	3.357721
7907464	3.741581
7907466	7.246332
7907486	6.621127
7907492	8.218481
7907531	5.886231
7907535	2.228849
7907537	7.282459
7907549	4.743396
7907568	4.450481
7907572	4.563799
7907601	4.911838
7907611	8.113262
7907633	2.985347
7907649	5.844381
7907655	5.402777
7907657	8.772511
7907680	8.631014
7907690	6.618667
7907700	5.556152
7907702	7.855874
7907719	2.93175
7907749	4.165408
7907769	4.284755
7907773	8.329183
7907790	7.929154
7907830	10.33518
7907847	7.163895
7907849	4.791691
7907859	8.124049
7907861	8.705045
7907882	5.488322
7907893	7.800903
7907904	8.75561
7907907	4.351092
7907911	4.508754
7907960	2.652882
7907962	4.506319
7907964	3.640521
7907966	5.089567
7907968	3.351436
7907970	5.074356
7907972	4.2693
7907977	3.278566
7907986	2.9783
7908003	5.183406
7908022	8.846918
7908041	6.468766
7908072	7.357551
7908097	7.579861
7908125	7.142147
7908147	7.640199
7908155	2.935158
7908157	3.277665
7908159	4.935047
7908161	9.366123
7908169	6.906984
7908178	5.983037
7908204	3.401653
7908312	2.95329
7908328	6.754625
7908330	7.696042
7908347	5.974898
7908351	6.372384
7908371	3.048312
7908376	3.449193
7908382	2.420063
7908388	3.730862
7908397	3.831818
7908407	9.514654
7908409	5.665698
7908421	8.47373
7908437	8.508013
7908459	9.20891
7908481	2.906515
7908488	4.382608
7908492	3.636126
7908496	2.323198
7908499	2.744593
7908508	3.73113
7908525	5.930967
7908529	4.352128
7908543	8.401257
7908553	6.060157
7908591	5.582378
7908593	3.154691
7908595	2.836872
7908597	4.560424
7908610	2.473794
7908612	5.588964
7908614	7.802228
7908635	9.237
7908637	6.894133
7908639	8.104652
7908650	5.164959
7908672	5.197145
7908692	5.727473
7908694	5.4009
7908728	4.621511
7908730	3.159257
7908732	7.834079
7908758	6.061871
7908766	7.49513
7908775	4.147637
7908777	10.51485
7908779	9.326986
7908793	9.845788
7908812	6.095037
7908816	5.000226
7908839	2.259459
7908841	8.049448
7908861	7.698386
7908863	4.621663
7908867	9.036732
7908879	4.909413
7908907	5.402505
7908917	8.31592
7908924	4.589841
7908931	5.283135
7908940	6.99726
7908966	4.002099
7908968	4.256834
7908978	9.425031
7908988	6.361503
7908993	6.253361
7909011	8.388858
7909027	4.752215
7909064	5.024159
7909088	4.865008
7909102	5.395964
7909104	6.733483
7909127	8.788808
7909140	5.895328
7909142	4.515747
7909144	4.985432
7909146	3.319104
7909155	3.580189
7909164	5.427004
7909175	5.516643
7909188	7.397041
7909214	8.437796
7909225	5.09442
7909236	7.563236
7909250	5.106981
7909261	4.577117
7909271	3.853697
7909285	6.310529
7909306	3.912352
7909318	3.367169
7909332	9.493022
7909350	3.210083
7909371	3.835992
7909390	3.191019
7909400	10.91856
7909418	4.9126
7909422	4.946543
7909425	4.861851
7909441	7.339292
7909446	4.284376
7909455	4.736644
7909478	7.282044
7909494	3.145328
7909503	4.517137
7909510	7.286506
7909525	2.939773
7909527	6.489943
7909529	8.220856
7909545	6.700216
7909561	5.322733
7909568	3.69548
7909586	8.54747
7909601	5.497738
7909603	8.097445
7909610	6.384745
7909624	4.712991
7909626	2.062829
7909628	5.236305
7909642	4.802475
7909661	7.171762
7909681	3.853256
7909689	5.557776
7909708	3.940427
7909730	3.866416
7909745	10.34063
7909768	4.050104
7909780	3.261189
7909782	5.16906
7909789	4.601365
7909801	6.867766
7909811	5.342111
7909813	3.744972
7909815	8.465168
7909839	5.496393
7909841	5.068166
7909862	5.915329
7909866	4.85079
7909877	6.258573
7909888	2.504959
7909890	5.469547
7909896	6.202905
7909898	8.469354
7909931	10.11587
7909946	3.973299
7909954	5.047687
7909965	5.805327
7909967	9.778823
7909990	7.418267
7909992	8.702157
7909999	2.570904
7910001	6.319916
7910010	3.342946
7910012	2.72395
7910014	7.469067
7910022	3.852591
7910030	4.81121
7910047	5.458971
7910054	3.319428
7910096	4.336691
7910099	9.497806
7910111	9.214969
7910124	10.87276
7910134	5.974975
7910138	2.420686
7910142	5.289936
7910146	7.15873
7910164	7.068902
7910184	4.790825
7910186	4.09499
7910188	3.95233
7910190	5.391479
7910198	5.9115
7910200	6.440496
7910211	4.359959
7910217	5.104693
7910229	10.6092
7910241	8.617642
7910257	6.678797
7910261	6.165195
7910265	5.306768
7910369	5.526278
7910372	8.346006
7910377	7.373262
7910379	4.008025
7910381	5.152083
7910383	3.1921
7910385	9.269321
7910387	9.279939
7910396	2.91622
7910398	8.196849
7910414	6.063161
7910416	6.394595
7910427	8.92403
7910446	7.960841
7910466	7.5762
7910490	4.386842
7910492	4.910589
7910494	8.116629
7910503	5.399299
7910520	8.9611
7910539	7.112353
7910550	7.435269
7910559	4.757463
7910585	5.897851
7910587	2.595105
7910589	5.891881
7910591	6.448862
7910600	5.646122
7910611	7.486287
7910618	5.599983
7910630	6.186654
7910634	2.249123
7910636	5.145299
7910638	6.584197
7910640	6.636623
7910651	5.94498
7910672	1.746823
7910674	4.051425
7910680	8.677725
7910694	7.197744
7910706	7.744363
7910727	4.557929
7910752	7.363004
7910790	7.565172
7910792	3.229255
7910897	5.448361
7910899	7.251235
7910901	7.67381
7910903	2.053666
7910905	2.702127
7910907	2.197878
7910909	2.769506
7910911	2.221427
7910913	6.190915
7910915	3.128791
7910923	3.674095
7910944	4.042004
7910948	2.479644
7910950	3.695909
7910971	2.820739
7910997	4.020415
7911017	6.948064
7911038	6.821999
7911045	3.817478
7911047	7.336371
7911049	3.223053
7911056	5.005798
7911078	7.089869
7911085	6.931989
7911092	7.362004
7911094	1.865527
7911096	5.520231
7911108	6.246541
7911110	5.303341
7911112	4.712265
7911114	5.050603
7911136	2.487948
7911138	6.338297
7911155	11.71079
7911170	5.830427
7911174	3.164905
7911176	2.70294
7911178	4.955708
7911197	4.523363
7911199	2.795294
7911207	4.484975
7911209	3.574296
7911211	2.511714
7911213	3.789659
7911215	2.788585
7911218	6.023535
7911229	5.780157
7911231	5.780157
7911233	4.50754
7911235	3.114601
7911237	4.096283
7911241	3.95858
7911243	2.809881
7911248	3.063841
7911252	4.437959
7911258	3.799153
7911260	4.299741
7911263	4.736917
7911265	2.437296
7911267	2.944792
7911269	4.0396
7911271	4.494356
7911273	3.481677
7911276	3.4487
7911278	4.909493
7911281	4.075138
7911283	4.534208
7911285	2.671158
7911287	4.254558
7911289	7.169924
7911301	6.781381
7911307	7.825143
7911309	7.958356
7911323	3.117399
7911329	7.371396
7911331	6.830649
7911333	7.639504
7911335	12.24197
7911337	11.97675
7911339	9.323321
7911341	10.23103
7911343	11.6616
7911345	5.353336
7911347	6.821976
7911349	4.321077
7911351	6.945044
7911355	6.253908
7911359	7.811586
7911371	5.526078
7911376	7.015249
7911383	5.954861
7911403	6.20199
7911413	5.917689
7911422	8.016763
7911435	6.315392
7911444	6.471922
7911458	6.605381
7911486	7.410371
7911506	7.141607
7911529	8.193367
7911532	8.069325
7911539	8.869878
7911559	8.506158
7911568	7.786809
7911578	7.233778
7911591	7.599352
7911600	7.757904
7911619	10.61023
7911634	6.685503
7911643	4.472428
7911657	6.733539
7911659	4.214336
7911676	5.162358
7911681	4.403907
7911683	6.101047
7911699	6.552836
7911701	6.106394
7911718	5.41171
7911720	6.403525
7911730	6.601503
7911750	6.601151
7911754	7.83187
7911767	4.806709
7911793	6.474304
7911796	6.264358
7911799	6.192732
7911839	5.449076
7911854	6.166335
7911862	7.933438
7911870	7.403334
7911897	7.662033
7911902	5.3636
7911941	5.50292
7911989	6.316703
7911993	8.28046
7912004	6.81592
7912012	5.884008
7912031	5.844679
7912040	7.294444
7912056	5.601489
7912086	8.003742
7912102	6.012582
7912112	7.776857
7912133	4.673553
7912136	2.885295
7912145	4.36975
7912155	7.147445
7912157	7.669976
7912162	5.559576
7912164	2.726979
7912166	8.064303
7912194	7.083948
7912196	4.64283
7912198	11.60769
7912211	4.330832
7912224	5.313494
7912239	6.86116
7912248	3.855887
7912250	7.630291
7912252	4.382406
7912254	4.844075
7912257	8.56776
7912280	4.247268
7912283	7.048836
7912292	8.31653
7912303	7.135231
7912316	7.078548
7912343	7.527296
7912347	7.043394
7912349	5.578639
7912361	4.35223
7912374	8.346014
7912385	8.060234
7912412	7.650194
7912473	6.545863
7912481	6.29298
7912496	6.492201
7912511	6.670122
7912515	4.137866
7912520	5.133515
7912525	2.513016
7912527	3.229358
7912529	4.365115
7912531	2.047768
7912535	4.847871
7912537	9.984252
7912547	3.699752
7912552	3.61937
7912555	3.650068
7912561	4.718184
7912567	3.668606
7912575	3.737998
7912580	5.056349
7912582	3.267975
7912585	5.046028
7912589	3.236367
7912591	5.814753
7912595	3.244831
7912601	4.136545
7912606	5.814753
7912610	3.244831
7912617	4.136545
7912622	4.24557
7912625	2.995044
7912627	4.493076
7912629	5.43547
7912638	7.351845
7912646	7.778033
7912659	5.874198
7912670	8.590117
7912672	4.699762
7912675	6.083209
7912692	4.654434
7912701	6.258437
7912706	8.232021
7912724	5.980679
7912743	6.260233
7912750	7.451869
7912762	3.500146
7912764	4.892731
7912784	5.628932
7912800	11.19247
7912802	4.333292
7912804	7.605517
7912806	2.74204
7912808	10.45482
7912839	6.754
7912850	11.19247
7912852	10.53429
7912854	5.603038
7912861	5.574316
7912863	5.977208
7912882	2.957706
7912884	4.31928
7912887	6.043738
7912898	7.375949
7912928	7.756767
7912937	5.970109
7912956	8.697918
7912968	5.331564
7912975	6.702222
7912994	6.143591
7913001	8.765366
7913110	7.952345
7913138	4.204762
7913146	7.127657
7913154	4.795609
7913156	7.562891
7913169	9.973463
7913185	5.206857
7913187	8.024255
7913206	5.836451
7913211	5.63923
7913216	5.586164
7913226	6.055889
7913235	6.013181
7913237	9.741519
7913242	7.169814
7913249	6.195372
7913252	6.398885
7913256	9.704283
7913271	5.14524
7913290	5.267312
7913300	9.391426
7913319	8.460929
7913357	8.19713
7913380	12.48423
7913385	6.209955
7913415	8.041651
7913450	7.039857
7913547	6.066353
7913556	2.032516
7913558	7.405704
7913566	6.486848
7913571	10.60276
7913582	8.681074
7913593	8.983227
7913609	6.98732
7913642	7.239314
7913644	5.186727
7913655	7.753852
7913663	3.636759
7913665	6.752084
7913667	7.749097
7913682	8.352785
7913694	10.19111
7913705	4.738918
7913712	7.934453
7913727	4.661239
7913768	5.027409
7913776	5.626913
7913787	6.333525
7913799	1.983665
7913801	3.293277
7913803	2.281676
7913805	5.851545
7913814	7.906339
7913824	8.796344
7913835	4.592732
7913850	5.187333
7913852	3.749062
7913858	7.971468
7913864	4.115204
7913869	5.9998
7913883	8.485388
7913896	5.574502
7913907	3.774393
7913918	5.581483
7913938	6.735999
7913965	5.895875
7913972	4.120507
7913976	3.108688
7913978	6.880817
7913990	5.99088
7914000	5.439576
7914003	6.652648
7914015	6.441938
7914021	8.112583
7914038	2.926911
7914040	8.311024
7914042	6.494949
7914075	5.503574
7914084	5.991409
7914094	7.605143
7914103	5.943666
7914112	6.353302
7914127	7.879418
7914137	1.803725
7914141	6.345513
7914153	6.967786
7914178	6.091907
7914180	9.709991
7914182	4.351754
7914184	5.929404
7914194	7.127491
7914200	2.005619
7914202	8.179712
7914212	8.904465
7914214	7.240293
7914216	7.881617
7914218	5.936871
7914230	2.766892
7914232	6.976273
7914235	9.255272
7914245	6.912977
7914260	4.102838
7914270	8.12253
7914282	5.932406
7914296	9.978502
7914322	5.581531
7914324	5.581531
7914326	5.029759
7914334	7.14501
7914342	4.990594
7914354	7.26448
7914361	6.62566
7914433	5.723994
7914467	5.775117
7914489	11.03413
7914496	5.250182
7914498	3.558711
7914500	6.75853
7914516	6.361602
7914525	10.54982
7914530	7.396575
7914550	5.166698
7914555	3.156696
7914557	5.288032
7914563	7.859463
7914580	5.31636
7914592	9.525672
7914603	8.153584
7914617	8.048324
7914628	5.319125
7914630	6.812767
7914643	4.417842
7914648	6.352252
7914667	4.458638
7914748	4.681377
7914750	6.62299
7914758	4.893073
7914764	7.56648
7914791	9.957869
7914805	3.861728
7914809	8.897155
7914834	9.390546
7914847	5.777561
7914851	3.919013
7914878	2.772175
7914880	6.376691
7914887	8.566367
7914898	7.467396
7914904	6.573162
7914917	7.432717
7914923	5.687624
7914938	5.258497
7914940	8.502589
7914950	5.552942
7914974	5.39972
7914992	4.740829
7914994	3.235531
7914996	8.172478
7915008	7.375801
7915015	8.291445
7915032	5.88007
7915045	5.227333
7915056	4.172152
7915074	1.776186
7915078	6.014414
7915084	7.397524
7915091	7.207357
7915101	7.162417
7915130	8.041467
7915147	5.203127
7915156	6.272138
7915160	7.850977
7915170	6.95475
7915178	5.108707
7915184	8.850003
7915198	3.365188
7915200	4.366055
7915202	5.002079
7915204	4.503947
7915207	9.206093
7915227	6.613956
7915229	5.514089
7915238	5.331116
7915245	4.658373
7915252	7.021291
7915257	6.024514
7915261	8.459452
7915275	5.824944
7915277	8.427117
7915284	5.616949
7915286	10.07915
7915297	6.716463
7915329	6.850215
7915331	5.651917
7915333	5.385544
7915345	7.327823
7915347	6.812724
7915351	5.537304
7915363	8.033267
7915385	6.552359
7915392	5.708687
7915404	5.020614
7915408	8.568039
7915425	5.551758
7915435	5.872399
7915444	5.21325
7915466	5.860654
7915468	5.464717
7915472	9.882686
7915485	7.404354
7915498	3.883424
7915500	7.645205
7915504	10.04312
7915516	6.973157
7915529	6.074355
7915543	6.472901
7915561	2.479089
7915563	6.502326
7915565	1.942368
7915567	6.540812
7915578	6.610226
7915590	2.400652
7915592	6.808868
7915594	6.626135
7915598	4.809916
7915609	5.047798
7915612	5.279433
7915614	5.49572
7915640	6.898329
7915657	5.035534
7915659	7.772616
7915682	6.102224
7915695	6.255316
7915718	7.445406
7915731	5.203846
7915733	10.07814
7915743	5.597127
7915758	9.363503
7915775	8.297823
7915787	9.903129
7915801	7.922157
7915827	8.504264
7915841	6.470846
7915846	7.828474
7915861	6.980713
7915870	6.633891
7915882	10.52245
7915896	7.595762
7915902	5.12809
7915910	8.733145
7915919	4.884838
7915926	4.890831
7915949	5.612107
7915951	3.325462
7915955	7.300621
7915971	3.778534
7915982	5.62109
7915991	5.688661
7915995	8.309427
7916016	6.075487
7916018	6.624439
7916020	2.342804
7916022	7.829189
7916024	8.113414
7916045	9.428216
7916077	9.260038
7916112	4.527632
7916120	9.622999
7916130	6.912167
7916135	7.076851
7916167	3.519312
7916185	7.601843
7916219	6.361453
7916225	5.91888
7916227	2.315941
7916229	7.591397
7916246	5.137588
7916248	5.069035
7916262	8.689158
7916274	7.139804
7916282	5.201631
7916304	5.167102
7916316	7.203967
7916341	2.435419
7916343	8.214677
7916356	6.502987
7916364	5.732334
7916372	11.78436
7916384	5.037225
7916393	5.185189
7916403	8.707783
7916412	5.896051
7916422	7.215205
7916425	7.909088
7916432	11.46137
7916443	8.390262
7916487	1.885988
7916489	5.042927
7916491	3.393584
7916493	7.928053
7916506	4.498213
7916526	3.593324
7916541	4.423582
7916562	12.09636
7916564	6.3893
7916566	2.667568
7916568	4.94555
7916570	8.412431
7916582	5.845619
7916584	12.04773
7916590	10.6086
7916592	8.349258
7916609	7.758214
7916616	7.013251
7916629	3.282223
7916643	6.660219
7916654	4.80912
7916667	3.575946
7916669	8.181457
7916725	4.132861
7916727	6.782489
7916741	6.522053
7916743	4.527775
7916745	2.387536
7916747	9.676087
7916775	4.541861
7916777	3.92058
7916781	4.8004
7916785	2.340484
7916789	4.997396
7916808	7.41455
7916822	2.445481
7916832	4.101903
7916834	2.334248
7916836	8.960955
7916841	2.605766
7916843	9.234315
7916851	4.962113
7916853	4.025535
7916862	11.12335
7916880	3.178125
7916882	3.532979
7916898	2.453483
7916910	6.20328
7916926	4.834934
7916928	7.407344
7916944	4.113909
7916969	9.13341
7916984	4.857211
7916986	3.938188
7916998	3.525414
7917000	4.040242
7917002	1.767274
7917004	2.10814
7917008	2.369246
7917015	3.268687
7917019	3.060607
7917037	8.20307
7917050	5.472656
7917052	4.48215
7917080	6.075894
7917082	2.234446
7917088	7.105421
7917103	8.564494
7917120	8.35324
7917148	8.816905
7917151	4.682973
7917156	9.626251
7917180	3.468719
7917182	2.376677
7917199	7.740176
7917232	8.599585
7917240	7.818878
7917251	3.506817
7917255	5.465339
7917276	7.323821
7917283	4.472106
7917304	3.005804
7917322	6.152965
7917331	6.920012
7917338	7.790959
7917347	9.110596
7917357	3.199622
7917359	9.453096
7917370	4.634348
7917431	3.81659
7917433	8.375158
7917455	10.17496
7917466	4.861264
7917468	5.607753
7917470	4.71284
7917472	9.109075
7917482	7.459798
7917503	9.218122
7917514	5.911885
7917516	9.795623
7917528	6.870523
7917530	7.705151
7917532	8.392712
7917548	5.310144
7917561	7.604576
7917576	4.925813
7917591	4.377604
7917593	4.751109
7917597	1.963959
7917599	5.862282
7917604	8.150204
7917612	2.485354
7917634	2.101269
7917645	14.53102
7917647	4.969321
7917649	8.197323
7917670	6.937811
7917672	6.340144
7917674	8.572376
7917676	5.783558
7917695	2.78266
7917697	4.972952
7917707	7.507565
7917726	2.563828
7917728	6.242396
7917735	2.198894
7917737	6.454924
7917739	3.952681
7917741	8.537672
7917752	5.25008
7917754	7.038699
7917771	7.440425
7917779	6.599613
7917790	2.591073
7917792	2.43
7917794	1.939467
7917798	4.024473
7917850	8.305744
7917875	7.592693
7917885	8.783427
7917896	6.910122
7917902	3.313001
7917904	2.909772
7917906	10.67337
7917910	4.229319
7917912	9.356616
7917942	3.833251
7917944	3.766482
7917946	2.655762
7917954	7.422209
7917972	2.952209
7917974	2.586877
7917976	4.463084
7917996	3.010991
7918008	7.56051
7918026	5.23936
7918034	7.702956
7918048	3.064762
7918050	10.10491
7918052	3.344645
7918064	5.006497
7918134	6.907647
7918149	5.522728
7918151	2.129491
7918157	4.359417
7918188	9.215116
7918203	5.079008
7918223	5.184555
7918235	3.111327
7918255	8.24597
7918275	6.736506
7918284	8.043837
7918294	4.322958
7918300	5.256781
7918313	4.477964
7918323	10.23516
7918345	8.745979
7918359	7.27522
7918365	6.335405
7918367	4.506622
7918379	5.830116
7918394	6.528892
7918416	5.592914
7918424	2.626563
7918426	6.558162
7918437	7.349577
7918444	5.499693
7918449	4.087551
7918457	4.47133
7918465	2.504514
7918467	7.271141
7918474	8.898118
7918487	9.983469
7918504	5.227638
7918517	8.188189
7918533	4.434603
7918548	2.39647
7918550	4.231977
7918552	4.802608
7918558	6.15048
7918569	5.156203
7918593	8.745651
7918606	5.374507
7918620	5.106471
7918622	3.773062
7918634	6.504305
7918657	4.829161
7918681	7.233861
7918694	8.587654
7918703	7.652765
7918716	4.504045
7918725	8.351159
7918747	3.743211
7918749	5.662385
7918751	5.008763
7918753	2.293953
7918755	3.908965
7918757	3.822505
7918759	8.639388
7918768	7.325294
7918792	5.599441
7918794	3.288829
7918811	3.73247
7918813	8.756628
7918825	11.81861
7918847	6.892659
7918857	8.954002
7918869	6.227832
7918876	6.452332
7918878	3.483861
7918891	2.358147
7918898	3.19591
7918900	6.683709
7918902	7.132728
7918911	7.654241
7918913	6.749056
7918923	4.5228
7918925	6.282171
7918936	9.897416
7918951	3.164471
7918953	2.092245
7918955	8.481974
7918973	3.226054
7919024	2.44284
7919026	2.119517
7919028	3.371176
7919038	6.908867
7919047	2.535044
7919049	4.841724
7919051	5.947515
7919055	9.124493
7919067	4.584386
7919080	3.37588
7919088	3.4717
7919095	10.35323
7919129	7.200767
7919131	6.35984
7919133	4.128677
7919139	3.448374
7919146	3.671081
7919151	7.677221
7919155	6.772243
7919157	6.66262
7919160	4.734796
7919162	5.666774
7919166	4.734796
7919168	6.619438
7919193	11.26661
7919195	2.224141
7919197	5.916152
7919208	5.262425
7919217	5.781625
7919226	7.553641
7919243	3.629308
7919251	7.531654
7919267	6.980768
7919269	11.52981
7919271	10.87649
7919299	6.779731
7919301	5.929537
7919303	3.693003
7919305	7.386004
7919314	8.075061
7919324	1.943088
7919326	7.728874
7919340	3.42263
7919347	6.980768
7919349	11.52981
7919351	10.87399
7919380	6.779731
7919382	4.597414
7919384	4.640097
7919386	6.989348
7919388	2.870448
7919390	4.202384
7919392	7.677221
7919394	4.879939
7919405	6.772243
7919407	5.879802
7919412	11.0701
7919436	11.79027
7919438	10.9941
7919556	4.952614
7919560	5.091025
7919562	3.705462
7919564	7.282077
7919566	4.351655
7919568	5.579098
7919570	2.357669
7919572	4.477148
7919576	11.19247
7919578	4.5916
7919580	5.269182
7919582	5.653524
7919584	8.161687
7919589	7.741873
7919591	3.369648
7919594	2.460827
7919596	5.269182
7919598	6.470212
7919600	6.514035
7919602	5.19806
7919604	4.953204
7919606	8.331307
7919612	7.671002
7919614	6.614622
7919619	8.347233
7919625	8.679212
7919627	7.460051
7919637	7.609086
7919642	6.96691
7919645	4.209787
7919659	7.256721
7919669	5.592248
7919699	7.57926
7919715	6.65529
7919729	9.066909
7919743	5.837742
7919749	6.981537
7919751	10.76465
7919761	6.889744
7919763	7.764252
7919776	3.020515
7919780	9.222329
7919787	3.805963
7919800	9.797627
7919815	4.914699
7919825	8.34882
7919852	2.213717
7919854	7.186932
7919856	9.068293
7919872	7.263267
7919886	2.56421
7919888	8.859171
7919898	5.752933
7919923	5.661608
7919929	3.984011
7919940	7.971445
7919950	8.26651
7919971	7.488294
7919984	10.34753
7920000	8.026113
7920027	5.556916
7920045	2.038402
7920047	7.411878
7920057	6.501904
7920077	6.0444
7920082	7.327084
7920100	3.877825
7920114	5.75099
7920123	11.70005
7920128	11.26482
7920135	4.128358
7920141	4.717494
7920146	4.126604
7920155	4.213757
7920165	6.173237
7920175	3.586926
7920178	8.102059
7920182	5.488689
7920185	5.01526
7920191	6.571136
7920193	6.004631
7920196	3.845822
7920201	4.823592
7920205	8.571883
7920210	3.638023
7920214	3.729115
7920217	7.154624
7920220	4.637204
7920228	5.136836
7920238	4.637521
7920244	10.68046
7920249	3.060632
7920252	4.920808
7920258	8.346233
7920264	4.562613
7920271	5.391608
7920278	3.945722
7920285	5.42309
7920291	8.391798
7920297	8.97515
7920303	5.781895
7920317	9.580372
7920333	4.706627
7920335	2.227792
7920337	5.207952
7920341	7.375355
7920354	6.80564
7920382	6.457685
7920401	8.280804
7920409	9.772262
7920422	7.844009
7920426	3.315489
7920468	1.994229
7920470	2.314736
7920472	6.385233
7920487	4.65161
7920492	10.17205
7920506	5.201581
7920515	8.045627
7920531	8.824656
7920552	5.218317
7920567	6.933758
7920575	7.394171
7920594	6.774018
7920600	7.563792
7920616	4.558425
7920633	7.587196
7920642	11.32502
7920659	8.007529
7920664	6.178906
7920687	4.724612
7920697	7.887698
7920707	6.363968
7920725	7.817321
7920737	8.220666
7920744	5.771741
7920757	5.193187
7920766	8.746978
7920795	2.653396
7920799	7.635592
7920810	7.010365
7920839	8.838428
7920852	7.760757
7920873	10.34148
7920875	4.189683
7920877	6.917028
7920903	10.66832
7920912	7.142798
7920928	5.449715
7920944	7.646769
7920971	8.033183
7920980	3.824339
7920984	8.793879
7921003	3.576955
7921012	3.886615
7921014	6.825334
7921031	5.272155
7921033	4.650142
7921076	6.458137
7921088	5.522556
7921099	9.275345
7921110	7.524877
7921119	3.912021
7921121	8.672361
7921133	9.089792
7921144	4.847878
7921155	5.130292
7921179	6.867002
7921222	4.967112
7921228	8.431344
7921237	3.928979
7921259	3.41819
7921275	4.197958
7921298	3.961536
7921319	5.756011
7921332	4.804844
7921342	5.428677
7921344	8.265699
7921346	2.760537
7921354	3.411052
7921356	3.727466
7921358	4.17454
7921360	5.040412
7921362	3.980225
7921364	2.178172
7921367	3.418146
7921420	3.800621
7921422	2.313244
7921425	3.522469
7921427	3.292917
7921429	3.677321
7921431	3.937809
7921434	3.559899
7921442	2.638881
7921445	4.274459
7921447	3.054254
7921449	3.613298
7921462	5.285084
7921471	2.513209
7921473	4.699583
7921487	7.811564
7921492	6.147405
7921516	4.900178
7921526	7.93352
7921533	4.282038
7921538	6.618262
7921552	7.717712
7921571	8.449186
7921583	10.34403
7921621	6.434159
7921623	2.395849
7921625	3.966336
7921637	4.461749
7921652	3.757827
7921667	5.726763
7921677	4.819267
7921690	4.062453
7921702	4.013124
7921713	10.18174
7921738	8.014078
7921752	5.757133
7921773	9.36012
7921786	7.37276
7921793	7.231405
7921806	7.914806
7921821	4.596605
7921834	5.535447
7921840	4.276163
7921852	4.212959
7921862	3.705387
7921868	4.85972
7921873	5.380663
7921882	4.503417
7921895	5.098267
7921900	5.826779
7921909	4.469837
7921916	3.390616
7921930	4.422403
7921932	4.453343
7921936	5.442997
7921955	3.366019
7921970	8.826342
7921987	9.359544
7922001	4.846815
7922008	7.933104
7922018	3.765352
7922029	5.900967
7922040	5.633894
7922051	8.465568
7922058	3.478089
7922095	8.418056
7922104	7.540521
7922108	5.185496
7922121	3.176699
7922125	2.474095
7922127	3.5468
7922130	3.85632
7922137	6.353411
7922152	4.125474
7922162	8.981688
7922174	6.572873
7922200	3.781116
7922219	6.84428
7922229	5.145345
7922243	6.753939
7922250	8.406987
7922266	4.664383
7922268	7.66978
7922291	2.532431
7922293	1.910774
7922295	1.933622
7922297	3.959972
7922299	5.210745
7922301	3.258907
7922309	6.641278
7922324	3.871529
7922326	6.262623
7922328	5.54953
7922330	6.932158
7922337	2.788031
7922343	2.967481
7922351	5.57409
7922353	2.814654
7922382	2.800936
7922389	3.234896
7922391	4.302988
7922400	8.023861
7922402	8.157514
7922404	6.737386
7922406	6.767923
7922408	8.352067
7922410	8.341263
7922412	5.17096
7922414	8.994999
7922416	8.242306
7922418	8.917067
7922420	3.950638
7922432	8.430603
7922456	6.373434
7922458	2.794047
7922460	2.192779
7922462	7.748032
7922472	2.17295
7922474	4.812529
7922482	4.171848
7922504	8.703996
7922523	5.187689
7922525	4.643559
7922550	5.538725
7922590	5.804212
7922596	6.02675
7922598	3.316721
7922610	6.861558
7922627	4.917393
7922637	8.319809
7922646	9.422142
7922648	6.577902
7922652	4.785855
7922656	6.314763
7922667	2.046962
7922669	7.534035
7922684	4.853972
7922686	5.028596
7922689	10.8436
7922703	4.034875
7922707	7.630961
7922717	6.999807
7922727	4.701101
7922737	2.712632
7922752	5.751649
7922754	5.456864
7922756	5.029759
7922773	6.31376
7922793	9.364511
7922804	2.817432
7922807	4.096627
7922821	2.565798
7922823	8.699085
7922846	7.162961
7922868	3.069623
7922870	7.815934
7922887	2.807812
7922889	9.971371
7922908	2.475941
7922910	2.864907
7922912	7.883697
7922969	2.508731
7922976	7.671431
7922994	3.136014
7923003	1.974724
7923007	7.145135
7923027	6.4741
7923034	3.280545
7923037	4.153516
7923039	2.448596
7923041	1.951782
7923043	2.972215
7923073	2.256386
7923086	3.118017
7923119	7.501341
7923131	7.966841
7923141	8.687456
7923162	5.685254
7923164	2.933515
7923173	3.658878
7923175	2.364267
7923177	2.221946
7923179	2.426083
7923183	6.46869
7923189	3.079636
7923221	5.412014
7923231	2.792019
7923233	5.591248
7923271	4.190318
7923317	4.784044
7923319	6.856287
7923332	5.922587
7923347	8.13293
7923360	5.77649
7923372	8.049664
7923378	8.685131
7923386	4.586187
7923394	7.568296
7923406	5.228814
7923424	2.764023
7923426	5.391475
7923436	4.285705
7923438	10.33114
7923440	3.821568
7923442	4.808496
7923453	9.540322
7923483	7.078299
7923489	8.177865
7923501	7.01038
7923503	9.236403
7923516	8.311855
7923528	5.723639
7923534	5.396029
7923547	5.491927
7923562	5.006663
7923578	3.734032
7923582	7.113292
7923584	4.464522
7923596	5.255287
7923608	11.09611
7923621	5.640624
7923628	7.116838
7923635	8.243355
7923659	9.129852
7923662	8.747782
7923698	4.123213
7923700	5.169635
7923705	4.419214
7923707	4.527848
7923712	7.257336
7923731	6.053525
7923753	5.946529
7923762	5.024478
7923772	4.157344
7923778	7.172005
7923792	6.291999
7923798	10.26745
7923810	4.45009
7923812	7.99011
7923824	6.68768
7923837	6.491255
7923850	4.70198
7923875	4.969627
7923885	5.283343
7923889	6.810279
7923905	2.469146
7923907	4.321327
7923917	5.486409
7923929	13.64712
7923942	5.279732
7923956	4.992449
7923958	9.503985
7923965	4.646443
7923967	6.77459
7923972	4.146666
7923974	7.641912
7923976	7.623683
7923978	4.685457
7923991	6.724966
7924029	7.924932
7924055	5.89234
7924058	8.675909
7924069	3.330041
7924071	3.95972
7924085	3.47035
7924092	7.863873
7924096	4.400056
7924107	6.855428
7924117	3.438893
7924119	7.497463
7924144	10.43418
7924148	2.323022
7924150	5.393367
7924163	4.322285
7924166	5.342181
7924172	8.363811
7924180	3.224112
7924184	4.453573
7924190	7.62869
7924203	4.234214
7924207	7.072486
7924230	6.872871
7924233	3.674559
7924307	3.918288
7924309	4.846772
7924325	2.005938
7924327	7.499885
7924340	3.87093
7924342	4.11624
7924351	9.132142
7924386	6.365242
7924388	7.975327
7924401	2.081682
7924403	2.518583
7924405	8.051923
7924443	6.561581
7924445	3.875507
7924450	5.604389
7924461	3.375468
7924463	6.830649
7924465	5.296478
7924476	5.250025
7924491	4.955092
7924495	2.517652
7924497	2.141288
7924499	8.366457
7924508	7.860988
7924526	7.943077
7924549	6.17826
7924551	6.21338
7924553	6.281367
7924558	7.251851
7924582	9.025308
7924603	8.255561
7924619	7.663694
7924636	9.965486
7924663	6.385386
7924669	7.846242
7924682	6.996718
7924686	7.017416
7924701	9.738777
7924712	4.620792
7924731	2.58046
7924733	8.138672
7924754	4.318299
7924756	7.931484
7924758	6.871041
7924760	6.129797
7924773	9.651479
7924817	8.336954
7924819	4.937119
7924821	2.087901
7924823	6.510969
7924832	6.770844
7924840	5.589589
7924842	7.277467
7924853	6.619972
7924863	4.375033
7924868	7.036221
7924874	6.653171
7924884	5.112616
7924888	6.214149
7924893	9.626541
7924895	5.780682
7924897	5.095076
7924908	5.058856
7924910	6.468882
7924923	7.453907
7924956	6.768532
7924967	2.60849
7924969	7.160258
7924977	4.027769
7924987	4.621034
7924996	7.055788
7925003	6.832902
7925028	5.116648
7925031	3.081269
7925033	4.924426
7925043	7.537579
7925048	7.466341
7925056	4.182796
7925058	4.026968
7925062	8.053762
7925087	2.426605
7925089	6.396146
7925128	6.781278
7925130	8.547915
7925161	8.43896
7925170	3.770587
7925174	8.513902
7925182	6.528283
7925184	7.520752
7925201	7.472967
7925229	7.710818
7925242	2.824013
7925244	5.660708
7925246	2.090748
7925248	2.054574
7925250	4.829418
7925257	7.48412
7925320	4.500648
7925342	4.961557
7925361	5.295392
7925364	7.916371
7925413	6.207136
7925417	2.30126
7925419	3.786996
7925432	2.851299
7925434	3.748487
7925436	2.632356
7925438	2.286708
7925442	4.465786
7925444	4.15027
7925446	4.172988
7925448	4.18462
7925450	2.018592
7925452	4.630878
7925457	3.775727
7925480	7.610056
7925492	7.454355
7925500	6.5579
7925504	5.28546
7925511	4.627155
7925523	6.21338
7925525	4.293765
7925531	7.532561
7925550	8.978699
7925561	7.900139
7925565	10.50431
7925585	5.836952
7925587	5.316958
7925589	5.473529
7925607	3.298555
7925609	3.391
7925611	7.154927
7925622	7.523339
7925662	3.851565
7925672	5.224942
7925677	6.247394
7925687	5.59207
7925691	7.540493
7925701	6.024889
7925703	2.14856
7925705	6.385504
7925718	4.60901
7925720	4.470917
7925724	1.937019
7925726	3.123167
7925728	4.660624
7925730	3.294941
7925732	3.225789
7925735	3.09422
7925737	5.246023
7925739	7.34409
7925741	5.269099
7925743	5.322325
7925745	2.577121
7925747	2.678668
7925749	4.534208
7925751	3.378319
7925753	1.82892
7925755	3.725682
7925757	4.100815
7925759	4.245804
7925761	4.067282
7925763	7.296957
7925773	7.408086
7925790	2.910717
7925792	9.362536
7925813	5.015932
7925821	2.65339
7925823	7.76864
7925846	3.966387
7925851	7.08616
7925870	4.430058
7925874	1.773396
7925876	7.089934
7925902	2.790128
7925904	4.614554
7925918	4.951757
7925927	2.771028
7925929	8.201383
7925939	3.305108
7925950	5.099528
7925954	9.355497
7925972	5.190662
7925976	4.05377
7925978	7.975105
7925996	7.491615
7926021	7.120721
7926037	7.542327
7926059	5.192279
7926061	3.370536
7926084	10.11232
7926096	6.748112
7926105	9.482882
7926117	3.877034
7926123	3.654967
7926127	4.97454
7926150	6.077895
7926152	6.022774
7926158	7.027436
7926168	1.901999
7926170	7.441075
7926189	5.866493
7926205	4.892172
7926207	8.847298
7926223	7.577502
7926239	8.036284
7926259	4.345327
7926283	8.345609
7926297	4.723668
7926299	6.70082
7926319	6.444347
7926330	2.594159
7926334	2.771222
7926345	6.591556
7926354	2.388753
7926356	8.530988
7926368	6.317433
7926383	2.538824
7926385	7.431199
7926403	4.206655
7926410	4.43431
7926445	4.206655
7926451	4.43431
7926486	3.674124
7926506	4.481769
7926531	7.944591
7926539	4.471934
7926541	1.966795
7926543	3.5975
7926545	5.627763
7926563	2.141661
7926565	7.349422
7926594	2.319568
7926596	7.770578
7926609	9.153155
7926622	3.74954
7926636	3.049433
7926638	2.905669
7926659	6.154502
7926661	8.155267
7926670	9.731897
7926672	2.17293
7926674	6.684984
7926677	6.904112
7926679	8.849138
7926706	4.592376
7926708	5.249646
7926715	4.218132
7926728	2.724859
7926766	4.333997
7926786	4.768178
7926805	3.351307
7926807	6.335473
7926817	4.772381
7926819	3.052452
7926821	6.604079
7926834	1.970655
7926836	10.19493
7926851	8.665753
7926871	4.693382
7926875	9.192428
7926882	3.76912
7926889	2.450875
7926894	5.767717
7926896	7.34288
7926900	7.162545
7926914	3.559597
7926916	4.345427
7926934	5.078865
7926936	4.921677
7926981	2.043759
7926983	5.028013
7927008	7.882162
7927028	4.625138
7927031	3.222101
7927033	2.824836
7927056	2.531498
7927058	3.564298
7927060	2.156599
7927062	7.216068
7927071	6.333669
7927082	6.154807
7927089	6.830649
7927091	6.002458
7927095	6.473581
7927097	2.020922
7927099	6.390731
7927106	2.540782
7927108	8.189766
7927120	4.799341
7927146	6.596142
7927153	4.833673
7927155	7.774587
7927167	4.30822
7927169	5.623898
7927173	6.547157
7927179	5.422176
7927186	4.368334
7927202	5.757094
7927207	2.31617
7927215	10.5608
7927231	8.883081
7927233	8.105754
7927265	2.091006
7927267	7.559561
7927277	6.911011
7927280	2.982108
7927285	8.839063
7927288	7.322213
7927294	3.013005
7927305	8.392208
7927307	5.542448
7927323	8.145838
7927353	9.094413
7927363	8.21346
7927367	5.651171
7927383	5.212987
7927389	8.071973
7927405	4.956327
7927425	5.807816
7927474	4.324713
7927482	5.168222
7927502	5.250648
7927505	4.908044
7927513	7.233781
7927517	2.091006
7927519	9.530899
7927527	6.004714
7927529	5.131189
7927536	9.813141
7927550	5.251313
7927552	8.746212
7927560	8.13682
7927595	4.467349
7927597	4.149934
7927599	5.834168
7927606	4.010133
7927631	6.02425
7927639	2.862954
7927641	2.015278
7927643	3.677912
7927645	4.787678
7927647	3.052126
7927649	6.569288
7927658	7.443276
7927669	8.049669
7927681	3.964034
7927694	3.349635
7927704	2.260186
7927706	2.624596
7927708	3.843154
7927710	3.087032
7927723	2.724553
7927732	9.913071
7927745	2.554093
7927747	4.967252
7927767	7.46543
7927773	2.451181
7927775	6.087979
7927784	5.922729
7927786	9.967751
7927799	8.702117
7927801	4.852853
7927803	4.090737
7927812	3.376529
7927814	8.417839
7927827	3.675353
7927854	8.533017
7927872	6.409583
7927874	3.278111
7927876	3.890383
7927889	8.401258
7927915	4.315279
7927924	2.158133
7927926	8.473785
7927936	8.152982
7927955	8.675084
7927964	8.718117
7927972	9.141881
7927981	7.818754
7927998	4.551619
7928019	8.387953
7928046	11.17606
7928058	2.269911
7928060	1.957489
7928062	1.923258
7928064	6.353417
7928069	6.153186
7928107	7.285249
7928119	10.40798
7928126	5.227698
7928147	5.271558
7928171	10.53903
7928189	6.670591
7928208	7.970716
7928216	6.721474
7928218	6.137314
7928291	6.109479
7928298	2.830122
7928300	9.171278
7928306	7.000924
7928308	7.087346
7928314	2.123684
7928316	2.446156
7928318	8.004264
7928330	4.282282
7928342	4.73417
7928354	7.532928
7928363	2.22918
7928365	2.288754
7928367	4.295708
7928369	7.897976
7928395	7.715591
7928401	7.21011
7928408	5.899863
7928411	6.311285
7928429	6.956497
7928444	8.689539
7928471	7.868511
7928489	7.407751
7928491	7.268086
7928514	4.135079
7928516	7.930669
7928524	7.727713
7928529	4.828198
7928531	5.362206
7928534	5.281221
7928543	3.832457
7928545	3.95998
7928547	9.770021
7928549	2.5862
7928551	7.560862
7928556	5.875632
7928558	7.435918
7928589	8.2863
7928600	11.17497
7928602	5.348082
7928619	6.104067
7928630	11.26904
7928632	5.348082
7928645	6.240216
7928653	6.200435
7928661	4.320988
7928671	8.140647
7928679	5.374731
7928685	3.693529
7928695	8.694896
7928705	9.354908
7928723	4.800953
7928736	5.394449
7928746	3.948537
7928748	1.892155
7928750	4.01941
7928752	9.184737
7928766	6.853535
7928770	4.691566
7928789	4.672314
7928800	8.290848
7928817	3.047152
7928819	3.199677
7928821	2.568192
7928823	5.881402
7928838	5.142054
7928855	8.83399
7928870	7.649265
7928872	10.21634
7928882	9.407687
7928890	8.94288
7928907	7.566901
7928909	7.022513
7928915	6.123508
7928937	8.11509
7928944	7.39647
7928959	9.853459
7928967	3.027089
7928982	2.58701
7928994	3.336933
7928999	2.127689
7929003	3.768177
7929012	4.964539
7929026	5.256577
7929032	6.833649
7929047	6.778985
7929052	6.70921
7929061	3.510964
7929065	6.15832
7929072	7.550085
7929078	3.740679
7929114	5.289394
7929116	7.673062
7929130	3.740989
7929132	7.564763
7929145	5.894112
7929168	8.995171
7929201	8.862674
7929243	7.645697
7929247	8.500766
7929256	7.225699
7929258	3.424929
7929282	5.075031
7929288	7.004281
7929315	5.931137
7929322	4.340558
7929332	3.585792
7929334	3.527527
7929344	4.265125
7929350	3.140434
7929373	2.782044
7929383	5.570095
7929388	10.39558
7929424	6.880669
7929438	4.362131
7929466	3.551405
7929478	3.337023
7929487	3.846316
7929497	4.364024
7929511	5.221772
7929525	2.192859
7929533	3.429164
7929536	4.100943
7929541	3.017785
7929550	5.926744
7929562	7.774257
7929574	3.856401
7929589	3.865835
7929591	3.548732
7929593	12.41228
7929596	8.863798
7929609	6.658861
7929612	3.511112
7929614	2.597333
7929616	5.980396
7929624	9.023129
7929634	8.561447
7929649	7.266207
7929653	5.990678
7929664	5.226611
7929674	4.414075
7929677	7.207825
7929689	5.311204
7929692	6.70278
7929711	4.882162
7929719	7.653879
7929732	3.826643
7929744	5.60873
7929750	7.568207
7929768	6.923102
7929779	4.695872
7929812	2.396385
7929814	3.047152
7929816	5.272895
7929822	4.658093
7929831	8.091325
7929840	5.391261
7929858	7.160537
7929882	5.985058
7929901	5.576424
7929911	7.143355
7929919	6.242314
7929932	5.847466
7929945	4.960805
7929947	4.839968
7929952	3.339442
7929954	2.344193
7929958	7.92066
7929976	6.899883
7929986	2.530815
7929988	6.411385
7929990	6.389261
7930008	7.666717
7930025	3.701186
7930031	8.488471
7930074	7.214043
7930099	5.178404
7930106	6.167198
7930120	6.240233
7930137	4.792098
7930139	8.042327
7930148	7.43473
7930162	7.537982
7930168	6.220467
7930170	5.972229
7930179	2.444604
7930181	4.9386
7930194	6.532491
7930205	5.290974
7930208	3.834438
7930213	6.178137
7930226	7.190985
7930264	5.756356
7930276	9.862302
7930299	5.673317
7930304	7.159176
7930311	6.689312
7930320	3.40752
7930341	4.744021
7930376	6.193089
7930378	3.693675
7930380	9.716176
7930398	7.514452
7930413	8.187683
7930422	7.57275
7930450	5.074912
7930452	2.157335
7930454	11.02836
7930470	9.02248
7930482	5.671493
7930487	3.131917
7930498	11.33728
7930524	7.530642
7930533	4.761695
7930537	7.942928
7930559	7.34288
7930561	4.861521
7930577	8.534187
7930593	7.993112
7930612	3.83759
7930614	8.241793
7930627	6.323934
7930629	2.4075
7930631	3.123341
7930663	5.836012
7930680	1.987894
7930682	7.736805
7930703	8.093011
7930714	3.203201
7930750	2.216097
7930760	3.185864
7930775	2.288359
7930777	2.876101
7930790	4.643202
7930804	4.754002
7930818	4.048011
7930833	4.843647
7930837	4.341317
7930857	4.757981
7930861	3.87878
7930870	9.284409
7930872	5.549867
7930880	4.499687
7930882	8.428129
7930894	4.40316
7930915	4.322632
7930917	4.641203
7930919	6.08629
7930921	7.766347
7930927	6.466851
7930954	4.787076
7930956	9.408974
7930980	4.511097
7930994	5.62254
7930996	8.164121
7931029	2.310737
7931031	8.008739
7931062	5.74709
7931079	3.819147
7931081	9.079901
7931097	6.377418
7931108	6.299839
7931140	5.005434
7931152	5.000511
7931155	4.524788
7931159	4.710627
7931168	8.26442
7931181	5.604978
7931184	5.653111
7931187	8.683826
7931199	4.133019
7931204	7.072532
7931214	2.258037
7931216	7.733114
7931226	8.471392
7931239	7.200447
7931268	7.357009
7931281	6.440674
7931293	8.283173
7931346	6.027769
7931348	6.754447
7931353	5.617082
7931379	6.660594
7931387	4.633739
7931389	3.521276
7931393	8.66262
7931403	3.399971
7931405	7.831182
7931417	4.7946
7931439	6.055253
7931455	5.956889
7931469	7.384651
7931473	4.682352
7931479	8.188883
7931500	5.45321
7931519	5.323953
7931553	7.122483
7931556	5.892886
7931561	6.234733
7931571	5.911381
7931582	6.605668
7931607	7.456614
7931623	5.555073
7931643	5.153851
7931656	6.658744
7931659	6.658744
7931662	6.658744
7931665	6.675781
7931668	6.658744
7931671	6.658744
7931674	3.883763
7931681	5.566493
7931683	7.317474
7931726	5.962114
7931728	8.697459
7931748	3.174936
7931754	7.967429
7931764	5.55604
7931778	8.369238
7931810	7.892186
7931822	3.784422
7931824	3.698585
7931830	2.771028
7931832	7.202913
7931838	2.328706
7931840	4.682499
7931850	2.433864
7931852	3.898456
7931859	6.319031
7931863	6.776744
7931873	10.72174
7931888	5.138866
7931899	6.244076
7931914	4.38897
7931926	3.902111
7931928	2.025234
7931930	4.478815
7931951	5.259023
7931975	2.855708
7931977	5.287226
7932000	7.269081
7932014	5.252294
7932017	2.514003
7932019	4.438735
7932023	8.361368
7932041	7.271729
7932067	2.308746
7932069	7.048717
7932082	3.873397
7932086	4.282075
7932088	4.813184
7932094	6.227837
7932109	8.192482
7932118	6.639065
7932130	4.818309
7932132	5.879438
7932160	9.208504
7932177	5.378918
7932186	6.451348
7932209	6.511005
7932211	3.426932
7932214	3.58135
7932221	5.211884
7932227	7.223184
7932243	6.919889
7932254	3.50227
7932285	7.514603
7932304	2.018589
7932306	2.602448
7932308	6.206143
7932311	8.232027
7932326	4.798452
7932390	5.044003
7932407	2.522599
7932418	2.685607
7932420	3.386378
7932433	7.837267
7932445	3.070179
7932447	2.260399
7932449	2.383948
7932451	2.201025
7932453	8.584845
7932492	6.558179
7932495	4.828518
7932498	4.823408
7932508	2.457284
7932510	5.291578
7932512	7.826553
7932528	3.167795
7932530	7.441873
7932542	2.911538
7932548	2.389955
7932550	4.348966
7932552	4.361651
7932554	7.255331
7932584	2.934282
7932598	2.903256
7932608	2.980311
7932610	2.24089
7932612	5.117669
7932616	9.355081
7932635	6.667634
7932637	5.923728
7932676	3.417927
7932678	10.50361
7932703	8.176833
7932721	3.53948
7932725	2.017177
7932727	2.943828
7932733	4.904638
7932742	3.518224
7932744	3.47938
7932765	9.718122
7932786	3.972647
7932788	5.257047
7932790	3.036415
7932792	3.728769
7932794	6.569779
7932796	7.765715
7932826	5.508518
7932832	3.077126
7932834	6.448143
7932860	6.229924
7932862	8.078639
7932864	2.342067
7932867	5.527823
7932881	6.707916
7932885	9.94613
7932909	3.86672
7932911	10.05039
7932938	7.493039
7932960	1.749211
7932962	4.012621
7932964	9.027427
7932966	9.154329
7932983	3.573034
7932985	5.57005
7933008	5.012292
7933010	8.413568
7933043	7.185211
7933045	4.601243
7933047	7.383579
7933071	4.373208
7933073	6.500297
7933075	6.211938
7933078	2.365615
7933080	6.160012
7933082	2.072611
7933084	10.94442
7933086	2.330564
7933090	1.938202
7933092	5.980742
7933105	5.60672
7933113	3.368364
7933115	7.635
7933121	2.077779
7933129	6.541457
7933139	7.269633
7933145	2.26236
7933147	4.847024
7933149	5.704882
7933164	10.22591
7933176	4.60078
7933180	4.635886
7933186	6.131364
7933190	3.989953
7933192	7.129953
7933194	4.092769
7933204	7.346866
7933209	3.899881
7933217	2.316118
7933219	4.815597
7933228	7.821981
7933237	6.393939
7933252	8.877927
7933261	5.139841
7933263	3.935974
7933279	4.493394
7933290	9.279042
7933296	3.191934
7933298	6.400305
7933310	5.592512
7933312	5.702441
7933327	8.21346
7933331	9.094413
7933341	4.211065
7933359	4.552925
7933366	5.241978
7933372	5.59607
7933379	3.862237
7933394	4.493394
7933405	8.812922
7933413	8.917321
7933421	3.191934
7933423	8.21346
7933427	9.023453
7933437	4.394979
7933442	3.410032
7933446	5.270438
7933469	5.632653
7933484	4.198246
7933488	4.511919
7933498	6.20482
7933501	5.911756
7933509	7.369473
7933535	3.674128
7933537	5.266007
7933561	6.514027
7933572	5.139841
7933574	8.896875
7933582	9.230773
7933593	6.004714
7933595	2.091006
7933597	4.199437
7933619	8.09652
7933632	4.952179
7933634	5.750049
7933638	5.090805
7933640	4.406117
7933659	7.018944
7933665	4.887929
7933672	2.694586
7933707	5.75475
7933723	7.110157
7933731	3.256754
7933733	4.181213
7933750	5.691438
7933758	4.290995
7933760	9.559992
7933772	7.405542
7933821	4.833206
7933842	3.837434
7933855	5.623988
7933872	5.922402
7933877	8.687185
7933904	3.443521
7933929	2.32444
7933931	7.858665
7933933	4.609018
7933947	8.680004
7933978	4.708077
7933982	6.202326
7933999	7.591145
7934026	4.98163
7934050	7.670794
7934066	2.375581
7934068	2.111581
7934070	2.542133
7934072	2.75022
7934074	5.711465
7934083	5.019582
7934091	1.992351
7934093	1.998748
7934095	2.362262
7934097	2.932246
7934099	1.936874
7934101	5.387389
7934114	6.532763
7934122	9.297318
7934133	9.033514
7934141	5.629957
7934145	6.315145
7934154	6.378303
7934156	4.226337
7934161	5.558687
7934166	4.143425
7934178	9.228188
7934185	7.879568
7934196	11.40994
7934215	5.696033
7934228	6.950409
7934244	6.911467
7934255	7.640102
7934269	4.221104
7934271	5.382902
7934278	8.225096
7934295	2.200537
7934297	5.71907
7934299	6.337698
7934301	8.142349
7934318	2.025124
7934320	6.292961
7934326	8.936939
7934334	5.526446
7934365	3.851088
7934367	8.571942
7934384	6.063553
7934393	8.266033
7934411	9.186212
7934432	6.268282
7934434	3.901266
7934442	5.09129
7934451	8.961928
7934459	7.243297
7934477	8.380463
7934505	3.803555
7934513	8.469386
7934527	5.87584
7934531	4.639061
7934533	5.507803
7934544	6.763072
7934553	6.32216
7934568	2.041078
7934570	4.058957
7934613	4.047549
7934615	7.97754
7934651	6.910123
7934653	6.923002
7934690	5.987292
7934698	5.595217
7934706	6.984057
7934708	5.595217
7934717	6.984057
7934719	5.879807
7934729	8.310537
7934731	8.377788
7934733	11.20134
7934753	11.2162
7934755	4.564672
7934767	2.70294
7934777	2.112213
7934779	3.922787
7934783	5.304376
7934789	5.221635
7934810	4.925133
7934812	8.742229
7934838	3.611321
7934840	2.418684
7934842	7.869992
7934850	4.559132
7934852	11.08216
7934868	3.191934
7934870	9.113773
7934883	5.195847
7934885	6.859162
7934896	5.090772
7934898	8.087029
7934906	4.853541
7934916	5.333636
7934920	9.051774
7934936	4.130373
7934945	6.051592
7934959	5.254913
7934961	4.07017
7934966	5.62363
7934968	3.509291
7934970	4.236514
7934977	1.941388
7934979	3.596306
7934991	2.34671
7934993	3.401019
7934997	9.48143
7935002	10.00992
7935006	5.702332
7935011	7.328354
7935025	3.506503
7935027	8.396137
7935054	5.607361
7935056	2.979809
7935058	10.46859
7935114	3.505735
7935116	4.440824
7935123	5.095691
7935139	5.521186
7935142	5.5279
7935144	2.12219
7935146	5.85323
7935169	3.023154
7935180	9.088881
7935188	5.341084
7935228	4.548821
7935230	9.157848
7935251	8.318536
7935270	7.360441
7935288	3.78356
7935296	5.28831
7935320	12.23158
7935337	5.850356
7935359	2.479589
7935361	4.913192
7935401	3.138943
7935403	6.151354
7935421	6.68885
7935425	6.672119
7935462	7.442699
7935474	7.512646
7935510	5.361749
7935521	7.621211
7935528	5.775079
7935535	5.18298
7935553	5.899993
7935572	7.86659
7935588	6.804906
7935613	3.670753
7935627	7.973448
7935639	7.273348
7935647	8.072612
7935660	8.219081
7935679	3.192929
7935690	1.999611
7935692	10.24248
7935707	7.558286
7935730	6.982004
7935746	7.118657
7935756	4.233692
7935776	2.53243
7935778	2.218484
7935780	5.484437
7935810	8.382534
7935819	6.589231
7935834	5.448865
7935855	5.194752
7935861	2.826859
7935863	3.735696
7935865	6.101175
7935882	9.026235
7935892	5.732043
7935903	5.623795
7935910	9.120341
7935930	5.026849
7935951	7.693053
7935968	8.18117
7935983	5.541592
7935990	5.52987
7936011	6.408792
7936023	6.258113
7936028	8.234787
7936041	6.643807
7936050	4.625429
7936062	6.414504
7936064	10.54805
7936083	6.973392
7936089	4.584617
7936091	8.361725
7936096	5.358516
7936100	6.97779
7936108	5.033916
7936111	4.152421
7936115	7.412724
7936134	7.880791
7936144	5.593758
7936201	3.37448
7936242	6.115782
7936249	4.218398
7936280	3.338524
7936284	8.390445
7936307	7.872851
7936320	6.647556
7936322	6.180751
7936346	8.901592
7936360	4.668731
7936406	5.715332
7936408	6.127349
7936419	8.226208
7936439	5.429047
7936461	4.277521
7936463	8.865791
7936492	4.753885
7936494	4.34342
7936507	5.626524
7936516	5.128865
7936529	7.52419
7936552	5.431044
7936559	8.539412
7936567	8.545718
7936576	3.75141
7936578	7.775395
7936590	4.35911
7936596	8.894689
7936612	1.782684
7936614	10.47204
7936637	5.669535
7936639	6.252471
7936641	6.651128
7936661	9.744068
7936673	7.749349
7936683	7.724902
7936706	8.209964
7936727	10.48269
7936734	8.499008
7936762	8.842894
7936777	7.469449
7936793	2.854505
7936798	3.541917
7936809	4.692538
7936817	6.433965
7936826	7.386166
7936833	5.894416
7936835	3.645116
7936856	5.550918
7936871	9.124604
7936882	6.55683
7936884	7.061588
7936891	7.905214
7936902	2.045673
7936904	7.158708
7936916	4.617392
7936918	2.58427
7936923	5.960552
7936925	4.872485
7936928	5.306713
7936937	8.79452
7936949	7.900518
7936968	4.574625
7936994	3.817202
7936996	3.728622
7937007	3.564181
7937014	6.703867
7937016	3.962074
7937020	4.248824
7937037	2.875006
7937039	4.491403
7937059	6.883669
7937073	5.815284
7937079	6.353202
7937089	6.640707
7937104	4.66194
7937106	5.886429
7937112	5.098972
7937135	4.223656
7937148	3.033935
7937150	7.428104
7937175	7.453573
7937198	5.370467
7937200	7.384329
7937208	5.887204
7937217	10.82176
7937228	5.638494
7937230	4.019064
7937247	7.668898
7937251	3.987971
7937257	6.519996
7937263	4.699099
7937275	8.216204
7937287	7.637126
7937305	5.155209
7937314	6.308928
7937330	8.343905
7937335	7.60182
7937341	5.226952
7937363	6.90505
7937378	6.158008
7937391	6.159225
7937404	5.202593
7937407	8.2822
7937415	6.945673
7937433	7.039592
7937438	8.09656
7937443	7.897969
7937465	9.42105
7937474	5.997695
7937476	11.29036
7937483	7.392224
7937485	8.658871
7937498	7.927443
7937508	9.669147
7937518	5.878846
7937533	7.383632
7937560	6.787777
7937612	5.467028
7937667	4.528028
7937696	5.33752
7937698	6.844079
7937700	5.72671
7937707	4.43885
7937709	5.987008
7937711	4.637691
7937713	6.429834
7937728	6.028533
7937735	7.231173
7937749	6.720747
7937763	7.084445
7937772	4.015623
7937774	5.719588
7937782	6.154973
7937798	4.497905
7937800	3.444263
7937802	10.33487
7937813	6.612296
7937823	8.051188
7937847	5.619629
7937852	6.876755
7937866	4.278794
7937868	3.986951
7937876	6.280799
7937878	4.292607
7937882	5.388735
7937890	2.89071
7937892	7.871582
7937900	7.708534
7937913	6.091774
7937915	7.6751
7937934	4.187259
7937936	4.834651
7937938	3.778145
7937940	3.790474
7937942	4.098559
7937944	5.142736
7937946	3.086286
7937948	4.921729
7937950	4.877596
7937952	4.549906
7937957	4.207948
7937959	2.433966
7937961	2.65737
7937971	3.027924
7937973	4.145879
7937975	2.882948
7937977	3.076806
7937979	3.033775
7937982	3.533167
7937984	3.92836
7937986	4.156757
7937988	3.055966
7937990	4.538767
7937993	4.538767
7937996	3.019729
7938000	3.115515
7938002	3.409143
7938004	3.468373
7938006	4.179553
7938008	3.893837
7938010	3.815994
7938012	6.987887
7938035	8.985135
7938047	4.185692
7938049	3.806631
7938053	2.330697
7938055	3.806668
7938057	3.719502
7938059	4.508355
7938061	2.929613
7938063	2.534562
7938066	4.96487
7938070	2.65512
7938072	3.712136
7938074	4.110298
7938076	4.817437
7938078	4.392757
7938082	4.258666
7938090	4.901087
7938100	6.861506
7938111	7.886977
7938118	5.482418
7938128	5.793193
7938133	4.980012
7938139	5.110103
7938154	7.859924
7938170	3.374141
7938172	2.899122
7938176	3.29841
7938179	4.970388
7938181	3.09645
7938183	6.604196
7938195	3.835881
7938208	6.100374
7938213	3.782693
7938225	2.893986
7938231	9.590864
7938258	3.888427
7938261	3.555308
7938263	7.932487
7938269	4.988088
7938286	7.571764
7938291	8.647913
7938293	6.899675
7938295	6.608747
7938299	4.485947
7938301	6.449633
7938309	5.329176
7938313	9.091775
7938329	8.024215
7938331	6.865806
7938348	8.031354
7938364	7.634262
7938366	8.358438
7938368	8.668484
7938370	9.154989
7938388	6.619001
7938390	7.749461
7938396	6.871042
7938416	6.101373
7938420	4.268635
7938422	9.060706
7938448	8.987314
7938481	4.533888
7938485	7.308342
7938519	5.644546
7938528	8.376248
7938544	8.24066
7938559	5.514995
7938561	4.198811
7938563	5.309657
7938590	2.906447
7938592	9.80618
7938608	5.36175
7938625	4.903549
7938629	4.31452
7938646	4.453568
7938652	6.83016
7938667	2.499915
7938669	10.23451
7938681	5.014054
7938683	8.397485
7938685	8.625869
7938687	8.51841
7938702	4.441669
7938707	4.335647
7938730	4.765221
7938738	5.451903
7938741	2.859241
7938746	3.771747
7938748	8.365701
7938750	4.301394
7938756	8.8536
7938758	4.394403
7938762	7.522591
7938777	10.06718
7938788	2.59535
7938800	3.613708
7938812	5.057634
7938816	10.71116
7938834	7.269674
7938878	4.330122
7938880	8.240154
7938890	6.765053
7938907	4.469262
7938925	3.765863
7938951	3.147645
7938975	3.155806
7938989	3.097744
7939003	2.544262
7939005	4.27113
7939007	6.305213
7939024	3.864167
7939052	3.959337
7939056	2.985518
7939068	9.590013
7939070	2.831387
7939072	7.241917
7939080	4.733797
7939087	7.434634
7939093	6.152559
7939102	6.603467
7939116	4.986351
7939118	2.886721
7939120	11.04599
7939131	4.149827
7939137	10.01409
7939150	8.074191
7939158	7.24591
7939173	2.594967
7939184	5.399662
7939197	8.265094
7939215	4.695642
7939237	3.983615
7939240	3.330805
7939242	10.66484
7939265	8.156911
7939296	1.988042
7939298	10.32854
7939314	11.00821
7939329	7.82866
7939341	9.172913
7939365	4.757414
7939368	8.446298
7939374	6.38716
7939376	6.114606
7939383	7.117652
7939398	3.222682
7939411	4.917096
7939418	2.358382
7939420	1.841086
7939422	2.441208
7939424	9.384157
7939432	4.68896
7939434	8.586706
7939463	3.249977
7939465	8.871396
7939477	7.570615
7939492	5.762429
7939494	3.953766
7939507	6.181354
7939524	8.428672
7939546	10.74242
7939559	4.99467
7939569	5.82059
7939581	5.110064
7939587	7.044259
7939590	8.641553
7939595	7.725862
7939613	6.024026
7939620	6.629817
7939642	8.212863
7939657	6.384738
7939665	8.95261
7939676	8.187025
7939699	5.690033
7939706	4.262422
7939723	7.376989
7939738	6.561697
7939751	5.994693
7939767	8.181635
7939805	6.819019
7939818	7.464284
7939825	8.915705
7939835	5.547
7939839	8.580519
7939865	3.161625
7939867	3.552364
7939869	3.80637
7939871	3.415539
7939873	2.845051
7939875	2.159716
7939877	2.79098
7939879	2.970741
7939884	3.822951
7939893	2.878273
7939897	4.781635
7939900	3.740008
7939902	7.037387
7939910	4.511317
7939912	2.95028
7939916	2.568706
7939918	2.51774
7939920	2.744685
7939922	3.769021
7939924	3.558748
7939926	2.967551
7939928	3.037631
7939930	2.760536
7939932	3.659024
7939934	2.448796
7939936	2.326242
7939938	3.237642
7939940	2.855545
7939942	3.121186
7939944	3.067649
7939946	3.853261
7939948	2.787714
7939950	3.622498
7939952	2.875203
7939954	4.107335
7939959	3.070037
7939961	2.080004
7939963	3.758492
7939965	2.724972
7939967	2.264354
7939969	2.554321
7939971	2.912065
7939973	2.287326
7939975	1.913147
7939977	2.567896
7939979	2.829345
7939981	2.444614
7939983	3.821342
7939986	3.137226
7939988	2.409229
7939990	3.101042
7939992	4.086307
7939994	2.872854
7939996	5.124657
7939998	2.648156
7940000	2.611228
7940002	5.094277
7940005	4.757666
7940018	3.003538
7940020	4.269761
7940022	6.705925
7940026	3.658694
7940028	7.20007
7940042	2.242351
7940044	3.417869
7940046	6.77743
7940051	9.260973
7940066	7.99614
7940070	7.936524
7940079	10.81407
7940103	3.267377
7940108	4.127726
7940110	3.417869
7940112	4.827767
7940114	2.319121
7940116	3.686182
7940118	6.749477
7940135	4.986187
7940147	2.935846
7940153	8.898739
7940160	9.520143
7940171	3.65471
7940173	4.491498
7940175	4.298919
7940177	4.074233
7940182	5.544197
7940185	2.626489
7940187	3.661849
7940189	3.417869
7940191	7.293401
7940210	3.022697
7940216	2.848133
7940226	2.306846
7940237	2.80608
7940253	2.741113
7940259	4.836261
7940279	2.598088
7940287	4.345592
7940299	3.369686
7940307	2.551793
7940315	2.445978
7940323	4.731229
7940333	4.561326
7940341	3.637886
7940349	6.059502
7940358	5.072035
7940372	9.118343
7940377	6.163157
7940391	5.901556
7940409	4.976686
7940421	4.865274
7940431	4.38041
7940441	4.348994
7940451	7.587248
7940473	6.839466
7940479	6.062906
7940486	8.72973
7940491	6.051495
7940493	5.448975
7940508	5.909263
7940530	6.091111
7940561	6.02702
7940565	5.227923
7940580	6.531463
7940582	4.785363
7940598	5.749186
7940600	6.716231
7940622	2.498588
7940626	5.444944
7940630	2.958045
7940636	3.858688
7940643	7.212331
7940654	9.806054
7940660	6.164697
7940662	5.268926
7940667	8.572095
7940669	6.222705
7940673	4.209089
7940679	6.774142
7940688	6.644161
7940698	7.040693
7940711	9.44256
7940717	8.437757
7940735	2.31085
7940737	3.373727
7940749	4.273602
7940762	5.159946
7940775	8.91261
7940781	7.322833
7940790	5.555147
7940798	8.927787
7940822	6.317659
7940824	7.313033
7940835	8.48855
7940840	8.453741
7940851	5.403316
7940857	8.249342
7940869	5.793625
7940884	7.197508
7940891	6.690144
7940904	6.526066
7940914	8.170673
7940924	7.168112
7940959	6.57604
7940971	5.775999
7940987	1.695588
7940989	7.379314
7940996	9.194195
7941004	6.487262
7941039	6.39554
7941059	4.827946
7941062	6.134593
7941074	5.205606
7941087	6.391207
7941104	8.275901
7941111	6.728467
7941122	7.532078
7941127	7.649151
7941136	8.504019
7941148	7.94059
7941164	7.787559
7941172	5.819432
7941179	9.655015
7941203	5.824905
7941214	6.357499
7941236	6.784928
7941243	8.420023
7941255	6.02364
7941260	6.067883
7941269	6.182692
7941272	13.718
7941274	7.936272
7941296	7.282251
7941302	6.551167
7941311	6.648602
7941350	7.158344
7941364	7.661717
7941380	6.575042
7941382	7.695627
7941401	7.431242
7941408	4.11224
7941425	7.08853
7941444	6.110106
7941457	6.633894
7941460	8.495266
7941469	6.134
7941478	7.639156
7941501	9.104264
7941505	5.67979
7941511	8.549473
7941537	7.398487
7941563	6.390114
7941565	6.386705
7941583	10.35229
7941587	6.236642
7941594	5.273562
7941597	3.654299
7941599	4.444518
7941608	5.517649
7941610	5.442171
7941621	8.286242
7941639	6.727324
7941662	4.979122
7941685	6.975923
7941694	8.078039
7941702	7.561145
7941707	7.588513
7941709	8.737663
7941714	7.869837
7941732	6.934224
7941743	5.861018
7941746	6.656925
7941749	4.928094
7941761	6.936926
7941769	8.299533
7941795	6.190518
7941797	7.244831
7941822	6.639163
7941843	7.999487
7941863	6.537031
7941865	7.026466
7941879	6.444963
7941890	5.959239
7941900	7.083989
7941917	6.010047
7941927	6.847067
7941936	11.20957
7941946	8.863139
7941961	8.059468
7941976	7.350824
7941985	7.823422
7942007	7.57244
7942032	9.22024
7942064	4.91345
7942071	3.762252
7942073	6.766892
7942091	6.952532
7942118	6.380476
7942123	8.998195
7942135	5.344706
7942168	6.885262
7942174	7.634121
7942204	9.586924
7942228	5.794506
7942232	7.732844
7942255	8.131984
7942261	5.896231
7942267	7.783179
7942274	5.905224
7942277	2.784292
7942279	6.38819
7942284	3.119576
7942287	3.260522
7942289	7.840896
7942300	5.445288
7942315	6.233215
7942326	5.171048
7942328	5.170907
7942332	5.469419
7942342	7.029339
7942372	4.253949
7942379	2.376114
7942381	6.527628
7942400	7.206079
7942409	5.204864
7942417	6.180718
7942439	5.580016
7942453	5.423667
7942465	7.091022
7942476	7.569895
7942489	4.025856
7942503	7.940618
7942520	6.752442
7942525	4.421789
7942527	6.969737
7942544	7.124239
7942551	5.687965
7942553	10.23388
7942562	6.025043
7942569	5.250337
7942586	13.00629
7942592	6.973105
7942594	7.075816
7942596	7.586736
7942603	5.347426
7942613	7.646276
7942626	8.656448
7942645	5.130271
7942647	6.408404
7942650	6.224882
7942674	7.957394
7942679	7.256415
7942693	6.358047
7942697	8.786722
7942715	6.710024
7942717	5.335394
7942769	5.645744
7942771	5.082979
7942774	4.913609
7942779	5.496824
7942781	2.939475
7942783	7.067204
7942791	13.69891
7942793	4.908498
7942796	4.483191
7942798	5.479471
7942809	3.873337
7942812	3.975861
7942814	1.791205
7942816	1.938146
7942818	1.838656
7942820	5.330574
7942822	1.980058
7942824	11.4314
7942830	3.438186
7942832	5.28708
7942839	8.899877
7942858	6.420961
7942875	9.13881
7942877	4.65133
7942879	6.466505
7942889	6.847742
7942896	2.728107
7942910	3.035947
7942912	6.609287
7942914	8.746294
7942932	6.761082
7942941	3.654335
7942957	7.35665
7942964	7.673657
7942985	3.615149
7942987	1.864869
7942989	3.260208
7942991	3.951127
7942998	3.045141
7943019	3.677431
7943025	3.916456
7943031	2.801183
7943036	3.487661
7943047	2.890765
7943049	2.676694
7943051	3.560184
7943075	5.019254
7943098	5.455797
7943103	2.962011
7943124	5.352552
7943126	6.266582
7943156	2.816113
7943158	7.440638
7943160	11.67851
7943162	8.386231
7943176	7.711765
7943193	5.93337
7943195	4.671807
7943197	4.50207
7943218	7.384974
7943226	6.269626
7943231	6.404239
7943236	6.912793
7943240	5.486971
7943263	5.220786
7943282	4.413633
7943288	7.765296
7943293	7.888818
7943297	7.073148
7943314	8.23188
7943317	3.745535
7943319	3.006411
7943345	4.384749
7943347	6.819314
7943349	7.571312
7943367	6.113713
7943369	6.56791
7943373	3.116056
7943376	4.011135
7943387	2.483647
7943398	9.054758
7943411	3.063158
7943413	7.893085
7943424	9.10762
7943437	2.433484
7943442	5.85695
7943498	5.216664
7943513	3.567756
7943515	6.397891
7943517	2.910553
7943519	1.885988
7943521	3.353811
7943526	4.855374
7943530	3.272765
7943552	8.674479
7943562	3.598264
7943573	4.513407
7943577	3.359631
7943580	7.918895
7943605	5.41049
7943620	7.319755
7943690	7.130089
7943707	3.615442
7943709	3.126957
7943711	5.332359
7943715	6.759903
7943721	6.862541
7943729	5.030572
7943736	3.146936
7943738	2.624776
7943740	3.855017
7943749	4.554101
7943760	7.750706
7943779	5.738737
7943787	4.826645
7943795	6.108615
7943803	5.556078
7943827	7.978108
7943842	6.768939
7943853	7.046116
7943859	3.320111
7943867	5.144755
7943882	7.199605
7943890	5.130652
7943892	3.759477
7943917	3.923267
7943919	6.393242
7943943	5.261348
7943954	5.012176
7943956	2.281708
7943958	3.324805
7943969	5.622141
7943984	5.098522
7943998	4.952447
7944006	7.10636
7944011	9.283699
7944021	2.072724
7944023	3.368126
7944033	2.800468
7944035	5.395919
7944042	8.544581
7944049	8.03097
7944082	4.999154
7944096	6.42349
7944111	4.70703
7944113	5.906812
7944147	4.942016
7944152	5.188158
7944164	9.235806
7944179	5.342734
7944185	5.432353
7944195	9.016178
7944216	9.905231
7944223	8.044224
7944262	6.407299
7944271	5.935228
7944275	6.395572
7944285	8.844091
7944300	4.235761
7944302	5.23338
7944331	2.306016
7944333	2.579736
7944335	3.643209
7944339	6.692759
7944341	10.6258
7944351	4.319839
7944359	4.151144
7944361	4.744912
7944363	3.457371
7944365	7.661596
7944375	7.989972
7944382	7.617299
7944401	6.456171
7944418	6.453407
7944435	7.00328
7944447	5.580316
7944463	6.445081
7944478	4.218102
7944493	6.653985
7944510	6.930945
7944516	4.614921
7944525	6.97664
7944527	4.747997
7944530	6.256449
7944537	6.334456
7944554	4.993844
7944560	9.661431
7944601	4.738142
7944603	5.036088
7944623	7.732416
7944632	4.103374
7944656	9.377751
7944667	10.34229
7944716	3.740052
7944718	3.509246
7944720	5.017737
7944722	6.671595
7944739	3.523405
7944751	4.847608
7944763	3.234927
7944765	7.274158
7944767	3.134602
7944769	4.672676
7944791	4.965768
7944793	3.170636
7944795	5.278658
7944797	4.173506
7944799	3.866144
7944801	4.117801
7944803	8.392691
7944825	4.82397
7944827	3.694113
7944829	3.49745
7944832	2.494664
7944834	2.561978
7944838	3.481426
7944843	3.256426
7944845	4.587817
7944850	7.845213
7944867	9.234991
7944869	4.073586
7944876	6.051401
7944882	4.809444
7944911	4.891088
7944913	4.212859
7944931	4.775456
7944952	4.089559
7944955	5.684952
7944970	5.41088
7944972	4.119329
7944978	9.762293
7944989	4.811603
7944991	10.56462
7945014	4.529998
7945033	3.953469
7945040	3.258953
7945045	4.029825
7945058	7.352825
7945069	6.8248
7945071	6.664472
7945084	4.146687
7945086	5.692744
7945101	7.378988
7945110	7.531655
7945125	5.537451
7945130	5.950382
7945132	4.901805
7945146	4.899101
7945156	2.841116
7945158	6.546948
7945162	7.687844
7945169	11.18722
7945177	4.826017
7945182	11.23863
7945204	9.948259
7945226	4.950651
7945228	4.547571
7945232	5.139238
7945241	5.113102
7945245	5.112714
7945260	2.392206
7945262	4.441867
7945275	7.617269
7945283	7.593142
7945296	4.407342
7945321	5.431836
7945342	6.821976
7945344	8.670271
7945347	6.830649
7945349	7.063615
7945357	8.244323
7945368	4.444273
7945371	7.315918
7945377	6.884472
7945394	6.975466
7945418	7.919703
7945420	8.037684
7945436	7.172278
7945445	6.346222
7945460	6.838383
7945462	6.497784
7945475	5.74973
7945498	6.88004
7945503	7.206446
7945521	7.730408
7945536	6.917455
7945539	6.62431
7945550	5.975264
7945573	8.920761
7945579	7.565512
7945595	5.205868
7945620	7.861144
7945631	5.810179
7945641	6.316336
7945645	8.52597
7945648	7.384941
7945652	9.850635
7945657	6.643436
7945660	4.317887
7945663	5.569573
7945666	11.55818
7945678	6.657194
7945680	8.517426
7945688	5.768714
7945712	5.859406
7945728	3.882875
7945730	5.504149
7945734	5.344581
7945740	6.384254
7945742	5.662116
7945767	7.367558
7945774	5.37149
7945781	7.038043
7945786	8.243932
7945801	6.663572
7945803	7.305498
7945829	6.2779
7945831	5.58649
7945857	5.236544
7945859	6.304908
7945864	7.092264
7945873	7.648355
7945875	7.095867
7945882	5.650403
7945892	5.972886
7945894	5.096605
7945896	5.363424
7945902	8.66072
7945942	4.146772
7945944	7.968922
7945950	4.896894
7945952	4.647492
7945954	4.187259
7945956	3.68647
7945958	3.991055
7945962	7.178754
7945972	4.695555
7945974	4.701606
7945979	8.027394
7945989	5.568671
7945991	3.587251
7945997	3.305776
7945999	3.590308
7946001	4.403149
7946004	5.13166
7946006	4.168121
7946008	2.834651
7946011	4.675578
7946013	3.354725
7946015	3.261639
7946017	3.218492
7946019	3.031971
7946021	2.834817
7946023	2.943302
7946025	3.058278
7946027	3.800746
7946029	2.793237
7946031	3.604974
7946033	6.650814
7946041	5.092075
7946048	4.787914
7946054	4.787914
7946061	4.290475
7946067	3.541197
7946069	4.766702
7946071	3.440401
7946073	4.57393
7946078	4.580111
7946082	4.415143
7946087	4.68804
7946089	7.292829
7946105	3.870758
7946107	3.649337
7946109	3.133262
7946111	3.192162
7946113	3.70461
7946115	4.155166
7946117	4.012565
7946119	4.682325
7946121	2.922359
7946123	3.280386
7946125	5.024363
7946128	7.311491
7946142	5.772718
7946149	5.259798
7946167	5.039717
7946180	5.666837
7946201	7.659439
7946211	5.945035
7946221	9.655477
7946228	7.650769
7946245	5.195936
7946267	7.992125
7946275	5.005469
7946278	4.566127
7946280	3.639261
7946286	5.587425
7946288	5.382457
7946292	6.622766
7946306	5.959859
7946321	6.352565
7946323	5.993059
7946326	7.230462
7946328	5.321966
7946330	2.277781
7946332	3.082757
7946334	5.018342
7946340	6.017667
7946354	4.942812
7946365	3.271994
7946380	6.302119
7946401	7.187596
7946426	5.827216
7946428	5.211153
7946436	3.21862
7946439	9.352627
7946446	5.043058
7946454	11.37281
7946478	6.930139
7946504	7.92319
7946516	8.483674
7946559	9.333262
7946561	4.126399
7946563	10.67808
7946565	13.71543
7946567	9.749779
7946569	9.123278
7946579	3.650833
7946589	5.674652
7946610	11.5144
7946635	8.261348
7946641	3.794821
7946655	8.096466
7946661	6.230998
7946676	7.322988
7946678	2.060345
7946680	8.647726
7946687	2.306814
7946693	2.122763
7946695	2.474211
7946697	7.449133
7946703	9.76164
7946728	9.667568
7946742	7.838921
7946749	5.378462
7946757	5.175991
7946781	9.002838
7946807	8.825807
7946812	10.76438
7946815	7.937602
7946849	4.908858
7946851	4.832277
7946853	4.928726
7946860	5.205095
7946903	4.894194
7946933	7.015878
7946946	2.779917
7946957	6.159019
7946972	4.46089
7946977	4.187559
7946983	5.780754
7946986	2.354077
7946988	6.461811
7947015	9.165
7947027	8.618299
7947040	6.692186
7947052	5.198301
7947076	5.900918
7947093	4.420659
7947096	4.58593
7947099	3.289426
7947110	5.555609
7947127	2.98619
7947129	5.457017
7947136	4.260417
7947138	7.530107
7947147	7.910431
7947152	2.477393
7947156	9.79826
7947165	4.685276
7947184	4.86833
7947189	4.731435
7947199	9.342
7947221	7.970032
7947228	3.007522
7947230	3.655573
7947245	9.403731
7947248	3.085661
7947266	2.612708
7947268	6.078497
7947270	5.141569
7947274	9.346522
7947282	3.657588
7947322	3.038322
7947332	5.619696
7947338	4.12222
7947358	6.672562
7947361	1.948016
7947363	4.938494
7947375	2.622097
7947394	3.195664
7947396	7.508561
7947421	5.824317
7947423	5.531795
7947425	9.499973
7947434	8.482494
7947450	6.534993
7947462	6.343489
7947481	10.21577
7947490	6.889411
7947496	3.552991
7947510	2.072714
7947512	3.889723
7947526	5.36395
7947528	4.854198
7947531	6.366241
7947540	7.679001
7947548	2.615175
7947551	4.886961
7947553	3.518374
7947561	2.885924
7947563	6.063629
7947570	6.831332
7947590	3.526975
7947599	5.665359
7947607	2.756997
7947609	7.336319
7947624	7.229964
7947649	5.64842
7947652	7.478473
7947674	5.750621
7947676	5.733965
7947681	9.324339
7947694	7.819644
7947740	4.921476
7947742	4.729543
7947744	4.92787
7947784	8.196054
7947801	6.74598
7947815	7.840286
7947828	5.718746
7947861	6.132998
7947867	8.014335
7947881	5.768251
7947890	2.738169
7947892	5.242326
7947894	9.007956
7947917	7.883342
7947926	2.743247
7947928	5.909268
7947934	9.965059
7947947	4.578802
7947969	8.009196
7947989	6.523734
7947991	7.991327
7948035	3.579085
7948037	6.017262
7948039	2.513227
7948042	2.70294
7948044	2.966196
7948046	3.933536
7948048	3.810393
7948054	4.503447
7948058	3.450703
7948085	2.528434
7948088	6.261224
7948090	2.306721
7948092	4.169924
7948099	2.830423
7948101	2.6786
7948103	2.475316
7948105	2.715761
7948107	3.167557
7948109	3.562823
7948111	2.930499
7948113	8.970782
7948115	3.732474
7948117	2.872572
7948119	2.809742
7948121	2.29843
7948123	3.544619
7948125	2.704817
7948127	2.613823
7948129	3.661671
7948131	4.116114
7948133	3.546021
7948135	2.951991
7948137	3.488616
7948141	4.425812
7948144	3.385461
7948148	3.156492
7948150	2.443537
7948155	3.912718
7948157	3.690657
7948159	3.023534
7948161	2.539651
7948167	4.483327
7948176	7.683184
7948192	8.655702
7948211	5.169569
7948213	5.139349
7948221	4.887491
7948229	5.195502
7948249	5.519768
7948267	5.946309
7948274	8.591177
7948282	4.595693
7948293	6.014536
7948303	4.633402
7948306	3.692847
7948308	3.773991
7948310	2.825264
7948312	2.629022
7948314	5.048578
7948316	3.52641
7948320	1.948457
7948322	2.935746
7948324	3.213318
7948326	2.357606
7948328	3.989233
7948330	3.252836
7948332	6.30541
7948344	3.441344
7948354	2.616936
7948364	5.465214
7948367	4.748167
7948369	4.454821
7948371	3.203271
7948375	3.381752
7948377	4.019158
7948379	9.215396
7948399	8.223658
7948418	4.452876
7948420	7.388859
7948424	6.666234
7948433	3.867576
7948444	4.349044
7948455	4.902493
7948470	6.217654
7948476	8.226452
7948493	5.52238
7948502	2.994608
7948504	7.427418
7948511	5.739749
7948534	10.04161
7948565	7.1903
7948574	7.580367
7948588	6.034177
7948599	5.117887
7948606	8.334945
7948612	4.851248
7948630	6.588774
7948643	5.450708
7948656	9.524912
7948662	3.831517
7948667	10.85401
7948679	12.84002
7948685	6.637619
7948696	8.854902
7948718	6.992338
7948741	6.438595
7948744	9.823782
7948772	7.071406
7948775	7.33693
7948782	7.406794
7948794	4.562756
7948798	7.28346
7948814	9.24023
7948829	6.992983
7948834	5.896407
7948836	6.669794
7948839	9.274316
7948864	7.461328
7948879	5.496147
7948881	7.543607
7948894	6.329465
7948896	5.630043
7948898	6.158249
7948900	7.258614
7948902	7.408381
7948904	8.436022
7948906	6.454555
7948908	8.570982
7948910	5.707855
7948912	5.617346
7948918	5.553195
7948920	5.264059
7948937	4.911541
7948951	3.193834
7948957	4.043774
7948973	5.078001
7948982	5.786607
7948987	7.537772
7948995	8.985762
7948997	8.446383
7949015	7.641364
7949019	1.780021
7949021	4.984845
7949033	7.195384
7949046	7.225852
7949058	5.344558
7949060	8.164715
7949067	7.075737
7949075	10.35313
7949080	5.835894
7949104	5.687063
7949124	4.693167
7949146	8.703491
7949172	5.719698
7949206	6.532934
7949227	7.364565
7949264	6.682624
7949273	4.360472
7949275	6.960348
7949277	6.731545
7949320	5.8984
7949327	4.467216
7949340	5.854834
7949344	5.751355
7949364	4.306102
7949371	6.113368
7949373	6.334949
7949377	9.173992
7949383	7.076535
7949400	5.338069
7949410	8.630932
7949412	7.405735
7949440	5.381014
7949444	6.151944
7949454	6.787228
7949465	7.938832
7949482	7.077439
7949490	6.96104
7949496	10.71069
7949503	6.656565
7949518	7.890187
7949532	6.934488
7949540	7.247283
7949545	6.689771
7949553	4.938335
7949568	4.86781
7949570	5.606485
7949577	8.165609
7949588	5.017989
7949592	5.85077
7949603	6.987734
7949615	4.945487
7949619	6.215834
7949637	6.889555
7949645	7.34883
7949650	6.67953
7949668	4.717742
7949672	2.710951
7949674	8.092068
7949679	6.656233
7949717	5.770392
7949719	5.807819
7949742	1.808218
7949744	4.533454
7949746	7.985039
7949754	6.481112
7949763	2.65569
7949765	9.65979
7949776	7.799633
7949792	6.923854
7949796	5.050492
7949798	8.008887
7949808	6.564001
7949836	7.379427
7949843	7.037876
7949851	4.012174
7949857	6.375578
7949863	5.743916
7949873	5.706297
7949882	8.516761
7949894	4.458839
7949896	6.480386
7949898	6.482018
7949904	9.020511
7949916	8.997209
7949931	8.479085
7949946	4.552735
7949948	5.95687
7949954	5.931249
7949956	4.734138
7949971	7.782803
7949995	7.02245
7950003	4.659953
7950005	5.423443
7950012	5.175785
7950016	6.364886
7950023	5.194507
7950032	6.700821
7950036	5.887804
7950042	6.899824
7950062	4.231353
7950064	4.577549
7950067	8.05747
7950078	6.593377
7950082	7.031702
7950086	9.026047
7950117	3.019609
7950119	7.498621
7950128	6.757943
7950136	4.853653
7950140	5.927074
7950142	7.458991
7950162	4.64626
7950195	7.440435
7950197	7.417916
7950235	7.941141
7950248	7.033081
7950269	3.018403
7950271	7.211826
7950282	5.878469
7950284	8.625759
7950292	2.999705
7950294	6.943147
7950299	4.652312
7950307	9.449584
7950321	5.197494
7950332	5.875589
7950336	7.085162
7950370	6.06661
7950372	5.047922
7950374	4.376591
7950391	7.505021
7950409	5.13887
7950420	6.288597
7950423	4.976726
7950425	5.534309
7950442	5.221496
7950444	7.494535
7950447	7.256805
7950469	5.540783
7950471	5.017068
7950473	8.563402
7950490	9.203744
7950492	6.534414
7950501	5.226792
7950524	4.657918
7950530	1.990813
7950532	2.684334
7950534	5.263654
7950544	7.441435
7950553	2.250886
7950555	5.341268
7950560	3.010113
7950578	9.243885
7950597	8.012321
7950606	8.247136
7950626	7.620465
7950628	7.143483
7950641	5.69561
7950644	8.919554
7950654	7.768052
7950669	6.865586
7950671	5.347479
7950683	7.311201
7950699	2.112213
7950701	5.03799
7950724	1.702607
7950726	5.766365
7950731	10.32719
7950743	5.701432
7950751	4.352068
7950753	7.586615
7950762	7.17346
7950764	3.805258
7950794	5.309692
7950796	8.524422
7950804	6.957809
7950810	10.28196
7950838	9.988967
7950862	4.292552
7950864	8.126041
7950883	3.269803
7950885	5.546715
7950893	2.065284
7950895	3.319575
7950897	3.235202
7950899	6.564683
7950906	8.015167
7950921	5.718412
7950933	4.120136
7950951	2.890765
7950955	4.040062
7950965	2.801183
7950971	3.916456
7950977	3.677431
7950983	7.654974
7950990	6.318352
7951004	6.960901
7951008	8.671303
7951030	7.120252
7951032	6.923065
7951034	7.798532
7951036	8.802793
7951038	7.474198
7951040	4.343726
7951046	6.610946
7951068	5.040251
7951077	8.133067
7951089	4.313133
7951091	6.849635
7951093	6.791119
7951108	5.676001
7951112	7.878592
7951131	4.587408
7951133	8.446651
7951140	8.970429
7951144	7.074121
7951157	6.534855
7951159	3.747163
7951161	1.966962
7951163	3.13494
7951165	3.617666
7951178	3.335877
7951195	2.725536
7951205	2.369679
7951207	11.09497
7951217	9.208891
7951224	4.124195
7951235	3.812651
7951246	2.626887
7951259	4.490422
7951271	4.356243
7951284	3.487569
7951297	4.286207
7951309	3.609647
7951325	8.182904
7951335	3.006614
7951337	1.733869
7951339	2.454785
7951341	3.473929
7951343	1.876691
7951345	3.255372
7951347	3.079215
7951351	4.907213
7951363	3.048515
7951372	8.300472
7951385	3.47327
7951397	6.989093
7951408	5.809409
7951413	4.893101
7951417	3.069477
7951420	3.025439
7951422	6.372722
7951429	4.7285
7951437	4.089239
7951447	6.616996
7951467	6.204206
7951479	4.330092
7951485	5.589576
7951497	7.859991
7951521	4.021811
7951535	6.449312
7951545	7.43659
7951552	4.9472
7951554	6.659103
7951565	3.911078
7951589	5.489495
7951591	3.48192
7951593	8.102369
7951596	5.650216
7951604	2.492797
7951612	6.385633
7951614	8.773192
7951633	8.354213
7951652	5.663076
7951654	5.495534
7951660	6.356189
7951662	7.016268
7951670	2.187987
7951672	3.347753
7951679	6.683412
7951686	6.654982
7951695	3.6596
7951701	5.45353
7951703	5.951315
7951715	3.139705
7951717	4.377051
7951734	6.644573
7951752	7.074143
7951781	5.758102
7951789	3.68268
7951796	2.902828
7951807	4.996231
7951824	4.641198
7951826	6.002713
7951838	7.609867
7951853	4.961902
7951859	4.965303
7951865	5.752818
7951873	6.487
7951896	7.949609
7951910	5.972197
7951928	4.765842
7951966	7.100547
7951977	5.967689
7951987	6.027512
7952004	5.417009
7952011	5.419749
7952022	6.066727
7952036	8.405654
7952046	10.78605
7952056	5.121139
7952065	3.357253
7952069	7.425145
7952086	4.435792
7952103	10.07378
7952116	7.738907
7952126	3.296886
7952129	11.67325
7952132	6.912189
7952145	8.414406
7952179	6.939008
7952185	7.714096
7952200	5.826179
7952205	5.347153
7952223	2.824039
7952225	4.414185
7952227	5.687755
7952243	6.961054
7952249	4.549084
7952268	4.559547
7952274	6.597651
7952290	8.186371
7952305	8.785537
7952307	4.55223
7952309	3.862126
7952313	3.133267
7952315	2.036817
7952319	2.532295
7952321	5.989594
7952325	12.9891
7952335	6.94884
7952339	8.07208
7952341	4.65138
7952350	4.978085
7952361	6.252093
7952373	3.310287
7952375	2.909636
7952377	2.636762
7952382	4.004083
7952384	5.914355
7952386	5.253373
7952388	5.736684
7952390	3.417869
7952392	3.301541
7952394	3.683157
7952398	2.63992
7952400	2.894361
7952402	3.097164
7952404	4.454274
7952406	4.154267
7952408	8.179059
7952426	9.358275
7952436	5.701198
7952445	7.460149
7952451	7.719489
7952453	5.765272
7952475	4.737017
7952484	8.595355
7952488	5.666053
7952490	4.661677
7952503	3.330416
7952517	2.926479
7952522	6.043405
7952526	6.256159
7952549	6.863981
7952557	10.02053
7952577	5.104575
7952601	7.816151
7952617	3.51386
7952626	3.844542
7952631	3.849927
7952641	9.877569
7952671	7.153203
7952673	6.176733
7952675	3.62337
7952677	7.688631
7952707	6.46874
7952733	6.657663
7952735	2.238467
7952737	4.193071
7952739	7.614001
7952750	3.739924
7952752	5.771898
7952766	6.027015
7952768	8.168125
7952781	3.99512
7952785	3.743934
7952795	6.234378
7952797	4.157016
7952805	4.518969
7952810	3.985598
7952813	5.795681
7952830	6.321858
7952869	6.877934
7952882	4.582486
7952884	5.24409
7952893	8.098902
7952897	5.174685
7952914	6.002386
7952927	6.445875
7952950	4.892022
7952953	8.5388
7952984	5.682826
7952986	6.742295
7952988	8.71559
7953012	6.99605
7953021	7.534312
7953032	5.843539
7953040	5.798927
7953094	5.29737
7953098	2.947974
7953100	9.720994
7953111	8.1908
7953128	3.841864
7953130	7.036045
7953135	6.349295
7953150	5.485305
7953166	6.655646
7953181	4.081851
7953198	2.709865
7953200	6.674991
7953211	6.034425
7953218	3.254053
7953229	4.523993
7953243	8.145557
7953252	4.078212
7953264	4.702504
7953274	4.227924
7953278	4.767612
7953284	3.609934
7953291	11.66187
7953303	8.221663
7953321	7.808125
7953333	5.372633
7953341	8.007773
7953351	7.570635
7953383	9.037948
7953385	12.34361
7953390	4.345498
7953395	8.804831
7953409	7.020723
7953418	5.836884
7953428	5.761303
7953442	4.658857
7953450	5.819833
7953469	5.287971
7953483	7.35697
7953508	8.460283
7953516	4.947184
7953518	7.270918
7953520	5.726741
7953532	5.322439
7953547	6.578105
7953564	7.885906
7953569	7.268092
7953590	6.971673
7953592	6.291506
7953594	7.098061
7953603	4.337893
7953620	3.181284
7953622	5.617521
7953626	5.686305
7953651	6.543389
7953665	4.284755
7953670	2.522853
7953675	5.308784
7953687	3.783412
7953689	3.834228
7953695	2.398735
7953697	7.926375
7953699	7.126814
7953715	8.327021
7953723	4.42522
7953733	2.930601
7953735	7.253144
7953737	3.875468
7953747	2.209161
7953749	3.781424
7953761	3.281579
7953763	5.109339
7953765	7.166176
7953775	9.819813
7953812	7.351902
7953835	3.734201
7953844	6.638926
7953871	2.451112
7953873	3.180082
7953878	8.267875
7953892	3.829603
7953901	3.427965
7953914	2.828468
7953924	3.827038
7953936	4.708712
7953943	7.777054
7953949	3.403735
7953965	5.803677
7953967	3.356128
7953975	2.193537
7953977	2.216333
7953979	2.008584
7953981	8.681153
7953993	6.422078
7954006	10.77152
7954008	2.869618
7954010	2.657101
7954012	5.990165
7954021	8.609382
7954029	8.16678
7954036	8.043275
7954055	5.509665
7954061	7.572568
7954063	9.984904
7954065	9.954898
7954071	6.317832
7954077	6.918692
7954090	10.21334
7954098	3.693791
7954100	3.053018
7954102	2.191782
7954104	9.317955
7954124	6.919335
7954132	3.629108
7954136	3.659566
7954143	4.058743
7954173	8.856441
7954185	8.099127
7954196	9.573175
7954206	2.120553
7954208	3.388206
7954240	2.287519
7954243	7.280658
7954245	8.197313
7954277	6.957083
7954279	8.816189
7954291	2.82147
7954293	3.624465
7954310	11.28683
7954312	3.357018
7954330	2.081439
7954344	2.382127
7954356	2.849585
7954375	1.807922
7954377	2.219538
7954382	7.550023
7954388	8.614389
7954398	2.565748
7954407	9.06227
7954419	8.719346
7954436	8.969154
7954460	7.853899
7954465	4.66764
7954469	5.422091
7954481	6.954071
7954488	3.825966
7954490	2.205041
7954492	7.88399
7954503	7.307008
7954511	9.179109
7954527	7.842198
7954551	3.798403
7954559	8.505371
7954589	4.477837
7954591	8.099147
7954602	4.805201
7954604	6.437204
7954613	7.279643
7954631	3.779555
7954645	5.761617
7954653	4.656121
7954655	6.554457
7954690	4.15633
7954692	4.840613
7954695	2.275555
7954697	5.080739
7954699	1.918321
7954701	4.931414
7954711	8.084556
7954717	5.911922
7954729	6.740055
7954752	8.409394
7954775	2.313292
7954777	7.082678
7954783	2.918601
7954785	3.232868
7954787	7.330795
7954789	6.960462
7954794	2.720462
7954810	5.129535
7954864	4.111935
7954899	3.218483
7954926	3.191855
7954938	3.096317
7954940	8.029268
7954961	6.764589
7954963	6.516147
7954965	4.190112
7954969	7.206469
7954985	7.540907
7954995	2.774412
7954997	9.697714
7955019	8.131577
7955043	5.869347
7955045	6.124809
7955055	7.029881
7955063	7.092936
7955076	6.186659
7955078	6.904659
7955107	5.511727
7955110	6.041668
7955112	6.381128
7955117	2.841063
7955119	3.043965
7955129	4.555087
7955132	3.859492
7955135	2.944513
7955140	2.124181
7955142	7.12235
7955156	3.839938
7955168	2.013991
7955170	6.256222
7955179	8.969278
7955184	5.35412
7955195	5.194046
7955211	4.259405
7955217	6.721023
7955231	5.438774
7955248	2.804237
7955250	6.845167
7955277	12.33735
7955290	6.382183
7955297	5.746023
7955305	5.185237
7955317	4.323216
7955331	7.417621
7955348	5.512192
7955358	7.482985
7955361	8.629272
7955376	7.949487
7955417	2.530365
7955419	5.165105
7955423	1.987165
7955425	7.646611
7955433	3.415993
7955441	9.2045
7955448	2.28636
7955450	8.549342
7955462	2.422987
7955464	10.65232
7955469	4.582077
7955502	5.361154
7955533	4.951991
7955535	8.191278
7955551	4.874185
7955562	5.701769
7955578	5.079034
7955589	6.838331
7955606	7.214725
7955613	10.46001
7955624	6.034192
7955635	4.044492
7955637	11.48597
7955646	10.65005
7955663	5.710184
7955694	6.923079
7955702	5.076489
7955719	9.064777
7955721	8.027949
7955729	7.353812
7955736	5.500406
7955768	7.65597
7955777	7.197764
7955787	9.20239
7955797	5.017225
7955810	9.0734
7955817	10.07393
7955829	6.541066
7955845	4.972947
7955852	6.006117
7955855	4.120929
7955858	4.309155
7955863	3.48621
7955865	4.142212
7955869	5.706072
7955873	4.327984
7955887	4.16768
7955890	7.006524
7955896	9.679295
7955906	5.460252
7955908	4.957752
7955943	4.595652
7955963	4.707303
7955974	4.088016
7955979	4.20503
7955981	2.939273
7955983	3.129782
7955985	2.652284
7955987	3.936343
7955989	2.462144
7955991	3.078159
7955993	3.174356
7955995	2.980282
7955997	3.096702
7955999	3.056858
7956001	2.549149
7956003	3.054373
7956005	3.21822
7956007	5.25325
7956009	5.483036
7956013	7.215986
7956018	5.910542
7956026	4.812771
7956031	7.989333
7956038	6.646332
7956044	5.293792
7956046	8.162399
7956076	7.015828
7956088	8.794318
7956097	7.598529
7956105	5.724568
7956114	6.890236
7956120	10.11984
7956152	10.05748
7956159	6.225012
7956162	5.914333
7956166	8.028999
7956200	6.131585
7956211	10.86942
7956220	6.80973
7956229	4.958504
7956242	5.665963
7956251	6.516816
7956257	6.882455
7956261	7.435499
7956269	3.888657
7956271	3.079993
7956279	4.075878
7956281	5.274472
7956285	5.360988
7956287	6.06111
7956301	5.610833
7956395	6.311716
7956399	2.024028
7956401	7.440572
7956417	3.060032
7956419	3.561619
7956423	4.867627
7956426	4.758053
7956430	4.532598
7956443	8.256836
7956470	6.736593
7956488	4.544224
7956522	4.224378
7956524	7.664686
7956539	5.501228
7956551	4.871562
7956573	4.077696
7956593	9.977505
7956613	10.44169
7956623	5.313578
7956631	5.498856
7956639	7.163328
7956648	5.897432
7956658	5.836601
7956668	7.497595
7956670	7.989772
7956697	8.976574
7956737	6.507693
7956739	1.965068
7956741	3.567506
7956743	11.75424
7956747	4.947811
7956749	6.872339
7956759	8.280057
7956783	3.632563
7956785	7.851023
7956795	8.341386
7956819	5.70203
7956826	7.16442
7956838	3.543633
7956842	7.39467
7956856	3.774125
7956867	4.785031
7956876	2.655055
7956878	4.129681
7956894	5.990563
7956908	4.74123
7956910	9.221819
7956930	7.866446
7956937	10.07961
7956949	7.674388
7956978	7.426538
7956987	4.52473
7956989	8.827816
7957006	1.728494
7957008	8.838331
7957023	9.8025
7957032	7.682465
7957043	7.930643
7957052	9.064476
7957072	7.485122
7957092	4.024404
7957106	8.224188
7957126	4.430648
7957140	2.946193
7957159	4.172756
7957161	3.425025
7957167	8.563772
7957177	9.382913
7957186	8.407727
7957205	3.410618
7957221	3.445782
7957242	9.536457
7957245	2.937667
7957253	2.764552
7957260	5.522949
7957271	4.874766
7957273	1.904274
7957275	7.56179
7957277	7.615246
7957298	3.936194
7957338	3.698228
7957351	2.50638
7957373	3.909388
7957379	4.011962
7957386	5.880975
7957404	6.855803
7957417	7.438965
7957431	3.190927
7957433	2.843146
7957452	3.412411
7957458	6.896564
7957467	7.559481
7957476	3.807887
7957478	7.576032
7957495	2.082481
7957499	2.887799
7957503	4.181744
7957508	2.278968
7957510	6.807788
7957514	6.505428
7957528	2.254532
7957530	7.847857
7957532	2.455672
7957534	2.566415
7957536	8.657605
7957540	8.426579
7957549	6.62662
7957551	5.298932
7957560	5.93216
7957570	5.124962
7957602	3.342762
7957604	7.443936
7957606	5.04971
7957608	6.880508
7957611	4.454993
7957613	7.702897
7957627	2.116636
7957629	3.383481
7957631	4.318249
7957633	8.38986
7957649	5.419883
7957654	4.775284
7957665	6.718367
7957673	3.427757
7957688	2.544655
7957715	7.361057
7957733	1.999101
7957735	2.373315
7957737	8.583821
7957746	9.603468
7957759	7.842145
7957790	3.772743
7957793	6.559383
7957806	9.527864
7957819	6.620152
7957833	2.993885
7957835	6.206034
7957850	6.199284
7957861	3.488673
7957890	6.987578
7957956	2.093801
7957958	1.988109
7957960	4.135023
7957962	3.554263
7957966	9.872902
7958000	10.61945
7958011	7.316936
7958015	5.324434
7958017	2.630567
7958019	8.504337
7958031	2.792484
7958051	4.506048
7958056	4.185843
7958128	1.916829
7958130	11.33861
7958147	6.428681
7958152	9.00144
7958158	6.890251
7958174	7.583707
7958197	10.18578
7958200	5.841903
7958202	5.511849
7958207	4.007493
7958209	2.44445
7958211	6.393951
7958216	8.367805
7958253	5.638272
7958262	8.150561
7958273	6.059904
7958275	7.816333
7958305	3.413883
7958331	6.436231
7958346	7.846966
7958352	5.004608
7958375	5.122154
7958377	2.057117
7958379	8.081593
7958396	3.369142
7958398	5.334115
7958410	6.713237
7958414	8.281556
7958423	3.740054
7958425	3.678231
7958439	7.317902
7958453	5.964741
7958455	7.146886
7958466	5.893958
7958524	3.458746
7958532	8.34849
7958565	6.122951
7958577	6.511197
7958582	7.40553
7958600	9.304785
7958620	5.134103
7958644	9.844317
7958666	2.897956
7958677	3.195172
7958692	7.209775
7958711	3.38552
7958724	5.773992
7958726	5.272075
7958749	5.832228
7958759	4.799868
7958761	7.016527
7958784	8.405794
7958800	7.761227
7958819	8.637283
7958826	2.151174
7958828	8.515269
7958842	5.330866
7958844	2.118927
7958846	8.893947
7958860	4.532638
7958884	9.312119
7958895	7.330669
7958913	7.907978
7958931	5.432768
7958942	6.041837
7958948	6.398434
7958950	6.690333
7958960	8.995311
7958989	6.606993
7959002	6.416661
7959010	4.050779
7959012	3.964743
7959014	2.457514
7959016	4.777462
7959023	7.774507
7959025	4.450788
7959039	7.248672
7959052	6.462101
7959070	8.743441
7959078	10.32105
7959080	8.656705
7959085	3.316473
7959087	4.561006
7959100	5.115679
7959102	9.20371
7959108	4.803221
7959123	8.301905
7959131	6.36559
7959144	4.969701
7959146	8.770136
7959148	4.369734
7959153	10.32902
7959157	8.410665
7959164	9.195295
7959173	9.232359
7959195	5.033234
7959205	9.85211
7959212	7.502347
7959220	6.906521
7959232	5.375628
7959234	5.773661
7959249	6.222325
7959251	4.673138
7959267	7.529897
7959282	9.284703
7959292	2.724256
7959294	6.618597
7959298	5.939611
7959312	4.4267
7959314	6.475194
7959322	5.899355
7959330	4.327553
7959354	7.333734
7959361	7.528464
7959386	3.954261
7959402	5.216167
7959408	5.301392
7959473	7.130869
7959482	4.808099
7959484	3.428772
7959500	7.480606
7959535	6.497848
7959549	8.163106
7959563	5.24441
7959572	3.763118
7959574	7.670969
7959586	6.154965
7959597	11.4759
7959604	7.052775
7959621	5.734752
7959623	7.428397
7959638	7.008468
7959657	6.868254
7959681	4.056732
7959696	4.59287
7959751	8.369596
7959761	5.490523
7959772	5.652885
7959775	1.941598
7959777	6.510428
7959786	6.063696
7959807	3.523772
7959818	3.748862
7959827	4.4222
7959834	4.390016
7959848	6.776236
7959850	5.596745
7959856	4.350447
7959880	8.893094
7959882	8.665493
7959891	4.246423
7959893	4.862644
7959921	5.875228
7959925	4.630685
7959927	8.293989
7959946	6.12846
7959957	6.877009
7959986	6.705531
7959995	7.288191
7960052	7.127036
7960054	5.982975
7960068	6.214783
7960088	7.536733
7960099	5.497589
7960117	7.736149
7960124	7.697431
7960131	10.8679
7960134	6.654421
7960143	7.324623
7960150	6.939525
7960158	5.536666
7960165	6.753363
7960172	2.301267
7960177	5.672867
7960201	4.958995
7960221	8.506505
7960253	5.991104
7960259	2.675043
7960261	7.774861
7960280	6.917824
7960283	5.653026
7960320	6.282106
7960331	5.149496
7960338	6.258998
7960340	4.175462
7960355	4.425948
7960357	7.892102
7960362	8.129189
7960365	7.705571
7960370	7.728844
7960381	5.881742
7960383	5.955017
7960397	5.351382
7960407	6.284914
7960411	6.63682
7960427	4.371365
7960434	3.894109
7960436	4.109131
7960438	3.904862
7960464	4.852261
7960512	6.870474
7960514	4.784109
7960516	5.896426
7960518	8.084015
7960529	9.237221
7960544	5.750885
7960553	9.443989
7960559	5.380447
7960575	7.319404
7960594	9.430923
7960635	6.143486
7960637	7.31958
7960642	5.044794
7960654	7.774277
7960666	7.507422
7960682	5.104846
7960689	9.136033
7960700	2.939217
7960702	4.523256
7960709	7.071086
7960716	9.566607
7960728	7.887313
7960730	10.96803
7960744	6.265675
7960757	6.99768
7960764	6.768597
7960771	5.572345
7960794	4.981474
7960813	2.091652
7960815	2.039864
7960817	1.733542
7960819	5.88707
7960821	3.361094
7960828	3.528971
7960832	4.801418
7960848	1.94533
7960850	6.335781
7960861	3.107015
7960863	5.144813
7960865	7.517919
7960874	5.075523
7960878	6.00732
7960881	5.430647
7960889	6.784209
7960894	7.661416
7960896	8.16645
7960898	7.325711
7960900	3.28966
7960910	4.247237
7960919	3.47737
7960933	10.86389
7960942	3.140966
7960947	5.950252
7960984	4.332594
7961022	10.91619
7961024	2.371171
7961026	2.901219
7961031	6.727015
7961059	4.170814
7961067	4.12844
7961069	2.900569
7961075	5.767165
7961083	4.482254
7961091	2.779183
7961097	5.376502
7961102	3.540519
7961111	3.390524
7961120	4.250732
7961142	4.889299
7961151	5.10924
7961166	3.907607
7961173	3.94997
7961175	2.532579
7961182	2.754608
7961187	3.103424
7961198	4.44654
7961208	7.581453
7961215	7.501653
7961230	9.344227
7961239	2.40236
7961243	2.539737
7961245	2.242687
7961249	3.154554
7961252	5.910779
7961259	5.187638
7961269	4.383361
7961275	4.769377
7961279	4.877043
7961281	3.762475
7961285	5.477027
7961287	4.50193
7961291	5.342547
7961293	3.130512
7961295	4.103671
7961298	3.216791
7961300	6.886114
7961306	5.629722
7961320	5.639214
7961339	8.041578
7961363	5.671885
7961365	8.720995
7961371	9.551739
7961381	3.136972
7961386	5.558217
7961390	7.342423
7961399	4.158554
7961413	4.45716
7961418	4.608881
7961420	3.732157
7961422	4.256087
7961438	4.297596
7961440	9.463482
7961453	6.88156
7961455	3.335192
7961483	7.157728
7961489	7.40553
7961503	2.501502
7961507	3.354357
7961514	4.435083
7961524	10.02701
7961532	10.89289
7961540	6.622532
7961546	8.719221
7961569	4.873896
7961571	3.225545
7961580	5.631049
7961593	2.608729
7961595	3.089776
7961602	3.808933
7961604	2.893366
7961622	4.577856
7961624	2.002094
7961626	2.863249
7961652	4.290545
7961654	6.293981
7961673	3.489636
7961693	8.344548
7961702	4.292803
7961710	4.697113
7961755	3.179588
7961757	4.938466
7961767	8.525602
7961798	4.201418
7961820	4.467733
7961829	6.316752
7961844	2.676534
7961865	8.750531
7961873	2.477425
7961875	2.73291
7961887	6.992516
7961889	4.861392
7961891	8.175659
7961900	8.337541
7961960	5.612263
7961962	4.73635
7961964	6.910488
7961983	8.996886
7961998	5.355846
7962000	3.59138
7962013	8.030873
7962029	3.888175
7962058	4.039844
7962083	5.171903
7962085	8.512052
7962112	5.869362
7962137	2.673908
7962139	3.135013
7962146	6.885644
7962151	3.659439
7962183	7.812766
7962185	6.552272
7962194	10.02123
7962197	3.056787
7962199	2.053814
7962201	2.709735
7962203	7.36805
7962212	8.470097
7962226	4.637254
7962236	2.554905
7962238	4.274995
7962240	6.81368
7962242	3.173158
7962246	4.321331
7962248	2.250694
7962250	4.450186
7962274	6.830579
7962312	3.771937
7962325	3.997919
7962327	5.154388
7962341	2.705102
7962343	2.688272
7962345	2.094826
7962347	2.111064
7962349	6.926205
7962358	6.818668
7962367	8.877777
7962375	5.394647
7962384	3.349949
7962427	7.004585
7962441	9.618534
7962455	4.071901
7962479	4.337136
7962481	3.207238
7962487	2.956307
7962489	7.032128
7962499	7.738165
7962516	9.997108
7962537	10.31294
7962557	4.592279
7962559	4.013488
7962579	7.546748
7962588	3.643969
7962590	6.500698
7962608	4.775604
7962623	6.275959
7962625	6.464828
7962659	7.159229
7962689	5.970293
7962703	6.163774
7962760	6.986105
7962783	7.411094
7962792	3.868596
7962794	6.165077
7962804	2.731732
7962811	6.856579
7962827	4.213298
7962829	5.255755
7962831	8.079328
7962842	8.192005
7962869	8.538614
7962884	5.762765
7962893	6.291529
7962895	6.345455
7962904	10.13947
7962916	2.623658
7962918	5.99481
7962930	5.334248
7962935	9.037793
7962951	7.149877
7963009	4.566125
7963020	5.013956
7963024	7.221235
7963046	9.940876
7963052	4.464333
7963054	6.694135
7963061	5.861356
7963064	7.097218
7963084	4.559972
7963092	5.199265
7963121	6.057868
7963134	5.557302
7963137	7.891258
7963139	6.394668
7963142	5.317868
7963157	6.495247
7963174	7.52423
7963187	10.60059
7963201	2.573417
7963203	3.115491
7963206	4.556042
7963208	2.915984
7963210	3.679223
7963212	8.838678
7963233	3.472962
7963235	7.167512
7963244	8.57495
7963261	7.293817
7963263	5.945754
7963265	5.958337
7963280	9.792359
7963289	4.371849
7963304	4.985628
7963313	6.548633
7963328	4.793609
7963333	7.039381
7963348	5.985253
7963353	5.276976
7963359	5.505526
7963366	4.576442
7963375	5.388022
7963386	4.68918
7963396	3.948147
7963406	6.180571
7963410	7.952023
7963421	5.852178
7963427	5.700994
7963438	4.984479
7963448	4.430076
7963459	4.412931
7963471	4.167294
7963479	4.159389
7963491	4.509528
7963502	5.76945
7963513	4.307704
7963523	5.079737
7963534	10.97269
7963545	5.579066
7963555	7.684377
7963567	12.55937
7963575	6.453361
7963577	8.407563
7963588	2.362204
7963590	7.694993
7963614	6.863721
7963631	8.258271
7963646	7.707482
7963664	5.814686
7963670	4.792253
7963689	5.82168
7963696	5.573692
7963698	7.282907
7963713	8.315947
7963721	8.086142
7963739	3.506166
7963741	7.265841
7963750	8.327965
7963758	3.420643
7963760	4.704324
7963768	2.064415
7963770	4.900065
7963774	5.975876
7963786	5.128234
7963817	3.058403
7963826	5.504062
7963837	4.993385
7963845	4.77566
7963851	3.838637
7963863	2.408689
7963865	2.884873
7963869	7.28154
7963878	2.017806
7963880	4.764851
7963911	10.99766
7963923	6.102758
7963935	7.949207
7963946	5.051755
7963965	6.682241
7963970	4.870977
7963986	8.277281
7963988	8.607408
7964021	7.069605
7964033	6.759334
7964064	9.08963
7964076	7.523539
7964089	7.353747
7964119	8.51769
7964142	3.403839
7964145	5.546423
7964177	4.66222
7964183	4.733087
7964203	7.941287
7964234	11.83535
7964246	7.094798
7964248	5.447569
7964250	10.29618
7964260	5.640131
7964262	10.44924
7964271	6.032262
7964285	5.34808
7964292	4.866915
7964300	6.251631
7964303	4.74975
7964316	4.786074
7964347	6.320532
7964360	9.374228
7964388	5.727975
7964400	5.086469
7964413	7.275635
7964436	5.923571
7964460	6.572162
7964466	8.414514
7964484	4.667108
7964499	5.083478
7964522	8.020844
7964535	4.781997
7964548	5.427319
7964555	5.995782
7964575	6.55109
7964577	5.790058
7964579	9.644985
7964592	3.807891
7964594	3.063537
7964602	7.94713
7964625	1.872076
7964627	1.873009
7964629	2.567231
7964631	4.221862
7964640	2.664131
7964642	5.780258
7964646	6.970145
7964658	6.43998
7964660	4.1313
7964665	3.735918
7964675	4.614757
7964677	6.399829
7964687	3.824909
7964699	2.156316
7964701	9.993805
7964718	4.720615
7964722	4.366737
7964733	2.712545
7964736	4.843274
7964739	8.309347
7964745	9.202816
7964757	5.933444
7964759	5.77895
7964785	2.812084
7964787	3.816051
7964795	2.539192
7964803	3.733314
7964810	5.667551
7964828	9.686028
7964830	5.813118
7964832	7.125858
7964834	6.833843
7964846	4.438148
7964852	2.657869
7964868	2.556654
7964872	3.289145
7964907	5.013319
7964927	5.104351
7964937	8.018575
7964976	5.771242
7964979	2.11167
7964981	1.86404
7964983	3.125465
7964985	4.600581
7964987	4.565058
7964997	4.229549
7965022	7.925446
7965036	4.961167
7965038	5.292252
7965040	7.529088
7965048	9.509304
7965060	5.54444
7965064	7.736273
7965090	6.070913
7965094	4.595743
7965108	2.771638
7965110	3.531528
7965112	8.142461
7965123	7.97418
7965150	5.203858
7965152	5.599145
7965154	3.879544
7965156	4.018026
7965166	3.563773
7965200	6.116508
7965206	3.137548
7965226	5.79688
7965231	2.726435
7965245	4.829419
7965249	3.154238
7965264	6.253289
7965322	4.512997
7965335	7.454746
7965343	8.217263
7965357	10.16381
7965359	10.68319
7965384	3.665672
7965390	3.163472
7965398	3.210859
7965403	2.342557
7965410	3.179135
7965423	10.27611
7965429	4.086277
7965431	4.317469
7965436	8.072989
7965467	11.98904
7965469	2.52597
7965471	7.697774
7965478	7.833196
7965480	9.102071
7965484	4.994543
7965486	5.142713
7965508	7.184785
7965510	7.276298
7965515	8.475298
7965523	6.990232
7965541	6.999634
7965565	4.362782
7965573	10.24087
7965587	2.693206
7965589	2.646522
7965606	4.653344
7965627	9.835144
7965652	6.427143
7965671	4.370695
7965673	5.27387
7965675	6.06792
7965677	2.546655
7965679	3.882494
7965681	3.998673
7965686	3.313135
7965721	5.098005
7965723	7.250669
7965746	5.863283
7965760	3.69886
7965767	2.672342
7965769	5.151315
7965787	2.889812
7965789	9.240961
7965800	4.052252
7965812	10.48703
7965840	3.267779
7965846	7.229819
7965855	7.770602
7965867	2.10071
7965873	3.426987
7965884	3.664343
7965900	3.901119
7965916	1.809111
7965918	5.98079
7965935	2.722541
7965941	3.490837
7965956	7.235164
7965964	6.13184
7965976	5.791922
7965979	3.371843
7966003	8.162028
7966026	4.104649
7966035	7.770389
7966046	6.567275
7966052	7.280319
7966068	5.576658
7966070	2.31741
7966072	7.217085
7966089	3.721042
7966098	8.230392
7966122	5.79206
7966127	5.440152
7966135	7.86338
7966148	2.351778
7966150	5.63689
7966172	3.529779
7966181	2.204618
7966183	5.879989
7966189	5.604512
7966202	7.78464
7966213	5.591232
7966223	5.733012
7966225	3.047981
7966227	2.785852
7966229	3.058936
7966234	5.77326
7966257	5.960262
7966259	9.051713
7966266	6.592924
7966268	8.078316
7966293	5.681342
7966301	8.183237
7966315	10.66425
7966321	7.507859
7966332	7.91881
7966343	8.110304
7966345	8.336037
7966356	5.590441
7966368	10.75067
7966379	3.219153
7966389	6.502994
7966397	9.013144
7966427	7.945822
7966441	4.548
7966448	7.953365
7966462	7.979262
7966488	6.964972
7966517	8.124594
7966534	11.82689
7966542	6.4751
7966568	2.713456
7966570	7.35679
7966594	3.121766
7966596	5.310204
7966600	7.097369
7966621	4.686041
7966631	4.858676
7966638	7.000762
7966666	7.351153
7966668	4.940851
7966686	3.220796
7966688	2.359217
7966690	9.614108
7966706	8.309189
7966738	8.056861
7966746	7.548319
7966749	5.597509
7966760	8.673323
7966779	4.68407
7966810	5.878165
7966829	9.208248
7966839	6.789534
7966851	8.374967
7966876	5.285155
7966878	4.399746
7966929	7.378755
7966938	8.507504
7966996	10.23212
7967002	7.294333
7967021	5.881281
7967025	7.377872
7967028	4.341747
7967030	6.153231
7967032	5.043155
7967034	4.076274
7967039	5.34969
7967056	6.598242
7967060	9.444101
7967067	5.050091
7967072	7.324454
7967082	2.579787
7967084	6.829988
7967089	4.749687
7967091	8.81223
7967107	5.74871
7967109	6.822887
7967117	5.600714
7967127	6.813102
7967149	8.389544
7967175	5.70536
7967193	4.852015
7967202	5.875386
7967210	6.405395
7967212	5.472622
7967226	4.285955
7967230	7.176153
7967240	7.507603
7967255	8.064741
7967287	7.292806
7967304	8.224825
7967318	6.565013
7967322	6.691436
7967325	4.657194
7967331	8.347073
7967337	4.441917
7967358	5.446334
7967386	5.631249
7967412	8.913038
7967418	3.739328
7967420	8.695076
7967452	5.432323
7967454	5.011428
7967456	6.729132
7967463	5.461852
7967473	8.844002
7967486	6.326063
7967493	6.690104
7967544	6.884869
7967563	13.26203
7967586	5.82885
7967588	6.399899
7967620	11.9367
7967622	4.426667
7967624	8.078069
7967636	6.422927
7967641	5.247749
7967654	1.862367
7967656	2.953835
7967658	4.166599
7967660	4.937303
7967685	3.909051
7967700	4.725879
7967702	4.026068
7967705	4.630685
7967707	5.020555
7967709	6.334644
7967711	6.413602
7967727	4.8199
7967736	6.314947
7967789	6.744412
7967792	4.701429
7967794	7.968548
7967810	8.076138
7967841	7.670921
7967863	5.796342
7967868	2.142076
7967870	4.870636
7967872	5.613707
7967874	4.589829
7967876	3.29545
7967879	6.333865
7967881	7.696605
7967896	3.659722
7967898	5.467966
7967900	9.261452
7967933	6.036524
7967969	7.025163
7967976	9.118989
7967987	7.083493
7967993	3.184831
7968000	3.490047
7968002	2.123539
7968004	4.176513
7968015	5.992267
7968029	4.144983
7968035	6.646224
7968052	2.80196
7968056	3.816051
7968062	8.926807
7968085	2.484447
7968126	6.126039
7968128	7.847853
7968132	7.297667
7968154	3.964242
7968195	2.354151
7968197	2.717809
7968199	8.497656
7968212	4.98022
7968226	10.63557
7968232	4.98612
7968234	6.174273
7968236	6.22395
7968242	7.504902
7968254	7.109072
7968260	6.728959
7968265	5.436537
7968270	7.884901
7968272	7.55795
7968274	9.08142
7968295	5.128745
7968297	8.043699
7968307	5.612968
7968323	4.433348
7968329	3.738339
7968331	9.425369
7968333	7.367094
7968344	6.0344
7968351	3.949883
7968361	2.306979
7968370	4.380115
7968389	2.316566
7968411	6.650534
7968417	7.345967
7968484	3.81215
7968514	3.585793
7968516	7.907389
7968556	6.143277
7968563	6.34935
7968577	8.287001
7968630	4.2625
7968632	3.75738
7968637	4.547216
7968650	5.581561
7968653	6.313896
7968658	6.954906
7968670	8.753118
7968678	6.179194
7968703	8.209121
7968711	8.328462
7968732	1.901271
7968734	5.405069
7968746	5.729624
7968759	5.250385
7968761	6.545104
7968787	7.767704
7968789	6.449248
7968796	4.218028
7968798	4.43725
7968800	7.961955
7968835	8.026512
7968851	4.000932
7968866	2.313003
7968872	5.363425
7968883	6.069505
7968890	6.727492
7968892	4.771615
7968898	7.91925
7968915	6.132888
7968926	4.525938
7968928	6.395108
7968931	8.586234
7968957	3.747906
7968962	2.832171
7968970	2.550125
7968972	7.449502
7968976	6.791401
7968999	6.461489
7969003	11.22438
7969017	7.576152
7969048	8.931066
7969050	3.077289
7969058	5.860252
7969060	8.690393
7969091	4.793604
7969093	4.894797
7969096	6.077063
7969114	6.288558
7969129	7.310477
7969143	6.077506
7969145	4.352607
7969151	3.302619
7969153	8.191844
7969166	6.247033
7969171	5.716439
7969177	7.495463
7969179	6.983216
7969192	4.284754
7969202	4.108527
7969204	7.214239
7969222	4.553127
7969228	8.295038
7969241	6.082533
7969243	6.454989
7969256	4.629052
7969263	6.071247
7969271	8.668069
7969286	4.552471
7969288	13.70584
7969298	4.607525
7969300	5.240069
7969306	5.240069
7969312	5.240069
7969318	5.240069
7969324	5.240069
7969330	5.026328
7969339	3.880049
7969341	6.553426
7969358	3.766251
7969360	2.025325
7969364	3.271023
7969366	2.283364
7969368	5.797648
7969370	6.045875
7969372	5.494705
7969374	6.008125
7969390	7.236643
7969414	10.29885
7969424	2.560218
7969426	3.784935
7969428	8.856184
7969438	9.356543
7969472	6.514962
7969477	5.360728
7969479	3.9558
7969482	3.361607
7969488	7.516183
7969493	7.895797
7969531	4.769135
7969533	6.736438
7969544	8.45597
7969559	10.18041
7969563	1.912693
7969565	2.295835
7969567	2.173283
7969569	5.036667
7969574	12.42785
7969576	4.751021
7969596	4.04128
7969609	3.514487
7969611	3.210719
7969613	4.052664
7969626	7.286306
7969638	2.789546
7969640	3.978335
7969651	9.185
7969665	6.625374
7969671	7.051693
7969675	3.388736
7969677	9.340731
7969693	6.917977
7969701	2.761682
7969703	8.603826
7969736	8.779822
7969770	2.439143
7969772	7.511671
7969774	2.703024
7969776	8.038801
7969792	13.5028
7969794	6.472205
7969796	11.94279
7969815	5.80207
7969828	4.68799
7969830	6.225715
7969835	7.670565
7969861	5.752173
7969879	3.354938
7969881	8.616688
7969914	2.311085
7969916	6.847962
7969933	6.319769
7969935	8.845389
7969955	4.75598
7969959	2.797021
7969975	5.397455
7969977	3.687248
7969979	8.227349
7969986	4.949326
7969995	5.073419
7970031	4.672823
7970033	5.943428
7970082	5.416496
7970084	7.809241
7970096	6.814457
7970111	8.13764
7970139	5.189868
7970146	5.333976
7970150	2.460517
7970158	3.194758
7970162	6.310432
7970194	7.024016
7970232	6.284696
7970241	5.909791
7970251	4.543236
7970262	8.00126
7970287	9.601666
7970301	7.967945
7970317	8.645485
7970325	4.996224
7970329	6.914454
7970347	8.520231
7970370	8.648962
7970376	6.678713
7970381	4.627151
7970388	4.941129
7970390	2.599162
7970392	6.967825
7970395	6.535731
7970404	3.040943
7970413	8.899419
7970428	6.44628
7970439	5.973377
7970441	6.109427
7970448	5.007256
7970455	6.998631
7970467	5.794395
7970473	7.18185
7970498	6.697538
7970507	4.965882
7970509	2.737201
7970511	2.774209
7970513	3.188913
7970524	8.986329
7970542	5.092207
7970546	7.909772
7970563	2.440021
7970565	8.498756
7970567	3.256889
7970569	5.17654
7970577	6.658478
7970595	3.635947
7970597	5.914373
7970602	9.704717
7970622	2.024865
7970624	4.836071
7970648	5.763049
7970655	7.942639
7970672	4.084964
7970676	6.01019
7970681	6.786686
7970691	5.818787
7970696	7.682693
7970702	2.071018
7970704	7.323133
7970716	8.160806
7970727	6.10523
7970732	4.98559
7970735	6.931386
7970737	4.002279
7970763	3.409203
7970793	4.835365
7970804	4.600403
7970806	4.780118
7970810	6.572197
7970828	4.970269
7970831	8.346384
7970840	4.258849
7970842	9.809557
7970844	3.97666
7970858	8.6127
7970864	9.703097
7970887	2.761271
7970892	5.08266
7970905	4.217619
7970907	9.097791
7970922	2.143843
7970924	5.262114
7970947	2.062922
7970949	4.432354
7970954	4.106045
7970973	6.078555
7970975	7.478301
7970989	7.640827
7970999	7.893269
7971013	4.819048
7971015	5.042015
7971027	6.965842
7971039	7.60533
7971071	5.368241
7971075	3.176614
7971077	2.677461
7971104	3.514266
7971122	4.251305
7971126	3.314427
7971134	7.628312
7971150	5.236843
7971159	3.694124
7971161	2.358398
7971163	9.055431
7971165	4.804495
7971167	3.745194
7971177	7.328542
7971184	7.181098
7971191	5.885096
7971197	10.22827
7971208	6.656318
7971216	4.525794
7971218	6.900655
7971222	6.296356
7971239	4.229889
7971241	7.772371
7971243	5.756909
7971246	7.786374
7971294	4.249091
7971296	5.619391
7971311	4.533503
7971335	5.425272
7971345	4.689975
7971350	8.771367
7971359	2.873915
7971361	7.469785
7971367	2.062647
7971369	4.130116
7971373	7.126162
7971375	10.39408
7971386	6.027134
7971388	6.638819
7971400	2.991901
7971415	2.164434
7971417	3.20932
7971419	4.910768
7971422	7.673022
7971444	3.239546
7971461	8.178069
7971482	6.027363
7971484	2.046963
7971486	4.495329
7971513	7.214814
7971526	2.849298
7971535	3.878269
7971537	3.773935
7971539	5.68871
7971541	8.522852
7971550	7.704222
7971561	3.173667
7971563	9.134705
7971565	6.852513
7971573	5.420135
7971590	9.874413
7971602	7.193547
7971615	8.239637
7971620	7.711657
7971642	2.762696
7971644	7.348447
7971653	6.03476
7971659	3.562957
7971661	6.189437
7971663	6.192318
7971669	3.858244
7971671	4.962708
7971690	3.77961
7971692	7.267436
7971711	4.19468
7971713	6.640599
7971723	5.25113
7971727	3.219839
7971731	6.76919
7971757	4.196549
7971780	6.004921
7971800	5.161048
7971813	4.846671
7971820	8.977524
7971838	3.508178
7971850	5.168713
7971858	10.13966
7971860	4.438968
7971862	5.720428
7971864	5.46694
7971866	2.852654
7971901	1.996317
7971905	5.070027
7971911	3.676405
7971913	3.147439
7971915	5.667126
7971920	11.58351
7971922	3.464794
7971931	2.502795
7971933	2.437041
7971935	1.766958
7971937	3.658168
7971950	5.483984
7971965	4.737644
7971967	8.346178
7971996	4.028467
7971998	7.269362
7972001	4.127521
7972003	4.59227
7972016	2.593503
7972018	2.95714
7972021	6.12303
7972044	7.114181
7972053	2.740891
7972055	6.157104
7972062	9.693771
7972069	8.590892
7972157	3.418689
7972173	4.463948
7972175	2.953537
7972177	4.739837
7972180	7.065701
7972190	8.276889
7972215	6.601371
7972217	4.659599
7972223	2.378585
7972225	2.675853
7972229	2.182871
7972231	3.833389
7972237	3.189765
7972239	6.823565
7972247	4.609276
7972251	4.19418
7972253	4.024677
7972255	2.199814
7972257	4.003708
7972259	3.491306
7972269	6.070336
7972287	2.826422
7972289	2.658057
7972291	5.168179
7972297	6.392246
7972334	2.53413
7972336	4.129861
7972365	1.95262
7972367	1.911523
7972369	7.043476
7972416	4.132731
7972418	2.337183
7972420	2.84165
7972426	5.235152
7972428	4.045443
7972438	6.297759
7972442	5.612082
7972444	8.843685
7972461	6.993154
7972487	8.114646
7972546	4.678161
7972548	4.237397
7972557	3.898081
7972561	4.299845
7972563	2.194252
7972565	2.317229
7972567	5.51113
7972570	6.280289
7972577	7.283722
7972579	7.232585
7972601	3.758754
7972650	3.452333
7972661	3.428785
7972663	5.229998
7972665	2.78899
7972670	3.147563
7972672	3.252818
7972674	3.934204
7972682	4.122608
7972692	4.81448
7972699	3.749488
7972709	2.575515
7972711	6.498666
7972713	8.407126
7972723	9.761072
7972733	4.5962
7972735	2.259258
7972737	6.500698
7972743	4.324887
7972745	5.733933
7972750	5.016397
7972803	2.259304
7972805	6.188648
7972808	5.935779
7972810	7.724554
7972826	3.832551
7972828	8.222531
7972840	7.12922
7972867	7.140879
7972888	7.078355
7972890	8.176003
7972899	6.108853
7972902	5.116062
7972912	7.390718
7972921	5.689196
7972923	4.977056
7972932	4.349106
7972936	4.906137
7972946	5.43849
7972973	6.756361
7972977	6.504258
7972979	1.996612
7972981	3.597157
7972983	4.068347
7973002	5.254783
7973004	3.036539
7973006	3.454623
7973008	3.205669
7973010	4.650366
7973012	3.158768
7973014	2.705985
7973016	3.218423
7973018	2.82022
7973020	4.117084
7973022	3.190571
7973024	3.280611
7973026	3.932125
7973028	2.995332
7973030	3.158228
7973032	3.860569
7973034	2.379994
7973036	6.793916
7973054	9.884789
7973056	9.516787
7973067	6.756634
7973078	3.355778
7973080	5.313358
7973082	2.529954
7973084	7.630896
7973093	2.986229
7973098	2.948092
7973101	5.969618
7973105	5.627186
7973108	5.173617
7973110	3.706347
7973114	4.639843
7973116	7.551348
7973135	4.947782
7973142	4.325591
7973149	6.178618
7973156	4.068879
7973158	6.026988
7973182	3.011478
7973185	2.949092
7973214	7.939786
7973221	4.508432
7973296	4.234472
7973298	3.587941
7973303	4.190185
7973306	7.707973
7973314	9.342445
7973327	6.126761
7973336	6.727787
7973350	2.263131
7973352	9.093791
7973363	5.09266
7973369	3.032671
7973371	7.517763
7973377	7.313489
7973384	9.33061
7973393	5.055298
7973403	4.608036
7973414	6.749772
7973427	6.064033
7973433	11.67394
7973444	4.106268
7973446	3.686097
7973448	8.034298
7973458	8.005632
7973468	5.50291
7973510	4.98788
7973530	7.063569
7973545	8.39242
7973564	9.207714
7973580	5.435327
7973584	7.355932
7973611	5.865662
7973613	5.663937
7973618	7.995838
7973629	5.834519
7973652	4.955281
7973660	8.327455
7973679	7.372719
7973694	5.703533
7973702	5.102788
7973709	6.038351
7973724	7.756203
7973727	7.442472
7973732	7.559583
7973743	3.382138
7973745	5.329551
7973752	3.399457
7973754	1.944203
7973756	6.271933
7973770	7.811235
7973797	4.189343
7973813	5.295014
7973820	1.98539
7973826	7.231909
7973838	2.272534
7973840	8.945285
7973850	4.073213
7973867	8.894265
7973869	3.031302
7973871	11.97675
7973873	3.605433
7973875	3.547826
7973894	4.378607
7973896	11.2333
7973898	6.147727
7973900	3.930327
7973902	8.978025
7973918	7.457418
7973924	7.40397
7973936	9.315423
7973943	4.987024
7973946	3.440109
7973948	5.055313
7973962	4.589997
7973966	5.304006
7973968	3.016304
7973970	4.408697
7973972	4.956747
7973974	7.009591
7973983	3.096918
7973985	6.45756
7974008	6.0403
7974027	4.610658
7974029	4.983807
7974047	4.416982
7974052	1.994581
7974054	4.984198
7974066	9.377131
7974080	3.647211
7974090	7.215758
7974109	3.244564
7974117	6.009887
7974125	7.567937
7974146	7.692747
7974164	6.28486
7974166	5.196519
7974190	8.476287
7974192	2.371649
7974194	4.961102
7974198	5.67805
7974207	7.128826
7974212	4.480099
7974214	6.580641
7974229	10.3722
7974245	2.671391
7974247	2.166721
7974249	9.416156
7974253	6.544792
7974255	8.026934
7974257	7.250236
7974270	6.945422
7974288	5.450441
7974303	9.652431
7974314	5.479465
7974316	5.293544
7974337	3.717076
7974339	5.573391
7974341	4.401789
7974352	8.224812
7974363	4.71828
7974366	4.809998
7974372	4.714368
7974380	7.405673
7974387	7.662481
7974402	3.518957
7974404	2.560318
7974418	5.163303
7974425	5.38915
7974445	2.897927
7974447	6.402605
7974455	8.838992
7974461	9.598618
7974471	6.488675
7974473	8.951525
7974479	7.536048
7974481	9.43797
7974483	8.817159
7974531	5.546754
7974533	7.070778
7974542	7.848368
7974562	2.846052
7974564	2.727091
7974566	7.842424
7974576	8.175889
7974585	4.942995
7974587	8.580877
7974603	8.465813
7974617	4.180665
7974619	3.735516
7974621	7.166438
7974647	4.517087
7974653	6.44508
7974687	2.08578
7974689	4.218307
7974695	4.245201
7974697	7.485373
7974725	8.374589
7974737	2.502154
7974771	7.439092
7974781	7.195586
7974793	6.200724
7974799	7.147168
7974811	3.607046
7974814	3.519155
7974816	7.070304
7974835	9.113171
7974851	8.861055
7974870	6.244146
7974882	5.621547
7974895	2.723577
7974900	4.712298
7974902	3.846727
7974912	2.285594
7974914	5.215721
7974916	4.247803
7974920	8.391901
7975045	8.186294
7975066	4.392159
7975068	7.630896
7975076	6.697766
7975081	5.771348
7975095	5.75421
7975113	7.4332
7975121	7.058533
7975136	7.670835
7975154	2.754302
7975167	6.646014
7975191	3.317881
7975203	8.294494
7975222	2.128652
7975224	8.417101
7975238	6.640206
7975268	5.529278
7975282	2.646038
7975284	4.652032
7975292	7.510865
7975309	4.057338
7975311	8.0431
7975324	4.786913
7975344	8.805097
7975354	4.835571
7975361	7.995741
7975368	11.20943
7975386	4.468593
7975390	5.773715
7975406	2.845977
7975408	1.898047
7975410	5.598469
7975412	7.890352
7975416	8.097461
7975453	4.431817
7975455	6.615791
7975457	7.708038
7975459	7.902608
7975482	4.778957
7975506	6.201421
7975521	9.188183
7975545	9.401649
7975562	5.130201
7975595	6.498376
7975598	6.619203
7975602	6.999316
7975607	6.100236
7975613	3.831339
7975616	4.547667
7975626	4.42398
7975630	2.660092
7975632	7.242315
7975645	7.814103
7975661	7.336654
7975676	5.28613
7975687	6.451929
7975694	3.836334
7975696	5.441374
7975702	4.410823
7975705	8.159759
7975713	7.270392
7975725	8.419018
7975747	8.195843
7975760	7.935147
7975770	2.590673
7975772	5.490398
7975779	8.194799
7975787	7.732611
7975793	6.848976
7975799	5.821529
7975813	3.67781
7975815	7.850012
7975851	5.294887
7975863	7.275708
7975876	3.873727
7975889	5.784309
7975901	4.234038
7975924	5.146274
7975926	7.980418
7975932	4.033516
7975956	6.368503
7975971	4.552594
7975976	8.541803
7975987	4.848376
7975989	9.861283
7975995	5.087583
7976000	6.147038
7976012	6.050505
7976037	3.239737
7976053	3.625344
7976055	3.981413
7976057	2.322974
7976059	2.464269
7976061	3.188818
7976063	2.152953
7976065	3.230396
7976067	1.992256
7976069	5.411646
7976073	3.190719
7976080	4.165539
7976084	4.614792
7976101	7.742937
7976126	2.297921
7976128	6.713583
7976146	2.538144
7976148	3.80911
7976152	2.165459
7976154	4.792647
7976156	3.85509
7976158	7.387273
7976160	6.993474
7976182	5.918957
7976187	2.281708
7976189	8.873794
7976200	9.028646
7976216	7.683873
7976239	5.910989
7976241	4.904709
7976243	8.862841
7976261	2.221978
7976263	4.763137
7976292	6.248682
7976307	7.478797
7976322	5.06673
7976333	8.771797
7976336	6.83082
7976350	3.669738
7976402	3.92851
7976407	5.50664
7976412	3.973095
7976425	6.651308
7976436	6.76184
7976443	7.848644
7976451	3.64137
7976481	4.720568
7976488	4.266137
7976496	4.656368
7976506	4.7282
7976512	5.173405
7976515	9.250825
7976523	4.475104
7976544	4.085007
7976552	2.721545
7976554	2.667065
7976556	4.67321
7976560	6.641887
7976567	6.560467
7976571	7.352454
7976578	3.693991
7976598	9.891444
7976621	6.593679
7976635	4.953678
7976642	5.093957
7976646	2.822301
7976648	8.125852
7976667	5.266909
7976669	5.293406
7976681	5.760127
7976698	5.600468
7976724	6.151489
7976726	5.700785
7976744	8.475974
7976755	5.846442
7976766	6.965164
7976778	4.802775
7976783	6.056324
7976795	5.508402
7976804	4.850057
7976806	2.31806
7976808	5.034666
7976810	2.710701
7976812	2.480188
7976814	3.041618
7976816	2.531278
7976818	2.343416
7976826	2.925316
7976828	5.155747
7976830	2.629171
7976832	2.434964
7976834	4.317338
7976836	2.326037
7976838	1.908162
7976840	2.432184
7976842	2.541624
7976844	7.290149
7976846	3.100929
7976848	6.52143
7976850	2.688267
7976852	2.160417
7976854	4.049263
7976856	2.364293
7976858	4.598078
7976863	7.582875
7976874	3.069535
7976876	9.370797
7976957	6.255826
7976967	6.25686
7976976	6.247385
7977003	7.764679
7977016	4.687114
7977018	6.783829
7977033	6.712206
7977046	9.929559
7977058	10.08437
7977075	5.718002
7977077	9.109189
7977103	8.033648
7977105	6.273773
7977117	2.284919
7977119	6.50604
7977125	3.013276
7977127	8.475798
7977149	8.310976
7977161	3.330624
7977201	4.081276
7977203	6.526696
7977214	4.562561
7977216	5.971934
7977234	6.426776
7977241	6.761364
7977249	7.237472
7977270	7.415253
7977273	6.106217
7977288	6.83675
7977294	6.734345
7977296	4.765029
7977299	7.064216
7977319	6.348533
7977331	5.293057
7977340	6.649072
7977344	6.959356
7977371	6.487683
7977373	6.775996
7977397	8.750355
7977409	6.131501
7977418	6.362614
7977432	6.558973
7977435	5.570407
7977438	5.07197
7977440	6.942679
7977445	4.218128
7977447	3.156134
7977450	2.987692
7977452	6.124077
7977454	9.055239
7977456	3.589116
7977472	3.789815
7977474	4.297435
7977476	4.112548
7977478	2.910389
7977480	2.43012
7977482	5.588181
7977497	6.137158
7977507	10.73957
7977511	6.664273
7977567	5.349636
7977571	6.988048
7977584	7.368551
7977592	2.663811
7977596	3.309258
7977598	2.611798
7977606	2.94395
7977609	3.865964
7977611	4.102178
7977613	3.396365
7977615	7.367581
7977621	10.33257
7977642	3.999119
7977646	6.126548
7977653	5.628926
7977655	4.766098
7977657	10.53177
7977674	8.875918
7977693	7.602444
7977732	8.666461
7977734	5.869365
7977736	7.361302
7977749	7.667041
7977761	4.545481
7977767	4.143862
7977771	4.398977
7977773	4.925039
7977775	11.82106
7977780	5.218403
7977782	5.252078
7977784	3.408102
7977786	4.608158
7977801	3.146317
7977803	8.40118
7977820	8.040112
7977841	7.418729
7977854	5.779481
7977868	6.363574
7977879	7.882116
7977888	5.429907
7977906	7.880537
7977928	5.856589
7977933	9.344463
7977951	3.584587
7977953	2.200499
7977955	6.824557
7977965	6.882714
7977978	6.255589
7977987	4.520218
7978019	2.115702
7978021	4.206612
7978054	6.099352
7978056	5.053555
7978059	5.478297
7978064	5.479478
7978066	8.800348
7978093	6.086683
7978103	3.848165
7978107	5.362206
7978114	6.096824
7978123	8.011071
7978132	6.869151
7978166	9.402984
7978174	7.481507
7978187	5.720811
7978192	5.809903
7978201	9.014254
7978208	7.92797
7978222	6.680319
7978239	6.881423
7978260	8.435772
7978272	5.354519
7978285	5.585823
7978312	6.65206
7978329	2.041423
7978331	5.456046
7978335	6.810497
7978343	3.996825
7978351	4.634994
7978360	5.050311
7978366	5.982591
7978376	5.54766
7978389	5.747519
7978391	3.412747
7978401	2.612019
7978403	2.451177
7978405	2.533449
7978407	4.691421
7978428	8.493812
7978449	9.669061
7978492	8.311007
7978527	7.210314
7978534	3.686048
7978536	2.486728
7978538	5.881931
7978542	7.694564
7978544	8.147799
7978553	6.670882
7978558	8.169069
7978568	11.2333
7978570	9.030611
7978586	7.105711
7978595	7.868328
7978626	2.186175
7978628	6.080064
7978644	9.763269
7978653	7.930196
7978662	5.718342
7978664	4.425991
7978666	7.537197
7978676	4.050897
7978686	5.415169
7978690	4.433852
7978692	3.508837
7978704	3.254201
7978706	8.600822
7978710	4.302547
7978712	4.89831
7978718	7.727338
7978739	8.17812
7978748	6.498218
7978754	10.70258
7978756	3.583838
7978760	7.701174
7978766	6.959728
7978776	5.857066
7978793	2.051708
7978795	6.386832
7978801	4.25794
7978822	2.276953
7978824	6.522037
7978831	6.399341
7978833	9.926799
7978838	6.40879
7978846	3.268163
7978866	8.074945
7978905	14.2808
7978911	4.949724
7978917	5.399755
7978923	6.418562
7978932	8.848489
7978956	6.545516
7978970	4.463182
7978997	8.441931
7979031	5.869647
7979033	7.601318
7979042	4.360806
7979044	6.889202
7979085	9.330173
7979108	4.931691
7979125	2.285406
7979127	8.879533
7979129	2.824311
7979133	4.070205
7979158	5.414511
7979179	9.759264
7979196	7.391246
7979204	4.135429
7979223	6.69418
7979241	5.163481
7979250	7.97894
7979260	8.050364
7979269	6.348851
7979281	4.387675
7979307	3.409904
7979328	7.918672
7979341	3.199954
7979351	5.559417
7979355	5.639725
7979357	4.982108
7979365	4.61135
7979367	7.872078
7979378	3.864365
7979387	4.140707
7979398	3.619701
7979400	4.146347
7979412	7.686379
7979414	2.77174
7979416	5.537565
7979426	5.711791
7979437	5.741786
7979444	2.353635
7979455	5.288539
7979473	8.224303
7979483	2.662646
7979505	6.24294
7979510	7.322083
7979516	6.296054
7979524	8.799671
7979529	3.308418
7979548	5.707265
7979551	8.413305
7979565	7.551681
7979572	4.445816
7979574	7.127228
7979583	4.539444
7979611	6.859551
7979615	4.964045
7979658	10.93366
7979663	8.597717
7979671	7.508224
7979691	3.464905
7979694	9.101236
7979696	2.31596
7979698	8.522013
7979710	7.175291
7979721	6.218203
7979725	4.817513
7979730	1.909887
7979732	7.439826
7979741	5.874914
7979743	8.055254
7979755	2.112213
7979757	7.251931
7979800	2.390247
7979802	2.79265
7979804	6.688181
7979806	2.903179
7979808	5.894071
7979811	3.955273
7979813	9.7081
7979820	6.966894
7979824	8.725413
7979849	8.941052
7979862	7.704082
7979864	9.551328
7979870	4.739566
7979876	6.873138
7979878	4.601796
7979886	8.450537
7979888	3.24301
7979902	4.007907
7979904	3.86217
7979906	9.042153
7979916	7.63604
7979925	4.454211
7979927	5.986998
7979931	8.260459
7979943	7.071533
7979957	3.951491
7979959	3.207917
7979961	2.245379
7979963	4.825393
7979980	5.746398
7979982	5.513098
7979984	7.488641
7979999	3.854655
7980001	3.508645
7980003	4.98788
7980005	8.58145
7980024	3.828011
7980044	7.203269
7980051	6.607007
7980069	6.319916
7980080	10.32362
7980096	3.777925
7980098	8.292045
7980113	3.916488
7980115	6.582273
7980140	6.313861
7980142	4.703985
7980146	10.0971
7980152	5.551834
7980189	8.11237
7980213	3.601727
7980219	5.268007
7980233	5.496162
7980246	6.679321
7980265	5.056993
7980271	8.494874
7980296	10.42099
7980304	3.473246
7980306	3.6196
7980309	9.88485
7980316	4.76579
7980327	7.30491
7980338	7.752435
7980344	4.776916
7980350	3.1984
7980352	5.593946
7980358	6.192012
7980381	6.633961
7980390	5.292856
7980401	2.770851
7980403	7.230009
7980425	6.201332
7980438	9.053289
7980452	5.319787
7980454	6.646603
7980463	8.200567
7980477	5.622706
7980481	3.029443
7980485	4.156096
7980496	5.661355
7980523	8.421605
7980535	10.50267
7980537	4.898468
7980547	8.824865
7980574	2.528635
7980576	2.118123
7980578	1.909926
7980580	8.228623
7980603	2.735574
7980605	4.448991
7980616	6.946475
7980636	6.817267
7980680	8.041477
7980688	2.135899
7980690	6.49815
7980700	5.709515
7980702	6.453191
7980718	3.785393
7980720	5.853427
7980742	4.860622
7980744	6.219568
7980765	4.929412
7980773	6.522529
7980828	7.638079
7980833	8.168377
7980859	6.341906
7980861	6.183022
7980889	5.789376
7980891	10.87515
7980906	6.36837
7980908	5.185891
7980923	8.120363
7980940	8.676819
7980955	7.097187
7980958	10.47365
7980970	6.567381
7980983	7.823931
7980990	7.128551
7980998	7.399076
7981011	4.892894
7981013	5.363976
7981020	4.281726
7981032	8.457767
7981046	6.822009
7981051	4.85254
7981059	4.314561
7981065	3.974633
7981068	6.359902
7981078	5.870434
7981084	4.119617
7981098	4.416164
7981106	5.878084
7981111	9.352545
7981142	8.349583
7981157	4.780847
7981161	5.547982
7981181	6.925863
7981183	4.194509
7981190	2.904198
7981192	7.798074
7981215	5.633963
7981217	7.097041
7981233	5.370665
7981235	4.602144
7981237	2.614724
7981240	4.291185
7981242	5.175785
7981249	7.967149
7981266	6.527175
7981273	6.265252
7981278	9.249707
7981283	7.595232
7981288	3.630185
7981290	7.995027
7981309	5.051882
7981317	6.661192
7981320	5.309479
7981322	3.198852
7981324	2.317449
7981326	6.276355
7981333	5.83627
7981335	12.29665
7981346	5.739745
7981364	6.255374
7981373	4.020949
7981375	2.502581
7981377	6.733976
7981383	7.652595
7981385	3.474399
7981387	8.376648
7981425	5.155599
7981427	6.721066
7981439	7.565122
7981447	5.690474
7981460	7.833309
7981481	7.585874
7981488	7.164769
7981490	6.316512
7981494	8.933706
7981512	7.373656
7981514	4.769939
7981523	5.4014
7981525	6.579376
7981530	5.146532
7981538	5.871717
7981566	6.390792
7981573	6.615119
7981601	5.293082
7981708	4.753529
7981714	6.034543
7981718	5.6528
7981720	6.356344
7981722	8.598707
7981724	7.341365
7981726	2.858164
7981728	6.545379
7981730	7.517203
7981732	5.791175
7981737	7.748468
7981740	6.843483
7981742	5.682494
7981745	3.744524
7981748	2.085532
7981750	4.838423
7981752	6.155425
7981771	5.549131
7981773	4.969487
7981775	5.200304
7981777	4.795649
7981781	3.683626
7981783	2.106037
7981785	2.423713
7981787	4.495606
7981798	6.220321
7981824	9.038486
7981859	5.876715
7981872	7.616436
7981874	6.264333
7981893	5.549131
7981895	6.530706
7981909	6.142468
7981911	5.447509
7981917	5.198261
7981919	7.707874
7981943	6.877402
7981945	4.822885
7981947	5.965018
7981949	6.561932
7981951	5.620195
7981953	9.194077
7981955	6.671862
7981958	7.743003
7981960	4.953343
7981962	7.743003
7981964	8.846854
7981966	9.194077
7981968	2.343537
7981970	4.020691
7981972	3.911225
7981974	3.444942
7981976	8.205849
7981978	9.692494
7981980	2.72091
7981982	9.564306
7981984	2.18731
7981986	9.564306
7981988	7.854791
7981990	6.145289
7981992	3.903058
7981994	4.497741
7981996	8.056171
7981998	5.315866
7982000	3.566931
7982002	3.625317
7982004	5.049397
7982006	5.466229
7982008	3.037699
7982010	2.106634
7982012	1.845847
7982014	1.72088
7982016	3.470178
7982018	3.133213
7982020	2.442106
7982022	2.098039
7982024	3.470178
7982026	1.911611
7982028	3.575588
7982030	3.470178
7982032	3.037699
7982034	2.063714
7982036	1.987583
7982038	3.037699
7982040	2.538383
7982042	2.538383
7982044	2.538383
7982046	3.192305
7982048	2.136364
7982050	3.390994
7982052	2.012397
7982054	3.521936
7982056	2.205094
7982058	3.536242
7982060	2.319845
7982062	2.055638
7982064	3.575588
7982066	2.460783
7982068	2.371754
7982070	2.922339
7982072	2.251286
7982074	2.09803
7982076	2.363925
7982078	3.575588
7982080	1.850129
7982082	2.132245
7982084	3.878886
7982086	1.886878
7982088	1.913453
7982090	3.166487
7982092	3.575588
7982094	2.62465
7982096	2.228371
7982098	5.965018
7982100	3.114552
7982102	4.969832
7982117	3.334521
7982127	4.675128
7982129	11.98904
7982131	6.107935
7982152	5.422761
7982154	9.519506
7982185	8.205105
7982187	4.501076
7982204	10.35989
7982206	6.362626
7982228	8.74622
7982230	5.521522
7982248	5.175785
7982250	8.74622
7982252	3.843336
7982254	4.640132
7982256	7.304191
7982267	8.584094
7982269	5.346403
7982271	4.798973
7982282	9.91898
7982284	8.252837
7982287	4.71227
7982290	5.884664
7982292	2.373962
7982294	4.638477
7982299	5.695265
7982307	9.91898
7982309	7.362573
7982326	7.341396
7982333	4.534635
7982335	4.14033
7982337	3.45477
7982339	5.57344
7982341	7.212391
7982348	5.484599
7982350	7.682411
7982356	9.688647
7982358	4.377396
7982366	3.363509
7982375	3.188476
7982377	4.830655
7982388	2.166977
7982390	2.151004
7982392	4.017164
7982495	3.109946
7982497	4.523486
7982504	6.956501
7982507	9.659325
7982514	5.070945
7982516	4.645348
7982527	2.857959
7982529	7.332519
7982531	9.990122
7982533	2.821927
7982535	8.427461
7982550	3.93099
7982552	2.622105
7982564	6.269465
7982574	5.834464
7982587	5.707996
7982591	2.760537
7982593	3.198771
7982597	7.014257
7982620	7.416569
7982661	4.090564
7982663	4.082417
7982688	5.671213
7982703	5.62696
7982712	5.258132
7982723	8.341175
7982738	6.697953
7982745	5.993725
7982753	6.005684
7982757	3.977247
7982792	3.39876
7982805	6.224933
7982810	6.463028
7982812	6.723401
7982829	9.714157
7982845	7.717628
7982854	5.07693
7982868	6.722942
7982876	4.905964
7982878	11.30071
7982889	3.975883
7982904	7.714745
7982927	4.974633
7982938	6.126691
7982955	2.762224
7982957	7.386654
7982985	6.709764
7983021	7.478878
7983051	4.95913
7983054	6.576606
7983111	9.015635
7983123	5.887887
7983132	4.491559
7983143	4.110517
7983145	4.487908
7983157	8.796103
7983173	7.949673
7983189	1.906345
7983191	5.248243
7983206	6.99666
7983228	5.001118
7983239	8.920526
7983254	2.808378
7983256	8.920526
7983272	2.808378
7983274	12.0628
7983290	7.548388
7983298	7.459481
7983306	4.803664
7983321	9.139467
7983335	8.131821
7983350	7.557857
7983360	12.44699
7983365	4.647142
7983377	1.8345
7983379	3.211648
7983381	2.350246
7983391	2.016944
7983393	10.10021
7983405	7.394093
7983413	6.588187
7983447	4.198037
7983469	5.58615
7983478	7.98456
7983490	5.108481
7983500	3.275104
7983502	7.523212
7983512	7.895975
7983523	2.329741
7983527	4.557813
7983553	3.47759
7983564	6.443128
7983594	6.454279
7983606	9.521196
7983614	3.045015
7983616	7.271015
7983630	3.332385
7983638	5.102001
7983648	5.498178
7983650	7.704399
7983661	3.843315
7983663	7.548264
7983677	4.706266
7983679	7.000466
7983704	7.179538
7983718	2.52407
7983734	5.003298
7983744	9.933717
7983761	6.243072
7983763	7.516954
7983771	4.33869
7983773	4.42866
7983775	1.893078
7983777	2.592832
7983779	3.741308
7983811	7.232518
7983826	4.337167
7983828	5.627111
7983841	2.334646
7983843	8.312366
7983867	6.37527
7983890	7.792069
7983910	6.474747
7983922	2.937035
7983924	1.896146
7983926	2.53504
7983928	3.651572
7983938	6.087854
7983940	7.800872
7983951	4.24419
7983953	7.581405
7983969	4.269755
7983979	5.49434
7983985	3.882659
7983987	5.546232
7983989	2.354017
7983991	4.710213
7984001	7.6797
7984008	4.109845
7984011	5.223102
7984014	4.475201
7984016	5.456631
7984019	5.701301
7984077	2.148973
7984079	7.657109
7984103	6.831812
7984112	8.126345
7984124	7.2696
7984132	8.359067
7984152	4.497503
7984155	8.225822
7984174	5.497413
7984188	3.731569
7984190	7.626494
7984203	7.324115
7984213	5.416393
7984215	4.065904
7984217	6.984449
7984227	6.748743
7984245	4.870463
7984253	5.470325
7984255	2.414358
7984257	5.450138
7984259	5.221707
7984261	3.369445
7984263	10.45748
7984276	6.276975
7984289	11.05974
7984298	7.488955
7984317	2.546303
7984319	7.792984
7984330	5.709397
7984353	6.350362
7984364	8.808361
7984380	4.756374
7984405	5.759591
7984408	7.013353
7984436	6.211643
7984453	9.220883
7984470	8.630726
7984475	4.317008
7984488	3.923874
7984511	3.694139
7984517	7.936305
7984524	5.070166
7984538	5.619183
7984540	4.902743
7984562	11.12233
7984567	2.861312
7984569	7.057715
7984588	6.578383
7984606	5.094254
7984620	8.360228
7984624	3.631005
7984626	6.127099
7984631	5.516518
7984635	3.068321
7984641	8.891555
7984660	7.432616
7984662	5.110836
7984684	5.565771
7984686	6.385719
7984704	8.087116
7984736	2.7828
7984743	7.027969
7984759	5.103535
7984771	6.187439
7984779	6.384345
7984799	5.981346
7984802	4.694291
7984813	4.546533
7984819	5.607349
7984843	6.145335
7984846	6.117954
7984862	6.275359
7984871	7.286813
7984892	5.387354
7984908	5.255398
7984914	4.785406
7984922	7.405836
7984932	5.315438
7984943	6.098617
7984952	7.135512
7984961	5.350082
7984983	5.565771
7984985	5.969986
7984987	5.565771
7984989	6.797114
7985001	6.318877
7985016	7.481316
7985023	5.535265
7985025	4.061076
7985030	7.027631
7985032	2.773146
7985034	6.838453
7985037	3.048999
7985039	5.943248
7985044	8.024605
7985053	7.50867
7985066	5.627583
7985080	6.164943
7985087	2.261148
7985089	9.053448
7985099	5.544954
7985117	5.545907
7985119	7.071283
7985130	3.718258
7985134	9.297964
7985147	9.880312
7985159	4.973529
7985166	8.939466
7985192	5.500477
7985200	4.381821
7985202	10.09742
7985213	3.497399
7985221	7.924734
7985224	7.263758
7985226	9.075029
7985233	5.703806
7985236	4.434113
7985238	4.640074
7985240	8.879934
7985248	4.466635
7985253	5.261976
7985257	4.585137
7985259	8.606449
7985266	6.165151
7985268	5.834727
7985285	4.544766
7985310	8.150814
7985317	4.727241
7985349	7.002552
7985352	3.296614
7985364	5.791071
7985398	3.942985
7985402	7.510513
7985409	8.079061
7985416	4.595694
7985418	5.935747
7985431	8.209894
7985442	6.035006
7985444	7.561956
7985450	8.079061
7985457	4.595694
7985459	5.935747
7985472	7.806945
7985480	3.933568
7985482	6.980317
7985488	7.695902
7985493	4.136728
7985507	4.247901
7985522	4.572453
7985553	1.960532
7985555	7.514281
7985560	4.541276
7985562	7.876285
7985569	5.959929
7985571	8.101629
7985577	5.567392
7985587	6.506537
7985605	7.685917
7985620	6.06111
7985636	4.824458
7985662	8.817024
7985688	4.595694
7985690	5.776083
7985695	8.930105
7985741	3.779424
7985752	3.099436
7985757	6.915069
7985765	3.517082
7985767	5.787802
7985777	6.214506
7985786	4.761347
7985809	9.941065
7985829	5.44467
7985871	3.04067
7985873	4.372788
7985898	3.519279
7985918	6.203516
7985920	6.545843
7985924	7.584994
7985932	3.913192
7985934	7.297067
7985959	6.343157
7985963	4.536232
7985981	4.612295
7985983	8.96356
7985997	6.810035
7985999	5.262813
7986001	8.204559
7986004	7.332049
7986010	10.39816
7986049	6.927702
7986068	3.536211
7986092	7.035903
7986110	5.790842
7986132	6.995042
7986160	7.267801
7986186	6.46508
7986195	3.299063
7986214	8.323384
7986229	4.452666
7986239	3.043079
7986246	6.803076
7986248	6.349307
7986250	8.925709
7986291	3.980928
7986293	7.62849
7986323	9.850719
7986327	5.845147
7986329	7.32199
7986336	4.97349
7986338	3.344967
7986340	4.172422
7986348	4.5538
7986350	7.951355
7986359	8.530239
7986383	8.138055
7986385	5.915241
7986394	7.154156
7986407	4.970598
7986411	7.617188
7986426	4.958472
7986428	5.041316
7986433	6.752433
7986442	5.808338
7986444	5.665512
7986446	8.490816
7986463	6.356262
7986501	2.936742
7986503	6.253573
7986509	6.647759
7986512	6.647759
7986515	6.78137
7986517	6.862232
7986520	6.611828
7986522	6.862232
7986525	6.78137
7986527	6.647759
7986530	3.480671
7986532	2.542567
7986534	3.638163
7986536	3.695362
7986541	7.466906
7986561	5.997977
7986563	2.894952
7986565	5.23687
7986567	4.776723
7986569	9.64043
7986598	3.710873
7986601	6.31381
7986603	3.952431
7986605	3.703716
7986627	2.371796
7986629	4.13145
7986633	4.776723
7986637	3.125028
7986639	5.273741
7986642	6.428907
7986661	5.422761
7986665	9.156681
7986675	6.857417
7986685	8.205105
7986687	7.176501
7986701	9.698182
7986736	3.958124
7986739	6.31381
7986741	4.019899
7986744	5.628035
7986755	4.71677
7986757	5.193173
7986763	3.000224
7986765	12.99578
7986767	3.802227
7986769	8.467514
7986789	4.642732
7986820	4.889093
7986822	6.256361
7986836	4.397058
7986838	5.512618
7986863	7.665438
7986922	6.107935
7986943	5.422761
7986945	8.504981
7986947	5.788404
7986960	5.798769
7986969	6.307336
7986975	3.611715
7986977	9.880878
7987010	4.507852
7987012	7.092173
7987025	5.346403
7987027	7.449585
7987046	9.688647
7987048	7.877545
7987066	6.161363
7987068	4.392264
7987097	6.017933
7987099	6.326402
7987110	4.640132
7987112	8.74622
7987114	5.56143
7987135	3.197111
7987137	9.688647
7987139	7.682411
7987145	4.948726
7987163	3.964347
7987165	5.837723
7987172	8.625404
7987180	7.293024
7987192	8.49231
7987225	8.072058
7987230	9.359359
7987248	8.391544
7987279	8.416911
7987308	1.890697
7987310	6.226283
7987315	4.247223
7987325	8.917789
7987361	7.505056
7987365	5.456248
7987369	6.903483
7987379	3.680717
7987381	6.222179
7987385	9.305949
7987403	7.186088
7987405	4.474267
7987426	3.080694
7987439	5.027833
7987449	9.682527
7987454	6.385183
7987464	1.983966
7987466	4.655052
7987468	1.931373
7987470	2.228096
7987472	6.199532
7987475	6.142904
7987511	6.656954
7987526	6.50003
7987534	1.998993
7987536	8.092774
7987554	5.812135
7987565	4.853879
7987572	11.44488
7987574	8.960546
7987584	7.755401
7987623	3.305627
7987634	4.357585
7987636	3.717505
7987642	7.388643
7987648	1.964733
7987650	5.372348
7987675	6.019624
7987701	5.812441
7987772	9.542018
7987780	4.052645
7987792	5.571709
7987815	6.843665
7987840	8.277626
7987869	10.16019
7987892	8.466082
7987916	6.519226
7987926	2.402036
7987928	6.348007
7987960	6.577703
7987981	7.574704
7988031	11.37038
7988033	5.108078
7988050	5.627678
7988064	4.530328
7988077	6.95421
7988082	7.016271
7988091	5.112117
7988093	7.890901
7988124	7.569118
7988132	5.123094
7988163	5.943358
7988175	2.201229
7988177	5.265976
7988206	2.201229
7988208	6.130034
7988212	4.776015
7988227	4.828383
7988245	7.40234
7988258	1.957816
7988260	3.983248
7988281	9.333372
7988283	8.255093
7988286	9.050459
7988327	5.073371
7988342	5.529685
7988344	5.078596
7988346	5.40835
7988348	1.832474
7988350	9.506841
7988380	7.413317
7988400	5.723443
7988410	3.149522
7988412	3.685631
7988414	9.985203
7988424	4.960059
7988426	4.754362
7988438	2.074819
7988440	2.910037
7988442	3.025045
7988444	6.385027
7988465	2.583983
7988467	3.875002
7988537	4.284755
7988563	3.504403
7988581	8.534304
7988601	2.96613
7988605	9.085188
7988623	4.784267
7988625	3.469142
7988644	4.726205
7988672	4.182668
7988685	5.444043
7988687	7.386093
7988703	2.710441
7988705	3.592459
7988713	8.492424
7988753	10.4038
7988763	5.220075
7988767	3.035259
7988789	8.366965
7988833	5.710278
7988838	7.742337
7988852	4.865331
7988859	6.595302
7988876	8.789877
7988921	5.961877
7988963	9.025218
7988970	8.550469
7988987	6.65518
7988990	4.225364
7989013	8.623755
7989023	7.930025
7989037	7.112921
7989055	4.466196
7989069	4.563165
7989073	4.110276
7989094	4.420161
7989126	3.776818
7989128	8.413145
7989130	3.380426
7989132	7.033648
7989144	5.501617
7989146	2.865144
7989157	2.985631
7989159	7.726933
7989193	6.485935
7989195	5.44038
7989197	2.741077
7989199	5.488214
7989216	3.859226
7989218	7.238122
7989220	3.099814
7989224	10.97653
7989243	5.409128
7989245	6.945752
7989249	6.049621
7989251	6.436744
7989253	9.103237
7989277	8.999434
7989307	3.707453
7989309	6.156119
7989311	2.99644
7989313	2.355869
7989315	7.004341
7989323	8.290304
7989335	10.76654
7989347	8.089375
7989365	7.026723
7989387	9.624396
7989473	6.088204
7989476	3.951587
7989487	5.195717
7989489	5.513422
7989491	6.064118
7989493	6.716828
7989501	6.196435
7989516	7.987577
7989596	7.612211
7989611	8.455866
7989617	3.477689
7989619	10.07256
7989628	6.158169
7989647	4.536122
7989657	3.468596
7989659	3.038495
7989661	7.799955
7989670	5.853751
7989680	5.909353
7989696	9.596119
7989708	7.139176
7989718	5.0992
7989725	7.036056
7989735	9.095284
7989750	3.780539
7989759	6.892363
7989768	4.411786
7989770	5.80302
7989785	4.37701
7989806	8.675254
7989832	2.34003
7989834	8.641915
7989849	7.64186
7989883	4.612345
7989885	6.825456
7989887	5.247614
7989915	5.879329
7989922	3.188146
7989924	6.774046
7989932	4.632085
7989937	4.453551
7989951	3.827211
7989953	8.470864
7989968	6.059209
7989975	7.021661
7989985	4.367699
7990020	8.384215
7990027	6.213635
7990029	5.571731
7990031	3.849873
7990033	7.248173
7990054	6.779531
7990078	3.8711
7990080	6.991168
7990086	5.908618
7990090	9.563805
7990092	7.616436
7990138	4.707511
7990151	11.25006
7990165	7.856637
7990191	5.868949
7990211	7.850812
7990227	4.293418
7990231	7.536651
7990244	5.217764
7990253	9.63844
7990269	5.479862
7990273	6.275872
7990283	5.076675
7990307	5.565771
7990309	5.725594
7990333	4.149901
7990345	5.931243
7990361	7.559409
7990377	2.489602
7990379	7.521681
7990391	4.260311
7990400	7.365179
7990417	10.01053
7990429	7.370885
7990436	9.441813
7990442	5.911636
7990452	6.311187
7990457	7.69283
7990487	7.897321
7990511	7.715594
7990528	6.567585
7990540	7.376362
7990545	4.091233
7990555	8.406817
7990564	6.424405
7990566	8.747373
7990582	7.946867
7990616	4.654193
7990618	6.165127
7990620	12.75216
7990632	6.724001
7990636	4.493683
7990643	4.297821
7990652	5.267212
7990654	6.283076
7990657	7.040902
7990672	1.990463
7990674	4.292173
7990683	4.572662
7990700	6.944628
7990712	5.291247
7990714	4.629682
7990729	5.977326
7990736	7.099597
7990755	2.225313
7990757	10.25157
7990774	4.821553
7990808	3.621681
7990810	5.95708
7990815	7.03074
7990818	4.610256
7990825	4.837049
7990827	4.476383
7990830	7.828506
7990839	5.843302
7990848	3.515143
7990873	5.291472
7990879	5.704633
7990892	3.510484
7990894	8.025279
7990898	11.16152
7990902	8.202633
7990914	6.035006
7990916	10.63857
7990922	8.454366
7990928	5.935747
7990941	4.595694
7990943	8.448828
7990949	11.24191
7990952	8.207296
7990963	6.035006
7990965	10.63857
7990971	3.509775
7990987	4.531257
7991017	5.009786
7991019	3.628965
7991034	8.082723
7991047	6.755113
7991049	6.466568
7991057	9.040501
7991070	8.085759
7991080	4.062012
7991086	2.118546
7991088	8.198828
7991104	7.57257
7991106	5.902641
7991110	8.16853
7991120	6.842735
7991126	8.020416
7991138	5.826183
7991143	8.518307
7991153	3.7129
7991155	2.31356
7991157	2.353402
7991159	8.17091
7991169	7.57257
7991171	2.599158
7991173	6.03589
7991182	3.46758
7991184	2.326252
7991186	4.59108
7991209	8.233524
7991214	7.067078
7991216	6.931377
7991224	5.394353
7991234	5.643868
7991246	4.864615
7991258	7.216469
7991283	7.551496
7991296	6.058843
7991313	6.51205
7991323	8.749088
7991332	6.832452
7991335	6.140893
7991357	8.829571
7991367	7.537691
7991374	9.166295
7991386	9.355114
7991395	4.511653
7991399	4.34695
7991401	6.549007
7991406	5.400815
7991425	3.244709
7991427	7.11296
7991451	5.619078
7991453	9.990868
7991459	5.781308
7991465	3.369025
7991467	2.517603
7991469	4.564219
7991478	5.465883
7991485	5.958163
7991501	1.885988
7991503	5.740871
7991512	5.342774
7991516	5.889801
7991540	4.194541
7991542	4.197936
7991546	6.535856
7991562	5.663754
7991564	2.127019
7991566	6.985049
7991577	4.715234
7991581	7.493158
7991587	6.980072
7991598	7.246496
7991602	6.511586
7991630	7.733285
7991638	4.045527
7991640	6.363661
7991661	4.938821
7991663	3.249294
7991665	3.125456
7991668	6.007752
7991695	6.534399
7991714	8.074365
7991722	8.376375
7991731	6.133353
7991735	6.379673
7991742	6.789859
7991750	2.412082
7991754	6.146991
7991758	5.779696
7991762	8.111431
7991766	8.111431
7991770	2.479422
7991772	6.549259
7991777	5.68799
7991779	7.471754
7991800	6.355753
7991809	6.232416
7991815	4.938833
7991828	6.510695
7991835	7.408909
7991837	6.809457
7991846	6.53722
7991860	6.458169
7991877	6.47679
7991893	6.998118
7991898	5.931435
7991904	6.718716
7991917	7.346548
7991927	5.910259
7991932	6.403466
7991939	6.235446
7991989	7.481752
7992010	5.78877
7992021	8.022493
7992032	5.906127
7992038	6.610593
7992043	6.941332
7992049	6.479174
7992071	8.192078
7992092	7.177688
7992121	5.189577
7992125	5.820026
7992140	6.071481
7992145	5.437745
7992147	5.582391
7992181	5.741078
7992191	5.898988
7992197	6.046128
7992205	7.076741
7992219	5.789804
7992255	8.168661
7992269	7.043319
7992271	5.933062
7992293	5.812966
7992302	6.075495
7992337	8.056828
7992347	7.055195
7992379	7.235437
7992388	7.424212
7992396	6.531038
7992402	6.729261
7992409	5.530506
7992414	6.721836
7992439	5.369267
7992447	5.429159
7992460	6.111649
7992463	7.729081
7992474	7.947378
7992516	5.26085
7992518	6.726866
7992529	7.221693
7992552	7.068834
7992568	6.787131
7992584	4.919184
7992594	5.496981
7992614	6.393523
7992632	6.005854
7992639	5.94417
7992646	10.75187
7992656	6.682067
7992670	7.730894
7992678	6.947194
7992682	6.251602
7992685	6.896766
7992692	9.46581
7992716	6.327195
7992722	6.176751
7992732	7.59148
7992737	7.150097
7992744	7.000594
7992756	2.373348
7992758	6.679809
7992775	6.278919
7992782	5.793083
7992789	8.450292
7992795	6.564116
7992811	6.054006
7992828	6.429729
7992843	6.599666
7992845	6.737542
7992854	6.541002
7992861	3.256719
7992863	5.06119
7992865	4.268393
7992867	5.522176
7992870	6.835664
7992877	6.587431
7992887	6.787355
7992889	5.074925
7992891	5.095119
7992893	5.90927
7992895	4.50805
7992897	5.281181
7992905	7.81184
7992917	6.88783
7992934	5.572926
7992954	4.977357
7992956	6.026038
7992967	6.704798
7992973	7.369319
7992987	7.487474
7992996	5.130075
7992998	7.114856
7993017	6.095942
7993019	7.065728
7993024	5.510215
7993035	7.750477
7993054	5.456322
7993071	8.14023
7993083	3.187304
7993108	4.873463
7993110	2.976653
7993112	2.679123
7993114	6.16816
7993126	7.201033
7993146	3.720867
7993148	7.382032
7993157	2.871749
7993159	8.441413
7993165	5.633624
7993167	5.846183
7993179	2.399368
7993181	3.809556
7993183	2.145209
7993185	8.733248
7993195	6.174376
7993223	7.5014
7993248	5.633705
7993255	4.067614
7993257	2.602448
7993259	7.006601
7993265	5.647297
7993267	2.885766
7993274	6.427292
7993281	7.10128
7993296	6.634523
7993298	6.559657
7993310	7.937466
7993335	2.219284
7993337	4.671372
7993339	3.409108
7993341	8.019855
7993349	8.347742
7993359	8.35236
7993369	4.547715
7993371	10.24547
7993404	8.271521
7993433	9.653539
7993451	5.948817
7993453	4.657682
7993458	5.623579
7993467	5.915544
7993478	7.337543
7993511	10.24547
7993546	8.239899
7993580	8.799565
7993586	5.948817
7993588	8.154562
7993606	5.58826
7993608	7.511518
7993622	7.714008
7993624	7.337583
7993632	3.878222
7993638	8.787052
7993664	5.654293
7993680	8.067225
7993713	6.10314
7993726	5.19921
7993737	4.186119
7993754	3.266158
7993756	6.530531
7993774	4.191587
7993776	5.373497
7993798	3.769374
7993800	6.465697
7993807	10.2738
7993815	4.234178
7993821	5.780941
7993825	6.67658
7993831	4.006152
7993833	9.335324
7993846	6.113344
7993848	4.593329
7993872	10.07924
7993889	5.951968
7993898	4.132191
7993935	4.786256
7993946	7.66632
7993973	7.725091
7993999	11.21253
7994006	11.94646
7994026	10.72116
7994052	5.946834
7994058	9.162491
7994074	9.520694
7994091	3.287678
7994093	2.28229
7994095	7.175833
7994102	8.984433
7994109	5.102847
7994123	5.439217
7994131	5.424837
7994152	3.281754
7994161	7.640772
7994187	7.571505
7994216	5.266285
7994235	5.200518
7994237	7.997892
7994252	5.059916
7994260	4.903225
7994265	6.241071
7994267	5.856089
7994269	6.075823
7994280	7.738564
7994292	5.124912
7994308	7.425441
7994339	2.48896
7994341	4.632997
7994343	2.353098
7994345	6.407188
7994350	6.615132
7994353	5.91913
7994362	6.897051
7994371	8.621351
7994386	7.240527
7994415	10.87919
7994445	6.062369
7994463	4.441106
7994487	5.675192
7994506	7.94401
7994518	7.664317
7994535	6.054834
7994541	6.141926
7994559	9.253253
7994565	9.137528
7994570	5.165174
7994572	4.950127
7994576	6.861153
7994582	7.56484
7994603	5.555477
7994609	8.263319
7994615	4.170627
7994620	6.766077
7994637	7.32633
7994647	5.805782
7994655	7.911746
7994659	8.704763
7994675	5.197645
7994683	7.551533
7994692	7.27982
7994715	6.560998
7994730	5.665942
7994737	8.416389
7994756	8.7465
7994769	6.567043
7994781	7.523197
7994804	5.535561
7994813	5.263255
7994817	5.132487
7994824	1.942368
7994826	5.366091
7994858	6.808331
7994874	7.273485
7994889	7.649676
7994926	4.45024
7994928	7.498934
7994939	6.778034
7994961	6.809609
7994967	6.987456
7994981	6.300176
7994985	6.566332
7995007	5.88142
7995017	8.24685
7995030	5.556346
7995033	6.208497
7995040	7.175577
7995055	7.151305
7995069	9.492001
7995088	5.172821
7995096	5.539987
7995128	5.952204
7995161	5.552639
7995193	5.700637
7995206	6.230997
7995222	5.259519
7995237	4.156175
7995242	6.686214
7995252	7.783185
7995258	7.038304
7995263	7.145324
7995267	3.740213
7995275	3.96544
7995282	4.261592
7995292	5.822865
7995306	9.47959
7995308	6.293006
7995310	5.932404
7995312	2.340532
7995320	12.11447
7995322	8.314668
7995324	8.489586
7995326	7.529227
7995328	9.193225
7995330	11.13653
7995332	7.262313
7995334	7.866796
7995336	8.661219
7995338	9.074182
7995340	7.869911
7995342	8.712255
7995344	7.879919
7995346	6.31085
7995348	9.939621
7995350	10.41237
7995352	9.576107
7995354	4.112849
7995362	6.850342
7995377	7.32692
7995379	2.825923
7995382	9.107033
7995417	5.425968
7995419	4.679902
7995421	10.3346
7995438	4.821793
7995440	4.398915
7995442	3.366999
7995448	7.711397
7995456	7.081988
7995477	7.233326
7995479	6.180527
7995492	5.757575
7995525	5.802879
7995539	5.348833
7995552	8.069735
7995574	12.29628
7995580	7.159579
7995583	8.838161
7995627	5.938601
7995629	4.969296
7995631	8.603841
7995655	8.183264
7995668	6.667216
7995674	5.943914
7995681	4.682075
7995697	7.76012
7995712	7.780725
7995714	4.736815
7995729	5.003354
7995739	4.777699
7995755	7.937796
7995772	5.286699
7995776	6.728981
7995783	7.671187
7995787	7.204611
7995793	6.796943
7995797	6.947872
7995803	5.254885
7995806	5.489429
7995813	6.992069
7995820	5.975361
7995825	6.99329
7995829	4.612928
7995834	5.53257
7995838	6.740798
7995843	8.265447
7995866	4.519695
7995868	5.537663
7995895	10.29325
7995907	4.05023
7995926	6.671372
7995976	7.929333
7995994	8.161906
7996012	7.366564
7996022	6.146327
7996027	8.108391
7996034	6.438182
7996041	8.41459
7996051	7.758113
7996064	5.42808
7996081	8.847051
7996100	5.2768
7996117	4.950575
7996137	6.646462
7996160	5.615442
7996164	5.736074
7996174	6.159058
7996185	6.331374
7996198	4.574276
7996211	5.177176
7996219	5.714316
7996239	4.068809
7996241	7.207644
7996252	2.55382
7996256	6.769855
7996258	3.470612
7996260	8.440019
7996264	5.015408
7996281	5.635898
7996286	4.905335
7996288	2.25873
7996290	6.111028
7996313	5.645098
7996318	6.377602
7996331	4.573674
7996341	6.028784
7996345	7.289912
7996361	4.377142
7996377	6.687268
7996393	8.535208
7996403	7.033028
7996423	6.10362
7996430	6.660689
7996448	7.123846
7996455	7.273155
7996468	6.795334
7996490	7.464514
7996498	4.932952
7996516	4.282562
7996546	3.558714
7996563	6.128458
7996569	5.109561
7996571	6.018268
7996593	8.446487
7996608	5.687062
7996647	5.478739
7996651	6.080528
7996654	4.273544
7996675	6.543456
7996677	9.291786
7996685	7.132385
7996715	5.605855
7996720	7.019775
7996725	6.34551
7996744	7.333958
7996759	5.893935
7996761	6.866939
7996772	6.577617
7996785	7.110667
7996805	4.317887
7996807	5.575116
7996819	5.57995
7996837	11.39327
7996860	6.413672
7996879	3.356871
7996883	5.90807
7996891	8.292532
7996908	7.413771
7996917	2.262726
7996919	7.443076
7996934	8.091964
7996943	4.581371
7996945	2.561218
7996947	9.31817
7996954	8.398627
7996976	7.983138
7997008	5.023654
7997010	5.696606
7997025	7.857613
7997032	6.303894
7997048	7.99745
7997059	6.97767
7997072	6.612935
7997099	9.534469
7997128	6.011501
7997135	6.160903
7997137	4.25427
7997139	5.127095
7997152	4.958907
7997158	7.49789
7997164	4.438858
7997166	3.045987
7997168	10.08901
7997179	5.96645
7997188	4.027436
7997192	3.623262
7997197	6.955305
7997226	3.266581
7997228	2.760537
7997230	9.826976
7997239	9.250606
7997245	6.650111
7997247	7.172767
7997257	6.539524
7997264	6.677829
7997272	10.1055
7997281	7.519977
7997289	3.114704
7997319	5.972426
7997321	6.811543
7997332	6.280879
7997336	4.792668
7997346	3.909253
7997352	6.663551
7997374	3.530066
7997381	5.520226
7997396	8.072911
7997401	5.052401
7997414	9.481494
7997427	6.730379
7997453	5.892753
7997489	12.83117
7997491	5.908407
7997498	5.074537
7997500	2.471925
7997502	4.3452
7997504	4.122449
7997520	8.44758
7997525	6.83765
7997533	6.249964
7997542	4.821419
7997556	4.968447
7997569	6.637168
7997582	5.750716
7997593	8.853913
7997626	7.293252
7997633	8.770245
7997642	4.739554
7997662	7.505582
7997676	5.61092
7997680	6.348074
7997702	8.330522
7997712	5.833288
7997724	5.081326
7997726	4.778481
7997731	4.621506
7997733	5.876172
7997735	5.595451
7997738	2.777668
7997740	6.951751
7997746	4.343789
7997755	6.478528
7997765	6.386915
7997767	6.351072
7997779	7.83866
7997801	6.696663
7997808	5.078606
7997810	6.051178
7997827	6.336013
7997829	4.40224
7997832	5.731597
7997839	4.605287
7997852	6.640522
7997861	3.257629
7997863	6.785361
7997875	5.178965
7997880	5.294152
7997896	5.98575
7997904	8.681215
7997907	4.766611
7997909	7.572721
7997933	6.181241
7997940	6.963666
7997942	5.909208
7997962	5.599441
7997976	4.857389
7997982	7.026008
7998002	6.891102
7998015	8.01698
7998033	9.382298
7998053	5.874972
7998055	6.097735
7998063	6.305378
7998072	6.574565
7998083	5.997511
7998103	7.270094
7998115	6.830649
7998117	6.783986
7998119	7.797237
7998129	8.005195
7998136	7.146465
7998157	6.892146
7998174	7.980921
7998190	5.405833
7998211	6.30841
7998222	6.857329
7998233	7.960462
7998249	4.549848
7998251	6.533791
7998265	7.986122
7998267	8.205164
7998280	6.201133
7998297	6.126422
7998307	5.655488
7998336	5.742139
7998351	6.897024
7998367	6.017206
7998374	5.982212
7998381	6.957401
7998392	4.679454
7998399	5.517044
7998405	6.91039
7998407	5.508399
7998414	5.574581
7998427	5.424708
7998434	5.755619
7998444	7.639784
7998449	7.793679
7998457	6.354794
7998466	6.300394
7998485	5.853728
7998494	5.553851
7998510	7.180603
7998538	5.51433
7998542	6.604334
7998577	7.239047
7998585	7.948626
7998590	7.300232
7998601	6.613463
7998604	7.508526
7998615	2.388336
7998629	5.74738
7998634	7.523288
7998637	8.119694
7998643	5.880099
7998655	11.66864
7998664	7.138188
7998666	7.366406
7998668	5.792021
7998679	6.373415
7998692	6.854966
7998700	6.182109
7998722	6.818049
7998724	5.458035
7998749	6.765194
7998759	6.871582
7998762	7.805152
7998774	8.325947
7998784	5.702358
7998817	6.089504
7998820	6.10521
7998825	8.839982
7998835	7.936339
7998843	8.482311
7998852	8.742756
7998861	6.009613
7998872	6.425107
7998878	8.233797
7998886	5.197106
7998898	4.056475
7998902	6.445987
7998910	8.580622
7998921	5.164066
7998927	4.309827
7998929	5.3818
7998931	6.196054
7998940	5.818031
7998952	5.249959
7998959	2.936961
7998961	2.259866
7998963	1.95101
7998965	4.227988
7998967	5.798699
7998978	5.81821
7998983	5.446333
7999008	6.05287
7999023	4.131087
7999025	8.621397
7999044	8.048271
7999079	5.988555
7999093	4.206864
7999102	5.758573
7999112	6.094601
7999120	6.446343
7999149	7.100536
7999160	5.544726
7999173	6.844516
7999177	6.098527
7999196	5.985029
7999206	4.222232
7999217	7.246294
7999233	8.440671
7999253	8.869495
7999279	6.238821
7999291	6.110718
7999304	7.105281
7999315	2.166078
7999317	6.928717
7999319	7.306503
7999326	10.22314
7999356	3.919145
7999360	10.54774
7999362	7.970925
7999364	4.472683
7999384	5.063318
7999387	10.81804
7999396	4.408366
7999404	3.012796
7999406	5.131147
7999408	2.274875
7999410	2.003256
7999412	4.292192
7999419	6.741077
7999423	5.451265
7999427	4.277583
7999431	6.034171
7999433	6.000236
7999435	5.127354
7999440	4.834727
7999447	5.036165
7999468	10.98031
7999476	6.311519
7999478	7.6659
7999496	8.32996
7999520	8.904551
7999532	10.17912
7999547	3.707718
7999550	4.377279
7999553	6.047693
7999560	2.254061
7999562	9.032429
7999588	7.465858
7999591	6.966338
7999594	5.948817
7999596	8.129263
7999598	7.703483
7999608	8.541282
7999614	7.938642
7999634	7.871934
7999642	8.757895
7999674	4.965993
7999718	7.320574
7999725	4.787246
7999727	5.447397
7999750	5.948817
7999752	8.868784
7999754	7.164955
7999766	8.922761
7999769	8.365629
7999791	10.24547
7999827	10.74093
7999834	11.4179
7999841	9.175122
7999884	8.055451
7999886	5.649652
7999889	8.392857
7999903	7.47886
7999909	6.837684
7999916	6.990103
7999920	4.530931
7999936	6.537683
7999952	3.712863
7999965	4.682765
7999981	4.73264
7999999	2.494568
8000001	2.710359
8000003	7.928615
8000013	6.643544
8000028	7.371108
8000034	3.939248
8000097	3.327982
8000117	8.572899
8000131	10.73307
8000156	11.35146
8000167	11.67996
8000184	5.677735
8000192	9.005901
8000200	9.03302
8000205	10.7316
8000217	12.46071
8000222	11.21253
8000229	3.34031
8000236	7.794303
8000244	7.338442
8000263	7.499518
8000284	8.034175
8000310	6.418632
8000323	8.004679
8000329	6.348345
8000346	8.45434
8000369	2.288896
8000371	4.944774
8000375	7.088498
8000399	4.932248
8000407	3.162924
8000409	10.313
8000411	4.127557
8000413	7.964126
8000425	7.770908
8000465	3.115632
8000467	5.680593
8000480	4.750874
8000482	8.895435
8000501	9.28841
8000507	10.87919
8000537	9.245823
8000543	7.84183
8000567	5.968333
8000574	6.348631
8000582	4.409631
8000590	5.52835
8000600	6.555072
8000603	9.390545
8000614	2.361904
8000616	6.901856
8000632	6.202982
8000634	3.266841
8000636	10.05666
8000638	11.80367
8000649	8.144794
8000651	11.10882
8000676	10.72327
8000687	10.72262
8000690	8.144794
8000692	10.42895
8000702	5.622044
8000706	9.479233
8000716	5.73139
8000738	6.199463
8000746	5.049342
8000748	5.581881
8000757	4.808679
8000772	6.120181
8000779	5.958594
8000791	8.058132
8000799	8.260593
8000811	8.830288
8000823	11.28519
8000834	11.63371
8000848	7.676132
8000856	6.629865
8000869	5.410777
8000882	4.619307
8000884	9.330989
8000890	7.887931
8000897	6.614316
8000899	7.077324
8000903	7.23007
8000906	5.761453
8000910	5.850591
8000917	6.839508
8000924	6.049265
8000928	3.705363
8000930	2.775732
8000932	5.202337
8000941	5.650949
8000945	6.165735
8000948	6.941824
8000957	4.628547
8000963	5.605403
8000974	5.70315
8000978	5.758881
8000998	8.414136
8001007	8.140534
8001014	6.23758
8001030	6.839849
8001037	4.498715
8001041	6.28481
8001046	5.527102
8001048	7.335492
8001064	3.314029
8001067	8.65589
8001070	2.362617
8001072	4.261592
8001082	5.92342
8001099	8.952405
8001102	7.063064
8001104	6.595253
8001108	6.631206
8001111	7.172805
8001113	2.799129
8001131	2.717029
8001133	3.775662
8001147	8.240272
8001149	9.556687
8001163	5.395948
8001178	5.499413
8001185	8.494257
8001197	4.075086
8001211	9.061308
8001233	4.512282
8001235	3.326518
8001271	4.775551
8001306	7.261956
8001317	7.667922
8001325	2.318164
8001327	2.975965
8001329	4.678708
8001337	3.899143
8001348	5.024849
8001350	7.896356
8001371	4.705816
8001373	4.334653
8001385	2.52036
8001387	4.026204
8001394	6.088035
8001402	3.307333
8001410	8.265747
8001423	4.876993
8001449	7.169108
8001455	5.346169
8001457	8.387012
8001464	3.901954
8001477	8.206845
8001496	10.33649
8001507	7.986995
8001529	7.918469
8001531	7.779419
8001535	2.600724
8001537	8.098157
8001547	9.95643
8001552	7.369282
8001564	7.171508
8001576	5.984666
8001587	7.433619
8001615	5.619365
8001651	6.15657
8001656	3.160794
8001658	7.423676
8001666	8.161657
8001680	5.478921
8001682	4.696413
8001691	2.272178
8001693	10.1174
8001746	6.92874
8001748	7.598843
8001750	5.770307
8001764	9.545292
8001776	4.855097
8001780	2.75993
8001782	8.453703
8001784	4.004917
8001798	4.13309
8001800	3.963513
8001816	5.536214
8001818	7.385193
8001830	8.274862
8001841	9.252108
8001858	2.440412
8001876	7.911322
8001898	5.598588
8001918	4.931427
8001924	8.141726
8001932	5.465632
8001938	8.507727
8001946	5.825851
8001953	5.538922
8001971	5.730839
8001981	5.586998
8002005	4.022687
8002018	3.023709
8002020	6.176902
8002027	4.891516
8002029	5.294091
8002041	8.859718
8002051	5.568606
8002057	6.044487
8002072	6.252491
8002082	6.67091
8002087	7.26401
8002102	6.338697
8002104	6.494379
8002121	5.766361
8002133	7.413146
8002143	5.85685
8002152	5.964015
8002181	5.455472
8002194	5.672528
8002209	5.199141
8002211	5.505536
8002216	1.930111
8002218	8.765785
8002237	7.189623
8002245	6.319807
8002249	6.890225
8002260	2.987505
8002262	5.951093
8002264	2.368972
8002266	8.527979
8002270	5.673632
8002272	7.803599
8002283	5.226458
8002289	7.897089
8002301	5.10618
8002303	8.682462
8002312	7.264181
8002320	2.791593
8002322	8.97485
8002333	10.99105
8002342	8.035908
8002344	7.749809
8002347	8.650547
8002370	6.428697
8002379	5.677218
8002381	8.370484
8002403	6.642913
8002421	6.910535
8002444	5.599441
8002446	3.616251
8002470	4.56157
8002481	4.001123
8002492	4.356242
8002523	7.62508
8002533	5.572606
8002547	5.795681
8002556	4.042913
8002571	5.3094
8002590	4.798687
8002592	9.801487
8002618	4.934093
8002629	3.325681
8002660	6.99445
8002667	4.035588
8002692	7.515446
8002706	4.864825
8002711	9.521204
8002713	6.269349
8002729	9.445775
8002758	4.42574
8002760	4.027524
8002762	7.176887
8002778	6.422341
8002792	6.984636
8002802	7.704566
8002830	5.569638
8002845	6.692776
8002854	6.870309
8002865	7.56276
8002878	9.873077
8002882	5.310379
8002891	5.406903
8002897	5.756183
8002904	8.074747
8002919	8.486386
8002937	7.430912
8002939	5.063243
8002941	4.175912
8002967	3.671973
8002969	5.642727
8002975	6.379551
8002987	7.884333
8002992	4.711639
8002999	7.482183
8003007	4.350501
8003056	4.529603
8003060	7.398766
8003066	4.479016
8003068	7.630426
8003075	4.990421
8003077	4.937734
8003087	6.078403
8003089	9.721704
8003116	7.268267
8003125	6.268533
8003145	5.676001
8003149	5.49021
8003156	5.555704
8003158	6.334456
8003171	7.283621
8003180	8.784811
8003193	6.209234
8003204	4.188884
8003210	6.368963
8003217	6.192318
8003228	2.657865
8003230	5.781384
8003233	6.165043
8003243	5.913006
8003249	6.702517
8003263	6.136434
8003283	6.826246
8003298	6.822326
8003313	3.130149
8003318	4.527154
8003322	7.680586
8003332	6.742634
8003344	6.875358
8003348	5.940951
8003357	7.866897
8003401	6.691019
8003410	6.480033
8003425	5.739702
8003444	6.511546
8003448	6.939423
8003465	8.057902
8003467	8.437641
8003478	6.283156
8003484	6.0478
8003503	5.287686
8003553	5.794868
8003560	6.774285
8003566	3.976124
8003571	4.650211
8003576	2.774834
8003578	4.586616
8003583	6.750029
8003601	5.622044
8003605	4.370728
8003607	6.7796
8003611	7.411808
8003619	4.759159
8003621	6.569118
8003627	8.151745
8003633	6.017926
8003635	5.242774
8003639	6.05435
8003656	5.308281
8003667	4.851299
8003679	7.591308
8003700	7.43319
8003719	6.307695
8003722	6.240152
8003733	7.612545
8003758	9.343488
8003769	6.930982
8003771	6.739069
8003773	7.351122
8003800	5.868041
8003802	3.072983
8003804	3.642028
8003806	5.358442
8003808	4.909106
8003810	5.767946
8003812	5.559647
8003814	5.767858
8003824	6.462276
8003840	6.656948
8003844	4.554521
8003846	4.816565
8003848	2.921352
8003850	7.678031
8003857	5.594225
8003859	2.365797
8003861	6.15137
8003875	8.651171
8003892	6.734294
8003903	7.440053
8003922	6.575845
8003926	5.283324
8003939	5.766292
8003948	5.768233
8003953	9.223797
8003962	6.863174
8003991	7.474954
8004024	4.317728
8004030	7.813265
8004043	4.691745
8004057	8.817567
8004081	7.179968
8004086	4.146728
8004111	8.221292
8004133	6.839934
8004144	7.630831
8004152	5.140391
8004165	2.241393
8004167	4.712076
8004175	6.312307
8004184	7.767084
8004195	4.94056
8004201	5.653202
8004221	5.282908
8004237	10.83498
8004241	7.633466
8004247	8.102965
8004255	5.057935
8004266	7.238602
8004271	9.99338
8004293	7.221262
8004309	6.053582
8004325	6.913208
8004331	5.975813
8004360	6.960913
8004364	4.603991
8004372	6.340862
8004385	5.794949
8004394	4.907515
8004400	5.150882
8004404	7.271844
8004408	5.228005
8004416	5.281798
8004428	6.335673
8004431	8.521288
8004464	6.967713
8004485	7.499868
8004497	9.244661
8004506	8.88125
8004508	6.4582
8004510	7.525772
8004521	9.723104
8004532	4.403659
8004534	5.023959
8004545	5.09246
8004556	5.890126
8004571	4.944555
8004580	4.372558
8004671	6.562738
8004691	5.745834
8004694	6.675356
8004699	9.54089
8004741	6.656954
8004763	5.455374
8004784	5.72581
8004802	5.391149
8004804	6.759644
8004832	5.569017
8004842	6.295439
8004859	2.17783
8004861	3.664596
8004867	9.164364
8004880	6.396588
8004889	3.914842
8004905	6.31644
8004922	3.910221
8004938	3.985254
8004940	4.626083
8004946	5.206017
8004948	5.393122
8004955	4.925834
8004957	4.230402
8005029	8.624039
8005043	3.661585
8005048	4.086433
8005064	6.790744
8005089	6.837727
8005097	4.606448
8005102	4.743258
8005104	3.414706
8005106	2.974293
8005110	5.8935
8005117	5.269811
8005132	6.697198
8005134	7.17997
8005141	8.757247
8005153	1.921555
8005155	4.502031
8005157	7.071167
8005166	12.14444
8005171	4.844993
8005191	8.729946
8005200	6.365007
8005202	6.680536
8005204	5.388231
8005221	2.542987
8005223	3.941844
8005225	5.82885
8005231	5.384348
8005233	3.89243
8005235	7.09487
8005243	4.929317
8005245	5.695311
8005247	5.821678
8005260	5.872964
8005265	2.655969
8005267	6.964936
8005289	4.83298
8005305	6.327186
8005313	7.206393
8005328	4.979398
8005397	2.534756
8005399	8.11053
8005407	6.620065
8005435	7.134179
8005441	6.855732
8005444	5.869239
8005446	4.976517
8005449	6.801597
8005458	8.138733
8005471	11.34279
8005473	7.471393
8005475	10.19804
8005483	7.107804
8005501	9.889015
8005510	4.216718
8005512	7.677059
8005529	5.70937
8005547	10.68036
8005549	5.657267
8005553	10.68036
8005555	6.065318
8005557	7.982074
8005574	6.545719
8005576	6.109819
8005586	4.137212
8005601	5.370808
8005603	4.830896
8005626	6.328238
8005628	5.254696
8005630	2.478472
8005632	3.414221
8005634	2.209168
8005636	2.843208
8005638	7.82234
8005655	3.486185
8005657	4.909254
8005659	3.829385
8005661	6.64373
8005679	6.846478
8005683	2.702839
8005685	3.893428
8005687	5.359792
8005689	5.091821
8005695	6.711307
8005697	5.502887
8005699	7.163257
8005707	7.649663
8005726	6.70965
8005733	7.893069
8005736	11.04888
8005739	5.360781
8005743	4.050634
8005745	2.028816
8005747	3.668695
8005749	4.316746
8005751	5.158035
8005753	5.230333
8005755	2.407041
8005757	1.870412
8005759	1.889701
8005761	1.903255
8005763	1.751901
8005765	9.656267
8005777	5.775798
8005785	5.952772
8005809	6.053427
8005814	7.572415
8005829	7.376125
8005833	6.340667
8005836	4.919762
8005839	10.48334
8005847	7.653313
8005857	7.317637
8005865	6.007784
8005877	6.325163
8005879	5.882658
8005894	5.387237
8005903	8.423081
8005943	10.09627
8005951	7.083955
8005953	5.756356
8005955	5.234505
8005957	5.96891
8005959	6.157666
8005978	8.767809
8005992	1.824696
8005994	7.807398
8006005	5.370132
8006019	4.35945
8006030	8.186918
8006052	6.454991
8006063	5.576471
8006081	4.345555
8006083	2.800577
8006085	3.443291
8006112	7.028543
8006119	6.275544
8006121	3.88853
8006123	9.667236
8006148	8.101759
8006161	5.376396
8006170	6.957315
8006181	5.669991
8006183	8.343004
8006187	3.533919
8006214	5.15114
8006227	2.659952
8006229	6.893934
8006237	7.048611
8006239	8.526575
8006296	5.586428
8006298	7.825755
8006317	4.925589
8006321	6.346025
8006323	2.492083
8006325	8.459991
8006336	5.428728
8006345	8.240497
8006367	6.020516
8006377	9.738127
8006392	9.378282
8006409	5.932663
8006415	8.431437
8006423	4.479584
8006433	5.69978
8006440	3.629899
8006445	5.128059
8006453	3.12312
8006459	4.512897
8006466	5.161065
8006477	7.041067
8006479	7.585911
8006502	2.112213
8006504	4.476476
8006509	4.810606
8006531	10.34293
8006540	5.618739
8006542	9.388714
8006562	6.16545
8006569	6.599349
8006573	10.68348
8006590	3.271399
8006594	3.846598
8006602	3.762543
8006606	3.850857
8006608	5.345103
8006621	5.646586
8006627	7.793803
8006634	5.565701
8006638	8.613387
8006655	7.695533
8006668	5.999556
8006681	5.9375
8006690	7.783489
8006706	2.722471
8006715	6.891267
8006736	6.053006
8006744	2.35564
8006746	8.592305
8006762	9.834266
8006768	6.248966
8006779	7.741625
8006786	6.447019
8006788	7.655016
8006812	10.01245
8006820	9.113151
8006834	5.598414
8006836	4.192082
8006845	10.81014
8006850	7.78747
8006865	7.830875
8006877	7.697562
8006896	5.614241
8006900	5.614197
8006906	10.11276
8006940	7.461507
8006958	2.823001
8006968	5.526024
8006984	8.529938
8006999	7.117794
8007008	7.121938
8007023	7.504127
8007028	8.579042
8007043	8.604215
8007058	6.78017
8007069	7.802852
8007071	4.323427
8007084	6.325455
8007100	6.542461
8007108	5.968618
8007112	7.051299
8007115	7.419384
8007118	5.585883
8007123	5.042211
8007127	5.372181
8007130	5.451084
8007134	5.556822
8007141	12.04454
8007148	6.150155
8007152	6.757116
8007154	4.983282
8007169	3.142041
8007176	3.95957
8007188	7.74375
8007197	7.443991
8007208	4.305675
8007212	6.351484
8007228	7.731824
8007250	7.65626
8007259	7.200799
8007263	6.117373
8007272	7.741742
8007290	6.994315
8007302	7.617702
8007310	3.961905
8007312	6.86067
8007323	4.577452
8007348	5.342847
8007355	8.334795
8007363	5.857456
8007388	3.664295
8007397	9.291551
8007414	4.712763
8007420	4.405539
8007427	6.59663
8007429	3.317756
8007435	8.428836
8007441	10.85213
8007446	8.256163
8007454	4.643089
8007462	7.331336
8007471	9.362323
8007483	6.54488
8007493	5.579919
8007497	2.233782
8007499	2.038648
8007501	3.001076
8007503	4.192443
8007505	8.175159
8007530	2.713614
8007537	5.988435
8007548	6.360476
8007550	5.957373
8007561	8.326857
8007569	4.575436
8007584	5.702404
8007594	7.582731
8007603	2.595671
8007607	5.115652
8007620	11.74772
8007637	6.237636
8007641	6.834487
8007643	2.575533
8007651	5.479647
8007673	5.229282
8007675	5.810962
8007701	4.815696
8007707	5.276101
8007715	8.185307
8007730	6.417429
8007745	9.220621
8007750	6.469765
8007757	5.970463
8007790	5.463734
8007794	8.118985
8007797	9.069082
8007799	7.192298
8007803	6.047544
8007808	5.189582
8007826	6.840909
8007828	5.404804
8007846	4.905209
8007848	5.72708
8007850	9.055546
8007865	6.264536
8007867	9.13899
8007883	6.264536
8007885	9.676117
8007895	6.871635
8007902	2.779994
8007904	7.554194
8007917	6.297895
8007919	9.369862
8007921	4.534932
8007931	5.342884
8007949	5.436859
8007976	9.820511
8007990	7.507563
8007992	8.680047
8008016	6.225192
8008029	5.892018
8008038	4.663668
8008040	4.774002
8008049	3.770937
8008052	6.274876
8008064	7.644474
8008074	8.543776
8008087	9.23501
8008096	6.977502
8008110	5.314399
8008113	9.461561
8008130	3.641726
8008132	7.592134
8008139	9.099894
8008151	4.59699
8008170	4.076298
8008172	5.256265
8008185	5.417747
8008195	4.378305
8008201	6.065338
8008208	6.508019
8008213	8.164985
8008228	6.050447
8008237	7.574461
8008263	7.441512
8008277	5.403344
8008289	6.893491
8008297	6.566748
8008310	4.665231
8008321	8.38099
8008339	7.144789
8008350	4.361779
8008372	7.446532
8008388	7.910668
8008409	4.879713
8008454	7.982528
8008491	2.773194
8008493	8.900402
8008511	5.832047
8008517	7.253316
8008530	7.682545
8008540	3.694717
8008544	5.068536
8008547	8.637098
8008564	6.222312
8008566	5.444446
8008588	4.715688
8008596	3.971146
8008598	7.255278
8008609	7.700887
8008627	4.705887
8008629	5.463611
8008644	5.184537
8008646	9.266884
8008662	5.957149
8008664	8.340375
8008682	8.885002
8008700	7.468539
8008702	8.174441
8008706	8.157984
8008711	4.163602
8008716	6.303622
8008718	3.172126
8008723	4.930151
8008736	4.729898
8008754	5.511849
8008768	3.708369
8008778	2.648864
8008780	1.944058
8008782	3.570836
8008784	3.637738
8008795	4.962515
8008802	5.761863
8008817	2.575965
8008819	8.077403
8008825	7.078349
8008834	10.56194
8008868	6.696268
8008870	10.47619
8008885	9.52457
8008887	7.953789
8008900	5.546235
8008912	4.436817
8008914	3.480193
8008922	7.534982
8008933	7.836371
8008963	3.695237
8008965	6.230164
8008969	6.327894
8008980	4.97033
8008982	5.148208
8008991	2.550047
8008995	3.095339
8009006	3.193284
8009008	7.530886
8009014	8.468009
8009040	5.1889
8009073	2.180323
8009075	7.791381
8009094	7.088742
8009096	5.38096
8009145	4.69382
8009164	9.513179
8009176	6.651491
8009183	6.343373
8009205	9.620829
8009227	9.797659
8009241	7.912031
8009243	4.013337
8009253	5.121798
8009255	7.799143
8009275	4.155191
8009277	4.06047
8009299	3.798782
8009301	7.275305
8009322	5.825219
8009324	5.015323
8009326	4.096467
8009334	5.658187
8009343	4.539151
8009349	5.281401
8009351	5.712901
8009353	7.872905
8009366	7.373559
8009380	6.160634
8009382	8.402749
8009417	8.374968
8009430	6.457087
8009432	8.663343
8009443	5.464604
8009457	10.70657
8009474	1.880703
8009476	6.003425
8009491	1.991637
8009493	4.641773
8009502	5.321168
8009513	4.870155
8009515	2.307134
8009517	7.578783
8009524	4.443243
8009526	5.239967
8009533	7.209223
8009552	6.455286
8009561	10.52399
8009568	5.663713
8009585	5.153811
8009602	4.977087
8009631	6.358197
8009639	6.9709
8009653	6.267588
8009662	3.892345
8009666	5.327939
8009685	9.149807
8009693	6.293427
8009705	4.715583
8009713	5.815206
8009721	6.278506
8009727	7.319809
8009737	7.608871
8009746	8.559051
8009755	6.61512
8009759	2.131068
8009761	7.37241
8009784	7.974489
8009792	2.391797
8009794	1.902757
8009796	8.068326
8009832	6.604478
8009844	7.824196
8009873	5.750507
8009875	5.701468
8009913	5.877289
8009929	8.000212
8009932	7.538091
8009951	8.060311
8009995	6.765369
8010012	7.340921
8010017	7.203961
8010021	5.796169
8010030	5.830735
8010036	5.059612
8010050	7.693089
8010057	2.384862
8010059	3.201313
8010061	5.562498
8010071	5.427279
8010078	7.351005
8010080	4.008814
8010082	4.193789
8010084	5.37799
8010086	7.127002
8010092	7.191257
8010113	6.128386
8010137	7.880528
8010139	6.966758
8010161	7.74144
8010184	5.283569
8010186	4.570539
8010188	6.12703
8010210	3.037138
8010212	6.144577
8010237	6.663154
8010243	9.894596
8010248	7.545807
8010260	4.680161
8010271	7.793227
8010285	5.82415
8010287	5.33397
8010295	7.702301
8010313	5.952198
8010320	5.725639
8010328	5.1269
8010354	6.364065
8010379	5.932035
8010405	6.049383
8010426	9.991482
8010454	10.2818
8010499	6.009247
8010512	6.722802
8010550	6.435513
8010560	4.352549
8010562	7.279063
8010583	5.892505
8010590	5.571151
8010614	5.360387
8010622	2.341582
8010624	5.858916
8010629	6.386794
8010638	8.005324
8010664	7.641239
8010673	7.370368
8010686	5.833167
8010696	7.081643
8010702	7.005141
8010719	6.095924
8010737	6.145091
8010747	7.842251
8010766	5.133656
8010768	7.965912
8010770	7.857494
8010778	5.328806
8010780	4.872787
8010783	5.551473
8010785	2.500225
8010787	6.79671
8010804	7.263748
8010820	7.599856
8010832	7.73764
8010841	5.560452
8010848	8.007331
8010897	6.524422
8010901	6.01324
8010903	6.70296
8010915	6.046076
8010918	7.664777
8010924	8.476137
8010946	7.096174
8010949	9.024513
8010963	5.536184
8010967	5.578335
8010978	6.575067
8010983	8.327596
8011009	2.676813
8011011	9.86144
8011018	9.157308
8011027	8.78427
8011062	7.65463
8011077	9.582654
8011093	7.84806
8011110	5.285968
8011112	6.6083
8011114	6.05433
8011131	7.250378
8011141	9.955074
8011188	7.288303
8011193	6.35146
8011200	6.771279
8011212	9.120327
8011214	5.880139
8011218	5.481915
8011220	6.291204
8011222	7.082329
8011245	7.357237
8011262	6.56365
8011270	6.227146
8011275	7.364983
8011291	6.127226
8011293	8.148801
8011320	4.573673
8011322	4.414991
8011324	3.199559
8011328	5.169623
8011331	4.623195
8011337	4.371706
8011339	4.230898
8011341	2.567561
8011343	3.251513
8011354	4.974499
8011375	6.11053
8011396	7.428266
8011407	9.21668
8011415	5.355668
8011430	5.994783
8011462	8.659137
8011480	5.220523
8011499	4.826866
8011516	9.460477
8011542	7.71554
8011599	8.076299
8011626	9.3076
8011640	7.388866
8011671	8.435155
8011678	3.165819
8011680	5.768774
8011692	6.581003
8011713	8.359126
8011724	4.118184
8011732	4.058614
8011734	5.100733
8011747	8.087894
8011759	9.316427
8011765	7.027718
8011774	6.93818
8011797	5.085957
8011808	6.294674
8011817	5.141295
8011823	5.437475
8011826	4.291529
8011832	8.202616
8011850	8.847305
8011861	7.040185
8011875	8.864212
8011884	5.617203
8011912	5.699182
8011924	6.744954
8011945	7.649939
8011968	7.196796
8011975	5.646306
8011990	4.099138
8012000	5.829244
8012004	5.087499
8012006	5.749114
8012013	4.638644
8012028	5.358094
8012043	4.926011
8012054	4.546197
8012079	7.256654
8012099	7.159688
8012110	10.38863
8012116	8.116883
8012126	10.65403
8012138	3.159996
8012140	6.696218
8012150	7.781378
8012166	6.230368
8012197	6.18635
8012207	6.593491
8012212	7.718102
8012218	8.203772
8012220	5.794338
8012226	7.453818
8012247	6.638363
8012257	8.627426
8012270	5.455675
8012274	6.720977
8012282	5.824297
8012285	4.415843
8012304	8.389475
8012309	4.557394
8012326	4.97908
8012344	5.743402
8012349	5.911423
8012376	6.580743
8012383	6.266987
8012397	6.464287
8012403	6.226176
8012416	4.493678
8012423	7.067825
8012450	5.584936
8012464	6.126938
8012466	5.884347
8012469	8.693047
8012473	6.522572
8012475	7.172553
8012518	5.461401
8012520	4.093705
8012528	4.324454
8012535	6.63684
8012539	4.768704
8012558	5.562183
8012581	6.94358
8012591	4.966057
8012598	4.104753
8012605	5.334014
8012625	3.655596
8012663	2.587619
8012696	3.07153
8012726	2.681546
8012753	3.520769
8012787	4.584242
8012823	7.927687
8012830	5.801386
8012837	5.150505
8012839	2.662738
8012843	5.880376
8012852	3.689943
8012854	2.402056
8012856	8.528874
8012883	5.659965
8012887	5.814373
8012891	6.347579
8012893	4.209169
8012896	8.753213
8012906	5.924857
8012908	3.792651
8012918	5.40952
8012924	6.845243
8012928	2.225297
8012931	6.897012
8012949	7.200211
8012951	8.429764
8012953	10.42183
8012958	5.699125
8012961	8.925676
8013013	4.842635
8013015	7.045655
8013022	5.338561
8013026	5.232702
8013035	6.062914
8013042	8.781971
8013049	5.398669
8013061	7.336083
8013068	5.818999
8013071	6.255251
8013089	4.44006
8013094	8.366249
8013109	7.144656
8013112	5.735021
8013120	7.115116
8013131	4.883355
8013135	6.521268
8013157	7.649461
8013159	9.365289
8013177	2.141153
8013179	6.578297
8013191	8.550128
8013222	6.979972
8013243	7.08031
8013259	6.280318
8013262	6.717933
8013268	5.426746
8013272	5.811343
8013292	4.216718
8013294	4.972392
8013305	4.92696
8013307	9.766414
8013309	4.302486
8013312	4.916843
8013319	4.454636
8013323	10.68036
8013325	10.68036
8013327	6.065318
8013329	10.68036
8013331	5.401482
8013341	4.308072
8013348	11.56381
8013354	7.221525
8013356	2.394306
8013358	2.405507
8013360	2.082209
8013362	2.207527
8013364	4.845985
8013384	6.870247
8013399	6.375429
8013431	7.376608
8013448	1.969417
8013450	8.430601
8013465	6.726914
8013473	5.293691
8013479	5.717627
8013484	2.41849
8013486	8.744487
8013500	6.77679
8013509	6.227357
8013515	4.605483
8013517	2.68503
8013519	4.532928
8013521	8.569293
8013523	4.319358
8013525	2.069987
8013527	2.431312
8013529	6.151111
8013531	3.650533
8013533	6.066609
8013536	5.512922
8013567	5.516192
8013570	3.340878
8013572	2.603092
8013574	5.975977
8013581	7.921225
8013588	9.08806
8013602	4.531312
8013606	5.391719
8013616	6.285417
8013622	6.292896
8013633	6.998685
8013641	8.670759
8013660	6.393147
8013671	4.514977
8013696	9.285439
8013741	8.147224
8013747	5.644913
8013753	5.87176
8013771	7.050659
8013776	7.547443
8013784	2.006786
8013786	1.859701
8013788	8.855835
8013804	7.333035
8013812	6.921319
8013833	5.174829
8013858	4.512346
8013860	6.937981
8013906	9.660782
8013908	9.210955
8013915	5.912188
8013917	2.131397
8013919	6.650724
8013923	7.426272
8013947	4.744748
8013965	6.615482
8013987	5.630106
8013989	4.468424
8014008	6.695912
8014023	4.957066
8014025	3.47367
8014033	2.847829
8014035	5.482521
8014037	7.199039
8014047	6.343707
8014057	2.951428
8014063	4.846396
8014066	3.457485
8014071	3.397904
8014073	6.623072
8014081	8.18473
8014100	6.927406
8014113	2.392497
8014115	8.821499
8014140	6.676077
8014142	6.087437
8014144	3.921391
8014158	4.403126
8014160	4.90632
8014167	4.503638
8014169	3.972251
8014172	4.919441
8014189	7.523685
8014197	4.352112
8014199	6.302043
8014214	5.972076
8014230	5.623713
8014233	5.347324
8014241	5.25172
8014248	4.856099
8014257	6.119121
8014259	2.528047
8014264	6.462642
8014269	6.236517
8014282	7.330009
8014298	3.945417
8014316	6.634933
8014326	4.426358
8014334	2.833758
8014342	3.935148
8014349	6.738313
8014361	3.668448
8014369	6.138184
8014376	8.466148
8014391	7.287178
8014397	8.445459
8014414	7.287178
8014420	8.518013
8014435	2.35564
8014437	8.52291
8014452	3.93933
8014454	6.455286
8014485	6.040065
8014487	8.181908
8014551	8.039285
8014574	7.726297
8014591	6.130945
8014603	8.611043
8014633	8.595804
8014648	2.35564
8014650	10.09809
8014664	6.987621
8014666	4.648527
8014679	5.788996
8014700	4.398186
8014702	5.5079
8014704	6.303798
8014706	7.043286
8014723	7.900753
8014738	6.858441
8014749	8.329494
8014755	7.641957
8014757	2.477435
8014768	5.171603
8014787	4.12418
8014794	6.093305
8014812	5.17047
8014825	7.134661
8014841	7.590131
8014861	2.424641
8014865	5.315977
8014871	7.548483
8014882	8.554571
8014891	6.429239
8014903	8.695909
8014916	9.053671
8014925	8.104225
8014954	2.331303
8014956	6.182184
8014969	6.062744
8014974	4.483315
8015016	6.099976
8015031	5.214946
8015037	4.292943
8015039	8.878167
8015049	2.804305
8015060	4.450241
8015070	3.522887
8015078	2.99959
8015087	4.062236
8015095	2.686746
8015104	5.318325
8015115	3.828498
8015124	4.374308
8015133	8.771914
8015144	3.971038
8015152	3.882719
8015163	2.717176
8015169	4.406671
8015173	4.449884
8015179	6.130996
8015187	6.904508
8015189	6.179679
8015196	6.66503
8015206	7.621692
8015208	7.637872
8015210	6.839365
8015214	7.027386
8015218	7.267322
8015221	7.107567
8015223	6.60163
8015230	7.072342
8015232	5.767566
8015236	6.504223
8015240	4.876689
8015242	6.665524
8015247	6.02675
8015252	5.599434
8015257	5.824652
8015262	5.981845
8015268	4.21713
8015273	5.038279
8015280	5.245833
8015287	4.185474
8015293	4.861835
8015301	4.865621
8015312	3.155136
8015323	13.31068
8015337	7.668018
8015349	11.90914
8015357	3.868199
8015366	6.001322
8015376	6.908456
8015387	7.775237
8015396	5.892792
8015410	6.221866
8015412	9.593715
8015432	5.41256
8015445	6.74229
8015456	6.910122
8015460	8.716527
8015490	8.008467
8015503	4.961627
8015511	6.553092
8015526	6.880475
8015545	9.397309
8015554	5.561745
8015572	5.337729
8015575	6.345069
8015590	7.588279
8015607	10.16707
8015635	5.405237
8015642	5.513249
8015655	8.999843
8015665	6.893517
8015681	6.215003
8015685	7.542593
8015706	5.807793
8015712	8.084314
8015715	7.881727
8015730	5.526959
8015735	4.134717
8015737	7.538358
8015739	3.125837
8015741	6.799015
8015757	5.47526
8015759	9.16917
8015769	4.415599
8015798	5.042914
8015802	1.831235
8015804	5.305988
8015806	4.987299
8015821	5.458243
8015827	5.926243
8015835	7.692489
8015846	5.483698
8015868	4.219101
8015884	4.149541
8015890	5.141076
8015900	6.629901
8015906	3.441372
8015908	8.329933
8015914	7.38719
8015944	3.069903
8015946	6.45564
8015955	6.521425
8015969	8.465309
8015991	4.523901
8016018	9.223343
8016033	6.014231
8016042	3.059087
8016044	5.398105
8016077	7.471414
8016086	5.614888
8016088	6.717036
8016094	5.136958
8016099	8.76304
8016128	5.799707
8016139	5.262
8016147	4.750876
8016155	6.794749
8016159	8.390615
8016168	8.119028
8016187	4.016012
8016194	6.095947
8016213	6.1298
8016215	7.575154
8016232	6.493933
8016239	7.301017
8016245	9.267677
8016257	5.745834
8016259	7.130743
8016261	6.010176
8016263	5.302528
8016266	7.896691
8016283	2.765837
8016285	8.377163
8016300	7.968571
8016311	5.59876
8016320	7.467556
8016324	7.023527
8016336	7.071284
8016366	6.126812
8016371	6.658761
8016382	6.834262
8016387	8.760041
8016390	6.057953
8016400	5.557676
8016402	7.731571
8016412	4.096273
8016414	4.392401
8016429	6.922275
8016431	2.627419
8016433	4.603586
8016438	6.687873
8016444	6.47425
8016452	6.42658
8016455	3.553774
8016457	4.995265
8016463	6.037397
8016468	5.155631
8016473	4.949918
8016476	5.110401
8016482	5.199546
8016484	5.043621
8016487	6.853041
8016494	4.433991
8016504	6.038788
8016508	7.535089
8016519	6.162822
8016521	3.047747
8016523	4.24606
8016532	3.865987
8016540	4.804845
8016546	7.19383
8016552	9.279393
8016562	8.705804
8016578	8.041362
8016590	6.27253
8016600	5.552949
8016607	5.08755
8016609	4.941353
8016615	5.265457
8016628	6.54653
8016640	5.964564
8016646	6.631886
8016699	7.637258
8016708	9.239022
8016718	5.240735
8016725	7.671214
8016735	4.475671
8016739	11.00864
8016745	8.467985
8016787	6.533179
8016789	7.788353
8016806	5.974708
8016808	3.956548
8016825	6.593914
8016832	3.884598
8016841	2.674242
8016847	8.775392
8016858	8.412145
8016866	4.240018
8016868	5.3078
8016870	5.960128
8016878	6.958342
8016891	8.116864
8016898	11.05523
8016909	6.048924
8016932	4.50345
8016947	5.947938
8016980	3.521945
8016982	8.573047
8016994	7.679488
8017010	3.809986
8017019	8.445236
8017039	5.369962
8017057	3.706757
8017061	3.254219
8017096	5.350131
8017098	5.402153
8017100	4.375075
8017102	4.481609
8017104	3.491772
8017106	7.418292
8017133	7.199116
8017139	2.393847
8017141	2.527342
8017143	6.098329
8017148	2.025177
8017150	5.994146
8017162	8.422229
8017173	7.87501
8017186	7.086213
8017210	4.790526
8017212	8.001939
8017235	8.963657
8017251	4.317482
8017253	4.219507
8017257	3.360326
8017259	3.371838
8017262	3.692453
8017283	7.235668
8017310	2.1004
8017312	9.242718
8017344	6.45711
8017346	7.531016
8017361	4.745731
8017363	2.033114
8017365	3.377705
8017378	7.579093
8017391	2.495117
8017393	6.630112
8017402	6.621772
8017421	9.57029
8017437	7.684334
8017460	8.021265
8017476	5.67274
8017480	4.518975
8017488	5.501849
8017499	5.574522
8017505	4.041783
8017511	5.187586
8017521	5.306866
8017547	5.101068
8017555	7.422449
8017582	7.168573
8017597	7.764885
8017599	4.889463
8017619	2.404206
8017621	6.149975
8017634	10.86761
8017651	7.544386
8017671	7.823039
8017675	9.512564
8017688	8.913473
8017702	5.730296
8017704	6.497556
8017711	8.355976
8017718	6.147968
8017736	3.205825
8017766	2.760537
8017776	8.366876
8017810	8.226511
8017825	4.362338
8017827	3.990693
8017829	4.395191
8017831	5.84149
8017840	6.038846
8017843	4.691313
8017850	8.211494
8017867	4.896567
8017885	2.990969
8017927	3.228291
8017964	3.023878
8018006	4.088644
8018038	8.223613
8018078	1.92489
8018082	8.697499
8018093	4.752277
8018095	3.824258
8018097	8.567376
8018102	4.970974
8018107	7.782404
8018114	5.136223
8018156	4.024388
8018164	5.561846
8018169	4.352674
8018177	5.798647
8018184	4.083498
8018189	5.888647
8018196	5.919443
8018209	7.015828
8018220	5.723969
8018236	6.136962
8018251	5.450227
8018258	5.343679
8018264	8.319497
8018288	10.76521
8018295	2.527753
8018297	6.78385
8018305	7.561332
8018315	9.576482
8018324	7.06429
8018343	6.24483
8018352	4.658726
8018364	8.081823
8018377	4.759248
8018379	5.831747
8018400	7.29774
8018428	6.291431
8018439	10.26532
8018445	4.253685
8018449	6.09138
8018482	7.857483
8018494	6.344115
8018502	6.406415
8018511	6.655186
8018522	6.47438
8018558	8.972746
8018579	8.417425
8018600	9.231583
8018620	7.716777
8018646	5.993308
8018652	5.654646
8018673	5.271171
8018694	7.913363
8018708	6.392237
8018731	5.995633
8018754	5.822698
8018761	5.250638
8018774	6.802215
8018786	5.140146
8018791	4.459836
8018793	6.302205
8018803	9.481153
8018816	7.215569
8018818	3.573102
8018823	7.516471
8018849	6.21431
8018860	3.62359
8018864	6.148517
8018870	5.122423
8018872	5.707981
8018906	8.042768
8018908	3.70125
8018922	7.690356
8018935	4.35424
8018937	6.782544
8018966	7.44186
8018972	5.660202
8018975	10.59767
8018982	7.961706
8018993	5.584737
8019005	5.810522
8019010	6.641595
8019018	6.641675
8019031	6.651746
8019046	8.747445
8019061	7.765473
8019071	5.246501
8019074	5.225926
8019081	4.582793
8019083	6.223694
8019088	4.766813
8019090	5.858873
8019108	6.384109
8019136	6.088046
8019149	7.646672
8019170	6.174234
8019177	5.76016
8019181	6.702282
8019183	12.94063
8019194	6.574904
8019211	8.906228
8019231	5.51173
8019238	7.276213
8019243	5.238183
8019250	11.43407
8019263	8.270357
8019273	7.96657
8019280	7.652918
8019296	7.339265
8019308	6.636234
8019316	5.659895
8019331	6.406704
8019334	5.312432
8019347	4.965726
8019350	7.212703
8019357	9.718052
8019367	6.367373
8019376	8.396678
8019392	7.518944
8019437	6.348387
8019463	9.649425
8019478	7.572282
8019486	7.418698
8019494	6.294089
8019507	7.246914
8019517	3.693188
8019521	4.44598
8019523	9.898335
8019532	6.789698
8019541	7.805349
8019545	5.48136
8019559	5.647081
8019561	1.61237
8019563	5.405703
8019565	6.60163
8019570	4.712678
8019574	7.027386
8019576	6.839365
8019578	6.66503
8019585	6.179679
8019588	6.130996
8019593	4.449884
8019597	4.406671
8019599	2.717176
8019604	3.882719
8019614	3.971038
8019622	6.530231
8019631	10.1322
8019633	10.1322
8019635	10.1322
8019637	10.1322
8019639	10.1322
8019641	10.1322
8019643	4.961638
8019647	2.35564
8019649	6.987621
8019651	5.646586
8019655	8.503746
8019669	5.838307
8019687	5.827951
8019693	7.081643
8019699	5.529972
8019703	10.1322
8019705	10.1322
8019707	10.1322
8019709	10.10007
8019711	6.528047
8019716	8.584545
8019731	7.287178
8019737	8.290906
8019751	3.160719
8019754	6.15303
8019762	10.9768
8019765	8.029339
8019772	8.166586
8019778	7.656072
8019796	7.135433
8019798	6.708113
8019802	10.2402
8019804	3.816754
8019807	8.319283
8019828	3.606894
8019831	4.465109
8019842	4.029272
8019851	5.01621
8019857	3.022381
8019875	1.861069
8019877	10.24028
8019885	9.246237
8019908	5.362688
8019910	3.621771
8019912	6.125777
8019924	7.912995
8019930	10.80407
8019937	5.596293
8019939	6.491108
8019954	7.048352
8019958	2.180476
8019960	2.135794
8019962	5.255181
8019964	4.818233
8019988	8.204605
8020025	5.874001
8020027	5.54752
8020029	7.792457
8020037	5.536373
8020058	8.412319
8020068	7.624606
8020086	7.348153
8020088	5.58012
8020090	8.738943
8020100	9.226974
8020110	8.131474
8020123	4.655822
8020129	8.525151
8020139	8.930448
8020141	6.821762
8020149	8.670068
8020162	6.429862
8020164	5.882704
8020179	9.286488
8020183	7.794554
8020197	2.742385
8020209	2.623208
8020211	4.400963
8020220	6.96262
8020226	5.309066
8020239	3.022742
8020241	8.365353
8020252	1.777826
8020254	7.89362
8020267	7.897113
8020308	6.371157
8020321	6.35363
8020323	7.563243
8020339	4.460108
8020343	4.285661
8020347	4.222488
8020349	4.732371
8020352	4.342285
8020354	3.704928
8020357	2.406077
8020375	3.08775
8020377	3.681147
8020382	2.311556
8020384	3.437079
8020411	6.824173
8020419	4.443219
8020421	1.980637
8020423	7.191485
8020449	5.57379
8020451	5.482858
8020453	3.754918
8020455	6.317356
8020464	2.960601
8020466	2.269561
8020468	7.860747
8020491	6.490539
8020493	4.103668
8020495	7.881465
8020508	9.317832
8020527	7.887148
8020549	5.373341
8020551	5.285015
8020630	5.909235
8020647	5.856178
8020650	5.437963
8020653	4.097271
8020664	1.85767
8020666	3.073514
8020668	8.159788
8020682	2.478027
8020684	3.143474
8020691	2.378564
8020702	4.327086
8020717	3.067306
8020722	1.94435
8020724	2.804681
8020740	3.679377
8020760	5.436292
8020762	4.788081
8020779	9.440414
8020795	4.954079
8020802	2.251709
8020806	5.890329
8020814	7.883946
8020825	6.727688
8020827	3.301152
8020842	5.37874
8020844	3.314942
8020847	3.237115
8020878	7.306382
8020889	6.321282
8020898	7.125176
8020903	9.651479
8020919	5.345389
8020930	8.471605
8020955	6.470225
8020973	4.410554
8021001	4.520043
8021013	3.09999
8021015	8.406895
8021043	3.651132
8021045	4.048375
8021047	6.191638
8021058	4.895966
8021081	9.781765
8021091	5.456566
8021101	4.191703
8021113	7.630505
8021120	4.30624
8021129	5.091542
8021131	4.564795
8021147	2.70674
8021150	5.464782
8021152	3.656152
8021154	6.372601
8021169	5.399404
8021181	9.819344
8021183	10.03335
8021185	3.443387
8021187	2.665436
8021199	4.948135
8021208	8.063037
8021222	6.574689
8021228	9.120377
8021243	2.570593
8021245	4.517222
8021275	7.705503
8021286	2.78905
8021297	2.858184
8021301	9.718862
8021312	8.191782
8021342	4.326515
8021344	6.134979
8021349	2.863157
8021357	5.420173
8021363	4.959034
8021365	6.776869
8021368	5.094962
8021372	4.378838
8021374	3.870634
8021376	10.33085
8021416	2.235876
8021418	7.213346
8021440	4.659212
8021442	7.68091
8021453	8.355525
8021461	5.561636
8021468	5.494648
8021470	5.866055
8021478	5.038886
8021480	2.22871
8021482	3.591687
8021484	4.311238
8021496	8.929018
8021528	7.601248
8021540	3.328697
8021542	6.917793
8021546	6.696795
8021563	6.723194
8021565	7.489316
8021584	7.724209
8021594	2.531294
8021603	6.913031
8021614	9.677351
8021623	3.685989
8021635	8.002124
8021645	3.538203
8021653	6.720109
8021664	2.875146
8021666	2.28489
8021668	3.65804
8021683	2.240485
8021685	3.171075
8021695	3.993258
8021707	8.688393
8021712	7.030003
8021714	5.38192
8021716	6.760951
8021725	5.985729
8021727	10.40641
8021741	4.321651
8021756	6.645423
8021768	6.464121
8021774	5.480719
8021777	3.192001
8021783	6.46284
8021818	5.089537
8021824	3.298459
8021826	6.589181
8021832	7.678243
8021866	5.379763
8021884	7.432023
8021900	6.260224
8021905	6.590756
8021914	6.555286
8021919	6.9237
8021924	7.694993
8021946	4.897183
8021963	6.440335
8021966	8.383193
8021984	8.49569
8021993	4.00042
8021995	2.458494
8022007	4.765374
8022009	7.571387
8022020	2.967452
8022022	5.839838
8022043	7.245663
8022045	4.615107
8022085	4.998294
8022100	5.023878
8022102	2.115374
8022104	2.346787
8022106	4.258932
8022110	6.842453
8022118	6.825315
8022145	6.089455
8022168	2.929529
8022170	12.23862
8022176	4.754705
8022243	3.778325
8022245	2.5248
8022247	2.567732
8022249	3.323192
8022251	9.071992
8022275	2.378756
8022277	6.754414
8022279	2.659135
8022281	2.105868
8022283	3.108576
8022295	3.950534
8022310	4.298902
8022320	9.643131
8022326	6.61504
8022338	8.33482
8022340	2.978826
8022342	8.187185
8022356	6.750792
8022378	3.175109
8022380	5.472318
8022393	7.307827
8022404	5.970672
8022410	4.972219
8022412	3.454103
8022418	8.317737
8022420	3.603662
8022426	3.816363
8022428	3.867686
8022434	4.097156
8022436	2.230311
8022439	1.878427
8022441	7.946976
8022471	2.310716
8022473	7.352481
8022488	7.300449
8022498	2.722387
8022500	1.897812
8022502	3.542434
8022504	2.481435
8022506	5.315428
8022508	3.014809
8022514	5.695202
8022531	7.877397
8022557	4.994666
8022559	4.01066
8022570	2.52983
8022572	6.637699
8022606	5.446312
8022608	6.250181
8022610	4.705781
8022612	3.946564
8022623	5.916753
8022625	8.35291
8022640	7.30026
8022642	1.750511
8022644	2.457736
8022646	5.986184
8022653	5.16316
8022655	3.050964
8022666	3.780814
8022674	4.310708
8022692	4.055811
8022711	6.036571
8022728	3.024905
8022745	2.140039
8022747	4.851356
8022761	3.214174
8022763	2.085877
8022767	8.353336
8022799	4.860766
8022803	8.425637
8022814	12.3583
8022817	3.778168
8022831	2.327822
8022856	3.435058
8022870	4.193961
8022872	5.193336
8022882	8.166959
8022892	4.234472
8022902	6.497475
8022912	5.913909
8022914	8.241196
8022927	9.737188
8022941	7.978496
8022952	5.789639
8022970	4.631212
8022972	10.21495
8022974	2.593417
8022976	3.065587
8022986	4.284285
8022994	2.361038
8022996	7.544418
8023043	6.262814
8023059	5.959743
8023061	5.028942
8023063	10.183
8023078	2.692882
8023080	4.575674
8023121	4.552074
8023133	8.155245
8023152	5.342132
8023154	5.381174
8023156	5.420537
8023159	4.291676
8023165	8.760798
8023175	9.137264
8023184	5.969224
8023187	2.436979
8023189	5.542269
8023191	7.937953
8023195	8.98361
8023212	7.196863
8023216	4.228787
8023218	3.823247
8023220	6.290653
8023228	8.315972
8023246	7.906371
8023252	7.826022
8023259	7.023401
8023261	5.551457
8023267	9.240961
8023308	6.125553
8023310	4.018285
8023312	4.425332
8023314	4.177834
8023323	8.202247
8023344	7.17908
8023361	3.383686
8023373	2.049488
8023375	3.222205
8023377	7.611818
8023380	3.550336
8023382	9.170135
8023392	7.453671
8023394	2.322876
8023401	5.153207
8023415	4.917836
8023437	3.607675
8023448	5.960676
8023450	7.892659
8023462	2.865133
8023466	6.435894
8023481	10.65829
8023497	10.89348
8023526	7.986967
8023528	3.664507
8023545	2.287047
8023549	6.106408
8023554	2.904971
8023561	8.923954
8023575	4.121234
8023591	3.743471
8023593	3.519601
8023596	4.006361
8023598	7.802318
8023605	8.745479
8023640	3.133294
8023642	2.28694
8023646	6.92081
8023656	8.744916
8023672	9.942269
8023688	4.242003
8023696	6.150003
8023703	3.349523
8023708	3.425464
8023710	3.116553
8023727	4.085546
8023735	7.157685
8023757	4.109022
8023766	6.338791
8023816	2.744755
8023822	4.854842
8023828	2.877159
8023843	3.985804
8023855	11.08578
8023862	7.215546
8023864	3.677704
8023868	6.636971
8023871	7.898318
8023876	3.868017
8023882	6.665915
8023889	6.342498
8023906	2.338538
8023908	2.573056
8023910	3.949008
8023914	7.302904
8023920	6.910664
8023926	4.451094
8023933	4.954484
8023935	3.146717
8023937	3.249294
8023939	5.24784
8023941	6.848291
8023948	6.950803
8023955	9.765425
8023968	6.862171
8023977	6.099183
8023984	6.191612
8023990	6.350439
8023995	6.10821
8024001	7.846421
8024003	6.608778
8024013	7.675742
8024019	9.447995
8024038	5.742645
8024048	6.895277
8024056	6.471969
8024062	9.750228
8024070	6.356708
8024078	6.048175
8024089	7.273054
8024100	6.207563
8024111	7.302399
8024120	6.502106
8024170	5.750207
8024194	9.896146
8024204	7.207346
8024219	8.34254
8024228	7.336625
8024238	11.0897
8024246	7.744483
8024250	6.551911
8024255	7.030332
8024273	6.918446
8024282	7.47351
8024299	9.590829
8024304	5.396871
8024306	5.276972
8024323	8.991196
8024331	6.847221
8024347	6.748433
8024356	6.186559
8024358	7.349273
8024373	5.644701
8024391	6.318514
8024420	7.403048
8024429	6.183364
8024436	10.46396
8024444	5.62124
8024446	7.622355
8024467	5.351172
8024485	7.632688
8024494	2.826661
8024497	6.406036
8024511	6.479481
8024518	6.453456
8024527	4.73635
8024532	6.144143
8024537	4.949045
8024557	7.971108
8024566	8.05191
8024572	7.897595
8024582	5.49782
8024584	7.154995
8024605	5.187936
8024623	7.359944
8024637	7.135073
8024655	7.281417
8024660	7.97687
8024676	4.862349
8024682	5.488568
8024687	9.131341
8024708	5.349558
8024712	5.891328
8024728	6.015603
8024740	7.111012
8024754	5.458581
8024768	6.008659
8024792	5.355815
8024798	6.786174
8024808	5.014055
8024816	5.454541
8024829	6.039894
8024843	7.768799
8024864	6.827605
8024882	5.626898
8024885	4.733305
8024888	4.976818
8024896	4.614053
8024898	6.757561
8024900	5.860157
8024909	6.525856
8024934	4.718718
8024936	8.974186
8024956	5.56213
8024966	7.062242
8024971	4.347967
8024995	6.314218
8025000	6.353318
8025004	9.379974
8025011	3.517143
8025028	7.201823
8025035	6.197337
8025041	6.976871
8025051	6.750292
8025053	6.353742
8025058	8.308195
8025076	5.381469
8025103	4.428178
8025124	5.124969
8025126	5.494849
8025129	4.968726
8025132	5.91552
8025142	7.50151
8025169	4.17066
8025179	7.096381
8025183	6.920909
8025199	7.251265
8025237	7.139933
8025255	8.48026
8025278	5.687533
8025285	6.222587
8025296	8.109686
8025301	4.36692
8025303	4.154755
8025321	6.959527
8025328	6.266812
8025347	5.980481
8025351	6.191331
8025368	7.063333
8025375	4.998828
8025382	6.630211
8025395	11.40435
8025402	5.632547
8025414	9.140477
8025421	7.794331
8025429	10.04726
8025450	5.737018
8025452	2.908053
8025456	4.910953
8025458	6.691258
8025470	3.885826
8025474	2.866956
8025476	3.506793
8025478	7.425467
8025488	5.867188
8025498	10.13494
8025500	8.281012
8025506	7.134439
8025515	5.27513
8025522	4.288256
8025551	6.867224
8025563	6.297293
8025584	3.424849
8025586	6.706869
8025601	6.443218
8025612	4.790968
8025621	5.829868
8025633	6.226473
8025659	7.087457
8025672	11.65002
8025697	8.667698
8025728	6.506921
8025741	9.611308
8025766	7.457943
8025783	7.139954
8025788	8.126534
8025826	6.223193
8025828	7.257518
8025850	5.433072
8025858	3.632082
8025868	6.604239
8025877	6.570853
8025888	6.494045
8025893	3.33045
8025895	9.567743
8025918	4.907148
8025927	7.129519
8025933	4.566077
8025945	5.877257
8025951	4.382077
8025958	7.885187
8025964	6.74852
8025968	6.62147
8025973	8.07728
8025978	6.161608
8025982	3.819093
8025984	6.802596
8025990	2.740373
8025992	4.415761
8025996	2.760247
8025998	7.238862
8026005	3.594975
8026007	7.264112
8026013	6.218474
8026024	8.134371
8026035	4.65345
8026047	8.65254
8026051	6.360065
8026063	4.619301
8026090	6.422901
8026106	10.137
8026122	7.727207
8026133	4.624938
8026139	7.215137
8026155	6.92789
8026163	8.981037
8026170	6.950787
8026182	7.168378
8026193	8.706626
8026198	6.317395
8026212	6.053476
8026214	6.624554
8026217	7.018086
8026250	7.249372
8026265	5.378731
8026272	5.206553
8026292	7.077528
8026294	5.740891
8026298	5.482521
8026300	7.754575
8026315	6.915701
8026339	7.114902
8026341	9.256562
8026350	5.456431
8026361	6.818416
8026363	5.202499
8026365	5.708012
8026381	3.60213
8026383	4.060151
8026385	3.948115
8026388	4.62074
8026390	5.696641
8026398	3.264016
8026405	5.451368
8026407	4.679056
8026418	2.781251
8026420	4.3457
8026422	5.950849
8026424	7.584908
8026440	10.33775
8026442	6.702991
8026456	7.664537
8026468	9.016508
8026483	4.039916
8026486	3.183507
8026488	4.435381
8026490	6.761341
8026494	3.28456
8026496	4.368683
8026503	4.475954
8026513	9.245955
8026520	7.232514
8026533	6.407629
8026541	7.079917
8026548	6.86491
8026564	6.428412
8026568	5.291987
8026579	5.299789
8026587	5.287721
8026610	7.007913
8026631	5.462872
8026638	7.065209
8026679	7.235583
8026687	6.361262
8026696	3.29166
8026698	8.324785
8026712	5.502211
8026724	7.193854
8026729	8.339941
8026735	6.529942
8026751	7.340941
8026763	6.475098
8026780	6.533963
8026787	5.031174
8026806	7.523402
8026821	6.783455
8026830	5.479338
8026861	9.21116
8026868	11.31852
8026875	8.735527
8026877	4.749365
8026895	7.056432
8026900	5.089658
8026915	6.621839
8026926	6.556785
8026954	6.852795
8026971	8.543213
8026982	7.102846
8026989	5.030497
8026991	7.194758
8027002	7.748044
8027006	7.464967
8027018	7.386648
8027024	10.43317
8027032	6.79284
8027040	6.086867
8027049	6.042527
8027053	6.743248
8027074	8.085911
8027100	6.870433
8027117	7.474772
8027128	7.256417
8027139	7.018019
8027152	5.155623
8027167	1.921874
8027169	7.855449
8027184	6.897489
8027205	7.096826
8027213	6.887881
8027222	5.271246
8027233	7.766161
8027239	3.982971
8027241	7.178529
8027247	5.734108
8027254	7.219223
8027258	9.517064
8027260	8.674707
8027268	7.501758
8027272	5.604264
8027279	6.199326
8027285	5.814773
8027292	6.368337
8027297	6.673272
8027304	6.816391
8027312	6.561787
8027320	3.83418
8027323	3.589911
8027330	4.533454
8027332	2.801901
8027341	2.313317
8027343	6.023276
8027345	4.364455
8027348	3.674428
8027352	13.17832
8027354	6.90793
8027363	4.345525
8027368	7.524537
8027377	5.35807
8027381	6.395709
8027383	2.473339
8027385	6.589057
8027390	7.061625
8027398	7.406585
8027402	5.932964
8027414	5.161258
8027416	9.598596
8027431	3.377771
8027439	8.285148
8027448	6.329546
8027473	7.895413
8027480	4.413147
8027482	3.712426
8027510	5.387568
8027519	2.070073
8027521	6.036762
8027543	3.745747
8027556	6.203385
8027564	4.821078
8027566	7.186205
8027574	6.135564
8027584	5.457104
8027592	9.329436
8027604	6.771179
8027621	9.571134
8027642	5.685657
8027650	8.569249
8027665	6.943711
8027674	8.515309
8027685	6.196935
8027692	3.982846
8027701	6.530372
8027719	4.854198
8027728	6.110625
8027744	3.496854
8027746	5.746193
8027748	11.03251
8027760	6.40804
8027770	6.658653
8027778	7.658646
8027793	9.10728
8027805	8.237879
8027819	5.386898
8027824	4.453802
8027837	4.625915
8027854	6.420557
8027856	4.552971
8027860	4.301378
8027862	5.225984
8027864	5.095653
8027876	8.883816
8027884	13.07924
8027886	6.182356
8027908	6.890921
8027920	5.611001
8027932	8.761157
8027938	13.33257
8027947	5.454529
8027956	6.333321
8027996	9.330729
8028004	6.370877
8028016	6.053273
8028030	6.382183
8028058	5.153106
8028084	4.683139
8028102	5.924636
8028104	5.847022
8028112	5.64073
8028117	6.765286
8028119	5.054211
8028158	5.406168
8028162	8.259972
8028172	11.04598
8028186	7.613142
8028190	4.99501
8028192	6.043596
8028194	2.783926
8028200	4.625547
8028206	5.846768
8028213	5.284185
8028219	6.279186
8028227	7.293254
8028233	7.083682
8028241	5.466627
8028248	5.50196
8028254	5.924708
8028266	4.113422
8028275	1.858231
8028277	2.458868
8028279	2.575989
8028281	2.036969
8028283	2.458856
8028286	7.150825
8028309	5.24475
8028311	10.05962
8028323	6.184017
8028325	9.068221
8028332	7.313625
8028341	5.556672
8028380	8.44088
8028389	5.52184
8028397	7.687874
8028407	4.926246
8028514	9.357977
8028524	11.20323
8028546	6.708824
8028552	6.781265
8028563	5.995299
8028570	4.923407
8028583	7.746001
8028600	9.093705
8028607	5.796343
8028613	5.553869
8028624	7.282955
8028643	6.685554
8028645	7.006652
8028652	7.231386
8028656	5.612801
8028674	7.667704
8028705	8.152925
8028719	4.366268
8028730	6.04319
8028737	2.47923
8028742	2.905436
8028744	4.172636
8028750	3.312671
8028756	8.248053
8028770	4.09615
8028778	6.237116
8028789	2.270922
8028791	8.396862
8028806	4.926183
8028851	7.371799
8028872	6.113905
8028908	7.307343
8028916	7.065968
8028924	6.538675
8028930	7.372065
8028940	6.339665
8028950	3.911737
8028955	7.194143
8028963	5.583302
8028973	5.36418
8028984	4.159505
8028991	6.127412
8029006	5.401166
8029029	8.472391
8029050	7.194107
8029056	5.762447
8029065	8.469411
8029076	5.087849
8029086	10.38956
8029098	12.04848
8029107	6.402458
8029117	5.499269
8029129	8.143629
8029136	5.205337
8029147	6.673585
8029182	6.615915
8029188	6.247164
8029193	6.598407
8029214	4.161007
8029219	5.362206
8029236	6.067678
8029273	6.120079
8029280	6.301129
8029289	3.6038
8029299	5.276114
8029301	5.825832
8029306	5.489363
8029311	6.736041
8029318	4.338122
8029321	7.011744
8029331	5.517658
8029340	5.892882
8029347	5.046175
8029353	5.93456
8029360	6.195004
8029368	6.598852
8029377	7.627238
8029385	5.293012
8029392	7.126165
8029399	6.721374
8029413	6.084497
8029423	4.953375
8029435	2.367088
8029437	6.389467
8029446	4.982264
8029458	5.509777
8029465	6.634311
8029476	7.371098
8029489	5.744999
8029507	7.589789
8029521	6.570019
8029530	6.612074
8029536	5.152612
8029541	5.915816
8029547	3.797631
8029551	6.228872
8029560	9.224471
8029580	6.57003
8029592	6.242026
8029615	5.008256
8029617	6.769592
8029624	6.697925
8029640	7.436796
8029642	6.805867
8029669	2.657108
8029671	5.696047
8029688	5.84405
8029693	6.490442
8029701	4.925824
8029710	7.517356
8029726	4.651922
8029728	6.36716
8029744	6.599272
8029754	5.333234
8029759	6.733324
8029773	4.262654
8029779	5.446934
8029784	5.739329
8029814	6.970366
8029829	4.525173
8029831	9.686651
8029845	2.20916
8029847	5.725192
8029854	5.295423
8029856	8.667071
8029870	5.079258
8029884	8.617773
8029894	6.98821
8029907	5.477831
8029914	4.409173
8029918	6.272129
8029939	5.665528
8029950	6.584023
8029958	9.409045
8029969	9.098387
8029978	3.948819
8029988	3.483165
8029996	6.416052
8030002	3.950171
8030007	5.262375
8030015	5.617731
8030022	4.885869
8030035	7.527882
8030044	5.477572
8030049	9.441468
8030064	7.01206
8030067	6.919185
8030076	3.989549
8030078	6.09315
8030092	5.25423
8030094	8.782237
8030105	4.697891
8030113	7.184867
8030128	7.445783
8030133	9.422574
8030148	5.871484
8030158	7.638777
8030171	10.89028
8030181	5.844072
8030187	5.81955
8030199	8.761886
8030212	6.145345
8030220	5.745792
8030251	8.869225
8030277	6.562757
8030292	5.090421
8030299	5.870614
8030321	7.002595
8030339	7.230179
8030351	12.39339
8030360	7.676058
8030362	11.41089
8030364	6.270578
8030366	8.338266
8030368	11.93163
8030374	7.79234
8030383	5.476429
8030391	6.585973
8030393	5.539363
8030403	6.733001
8030416	6.355398
8030429	5.612865
8030437	7.913379
8030448	4.915043
8030470	7.265428
8030498	7.052654
8030525	7.044644
8030539	7.325205
8030557	5.927704
8030563	4.814621
8030569	5.141125
8030578	4.703569
8030582	9.029722
8030630	7.22239
8030641	5.393788
8030671	6.097278
8030677	4.555636
8030706	8.400038
8030721	5.694362
8030731	2.567245
8030733	3.796498
8030736	5.428644
8030749	4.778656
8030753	5.314115
8030768	5.356804
8030782	4.989252
8030789	5.193964
8030796	3.964429
8030804	5.319946
8030813	3.239791
8030823	4.563031
8030831	6.510973
8030838	5.223583
8030840	2.66098
8030842	6.767985
8030844	4.804728
8030846	6.345414
8030848	6.026022
8030860	5.40818
8030866	4.366403
8030871	5.64226
8030879	2.606636
8030881	9.704454
8030899	6.895159
8030908	6.710982
8030914	5.992981
8030925	6.51546
8030931	7.063582
8030939	3.442683
8030944	2.311556
8030946	8.800567
8030950	6.397934
8030954	5.539619
8030964	5.519491
8030969	4.131344
8030972	3.354067
8030974	4.496075
8030978	7.924088
8030980	11.11717
8030982	8.617552
8030991	9.340621
8030993	6.808529
8030997	5.871717
8030999	6.267186
8031011	5.664075
8031013	3.970459
8031027	2.696295
8031029	2.304551
8031031	2.696343
8031035	2.489345
8031037	1.781895
8031039	2.06003
8031045	2.685287
8031047	6.983891
8031057	4.493691
8031076	5.35065
8031084	6.919155
8031090	6.055206
8031097	8.069579
8031102	6.879271
8031122	6.811843
8031145	6.453501
8031152	10.61742
8031157	5.897523
8031176	8.108882
8031196	5.794951
8031200	3.896084
8031207	3.97688
8031213	4.645859
8031223	6.01113
8031238	5.337878
8031253	5.277749
8031260	4.76262
8031277	4.645118
8031293	3.925656
8031297	4.633721
8031311	4.500411
8031328	4.674237
8031344	6.169852
8031346	4.526278
8031358	5.206207
8031374	5.326741
8031387	5.752014
8031398	6.971048
8031414	7.480338
8031439	4.059101
8031441	5.318315
8031466	6.31929
8031475	6.655112
8031483	7.628905
8031489	6.269897
8031495	6.825905
8031499	6.555138
8031511	6.266764
8031514	5.414652
8031516	7.127561
8031522	6.122471
8031526	6.079137
8031536	7.564699
8031550	7.312596
8031566	4.074788
8031568	6.255919
8031570	3.039176
8031573	3.282107
8031576	3.420171
8031586	3.516147
8031600	3.838991
8031617	6.386801
8031622	4.941696
8031629	6.937667
8031632	6.773895
8031640	5.138299
8031646	7.607766
8031650	4.728624
8031659	6.290668
8031669	5.389832
8031675	5.686
8031680	1.765037
8031682	4.598723
8031684	2.20916
8031686	3.052946
8031690	8.498653
8031700	5.522878
8031712	6.680927
8031714	8.978706
8031720	6.475495
8031726	6.231274
8031732	6.036985
8031737	6.97741
8031744	6.26544
8031748	6.026749
8031750	6.454397
8031759	6.17303
8031762	5.727251
8031768	6.099364
8031778	4.623646
8031784	7.913135
8031792	6.990715
8031799	2.662032
8031807	6.65187
8031815	7.611329
8031821	7.137786
8031825	9.797894
8031827	8.612556
8031837	7.471987
8031840	2.893033
8031843	6.237763
8031847	6.08082
8031857	6.594233
8031865	7.232839
8031867	10.55645
8031871	6.826332
8031884	6.081281
8031893	6.567485
8031899	8.49764
8031906	4.675422
8031908	5.628385
8031913	8.692416
8031931	6.958133
8031933	8.910466
8031939	5.845166
8031949	6.084045
8031956	5.955015
8031962	6.399335
8031973	6.748232
8031981	8.212159
8031984	3.117399
8031990	6.821976
8031992	9.39316
8031997	6.830649
8031999	10.84834
8032009	6.064181
8032023	5.218568
8032034	5.771395
8032037	5.286219
8032051	6.804272
8032057	7.406979
8032070	5.561644
8032076	7.111792
8032088	6.260155
8032094	6.027244
8032106	7.622478
8032127	8.081955
8032137	8.619724
8032149	8.391649
8032157	6.988722
8032197	6.505659
8032208	5.221442
8032212	6.344573
8032214	6.364616
8032224	7.534461
8032232	5.498974
8032249	5.783291
8032265	6.44141
8032273	4.207318
8032275	6.841022
8032284	7.197799
8032290	7.016411
8032312	5.456135
8032347	6.406933
8032365	6.633086
8032371	7.645038
8032375	6.18204
8032380	7.917522
8032392	8.505789
8032410	7.728643
8032418	8.65553
8032455	8.06774
8032465	7.258327
8032473	5.574221
8032478	5.62795
8032480	5.493194
8032484	7.291991
8032491	6.851323
8032507	2.421301
8032509	5.983508
8032518	6.477859
8032525	6.639099
8032530	7.393636
8032544	5.82822
8032553	8.126305
8032576	9.832009
8032588	5.643608
8032595	7.075419
8032601	5.959297
8032608	7.2515
8032623	5.30167
8032637	6.372671
8032650	7.174546
8032670	5.639104
8032682	5.352151
8032699	5.670979
8032718	7.065963
8032730	11.68421
8032749	4.159291
8032751	6.037397
8032755	8.340067
8032761	7.51488
8032770	6.419094
8032782	5.578588
8032789	7.841058
8032804	8.628983
8032815	8.414417
8032829	5.852392
8032834	6.57186
8032839	5.825641
8032863	8.219745
8032871	6.858505
8032899	6.272194
8032909	7.798676
8032922	5.552038
8032926	8.537975
8032965	6.790453
8032972	8.161158
8032974	8.597655
8032996	6.979221
8033002	6.819661
8033023	6.08844
8033025	6.406138
8033043	6.676693
8033054	7.894806
8033064	6.723227
8033069	7.207214
8033075	7.821245
8033097	6.370139
8033118	7.089509
8033135	7.350234
8033151	5.022792
8033159	5.848543
8033162	7.848966
8033179	5.075113
8033190	7.260662
8033207	5.355711
8033233	4.627729
8033241	5.65771
8033248	6.100503
8033257	9.838951
8033300	9.001569
8033319	6.593925
8033330	2.157857
8033332	4.666022
8033349	4.554796
8033352	5.191357
8033356	5.329582
8033359	5.329582
8033362	9.240184
8033385	6.72092
8033392	7.376239
8033414	6.30197
8033420	4.376202
8033433	5.548791
8033445	4.444456
8033455	7.102513
8033458	7.986966
8033460	5.400176
8033462	6.791114
8033465	7.007349
8033479	7.525235
8033487	5.190635
8033554	6.740368
8033564	7.060937
8033571	5.869212
8033587	5.84765
8033598	7.094054
8033605	5.595962
8033635	6.144436
8033662	6.345296
8033667	6.009515
8033674	5.805294
8033734	3.128124
8033736	3.954903
8033738	3.78648
8033740	5.570489
8033742	2.984712
8033744	4.616653
8033746	3.431268
8033754	7.786535
8033767	3.056565
8033780	6.993715
8033789	7.307624
8033795	6.428168
8033801	7.699455
8033809	6.449155
8033813	6.426232
8033818	5.513153
8033825	6.690492
8033892	6.009767
8033899	9.093741
8033912	6.575462
8033956	7.023519
8033960	6.531294
8033969	7.189583
8033987	5.933803
8033996	7.707465
8034021	8.48523
8034034	8.158044
8034043	6.809281
8034055	6.889039
8034075	6.974942
8034084	9.249296
8034097	5.80422
8034099	2.650568
8034101	6.20703
8034108	7.488551
8034122	2.836833
8034130	6.654674
8034151	6.316466
8034199	5.245527
8034202	7.357302
8034210	8.547069
8034217	5.27059
8034227	5.943761
8034249	5.422474
8034263	4.297286
8034276	6.771363
8034286	6.630169
8034297	5.198856
8034299	7.570112
8034304	6.039062
8034313	12.38075
8034315	7.225954
8034320	6.199347
8034326	5.21311
8034330	2.920076
8034332	1.826318
8034334	5.407009
8034342	7.721864
8034344	5.476373
8034349	6.465357
8034370	5.032266
8034379	5.834169
8034390	7.165443
8034393	5.078428
8034395	4.020089
8034401	7.546328
8034408	7.042171
8034416	9.82313
8034420	7.558249
8034448	7.592927
8034454	7.502428
8034469	6.333561
8034482	7.50307
8034512	6.333364
8034514	9.729134
8034521	7.459228
8034544	6.990472
8034555	4.78778
8034565	7.320672
8034578	6.253046
8034583	4.923655
8034589	8.122236
8034605	7.201323
8034608	6.532751
8034615	6.752583
8034631	8.021114
8034643	4.413443
8034694	4.46781
8034696	6.068338
8034698	6.174394
8034700	6.137497
8034712	5.496618
8034722	6.044425
8034744	7.548842
8034747	5.952532
8034754	6.830833
8034762	8.123636
8034772	5.315041
8034783	6.20783
8034806	6.507646
8034821	6.569103
8034827	9.405798
8034837	10.35589
8034843	7.355608
8034851	5.308646
8034871	7.74524
8034873	5.877931
8034890	3.780363
8034892	2.546831
8034897	2.366686
8034899	3.70639
8034901	3.718991
8034905	3.149504
8034907	4.137268
8034920	8.155437
8034940	7.853108
8034974	7.637898
8034983	6.550246
8035007	7.919057
8035023	7.763726
8035040	5.77478
8035050	5.262467
8035069	4.76503
8035078	4.265931
8035080	4.55529
8035083	5.365775
8035095	7.359444
8035110	3.866204
8035120	7.35894
8035144	4.773898
8035146	3.389655
8035156	7.30992
8035175	6.389661
8035177	8.810619
8035187	6.004319
8035193	8.776679
8035201	6.773516
8035232	4.998684
8035236	5.131693
8035249	9.031591
8035254	5.349151
8035271	6.370803
8035278	6.724658
8035297	6.013248
8035304	6.163849
8035311	7.093904
8035315	6.160046
8035318	4.406234
8035345	5.150698
8035351	5.376684
8035380	5.490582
8035398	5.746847
8035408	6.313159
8035435	6.66218
8035445	7.416999
8035449	8.618392
8035456	6.144708
8035465	6.222782
8035477	6.524794
8035494	8.43959
8035506	7.334797
8035517	4.846914
8035539	5.721109
8035551	6.65647
8035553	7.4489
8035566	6.782675
8035579	2.327176
8035581	8.410062
8035600	6.937284
8035612	6.805649
8035628	6.001174
8035639	5.030272
8035646	8.357198
8035648	5.956661
8035666	6.921394
8035682	5.599427
8035684	4.691794
8035694	6.008798
8035703	7.07144
8035714	6.280922
8035737	7.735543
8035765	5.164541
8035773	8.563334
8035779	10.50641
8035782	7.253862
8035789	5.044657
8035793	9.947357
8035795	8.824553
8035801	6.32726
8035803	6.153557
8035808	5.93877
8035813	5.220978
8035819	2.59603
8035825	2.792957
8035829	11.73049
8035831	3.826329
8035836	2.454424
8035838	3.941112
8035842	8.900773
8035847	6.469663
8035855	5.207843
8035863	5.299043
8035865	3.03039
8035868	3.212134
8035880	6.199347
8035884	5.874758
8035886	6.942268
8035896	4.167982
8035901	2.079654
8035903	4.879579
8035905	8.559851
8035935	4.242449
8035937	3.571419
8035939	5.270848
8035941	5.628784
8035956	5.918783
8035958	6.89888
8035980	8.168638
8035993	6.80352
8036004	6.642413
8036010	9.433192
8036025	3.879471
8036027	4.338188
8036029	4.261169
8036031	6.029637
8036033	4.512866
8036038	4.499739
8036045	5.494205
8036055	5.224733
8036069	5.310437
8036072	4.20216
8036079	7.681366
8036103	5.328746
8036110	5.422575
8036133	9.619282
8036136	5.579276
8036143	5.766448
8036151	5.325317
8036155	5.014825
8036170	5.032287
8036172	6.578608
8036176	5.241797
8036207	6.219993
8036224	7.376794
8036232	5.781191
8036242	6.83331
8036252	6.094286
8036270	6.029885
8036276	5.85091
8036284	4.895009
8036291	4.763736
8036300	2.266618
8036302	5.809232
8036304	5.504515
8036309	5.53399
8036318	6.02208
8036324	7.398297
8036333	6.678856
8036341	6.663253
8036351	4.923546
8036357	6.576441
8036363	2.385133
8036365	4.639998
8036373	4.816006
8036389	6.984103
8036395	3.902142
8036403	4.804176
8036406	6.294191
8036416	2.837312
8036418	2.56387
8036420	6.640787
8036430	3.083479
8036436	5.973759
8036444	5.7035
8036451	4.421397
8036460	4.582972
8036473	4.904597
8036479	7.419464
8036483	6.647786
8036494	5.846206
8036503	4.583759
8036525	4.9068
8036563	5.872708
8036584	6.501137
8036589	2.355539
8036591	10.58008
8036602	10.58846
8036613	9.031957
8036622	5.350658
8036636	7.387655
8036656	6.26304
8036676	5.54667
8036686	6.984683
8036689	6.06163
8036699	5.696203
8036702	6.599608
8036707	5.135953
8036710	5.855684
8036720	7.985863
8036737	10.86233
8036744	4.608166
8036749	7.715329
8036755	2.940856
8036763	6.938988
8036777	8.56538
8036787	9.609543
8036808	9.022519
8036813	8.086622
8036820	6.844111
8036830	4.970965
8036835	5.542074
8036840	7.762396
8036862	5.754217
8036865	2.732337
8036867	6.115302
8036881	4.544827
8036883	5.542069
8036890	5.523091
8036902	7.188875
8036908	6.467878
8036913	7.307653
8036923	7.235506
8036936	4.701056
8036938	6.89288
8036954	2.891822
8036956	6.159528
8036969	5.243737
8036981	5.216263
8036989	6.117312
8036993	3.10907
8037001	3.275448
8037003	5.590927
8037005	5.174171
8037018	6.453697
8037023	6.199347
8037032	6.125066
8037037	7.837156
8037043	4.896601
8037045	5.243605
8037053	10.56597
8037061	4.921556
8037071	8.209801
8037079	5.132656
8037103	5.09213
8037123	5.960867
8037144	7.76708
8037152	7.849749
8037166	7.120252
8037170	7.057199
8037179	9.021102
8037186	6.067725
8037197	10.61892
8037205	7.954337
8037222	6.185131
8037231	2.841007
8037236	3.49192
8037240	3.180811
8037246	3.094828
8037251	4.612816
8037259	2.767211
8037267	2.419959
8037272	3.932759
8037283	5.721457
8037290	4.985918
8037298	3.124273
8037301	7.38378
8037309	5.801631
8037315	7.037986
8037322	7.593251
8037331	6.605231
8037352	6.131525
8037355	5.114392
8037363	6.43559
8037374	6.448013
8037387	5.963542
8037389	6.940343
8037408	6.463122
8037422	6.11339
8037430	5.637287
8037433	5.82272
8037444	5.167605
8037453	6.360747
8037459	4.833039
8037467	6.345306
8037474	6.956774
8037482	4.703431
8037495	6.969026
8037502	6.010855
8037505	6.835101
8037513	6.217927
8037525	4.197751
8037535	5.786777
8037537	6.597804
8037563	7.241662
8037579	6.871244
8037594	6.051816
8037608	5.846792
8037614	5.594314
8037621	8.120875
8037640	5.844351
8037642	6.747989
8037647	7.00831
8037651	6.233664
8037657	6.46384
8037679	6.65744
8037688	5.942304
8037695	7.160818
8037723	7.235871
8037728	6.34115
8037732	5.324802
8037737	5.538511
8037742	5.721925
8037750	4.032461
8037755	4.495084
8037760	2.22524
8037762	5.782356
8037767	5.215615
8037775	5.485767
8037785	5.65971
8037788	6.113482
8037794	6.864563
8037814	6.528431
8037816	7.120722
8037835	6.065807
8037847	7.964768
8037853	7.852732
8037856	6.720803
8037872	6.669974
8037878	5.912775
8037888	5.154206
8037898	5.241632
8037913	8.265729
8037931	5.23809
8037947	4.371102
8037949	3.250759
8037959	2.696179
8037962	4.654484
8037970	3.902138
8037991	6.390665
8038023	5.044278
8038029	6.872499
8038048	5.142848
8038069	5.864035
8038078	9.88894
8038086	12.2953
8038093	6.202725
8038109	7.182076
8038117	7.242702
8038126	6.744709
8038139	5.503747
8038150	6.287076
8038163	5.021346
8038177	4.49001
8038192	5.59895
8038200	5.234001
8038202	9.313416
8038213	5.441809
8038225	6.35606
8038246	4.026476
8038261	7.14326
8038278	6.431071
8038280	5.619902
8038288	5.24667
8038292	5.817554
8038299	5.71103
8038305	4.829284
8038309	4.717148
8038314	6.095024
8038319	5.22749
8038326	4.378122
8038343	5.304516
8038347	4.409802
8038362	6.755638
8038367	4.70314
8038382	6.990072
8038393	6.035594
8038395	6.721137
8038407	7.416507
8038416	7.426577
8038427	4.516618
8038441	3.05576
8038443	7.106667
8038458	6.807243
8038477	7.178227
8038487	6.459089
8038505	5.044474
8038515	7.410249
8038532	4.695262
8038540	6.181883
8038547	6.162676
8038556	5.20342
8038565	5.26283
8038571	6.720255
8038577	5.894408
8038584	5.306845
8038587	4.846175
8038598	5.056934
8038624	6.046591
8038633	5.845679
8038643	5.221813
8038653	4.628014
8038655	4.933247
8038668	3.891346
8038670	5.10138
8038683	6.452585
8038695	5.956624
8038707	5.947361
8038716	6.16296
8038725	6.86549
8038735	7.027693
8038747	5.55244
8038760	6.271934
8038770	6.085668
8038782	6.704717
8038785	6.639348
8038792	7.090047
8038804	6.489389
8038809	6.396347
8038815	4.752028
8038824	5.723572
8038839	5.35403
8038852	5.717018
8038861	5.494734
8038874	4.407851
8038877	5.358903
8038885	4.570001
8038890	6.166792
8038899	5.78851
8038904	7.559181
8038913	6.346762
8038919	6.786586
8038925	5.178846
8038933	5.115737
8038942	5.795257
8038949	8.376207
8038952	5.949543
8038954	7.202446
8038960	2.184974
8038962	8.411152
8038967	8.90287
8038981	6.941561
8038989	6.366665
8038993	7.512648
8038998	6.961792
8039006	7.33754
8039010	10.71534
8039013	8.338768
8039017	7.059971
8039025	5.609108
8039034	8.098096
8039044	6.509383
8039054	5.791567
8039062	3.128087
8039068	8.45783
8039070	4.24725
8039075	2.201477
8039078	4.007929
8039084	2.118198
8039086	5.590402
8039090	5.265272
8039092	2.452512
8039094	2.362369
8039096	4.668342
8039109	4.52349
8039120	5.123748
8039131	6.908441
8039139	5.440012
8039144	10.35484
8039164	4.445472
8039166	8.94806
8039180	5.518114
8039196	5.521153
8039210	1.96883
8039212	5.926845
8039226	5.23865
8039236	4.574431
8039246	4.896722
8039257	5.631735
8039269	6.365225
8039273	8.135591
8039280	4.189413
8039294	5.862926
8039306	7.765279
8039316	7.111398
8039340	5.502696
8039353	4.309476
8039362	5.62267
8039378	5.304804
8039389	7.035019
8039409	6.099743
8039413	7.898825
8039440	7.149063
8039453	5.853257
8039462	4.628449
8039474	4.946913
8039477	6.49884
8039484	6.345584
8039491	5.856498
8039498	4.531235
8039504	6.77665
8039511	7.000928
8039520	6.242749
8039524	7.051463
8039526	5.505091
8039530	7.407815
8039533	3.8426
8039545	3.157404
8039557	3.830013
8039569	6.850867
8039574	3.703489
8039577	5.39617
8039584	2.198146
8039586	4.950435
8039593	5.884084
8039605	5.692522
8039607	5.875389
8039625	3.07028
8039635	3.123277
8039642	4.107522
8039645	5.960491
8039655	6.576247
8039664	6.002471
8039672	3.587687
8039674	7.469523
8039680	6.287121
8039687	8.702242
8039692	9.240837
8039695	7.828918
8039698	6.919852
8039706	6.517134
8039713	3.852913
8039719	7.041949
8039730	7.052396
8039740	6.539957
8039748	6.065883
8039759	6.120667
8039766	5.998556
8039769	5.506455
8039771	6.39899
8039779	5.148233
8039791	6.343837
8039796	10.33469
8039805	7.385754
8039809	6.021726
8039820	4.925905
8039829	4.446338
8039842	4.831354
8039859	4.348969
8039871	4.579493
8039884	4.936138
8039892	3.634735
8039896	4.923877
8039905	9.274364
8039909	8.652523
8039923	8.304519
8039928	3.25109
8039933	11.26717
8039937	6.660972
8039939	8.506158
8039947	8.319958
8039961	8.784169
8039975	3.061208
8039977	4.16383
8039996	4.336747
8040018	6.722234
8040034	5.411654
8040036	8.025696
8040045	6.417469
8040053	3.200184
8040068	2.150951
8040070	5.963989
8040073	3.888374
8040077	4.043331
8040080	6.467456
8040090	6.392525
8040101	6.317546
8040103	7.658038
8040111	3.798282
8040113	8.326343
8040142	7.818773
8040163	7.195952
8040171	1.947915
8040173	6.941765
8040190	9.24364
8040211	6.227828
8040221	4.644473
8040223	4.945937
8040231	5.562351
8040238	6.625257
8040247	4.38426
8040249	5.458448
8040265	5.924171
8040270	4.565931
8040278	8.584014
8040286	2.27697
8040288	2.977864
8040290	7.962833
8040292	4.326608
8040334	9.007493
8040338	13.25312
8040340	6.732568
8040362	7.1746
8040365	7.798724
8040372	3.154339
8040374	7.349702
8040386	10.02735
8040413	2.330723
8040415	5.832012
8040417	5.897874
8040419	4.665497
8040426	2.155545
8040428	3.093676
8040430	4.005832
8040440	6.654675
8040456	6.222848
8040458	5.174512
8040463	4.777217
8040467	3.954533
8040469	5.747174
8040473	8.00768
8040477	5.290648
8040479	7.264729
8040483	2.589271
8040488	3.395795
8040490	4.271489
8040503	6.790916
8040514	5.348212
8040516	4.595694
8040522	3.749544
8040528	2.36417
8040530	6.679317
8040541	3.486501
8040547	7.898818
8040549	4.378339
8040552	8.568471
8040576	3.96139
8040578	6.200989
8040587	4.838106
8040614	5.17995
8040618	10.19513
8040630	6.861223
8040632	5.614132
8040639	10.31336
8040655	8.275873
8040672	3.35896
8040690	5.345684
8040695	5.225371
8040698	7.074994
8040712	5.801397
8040725	4.598696
8040742	5.662548
8040753	8.944995
8040774	6.643091
8040792	5.494092
8040802	4.998929
8040815	4.540304
8040827	6.359642
8040831	8.710135
8040843	6.578579
8040889	3.888989
8040898	5.322702
8040908	8.845601
8040927	8.26211
8040949	7.347246
8040960	4.447416
8040980	3.48844
8040985	7.972918
8041000	7.995913
8041015	7.918219
8041027	6.593937
8041031	8.839842
8041048	8.8624
8041061	4.823542
8041122	10.66562
8041138	3.619549
8041149	8.335381
8041168	6.457233
8041170	7.263988
8041172	5.545996
8041179	7.864419
8041197	8.590817
8041204	7.138188
8041206	5.322632
8041212	7.214245
8041223	5.876303
8041225	6.307725
8041234	2.802231
8041236	7.851803
8041255	4.691818
8041257	8.187955
8041273	8.570837
8041281	9.307339
8041283	9.039403
8041360	7.817188
8041383	7.965811
8041420	4.204017
8041422	4.406521
8041445	2.176952
8041447	9.114047
8041467	3.968133
8041487	5.820923
8041495	6.880487
8041508	4.688753
8041519	5.327241
8041536	3.716975
8041540	3.496999
8041542	7.341524
8041553	5.47826
8041561	7.391486
8041568	2.762136
8041570	6.97565
8041582	6.330953
8041592	8.93343
8041617	7.780613
8041638	5.373449
8041640	4.679118
8041642	2.532063
8041644	4.469585
8041676	5.694617
8041696	4.862398
8041711	2.882529
8041713	8.506954
8041727	4.529351
8041745	7.076902
8041759	5.755153
8041763	7.533499
8041781	9.562304
8041804	4.421764
8041808	10.20869
8041813	9.144066
8041820	7.259267
8041826	7.040332
8041853	9.65793
8041867	7.662379
8041886	4.735088
8041888	6.536319
8041900	5.422073
8041902	6.740044
8041913	7.920203
8041937	6.532351
8041940	6.282863
8041957	3.389653
8041961	3.518951
8041967	8.07767
8041982	6.768932
8041987	3.070526
8041995	10.07987
8042038	6.452333
8042040	5.113781
8042052	8.871463
8042059	5.995528
8042062	3.89068
8042066	5.828315
8042079	4.426276
8042086	6.656093
8042107	8.978417
8042109	4.177747
8042111	2.764619
8042113	3.318111
8042115	3.688933
8042117	2.901419
8042119	7.668137
8042144	8.746438
8042157	4.342164
8042159	2.79761
8042161	9.118096
8042168	6.172555
8042195	8.363048
8042207	7.765377
8042211	7.866321
8042219	4.928838
8042223	6.533904
8042251	6.303391
8042257	6.256573
8042259	8.319696
8042270	9.656361
8042283	8.241132
8042291	9.226877
8042306	6.562519
8042308	4.525581
8042310	5.391124
8042324	3.471062
8042326	6.978364
8042333	4.905504
8042335	10.90972
8042337	11.64556
8042346	3.877279
8042356	9.104368
8042373	6.386179
8042381	6.769106
8042391	6.930293
8042402	5.267477
8042413	5.24508
8042416	4.946233
8042431	2.633174
8042439	4.99341
8042460	2.232129
8042462	2.730808
8042464	2.812764
8042466	2.694321
8042468	9.745464
8042487	8.500521
8042495	7.490519
8042501	3.728949
8042503	9.25577
8042513	5.951475
8042515	8.953815
8042519	8.980143
8042530	5.594657
8042532	6.612561
8042537	6.426263
8042556	3.68827
8042558	5.415422
8042566	5.085966
8042568	5.816315
8042574	8.081369
8042576	9.712505
8042588	7.975998
8042601	8.683628
8042637	4.851443
8042696	7.397079
8042701	6.67987
8042705	6.397655
8042720	10.02906
8042737	7.520127
8042761	5.195453
8042769	4.408016
8042772	7.821908
8042788	4.210236
8042801	6.829288
8042811	6.658504
8042825	5.511849
8042827	3.91751
8042830	5.789556
8042843	5.449938
8042859	6.726039
8042867	9.493299
8042874	5.996861
8042896	6.652027
8042905	6.74338
8042917	5.44596
8042925	5.425938
8042942	8.714056
8042953	7.577109
8042958	4.040541
8042960	1.839213
8042962	7.386301
8042970	4.035091
8042972	6.526652
8042974	2.259939
8042976	2.22982
8042978	3.000238
8042986	3.841483
8042993	3.731873
8043018	5.01021
8043020	2.112213
8043026	1.968681
8043028	3.115735
8043030	2.330954
8043032	4.770246
8043034	2.072118
8043036	6.725619
8043038	1.469735
8043040	3.002759
8043043	4.505201
8043055	5.595448
8043059	3.426456
8043071	3.709881
8043098	2.266214
8043100	9.588511
8043105	9.082603
8043114	5.513229
8043129	2.404355
8043131	6.649672
8043155	5.890267
8043157	5.193264
8043185	4.295515
8043187	10.96639
8043197	11.82879
8043203	7.381611
8043209	8.601528
8043218	7.749409
8043236	5.176288
8043244	5.523019
8043251	9.354158
8043276	9.715214
8043278	7.028302
8043283	7.556871
8043310	8.742364
8043320	3.618623
8043322	7.590233
8043324	9.327963
8043347	4.05435
8043349	7.109615
8043360	5.821913
8043363	7.067592
8043367	5.414131
8043375	10.07764
8043377	9.467103
8043379	2.076193
8043381	3.176699
8043393	5.871795
8043405	2.13046
8043407	4.990687
8043413	8.376097
8043423	3.444405
8043426	5.551362
8043429	3.709247
8043431	4.921308
8043433	7.36868
8043436	3.29938
8043438	7.495697
8043441	4.43195
8043443	6.092113
8043446	3.286372
8043449	6.116868
8043456	2.282655
8043459	6.018392
8043465	5.83599
8043468	4.592321
8043470	5.191879
8043474	7.819763
8043476	5.550397
8043478	3.453809
8043480	5.167795
8043482	3.705462
8043484	5.554827
8043487	1.996183
8043489	4.564549
8043491	6.379457
8043498	2.59872
8043500	4.161531
8043502	5.369059
8043504	10.71644
8043512	5.231484
8043522	8.411441
8043552	5.196919
8043564	6.244159
8043570	7.265773
8043572	3.683819
8043574	3.530367
8043581	2.890765
8043583	5.889184
8043585	8.128407
8043597	4.538769
8043602	3.748757
8043621	5.630034
8043630	5.42646
8043632	4.922945
8043639	5.14044
8043657	7.794094
8043666	6.986343
8043682	7.896032
8043685	5.66741
8043687	6.208261
8043697	7.803131
8043718	7.829851
8043725	5.212897
8043743	7.035506
8043745	4.970377
8043747	3.412362
8043782	4.514715
8043791	8.082369
8043820	7.338765
8043833	2.416422
8043835	5.229927
8043840	6.130251
8043848	8.502474
8043861	8.562654
8043890	4.36613
8043900	4.668563
8043902	6.628352
8043909	8.8192
8043932	8.298664
8043937	9.287253
8043945	7.355277
8043981	6.046831
8043993	4.349765
8043995	8.250636
8044008	5.644217
8044021	4.434074
8044035	4.989314
8044049	3.689496
8044067	7.928918
8044080	8.69355
8044094	6.634623
8044105	3.340945
8044107	2.092963
8044109	7.049182
8044111	6.481028
8044124	4.367102
8044127	7.207891
8044133	8.34911
8044143	3.623359
8044149	3.945474
8044154	5.209044
8044161	10.07535
8044189	7.004531
8044191	5.291106
8044204	2.967579
8044212	4.011985
8044225	2.992807
8044236	8.916015
8044258	8.37797
8044263	8.998676
8044278	4.918284
8044295	6.265669
8044301	7.185012
8044304	10.1089
8044333	9.425214
8044346	8.526207
8044351	8.729234
8044353	8.447939
8044375	7.006481
8044391	8.002736
8044415	6.199266
8044417	9.406974
8044440	5.677776
8044450	7.116953
8044462	7.144576
8044473	7.198611
8044491	6.049132
8044499	8.051151
8044512	4.466671
8044530	2.831505
8044532	2.976826
8044541	5.137844
8044548	6.329017
8044552	5.40168
8044563	4.605619
8044572	2.798162
8044574	9.16483
8044584	7.353468
8044605	6.384741
8044611	5.289798
8044613	9.34872
8044634	5.391814
8044640	7.022285
8044643	3.171078
8044649	7.526682
8044669	7.775931
8044682	5.534845
8044684	3.281589
8044686	10.95327
8044700	3.34279
8044731	5.037024
8044733	4.493076
8044735	2.055234
8044737	1.940145
8044739	1.895505
8044741	3.614337
8044743	1.899438
8044745	8.829674
8044760	5.726805
8044764	5.168455
8044766	8.673196
8044773	6.476727
8044791	4.675326
8044793	5.732023
8044804	8.750473
8044813	6.36954
8044818	3.239529
8044844	6.03457
8044849	6.173124
8044878	2.132936
8044880	4.519753
8044882	7.676336
8044909	2.245146
8044911	2.14114
8044913	1.885431
8044915	5.471167
8044917	2.011256
8044919	9.16385
8044927	6.132764
8044931	1.908897
8044933	4.490506
8044959	3.958224
8044961	4.925298
8044963	6.332279
8044965	8.989744
8044976	4.148648
8045005	2.45568
8045007	2.183419
8045009	4.979235
8045018	5.969475
8045028	2.401246
8045030	5.101868
8045075	4.650584
8045083	6.982216
8045086	5.166132
8045088	4.864609
8045090	8.782062
8045134	2.443252
8045136	7.947831
8045142	9.91599
8045146	6.144523
8045148	6.002972
8045151	1.999323
8045153	2.699236
8045155	2.159082
8045157	1.978419
8045159	1.917282
8045161	2.123591
8045163	1.634378
8045165	4.155012
8045167	4.710836
8045169	2.051333
8045171	8.068701
8045182	7.453233
8045198	5.836793
8045205	2.96343
8045208	7.36318
8045210	3.836214
8045216	5.546548
8045224	5.236252
8045229	5.263681
8045247	9.923485
8045257	3.666727
8045275	3.607435
8045277	1.949125
8045279	8.493944
8045281	2.250605
8045283	2.419609
8045285	1.823902
8045287	9.884399
8045289	8.805623
8045291	6.978626
8045301	6.627575
8045309	5.082819
8045319	4.894463
8045321	8.973644
8045323	6.767689
8045330	2.406521
8045332	7.074624
8045334	3.294123
8045336	6.494186
8045339	4.760061
8045341	3.177261
8045343	2.311744
8045345	5.588958
8045347	5.371853
8045349	8.13091
8045368	3.772743
8045381	9.097325
8045398	9.060498
8045423	6.173438
8045425	6.788001
8045453	3.180624
8045455	9.630485
8045470	3.979722
8045499	8.534933
8045514	8.268508
8045525	3.362321
8045527	3.03505
8045529	2.085904
8045531	2.292077
8045533	3.036522
8045535	4.141452
8045537	2.1712
8045539	9.051361
8045559	3.990349
8045561	1.546504
8045563	4.119749
8045577	2.201648
8045581	4.490204
8045583	2.171478
8045585	2.086454
8045587	9.462741
8045602	3.910243
8045604	6.483062
8045619	7.392383
8045637	5.676152
8045664	9.786294
8045674	6.852876
8045688	4.723922
8045695	4.701468
8045697	8.015952
8045736	4.441058
8045768	7.546783
8045776	3.250381
8045793	5.145011
8045795	4.944805
8045800	2.44242
8045802	2.317864
8045804	11.25573
8045806	2.000632
8045808	2.92672
8045810	2.413408
8045812	2.129382
8045814	4.950156
8045816	8.541761
8045835	9.647111
8045846	7.178421
8045848	3.775572
8045857	5.549088
8045860	8.168289
8045882	3.744835
8045887	7.779636
8045889	8.204366
8045919	9.648327
8045931	3.239577
8045933	7.343744
8045946	8.506846
8045962	4.475704
8045972	2.665735
8045974	3.756202
8046003	7.206079
8046012	2.61468
8046014	2.454499
8046016	2.341603
8046018	4.367107
8046020	2.942444
8046048	4.707124
8046060	1.887381
8046062	2.815947
8046078	3.106395
8046084	3.49894
8046086	9.687938
8046099	4.076654
8046116	3.348241
8046124	6.235456
8046147	6.342054
8046160	3.892342
8046169	6.904006
8046186	7.413854
8046199	4.058119
8046201	10.16218
8046213	7.458025
8046238	4.693091
8046276	6.265137
8046279	6.437671
8046281	1.94435
8046283	3.974216
8046306	8.82041
8046318	6.428801
8046333	7.492329
8046340	8.997587
8046346	8.174513
8046360	5.123206
8046373	5.548754
8046380	7.26925
8046408	6.723781
8046426	6.606726
8046428	5.886515
8046461	4.936875
8046488	3.511348
8046500	4.750022
8046502	6.762736
8046512	3.979717
8046515	10.80109
8046518	5.407122
8046520	2.462268
8046522	3.349888
8046524	7.753627
8046527	3.874772
8046530	5.882557
8046536	6.631546
8046542	6.06451
8046546	5.412652
8046553	2.297781
8046555	6.153929
8046560	4.335664
8046564	6.253732
8046573	7.430782
8046586	3.149953
8046588	2.526884
8046590	10.54111
8046604	8.794901
8046626	2.306355
8046628	6.214697
8046646	3.629709
8046680	7.826377
8046685	8.292997
8046695	5.2615
8046726	8.548657
8046746	4.018571
8046755	5.418681
8046757	2.468133
8046759	8.558331
8046788	3.083549
8046790	3.137634
8046792	4.243469
8046804	6.758987
8046815	3.615232
8046822	2.820647
8046824	3.329364
8046833	3.36086
8046836	2.657385
8046848	8.773481
8046861	9.894382
8046895	6.98526
8046906	6.651847
8046922	5.524187
8046975	7.854242
8046997	7.091672
8047006	5.407308
8047038	7.01441
8047059	9.201038
8047062	4.518388
8047069	7.34845
8047078	8.71464
8047086	6.858514
8047097	8.020294
8047125	3.004178
8047127	7.885395
8047159	5.480154
8047161	8.154177
8047172	2.237061
8047174	6.835972
8047187	3.501663
8047213	4.018055
8047215	3.457862
8047217	7.976357
8047223	6.325133
8047228	8.339845
8047241	5.333605
8047243	6.814011
8047248	3.980011
8047257	3.869241
8047262	6.323274
8047265	6.372425
8047272	9.046724
8047286	5.937792
8047288	3.21294
8047300	3.40138
8047337	2.261456
8047339	11.02506
8047356	6.603888
8047370	3.184854
8047372	5.676001
8047377	3.618399
8047379	5.982489
8047381	8.495111
8047401	8.642481
8047403	6.553536
8047419	7.160951
8047441	4.636421
8047443	7.75737
8047457	1.930949
8047459	2.07551
8047463	2.23395
8047465	1.859209
8047467	3.41116
8047485	2.155775
8047487	6.056045
8047492	3.841921
8047503	3.147645
8047505	3.618619
8047518	9.041357
8047536	2.945525
8047538	8.544637
8047555	2.028886
8047557	6.925684
8047559	1.797828
8047561	2.027427
8047563	5.292463
8047565	7.272578
8047577	6.283277
8047596	9.759615
8047606	8.487793
8047635	11.88786
8047641	7.92569
8047659	7.002519
8047677	4.288445
8047690	2.32106
8047692	4.03632
8047702	3.110484
8047709	7.67714
8047736	6.913726
8047738	4.652768
8047763	4.290864
8047765	3.800758
8047767	2.141335
8047769	3.014011
8047771	6.155136
8047778	3.816183
8047780	4.573935
8047784	5.39804
8047788	4.146513
8047815	7.878214
8047829	3.669255
8047839	9.122295
8047852	2.20916
8047854	7.536272
8047865	7.591621
8047910	3.590258
8047926	3.729063
8047952	5.166483
8047963	4.148646
8047965	3.480353
8048014	9.28924
8048022	3.462038
8048024	2.358209
8048026	3.731992
8048071	3.549459
8048075	5.895762
8048077	2.005786
8048079	1.888429
8048081	7.658031
8048110	2.227796
8048112	3.910676
8048114	3.502957
8048116	8.331409
8048118	2.790802
8048120	9.283887
8048139	5.276443
8048141	4.799325
8048146	10.24959
8048171	6.657932
8048173	3.979869
8048175	6.729953
8048195	8.937726
8048205	6.102695
8048211	5.848291
8048227	4.74512
8048234	10.27218
8048249	5.205233
8048257	7.263927
8048272	4.781783
8048283	5.993607
8048304	8.057623
8048317	5.607822
8048319	4.447225
8048340	8.01481
8048350	4.151036
8048368	1.967155
8048370	7.181282
8048381	7.204803
8048411	7.10673
8048432	7.965702
8048445	6.354401
8048452	6.295347
8048460	6.651467
8048466	5.760367
8048468	8.062663
8048478	7.276732
8048489	6.843441
8048505	7.466031
8048518	6.548891
8048523	7.332751
8048541	6.112887
8048551	5.42145
8048595	7.326016
8048611	3.987262
8048628	5.742331
8048639	5.788405
8048647	6.549503
8048673	5.804531
8048699	5.258803
8048701	3.564907
8048703	8.042341
8048705	4.882024
8048707	4.722147
8048712	6.109624
8048715	1.985406
8048717	9.679778
8048723	4.615268
8048725	3.305391
8048733	8.537945
8048749	4.703433
8048752	6.198644
8048761	5.826385
8048763	4.372933
8048772	8.901353
8048782	5.062562
8048835	7.962122
8048847	9.122803
8048864	5.710609
8048870	3.185905
8048885	2.135622
8048887	2.332863
8048889	6.190648
8048896	2.118543
8048898	5.154393
8048926	7.404305
8048940	7.810822
8048976	6.700841
8048978	2.173424
8048980	10.26466
8048993	2.417218
8048995	10.72017
8049007	5.059048
8049016	9.263967
8049042	5.093939
8049044	5.5752
8049071	6.228132
8049075	6.269397
8049079	5.034439
8049083	5.945166
8049088	7.001381
8049097	7.481975
8049123	5.752782
8049128	5.78342
8049137	6.107892
8049152	5.126379
8049166	6.21459
8049180	7.65537
8049187	6.676167
8049195	7.061561
8049197	2.838207
8049199	8.337506
8049237	4.099807
8049239	6.826441
8049243	5.644093
8049246	6.20726
8049271	7.105755
8049297	9.192689
8049299	8.219869
8049301	3.83938
8049317	6.657444
8049349	7.590074
8049375	4.816304
8049394	4.361148
8049425	2.79723
8049435	7.209479
8049448	7.50048
8049471	3.902774
8049478	6.70487
8049487	9.566517
8049509	6.820292
8049512	8.770267
8049528	9.471685
8049530	8.555312
8049532	6.827143
8049534	5.586773
8049536	8.420748
8049538	8.074265
8049540	6.990871
8049542	5.271471
8049544	5.386609
8049552	3.585793
8049567	6.783793
8049574	7.906453
8049582	6.187561
8049598	6.096607
8049610	5.541311
8049620	5.707331
8049635	6.955481
8049655	2.482534
8049657	7.171616
8049665	2.216838
8049667	3.724731
8049670	7.008533
8049682	6.662997
8049684	6.365603
8049689	7.492287
8049702	5.892535
8049722	6.381469
8049729	6.6177
8049737	5.737721
8049752	5.218358
8049784	8.022097
8049799	5.82923
8049825	5.199371
8049827	9.938415
8049847	8.477598
8049876	7.201876
8049888	6.964144
8049906	5.991652
8049919	6.796556
8049934	6.094267
8049942	6.084795
8049950	5.970878
8049952	5.960344
8049957	3.992757
8049959	4.936023
8049961	9.063324
8049963	6.17826
8049965	6.689121
8049969	7.658758
8049990	6.986383
8049998	7.394808
8050007	5.003911
8050031	4.471864
8050060	6.144466
8050071	8.118429
8050079	7.573771
8050089	8.395558
8050093	4.829418
8050095	4.535632
8050102	6.943993
8050113	6.168152
8050115	3.890229
8050128	8.054894
8050160	8.820133
8050176	7.475314
8050190	8.132887
8050213	5.51213
8050215	10.66498
8050225	2.050036
8050227	4.651981
8050232	7.614941
8050236	3.185365
8050238	3.930009
8050240	8.640292
8050253	6.162087
8050255	7.787935
8050278	11.71955
8050293	4.663636
8050302	8.496979
8050336	6.93139
8050350	8.255375
8050352	4.995487
8050363	4.990341
8050365	2.098655
8050367	7.92951
8050423	4.648535
8050425	5.682426
8050427	7.349059
8050441	7.577988
8050443	7.090409
8050472	2.112376
8050474	7.176693
8050480	3.577872
8050495	3.044295
8050497	6.340602
8050503	4.575717
8050507	6.489283
8050537	3.734435
8050548	12.37923
8050557	10.23657
8050565	9.631828
8050591	5.683062
8050594	6.687532
8050608	8.145252
8050619	4.141872
8050654	1.922933
8050656	3.293027
8050658	7.610448
8050687	3.727928
8050689	5.984857
8050695	8.478685
8050702	7.008026
8050713	5.138594
8050719	7.479826
8050761	2.570906
8050763	8.095705
8050766	5.411745
8050790	5.71278
8050801	2.681067
8050803	1.773484
8050805	4.846595
8050813	6.579191
8050844	4.330256
8050846	7.350982
8050869	5.990982
8050873	2.230701
8050875	7.403183
8050894	5.462413
8050906	4.52988
8050908	9.97506
8050924	5.495264
8050942	4.678216
8050993	3.970977
8051001	4.815694
8051012	7.8805
8051024	5.381042
8051028	4.786492
8051030	7.745248
8051050	5.654772
8051061	6.441319
8051066	8.80083
8051075	8.436477
8051097	6.79601
8051113	7.126368
8051119	8.590328
8051133	6.922917
8051135	6.813513
8051185	2.317365
8051187	5.816591
8051197	6.696113
8051202	2.678074
8051204	7.319393
8051215	6.161382
8051226	6.644441
8051236	2.667449
8051238	5.31291
8051241	4.67089
8051273	2.522758
8051275	9.306651
8051298	5.69744
8051319	4.2201
8051322	7.184134
8051361	10.8747
8051370	7.322551
8051372	8.265965
8051387	9.091841
8051394	5.003795
8051396	4.049994
8051409	5.488983
8051411	4.029358
8051413	8.90008
8051422	5.731131
8051427	7.967668
8051443	8.105023
8051462	5.866775
8051464	8.348611
8051501	9.012157
8051520	2.471862
8051528	6.020278
8051547	5.791763
8051569	2.23856
8051571	2.423382
8051573	7.038034
8051583	7.379966
8051589	8.993118
8051605	7.581586
8051622	8.896803
8051637	6.385683
8051666	3.243431
8051668	4.941416
8051670	8.459994
8051696	3.067547
8051707	8.776166
8051744	4.062061
8051746	6.645693
8051762	5.821412
8051773	5.928218
8051775	2.328566
8051777	8.362821
8051785	4.30832
8051793	5.906111
8051799	6.599239
8051812	4.759095
8051814	8.705055
8051820	8.568942
8051862	1.885988
8051864	2.982175
8051866	4.128841
8051882	9.664749
8051924	2.509581
8051926	5.038034
8051928	8.818252
8051949	7.252637
8051956	2.440386
8051963	6.982126
8051985	7.421034
8051987	3.349734
8051989	4.981012
8051993	7.07638
8051998	7.699588
8052004	3.929858
8052010	9.450204
8052018	6.146832
8052022	9.31813
8052024	8.445847
8052054	2.254724
8052056	3.455285
8052058	3.545215
8052072	3.676328
8052087	6.49923
8052089	2.373349
8052091	3.868624
8052119	2.694331
8052121	3.438612
8052123	3.883796
8052125	8.332407
8052139	4.500443
8052141	5.950502
8052143	6.93222
8052149	8.702318
8052200	5.27024
8052204	9.586446
8052231	4.692828
8052233	6.240371
8052250	7.413321
8052269	4.20296
8052305	2.065489
8052307	9.052496
8052331	7.775568
8052355	5.392992
8052370	7.076659
8052372	2.389849
8052374	2.872705
8052376	5.059927
8052380	4.649323
8052382	6.79759
8052397	6.864374
8052399	5.935319
8052413	4.375065
8052416	6.713882
8052418	5.489266
8052438	3.220842
8052443	9.282537
8052524	5.025915
8052526	9.501864
8052554	3.691607
8052562	8.704866
8052581	2.210249
8052583	5.044953
8052585	3.675782
8052594	4.108839
8052598	6.116068
8052620	5.332592
8052622	8.639943
8052624	6.183326
8052626	7.285097
8052654	9.305716
8052667	4.86213
8052669	7.056189
8052674	3.604403
8052676	5.915803
8052678	2.257657
8052680	10.55726
8052689	7.265685
8052696	4.229833
8052698	8.489728
8052703	6.740085
8052719	4.980583
8052721	9.589847
8052731	3.763189
8052733	1.90173
8052735	5.092838
8052742	5.160721
8052747	3.336758
8052753	2.656531
8052762	10.68596
8052784	6.739818
8052798	7.607279
8052803	8.329956
8052826	4.784815
8052828	4.903869
8052834	6.848523
8052845	9.812813
8052861	7.246687
8052866	7.789251
8052872	7.9216
8052882	5.058513
8052902	3.211521
8052908	5.006282
8052916	4.831056
8052925	8.456127
8052932	6.323284
8052934	7.311058
8052940	8.776541
8052945	2.17172
8052947	4.877249
8052956	8.446644
8052979	5.548888
8052994	6.418632
8053004	7.059873
8053009	5.521374
8053022	6.150494
8053025	5.152993
8053030	5.720517
8053036	6.189949
8053046	9.443352
8053057	5.27242
8053059	7.803764
8053064	10.07426
8053073	5.252229
8053107	8.311142
8053139	6.050936
8053142	5.756373
8053158	7.917492
8053165	8.115437
8053171	6.533506
8053183	5.652099
8053187	6.178875
8053200	4.756662
8053214	8.661443
8053231	5.215866
8053248	4.83499
8053263	4.825239
8053266	4.404472
8053276	2.173952
8053278	4.078448
8053288	5.879512
8053311	6.592209
8053313	3.251497
8053315	4.200655
8053325	3.83298
8053330	2.92348
8053337	2.821781
8053341	2.225176
8053347	3.467716
8053349	4.223624
8053360	3.123057
8053362	2.164426
8053364	3.165239
8053366	8.252927
8053379	5.632298
8053386	4.775489
8053388	9.428428
8053404	1.931716
8053406	8.28827
8053417	10.09031
8053427	2.57417
8053429	8.122038
8053449	7.078227
8053458	7.977013
8053467	5.40411
8053480	6.301307
8053482	2.996981
8053484	8.537713
8053496	7.888085
8053533	7.978974
8053549	4.512018
8053551	5.36864
8053560	4.112424
8053562	9.841683
8053574	2.87391
8053576	8.427643
8053584	6.197119
8053594	3.056684
8053599	9.460842
8053602	5.414131
8053610	8.928073
8053622	9.327963
8053648	7.52436
8053654	2.895022
8053662	4.894713
8053664	3.522256
8053666	4.501092
8053668	8.288098
8053690	6.135284
8053710	5.922215
8053713	7.747509
8053715	2.261755
8053718	2.30719
8053720	3.709247
8053722	8.535732
8053725	4.361306
8053728	5.516054
8053731	6.116149
8053733	7.585346
8053735	5.331594
8053737	3.909257
8053741	3.961912
8053744	4.936328
8053751	2.462426
8053753	4.887163
8053761	6.722862
8053763	8.153995
8053775	6.813664
8053785	2.890765
8053787	3.339144
8053795	4.216015
8053797	7.405737
8053801	8.901939
8053834	7.59269
8053840	5.898777
8053842	6.595674
8053869	6.448311
8053872	5.497985
8053882	6.347123
8053890	10.40814
8053901	9.63311
8053909	9.466685
8053944	5.783017
8053949	7.253762
8053975	7.760073
8053984	6.015259
8053998	7.06883
8054004	6.748111
8054020	5.148811
8054037	3.109968
8054039	2.312032
8054041	2.467828
8054045	7.357147
8054054	7.836391
8054064	6.963207
8054075	2.82166
8054077	7.769035
8054090	4.348329
8054092	8.107453
8054131	7.057186
8054135	8.396489
8054154	7.075592
8054166	6.620082
8054192	6.161332
8054200	3.366126
8054209	5.092014
8054217	6.029029
8054227	7.911611
8054254	4.198972
8054281	4.418119
8054295	4.79066
8054297	4.360171
8054308	7.350525
8054329	9.561126
8054338	5.122596
8054344	3.00754
8054354	6.476092
8054356	7.324777
8054364	7.164706
8054377	7.688603
8054393	2.739346
8054395	9.12427
8054412	3.120625
8054414	10.24727
8054437	7.226009
8054439	4.569619
8054449	7.116402
8054451	4.332936
8054465	5.324153
8054467	7.39615
8054477	8.834072
8054479	11.08599
8054486	3.659012
8054511	4.266894
8054513	7.761487
8054517	9.067524
8054519	9.425214
8054532	10.38507
8054557	10.38448
8054580	5.167523
8054607	4.403239
8054611	7.363555
8054614	8.242713
8054664	6.387361
8054676	10.33779
8054702	3.247468
8054712	5.43809
8054722	6.938557
8054731	3.335367
8054740	6.59507
8054758	5.097275
8054762	7.912518
8054766	4.697263
8054769	6.858913
8054771	9.673293
8054790	4.492183
8054792	4.70023
8054794	3.164267
8054796	4.57352
8054798	2.188349
8054800	3.810386
8054802	3.188365
8054804	7.550523
8054831	6.054165
8054834	3.765086
8054837	4.286841
8054846	4.495011
8054862	7.354461
8054866	4.390157
8054870	8.565639
8054872	7.605148
8054888	7.888734
8054930	8.389121
8054941	2.018824
8054943	2.306043
8054945	6.903851
8054967	3.72242
8054978	7.401902
8054995	4.700172
8054997	7.704146
8055016	7.110806
8055021	7.996524
8055038	5.99299
8055060	8.501118
8055085	6.057179
8055087	2.012769
8055089	6.819968
8055096	7.310867
8055104	7.685592
8055130	7.64846
8055135	6.0876
8055137	3.310597
8055139	5.378593
8055143	3.879615
8055151	11.01549
8055153	3.275824
8055171	5.967476
8055173	4.989081
8055183	7.075421
8055194	4.007151
8055198	1.904006
8055200	2.292996
8055202	5.547519
8055204	8.486041
8055206	1.977171
8055208	7.0958
8055214	4.125076
8055220	10.96772
8055222	3.436924
8055234	4.894463
8055236	2.96343
8055239	5.864419
8055247	6.186265
8055249	8.253269
8055261	8.168217
8055263	3.004987
8055265	5.401675
8055267	2.069996
8055269	1.906088
8055271	2.123591
8055273	1.900109
8055275	2.007677
8055277	2.10337
8055279	3.275076
8055281	5.898493
8055284	6.002972
8055287	7.70069
8055291	6.773591
8055294	4.361171
8055297	4.226849
8055303	2.165151
8055305	2.821469
8055312	2.188361
8055314	5.515611
8055323	5.112123
8055348	5.213984
8055350	5.964185
8055361	2.683386
8055377	4.485826
8055402	2.740465
8055404	6.209251
8055406	3.655536
8055424	2.485354
8055426	5.083579
8055445	9.670778
8055465	6.550035
8055474	3.651621
8055476	11.50355
8055478	4.53601
8055484	1.841679
8055486	6.374494
8055488	2.057935
8055490	2.287018
8055492	3.274557
8055494	3.949069
8055496	4.114576
8055590	2.086835
8055592	4.263452
8055594	2.161992
8055596	3.414114
8055598	2.066487
8055600	1.731621
8055602	1.758735
8055604	2.793651
8055606	6.75994
8055624	4.672832
8055639	4.18012
8055641	4.503155
8055643	2.903662
8055645	7.271521
8055664	4.589129
8055668	4.2203
8055672	9.555527
8055680	2.472267
8055682	3.305021
8055688	9.563898
8055697	5.289294
8055702	6.418684
8055711	3.812987
8055862	8.154616
8055872	4.305303
8055890	8.536209
8055909	2.000276
8055911	3.444545
8055913	8.79259
8055941	5.311535
8055946	2.686595
8055948	2.072217
8055950	2.532871
8055952	5.873781
8055965	4.335618
8055969	3.169278
8055978	8.078507
8055980	5.774109
8055992	4.860728
8056005	7.050881
8056020	2.070863
8056022	2.82147
8056039	4.377179
8056041	7.32779
8056045	6.78982
8056047	7.128491
8056060	8.366257
8056100	6.072173
8056102	7.79709
8056113	9.423168
8056151	8.641236
8056184	9.942425
8056201	7.675753
8056206	7.279782
8056215	6.114724
8056217	7.654831
8056220	7.961644
8056222	5.573352
8056250	3.092839
8056257	3.099468
8056285	6.225075
8056303	3.306686
8056323	3.85474
8056327	2.996794
8056343	7.793612
8056359	5.014014
8056361	4.574692
8056363	3.812225
8056376	2.584017
8056408	9.56693
8056426	6.256391
8056457	3.066679
8056489	4.558879
8056491	4.014744
8056518	2.773651
8056545	10.97125
8056566	4.187873
8056568	4.421692
8056570	2.656997
8056572	2.377837
8056583	3.353202
8056611	4.232839
8056693	7.119835
8056710	2.474435
8056716	9.444054
8056726	2.825966
8056728	8.429832
8056730	4.300122
8056734	8.056681
8056753	5.708848
8056763	7.748323
8056766	7.795959
8056784	5.010623
8056790	3.946878
8056792	8.020894
8056794	3.285481
8056798	7.864652
8056810	4.983877
8056812	7.281659
8056821	6.24487
8056823	2.633915
8056825	6.208087
8056829	5.401077
8056837	4.8616
8056860	5.99623
8056877	5.218072
8056890	3.224743
8056909	8.707361
8056930	5.903083
8056943	9.008162
8056959	6.485913
8056963	4.654532
8056966	9.288548
8056968	4.779451
8056972	5.020703
8056975	2.376597
8056977	9.027344
8056983	4.475571
8056993	7.065104
8056995	6.42171
8056999	6.08614
8057004	3.196309
8057034	8.376453
8057045	4.229171
8057056	3.843242
8057377	3.009745
8057394	9.331021
8057416	5.158611
8057418	4.262616
8057439	5.482365
8057441	7.453689
8057463	4.386331
8057480	3.758098
8057486	2.98526
8057506	2.931457
8057517	10.41084
8057554	9.31049
8057557	2.042933
8057559	2.017329
8057563	2.170532
8057574	3.302054
8057576	2.256933
8057578	2.940671
8057599	4.454866
8057613	7.726013
8057615	3.47058
8057620	4.902162
8057677	9.296145
8057689	5.065542
8057700	7.976188
8057711	2.334919
8057713	2.459962
8057719	8.29814
8057732	6.041708
8057736	4.580383
8057742	4.569355
8057744	9.930378
8057771	4.909371
8057797	4.244498
8057803	2.767999
8057817	4.27747
8057819	2.042845
8057821	4.414127
8057887	9.54129
8057898	7.329122
8057929	4.004197
8057931	6.320902
8057933	8.172001
8057954	4.210825
8057959	7.146282
8057990	5.863735
8058024	10.30398
8058052	9.567511
8058063	3.613671
8058075	3.049803
8058091	6.01272
8058104	1.78017
8058106	4.242655
8058108	6.122382
8058118	7.205978
8058127	9.334455
8058145	5.31425
8058147	7.617449
8058159	3.42837
8058161	8.213994
8058182	8.220302
8058195	2.019833
8058197	3.516481
8058199	1.892411
8058201	3.345785
8058203	4.055285
8058221	8.552207
8058238	2.591166
8058256	2.54808
8058258	5.703459
8058273	4.332497
8058295	6.305288
8058333	8.706969
8058335	8.260535
8058340	8.919736
8058342	5.779267
8058344	4.322488
8058346	1.923448
8058348	2.406512
8058350	4.403842
8058373	7.412333
8058386	3.285195
8058388	2.921905
8058390	7.374289
8058411	3.582435
8058415	7.976529
8058428	9.354396
8058450	3.247052
8058456	3.268489
8058458	10.40788
8058460	2.002676
8058462	3.381876
8058477	7.423319
8058486	5.650886
8058496	4.803023
8058498	6.26855
8058509	6.597365
8058512	7.558626
8058514	5.25234
8058516	7.957427
8058518	3.955368
8058520	4.122844
8058524	5.120332
8058530	3.488142
8058535	3.952331
8058542	2.960191
8058552	12.22746
8058566	2.277451
8058568	3.043543
8058570	7.032583
8058591	5.122497
8058604	3.479864
8058614	8.288019
8058627	7.10396
8058658	2.52698
8058660	2.636348
8058662	3.305673
8058664	6.419184
8058666	2.536574
8058668	3.70111
8058670	9.332647
8058693	3.128756
8058695	6.705931
8058708	4.74123
8058765	4.78532
8058824	7.587101
8058837	4.577891
8058849	5.500362
8058855	5.874921
8058857	10.20409
8058866	4.131023
8058869	6.272423
8058905	5.000464
8058912	3.243524
8058914	8.881478
8058927	11.37115
8058940	6.821142
8058971	2.553866
8058973	6.120537
8058985	6.613503
8058997	5.160929
8059012	3.503325
8059014	5.501694
8059019	5.844788
8059026	6.570128
8059028	5.084405
8059067	5.0606
8059071	6.879497
8059081	5.476201
8059097	7.116005
8059111	6.339208
8059139	7.194258
8059158	5.624723
8059177	7.845147
8059186	4.771383
8059211	2.500423
8059213	4.442216
8059222	7.803597
8059244	6.942647
8059249	5.615601
8059277	6.119085
8059279	6.982653
8059301	4.137132
8059319	8.291262
8059339	6.149079
8059341	4.309182
8059343	2.854059
8059345	4.049326
8059350	8.187231
8059361	8.870775
8059376	4.519503
8059387	5.150904
8059393	9.168965
8059413	5.1003
8059470	5.881682
8059475	4.656094
8059477	5.467094
8059525	2.725991
8059532	4.785408
8059538	4.05398
8059549	2.50532
8059551	3.642683
8059565	3.823103
8059576	11.19365
8059578	4.055591
8059580	5.12977
8059596	9.959291
8059642	6.368612
8059648	6.593045
8059650	6.333327
8059672	8.601086
8059674	4.624695
8059680	3.405762
8059687	5.17521
8059689	10.32761
8059708	6.737829
8059710	3.980855
8059712	5.018987
8059716	4.386209
8059720	5.351954
8059729	3.338362
8059731	7.148129
8059739	6.925934
8059744	5.89333
8059748	5.615414
8059770	6.276815
8059776	3.271565
8059783	5.266777
8059799	2.432944
8059801	8.222134
8059832	4.667561
8059838	5.035755
8059852	6.412162
8059854	7.013182
8059862	2.059035
8059864	6.562955
8059868	4.678651
8059876	3.051044
8059878	4.088062
8059900	4.651909
8059902	4.473417
8059905	4.224046
8059949	4.313912
8059951	4.6884
8059953	4.510064
8059955	6.431967
8059965	3.61415
8059969	6.108065
8059985	4.871963
8059989	6.089887
8059996	7.639676
8060020	4.580853
8060030	6.25395
8060061	5.527316
8060063	8.182306
8060080	3.383122
8060082	4.68726
8060084	2.954252
8060086	6.033407
8060094	6.906135
8060101	5.948477
8060103	6.307856
8060126	6.538561
8060134	5.077662
8060187	6.166358
8060196	6.642812
8060205	5.785902
8060225	10.55928
8060255	2.198759
8060257	7.923024
8060274	6.751591
8060286	5.095711
8060294	6.046493
8060303	2.955794
8060308	3.993217
8060314	2.497252
8060320	2.940401
8060325	5.875509
8060330	6.378885
8060334	6.353694
8060339	5.723259
8060344	6.468277
8060353	7.476904
8060368	1.987942
8060370	7.811145
8060379	8.87327
8060395	2.572833
8060400	4.519688
8060416	3.96981
8060418	6.205206
8060427	8.106602
8060432	4.810059
8060447	5.074014
8060461	3.143691
8060484	6.876934
8060501	5.763208
8060503	8.844124
8060505	6.264691
8060526	4.711145
8060528	5.03787
8060533	6.002664
8060539	7.289686
8060594	5.686114
8060599	7.372064
8060604	6.044608
8060611	7.481859
8060625	2.30866
8060627	8.189035
8060660	5.669014
8060675	5.103345
8060698	6.817301
8060705	7.748744
8060722	7.770928
8060734	4.889297
8060736	7.939159
8060738	8.814349
8060741	4.400409
8060745	5.58266
8060758	8.032704
8060765	4.729907
8060772	8.302301
8060790	3.975549
8060792	4.781698
8060796	6.412092
8060803	5.745384
8060805	4.17916
8060813	5.919539
8060835	2.135198
8060839	7.812727
8060850	6.228836
8060854	8.605192
8060893	5.171865
8060895	7.704743
8060897	5.282
8060940	3.974633
8060947	3.814836
8060949	6.128373
8060963	4.383788
8060977	7.19544
8060988	8.156379
8060997	8.072911
8061013	4.128264
8061019	5.521428
8061035	5.607809
8061064	4.551837
8061066	2.296458
8061073	6.325909
8061075	8.075342
8061082	3.604749
8061092	2.859624
8061094	4.104356
8061112	4.043758
8061114	8.702615
8061122	4.207412
8061127	1.691875
8061129	7.008544
8061136	12.39374
8061138	7.109071
8061154	6.129512
8061165	5.776941
8061167	4.904369
8061169	4.456704
8061171	5.565452
8061184	4.823551
8061186	8.810428
8061211	6.963383
8061222	6.038272
8061224	2.616512
8061227	7.135144
8061247	8.506549
8061262	7.240137
8061272	3.283713
8061303	6.158967
8061305	6.2206
8061324	8.604918
8061357	5.020296
8061364	11.96243
8061366	5.110185
8061368	6.760049
8061373	5.969039
8061382	3.360288
8061389	3.565981
8061396	2.604321
8061402	4.581436
8061404	4.722323
8061406	5.13229
8061414	7.122723
8061416	6.376727
8061426	3.662659
8061428	8.106971
8061445	5.650345
8061447	8.453383
8061471	4.115964
8061481	4.369415
8061483	6.179509
8061490	4.958398
8061497	7.110672
8061504	4.174698
8061507	3.815546
8061509	4.165104
8061517	2.100599
8061519	3.816164
8061529	5.216599
8061542	8.685374
8061562	5.944794
8061564	9.469899
8061572	5.278573
8061579	4.381432
8061605	4.399159
8061620	4.784298
8061645	4.595694
8061647	6.186585
8061653	5.855662
8061666	4.925533
8061668	5.391911
8061685	8.788046
8061706	7.625296
8061715	7.268876
8061725	7.127396
8061742	4.713894
8061746	4.911366
8061772	9.700125
8061780	5.213721
8061799	4.43734
8061815	5.08575
8061831	4.468158
8061847	4.21748
8061859	3.708117
8061869	4.246095
8061883	4.436086
8061894	9.853596
8061912	4.658002
8061916	3.179672
8061919	6.786315
8061940	7.250299
8061944	6.548569
8061946	6.043581
8061958	9.299957
8061966	9.268891
8061982	5.038033
8061986	9.576307
8062016	7.455221
8062023	5.801553
8062034	6.844125
8062041	8.013595
8062064	5.494478
8062108	5.425006
8062117	2.967404
8062119	5.551703
8062123	5.025494
8062134	3.97015
8062137	6.13647
8062174	10.15675
8062190	5.496959
8062206	6.440564
8062211	7.648494
8062213	6.893892
8062235	3.035562
8062237	3.42893
8062251	7.758381
8062284	9.274423
8062286	7.212423
8062293	7.179476
8062312	6.643359
8062319	7.051057
8062326	7.768235
8062337	7.229073
8062339	5.889167
8062347	4.903768
8062349	10.01779
8062371	7.791362
8062377	7.171586
8062395	4.930772
8062404	5.021689
8062409	7.503756
8062427	6.697234
8062433	8.43071
8062444	3.672351
8062461	4.321449
8062478	3.444055
8062480	6.186543
8062490	6.995746
8062492	9.352279
8062527	5.274896
8062532	6.740785
8062539	4.84756
8062545	6.867295
8062555	4.407769
8062557	5.874524
8062569	6.218467
8062571	7.010168
8062576	6.460123
8062599	4.776022
8062601	3.007651
8062603	9.097233
8062623	6.51483
8062658	6.23929
8062681	6.001146
8062687	5.61272
8062689	3.063474
8062691	1.922953
8062693	2.540748
8062695	9.721247
8062705	5.812441
8062728	7.14753
8062748	6.811978
8062766	5.364294
8062782	5.040804
8062794	4.239917
8062796	5.11157
8062813	5.169628
8062821	2.116536
8062823	6.120151
8062842	5.299586
8062844	6.893637
8062852	5.56587
8062862	2.676443
8062864	6.504132
8062873	7.016499
8062880	11.33806
8062890	6.408735
8062908	9.097282
8062927	7.349193
8062933	3.114264
8062944	3.068422
8062948	5.506049
8062962	4.243443
8062964	8.042785
8062971	7.523025
8062981	8.838343
8063000	7.728003
8063011	3.814483
8063014	5.741237
8063019	3.245052
8063024	2.487032
8063026	3.483684
8063028	7.119729
8063043	5.484262
8063057	6.526704
8063071	4.944013
8063074	6.396539
8063078	9.817872
8063097	6.820861
8063115	5.496611
8063129	3.993472
8063156	6.814498
8063171	3.235467
8063174	4.446621
8063177	7.94266
8063187	7.857455
8063209	3.986113
8063211	9.21884
8063240	4.077937
8063242	8.886503
8063283	8.894495
8063313	6.37822
8063315	7.32398
8063337	8.147909
8063345	7.698525
8063347	5.851985
8063349	3.022632
8063351	7.976428
8063369	8.967273
8063380	4.220814
8063382	4.575115
8063386	7.448457
8063389	5.238181
8063394	8.684594
8063408	3.932561
8063410	10.34263
8063417	7.234079
8063427	6.120751
8063433	2.869026
8063437	4.985806
8063442	4.51468
8063444	4.310684
8063447	2.330341
8063449	6.854326
8063453	4.284777
8063458	3.706556
8063473	12.09874
8063476	5.179921
8063478	6.971056
8063484	6.936857
8063497	4.703461
8063509	8.027372
8063522	4.085866
8063524	4.700279
8063526	5.096787
8063531	5.367094
8063534	2.145591
8063536	7.542702
8063545	2.959901
8063547	5.035413
8063549	5.781059
8063551	2.35277
8063566	7.806388
8063583	5.916346
8063590	4.601972
8063601	5.141177
8063607	9.002578
8063620	7.916925
8063634	5.958494
8063636	8.773411
8063650	6.406127
8063668	8.746718
8063697	8.610851
8063716	3.390799
8063723	5.082054
8063729	4.997995
8063739	5.008638
8063755	5.433968
8063761	8.406359
8063785	4.675775
8063793	4.573186
8063796	5.359261
8063814	6.47129
8063835	6.10333
8063839	6.170355
8063857	7.160396
8063869	4.839198
8063873	8.739678
8063893	8.141513
8063903	7.282236
8063914	6.594597
8063921	2.402064
8063923	6.060376
8063942	4.801542
8063949	7.141709
8063955	8.138427
8063970	7.059656
8064003	5.155532
8064007	8.668927
8064014	6.07428
8064029	4.139266
8064031	6.026301
8064042	6.911168
8064059	6.314661
8064098	4.531672
8064100	9.36278
8064108	5.804365
8064111	5.928048
8064156	7.729427
8064168	6.916147
8064175	6.280883
8064188	7.436612
8064191	7.613285
8064203	5.579292
8064208	8.258158
8064216	5.013736
8064218	7.934438
8064242	5.945683
8064245	6.123714
8064261	5.217523
8064277	4.657491
8064302	8.036823
8064319	2.576691
8064322	4.576463
8064336	9.181783
8064351	10.05111
8064370	7.330404
8064375	7.246265
8064382	5.940259
8064384	5.761515
8064388	8.101148
8064394	7.490757
8064396	4.621557
8064407	5.985698
8064415	4.758367
8064418	8.010882
8064430	6.099204
8064432	6.59121
8064438	9.145107
8064451	4.902113
8064462	2.602802
8064464	4.042402
8064471	4.832314
8064485	5.415017
8064495	3.744251
8064500	1.937717
8064502	7.83777
8064514	5.009487
8064522	8.502055
8064539	3.915573
8064557	6.580423
8064575	5.494377
8064581	7.024868
8064591	6.732993
8064601	8.249008
8064613	7.848001
8064637	7.644398
8064676	7.077848
8064686	6.422272
8064716	5.81921
8064739	5.922688
8064751	5.743802
8064762	6.847843
8064766	7.498546
8064779	5.794298
8064787	3.912893
8064790	5.349627
8064808	7.807468
8064831	6.773681
8064833	9.541271
8064842	5.641005
8064844	7.674603
8064857	9.599805
8064859	3.957382
8064864	2.26763
8064866	5.640097
8064868	8.37928
8064879	6.83261
8064894	4.985791
8064900	4.342197
8064904	6.091565
8064926	4.067871
8064928	2.422213
8064939	8.303477
8064952	4.113911
8064967	6.434222
8064976	6.611057
8064978	8.341416
8065009	3.216243
8065011	3.528894
8065013	5.772071
8065018	6.96105
8065032	6.72167
8065045	3.398917
8065067	2.112213
8065069	4.839068
8065071	7.342516
8065080	2.651542
8065082	4.919734
8065084	5.03287
8065089	7.188799
8065120	5.434296
8065122	5.633383
8065124	3.319629
8065134	3.04293
8065136	8.519577
8065163	1.831708
8065165	7.908996
8065185	7.211042
8065194	4.824773
8065200	3.310682
8065202	5.562241
8065230	6.055569
8065240	2.307291
8065242	3.147644
8065244	2.731012
8065248	4.184455
8065252	4.58068
8065254	12.33986
8065256	7.393991
8065278	4.667544
8065280	9.99068
8065321	2.167116
8065323	3.26276
8065325	9.577408
8065327	7.178654
8065330	6.457555
8065332	2.750637
8065334	4.260379
8065339	2.427443
8065344	5.584714
8065351	3.187438
8065353	6.285866
8065359	5.31281
8065363	4.408987
8065370	4.710324
8065372	7.087301
8065386	4.572669
8065388	3.962074
8065392	1.780671
8065396	4.152245
8065400	3.911551
8065403	10.36407
8065410	6.690585
8065412	4.366845
8065416	5.802896
8065421	5.313062
8065427	4.582591
8065433	8.785238
8065444	7.906926
8065460	4.764747
8065469	9.239441
8065485	6.035327
8065510	6.438981
8065515	3.945872
8065517	6.739462
8065527	5.37487
8065537	5.458096
8065541	5.655517
8065547	2.43849
8065550	6.618612
8065552	3.444081
8065555	3.066375
8065563	2.982676
8065566	6.413552
8065569	9.436497
8065576	5.80914
8065580	5.236555
8065596	6.34419
8065603	6.51187
8065607	6.986375
8065612	7.058196
8065630	3.419685
8065633	6.261587
8065637	8.42198
8065652	3.840526
8065668	7.131141
8065683	6.473134
8065693	6.882477
8065710	6.191893
8065719	7.448934
8065730	7.728403
8065738	7.655156
8065752	2.343129
8065756	6.168694
8065758	4.921648
8065762	8.482562
8065776	7.734186
8065795	4.710917
8065798	7.013883
8065817	7.877436
8065832	8.541504
8065853	3.015705
8065855	6.863209
8065868	9.702133
8065880	5.770927
8065889	7.173187
8065905	4.154713
8065911	4.834721
8065920	8.623975
8065948	9.626954
8065963	8.92091
8065990	4.483217
8065992	7.754809
8066009	10.4079
8066025	3.28881
8066027	2.393569
8066029	2.176898
8066031	5.590106
8066038	4.845905
8066051	7.260795
8066072	4.305713
8066074	6.285946
8066091	5.833965
8066117	9.846024
8066136	6.17928
8066161	4.247049
8066189	4.884356
8066195	9.531507
8066198	5.678182
8066200	7.049045
8066210	1.700357
8066212	4.581124
8066214	7.206612
8066231	5.291111
8066247	6.752837
8066254	5.854716
8066256	7.894316
8066258	6.109854
8066260	7.272173
8066262	8.27738
8066266	6.842243
8066273	3.497667
8066275	3.931024
8066279	6.12405
8066294	4.572169
8066303	8.244694
8066343	2.669732
8066345	2.811435
8066347	4.748368
8066382	1.948183
8066384	2.918329
8066391	5.818342
8066393	5.752575
8066402	7.121309
8066407	7.007995
8066411	3.811766
8066417	10.74601
8066431	5.009407
8066444	4.575841
8066451	5.972643
8066461	8.614906
8066475	4.659953
8066482	4.931929
8066489	5.438737
8066493	11.72368
8066498	5.377398
8066513	11.17681
8066521	3.996654
8066530	2.835131
8066536	4.561524
8066542	3.128958
8066549	2.991873
8066557	3.897452
8066559	3.386901
8066567	10.94764
8066569	2.769424
8066574	4.507396
8066579	4.852844
8066590	5.194682
8066598	7.041146
8066609	5.396773
8066612	6.005421
8066619	5.7482
8066637	6.182379
8066641	6.799225
8066668	8.539505
8066683	5.620768
8066697	8.036791
8066716	7.723634
8066739	4.188622
8066745	6.471218
8066754	5.214614
8066757	5.704602
8066776	6.873694
8066786	7.975901
8066818	1.708361
8066820	4.773627
8066822	6.771964
8066848	5.38184
8066889	8.65556
8066905	8.3519
8066921	5.031436
8066925	4.182185
8066939	9.714231
8066953	6.071773
8066960	3.515267
8066962	5.038073
8066964	7.262094
8066981	5.404753
8066983	6.615411
8066985	5.390885
8067007	10.14666
8067011	9.004773
8067017	8.753371
8067029	7.05384
8067033	6.572001
8067040	6.309657
8067055	9.335588
8067087	6.05593
8067094	6.6325
8067111	3.651733
8067113	8.812659
8067121	5.333128
8067125	10.20078
8067140	4.08575
8067155	3.43409
8067157	2.926721
8067165	3.450373
8067167	5.029394
8067178	4.497447
8067183	6.123334
8067185	4.169345
8067197	2.082336
8067199	2.366593
8067201	2.585918
8067203	4.828339
8067206	7.858323
8067208	4.790732
8067221	5.763535
8067233	5.451932
8067242	5.72346
8067248	5.704426
8067270	6.0223
8067277	5.804434
8067279	8.58493
8067288	7.772569
8067295	9.015944
8067303	6.634907
8067305	4.670806
8067351	7.787972
8067358	4.019293
8067361	7.041807
8067380	4.101075
8067382	8.242863
8067394	5.237154
8067409	7.539037
8067495	6.213506
8067506	6.645515
8067521	7.03853
8067530	6.404996
8067543	5.770708
8067546	5.768267
8067551	6.747041
8067554	6.151039
8067563	8.196424
8067585	6.163174
8067588	4.866488
8067593	8.43714
8067602	5.600445
8067610	4.893405
8067626	5.225306
8067652	6.339681
8067662	8.359366
8067671	6.141353
8067680	6.876726
8067709	6.762773
8067722	6.115135
8067727	6.847505
8067743	5.999568
8067754	6.401315
8067756	5.931544
8067773	6.119376
8067792	6.742939
8067798	6.026657
8067802	7.315521
8067812	7.030012
8067818	4.66976
8067820	7.682142
8067822	3.814036
8067825	3.226745
8067834	2.057029
8067836	2.31435
8067839	3.557294
8067842	2.599162
8067844	2.994876
8067858	2.941457
8067860	3.154253
8067864	5.964863
8067867	6.85219
8067869	3.891485
8067877	2.983159
8067899	2.715938
8067901	2.674219
8067903	8.62328
8067932	4.489509
8067942	5.048707
8067944	3.099597
8067946	3.076627
8067948	3.349818
8067950	2.387309
8067955	10.87555
8067963	7.623499
8067965	2.870355
8067969	4.729318
8067978	11.77389
8067981	3.591974
8067983	3.927314
8067985	3.259423
8068006	2.594696
8068014	2.063285
8068020	3.13147
8068022	3.593189
8068024	3.721529
8068039	6.708693
8068044	2.238465
8068046	4.678126
8068052	2.558756
8068057	2.884688
8068062	8.069955
8068083	5.978296
8068100	3.004284
8068105	7.527164
8068120	4.014977
8068126	3.420571
8068130	2.58338
8068136	5.421404
8068139	2.980282
8068145	5.902416
8068151	5.464671
8068154	4.579643
8068157	4.32081
8068161	4.420439
8068164	2.523601
8068168	9.460628
8068180	5.558038
8068192	4.824995
8068200	6.359063
8068202	7.965971
8068214	2.521684
8068216	2.274915
8068218	3.810382
8068220	4.221057
8068231	4.888937
8068235	6.255594
8068238	8.29305
8068254	10.29057
8068266	9.610953
8068280	8.595417
8068289	9.259947
8068305	6.943147
8068350	5.286148
8068353	8.172147
8068361	9.133456
8068363	4.350754
8068369	3.772286
8068375	7.134039
8068383	10.59566
8068391	2.33812
8068393	2.26224
8068395	2.020215
8068397	5.746098
8068399	2.327193
8068401	7.611873
8068410	8.445709
8068413	5.73991
8068422	7.834902
8068460	8.818262
8068478	4.846261
8068494	3.937709
8068496	5.171379
8068510	6.495208
8068512	5.791677
8068520	2.284507
8068522	8.702883
8068543	4.150586
8068551	8.545345
8068570	2.116205
8068578	4.524918
8068583	7.577573
8068593	7.981975
8068608	2.56441
8068610	2.158032
8068612	8.020581
8068620	4.078866
8068633	8.273993
8068644	6.576707
8068651	5.751232
8068660	2.453129
8068662	2.161831
8068664	4.243129
8068671	9.166121
8068684	8.74299
8068697	7.077435
8068713	8.424745
8068731	4.359887
8068735	3.542235
8068740	5.16378
8068761	6.084076
8068786	4.280038
8068788	4.724401
8068810	8.803482
8068833	7.005815
8068857	7.999408
8068866	6.316571
8068883	6.667406
8068891	4.843187
8068894	4.457908
8068898	8.126919
8068902	6.974517
8068919	8.364862
8068938	6.908175
8068952	8.252515
8068974	7.37991
8069003	6.829097
8069026	7.628371
8069037	6.265008
8069057	8.924453
8069083	6.330337
8069085	5.410838
8069122	5.569767
8069131	5.078782
8069133	1.935637
8069135	5.382384
8069142	7.488371
8069146	4.494647
8069148	6.356081
8069150	6.505724
8069153	5.987248
8069156	5.882926
8069161	6.200743
8069168	6.357983
8069174	6.000497
8069178	5.97084
8069200	4.59778
8069208	7.141992
8069252	4.773316
8069269	7.101884
8069301	7.096408
8069332	4.778008
8069340	5.994868
8069348	6.692503
8069399	6.472314
8069444	4.1178
8069446	5.813564
8069448	2.239536
8069450	7.972377
8069470	7.639504
8069472	2.323126
8069487	2.949103
8069494	3.846559
8069499	2.236065
8069503	6.364783
8069505	4.44849
8069508	5.280474
8069511	5.997672
8069517	5.113377
8069519	7.146949
8069521	2.314857
8069532	6.788979
8069541	4.571402
8069553	9.25845
8069559	2.038419
8069561	9.22885
8069563	2.356369
8069565	8.395557
8069574	6.489191
8069582	2.636812
8069608	1.839213
8069610	3.78793
8069612	3.122342
8069620	7.431824
8069633	6.320747
8069644	11.45086
8069666	6.232127
8069668	4.534132
8069676	5.261454
8069689	4.16859
8069700	7.934059
8069711	8.112605
8069744	6.618725
8069753	8.549754
8069764	4.058198
8069766	4.463459
8069768	2.623094
8069770	2.994353
8069790	3.49928
8069795	8.692394
8069800	3.946935
8069804	3.642424
8069808	3.165042
8069811	5.404234
8069813	2.931106
8069818	2.998076
8069822	4.329651
8069827	2.971106
8069831	4.033305
8069836	2.597073
8069838	5.038419
8069841	2.566932
8069845	3.857999
8069848	5.524209
8069852	5.703042
8069855	3.273423
8069859	2.414953
8069863	5.358002
8069868	3.85583
8069872	4.747579
8069876	3.277771
8069880	8.504106
8069910	7.805558
8069933	6.88681
8069943	8.124424
8069983	5.383372
8069985	6.72604
8069987	4.83889
8069991	4.129575
8069998	8.151174
8070010	6.845241
8070046	7.372584
8070073	3.999932
8070081	5.617925
8070083	8.548323
8070097	4.38774
8070102	8.267185
8070129	6.115797
8070141	7.412605
8070160	8.757881
8070169	6.874987
8070171	4.589846
8070173	4.790574
8070182	6.734581
8070194	7.950459
8070213	2.41636
8070215	6.980595
8070231	3.89931
8070233	4.046488
8070239	8.054099
8070255	4.48922
8070257	6.487742
8070269	7.978091
8070279	3.215773
8070286	4.618381
8070295	4.392232
8070297	3.73048
8070315	3.800043
8070321	4.611848
8070328	4.029047
8070330	7.57872
8070341	8.390813
8070386	4.277542
8070389	7.622349
8070396	3.517018
8070398	4.177277
8070411	8.219277
8070421	4.258423
8070458	4.570856
8070467	10.46303
8070482	4.976269
8070489	8.395249
8070503	6.104833
8070538	8.6875
8070557	6.918815
8070563	4.178019
8070567	5.854443
8070574	5.335209
8070579	8.003452
8070584	7.290534
8070601	2.337921
8070603	5.680292
8070615	6.981094
8070629	4.661609
8070632	5.931372
8070655	8.947371
8070665	6.773652
8070681	5.344673
8070689	4.728541
8070701	11.41509
8070708	5.00432
8070712	4.204154
8070714	2.382207
8070716	4.557609
8070720	6.016437
8070730	4.49709
8070744	6.022834
8070755	1.76873
8070757	5.692537
8070771	6.627014
8070777	6.471011
8070780	5.673363
8070782	6.06252
8070786	6.506439
8070789	6.831117
8070791	6.531772
8070795	5.225915
8070799	8.057902
8070811	8.769641
8070819	10.6894
8070826	6.007652
8070847	5.35604
8070853	5.928324
8070863	4.630291
8070867	5.963462
8070876	6.333305
8070891	5.494949
8070896	5.73527
8070900	4.889508
8070905	4.710166
8070912	5.963587
8070925	5.905271
8070933	6.402607
8070953	6.473085
8070961	7.12398
8070988	7.702633
8071020	5.000273
8071036	3.564725
8071042	4.742935
8071044	7.554301
8071049	5.653644
8071051	7.590726
8071058	2.16543
8071061	4.893783
8071063	4.371459
8071069	7.116247
8071084	5.889815
8071086	4.652718
8071107	5.083158
8071119	7.86413
8071134	4.701564
8071136	7.278025
8071147	5.697838
8071155	6.272599
8071161	3.690579
8071168	5.644143
8071170	5.596407
8071179	6.887834
8071185	5.384812
8071194	3.869842
8071196	4.437862
8071202	2.326244
8071204	2.797369
8071206	5.031177
8071212	4.096306
8071234	6.493679
8071259	6.030596
8071268	6.166605
8071272	7.505887
8071274	8.530352
8071276	5.963677
8071289	9.034559
8071301	6.560857
8071312	6.766848
8071314	7.414065
8071332	7.959132
8071339	5.91078
8071355	5.915807
8071357	4.770826
8071361	3.453857
8071368	7.200663
8071371	4.270504
8071373	3.009802
8071375	3.479047
8071382	6.49462
8071390	2.635508
8071392	7.970937
8071411	5.128124
8071414	4.88864
8071420	3.718302
8071426	7.609201
8071434	8.508348
8071442	2.101734
8071444	5.154543
8071466	6.981942
8071489	5.07815
8071504	4.224001
8071516	6.089756
8071523	3.541364
8071530	5.380615
8071532	4.437857
8071536	6.962435
8071541	7.620182
8071543	4.270504
8071545	3.009802
8071547	7.514997
8071554	5.591306
8071559	7.128395
8071564	4.972937
8071566	7.809215
8071593	7.654601
8071595	5.248643
8071597	5.329757
8071642	4.953671
8071646	3.961915
8071649	9.560677
8071655	7.627751
8071658	4.644334
8071662	6.025873
8071671	5.253279
8071676	5.850045
8071691	7.219524
8071713	6.716105
8071715	5.902452
8071717	5.010345
8071737	9.487495
8071745	5.019558
8071758	5.596863
8071768	7.753863
8071783	5.808064
8071801	3.170039
8071804	7.09822
8071806	8.075726
8071809	5.205512
8071817	3.204255
8071819	5.622129
8071823	7.224732
8071861	7.253325
8071877	6.741449
8071881	8.665023
8071899	6.005507
8071907	4.780511
8071920	8.927941
8071927	6.41631
8071951	6.199826
8071953	6.190641
8071981	8.149016
8071989	6.889166
8071997	6.413473
8072004	6.99497
8072007	4.647994
8072009	7.129946
8072015	8.187476
8072039	5.217275
8072088	4.263518
8072108	4.896103
8072113	7.167147
8072122	7.834866
8072124	5.55338
8072131	2.014556
8072133	5.307717
8072139	2.015992
8072141	3.352023
8072143	6.376115
8072153	8.284542
8072160	5.501078
8072170	6.189041
8072187	1.877482
8072189	6.790293
8072206	9.853797
8072216	6.588242
8072226	2.824178
8072229	4.258646
8072242	8.038244
8072266	5.194446
8072272	5.812441
8072274	9.088828
8072279	9.136408
8072302	7.493704
8072304	2.890005
8072314	4.64344
8072316	5.964137
8072328	4.91419
8072344	4.532916
8072346	5.389597
8072353	5.176189
8072355	3.968094
8072358	4.8999
8072360	5.214769
8072374	5.712159
8072382	5.888141
8072400	3.35395
8072407	9.539513
8072411	5.198954
8072413	5.772708
8072436	5.853837
8072454	7.313791
8072461	7.840891
8072482	4.032135
8072484	5.230244
8072486	5.01298
8072488	7.69591
8072494	7.034614
8072529	6.70441
8072573	3.660323
8072575	2.64324
8072577	7.272325
8072582	5.370498
8072584	5.280362
8072587	5.975786
8072603	4.386565
8072605	2.717561
8072610	9.282527
8072626	5.988537
8072636	4.290499
8072645	8.022325
8072659	7.486173
8072678	7.029255
8072687	6.865099
8072705	5.268988
8072710	8.730452
8072721	4.279381
8072727	1.79774
8072729	5.696095
8072731	1.896689
8072733	2.025765
8072735	10.2587
8072744	5.684314
8072757	6.454703
8072775	2.09625
8072777	6.752524
8072784	6.469463
8072796	5.869512
8072798	5.66993
8072817	7.571276
8072825	7.188363
8072847	6.170206
8072870	7.389596
8072876	7.025483
8072883	7.122814
8072894	7.031358
8072924	3.78979
8072926	8.83109
8072931	5.96631
8072941	6.519317
8072946	10.64107
8072960	2.739584
8072962	6.841624
8072979	7.547235
8072989	7.002512
8073007	6.199347
8073013	8.104421
8073015	6.66126
8073022	6.658884
8073032	6.523571
8073039	7.761038
8073056	6.414381
8073062	6.508637
8073068	7.438407
8073072	7.404375
8073081	6.13668
8073088	5.128223
8073096	4.786191
8073104	6.922878
8073114	5.899064
8073129	8.113588
8073135	6.679296
8073148	8.095192
8073152	5.346426
8073192	9.736901
8073194	5.088307
8073207	6.253901
8073214	7.708586
8073242	7.194212
8073259	7.445697
8073293	5.599441
8073296	5.589837
8073309	6.498442
8073311	6.989183
8073328	3.72256
8073330	2.860855
8073332	2.333593
8073334	8.624431
8073341	2.987722
8073343	7.172449
8073345	8.061742
8073379	7.440435
8073397	8.214095
8073422	6.822726
8073430	8.848289
8073449	6.068398
8073457	9.836599
8073470	6.507014
8073474	4.517828
8073511	4.939421
8073513	6.634706
8073522	8.902845
8073544	2.811207
8073546	6.168335
8073548	4.356243
8073562	5.037615
8073573	6.743053
8073578	8.335605
8073582	4.690588
8073585	5.868205
8073596	5.246658
8073603	5.917972
8073605	6.407888
8073612	7.557022
8073623	6.471337
8073631	3.793685
8073633	3.946696
8073645	7.918205
8073662	5.523098
8073680	5.560454
8073682	5.291581
8073698	5.133846
8073705	6.977097
8073733	7.516253
8073743	9.970665
8073752	9.059402
8073766	3.880294
8073775	6.667821
8073799	9.071663
8073816	6.218581
8073822	5.461657
8073824	6.387299
8073826	6.360827
8073842	6.644474
8073858	4.253651
8073875	7.069207
8073890	5.960508
8073909	7.741249
8073924	5.144176
8073929	6.609786
8073939	5.696435
8073941	6.059759
8073943	6.879765
8073949	6.679001
8073960	7.893845
8073962	3.895326
8073992	6.0615
8074003	7.501544
8074020	6.833006
8074030	7.418492
8074057	5.360156
8074059	4.057802
8074061	9.126244
8074063	6.519238
8074070	6.769644
8074082	6.427857
8074106	6.030943
8074108	5.54636
8074131	5.456135
8074153	5.694309
8074157	7.779709
8074168	6.037436
8074170	4.007561
8074192	4.08303
8074194	3.597157
8074196	6.494929
8074201	2.988893
8074204	2.879456
8074210	2.622594
8074212	5.247839
8074223	5.658624
8074227	6.411335
8074237	6.411244
8074249	2.905652
8074251	7.780032
8074261	7.870266
8074274	5.858795
8074286	6.336617
8074307	6.129403
8074309	3.391995
8074316	6.069044
8074330	4.134959
8074335	5.021021
8074349	8.550662
8074364	4.804496
8074371	6.262974
8074384	6.698489
8074388	8.017339
8074399	5.084258
8074432	7.416507
8074458	7.103302
8074464	7.853742
8074473	6.417031
8074481	5.983985
8074498	6.543849
8074522	6.54504
8074541	6.813965
8074556	2.263857
8074558	6.21625
8074565	6.857631
8074569	5.272694
8074577	8.216919
8074591	3.45932
8074593	5.416553
8074597	3.582086
8074606	6.901203
8074615	4.412055
8074617	5.869117
8074632	6.501649
8074640	3.699664
8074642	6.033978
8074644	8.908304
8074647	8.522957
8074688	6.487505
8074695	5.433443
8074701	5.766327
8074712	5.380615
8074714	5.415515
8074716	6.031724
8074730	5.565577
8074734	4.295976
8074737	3.541364
8074744	3.009802
8074746	4.270504
8074748	8.398811
8074769	3.176321
8074771	5.38237
8074773	6.931399
8074780	4.405757
8074789	3.912954
8074791	9.659452
8074806	6.421875
8074817	6.759668
8074836	3.646901
8074842	6.769964
8074845	4.323105
8074853	3.274503
8074856	4.062246
8074867	5.489551
8074869	4.321517
8074878	7.336202
8074880	5.130205
8074884	2.675173
8074886	2.440306
8074888	5.922802
8074890	5.426001
8074892	5.86167
8074897	4.266702
8074909	6.933538
8074916	4.754128
8074925	10.13971
8074927	7.854551
8074931	6.539977
8074934	5.901264
8074939	6.969968
8074944	5.922091
8074956	3.643253
8074958	3.26384
8074962	5.205512
8074969	7.611849
8074972	3.808723
8074978	3.18129
8074980	8.155211
8074988	2.56759
8074991	6.285236
8075005	5.662662
8075009	7.981534
8075016	6.079438
8075024	5.429126
8075026	4.182414
8075049	5.161906
8075052	6.291473
8075059	3.295465
8075061	2.816974
8075063	7.124476
8075089	7.719618
8075106	7.002569
8075118	5.259125
8075126	5.077635
8075130	9.640554
8075142	4.182215
8075160	4.785749
8075164	3.55762
8075182	11.42504
8075190	5.198251
8075192	2.175614
8075198	2.284796
8075200	6.531201
8075211	5.992579
8075217	8.795835
8075239	7.002527
8075263	7.296337
8075276	6.529397
8075285	8.683436
8075306	5.91119
8075310	3.968771
8075316	5.550457
8075322	6.468942
8075332	7.95581
8075343	8.131104
8075363	3.927916
8075365	6.397449
8075375	3.72947
8075390	5.091157
8075401	5.407601
8075406	6.946963
8075423	6.053925
8075430	7.377495
8075458	6.151281
8075462	6.643996
8075468	5.429533
8075477	3.345261
8075479	3.079878
8075481	3.366703
8075483	8.945215
8075493	7.437591
8075505	2.574508
8075507	7.191381
8075529	6.915442
8075542	7.471454
8075550	4.630293
8075553	4.143219
8075555	4.105489
8075564	3.670516
8075569	3.665388
8075585	10.038
8075600	3.20979
8075616	5.211046
8075633	4.946733
8075635	4.04671
8075637	7.483633
8075657	6.30757
8075659	5.551105
8075668	5.215267
8075673	8.695605
8075691	12.02551
8075693	2.414105
8075695	6.330779
8075705	7.876618
8075707	2.147847
8075709	9.2367
8075720	7.102904
8075728	10.07154
8075778	7.014689
8075785	5.661184
8075798	9.887106
8075817	6.66075
8075820	3.519806
8075828	6.710914
8075838	4.640197
8075846	4.285846
8075850	4.172995
8075857	9.238998
8075863	5.365859
8075865	5.379456
8075886	4.963669
8075897	5.500428
8075906	6.373375
8075910	6.794987
8075918	5.069459
8075921	4.975231
8075924	4.865789
8075934	6.514334
8075956	4.562747
8075963	6.423141
8075969	5.16783
8075971	6.709817
8075981	4.530999
8075992	5.842904
8076002	6.406645
8076007	5.972496
8076025	5.30074
8076046	8.056599
8076056	7.886439
8076072	6.427017
8076077	11.03534
8076094	3.240969
8076113	5.096867
8076128	8.333529
8076137	8.223318
8076161	6.293086
8076169	6.600205
8076176	8.257605
8076185	7.015801
8076193	4.243938
8076195	5.487402
8076209	12.24427
8076219	5.712732
8076221	6.449705
8076223	7.659366
8076225	7.633418
8076231	3.106202
8076239	3.154194
8076241	7.439391
8076260	6.887603
8076272	10.06555
8076292	3.709478
8076298	8.240508
8076300	3.803552
8076302	6.488685
8076307	7.51663
8076327	4.474604
8076329	2.89659
8076331	7.62821
8076339	6.894977
8076344	7.733094
8076355	6.67763
8076365	7.007349
8076374	8.728249
8076382	3.277167
8076384	4.251108
8076387	6.600573
8076393	5.770025
8076403	8.329898
8076415	2.025167
8076417	8.005918
8076424	6.763189
8076431	5.610663
8076436	6.843904
8076441	5.538461
8076449	9.520765
8076455	8.610574
8076461	8.822945
8076463	4.035556
8076465	8.587314
8076481	8.463038
8076493	5.568518
8076497	6.843388
8076509	5.035744
8076511	12.24562
8076513	6.986603
8076515	7.930352
8076533	7.759925
8076547	6.501815
8076561	6.291286
8076563	7.738231
8076569	7.85738
8076584	6.410635
8076586	5.710579
8076612	4.338491
8076644	4.064772
8076655	4.306081
8076668	4.758168
8076673	6.324021
8076677	6.388235
8076690	8.018256
8076704	2.676241
8076732	7.234926
8076734	6.900822
8076739	5.465631
8076744	5.764574
8076747	7.623311
8076749	6.129972
8076754	4.102146
8076757	6.936357
8076792	5.254377
8076813	4.263299
8076815	5.122367
8076819	3.909816
8076826	5.014054
8076836	7.073111
8076851	8.144688
8076865	5.555176
8076882	4.284042
8076894	5.137691
8076909	6.550326
8076937	6.812926
8076962	5.537247
8076978	5.671878
8076998	9.93045
8077036	6.646115
8077042	7.346343
8077082	7.095325
8077099	6.0694
8077103	6.591739
8077116	5.738702
8077123	6.757173
8077160	6.870096
8077169	2.840922
8077171	7.743872
8077185	5.756436
8077192	5.018991
8077198	4.519956
8077204	5.277595
8077211	7.058077
8077226	6.102078
8077238	7.177121
8077250	6.751591
8077262	5.095711
8077270	4.276118
8077299	3.62578
8077323	3.275019
8077351	6.661893
8077353	6.346769
8077366	3.757394
8077370	6.323298
8077376	6.636556
8077441	8.517841
8077450	8.840678
8077458	7.837258
8077472	3.434618
8077490	5.993848
8077499	3.15781
8077503	4.649785
8077511	2.752615
8077513	8.41855
8077526	8.786727
8077528	9.370719
8077550	8.129584
8077572	4.263609
8077595	6.426795
8077612	7.240289
8077635	6.121062
8077652	9.063828
8077663	8.942747
8077668	5.730124
8077688	7.071285
8077712	6.810553
8077728	5.238171
8077731	5.3569
8077768	2.394291
8077770	8.474592
8077777	3.796866
8077779	6.670765
8077781	7.70363
8077786	6.601662
8077804	7.268561
8077815	5.837957
8077817	5.935728
8077833	4.402724
8077851	6.161897
8077858	8.165077
8077877	4.43966
8077879	5.5421
8077899	9.532383
8077914	7.229503
8077929	6.049618
8077931	8.327318
8077942	2.316794
8077944	5.66075
8077958	6.203476
8077970	5.783034
8077989	5.950429
8077993	8.312153
8078008	7.236841
8078012	3.401461
8078014	7.07903
8078033	6.688516
8078046	4.184875
8078066	4.466995
8078091	7.83602
8078110	8.462449
8078134	3.147745
8078136	6.241551
8078138	7.43523
8078147	7.255198
8078155	4.264302
8078173	7.168293
8078187	5.814838
8078196	3.303422
8078214	9.71284
8078225	4.322338
8078227	7.620185
8078248	10.51629
8078252	4.818928
8078260	5.738574
8078262	7.92037
8078270	11.61269
8078272	7.728561
8078284	3.656813
8078286	6.836482
8078300	6.089956
8078305	4.60283
8078310	3.237661
8078312	5.59672
8078319	3.203009
8078330	4.574598
8078350	8.874374
8078360	10.86486
8078378	5.650327
8078380	6.45035
8078382	3.386475
8078386	9.799343
8078395	6.981936
8078397	5.690643
8078405	7.09819
8078412	7.708772
8078435	6.317362
8078442	4.19441
8078450	7.501072
8078461	4.785984
8078479	9.554941
8078497	3.72002
8078527	3.701316
8078529	3.772119
8078542	4.345372
8078544	7.678317
8078565	2.262547
8078567	5.084147
8078569	8.416282
8078600	9.460957
8078605	4.9764
8078619	5.075326
8078650	8.159686
8078663	4.38633
8078665	8.943806
8078688	2.566363
8078690	5.134756
8078729	7.752941
8078738	9.091188
8078759	5.388019
8078772	4.831764
8078784	6.553956
8078805	5.957387
8078818	6.020536
8078832	4.160643
8078834	8.60219
8078857	5.060084
8078888	4.072548
8078896	2.772923
8078898	8.329818
8078905	10.46019
8078916	6.734235
8078918	6.913812
8078920	4.294493
8078933	4.531714
8078956	2.266469
8078960	3.873007
8078962	6.301392
8078971	8.222466
8078984	8.228882
8078991	6.06436
8078999	5.801319
8079005	6.733396
8079019	11.47205
8079021	10.43771
8079037	9.041225
8079060	7.949558
8079074	7.709933
8079079	8.1501
8079099	6.118419
8079107	5.191826
8079117	6.786483
8079124	6.470624
8079131	4.947145
8079138	5.353588
8079140	7.922727
8079149	7.361552
8079153	8.964277
8079163	4.294409
8079165	4.615337
8079167	7.300993
8079170	7.366451
8079187	3.912022
8079189	4.983109
8079198	2.437751
8079204	5.544205
8079217	7.095399
8079224	5.099647
8079229	6.177548
8079237	2.711876
8079274	6.52247
8079279	4.94218
8079294	7.143817
8079305	5.896105
8079311	7.454825
8079334	8.169351
8079346	9.071629
8079370	4.082444
8079375	2.161992
8079377	5.039807
8079383	3.492872
8079392	4.39781
8079401	4.397141
8079407	5.497524
8079415	3.089185
8079420	4.4629
8079422	2.202973
8079426	4.984295
8079433	5.047915
8079462	7.844223
8079517	6.831246
8079532	6.974184
8079561	3.092916
8079563	7.314207
8079590	5.644806
8079598	5.607723
8079613	2.522816
8079615	3.276892
8079628	4.460652
8079630	7.608549
8079637	6.204613
8079662	7.402519
8079677	7.610719
8079693	9.215812
8079707	7.853128
8079719	3.205024
8079731	2.820864
8079733	6.382211
8079740	3.741898
8079742	2.538305
8079744	2.071837
8079746	8.272053
8079753	8.06044
8079759	4.58109
8079772	8.297201
8079796	6.753075
8079839	4.898178
8079842	7.895468
8079867	5.882901
8079869	8.707346
8079896	7.497479
8079919	4.669797
8079931	4.593009
8079950	8.719128
8079964	6.925834
8079966	6.099353
8079988	6.073337
8079993	6.657777
8079999	2.84196
8080001	6.784026
8080013	7.419832
8080028	6.262918
8080082	4.124707
8080084	8.651243
8080093	7.06255
8080100	6.82715
8080121	7.041874
8080128	4.546579
8080138	2.274888
8080142	4.29802
8080144	6.72617
8080158	6.290235
8080162	6.389737
8080168	7.188392
8080184	9.637731
8080198	5.702218
8080212	6.500256
8080226	5.518836
8080306	5.239082
8080320	8.090322
8080344	5.48674
8080416	8.210226
8080419	9.483063
8080438	9.566822
8080445	4.823596
8080466	5.218319
8080487	9.506959
8080509	2.871119
8080511	4.994464
8080562	3.789344
8080578	3.981484
8080617	3.201997
8080619	5.931277
8080621	5.458283
8080640	3.491149
8080645	8.926192
8080674	2.967554
8080676	6.897705
8080683	2.976811
8080685	8.419591
8080714	10.72253
8080762	6.073254
8080773	7.836598
8080781	6.638926
8080804	6.013738
8080810	4.603787
8080847	6.686774
8080853	4.006628
8080855	3.163544
8080863	2.57042
8080868	3.472867
8080878	8.321859
8080894	2.973393
8080896	7.091848
8080911	3.798195
8080918	3.010524
8080923	8.930033
8080926	10.76733
8080936	5.768182
8080938	6.259318
8080956	2.653623
8080958	7.335654
8080960	4.769784
8080962	3.49162
8080964	2.816084
8080973	8.077131
8080980	5.461617
8080983	2.825196
8080987	3.861911
8080989	1.753845
8080991	11.43418
8080994	2.621486
8080998	6.84236
8081001	4.20737
8081028	6.081998
8081030	4.576302
8081032	3.209804
8081036	3.660936
8081051	2.017764
8081053	4.225439
8081055	8.968472
8081065	3.308579
8081067	6.144092
8081069	7.091316
8081073	7.128624
8081079	1.999621
8081081	3.203496
8081103	2.180983
8081105	4.468377
8081107	2.21454
8081109	2.0851
8081111	2.102227
8081113	2.310437
8081115	5.947619
8081128	8.091913
8081135	8.488918
8081138	2.882065
8081158	4.770431
8081171	8.120336
8081192	2.240175
8081194	2.430737
8081196	2.179966
8081198	2.587069
8081200	4.101558
8081202	2.932536
8081204	2.6036
8081206	2.464977
8081208	2.822316
8081210	2.075336
8081212	2.426268
8081214	4.501041
8081217	5.301548
8081219	4.300709
8081233	3.256735
8081235	3.780379
8081241	4.754467
8081254	4.574577
8081256	7.815377
8081277	8.182348
8081288	3.835923
8081298	2.807652
8081316	8.440481
8081331	2.391376
8081333	2.008231
8081335	4.284017
8081337	2.312814
8081339	3.153678
8081341	2.95945
8081343	6.296264
8081348	9.620202
8081354	2.843174
8081356	2.157957
8081358	6.382258
8081362	6.431716
8081375	4.883298
8081386	8.639935
8081405	4.337981
8081407	3.564867
8081427	4.306053
8081429	3.751034
8081431	10.83527
8081452	2.270998
8081454	4.004791
8081456	1.934131
8081458	2.133839
8081460	2.57733
8081462	2.986409
8081465	8.753509
8081488	3.148239
8081501	3.049592
8081503	6.165244
8081537	3.852292
8081546	4.164507
8081548	6.12937
8081564	6.056402
8081582	5.775527
8081590	4.297185
8081612	7.385545
8081620	4.129022
8081631	4.086975
8081645	8.056317
8081657	4.212712
8081667	9.011469
8081676	6.589981
8081686	4.163699
8081710	9.198853
8081740	9.433237
8081758	8.471608
8081779	6.758686
8081786	6.558771
8081799	3.980543
8081808	2.732912
8081810	4.918416
8081818	4.344186
8081820	5.042212
8081822	2.738273
8081826	11.30926
8081838	6.095392
8081853	6.827926
8081867	9.916713
8081878	7.620958
8081880	4.877144
8081890	5.15818
8081903	2.638971
8081925	4.010367
8081941	3.333126
8081943	1.84142
8081945	7.984444
8081951	1.885988
8081953	6.746052
8081959	3.092624
8081989	2.931128
8081995	4.724053
8081997	3.707259
8082003	6.527433
8082012	10.81974
8082035	3.851145
8082046	4.830948
8082058	6.426908
8082066	8.355779
8082075	8.577032
8082086	4.221984
8082100	9.173973
8082118	2.567056
8082120	9.191155
8082133	5.696672
8082153	7.209182
8082163	6.641648
8082165	5.354727
8082229	8.203484
8082236	2.759163
8082238	3.261404
8082240	2.485129
8082242	3.118668
8082244	8.045704
8082246	6.686519
8082248	7.884878
8082250	5.244911
8082252	3.945607
8082254	6.181477
8082261	3.895798
8082270	4.454359
8082289	5.607405
8082298	4.762327
8082305	6.47632
8082314	6.533407
8082347	4.656866
8082350	5.683578
8082368	6.203091
8082380	6.650456
8082400	4.150425
8082406	6.109824
8082408	10.11719
8082422	7.380993
8082431	10.19685
8082442	5.430022
8082444	8.182549
8082465	6.502836
8082473	5.348129
8082478	8.785103
8082504	8.89787
8082517	5.95911
8082523	6.378403
8082552	4.708222
8082560	6.303339
8082570	5.103626
8082572	2.307225
8082574	4.940299
8082583	3.882762
8082585	2.985911
8082597	3.763571
8082605	4.158156
8082607	9.175353
8082643	6.50633
8082663	7.231909
8082667	6.799324
8082673	7.692273
8082688	8.937449
8082745	2.852373
8082750	8.816993
8082767	3.393036
8082774	4.686554
8082786	1.907755
8082788	9.572398
8082797	4.55777
8082816	8.531466
8082827	6.55214
8082846	4.264977
8082869	5.956492
8082886	8.376148
8082905	4.304429
8082911	8.247226
8082916	4.9189
8082926	4.688101
8082928	4.510068
8082940	8.215746
8082965	4.752835
8082974	4.223217
8083000	6.349599
8083011	6.485868
8083025	4.888196
8083030	6.68223
8083032	12.84814
8083034	4.579895
8083053	4.145209
8083063	7.901791
8083071	5.452678
8083075	6.110683
8083090	9.473476
8083092	8.482945
8083094	7.806921
8083119	7.27236
8083129	3.52067
8083136	6.197118
8083142	3.164057
8083144	2.607948
8083146	9.376259
8083164	7.376499
8083166	3.423757
8083183	8.858456
8083214	6.551896
8083221	7.771247
8083223	8.336807
8083227	3.58533
8083229	3.120541
8083233	3.743937
8083240	4.001579
8083246	3.173575
8083260	3.221029
8083272	9.150006
8083282	8.278367
8083301	3.727678
8083310	8.211381
8083318	5.183025
8083320	2.564676
8083324	8.027535
8083333	7.962896
8083352	10.4099
8083360	4.253085
8083407	4.627001
8083409	2.717458
8083415	2.513038
8083422	2.708582
8083429	8.634648
8083445	6.202719
8083447	6.408534
8083453	4.116575
8083455	2.753948
8083457	7.290627
8083463	3.177383
8083467	2.038088
8083469	5.796492
8083471	6.474623
8083492	2.87147
8083494	5.986426
8083523	8.569033
8083538	3.457524
8083546	4.311102
8083569	9.066252
8083576	4.542462
8083592	2.581673
8083594	3.233383
8083599	3.545304
8083605	7.248246
8083616	5.273019
8083630	7.897249
8083652	8.294832
8083656	10.64115
8083673	3.650657
8083677	4.832353
8083690	3.808098
8083704	6.412662
8083707	4.841813
8083709	6.993313
8083737	3.304628
8083739	2.831249
8083743	4.396564
8083745	2.523352
8083747	2.259919
8083749	9.929918
8083757	9.700731
8083770	4.506441
8083775	4.070987
8083777	5.799612
8083779	4.751358
8083792	8.048847
8083794	7.167815
8083808	3.152484
8083814	3.016383
8083826	8.396534
8083839	9.012366
8083848	5.556934
8083850	6.661116
8083852	2.445513
8083854	9.671104
8083876	8.204256
8083887	6.649265
8083893	4.709776
8083895	2.782173
8083897	3.869279
8083901	9.148962
8083933	6.888577
8083935	4.434477
8083937	2.327391
8083939	2.5439
8083941	6.16957
8083968	6.180962
8083978	8.945757
8083994	2.989261
8083996	5.436953
8083998	3.746597
8084000	2.290668
8084002	3.78
8084012	5.263288
8084014	2.250507
8084016	7.629802
8084035	6.678131
8084045	8.418187
8084064	5.611496
8084067	7.669007
8084092	9.540123
8084100	4.425924
8084122	5.83045
8084124	1.928371
8084126	2.434649
8084128	7.694699
8084146	9.258711
8084165	7.80265
8084169	2.455072
8084171	2.707384
8084173	9.780276
8084206	7.4676
8084213	6.966615
8084215	5.177756
8084217	2.98543
8084219	8.223783
8084232	7.484614
8084266	4.719665
8084275	4.196299
8084284	4.011243
8084299	2.825494
8084303	7.78595
8084323	7.822287
8084345	9.824142
8084360	7.658582
8084382	5.012264
8084397	5.661983
8084423	7.809151
8084439	9.34802
8084478	4.976401
8084488	8.467189
8084496	5.772218
8084524	5.903536
8084541	7.593185
8084589	7.1745
8084605	4.506165
8084607	7.894552
8084627	3.586454
8084630	4.793105
8084634	8.881968
8084648	3.508285
8084657	4.113147
8084668	3.229612
8084679	4.104482
8084694	10.33845
8084704	7.234418
8084708	8.13493
8084710	4.604132
8084715	9.497038
8084717	8.97184
8084726	5.353883
8084732	6.997414
8084737	2.443931
8084739	7.047525
8084742	9.879761
8084755	3.643828
8084757	6.028582
8084766	5.353016
8084788	4.477295
8084794	6.62957
8084812	3.609001
8084814	2.821785
8084818	7.058189
8084832	4.614457
8084834	2.143013
8084838	4.745822
8084844	8.754047
8084878	6.15233
8084880	9.924875
8084887	4.527522
8084889	5.099984
8084891	5.647911
8084895	10.25532
8084904	10.9504
8084912	9.162709
8084917	5.373269
8084921	4.494031
8084923	5.548216
8084927	3.271172
8084929	5.683537
8084941	4.109648
8084943	3.278218
8084945	7.027542
8084947	6.780507
8084951	5.517719
8084955	6.827447
8084963	7.442173
8084971	8.111777
8084982	6.380693
8084986	8.471997
8085000	7.615551
8085024	4.394274
8085026	11.65398
8085033	6.222309
8085052	3.626856
8085054	6.821976
8085056	3.320539
8085058	4.854198
8085062	3.088995
8085081	8.501727
8085094	7.819152
8085112	3.972293
8085114	3.781111
8085116	5.08615
8085118	5.704524
8085120	4.958385
8085122	5.449454
8085138	4.45289
8085145	6.621902
8085164	7.558558
8085193	6.323794
8085195	6.476872
8085206	5.392221
8085220	6.967863
8085233	7.014537
8085244	4.832104
8085253	4.826294
8085255	5.139706
8085263	8.749128
8085272	5.707895
8085276	5.679626
8085283	4.858797
8085287	3.477947
8085293	5.420302
8085300	7.906961
8085311	5.268874
8085340	7.346931
8085350	7.344722
8085360	5.401305
8085370	8.524933
8085372	4.981164
8085374	8.594881
8085393	6.32497
8085407	6.656954
8085412	6.871153
8085429	6.403755
8085431	6.344407
8085475	5.692908
8085481	4.719726
8085486	6.165847
8085504	5.413757
8085529	2.244257
8085531	7.768252
8085537	6.725762
8085554	4.316858
8085556	7.110842
8085571	7.187887
8085579	1.532366
8085581	5.60029
8085606	5.726068
8085608	7.648802
8085628	7.911325
8085660	7.078789
8085665	7.053487
8085676	3.909341
8085689	7.983351
8085714	8.572757
8085716	8.492149
8085730	1.805175
8085732	3.173159
8085749	2.604418
8085754	3.123611
8085768	4.858214
8085770	2.81055
8085772	1.998748
8085774	3.308276
8085784	3.811226
8085786	2.390998
8085788	6.363512
8085797	8.88461
8085811	3.631365
8085813	4.368609
8085815	10.02118
8085852	8.497586
8085867	4.293475
8085912	2.63863
8085914	7.17457
8085946	5.622815
8085954	7.109843
8085967	5.071703
8085970	3.433735
8085972	2.94911
8085984	8.224854
8085999	9.387335
8086008	7.237371
8086024	4.602467
8086028	8.269987
8086048	6.71553
8086051	4.969496
8086057	8.209191
8086075	3.927368
8086077	8.198542
8086120	3.883405
8086125	7.231801
8086139	3.163841
8086141	7.413489
8086148	11.39236
8086150	8.388878
8086181	6.172141
8086183	5.182405
8086185	7.424461
8086201	8.467235
8086216	3.035748
8086218	2.144809
8086222	4.581605
8086255	3.876259
8086283	4.746773
8086313	2.333228
8086315	2.848454
8086317	7.665684
8086330	7.075431
8086341	4.960251
8086344	4.353702
8086350	2.225764
8086352	4.764936
8086368	4.284755
8086370	1.99773
8086372	5.41076
8086389	3.100638
8086391	4.942659
8086400	4.236546
8086406	5.832682
8086417	7.653667
8086419	5.414165
8086434	5.851058
8086451	8.823895
8086457	4.021052
8086462	6.259369
8086465	2.420072
8086467	8.723636
8086482	7.319054
8086494	6.871192
8086498	7.237907
8086503	7.235652
8086505	9.822762
8086517	8.475014
8086530	7.190807
8086536	2.576996
8086538	7.731217
8086540	5.271404
8086555	6.520906
8086572	7.985101
8086595	4.802121
8086600	3.916194
8086607	5.861243
8086615	3.056163
8086627	7.525086
8086660	6.282451
8086669	5.386002
8086683	7.225732
8086689	4.221719
8086698	7.962754
8086706	8.391716
8086729	3.936066
8086752	8.317015
8086754	8.57441
8086784	6.012573
8086797	3.681596
8086799	4.903903
8086810	9.355618
8086842	7.663105
8086876	4.903483
8086880	4.715233
8086899	5.848215
8086908	7.196728
8086949	5.472898
8086953	10.12239
8086961	5.387356
8086981	5.197277
8086985	6.446041
8087100	8.036402
8087116	6.807818
8087119	5.657692
8087145	4.80468
8087182	5.723916
8087201	7.967237
8087210	8.848936
8087224	6.768182
8087234	6.184185
8087236	7.07694
8087250	6.014324
8087252	6.506634
8087254	9.294422
8087271	8.189036
8087283	9.546206
8087308	7.855511
8087337	6.808864
8087372	6.993661
8087374	6.801007
8087380	8.782749
8087405	8.522356
8087409	11.55886
8087419	6.675955
8087433	6.773102
8087447	4.606321
8087453	5.677958
8087461	7.514503
8087473	7.132052
8087481	5.834494
8087485	8.167415
8087513	5.046712
8087530	4.574558
8087547	6.495542
8087568	5.221971
8087576	6.802225
8087596	5.316805
8087611	5.758066
8087624	6.862803
8087634	7.451025
8087640	5.782723
8087653	5.448821
8087669	6.149859
8087685	7.499086
8087691	4.800361
8087731	5.76974
8087739	5.816061
8087746	4.225797
8087748	8.250402
8087778	3.571723
8087780	5.741985
8087782	3.491093
8087790	6.511066
8087806	5.728521
8087825	6.489729
8087830	7.926113
8087833	6.198756
8087839	5.249083
8087852	5.580461
8087860	8.023292
8087874	9.590021
8087881	5.480419
8087883	3.844031
8087885	7.363908
8087907	5.652379
8087925	6.540543
8087935	7.864886
8087951	9.120935
8087985	8.224334
8088001	7.603927
8088020	5.826925
8088047	5.053668
8088054	7.400255
8088065	7.938098
8088090	6.259967
8088092	7.948528
8088106	7.958326
8088126	3.438941
8088128	7.331861
8088140	2.548176
8088142	4.991858
8088151	7.801036
8088167	7.881661
8088172	4.776168
8088174	3.830097
8088180	10.66232
8088192	4.030662
8088212	4.076121
8088219	7.743096
8088247	6.262939
8088264	4.988085
8088285	3.180516
8088292	2.872443
8088299	2.605715
8088315	2.209485
8088322	2.69697
8088335	2.274047
8088337	3.425573
8088339	11.41314
8088348	7.975618
8088369	7.352906
8088371	3.585793
8088384	7.976922
8088397	4.697057
8088415	5.943477
8088425	9.745289
8088436	2.860522
8088458	5.285633
8088468	3.671206
8088472	3.41549
8088474	7.129725
8088478	8.363379
8088480	6.573261
8088485	4.811145
8088491	3.732033
8088524	3.125318
8088526	8.18858
8088535	8.812484
8088546	4.06864
8088548	3.463068
8088550	7.097072
8088560	5.894011
8088602	8.019927
8088634	6.468823
8088636	7.991798
8088642	5.451858
8088664	9.037305
8088669	4.351449
8088671	4.411669
8088680	6.535341
8088700	8.355931
8088718	9.804362
8088739	2.737144
8088745	7.69394
8088768	5.227021
8088770	5.307354
8088772	3.906666
8088776	8.927619
8088803	8.739634
8088813	7.486657
8088820	7.477844
8088828	3.295456
8088830	8.311919
8088842	1.757195
8088844	2.918732
8088846	4.682487
8088848	9.078835
8088864	2.699275
8088866	8.165934
8088889	5.791828
8088891	5.262719
8088893	6.141953
8088895	5.591756
8088903	4.65858
8088905	8.06035
8088908	2.611408
8088911	7.632944
8088917	2.166985
8088919	10.34033
8088952	8.146243
8088954	2.65592
8088956	2.91541
8088958	7.354128
8088977	2.480175
8088979	6.773336
8088986	3.478495
8088996	3.124561
8088998	2.209751
8089000	8.571312
8089007	1.972486
8089009	1.801214
8089011	3.319619
8089013	3.725527
8089015	4.603681
8089026	4.101452
8089029	7.180548
8089034	7.753623
8089036	5.772946
8089038	8.602477
8089040	7.066227
8089060	2.397523
8089062	7.561525
8089072	6.062451
8089082	6.662802
8089106	1.835485
8089108	4.412312
8089112	4.462835
8089128	8.030111
8089145	5.104681
8089185	3.549875
8089203	6.806328
8089230	10.7804
8089232	2.20916
8089234	6.985032
8089247	4.155499
8089249	10.64099
8089255	2.444099
8089259	2.738267
8089261	7.921636
8089283	1.990605
8089285	7.140247
8089287	1.839213
8089289	1.851697
8089291	3.327551
8089293	4.25247
8089295	5.109552
8089299	11.63696
8089314	7.244608
8089329	3.553758
8089372	4.081191
8089394	4.764461
8089402	2.137417
8089407	3.224813
8089436	3.377843
8089438	2.392983
8089448	3.757492
8089457	2.905754
8089459	3.262519
8089462	4.328685
8089464	4.814936
8089467	6.0631
8089472	4.493959
8089478	4.452529
8089489	2.329464
8089519	4.077263
8089527	8.318478
8089544	5.428506
8089559	2.841841
8089568	4.828046
8089584	7.65462
8089596	7.357848
8089606	7.055008
8089627	7.508765
8089647	7.309212
8089652	11.40796
8089659	5.979196
8089677	8.090026
8089679	4.074656
8089694	3.739671
8089701	7.029898
8089714	4.467643
8089723	5.345765
8089727	2.967365
8089729	5.206779
8089743	9.338557
8089757	2.37222
8089759	8.13004
8089771	3.917508
8089785	3.590264
8089795	7.659902
8089801	8.026402
8089818	4.67496
8089820	3.388843
8089830	6.957773
8089835	9.505846
8089849	4.64318
8089851	4.730617
8089867	8.196891
8089873	6.07682
8089875	3.020203
8089911	5.880794
8089926	4.74468
8089930	8.858068
8089954	7.572614
8089970	7.883623
8089986	2.83836
8089988	7.020065
8089993	6.864331
8089999	8.03644
8090018	8.023192
8090030	5.952459
8090044	5.649722
8090070	5.702756
8090091	9.240339
8090098	4.935958
8090133	6.820959
8090152	3.611968
8090162	6.979848
8090180	8.838219
8090193	5.51812
8090212	2.875145
8090214	6.438385
8090235	1.960336
8090237	7.754192
8090256	8.449426
8090277	6.566817
8090291	6.951838
8090295	7.488077
8090314	8.435344
8090341	7.477919
8090343	5.613564
8090349	6.11859
8090351	7.783475
8090364	6.582814
8090366	4.827127
8090388	5.110099
8090395	4.804113
8090416	3.753068
8090418	2.4164
8090420	8.071686
8090433	5.97836
8090448	6.37929
8090462	5.960418
8090464	4.192241
8090469	7.268163
8090485	6.067122
8090490	9.759315
8090503	4.606385
8090505	4.558289
8090507	5.395067
8090509	3.471003
8090511	4.021289
8090518	5.153313
8090529	6.70204
8090533	7.350677
8090546	9.874987
8090555	7.035773
8090559	6.903191
8090565	7.409179
8090567	4.144574
8090577	7.352248
8090591	5.926585
8090630	8.362405
8090637	6.954004
8090639	8.000883
8090660	2.689165
8090662	3.166046
8090664	5.748291
8090674	4.433222
8090676	2.300806
8090678	9.707429
8090688	4.862217
8090690	4.55761
8090715	6.344635
8090737	6.936255
8090770	6.513539
8090772	7.33006
8090801	3.927504
8090803	4.974372
8090817	4.449208
8090823	5.115285
8090840	9.333517
8090852	7.056509
8090866	9.009995
8090872	4.633557
8090889	3.028652
8090891	6.047926
8090893	9.587109
8090898	7.159821
8090934	5.649641
8090936	5.556071
8090938	5.250209
8090955	3.616133
8090960	6.431142
8090972	4.976591
8090988	7.778199
8091009	8.489216
8091032	5.418421
8091037	5.214946
8091039	5.277816
8091043	3.671907
8091048	10.1037
8091071	5.100052
8091078	5.838758
8091087	5.436849
8091095	8.222566
8091097	4.273673
8091099	5.071051
8091101	2.872015
8091103	8.179333
8091120	7.737113
8091141	8.765433
8091188	5.719694
8091190	7.491074
8091239	2.49949
8091241	7.45435
8091243	4.045534
8091255	4.58973
8091260	5.259403
8091279	2.779793
8091281	2.69852
8091283	8.192254
8091306	5.839698
8091318	3.875178
8091327	8.207346
8091340	1.909685
8091342	4.163586
8091352	5.62877
8091354	7.121492
8091385	11.21375
8091402	2.95615
8091411	11.04969
8091422	7.504631
8091432	7.499333
8091444	6.337667
8091446	8.126485
8091452	9.000731
8091456	2.524382
8091458	10.18917
8091469	2.940661
8091485	7.472228
8091491	3.352837
8091503	3.7834
8091511	5.155288
8091515	6.518557
8091523	4.35326
8091530	3.74425
8091537	3.309392
8091546	5.058621
8091550	6.11275
8091552	5.716325
8091556	2.70416
8091558	1.811779
8091560	3.470178
8091562	8.123941
8091588	5.307229
8091595	4.591352
8091600	7.219337
8091627	4.716361
8091629	4.095792
8091637	8.974367
8091648	9.095659
8091656	7.49192
8091658	8.935661
8091676	4.295598
8091678	4.507993
8091696	5.259637
8091698	4.992299
8091712	2.484466
8091715	7.496819
8091723	11.53239
8091731	3.426389
8091733	2.358937
8091735	2.087551
8091737	7.451332
8091757	5.48316
8091764	8.341597
8091778	11.07639
8091780	6.562316
8091799	9.909466
8091806	10.38113
8091809	7.092499
8091811	3.11164
8091861	2.095547
8091863	3.532473
8091867	1.991359
8091875	2.671109
8091877	1.922388
8091879	1.840811
8091881	2.352474
8091883	1.976908
8091885	2.26194
8091887	2.719041
8091910	2.958692
8091922	3.979905
8091941	7.364173
8091954	6.153747
8091972	9.689382
8091991	7.480248
8091998	2.110615
8092000	6.627901
8092002	4.886234
8092009	2.894263
8092021	4.146382
8092035	9.247828
8092053	3.767304
8092055	3.811852
8092065	4.764852
8092067	5.187698
8092073	3.674696
8092081	5.399106
8092083	2.697109
8092095	7.453781
8092132	6.114074
8092134	7.830663
8092162	6.519639
8092165	5.299131
8092169	10.25328
8092177	8.709948
8092183	2.048677
8092185	3.070284
8092187	2.969515
8092199	2.268053
8092201	9.678939
8092218	5.809305
8092220	3.405415
8092222	3.615646
8092224	4.50396
8092226	2.089587
8092228	5.407583
8092230	6.643726
8092239	2.048522
8092241	5.486643
8092251	5.009003
8092265	7.857563
8092275	3.915882
8092277	4.042071
8092295	2.430959
8092312	2.760004
8092314	6.468553
8092321	9.37011
8092328	9.50226
8092348	6.617687
8092358	4.30034
8092390	5.646303
8092392	5.899591
8092404	5.785664
8092409	8.011206
8092418	7.721252
8092455	4.725698
8092457	8.459024
8092468	7.141331
8092473	5.312414
8092501	5.633817
8092514	8.232051
8092520	5.554399
8092523	6.625493
8092532	10.73988
8092534	8.407126
8092541	10.03243
8092552	5.773312
8092564	9.529094
8092578	4.093926
8092594	3.816051
8092596	5.12624
8092621	5.195659
8092627	6.745811
8092638	2.38627
8092640	5.617808
8092654	4.195148
8092661	4.508245
8092682	4.869342
8092686	4.854198
8092691	8.432998
8092702	3.13865
8092705	2.322306
8092707	5.484416
8092724	1.876445
8092726	7.500255
8092735	3.57643
8092741	2.369147
8092748	2.367736
8092750	4.850266
8092763	2.725435
8092765	8.40405
8092769	3.707831
8092800	5.156874
8092834	5.226302
8092836	5.658759
8092839	5.637649
8092845	5.448721
8092849	8.658802
8092883	3.663922
8092886	2.359234
8092888	5.970605
8092905	8.472468
8092922	6.429022
8092931	6.734885
8092933	8.938646
8092957	6.562531
8092959	8.320059
8092968	6.2604
8092970	9.868467
8092978	10.94757
8093013	6.96829
8093039	9.569625
8093053	9.608704
8093074	5.017241
8093086	7.602792
8093096	4.595015
8093104	5.146937
8093110	3.193071
8093112	7.904686
8093126	5.293901
8093128	6.349347
8093130	8.153477
8093137	2.982222
8093141	6.199503
8093145	4.187553
8093150	4.428331
8093152	2.311376
8093156	8.689727
8093166	5.587671
8093171	5.840316
8093191	9.579236
8093219	7.704546
8093230	7.402684
8093256	9.555937
8093258	5.367834
8093272	3.183646
8093278	4.730617
8093294	4.300635
8093298	4.397141
8093304	5.536745
8093314	7.984444
8093320	6.236989
8093330	6.970535
8093332	3.813376
8093336	7.756056
8093343	7.858245
8093360	5.511303
8093386	5.687969
8093398	6.762281
8093413	7.183331
8093425	6.513671
8093440	6.120685
8093451	4.2109
8093453	4.53964
8093456	6.397526
8093462	8.411488
8093476	6.263614
8093494	7.293604
8093500	5.012467
8093518	6.664498
8093539	5.703089
8093576	5.388678
8093578	5.150331
8093590	7.998611
8093601	7.0492
8093624	6.758104
8093643	9.418846
8093665	4.197747
8093683	4.917325
8093685	7.991063
8093756	4.042234
8093764	6.15608
8093792	5.474023
8093807	6.892236
8093821	4.720178
8093826	6.315315
8093829	5.892619
8093839	4.303891
8093852	6.154577
8093858	4.296152
8093872	5.685106
8093878	6.130459
8093906	6.702569
8093916	7.570134
8093936	9.609571
8093943	7.47094
8093950	9.46179
8093957	6.753793
8093961	7.92759
8093974	6.046014
8093976	7.714484
8093991	4.889206
8093993	7.463925
8093997	5.35711
8094026	7.972544
8094028	4.622968
8094030	5.816934
8094032	6.167591
8094056	6.49307
8094068	4.402168
8094070	6.598892
8094086	4.531604
8094093	4.765143
8094101	6.087747
8094116	5.658296
8094118	5.658296
8094120	5.658296
8094122	5.706319
8094124	5.658296
8094126	5.658296
8094128	5.658296
8094130	5.608321
8094132	5.658296
8094134	5.354226
8094136	3.119576
8094139	2.656396
8094142	3.781615
8094144	9.105416
8094148	6.601948
8094154	5.539686
8094156	5.881951
8094163	2.777535
8094165	6.598861
8094169	7.874516
8094184	3.314719
8094190	5.208069
8094226	6.391648
8094228	7.935091
8094240	6.42478
8094251	7.516132
8094253	5.064259
8094257	4.044609
8094259	7.497672
8094271	8.068605
8094278	4.014436
8094301	4.535623
8094340	2.995362
8094342	7.629608
8094355	4.395322
8094357	2.737758
8094359	5.451708
8094361	3.279899
8094372	5.042315
8094378	8.238269
8094393	6.321853
8094408	8.072737
8094439	3.605764
8094441	5.879504
8094456	7.117998
8094460	8.46404
8094476	7.280761
8094499	6.308923
8094501	7.538763
8094516	3.46842
8094518	2.171943
8094520	7.546906
8094531	2.015444
8094533	2.739971
8094542	4.142754
8094550	8.389018
8094556	9.240678
8094574	9.046334
8094596	5.785257
8094599	9.014392
8094609	8.494416
8094625	6.210459
8094638	5.848704
8094677	2.138726
8094679	4.67302
8094686	2.375685
8094688	5.984697
8094701	5.553865
8094704	9.451513
8094717	5.448212
8094719	5.824956
8094739	4.801164
8094741	5.614141
8094743	5.049621
8094751	3.199968
8094759	6.420516
8094772	3.79748
8094774	2.045461
8094776	3.374647
8094778	5.465838
8094789	8.70289
8094830	8.204749
8094843	4.189841
8094848	9.157426
8094870	4.380897
8094872	4.064818
8094874	5.641606
8094876	7.933783
8094897	2.44641
8094901	3.004436
8094911	7.467996
8094936	5.016649
8094938	9.850999
8094946	2.202145
8094948	8.791109
8094960	5.567074
8094968	6.645886
8094974	7.954195
8094986	3.062053
8094988	6.990209
8095005	4.866896
8095009	7.885894
8095021	5.771585
8095035	1.920665
8095037	2.691492
8095043	6.778165
8095048	8.004473
8095072	5.929149
8095074	6.405209
8095078	3.360663
8095080	4.15689
8095110	4.295143
8095135	3.578829
8095137	2.147734
8095139	8.963961
8095148	10.81541
8095159	7.611416
8095161	2.055372
8095163	9.426979
8095185	4.96946
8095187	5.582087
8095214	7.58138
8095216	6.272829
8095221	7.361201
8095230	8.446997
8095246	3.653648
8095251	3.879759
8095262	8.182348
8095269	10.05938
8095295	5.080196
8095297	2.10796
8095299	4.775192
8095301	2.20916
8095303	2.998993
8095331	2.514803
8095333	5.977071
8095335	2.700826
8095337	1.890776
8095339	2.222412
8095341	6.031537
8095343	2.993837
8095356	3.498706
8095358	2.059247
8095360	7.011708
8095362	9.30322
8095364	8.244436
8095376	9.1227
8095380	8.377614
8095390	2.664538
8095395	4.117134
8095402	4.521974
8095404	2.132204
8095412	2.968207
8095422	2.40807
8095430	2.715702
8095435	2.837994
8095441	2.676778
8095451	4.225458
8095456	2.610176
8095467	2.959136
8095477	3.218127
8095484	2.665094
8095488	4.119589
8095491	2.466117
8095500	2.558464
8095504	3.615339
8095508	3.013656
8095519	2.839592
8095535	3.976122
8095539	7.771911
8095543	2.794014
8095545	7.426404
8095562	3.339289
8095564	2.126247
8095566	7.204641
8095574	6.375352
8095585	8.211151
8095616	2.841092
8095624	2.631042
8095626	5.817414
8095628	3.212426
8095646	3.063189
8095663	2.896095
8095680	7.502201
8095688	7.401153
8095694	4.755067
8095697	8.113871
8095703	4.51878
8095705	4.950895
8095723	2.3438
8095728	6.015271
8095736	6.019094
8095744	5.791242
8095751	7.964438
8095760	6.602683
8095767	2.999743
8095773	9.103662
8095800	6.613939
8095802	2.693451
8095806	2.631688
8095819	5.656713
8095826	6.328519
8095832	2.485834
8095834	7.954698
8095854	9.021291
8095868	6.132013
8095870	9.983178
8095886	2.697829
8095894	7.103174
8095907	7.1611
8095986	9.165234
8096002	6.304687
8096004	6.41698
8096025	4.881758
8096027	2.276528
8096030	3.349666
8096032	6.861878
8096050	4.217652
8096061	2.656476
8096070	9.502374
8096075	1.949973
8096077	6.192318
8096079	4.689762
8096081	8.352636
8096091	5.158761
8096098	6.400728
8096109	4.92662
8096116	6.382623
8096130	9.076756
8096147	4.621774
8096158	4.921224
8096160	4.265796
8096176	9.278778
8096224	8.650264
8096249	2.82147
8096251	6.842158
8096265	3.011767
8096274	2.78054
8096281	3.530467
8096290	3.416121
8096296	8.688354
8096301	5.95726
8096312	3.00148
8096314	7.138048
8096331	5.427037
8096333	2.091721
8096335	8.216749
8096361	5.372406
8096385	8.867625
8096411	6.701653
8096415	3.182049
8096425	8.699809
8096438	4.575777
8096440	3.393235
8096457	2.278981
8096459	1.948596
8096461	5.069426
8096463	7.386414
8096489	9.368277
8096511	5.351636
8096528	4.420262
8096533	3.919003
8096536	2.886306
8096538	7.285252
8096554	2.908161
8096556	9.212326
8096568	2.520992
8096580	3.001642
8096602	8.211067
8096615	4.044341
8096617	7.203929
8096635	8.475695
8096661	6.009202
8096663	8.561498
8096667	3.955368
8096669	7.848951
8096675	8.160447
8096680	3.377751
8096682	6.008138
8096688	6.044119
8096704	5.511547
8096718	6.727902
8096731	2.549913
8096733	8.398131
8096744	5.39565
8096753	9.172746
8096765	5.843636
8096771	8.990903
8096777	6.192608
8096781	9.054496
8096808	5.859073
8096821	7.0892
8096830	3.71349
8096839	4.116423
8096845	5.693396
8096873	2.091726
8096875	3.427431
8096897	4.257311
8096899	7.598262
8096905	7.462635
8096917	3.583651
8096919	7.732749
8096938	6.573258
8096955	6.271821
8096957	3.826756
8096959	3.780197
8097011	3.469069
8097013	4.563022
8097015	3.623526
8097017	5.051785
8097028	4.631939
8097030	4.417611
8097034	1.892916
8097036	2.944444
8097038	2.860999
8097056	8.084888
8097058	3.958287
8097062	6.15693
8097064	6.980382
8097066	7.883576
8097080	4.556549
8097086	2.511697
8097096	8.553232
8097098	9.185552
8097116	5.236287
8097118	7.43445
8097120	2.192028
8097122	3.593678
8097124	2.461878
8097126	3.905949
8097128	6.929686
8097146	5.276754
8097148	9.027119
8097236	2.431862
8097252	4.912053
8097256	5.719895
8097262	6.727293
8097282	7.933709
8097288	3.275078
8097305	2.572707
8097307	5.444126
8097327	3.316264
8097335	5.440029
8097356	3.785223
8097373	6.970081
8097388	6.801942
8097415	4.622364
8097417	6.959739
8097435	6.214688
8097443	6.367723
8097445	2.358579
8097447	4.48691
8097449	4.451453
8097457	2.672287
8097459	3.783059
8097461	5.533674
8097468	3.397982
8097470	5.646433
8097472	5.593531
8097474	3.95045
8097478	2.3469
8097480	8.601019
8097505	2.110668
8097507	7.064723
8097513	9.335995
8097521	7.143871
8097529	7.546721
8097541	3.900638
8097543	7.833134
8097553	4.577245
8097568	3.464227
8097570	8.489544
8097586	8.156668
8097600	9.458873
8097626	6.506073
8097628	4.017612
8097647	7.8304
8097655	8.310537
8097657	7.664079
8097670	7.313377
8097679	6.542161
8097685	4.64082
8097687	4.758515
8097690	2.537917
8097692	2.979591
8097704	8.864384
8097717	5.787455
8097743	5.784831
8097747	4.33986
8097749	3.08908
8097751	1.917924
8097753	6.890445
8097773	4.454657
8097780	2.780588
8097782	11.72675
8097790	3.814708
8097792	7.1474
8097794	3.785062
8097801	8.760784
8097809	6.019058
8097811	5.848119
8097813	9.257118
8097827	6.669445
8097829	5.758911
8097841	8.7909
8097857	2.978817
8097867	5.401688
8097903	5.194515
8097910	2.861276
8097920	4.252794
8097928	2.618392
8097938	4.464074
8097945	1.884614
8097947	4.364017
8097949	2.381906
8097951	1.742356
8097953	2.137103
8097955	6.099761
8097957	6.276668
8097973	5.645493
8097991	2.831737
8098004	1.873331
8098006	2.890335
8098021	2.957821
8098041	7.340206
8098058	3.292686
8098060	2.691352
8098084	7.707916
8098101	4.921862
8098103	7.842621
8098121	7.813693
8098146	2.895833
8098150	5.982225
8098157	4.701047
8098159	2.778872
8098163	4.279425
8098165	5.833427
8098167	6.285577
8098170	5.268629
8098175	4.075878
8098177	6.171394
8098193	5.302189
8098195	8.113411
8098204	4.735847
8098214	3.790133
8098240	6.78461
8098242	4.045522
8098244	6.671081
8098246	2.794975
8098259	2.516336
8098261	2.752656
8098263	5.890974
8098287	3.62684
8098289	4.428311
8098291	9.743753
8098307	4.394509
8098326	8.710112
8098328	9.501522
8098342	6.618763
8098344	3.407871
8098348	6.188944
8098368	2.918045
8098379	2.472099
8098412	2.911738
8098414	9.637284
8098421	5.679163
8098423	4.791789
8098437	2.639473
8098439	10.11666
8098441	4.002679
8098465	2.788613
8098470	6.491161
8098496	2.747386
8098498	3.568724
8098500	7.895052
8098506	3.608681
8098508	6.005776
8098512	8.302727
8098547	5.473756
8098549	5.985589
8098554	2.318069
8098556	6.037699
8098571	5.792826
8098576	7.490153
8098581	7.226967
8098604	6.539455
8098611	9.052953
8098620	6.10291
8098637	7.341824
8098654	3.905799
8098671	3.62455
8098688	3.531201
8098690	3.063298
8098697	3.420566
8098705	7.175765
8098707	5.998014
8098712	7.330131
8098714	6.30709
8098721	6.322565
8098723	4.834551
8098725	6.83154
8098730	6.525889
8098732	6.754573
8098740	6.87461
8098743	6.525889
8098745	3.368705
8098752	5.094377
8098758	8.351048
8098762	8.329624
8098769	6.607763
8098782	5.490599
8098789	8.383153
8098822	6.734591
8098848	5.975147
8098856	4.680202
8098870	5.392177
8098877	6.072091
8098880	8.881091
8098895	6.178476
8098902	4.929089
8098904	7.233139
8098916	6.523621
8098924	7.255169
8098938	3.639364
8098940	3.448398
8098942	7.146844
8098958	4.738031
8098985	6.917419
8098995	6.810691
8099008	5.30815
8099025	3.301729
8099027	2.248347
8099029	6.93049
8099037	8.435256
8099051	7.512258
8099073	8.272054
8099082	7.214343
8099084	7.351584
8099091	7.045914
8099093	4.529317
8099099	7.399713
8099107	5.806074
8099121	7.245143
8099130	4.488457
8099132	5.102691
8099140	2.472648
8099142	3.552862
8099144	4.817835
8099172	5.403086
8099193	4.357102
8099200	4.786748
8099218	4.440629
8099233	6.001237
8099235	8.169508
8099240	6.202374
8099242	5.472061
8099246	7.520098
8099253	6.065287
8099255	4.609737
8099259	6.663956
8099279	5.635279
8099302	2.228336
8099304	8.701967
8099324	3.888781
8099326	5.72093
8099340	10.09931
8099362	6.820271
8099364	6.69766
8099368	3.397479
8099388	7.192585
8099393	5.513969
8099395	7.577147
8099406	5.132076
8099410	6.992536
8099438	3.822743
8099447	4.998731
8099449	10.01713
8099467	6.159296
8099471	2.998212
8099476	9.920148
8099504	5.85179
8099506	7.265607
8099524	4.988654
8099537	5.278894
8099539	3.333014
8099541	6.979384
8099551	6.056033
8099570	8.105633
8099581	5.591817
8099589	3.495018
8099591	3.036072
8099593	3.030169
8099612	6.778817
8099631	10.79818
8099633	3.672299
8099649	9.591373
8099668	6.924038
8099670	6.618821
8099685	4.00758
8099696	7.193329
8099713	3.233497
8099715	3.342786
8099717	2.251394
8099719	2.04991
8099721	8.267429
8099746	4.585906
8099754	3.488062
8099758	2.869755
8099760	7.965473
8099797	7.647811
8099805	3.01838
8099807	3.458247
8099811	4.045817
8099813	4.140688
8099815	3.907669
8099817	5.883583
8099826	3.934768
8099834	6.754272
8099841	3.770953
8099850	3.446146
8099860	8.104349
8099887	11.13108
8099897	9.69592
8099912	9.849313
8099918	4.845025
8099922	2.483217
8099924	8.257656
8099926	8.870169
8099965	6.601356
8099967	10.00076
8099982	6.356259
8100001	5.959028
8100003	4.293808
8100007	3.886721
8100013	3.277173
8100015	4.863299
8100026	7.898711
8100068	5.892796
8100070	5.555029
8100076	2.457424
8100085	5.458374
8100095	3.932841
8100097	2.739555
8100109	2.83205
8100125	10.92533
8100127	2.635517
8100131	3.477995
8100143	2.20916
8100145	5.524875
8100154	3.717247
8100177	4.432016
8100179	7.114431
8100202	7.111951
8100210	5.278599
8100227	5.150834
8100229	3.03896
8100231	6.558659
8100251	8.520075
8100292	7.958051
8100298	7.65316
8100306	3.702377
8100308	4.57311
8100310	4.5746
8100312	2.750323
8100318	6.451215
8100328	8.723718
8100338	4.634354
8100347	7.230805
8100360	3.76433
8100362	7.290898
8100376	8.953974
8100378	5.361837
8100382	7.51617
8100389	2.20916
8100391	2.278717
8100393	5.640683
8100428	7.794905
8100454	2.625344
8100458	2.419719
8100464	4.082685
8100474	2.174859
8100476	2.545075
8100478	6.860537
8100495	5.630526
8100507	6.096765
8100519	3.688245
8100523	2.986784
8100530	2.925956
8100532	7.60906
8100541	6.529189
8100547	3.346534
8100549	1.821121
8100553	4.751247
8100555	4.715791
8100557	2.463796
8100572	2.459066
8100574	1.89547
8100576	1.947239
8100578	3.577597
8100601	4.294378
8100603	7.438525
8100615	8.477695
8100655	3.296941
8100664	7.906002
8100675	7.500748
8100688	5.466002
8100699	3.399805
8100701	7.606872
8100714	9.280211
8100734	2.532159
8100737	5.273611
8100746	5.273611
8100754	5.470403
8100756	3.885595
8100758	6.321604
8100760	2.519247
8100768	3.740925
8100782	11.28233
8100784	2.551656
8100791	2.680545
8100798	3.67884
8100808	2.704584
8100819	2.26747
8100827	5.819588
8100832	3.35699
8100834	8.948048
8100851	5.049088
8100853	2.833725
8100868	2.639901
8100870	4.311677
8100893	7.619273
8100902	9.256965
8100941	7.640342
8100943	6.809772
8100960	2.789142
8100962	7.619975
8100964	4.556552
8100966	4.587038
8100971	3.845221
8100977	6.202721
8100984	5.407744
8100990	3.882447
8100994	4.821869
8101000	5.499148
8101002	6.374076
8101011	2.70294
8101013	7.672448
8101031	3.590485
8101043	9.248304
8101061	7.073639
8101065	4.280634
8101086	7.740326
8101099	8.44913
8101118	4.795439
8101126	6.555358
8101131	5.122365
8101141	5.143091
8101143	7.281522
8101158	9.916566
8101174	2.870103
8101203	2.13632
8101207	7.695728
8101210	5.552166
8101212	11.22568
8101224	7.427949
8101226	2.606691
8101228	7.610047
8101235	2.165132
8101237	4.311003
8101253	4.697172
8101256	3.015854
8101260	7.829559
8101284	3.755989
8101304	7.941582
8101322	5.504455
8101324	10.51152
8101340	9.76417
8101357	5.212737
8101359	2.998992
8101366	6.340713
8101376	10.3216
8101411	6.520242
8101427	3.821303
8101429	9.362682
8101437	7.523328
8101449	6.244699
8101467	5.606633
8101489	5.020435
8101501	3.000093
8101507	5.450726
8101511	8.574626
8101585	5.384991
8101587	8.567918
8101607	6.394732
8101609	4.938745
8101616	4.355639
8101622	10.25438
8101624	7.068174
8101637	6.502319
8101648	9.417445
8101657	6.180072
8101659	4.078364
8101673	3.863891
8101675	3.057518
8101697	2.404862
8101699	4.651397
8101701	6.759417
8101716	2.020405
8101718	9.283027
8101721	2.723663
8101723	5.676001
8101728	8.049101
8101757	5.395299
8101762	4.328212
8101774	11.6589
8101778	3.816051
8101780	2.950025
8101788	3.544613
8101810	3.668691
8101814	3.304137
8101816	4.718715
8101828	8.709447
8101839	4.617767
8101844	8.089142
8101852	2.977876
8101862	2.654288
8101874	5.684012
8101881	3.57555
8101893	6.954834
8101904	3.488945
8101916	5.330801
8101925	8.790377
8101934	7.197921
8101945	7.609955
8101952	5.146169
8101957	2.713095
8101971	9.011924
8101990	4.925389
8101992	6.045254
8102004	4.308544
8102006	7.468796
8102024	7.605736
8102037	4.115982
8102039	2.854763
8102050	4.164121
8102065	5.630659
8102076	2.49599
8102127	3.045014
8102135	4.581679
8102141	6.723163
8102160	3.57517
8102162	6.077975
8102171	8.745414
8102200	3.935503
8102210	3.71777
8102212	4.89907
8102214	8.780613
8102230	2.139547
8102232	3.475518
8102247	3.720257
8102249	2.873578
8102263	5.435308
8102305	3.481484
8102307	2.037461
8102311	7.346203
8102321	7.339446
8102328	8.251896
8102342	7.470761
8102350	5.60357
8102352	4.984423
8102362	6.890359
8102368	4.880275
8102371	4.662391
8102389	4.036892
8102404	2.061817
8102406	2.208809
8102408	2.018242
8102410	7.01967
8102415	9.071137
8102440	5.562879
8102450	2.875243
8102464	4.163078
8102468	6.582737
8102482	7.137187
8102513	3.253158
8102518	8.150102
8102523	2.476617
8102530	6.830649
8102532	6.774744
8102560	5.393842
8102567	4.412504
8102587	4.367937
8102594	3.562906
8102606	2.500458
8102608	2.036958
8102610	3.026271
8102619	8.786975
8102636	4.094966
8102643	4.546413
8102655	5.289928
8102678	3.56459
8102695	5.209262
8102697	2.466775
8102707	2.98607
8102713	4.388096
8102720	8.599107
8102726	1.936902
8102728	8.554285
8102730	7.790721
8102743	5.088393
8102745	8.982666
8102751	6.294024
8102775	2.957757
8102777	4.036839
8102779	3.08495
8102781	5.187496
8102783	6.28031
8102785	1.980603
8102787	11.20036
8102789	6.667633
8102792	3.725227
8102800	4.363674
8102817	7.650098
8102829	3.301378
8102831	5.343672
8102839	9.178081
8102848	8.544034
8102858	5.247754
8102860	10.93319
8102862	7.539138
8102869	6.202637
8102871	4.534296
8102875	5.609536
8102877	3.023271
8102894	2.212701
8102904	3.994729
8102912	9.19454
8102936	6.041254
8102938	5.298724
8102948	2.424808
8102950	9.976455
8102979	3.991312
8102982	5.781904
8102984	7.098278
8102986	2.860763
8102988	4.457761
8102993	2.021839
8102998	2.207119
8103005	5.579889
8103011	8.043874
8103023	9.395722
8103025	7.422672
8103041	2.416452
8103043	6.926604
8103064	2.732124
8103079	6.889349
8103092	5.046211
8103094	6.755257
8103106	9.70192
8103166	7.49828
8103188	6.54099
8103202	3.788105
8103204	3.442513
8103206	6.36462
8103222	11.85831
8103226	7.945948
8103235	5.20272
8103238	2.734805
8103240	7.793741
8103242	5.434095
8103244	3.558107
8103254	3.580414
8103260	3.591684
8103289	9.360743
8103309	4.109289
8103311	3.671444
8103326	2.426456
8103341	2.186272
8103358	1.962013
8103360	4.775643
8103362	3.021429
8103364	1.949167
8103366	1.819898
8103368	2.282329
8103370	1.929031
8103372	4.07229
8103374	3.852048
8103376	2.816259
8103378	2.49298
8103389	7.626024
8103399	6.328054
8103409	3.624117
8103411	4.110685
8103413	6.95801
8103415	4.912815
8103431	6.549191
8103437	7.799328
8103452	2.259352
8103458	2.130867
8103460	4.109598
8103462	2.606055
8103464	1.708974
8103466	2.526739
8103483	4.835609
8103485	4.831441
8103494	2.809019
8103503	3.404376
8103508	4.426823
8103516	4.141867
8103518	7.166161
8103520	4.848515
8103524	6.869483
8103535	7.282302
8103540	2.012411
8103542	2.639051
8103544	2.9593
8103559	4.31606
8103561	3.863406
8103563	7.358459
8103601	7.68306
8103620	1.896376
8103622	8.117519
8103630	7.942604
8103644	5.84409
8103646	7.093577
8103684	5.055414
8103693	2.028013
8103695	6.747334
8103706	5.114296
8103722	7.153997
8103725	4.756915
8103728	5.755519
8103736	3.265022
8103743	4.344578
8103745	4.765288
8103753	4.456582
8103755	7.675335
8103769	12.35594
8103778	2.810787
8103789	4.608201
8103802	2.746508
8103812	3.086716
8103822	6.562783
8103834	7.717556
8103847	5.400187
8103851	2.147458
8103853	4.852941
8103859	9.377518
8103867	3.903036
8103873	6.725025
8103875	2.595869
8103877	2.697192
8103879	2.819099
8103881	7.081488
8103892	3.358712
8103894	3.663716
8103904	4.829418
8103906	5.478827
8103911	8.898243
8103922	8.26869
8103932	4.980392
8103951	10.28741
8103975	6.054348
8103979	7.459751
8103986	4.085681
8103998	6.793043
8104012	6.47714
8104014	2.586904
8104022	4.602594
8104035	9.284702
8104066	6.767915
8104068	6.648186
8104072	6.41166
8104074	6.467303
8104079	8.733061
8104107	4.429756
8104115	6.583921
8104117	3.005184
8104119	7.987702
8104122	6.831011
8104124	3.703276
8104129	4.633345
8104131	4.228547
8104136	6.670188
8104139	7.755
8104141	5.70056
8104163	5.61669
8104166	10.11624
8104180	6.443372
8104201	7.380272
8104220	5.894258
8104234	3.695501
8104253	5.260915
8104268	5.186668
8104281	5.403572
8104298	8.339175
8104305	4.641191
8104307	6.14898
8104314	5.711318
8104319	5.483951
8104321	4.559109
8104348	5.088069
8104350	7.084441
8104369	6.983581
8104378	6.902278
8104392	2.999222
8104394	6.157094
8104422	8.256661
8104441	4.809355
8104443	2.464694
8104449	9.007272
8104461	6.103938
8104463	9.666478
8104490	6.487
8104492	4.415731
8104499	7.061044
8104504	3.002764
8104506	7.498324
8104568	5.577797
8104570	7.532038
8104580	7.185274
8104590	5.677364
8104592	5.423781
8104599	2.503048
8104601	7.591099
8104607	3.05458
8104609	6.034631
8104611	2.203834
8104613	5.777396
8104615	3.15819
8104617	5.063744
8104619	2.466468
8104621	11.01857
8104625	3.975932
8104627	2.294125
8104632	2.273687
8104634	2.926069
8104643	5.221895
8104648	2.083356
8104652	2.028536
8104654	3.84856
8104656	4.619703
8104659	2.421948
8104663	4.004336
8104680	7.126184
8104693	5.929091
8104723	3.223763
8104725	5.475025
8104727	4.921273
8104729	2.042977
8104731	2.899997
8104738	8.935453
8104746	4.008001
8104758	3.21231
8104760	8.429929
8104781	6.116367
8104786	4.93139
8104788	7.089751
8104812	4.163434
8104823	3.087567
8104825	7.649196
8104838	8.255341
8104854	4.173084
8104856	3.468369
8104901	5.500136
8104912	6.82834
8104926	3.500131
8104930	5.612783
8104944	8.75506
8104996	4.488084
8104998	7.992147
8105013	4.188321
8105040	6.612209
8105063	5.015225
8105067	5.353394
8105077	6.779948
8105084	3.508357
8105104	8.658146
8105111	6.681795
8105121	2.933736
8105132	5.806816
8105136	7.0358
8105144	7.392533
8105146	5.233828
8105151	4.491191
8105153	8.765995
8105181	7.814073
8105189	5.615851
8105191	7.451153
8105218	2.070495
8105220	6.266882
8105229	5.48152
8105267	8.077701
8105302	4.313041
8105311	3.716701
8105318	4.374859
8105323	3.400971
8105328	6.987244
8105331	3.691007
8105338	1.998679
8105340	4.450383
8105348	3.162046
8105353	10.13041
8105384	3.481865
8105409	1.992954
8105411	2.967684
8105432	11.99259
8105434	6.572305
8105436	9.095657
8105456	4.923334
8105463	8.91964
8105479	2.663294
8105481	3.844895
8105487	3.085645
8105495	6.300766
8105499	6.509596
8105504	7.668875
8105506	8.50281
8105517	3.70612
8105523	7.996446
8105545	8.606591
8105577	5.056041
8105579	4.023765
8105583	2.461188
8105585	6.078351
8105596	3.777671
8105603	3.331207
8105605	2.887451
8105607	3.211331
8105612	6.842307
8105629	2.423183
8105631	7.574264
8105633	7.526445
8105645	1.924656
8105647	6.716406
8105661	3.695557
8105663	4.966219
8105681	9.572661
8105714	8.602747
8105731	3.091585
8105739	5.82885
8105741	7.73317
8105778	9.377638
8105799	2.428706
8105801	8.049024
8105828	5.49921
8105842	3.051018
8105852	4.525379
8105862	7.03121
8105878	7.195965
8105899	8.80582
8105908	10.80414
8105918	7.854053
8105935	6.244953
8105937	9.024384
8105949	6.1929
8105958	8.224696
8105970	8.075772
8105987	6.114521
8105989	5.828133
8105991	11.02061
8105995	10.255
8105997	6.1929
8106006	8.364883
8106017	4.059691
8106019	2.527378
8106025	7.798305
8106068	9.911057
8106088	3.910931
8106096	14.07631
8106098	4.395017
8106107	7.356462
8106120	2.161635
8106122	9.025859
8106141	8.436787
8106168	2.036267
8106170	4.579051
8106176	3.618322
8106181	9.022507
8106189	4.166934
8106193	6.87037
8106210	8.412828
8106250	5.047596
8106252	8.591304
8106271	9.602448
8106278	3.56164
8106280	8.809634
8106303	6.782101
8106325	4.786495
8106336	6.494188
8106350	4.428617
8106352	6.24862
8106354	7.364805
8106393	4.208423
8106401	4.954638
8106403	8.520856
8106411	4.336179
8106418	4.481201
8106429	7.764721
8106448	8.474638
8106473	7.729528
8106475	11.67769
8106477	2.895337
8106479	8.818449
8106494	5.88752
8106504	7.225956
8106512	4.144586
8106514	3.343372
8106516	7.108997
8106528	3.771139
8106530	7.419243
8106532	4.282695
8106534	8.76073
8106556	8.569765
8106573	4.532713
8106597	2.93411
8106602	8.257098
8106626	5.757498
8106633	8.718976
8106660	6.127628
8106689	4.746718
8106702	7.052371
8106709	7.011182
8106722	5.712675
8106727	4.100606
8106730	5.606614
8106743	4.520884
8106761	3.606505
8106763	2.156313
8106765	2.181117
8106767	2.047583
8106769	7.289535
8106771	5.353453
8106776	8.327964
8106784	8.786001
8106814	2.001968
8106816	4.624645
8106818	5.87886
8106820	5.146194
8106827	4.048933
8106919	2.107892
8106921	3.571302
8106923	6.109288
8106929	2.17538
8106931	4.309369
8106950	3.666852
8106960	1.962456
8106962	4.741243
8106976	6.462079
8106978	3.485012
8106986	6.267334
8106999	4.096818
8107005	9.963486
8107044	5.741355
8107066	8.880438
8107090	7.975515
8107092	1.83815
8107094	6.602653
8107096	8.623117
8107098	5.752796
8107100	7.469111
8107109	2.368397
8107111	2.00091
8107113	2.951881
8107115	7.081316
8107117	2.335529
8107119	6.848027
8107125	5.848251
8107127	3.675471
8107129	4.188593
8107133	7.620173
8107162	4.790884
8107164	8.322175
8107194	6.482076
8107198	4.549792
8107200	2.461659
8107202	2.741696
8107204	10.74088
8107206	3.697913
8107208	6.588933
8107232	4.430547
8107234	7.985798
8107259	9.078923
8107270	3.254528
8107282	7.97933
8107307	5.979134
8107321	7.953918
8107326	5.90536
8107328	6.087441
8107330	6.648148
8107348	4.279206
8107350	7.172386
8107353	6.227087
8107356	8.223122
8107373	2.646114
8107375	7.960351
8107406	6.126493
8107408	6.156652
8107421	6.285932
8107429	3.399629
8107458	8.067116
8107468	4.647325
8107470	12.45115
8107474	8.158254
8107518	4.307096
8107520	5.868212
8107530	6.168397
8107532	10.21767
8107554	4.232406
8107563	3.830521
8107574	2.300248
8107576	2.997883
8107578	7.398398
8107591	3.523083
8107594	4.896189
8107613	9.180438
8107632	6.399208
8107646	5.677982
8107655	7.399084
8107671	6.208669
8107673	8.478189
8107691	7.91441
8107702	2.88336
8107706	5.273469
8107720	4.108194
8107722	4.642377
8107750	9.391245
8107764	3.815796
8107769	9.785931
8107798	3.167519
8107814	8.661663
8107823	4.380673
8107847	2.64785
8107850	2.869314
8107855	5.675514
8107857	6.799261
8107859	4.51189
8107868	10.03936
8107878	4.293556
8107887	3.105932
8107897	7.041337
8107909	5.650081
8107920	8.474107
8107934	7.928245
8107940	3.344588
8107942	8.479954
8107970	4.105031
8107977	3.064931
8107985	5.81494
8107992	6.2559
8107996	8.511494
8107998	8.929291
8108006	6.698925
8108013	5.308209
8108015	9.210505
8108040	4.365929
8108050	4.895477
8108066	8.498396
8108078	3.382723
8108080	7.173851
8108099	7.839876
8108127	7.510286
8108134	8.306455
8108161	4.1117
8108163	8.046014
8108166	8.517555
8108174	7.178607
8108180	10.30637
8108182	4.802087
8108192	6.16801
8108199	5.831385
8108205	2.780627
8108217	6.579006
8108238	8.281981
8108251	4.182385
8108256	3.707507
8108267	2.515954
8108287	4.951616
8108299	1.976007
8108301	3.441432
8108321	7.023355
8108330	9.281313
8108359	5.661198
8108370	7.234506
8108376	6.424056
8108378	10.66218
8108399	5.382052
8108401	3.412103
8108403	9.33449
8108420	6.351892
8108422	7.37406
8108424	9.72942
8108435	8.685777
8108447	8.588512
8108453	5.040043
8108470	5.752795
8108472	7.833777
8108475	7.47093
8108478	8.703065
8108483	5.199343
8108510	8.493358
8108558	9.307641
8108566	2.261754
8108568	8.480819
8108579	6.529278
8108593	7.143465
8108603	7.270723
8108620	8.40365
8108627	3.070629
8108629	3.915211
8108631	3.947978
8108633	5.076882
8108679	3.542284
8108683	5.481412
8108688	3.532339
8108693	2.83892
8108697	6.068481
8108703	3.045361
8108706	3.817956
8108708	3.318579
8108713	2.510552
8108716	4.195645
8108720	3.776343
8108724	2.594261
8108729	4.106473
8108733	4.089489
8108737	3.769329
8108744	5.220449
8108749	3.956731
8108753	3.791316
8108757	4.849616
8108820	4.10153
8108822	5.390908
8108832	7.669484
8108847	8.562987
8108861	9.007713
8108873	9.208015
8108900	5.698453
8108903	5.301744
8108905	3.747843
8108912	6.273538
8108927	7.908782
8108949	4.73504
8108954	8.401256
8108977	5.470938
8108981	4.397408
8108995	3.662678
8109001	8.251577
8109039	2.136159
8109044	3.361391
8109049	5.742755
8109057	2.724019
8109062	8.188394
8109086	6.483943
8109093	8.820457
8109120	5.325467
8109141	7.893423
8109149	6.5155
8109157	5.186747
8109159	2.772429
8109161	6.511705
8109177	4.525389
8109179	6.458612
8109194	4.324804
8109201	7.69416
8109222	10.75535
8109226	6.337025
8109236	4.423757
8109254	6.535613
8109283	7.480349
8109303	3.56867
8109305	6.024567
8109315	5.783767
8109326	6.210523
8109333	6.509289
8109344	9.415129
8109350	6.890413
8109368	10.06644
8109383	4.277032
8109401	2.783806
8109403	8.059534
8109407	6.913116
8109426	5.110028
8109428	7.020494
8109436	3.672469
8109438	8.965566
8109462	8.508447
8109475	5.601689
8109484	3.410344
8109486	5.594096
8109490	3.651942
8109503	2.098056
8109505	4.549056
8109507	4.026313
8109526	2.291823
8109528	6.933908
8109563	5.544101
8109570	2.045084
8109572	3.462237
8109576	7.150083
8109585	5.268919
8109591	2.348828
8109593	4.597626
8109595	4.205473
8109597	7.184545
8109610	2.476727
8109612	5.971835
8109618	2.631844
8109620	6.590995
8109629	5.925921
8109637	3.610359
8109639	5.221756
8109649	3.646671
8109651	3.919156
8109663	3.964033
8109677	3.136993
8109693	4.994535
8109695	1.820554
8109697	8.975756
8109712	3.126812
8109732	9.057291
8109746	4.750332
8109748	3.054093
8109750	10.63943
8109752	4.196876
8109773	8.132782
8109802	8.987422
8109819	5.716933
8109821	13.12547
8109824	2.244028
8109826	2.52456
8109828	2.065953
8109830	5.551233
8109843	4.970808
8109901	6.021428
8109908	4.389865
8109912	4.183316
8109926	11.24148
8109938	7.071666
8109967	4.881575
8109969	4.845529
8109973	3.804339
8109975	5.224478
8109981	5.589539
8109990	4.3963
8109995	2.900037
8109999	8.760611
8110018	2.074478
8110022	10.45508
8110032	7.138774
8110043	4.929771
8110055	8.458881
8110068	3.738319
8110074	3.861481
8110084	7.337182
8110090	7.68932
8110104	4.273591
8110106	4.950621
8110112	3.139114
8110114	5.129495
8110123	5.064565
8110147	4.368054
8110158	5.18871
8110166	9.043904
8110169	8.250402
8110183	4.871449
8110216	2.416131
8110218	7.340441
8110224	7.742699
8110237	5.480746
8110253	6.563559
8110265	4.843575
8110289	8.129373
8110318	8.928935
8110327	6.293168
8110347	5.805685
8110362	7.571218
8110382	6.35286
8110392	8.957656
8110399	6.901979
8110408	7.849125
8110415	8.389836
8110417	5.371253
8110427	6.226218
8110430	6.565599
8110437	8.274173
8110450	10.07716
8110461	5.27112
8110463	5.243254
8110472	4.235809
8110478	5.304617
8110486	6.011849
8110491	4.299819
8110499	8.011794
8110518	4.992716
8110520	3.427801
8110522	11.8907
8110546	6.836964
8110562	5.525414
8110569	10.27338
8110587	2.026521
8110589	8.713289
8110604	5.049595
8110606	4.694409
8110616	2.985294
8110618	7.562089
8110620	3.220673
8110629	2.586981
8110631	5.558815
8110647	4.576351
8110649	6.517129
8110666	6.755368
8110668	6.20418
8110670	6.821976
8110672	5.353336
8110674	2.370608
8110676	4.976848
8110678	6.918627
8110681	5.664805
8110685	6.409647
8110688	5.6244
8110706	5.698899
8110708	5.736048
8110721	5.681321
8110734	6.939022
8110755	6.638233
8110783	6.306897
8110803	8.913143
8110821	5.98267
8110841	6.95957
8110858	7.790839
8110861	11.23208
8110865	5.123923
8110872	6.389341
8110880	1.811173
8110882	4.423718
8110886	7.213265
8110894	9.094858
8110914	10.19106
8110916	8.054716
8110920	5.072
8110928	1.785527
8110930	4.527332
8110932	8.226765
8110960	3.539862
8110966	7.259925
8110971	6.752197
8110980	3.55138
8110982	10.08359
8110990	6.131807
8111017	1.997952
8111019	5.283616
8111099	10.03032
8111101	5.267922
8111118	2.549685
8111122	2.894236
8111124	2.898333
8111127	3.816051
8111129	7.485908
8111136	5.02513
8111151	4.075878
8111153	6.89385
8111197	2.223529
8111199	3.147542
8111201	3.423406
8111203	4.852853
8111210	10.97752
8111212	5.27691
8111214	5.074703
8111216	6.439475
8111218	3.133435
8111220	3.631282
8111234	2.809419
8111251	3.747567
8111253	2.973456
8111255	3.490759
8111269	2.084145
8111271	2.788986
8111284	3.814762
8111286	7.153332
8111327	2.980502
8111331	9.306129
8111339	8.002686
8111358	3.694542
8111360	8.688978
8111385	2.67191
8111387	4.356252
8111415	1.998748
8111417	4.593752
8111430	7.998976
8111443	5.643639
8111455	10.26183
8111457	7.547674
8111474	4.378572
8111490	4.033334
8111506	3.055948
8111512	3.107475
8111524	4.586269
8111533	7.485405
8111552	8.093111
8111569	3.212185
8111584	7.416245
8111627	6.462108
8111629	8.100462
8111668	2.562766
8111670	3.491736
8111677	7.795933
8111698	7.626083
8111739	5.154999
8111757	3.307671
8111772	7.008451
8111788	6.183361
8111796	9.590192
8111812	7.547318
8111814	8.416653
8111821	3.398212
8111864	2.682151
8111887	3.630331
8111892	6.830567
8111913	4.251278
8111915	7.687975
8111922	5.442877
8111925	4.638343
8111930	4.672543
8111932	6.741209
8111941	8.278695
8111952	6.953867
8111960	3.075968
8111974	8.411612
8111989	6.476408
8111991	2.23607
8111993	3.549042
8111998	3.819822
8112007	5.622315
8112014	2.430119
8112016	2.559106
8112020	7.623114
8112033	6.743867
8112041	5.417789
8112043	5.378295
8112045	2.880581
8112053	3.292207
8112070	6.721025
8112072	6.372246
8112081	8.523779
8112107	8.951269
8112121	7.584024
8112139	8.451149
8112157	3.68115
8112159	3.740081
8112174	6.469309
8112176	5.448353
8112178	4.920594
8112180	2.457736
8112182	7.703255
8112196	2.191142
8112198	3.281559
8112202	8.704371
8112220	7.676664
8112256	4.87382
8112258	5.687045
8112260	3.881099
8112274	8.697213
8112285	4.607803
8112302	9.288909
8112306	2.587216
8112310	2.09809
8112312	7.98884
8112327	7.623038
8112329	1.859829
8112331	7.103448
8112333	5.118528
8112335	5.623703
8112337	6.721685
8112342	3.044657
8112376	3.390022
8112388	6.848777
8112407	2.624214
8112409	4.55411
8112422	4.792649
8112424	2.006663
8112426	2.901173
8112428	3.575499
8112433	5.695742
8112435	6.457434
8112437	2.639174
8112439	7.850167
8112458	6.755868
8112469	9.895951
8112476	6.4295
8112478	7.15534
8112491	9.024511
8112519	5.957026
8112521	7.057279
8112538	7.810809
8112558	10.24148
8112560	10.99994
8112564	9.925932
8112570	8.198646
8112582	4.7192
8112584	4.799246
8112592	5.140121
8112596	6.471465
8112607	1.845808
8112611	3.114226
8112613	5.913646
8112615	9.426065
8112622	7.813986
8112647	2.757343
8112649	6.738315
8112664	2.031214
8112666	5.512192
8112668	6.383778
8112672	3.376725
8112687	9.185486
8112709	6.501647
8112724	5.306979
8112726	5.601839
8112728	10.16944
8112731	2.698039
8112740	7.361405
8112746	8.503621
8112761	2.72176
8112763	5.224093
8112767	9.433264
8112772	8.77603
8112801	2.26554
8112803	7.912479
8112807	6.155221
8112822	4.666947
8112841	6.906358
8112857	6.617381
8112865	11.17464
8112881	7.858576
8112883	6.937871
8112886	3.49618
8112888	5.021169
8112890	7.25796
8112892	9.426881
8112894	6.115225
8112896	2.86851
8112902	7.266299
8112914	8.602477
8112916	13.54988
8112918	7.273253
8112920	3.63227
8112940	8.729918
8112959	5.769893
8112961	9.323762
8112967	8.566978
8112971	2.880454
8112980	3.6889
8112994	6.821368
8112996	2.602125
8112998	3.099103
8113003	3.595324
8113006	2.691772
8113008	4.404162
8113010	7.037518
8113023	7.957973
8113035	5.500731
8113037	1.999211
8113039	6.49322
8113050	6.056577
8113059	6.150084
8113064	7.534298
8113071	6.39183
8113073	10.12147
8113083	8.209096
8113094	6.488177
8113097	5.375208
8113103	5.926996
8113113	3.863749
8113120	11.81674
8113122	4.586039
8113124	2.256601
8113130	4.301051
8113157	8.577447
8113202	2.90389
8113214	7.073839
8113220	7.773381
8113232	2.393176
8113234	3.674194
8113250	8.834911
8113274	2.041201
8113276	2.104395
8113278	4.300123
8113286	6.723418
8113299	4.521564
8113301	2.385352
8113303	1.736603
8113305	7.866893
8113342	2.73912
8113344	4.835609
8113346	3.802209
8113348	4.563631
8113350	2.026871
8113352	2.223578
8113354	1.840846
8113356	5.825276
8113358	4.989925
8113367	4.533049
8113369	7.274185
8113385	2.405745
8113403	5.163427
8113413	7.812802
8113421	4.395259
8113427	2.103271
8113429	2.131703
8113431	3.204037
8113433	7.51068
8113443	4.978088
8113445	7.262905
8113467	5.445455
8113469	9.105289
8113481	4.298791
8113483	6.113379
8113489	5.276921
8113491	5.429289
8113502	4.879776
8113504	4.282025
8113512	8.188751
8113542	9.637017
8113551	6.090165
8113573	4.434442
8113577	3.85408
8113591	8.607292
8113602	5.007138
8113614	4.426822
8113616	7.858321
8113623	7.645308
8113641	4.357534
8113651	6.334548
8113658	5.217818
8113660	8.092379
8113664	3.858124
8113666	3.558798
8113689	2.54559
8113691	7.84258
8113699	5.916787
8113703	2.57302
8113705	2.122365
8113709	3.830864
8113717	6.693014
8113724	6.606059
8113726	9.487733
8113733	6.76691
8113759	3.212257
8113761	7.215386
8113771	5.612518
8113773	8.778687
8113782	2.034768
8113784	4.301871
8113786	2.093668
8113788	2.153626
8113790	7.303351
8113796	7.023251
8113800	4.804495
8113871	1.963604
8113873	7.603443
8113879	7.141769
8113881	7.198997
8113914	7.657799
8113936	4.640122
8113938	4.42766
8113981	7.883045
8114002	5.214946
8114006	6.5612
8114010	7.932405
8114023	2.764599
8114030	7.237867
8114050	9.493247
8114068	7.958611
8114080	4.996589
8114083	9.366322
8114111	5.717829
8114113	5.258699
8114119	5.553996
8114136	1.855895
8114138	7.515428
8114145	7.632155
8114152	7.859354
8114158	10.38741
8114171	3.69092
8114185	5.265872
8114191	3.673123
8114193	9.735165
8114203	2.28759
8114205	2.241496
8114207	4.835609
8114209	4.002039
8114211	10.38134
8114213	2.730179
8114215	7.755021
8114225	9.338413
8114239	4.839816
8114245	5.179311
8114249	5.211219
8114256	4.147996
8114263	4.210675
8114270	3.177697
8114273	3.425865
8114287	4.968355
8114300	5.884
8114320	8.947116
8114326	8.003046
8114352	1.862928
8114354	3.798688
8114363	4.165136
8114365	7.20401
8114396	8.081973
8114415	3.042315
8114425	4.095995
8114443	7.393869
8114455	10.21425
8114468	5.415033
8114470	3.365445
8114476	7.139829
8114489	4.079192
8114491	6.224786
8114511	5.350464
8114518	5.567704
8114526	4.849587
8114536	8.01776
8114546	6.305275
8114548	2.143114
8114550	6.463073
8114567	7.681084
8114572	6.065032
8114581	2.089482
8114583	6.890009
8114593	6.696659
8114612	6.148238
8114618	6.944913
8114625	5.118166
8114628	8.009196
8114643	4.621154
8114645	5.610539
8114647	5.638632
8114653	7.416106
8114658	8.279338
8114691	8.388723
8114709	5.90507
8114733	6.505427
8114767	8.728323
8114778	8.389176
8114780	4.508545
8114787	7.245162
8114797	3.962689
8114805	3.969484
8114812	3.816051
8114814	6.734976
8114829	8.544351
8114843	5.255794
8114845	5.913242
8114856	4.440809
8114861	9.488007
8114896	3.639577
8114900	5.374955
8114918	3.680329
8114920	6.593946
8114938	5.248146
8114964	10.35418
8114970	3.31157
8114977	4.134171
8114991	8.12838
8115010	4.032572
8115012	4.949907
8115014	5.394305
8115022	10.69477
8115037	2.206042
8115039	4.580687
8115041	3.611884
8115064	3.781619
8115066	3.603106
8115068	5.264205
8115074	2.353058
8115076	5.443683
8115099	5.033383
8115122	5.629448
8115144	4.548379
8115147	10.23805
8115158	9.32155
8115164	6.651586
8115166	3.396757
8115168	8.041016
8115181	8.69418
8115196	4.885152
8115205	3.243656
8115210	8.204065
8115234	6.105305
8115261	7.926367
8115274	3.516599
8115287	4.567335
8115300	3.343216
8115302	4.633143
8115327	4.774244
8115340	2.155612
8115342	1.791142
8115346	6.999023
8115355	3.920403
8115368	3.897735
8115375	6.550336
8115391	5.412697
8115395	3.032554
8115397	4.541417
8115410	6.520959
8115441	3.62831
8115443	3.241221
8115445	4.225703
8115455	4.291035
8115464	4.780652
8115476	7.500463
8115481	3.882355
8115487	4.858084
8115490	5.322351
8115516	3.738064
8115524	11.12546
8115543	4.055568
8115562	7.542646
8115570	5.01662
8115580	7.763613
8115584	6.169206
8115594	4.91822
8115600	5.404777
8115606	8.079409
8115623	7.643736
8115651	3.799667
8115664	4.68914
8115666	6.773805
8115673	2.516237
8115675	2.046963
8115677	2.256302
8115679	3.689474
8115681	8.327318
8115689	4.620162
8115691	5.348054
8115730	4.73553
8115732	4.724598
8115734	6.696853
8115756	4.699571
8115765	8.355633
8115783	6.595601
8115806	7.691891
8115812	6.576797
8115814	6.745273
8115828	2.308652
8115831	8.659985
8115836	1.942009
8115838	4.043234
8115840	6.504256
8115847	7.409875
8115849	6.171025
8115851	4.157187
8115863	3.148912
8115865	9.033544
8115871	4.530106
8115875	4.402222
8115884	5.073748
8115886	7.970588
8115895	7.577156
8115907	6.700305
8115918	8.273695
8115927	6.136541
8115939	5.456694
8115941	5.626216
8115948	5.748714
8115957	5.115656
8115978	7.008728
8115997	6.949816
8116012	6.540421
8116020	9.380842
8116031	5.709954
8116033	5.237916
8116051	5.960756
8116070	5.635471
8116086	5.506222
8116096	8.553541
8116113	6.604126
8116128	4.685902
8116130	4.753385
8116162	6.197914
8116168	7.081555
8116174	2.575022
8116177	6.913367
8116195	6.468652
8116227	7.734874
8116245	6.706925
8116247	6.652956
8116253	4.601231
8116272	5.489664
8116295	1.797328
8116297	10.62829
8116313	4.680375
8116316	7.623419
8116335	6.352786
8116346	5.212424
8116348	7.842782
8116372	8.212934
8116384	5.189845
8116400	5.270034
8116402	8.698757
8116418	4.095019
8116439	8.055534
8116445	4.899316
8116479	3.670524
8116482	3.938561
8116484	8.019297
8116494	7.568524
8116500	4.181029
8116502	5.151442
8116504	4.886142
8116520	12.10092
8116530	6.261358
8116532	10.4778
8116534	7.099155
8116537	4.685293
8116545	4.1536
8116548	6.520269
8116559	5.017975
8116571	5.612109
8116573	4.369065
8116577	3.407682
8116579	8.831919
8116582	4.491266
8116585	7.215992
8116589	2.314641
8116591	7.246874
8116593	5.184504
8116595	7.28395
8116607	6.022113
8116610	6.115995
8116620	5.521117
8116622	8.043708
8116635	7.033512
8116649	6.55545
8116651	6.401816
8116653	6.55545
8116655	5.84935
8116658	6.288897
8116662	2.558191
8116664	8.616774
8116696	4.142374
8116707	3.893169
8116710	8.012259
8116722	5.113319
8116724	7.170313
8116734	4.68342
8116740	7.61608
8116760	6.781617
8116780	9.76263
8116807	7.246303
8116818	5.361431
8116827	3.025171
8116829	2.165521
8116831	5.459845
8116835	6.3858
8116846	4.683298
8116848	6.104564
8116859	8.726656
8116867	9.446345
8116874	2.803399
8116904	3.489032
8116906	2.485354
8116908	4.709022
8116910	8.129831
8116921	5.570902
8116929	10.61313
8116932	5.350672
8116952	8.075583
8116954	2.0212
8116956	7.253253
8116969	7.692783
8116980	3.758671
8116983	6.489312
8116992	5.367939
8116994	3.831633
8116996	3.610646
8116998	7.385796
8117018	6.904652
8117020	9.347278
8117032	3.374402
8117034	5.231174
8117045	3.476151
8117054	5.127637
8117071	7.4619
8117077	2.372585
8117079	7.641961
8117081	6.839212
8117106	8.996002
8117118	4.131282
8117120	7.809982
8117126	2.047351
8117128	5.224574
8117138	2.882798
8117140	8.317659
8117161	5.032316
8117165	7.605991
8117172	6.02342
8117176	6.394446
8117178	4.012223
8117187	3.477961
8117189	4.433709
8117192	1.991134
8117194	7.77565
8117207	7.549177
8117219	7.190804
8117225	7.70823
8117237	9.347491
8117239	3.669274
8117241	4.528588
8117243	7.701407
8117284	5.163998
8117286	5.40177
8117288	3.193161
8117301	3.194786
8117304	3.605417
8117321	8.142931
8117330	5.951492
8117334	5.119128
8117339	4.675041
8117343	6.800331
8117368	8.124855
8117372	9.191056
8117377	9.734718
8117382	7.150578
8117389	5.282172
8117395	6.895022
8117402	7.757627
8117408	7.922745
8117415	4.420573
8117422	5.592719
8117426	6.545008
8117429	4.040723
8117435	8.169482
8117447	6.764912
8117458	7.864797
8117470	4.871964
8117476	7.179619
8117485	7.78652
8117498	4.322346
8117510	7.499331
8117520	1.85679
8117522	6.735
8117529	2.616117
8117531	4.764663
8117533	6.444088
8117535	6.198131
8117537	4.918036
8117543	4.836471
8117547	5.847199
8117561	3.554117
8117563	3.993083
8117565	5.811346
8117567	3.453291
8117572	4.843783
8117576	2.82147
8117578	2.043214
8117580	4.488318
8117583	5.501462
8117589	4.794838
8117594	5.421086
8117598	6.929136
8117600	5.216313
8117608	4.533391
8117614	4.460781
8117620	4.716222
8117622	3.773648
8117624	3.359302
8117626	5.183798
8117628	3.520859
8117630	5.812239
8117640	5.97311
8117646	6.459265
8117653	6.747702
8117655	6.300335
8117663	3.058638
8117667	5.875534
8117675	4.173797
8117685	5.721902
8117696	6.849322
8117698	6.046821
8117700	3.370401
8117707	4.857648
8117712	3.538172
8117714	3.726089
8117716	3.182649
8117718	2.764944
8117720	4.238632
8117722	3.181657
8117724	2.546952
8117727	3.887813
8117732	3.835094
8117739	6.692188
8117741	6.050606
8117746	5.332593
8117748	4.824876
8117760	9.086535
8117773	6.358843
8117777	11.86377
8117800	12.90681
8117809	3.9551
8117813	12.84054
8117822	4.891294
8117834	7.76747
8117840	5.557776
8117849	5.706647
8117861	7.280037
8117869	6.090093
8117881	7.241813
8117888	9.566609
8117890	11.92732
8117900	9.575195
8117922	5.973151
8117929	8.25694
8117955	8.686831
8117965	5.740867
8117987	6.383303
8117995	10.32193
8118005	3.455097
8118007	5.848726
8118023	5.764095
8118028	6.582209
8118061	4.246267
8118069	10.53318
8118076	4.931596
8118086	5.611577
8118093	6.017656
8118098	5.722147
8118100	5.647918
8118111	8.461212
8118116	6.132048
8118124	6.193609
8118127	6.284488
8118137	4.940852
8118142	5.486079
8118147	6.026235
8118149	6.818648
8118158	5.100391
8118174	7.65354
8118207	6.354025
8118209	5.342642
8118216	4.00589
8118218	10.59238
8118228	6.449582
8118235	5.396437
8118242	4.538898
8118249	5.446752
8118259	6.637184
8118293	5.36508
8118302	6.504166
8118310	11.36088
8118314	10.15351
8118319	6.742229
8118322	7.463052
8118324	7.123165
8118345	9.142159
8118367	7.052776
8118395	6.353587
8118409	5.864056
8118455	5.864056
8118498	5.375106
8118509	6.057036
8118535	7.597116
8118544	6.214566
8118548	10.22967
8118556	5.788957
8118564	6.449838
8118571	8.716244
8118580	9.158847
8118594	8.388868
8118607	5.566928
8118611	2.804416
8118613	8.945762
8118622	7.540294
8118632	5.258095
8118634	7.635218
8118644	9.855042
8118655	7.343615
8118661	6.257883
8118667	9.586708
8118669	4.801324
8118682	7.012831
8118696	5.918763
8118721	6.82408
8118724	4.832845
8118726	5.285604
8118734	7.362109
8118794	7.328443
8118804	5.767008
8118818	2.014379
8118820	2.957974
8118822	2.756633
8118824	5.674659
8118826	7.117664
8118833	6.395709
8118861	4.375943
8118863	8.689346
8118890	5.132093
8118915	6.887538
8118932	6.458261
8118945	7.030105
8118963	6.136065
8118974	9.297206
8118979	3.417869
8118981	4.910787
8118990	5.396153
8118995	4.968385
8119000	7.676539
8119016	8.89328
8119034	7.09675
8119052	4.763796
8119067	7.487497
8119078	4.168148
8119080	10.20452
8119088	6.629703
8119096	4.29786
8119102	3.738622
8119107	5.855024
8119109	8.504635
8119124	5.565602
8119132	6.046987
8119153	9.892189
8119159	6.567548
8119161	7.788352
8119169	6.972606
8119184	6.558401
8119196	5.403583
8119198	8.350219
8119223	3.466454
8119227	7.772946
8119235	5.97075
8119237	5.294201
8119239	2.768045
8119241	2.004366
8119243	2.894105
8119336	2.719133
8119338	5.106077
8119357	4.140185
8119386	4.604364
8119390	5.211901
8119394	3.234537
8119396	5.218251
8119403	3.87587
8119408	7.850462
8119423	5.788045
8119427	5.434993
8119435	5.921592
8119444	6.550499
8119466	5.696016
8119473	8.0086
8119490	2.430119
8119492	6.600761
8119503	7.75357
8119515	4.934218
8119525	4.575197
8119527	2.752455
8119529	8.990807
8119580	3.207023
8119582	6.97908
8119595	7.507127
8119599	5.925066
8119609	9.014428
8119620	4.582962
8119627	7.501001
8119648	8.674149
8119661	6.260559
8119670	6.734669
8119689	7.38996
8119712	7.483299
8119722	6.800508
8119765	6.01187
8119782	4.55619
8119799	3.228514
8119801	7.084641
8119827	2.138141
8119829	6.351751
8119842	8.303486
8119856	2.434183
8119858	6.905889
8119874	6.552168
8119882	3.426874
8119894	3.330094
8119896	5.669287
8119898	7.502359
8119915	5.153954
8119918	4.885457
8119926	7.598129
8119951	4.23093
8119974	6.908795
8119993	11.57693
8120004	4.254146
8120011	3.847902
8120022	8.027885
8120043	7.063031
8120057	6.736992
8120059	2.48177
8120061	7.981101
8120067	6.726388
8120082	3.800292
8120088	3.962569
8120102	9.843458
8120124	3.489002
8120135	4.154932
8120151	3.814871
8120163	2.619601
8120165	4.028842
8120176	4.174756
8120184	3.403172
8120194	4.150732
8120204	4.352124
8120206	3.583395
8120208	4.863865
8120210	5.896031
8120215	8.903421
8120222	6.920329
8120239	7.855705
8120247	4.370963
8120249	13.77658
8120251	8.295812
8120269	6.169581
8120271	5.154931
8120273	6.177049
8120275	2.88577
8120277	4.317887
8120279	8.336218
8120300	2.647431
8120315	2.713467
8120333	1.926244
8120335	8.131105
8120342	4.321815
8120350	2.322425
8120360	2.334499
8120362	2.82147
8120378	6.81634
8120382	7.739119
8120402	4.810138
8120411	6.589575
8120428	8.992571
8120431	7.093925
8120441	8.410547
8120460	3.490242
8120462	2.341092
8120464	3.035963
8120466	2.072932
8120468	3.368633
8120501	4.634374
8120552	6.723759
8120579	5.235961
8120585	7.787762
8120600	3.27916
8120602	6.924904
8120613	4.209278
8120654	3.521044
8120675	4.338666
8120679	2.961176
8120698	6.968291
8120715	2.74906
8120717	4.967048
8120719	3.256903
8120756	5.056803
8120758	8.268683
8120783	10.27723
8120820	4.944895
8120822	4.235555
8120824	2.144032
8120826	5.130057
8120833	10.23959
8120838	2.641275
8120860	9.131808
8120876	4.231833
8120878	3.633646
8120880	8.078438
8120883	7.731869
8120927	6.166606
8120932	4.579365
8120937	4.204311
8120943	7.166991
8120961	4.136487
8120967	6.674211
8120981	5.633176
8120983	3.755128
8120990	3.853309
8120992	8.848066
8121002	7.408151
8121009	4.151771
8121015	3.238762
8121031	9.195297
8121041	4.502232
8121043	7.277814
8121062	2.964623
8121064	3.773397
8121066	2.910956
8121076	10.21896
8121087	7.578018
8121095	6.428066
8121112	6.737735
8121116	2.880403
8121118	6.410653
8121130	6.295903
8121132	3.87068
8121134	2.643841
8121136	3.538212
8121138	3.385001
8121140	2.529233
8121142	2.520432
8121144	7.011901
8121152	6.634671
8121159	3.770953
8121161	8.982996
8121181	2.629949
8121193	3.409343
8121209	6.478217
8121212	6.206072
8121214	5.547277
8121216	5.966809
8121223	1.829015
8121225	3.571847
8121247	1.974922
8121249	2.496704
8121251	2.235547
8121255	2.440122
8121257	7.442268
8121273	5.247323
8121275	6.637326
8121277	9.809921
8121298	3.112494
8121300	7.112012
8121312	6.400448
8121317	2.745276
8121319	4.014749
8121330	2.863081
8121332	1.927997
8121334	3.367351
8121347	1.792944
8121349	6.40166
8121363	2.124143
8121365	6.14046
8121370	5.173866
8121390	3.988406
8121392	4.313443
8121405	5.071173
8121416	5.258803
8121418	7.857715
8121429	8.714996
8121454	5.628784
8121461	8.436862
8121485	2.23913
8121487	2.101679
8121489	8.135941
8121502	8.963004
8121508	2.09766
8121510	7.005056
8121515	5.294163
8121525	7.966083
8121532	4.493691
8121547	3.971807
8121553	3.040971
8121557	2.542365
8121559	4.333974
8121561	3.452488
8121563	9.791672
8121569	4.634208
8121578	8.404778
8121588	5.973009
8121596	5.848596
8121601	3.493496
8121605	2.740354
8121613	6.437143
8121622	3.215417
8121632	5.847157
8121649	3.01069
8121670	2.631676
8121672	4.463141
8121681	4.011508
8121683	3.869292
8121685	7.462159
8121704	9.198688
8121712	4.0689
8121725	3.908593
8121727	3.068847
8121729	2.486595
8121734	7.887725
8121739	4.71104
8121741	2.384989
8121743	9.027971
8121747	2.586863
8121749	4.954567
8121755	3.807057
8121757	5.998238
8121768	3.512095
8121782	10.34163
8121784	3.868917
8121794	5.037002
8121803	3.501165
8121814	3.676844
8121825	6.392407
8121838	5.783372
8121850	4.098547
8121861	6.527132
8121884	5.52997
8121886	8.290118
8121895	6.578592
8121911	2.646541
8121916	3.282465
8121927	7.982413
8121936	3.399565
8121943	2.225147
8121945	2.573983
8121947	3.590321
8121949	4.114736
8122013	7.006657
8122038	4.575936
8122045	5.270123
8122058	2.636034
8122071	4.053851
8122099	3.908161
8122125	2.380103
8122127	3.297449
8122129	2.918002
8122131	3.285769
8122136	9.660568
8122142	7.498328
8122144	6.280926
8122146	2.974349
8122150	4.736372
8122174	8.297676
8122176	4.563235
8122182	8.006783
8122196	6.047737
8122198	7.452002
8122200	3.784105
8122202	7.195793
8122222	3.938724
8122240	2.853542
8122242	7.407549
8122256	5.33452
8122259	5.896027
8122261	3.132356
8122263	1.94435
8122265	7.313765
8122277	3.554533
8122279	8.749163
8122317	10.37303
8122327	7.688331
8122334	5.864487
8122336	7.328151
8122343	7.343099
8122348	8.009061
8122365	9.332023
8122396	8.919329
8122405	3.672671
8122409	7.137709
8122426	8.258739
8122440	7.752731
8122452	3.028035
8122457	6.000601
8122464	7.938769
8122537	3.907393
8122552	3.292366
8122554	5.669143
8122561	3.02628
8122598	5.26666
8122600	8.755738
8122634	4.808942
8122637	7.831531
8122658	3.222114
8122660	7.318174
8122670	3.554281
8122672	9.495713
8122684	7.015429
8122689	8.70562
8122699	8.464561
8122701	5.248576
8122703	5.183758
8122705	8.407485
8122717	6.231812
8122720	3.287766
8122724	4.511077
8122732	6.073744
8122734	7.048367
8122740	6.668172
8122742	6.137224
8122744	5.030462
8122756	6.071188
8122773	5.86809
8122803	2.830237
8122805	2.291393
8122807	6.42521
8122818	7.15172
8122827	4.196195
8122840	4.58356
8122843	6.305161
8122856	4.745472
8122858	2.216025
8122860	3.865402
8122865	2.995091
8122877	1.891843
8122879	2.336013
8122881	1.977208
8122883	2.225597
8122885	2.998543
8122887	3.768006
8122909	8.578943
8122933	4.250164
8122966	4.262514
8122969	2.510144
8122971	8.417982
8122982	7.60782
8122986	8.718897
8123006	7.264074
8123038	6.87286
8123044	7.755946
8123060	5.161774
8123062	10.18138
8123080	6.443703
8123104	4.012705
8123129	7.934427
8123137	6.397069
8123148	8.918141
8123155	4.232532
8123176	3.150886
8123181	8.375746
8123230	5.712456
8123232	5.354993
8123246	3.748051
8123259	4.021059
8123274	8.19318
8123303	5.902871
8123313	2.135839
8123315	7.491735
8123334	5.334305
8123336	3.224679
8123338	1.892121
8123340	4.613196
8123342	7.262981
8123362	5.383769
8123364	4.623374
8123372	6.096349
8123374	4.783362
8123388	4.987896
8123398	4.355511
8123405	4.817773
8123407	9.141669
8123437	4.971071
8123446	4.699584
8123463	7.303965
8123467	6.998754
8123488	5.004489
8123494	8.590189
8123507	7.55762
8123520	6.494502
8123524	7.828282
8123558	5.490225
8123562	8.633199
8123579	4.845243
8123584	4.537948
8123598	8.969647
8123606	5.300282
8123609	5.608217
8123621	8.06309
8123637	6.235599
8123642	4.430688
8123644	6.068794
8123651	5.504663
8123658	6.874969
8123678	6.850922
8123685	2.954062
8123695	6.303847
8123714	3.77351
8123717	5.664596
8123726	4.821765
8123728	5.908905
8123737	4.826529
8123739	4.108612
8123744	4.610968
8123760	6.078548
8123763	5.73598
8123765	2.10802
8123767	10.3348
8123780	2.592113
8123800	7.009264
8123802	8.137607
8123819	5.788286
8123825	8.415314
8123843	2.92672
8123864	6.627153
8123876	3.420871
8123884	4.3091
8123889	3.253245
8123891	5.936368
8123893	3.976006
8123910	3.465878
8123920	3.477155
8123929	4.423017
8123936	7.786641
8123949	3.188682
8123951	7.546935
8123959	3.016798
8123961	6.654475
8123976	6.305053
8123981	5.631459
8123985	3.088343
8123989	8.551233
8124008	7.175019
8124018	2.264883
8124020	4.662953
8124022	7.256895
8124036	2.221162
8124038	4.796155
8124040	6.645026
8124055	4.994661
8124057	3.750616
8124059	8.133869
8124082	7.560224
8124086	2.274951
8124088	7.68604
8124129	6.048765
8124134	7.654505
8124144	8.779044
8124156	2.036393
8124158	2.130076
8124160	2.514819
8124162	2.698181
8124164	3.539612
8124166	10.25303
8124181	2.095137
8124183	6.699384
8124185	3.150625
8124192	3.953946
8124194	4.437638
8124196	6.784654
8124211	5.623984
8124240	4.218606
8124262	9.153411
8124273	9.902663
8124280	5.780615
8124305	6.624772
8124307	4.379269
8124327	4.468044
8124329	2.246875
8124331	3.513887
8124335	4.54806
8124337	2.987157
8124351	3.346697
8124365	4.668869
8124380	6.316763
8124385	7.100556
8124388	4.922211
8124391	6.110394
8124394	4.206732
8124397	7.099502
8124402	5.206856
8124406	8.156435
8124413	6.663932
8124416	7.995036
8124423	7.126903
8124430	6.033926
8124433	3.513607
8124437	6.390046
8124440	4.231705
8124446	5.448884
8124448	6.712564
8124455	2.485242
8124457	3.258151
8124459	6.989381
8124467	4.764663
8124469	9.767208
8124484	4.713982
8124492	6.337793
8124495	4.070224
8124498	5.179474
8124500	2.891237
8124502	6.098704
8124510	4.400536
8124518	2.892653
8124521	7.10193
8124524	5.895646
8124527	5.197669
8124531	8.119092
8124534	5.067471
8124537	3.870118
8124540	4.659783
8124547	3.168261
8124549	2.808223
8124551	6.448248
8124553	5.148831
8124562	5.992144
8124574	5.136608
8124583	3.839468
8124588	3.953821
8124594	5.28836
8124604	2.819083
8124606	2.714118
8124608	3.298025
8124610	8.122667
8124622	4.164651
8124630	3.395906
8124632	3.203496
8124634	3.509798
8124636	2.923959
8124639	2.383961
8124645	3.34492
8124648	2.987752
8124650	7.053918
8124654	6.032402
8124684	4.71661
8124689	6.469049
8124691	5.014559
8124695	6.530549
8124707	9.907789
8124716	4.255993
8124726	7.763519
8124742	7.265498
8124756	7.788486
8124775	7.399712
8124798	5.452285
8124806	5.200606
8124813	5.575997
8124828	8.274768
8124846	4.350872
8124848	7.323354
8124855	5.233772
8124859	5.611948
8124862	6.265595
8124865	5.919133
8124868	6.360083
8124889	6.128211
8124897	4.902571
8124901	12.47736
8124911	12.95885
8124920	3.91401
8124922	2.579405
8124924	4.933733
8124926	9.690916
8124940	5.992692
8124942	4.782785
8124950	7.544083
8124955	5.46257
8124967	8.689743
8124994	7.520875
8124998	6.370998
8125007	4.900843
8125017	7.22424
8125038	5.898918
8125042	5.464157
8125048	7.003318
8125059	9.94771
8125072	5.419845
8125091	6.884443
8125123	6.955433
8125125	6.661061
8125134	5.04404
8125139	8.90724
8125149	11.65226
8125172	7.215145
8125201	6.086462
8125204	7.257376
8125220	5.965693
8125234	5.325722
8125289	5.555991
8125295	8.738588
8125316	5.739863
8125321	5.72959
8125328	7.376992
8125341	6.277125
8125360	7.727275
8125373	6.552928
8125383	5.981869
8125415	2.517567
8125426	5.563029
8125434	4.137218
8125436	6.879921
8125447	5.143754
8125461	3.649242
8125463	7.013689
8125470	4.993228
8125483	7.091665
8125500	8.858703
8125512	8.949595
8125527	4.510339
8125530	7.048399
8125537	8.623747
8125545	5.725415
8125556	9.941389
8125563	3.946038
8125568	6.308228
8125638	7.37294
8125649	8.89666
8125671	7.236975
8125687	8.091879
8125713	10.02322
8125731	7.060239
8125734	6.152527
8125748	8.598166
8125750	11.4184
8125752	9.589938
8125766	7.353682
8125772	5.466978
8125775	7.416268
8125780	5.180706
8125788	7.56905
8125798	6.044623
8125805	5.989733
8125818	6.324029
8125825	9.134626
8125835	9.892674
8125843	6.490497
8125850	7.895529
8125859	6.913502
8125870	4.587874
8125887	7.60289
8125903	5.190127
8125919	6.292487
8125936	4.924811
8125941	8.707498
8125959	4.08524
8125980	4.982
8125993	5.681925
8126007	2.418562
8126016	2.384569
8126018	9.709187
8126033	5.542256
8126035	4.444342
8126058	6.782404
8126066	8.308828
8126086	4.018656
8126093	3.710923
8126095	5.623392
8126102	4.535149
8126119	3.31585
8126121	8.299246
8126135	8.864877
8126145	4.565334
8126147	6.914011
8126153	6.794453
8126163	4.030452
8126173	5.004222
8126184	3.672027
8126212	6.513967
8126214	4.997126
8126238	2.918355
8126240	4.425667
8126244	4.737938
8126248	4.527824
8126259	8.088787
8126269	5.031376
8126279	4.128161
8126288	5.304235
8126296	4.62008
8126301	6.866639
8126303	5.768424
8126310	3.872972
8126312	4.96589
8126324	4.502598
8126337	5.627745
8126347	5.214946
8126360	7.835595
8126369	3.669507
8126371	7.832953
8126379	8.004466
8126382	7.59742
8126387	5.172189
8126394	8.823337
8126402	7.672915
8126428	8.607798
8126432	2.197152
8126434	2.282146
8126436	4.490731
8126442	6.460565
8126446	5.460015
8126450	10.77276
8126452	6.622326
8126474	8.152569
8126482	5.46054
8126484	5.842485
8126486	6.902752
8126512	8.258095
8126524	7.125099
8126531	5.446157
8126542	5.928267
8126556	5.659724
8126566	5.695437
8126574	9.274219
8126588	7.687729
8126629	8.149274
8126646	8.123528
8126653	7.974041
8126658	7.477579
8126666	6.906856
8126674	4.557639
8126681	6.196452
8126705	3.145969
8126710	4.796585
8126729	6.928315
8126750	7.270159
8126760	6.549962
8126770	5.52059
8126784	6.527426
8126798	3.929401
8126820	11.14451
8126839	10.72847
8126853	4.334802
8126855	5.319444
8126860	7.95814
8126878	3.784118
8126891	4.541142
8126905	10.17066
8126916	4.556108
8126920	3.385887
8126931	1.888661
8126934	2.335016
8126937	4.606709
8126939	2.288778
8126943	2.269511
8126946	2.73257
8126948	4.157684
8126950	6.235812
8126952	10.24958
8126954	9.176693
8127024	4.536121
8127031	7.46216
8127051	5.906127
8127065	3.247852
8127072	5.894234
8127079	2.591085
8127087	3.500517
8127094	4.832393
8127107	5.061641
8127109	7.413216
8127128	6.995531
8127130	3.312088
8127141	2.29032
8127143	2.659066
8127145	8.876413
8127156	3.726144
8127158	9.685146
8127177	4.82473
8127180	3.006542
8127193	3.114883
8127201	4.042435
8127234	8.315034
8127346	6.921584
8127360	4.374465
8127362	2.171339
8127364	7.096989
8127370	3.20881
8127380	3.676785
8127391	2.953476
8127393	2.810438
8127396	2.875221
8127399	3.198162
8127408	2.339693
8127419	7.649531
8127421	5.172212
8127423	9.598803
8127425	10.04352
8127446	5.21296
8127484	4.613871
8127496	2.758578
8127498	4.848058
8127500	3.88237
8127502	5.579407
8127507	3.74033
8127509	2.348098
8127511	4.927863
8127522	3.546878
8127526	9.446177
8127532	5.765413
8127534	6.136761
8127542	6.524731
8127544	7.967964
8127549	8.83055
8127563	4.096735
8127629	7.742448
8127637	10.13589
8127646	4.351882
8127656	2.693346
8127658	6.682756
8127660	5.179178
8127662	3.853585
8127664	2.689308
8127666	3.26323
8127686	3.586756
8127688	1.752775
8127690	6.977681
8127692	5.244279
8127696	4.462762
8127698	8.521336
8127743	7.875059
8127752	3.123392
8127754	3.816051
8127756	4.932227
8127767	2.792048
8127776	2.68621
8127778	7.332366
8127787	8.588935
8127822	6.053441
8127824	4.432185
8127841	7.585766
8127854	4.826013
8127872	4.465326
8127903	5.16884
8127932	3.321714
8127943	8.698768
8127977	8.534403
8127987	8.009935
8127989	7.873456
8127991	3.187142
8127993	2.131499
8127997	1.849621
8127999	3.352606
8128001	3.751108
8128007	3.63762
8128013	8.206005
8128034	7.575855
8128043	3.216595
8128052	7.292383
8128079	3.61906
8128087	3.884785
8128099	5.233106
8128109	3.366854
8128111	7.970164
8128123	7.673115
8128133	7.693415
8128138	7.576698
8128245	2.323673
8128247	4.522659
8128258	6.325752
8128260	8.150112
8128282	2.916112
8128284	3.483104
8128308	3.894746
8128310	1.92845
8128312	5.469166
8128314	2.590783
8128316	3.464538
8128322	7.150436
8128329	5.260471
8128356	7.56588
8128371	5.108535
8128383	4.973113
8128394	9.066359
8128409	5.997229
8128429	9.117448
8128445	1.748208
8128447	4.0708
8128459	3.370547
8128472	9.022201
8128522	7.854888
8128549	4.349315
8128553	6.094497
8128565	4.473721
8128572	8.256977
8128592	9.225182
8128604	5.625347
8128606	6.006268
8128618	2.669373
8128620	5.098567
8128624	4.319106
8128626	7.011295
8128638	5.085107
8128650	10.82208
8128667	5.82656
8128669	6.531558
8128683	8.234715
8128695	3.648796
8128698	7.688523
8128712	5.890647
8128714	3.186977
8128716	12.03951
8128726	4.645063
8128737	5.531147
8128767	6.783445
8128777	4.151325
8128788	4.943105
8128795	6.608708
8128818	3.6265
8128837	3.10389
8128843	4.644958
8128850	3.445521
8128865	5.558303
8128867	7.70434
8128886	6.886392
8128888	3.791609
8128890	3.878699
8128892	2.846908
8128894	6.466115
8128934	2.60821
8128936	2.629538
8128939	7.856436
8128954	1.89568
8128956	5.737082
8128977	7.347974
8128991	3.933735
8129037	5.119901
8129039	6.084317
8129043	3.004506
8129045	8.790768
8129062	6.124843
8129067	4.504965
8129069	3.089967
8129071	7.842093
8129082	4.296761
8129087	4.54426
8129089	6.635945
8129095	8.485559
8129097	6.055362
8129099	10.00792
8129105	3.731741
8129108	5.232187
8129120	6.708492
8129125	2.954603
8129134	3.172124
8129179	2.776558
8129181	8.126494
8129193	5.030949
8129214	6.385511
8129218	6.763501
8129231	3.771229
8129254	8.928399
8129271	2.292368
8129273	6.794901
8129309	3.053687
8129311	2.538702
8129313	2.253563
8129317	9.825747
8129330	2.501943
8129363	7.390031
8129375	5.940085
8129377	3.138676
8129379	9.53295
8129390	5.948399
8129392	3.273783
8129410	4.850192
8129418	9.402087
8129454	5.767082
8129456	4.215443
8129458	7.270687
8129476	2.874872
8129482	3.59725
8129497	4.575232
8129522	8.817403
8129558	7.778192
8129560	7.174883
8129562	6.642604
8129573	2.775481
8129590	8.815884
8129604	3.969697
8129608	3.196798
8129610	2.956281
8129615	6.903979
8129618	5.990354
8129627	4.186068
8129637	8.432515
8129649	8.548201
8129666	6.658117
8129675	6.439218
8129677	7.543327
8129693	3.333457
8129695	4.294545
8129706	8.378588
8129728	7.427898
8129761	2.45325
8129763	3.653432
8129773	9.348465
8129783	8.654359
8129804	8.834941
8129835	2.924736
8129837	8.193122
8129848	3.105006
8129861	9.060081
8129872	4.627992
8129876	4.394143
8129880	10.95088
8129888	6.22207
8129899	3.295587
8129901	8.080275
8129924	3.736537
8129937	7.365135
8129943	4.469229
8129947	3.672047
8129953	7.5325
8129963	7.692398
8129974	8.156513
8129985	7.178335
8130003	6.857987
8130009	8.004387
8130011	3.23902
8130013	4.42321
8130027	3.638308
8130032	7.52926
8130038	7.619312
8130071	7.998292
8130073	6.729795
8130087	7.488795
8130102	5.996105
8130116	8.024017
8130129	8.821634
8130142	7.659994
8130151	4.433965
8130163	6.48538
8130173	6.210282
8130176	4.854891
8130181	3.67149
8130183	2.687738
8130185	6.36316
8130191	6.159758
8130209	2.522914
8130211	5.184566
8130370	3.183828
8130372	3.443923
8130374	4.89895
8130383	7.03589
8130394	6.411057
8130401	2.648832
8130403	8.260999
8130406	2.232015
8130408	6.389535
8130422	6.17796
8130436	3.812351
8130438	6.479275
8130447	4.072577
8130462	7.027362
8130464	7.880795
8130470	6.551203
8130472	2.198987
8130474	7.150848
8130495	2.574194
8130497	2.375206
8130499	8.360202
8130505	11.32451
8130522	4.389657
8130528	7.210684
8130539	5.251556
8130553	4.227358
8130556	9.459169
8130565	6.04404
8130567	11.33912
8130578	8.515729
8130580	5.859137
8130582	4.289178
8130598	4.401408
8130608	4.452981
8130622	7.654601
8130624	7.593869
8130626	4.248836
8130628	4.505197
8130641	4.578137
8130645	5.898206
8130660	5.685194
8130662	2.960022
8130664	2.707076
8130674	6.098345
8130701	2.145923
8130703	5.249373
8130715	6.269841
8130720	7.858323
8130732	8.275955
8130739	7.640831
8130765	7.876233
8130768	8.507286
8130783	5.404006
8130785	5.245314
8130787	4.864769
8130803	4.560939
8130807	3.908487
8130811	4.487733
8130817	5.73043
8130824	5.392587
8130827	4.880427
8130837	4.571059
8130859	5.453911
8130867	4.384655
8130891	6.381189
8130916	7.808334
8130927	3.944387
8130934	3.459268
8130939	5.680233
8130952	8.260794
8130962	7.794902
8130976	4.560939
8130980	3.908487
8130982	4.487733
8130988	7.789318
8130993	5.485279
8130997	4.499546
8131000	7.083989
8131013	8.97915
8131042	6.009467
8131044	7.774544
8131056	6.686677
8131067	5.240713
8131069	5.025303
8131087	7.495142
8131091	6.360785
8131096	4.827796
8131098	5.995986
8131101	6.199347
8131111	8.779429
8131135	6.978394
8131140	5.768871
8131143	4.730971
8131155	6.814587
8131179	6.404593
8131195	6.379139
8131203	3.269159
8131205	5.843607
8131253	7.289944
8131263	5.913258
8131265	6.375749
8131286	6.639965
8131292	7.083954
8131296	6.559457
8131301	3.500002
8131303	7.579893
8131324	4.368814
8131326	5.271174
8131335	2.579491
8131337	5.389367
8131339	7.276196
8131349	4.857665
8131356	8.186791
8131374	7.242707
8131379	6.137321
8131381	3.090766
8131385	4.208656
8131387	6.9804
8131406	8.249594
8131412	4.704683
8131414	7.794143
8131427	7.449605
8131438	6.825013
8131441	5.214946
8131444	6.000198
8131452	3.20955
8131475	7.480246
8131479	9.278955
8131494	4.883079
8131496	7.496574
8131506	5.078115
8131512	7.221682
8131515	3.624722
8131519	7.922636
8131539	9.012956
8131550	8.502277
8131573	5.417799
8131581	4.062512
8131583	7.864857
8131600	10.29019
8131612	4.116533
8131614	10.06262
8131631	5.572239
8131661	10.39899
8131666	9.113869
8131682	2.473389
8131703	3.04522
8131705	6.17844
8131707	3.623133
8131709	7.169608
8131719	3.665006
8131801	2.711059
8131803	3.625583
8131811	9.978147
8131813	7.277865
8131815	6.930132
8131831	7.372865
8131844	6.897309
8131860	6.770331
8131869	7.735173
8131871	7.121298
8131881	6.88026
8131890	3.74686
8131917	5.951231
8131919	4.356538
8131925	2.909514
8131927	5.097133
8131942	5.061314
8131944	6.744304
8131949	7.94268
8131957	6.02934
8131965	6.006546
8131967	4.921871
8131970	6.785965
8131975	10.27575
8131996	4.925954
8132013	5.841658
8132031	8.506557
8132034	3.430476
8132036	5.684271
8132043	3.815578
8132045	7.516867
8132055	6.9987
8132062	9.154747
8132070	8.554918
8132092	5.331491
8132097	5.558994
8132118	4.837304
8132130	5.176634
8132151	3.7825
8132167	3.605713
8132182	4.384767
8132188	7.593103
8132209	7.495733
8132212	2.462285
8132214	6.976272
8132218	7.385257
8132245	4.105736
8132248	4.830844
8132250	4.537668
8132270	4.0413
8132286	3.443643
8132288	2.462285
8132290	6.58012
8132292	8.12912
8132302	5.332932
8132305	5.976299
8132318	3.462991
8132343	3.282339
8132345	2.087113
8132347	3.88191
8132349	2.724932
8132369	5.420579
8132376	6.891813
8132387	4.817116
8132399	6.894907
8132404	3.596659
8132406	7.449473
8132413	3.232736
8132415	2.344704
8132417	8.652387
8132439	4.382601
8132458	7.136022
8132463	2.875767
8132465	3.932589
8132493	3.645123
8132503	7.070039
8132513	4.936364
8132515	6.749936
8132523	7.344666
8132531	5.973753
8132539	9.038423
8132557	5.857716
8132580	8.580994
8132589	10.24721
8132592	8.762478
8132617	7.196498
8132642	7.593829
8132646	6.678891
8132660	6.157513
8132667	5.073432
8132690	6.21338
8132692	4.187393
8132694	6.519819
8132705	3.748345
8132707	4.734305
8132710	3.57389
8132715	4.244111
8132725	5.715861
8132743	6.520755
8132803	3.605445
8132805	6.491689
8132811	2.49647
8132813	2.835348
8132819	4.501723
8132830	6.015456
8132832	5.450759
8132838	4.666071
8132840	4.676326
8132843	6.785155
8132845	3.338315
8132849	6.109672
8132851	4.704175
8132856	2.042957
8132858	5.40966
8132860	7.732085
8132897	8.147334
8132909	4.852799
8132911	4.037927
8132913	3.68455
8132915	3.011758
8132917	5.080129
8132922	5.982408
8132929	8.056456
8132943	9.416039
8132960	4.813957
8132962	5.902494
8132964	9.142065
8132978	7.842192
8132980	6.379037
8132984	2.405852
8132986	1.98913
8132988	1.724215
8132990	1.97916
8132992	5.994629
8132994	2.001299
8132996	2.53198
8132998	7.124012
8133000	1.913913
8133002	1.811173
8133004	2.692323
8133006	2.016787
8133008	1.847745
8133010	1.874927
8133012	6.676457
8133014	2.667663
8133016	2.561737
8133018	3.414448
8133021	4.374104
8133023	3.112491
8133027	8.125947
8133030	7.905653
8133032	3.424934
8133034	4.709441
8133036	2.809033
8133038	5.891831
8133040	1.883382
8133042	2.940268
8133049	6.932105
8133057	6.919132
8133062	6.273288
8133070	8.49509
8133072	5.790998
8133074	7.893424
8133085	2.761648
8133089	5.300966
8133095	8.059795
8133106	8.589021
8133108	5.790998
8133110	5.563012
8133112	4.55239
8133114	7.661882
8133119	5.40533
8133122	7.002227
8133145	8.384684
8133155	6.515595
8133163	4.016576
8133165	4.518588
8133167	5.527597
8133176	8.192509
8133187	2.292768
8133189	3.372088
8133192	9.014695
8133200	4.854693
8133202	5.820981
8133209	5.98034
8133215	5.804131
8133219	8.313035
8133221	5.670352
8133223	3.505039
8133225	2.087974
8133227	1.954416
8133229	2.458615
8133231	2.427039
8133233	6.182306
8133258	4.373176
8133273	7.852682
8133275	7.715209
8133293	3.769427
8133300	10.63578
8133309	9.604002
8133314	6.073149
8133326	6.464894
8133331	7.054519
8133335	6.687226
8133339	7.166171
8133345	8.757727
8133360	10.14673
8133366	4.954738
8133372	6.38266
8133413	7.022214
8133434	9.172539
8133442	6.017375
8133459	5.804326
8133477	6.932572
8133500	4.740805
8133504	10.25325
8133518	5.832127
8133531	10.0141
8133540	6.97467
8133549	8.393709
8133571	6.118237
8133582	5.942463
8133590	6.020828
8133600	6.085919
8133610	8.891076
8133623	5.880448
8133625	5.522795
8133633	7.034212
8133654	6.11622
8133662	9.60347
8133670	9.287672
8133688	6.340782
8133690	10.54898
8133702	2.029017
8133704	6.059873
8133721	12.24802
8133728	4.666182
8133736	6.826602
8133741	9.176322
8133750	3.399947
8133752	7.574068
8133754	10.59993
8133770	6.513272
8133788	7.451218
8133809	7.774775
8133818	6.714962
8133847	2.878399
8133854	1.844166
8133856	3.710077
8133858	2.822737
8133860	4.454902
8133872	4.151879
8133874	7.13068
8133876	3.077929
8133896	11.88467
8133898	2.531434
8133900	3.672072
8133902	8.609847
8133904	3.668302
8133914	8.317776
8133938	9.181662
8133959	3.140182
8133961	3.059147
8133976	3.668329
8133983	7.030356
8134018	3.370293
8134024	4.314997
8134026	4.053379
8134030	5.319996
8134036	8.981123
8134051	5.338091
8134077	2.558279
8134079	7.935943
8134091	8.707305
8134098	7.079693
8134117	6.578513
8134122	7.45873
8134180	8.505473
8134201	7.156559
8134211	6.597365
8134219	6.313898
8134252	1.981749
8134257	3.096856
8134263	5.572188
8134318	8.545619
8134339	4.987395
8134345	2.300754
8134347	2.70997
8134349	5.24936
8134351	7.102458
8134372	3.737651
8134374	7.462165
8134376	3.192799
8134384	4.035437
8134403	4.367812
8134405	2.683144
8134407	6.271335
8134415	4.764367
8134420	3.024024
8134429	6.394277
8134433	4.668652
8134435	7.878575
8134452	6.58847
8134454	8.132122
8134460	5.137186
8134463	5.77943
8134470	7.812589
8134550	4.293541
8134552	8.76745
8134564	4.355203
8134581	9.964849
8134589	6.725006
8134599	7.533807
8134613	5.659899
8134621	6.220231
8134631	7.602868
8134644	7.452022
8134655	3.078614
8134676	2.400014
8134678	2.185445
8134680	8.694925
8134689	6.464327
8134699	9.607508
8134712	6.716969
8134730	3.914079
8134737	5.570323
8134740	7.198853
8134745	5.271755
8134777	5.93738
8134785	3.378188
8134789	7.575762
8134814	5.951634
8134821	7.958544
8134827	6.225902
8134834	6.33616
8134856	5.347213
8134869	5.308498
8134880	7.835671
8134890	8.339325
8134904	6.850545
8134907	5.975512
8134915	4.933372
8134965	7.025333
8134981	8.118375
8134992	7.364017
8135015	6.338193
8135031	6.702353
8135033	6.886834
8135037	4.290746
8135048	3.843458
8135064	8.203713
8135069	5.328581
8135080	7.685994
8135089	5.797365
8135099	5.6794
8135114	7.495914
8135149	5.889864
8135160	3.399947
8135162	6.693638
8135172	5.768558
8135181	6.109671
8135197	5.483862
8135204	5.570965
8135211	7.134904
8135214	2.839262
8135216	3.935778
8135218	3.705162
8135224	3.82709
8135229	7.486486
8135235	8.389425
8135250	9.301922
8135262	4.437618
8135268	9.277197
8135271	4.712179
8135273	6.842577
8135275	5.141521
8135277	9.415297
8135319	7.356381
8135321	2.947522
8135323	6.509868
8135341	3.454775
8135361	2.247612
8135363	4.724146
8135378	9.139085
8135392	8.47934
8135405	2.479679
8135410	5.752799
8135422	7.19158
8135436	6.637318
8135458	6.819589
8135464	9.766373
8135480	6.167457
8135486	2.267485
8135488	3.943336
8135497	7.2328
8135512	6.065389
8135514	7.393971
8135532	4.65617
8135542	3.669707
8135544	3.582558
8135568	7.84096
8135576	9.925003
8135585	6.662422
8135587	8.689876
8135594	6.757332
8135601	7.918909
8135625	9.207859
8135638	6.41127
8135661	6.55298
8135688	7.843743
8135697	2.492339
8135705	4.74586
8135716	2.042156
8135718	7.665244
8135734	5.664784
8135763	4.693858
8135772	3.006147
8135774	6.835605
8135804	3.365673
8135821	4.806673
8135827	3.323189
8135835	2.865588
8135847	2.973454
8135849	3.98122
8135856	7.913533
8135865	3.87749
8135874	2.393079
8135876	9.571527
8135902	6.28069
8135907	5.171319
8135909	5.179451
8135915	6.687718
8135922	6.582417
8135929	6.252423
8135931	7.349134
8135933	6.045247
8135943	7.693718
8135945	4.539926
8135955	8.141445
8135967	6.548323
8135969	4.249614
8135990	5.539557
8136039	8.273398
8136045	6.219814
8136059	5.012528
8136061	6.373509
8136063	2.876081
8136065	6.603834
8136067	6.133278
8136078	3.778031
8136080	5.856811
8136095	9.158624
8136115	4.087635
8136138	2.704942
8136140	6.729452
8136159	5.334593
8136161	3.932924
8136163	8.001042
8136177	6.096637
8136179	3.906605
8136181	3.170959
8136187	2.875145
8136200	5.63664
8136213	3.371487
8136215	3.841425
8136217	3.668379
8136235	5.363103
8136248	5.507947
8136259	9.045897
8136281	3.302734
8136289	5.594403
8136291	2.278255
8136293	9.150734
8136315	4.454286
8136336	2.790351
8136341	8.862692
8136347	3.760728
8136370	2.872491
8136388	6.379675
8136391	3.75153
8136401	7.96868
8136446	2.877678
8136448	4.010854
8136457	2.485354
8136459	3.654063
8136469	3.76164
8136471	6.65902
8136473	7.906632
8136495	5.355291
8136516	7.469539
8136535	6.877147
8136539	9.212244
8136557	5.397919
8136576	5.030272
8136578	2.604764
8136580	6.722388
8136587	2.439348
8136589	5.867443
8136591	7.514665
8136602	7.570656
8136610	2.216026
8136614	7.121073
8136631	8.837179
8136641	5.644149
8136645	6.021473
8136647	5.984472
8136652	4.778332
8136654	5.42275
8136656	3.267549
8136658	5.307864
8136660	2.684602
8136662	5.203192
8136709	4.383374
8136727	5.32376
8136786	1.956255
8136788	2.881561
8136790	4.5586
8136795	3.666825
8136801	6.862365
8136807	7.288141
8136811	6.170914
8136832	4.991959
8136837	4.766219
8136839	5.770771
8136844	3.276052
8136846	3.309926
8136849	9.506154
8136863	7.24161
8136869	8.003413
8136889	6.689937
8136891	3.097552
8136893	5.028792
8136918	7.727369
8136930	3.952
8136932	3.660444
8136934	5.034159
8136936	7.148143
8136938	5.202579
8136940	7.289837
8136954	7.337221
8136961	2.778195
8136963	3.391529
8136965	4.500404
8136967	3.432918
8136969	3.077598
8136971	3.894769
8136973	4.660017
8136975	3.950921
8136977	4.530149
8136979	5.579
8136981	2.593898
8136983	7.823072
8136985	5.86123
8136987	7.894322
8137006	2.522992
8137008	10.14363
8137010	3.610859
8137042	2.499106
8137044	5.620962
8137046	4.725085
8137048	3.419057
8137050	3.795778
8137054	8.045819
8137081	5.211855
8137089	2.319884
8137091	7.278399
8137101	6.980592
8137112	7.741972
8137118	6.253868
8137131	4.332112
8137133	6.891863
8137151	6.858513
8137183	6.166999
8137202	6.977752
8137208	6.35181
8137215	6.323631
8137219	5.786205
8137223	2.328828
8137225	7.570654
8137228	7.062302
8137232	4.526434
8137240	4.315759
8137244	3.997692
8137250	6.207023
8137252	4.875936
8137257	5.184059
8137264	8.164585
8137271	7.340832
8137280	5.74982
8137310	6.017632
8137330	7.60664
8137332	6.641677
8137334	5.705333
8137336	5.580175
8137352	7.136439
8137381	6.836462
8137404	7.302456
8137414	8.823075
8137433	2.788702
8137437	2.91235
8137448	8.058797
8137464	5.630671
8137466	2.45162
8137468	5.684357
8137470	4.680453
8137472	3.806307
8137474	6.204746
8137483	6.168919
8137485	4.287737
8137517	4.747979
8137524	4.602601
8137526	7.301464
8137537	5.518278
8137542	7.47518
8137558	7.237121
8137566	5.075645
8137582	2.819441
8137584	7.08005
8137596	7.905464
8137627	8.218782
8137635	5.302079
8137637	4.900212
8137639	6.948736
8137666	6.821976
8137668	6.830649
8137670	6.113967
8137675	6.141119
8137680	6.572773
8137693	5.871718
8137700	7.310999
8137707	7.150366
8137709	8.034319
8137715	6.49108
8137739	6.949971
8137781	4.784175
8137783	7.800028
8137798	6.748657
8137802	6.022303
8137805	6.934093
8137826	7.352477
8137833	6.963725
8137847	6.6871
8137863	5.056393
8137865	7.139873
8137874	7.05545
8137900	2.929203
8137903	2.929203
8137906	4.856004
8137925	2.673747
8137927	2.727695
8137931	5.15941
8137942	7.306312
8137953	7.894202
8137959	6.941907
8137962	7.114691
8137964	6.131191
8137979	12.493
8137986	6.963892
8138009	3.258292
8138030	8.068319
8138043	3.057229
8138045	9.26485
8138065	5.475175
8138067	6.283925
8138084	4.315425
8138086	3.053762
8138088	6.961984
8138091	7.375152
8138108	10.87532
8138116	7.581134
8138128	8.47643
8138145	8.176219
8138147	9.236321
8138151	7.623538
8138155	5.730499
8138157	5.655129
8138189	5.800272
8138202	8.491717
8138224	9.45007
8138231	5.433841
8138258	4.083805
8138277	4.258062
8138287	3.651263
8138289	3.321227
8138308	1.640779
8138310	2.730648
8138337	2.545712
8138353	4.818181
8138361	9.04287
8138363	3.517864
8138370	7.59503
8138381	10.7146
8138392	8.107162
8138401	8.517451
8138435	4.480587
8138440	3.309773
8138442	6.290182
8138450	5.692894
8138454	6.462848
8138459	3.628703
8138466	10.82237
8138474	4.64443
8138483	1.796802
8138485	6.79841
8138487	8.970472
8138489	5.655194
8138504	7.253071
8138527	3.38041
8138531	13.94636
8138542	3.286988
8138545	7.646881
8138547	7.191812
8138553	3.986903
8138566	3.145283
8138581	10.03966
8138592	9.568907
8138596	7.441604
8138598	2.412656
8138600	2.459426
8138602	3.676347
8138613	6.80154
8138640	8.024981
8138647	4.847598
8138662	2.688126
8138668	2.965965
8138670	10.85844
8138686	3.954988
8138689	9.008268
8138706	2.54737
8138708	5.065815
8138718	5.113557
8138721	5.806382
8138728	4.807153
8138735	7.276977
8138741	6.651995
8138745	6.225474
8138749	7.682788
8138757	6.270637
8138765	6.350953
8138770	7.708868
8138773	9.37778
8138776	9.278538
8138789	5.756147
8138795	2.602447
8138797	4.687916
8138799	5.069189
8138805	5.032191
8138822	5.125468
8138824	9.781305
8138834	6.657601
8138842	5.790455
8138857	7.962039
8138862	6.759343
8138865	4.222015
8138882	4.580128
8138888	3.736229
8138912	5.641659
8138920	5.322186
8138922	7.163514
8138930	5.277935
8138939	4.793133
8138941	5.611256
8138948	4.671875
8138950	6.198944
8138956	2.303834
8138958	3.559155
8138977	5.430068
8138988	3.74732
8138995	4.61059
8138997	5.38161
8139003	7.812562
8139015	5.69434
8139019	3.83955
8139021	5.262961
8139031	4.514859
8139033	5.504175
8139055	5.582211
8139057	4.46436
8139083	5.175785
8139085	5.173202
8139087	2.947189
8139100	3.15803
8139107	3.592157
8139113	4.167039
8139118	4.77926
8139121	4.508142
8139125	4.3156
8139128	4.355648
8139131	4.005079
8139158	5.662806
8139160	6.284061
8139163	3.324956
8139165	8.669038
8139196	1.865043
8139198	7.295179
8139201	6.639012
8139203	8.092825
8139207	5.485286
8139212	4.699449
8139228	6.571265
8139232	6.982682
8139242	4.157155
8139244	8.429913
8139250	7.198908
8139256	6.874337
8139264	9.23489
8139270	6.544112
8139276	6.383903
8139281	6.509435
8139299	7.361413
8139307	4.595026
8139314	5.258602
8139330	4.590432
8139356	7.884214
8139365	2.296876
8139367	5.084445
8139392	8.042517
8139411	9.530278
8139421	8.76291
8139430	8.356032
8139433	4.932445
8139456	6.477505
8139458	5.09445
8139460	5.722364
8139468	6.995652
8139482	6.363194
8139484	7.604266
8139486	5.551337
8139488	9.846454
8139500	6.657298
8139534	5.119099
8139592	7.955822
8139606	3.41238
8139622	2.953959
8139632	5.394864
8139640	4.632401
8139656	4.996531
8139678	3.336562
8139680	5.477421
8139695	3.339271
8139697	4.364907
8139699	3.689057
8139706	8.072826
8139712	7.895646
8139721	2.87636
8139723	6.060329
8139727	3.67966
8139737	6.285151
8139746	3.883234
8139758	8.724901
8139763	6.733628
8139765	3.047103
8139767	4.713323
8139769	6.54466
8139772	4.295546
8139776	2.090407
8139778	4.762845
8139780	6.512221
8139782	1.913625
8139784	2.386959
8139786	3.010006
8139788	2.473634
8139790	3.167843
8139792	2.145385
8139794	2.210909
8139796	5.170276
8139798	1.981502
8139800	2.927535
8139804	4.374104
8139806	1.800503
8139808	1.784399
8139810	3.112092
8139812	1.796418
8139814	1.884086
8139816	5.141942
8139818	1.915038
8139820	5.879279
8139826	5.310283
8139828	6.127913
8139832	8.595449
8139840	9.439752
8139843	2.345068
8139845	4.634874
8139857	3.672478
8139859	8.079194
8139873	5.913958
8139879	9.007585
8139881	4.016398
8139883	6.22194
8139885	4.858678
8139887	6.322415
8139889	8.238043
8139891	8.194248
8139896	10.43246
8139901	3.399947
8139903	2.514709
8139905	2.47568
8139907	6.231418
8139909	3.691297
8139911	3.192384
8139913	2.538544
8139915	3.342318
8139917	4.969783
8139919	4.766213
8139921	4.157545
8139933	2.363102
8139935	6.650814
8139941	3.884828
8139943	5.754817
8139947	7.1246
8139966	5.470592
8139975	5.880448
8139977	8.856899
8139996	6.088118
8140009	6.085919
8140020	7.248617
8140028	4.810254
8140033	4.727117
8140035	4.783424
8140037	8.396775
8140061	7.832343
8140070	6.978658
8140085	4.79433
8140107	7.236501
8140113	5.970536
8140127	3.725867
8140129	7.933244
8140140	9.750535
8140144	6.268037
8140151	6.722996
8140166	4.369582
8140170	8.429045
8140196	8.925516
8140211	6.153914
8140220	8.481153
8140227	6.088986
8140239	10.70103
8140249	6.97467
8140258	10.47265
8140269	10.72128
8140280	10.73001
8140291	4.251334
8140297	7.442087
8140311	7.761683
8140317	4.358156
8140319	4.98426
8140356	6.128644
8140358	3.932671
8140367	4.950559
8140371	6.800026
8140386	6.91188
8140398	7.714083
8140403	5.641378
8140420	6.480243
8140424	6.330185
8140433	6.423886
8140443	6.663517
8140445	6.08947
8140454	5.975603
8140461	7.433668
8140463	5.79175
8140468	7.325739
8140478	8.774715
8140498	2.372999
8140500	5.576668
8140504	4.135412
8140530	2.16086
8140532	2.053177
8140534	9.808936
8140554	4.245312
8140556	3.279674
8140579	3.585793
8140620	5.462958
8140650	6.503869
8140668	3.764123
8140686	3.186752
8140707	5.959045
8140709	7.145841
8140730	7.980442
8140737	6.922607
8140739	5.193197
8140752	3.405607
8140782	4.584355
8140814	7.716813
8140828	10.1329
8140840	10.57226
8140850	5.38933
8140852	4.127674
8140855	1.974354
8140857	2.390598
8140859	6.188945
8140864	8.000767
8140869	2.956321
8140878	7.899534
8140907	4.028318
8140909	3.861859
8140915	7.723781
8140942	7.968704
8140955	7.815362
8140967	7.665631
8140971	7.80716
8140984	3.606557
8140995	2.808442
8141016	5.566827
8141024	7.357226
8141035	4.583796
8141050	10.84181
8141052	3.004545
8141066	3.088428
8141076	8.151782
8141094	7.506494
8141107	7.874933
8141127	2.973037
8141133	9.126256
8141138	2.705794
8141140	5.080475
8141146	1.710066
8141148	2.705786
8141150	7.149284
8141166	9.49595
8141169	7.560401
8141173	4.516923
8141180	6.500421
8141206	9.279799
8141222	11.44623
8141228	5.315813
8141239	3.401866
8141241	8.395118
8141263	5.347878
8141273	7.199224
8141281	3.760695
8141283	6.163096
8141295	9.046408
8141303	5.723125
8141305	7.303991
8141311	5.295368
8141317	3.000036
8141328	8.294584
8141342	3.266155
8141358	5.040315
8141361	5.494809
8141363	6.737943
8141371	4.722363
8141374	7.598514
8141380	6.646483
8141395	7.076309
8141419	6.329298
8141421	5.06713
8141423	4.973506
8141425	6.552449
8141445	7.070167
8141459	5.696463
8141463	4.479425
8141466	5.7767
8141477	6.418915
8141490	8.446712
8141498	5.328815
8141517	6.425852
8141522	5.919593
8141526	6.605483
8141533	4.070716
8141535	6.893104
8141560	4.849434
8141580	4.757904
8141595	6.521422
8141625	5.637961
8141643	6.670449
8141648	6.628224
8141659	6.295653
8141661	5.127566
8141664	6.067235
8141669	4.119139
8141676	5.03428
8141688	6.76148
8141708	6.381984
8141717	7.112748
8141726	2.506637
8141728	7.616527
8141737	4.145804
8141746	2.958748
8141748	4.857812
8141750	5.581629
8141757	6.196209
8141762	6.529983
8141765	7.163391
8141768	6.199897
8141791	9.251849
8141795	9.195314
8141803	6.052234
8141829	8.999192
8141843	4.625138
8141846	3.094328
8141872	7.554017
8141882	3.948052
8141896	4.659954
8141898	6.495545
8141922	5.312102
8141946	2.076727
8141950	3.747863
8142019	7.749804
8142036	7.947108
8142059	6.829582
8142061	5.697138
8142079	2.45384
8142084	8.192124
8142087	6.058289
8142096	7.371374
8142098	6.68552
8142100	7.054528
8142102	6.748884
8142104	6.563023
8142110	11.38478
8142120	10.74608
8142136	7.4903
8142143	9.712311
8142169	3.396838
8142171	2.881565
8142194	5.238546
8142230	3.020194
8142232	3.523849
8142270	3.233314
8142307	7.255794
8142324	6.002609
8142329	3.371017
8142332	4.906754
8142343	6.248849
8142345	5.863846
8142401	3.402213
8142403	2.210089
8142405	7.320945
8142407	9.120137
8142415	8.322391
8142424	2.916986
8142431	7.591825
8142435	3.034385
8142444	2.624137
8142446	4.58511
8142448	2.759434
8142450	2.88742
8142452	3.955711
8142464	4.034458
8142466	4.228987
8142468	10.88303
8142471	3.798423
8142480	2.620336
8142497	4.948184
8142522	2.930514
8142524	11.00869
8142534	2.510788
8142536	3.011463
8142538	2.967211
8142540	10.03316
8142554	7.838792
8142580	4.873211
8142585	8.024696
8142618	4.277593
8142622	5.173967
8142624	2.498965
8142628	2.778938
8142646	3.110623
8142661	2.452055
8142663	8.432998
8142671	8.95463
8142685	3.17098
8142687	4.715092
8142692	3.261659
8142697	6.997404
8142718	3.796512
8142730	7.491334
8142740	7.030441
8142747	5.606237
8142763	4.292506
8142765	5.308323
8142770	6.317921
8142774	7.079453
8142795	6.870991
8142814	3.775682
8142821	6.830387
8142830	6.688314
8142852	8.847152
8142878	7.792028
8142880	3.635092
8142882	3.203495
8142884	4.37628
8142886	10.05208
8142897	2.204917
8142899	6.000363
8142912	7.972081
8142930	5.266706
8142945	6.245328
8142971	6.038722
8142975	3.193524
8142977	2.030242
8142979	6.387541
8142981	7.380616
8142993	6.13926
8142997	5.151402
8143028	7.005925
8143035	10.93725
8143038	6.782104
8143040	5.241011
8143054	7.045606
8143065	8.194677
8143070	6.572001
8143088	7.127901
8143108	2.66902
8143110	5.063868
8143127	4.231054
8143132	9.8085
8143142	2.04337
8143144	4.963649
8143154	4.418133
8143188	8.828321
8143205	2.554161
8143207	2.746392
8143209	4.804496
8143221	5.603731
8143247	6.271811
8143268	3.059348
8143270	5.708391
8143279	8.570623
8143294	2.64082
8143296	5.68634
8143307	8.004539
8143327	8.139254
8143341	8.254773
8143363	4.556651
8143365	4.409286
8143367	8.591764
8143383	5.257298
8143385	7.299208
8143387	10.66099
8143397	4.915239
8143417	8.835215
8143433	6.023856
8143437	3.78598
8143441	7.947244
8143448	5.06427
8143457	2.125105
8143459	3.801761
8143461	3.760905
8143463	3.628309
8143471	3.835183
8143482	4.330749
8143486	2.902941
8143494	3.262805
8143499	6.609515
8143518	5.056211
8143534	4.982736
8143555	3.988897
8143557	3.565739
8143562	2.636397
8143564	5.692374
8143575	6.929486
8143594	6.659273
8143597	3.711823
8143599	5.202579
8143601	6.119748
8143605	5.21872
8143610	7.759095
8143627	5.229846
8143629	7.842828
8143633	7.628342
8143635	4.847882
8143643	5.633913
8143657	3.622828
8143659	3.900727
8143661	5.453735
8143663	6.237132
8143684	9.737202
8143697	5.919986
8143702	5.919695
8143708	7.193792
8143710	3.963664
8143712	2.635562
8143714	6.119575
8143725	7.354803
8143733	7.45753
8143747	2.566973
8143749	5.624054
8143759	5.658141
8143766	7.844129
8143772	6.357107
8143781	4.512741
8143788	5.78874
8143790	7.686182
8143803	6.026849
8143825	5.896904
8143850	6.786261
8143863	8.220013
8143879	7.295476
8143885	4.792276
8143887	5.403653
8143894	2.950624
8143899	5.431414
8143905	6.576473
8143919	5.153301
8143937	4.894123
8143939	5.598844
8143941	6.163304
8143949	6.454372
8143955	5.401674
8143957	8.154829
8143961	7.232237
8143984	5.736617
8143986	3.343198
8143988	8.731605
8144036	3.526903
8144042	4.963513
8144044	4.075249
8144047	6.136377
8144072	4.686523
8144078	6.069587
8144082	6.694475
8144089	8.774226
8144112	6.361543
8144117	2.496327
8144119	6.9706
8144121	6.001616
8144149	3.284344
8144151	2.997444
8144153	6.061956
8144184	8.188782
8144213	4.449719
8144226	2.478839
8144228	6.63811
8144230	4.039164
8144239	8.324928
8144253	4.586241
8144267	6.865313
8144279	6.552833
8144281	5.393181
8144315	6.041677
8144317	5.624286
8144322	4.018851
8144361	6.756075
8144378	6.983124
8144388	4.986217
8144392	3.143279
8144395	5.300867
8144397	4.991778
8144399	2.889972
8144401	3.469849
8144405	2.915388
8144410	7.176018
8144412	7.135946
8144414	7.135946
8144416	7.195969
8144418	7.195969
8144420	7.189259
8144422	6.442157
8144424	5.27241
8144428	5.129043
8144432	5.129043
8144436	5.129043
8144440	5.27241
8144444	5.129043
8144448	4.97895
8144452	2.123331
8144457	3.583674
8144460	3.456515
8144473	3.969871
8144481	3.90215
8144488	7.514042
8144490	7.195969
8144492	7.195969
8144494	7.189259
8144496	6.709392
8144498	5.572434
8144503	4.430946
8144505	7.625891
8144512	2.788887
8144514	4.10931
8144516	6.910417
8144526	3.635857
8144528	7.817518
8144557	6.965078
8144569	4.635464
8144571	2.781817
8144577	5.697369
8144582	2.572991
8144584	4.097834
8144586	7.228176
8144600	3.752476
8144604	6.618206
8144619	6.826846
8144621	4.242571
8144625	4.717687
8144639	4.226808
8144643	5.740751
8144656	4.948709
8144658	7.10397
8144667	4.894661
8144669	10.01482
8144683	4.586185
8144685	7.132054
8144687	2.428284
8144691	3.146751
8144699	6.807938
8144701	3.947681
8144703	6.632876
8144705	5.01648
8144712	3.724266
8144717	6.604547
8144719	1.78629
8144721	3.696759
8144724	2.039252
8144726	8.255861
8144740	4.132414
8144742	3.75592
8144758	9.477937
8144774	7.573962
8144786	8.865713
8144802	4.971014
8144810	4.466838
8144812	8.572147
8144857	4.474075
8144864	2.425853
8144866	2.791711
8144874	3.324425
8144878	3.673392
8144880	8.976282
8144894	8.0866
8144915	4.535689
8144917	4.833697
8144931	9.242442
8144949	4.126869
8144951	8.615068
8144953	8.353542
8144982	5.949455
8144993	4.2852
8144995	5.694804
8145005	6.083385
8145027	7.296346
8145047	6.541956
8145055	5.966009
8145083	4.778739
8145085	6.912886
8145097	3.108925
8145122	5.671111
8145134	3.863934
8145136	7.685373
8145151	6.395667
8145175	6.715176
8145193	6.607872
8145201	8.147745
8145225	3.818149
8145227	6.151932
8145244	5.449464
8145259	7.362191
8145272	6.462385
8145281	8.452633
8145291	7.993498
8145293	7.314869
8145317	3.758477
8145334	2.955363
8145361	4.953207
8145365	7.745508
8145418	4.215837
8145438	3.734686
8145440	8.499626
8145454	9.602931
8145470	5.603957
8145490	7.151335
8145529	6.111596
8145532	5.824115
8145555	6.704019
8145566	3.118485
8145568	5.422657
8145570	2.854949
8145586	9.212764
8145603	5.421946
8145609	2.630464
8145611	7.59323
8145622	5.3936
8145624	6.90247
8145634	2.112213
8145636	7.463109
8145652	8.560439
8145660	7.230555
8145669	8.228477
8145685	7.721736
8145687	1.933122
8145691	6.195117
8145702	6.81826
8145736	3.876877
8145766	3.581858
8145768	3.173589
8145770	3.553802
8145772	2.553097
8145774	2.022584
8145776	4.423243
8145778	2.670255
8145780	2.699268
8145782	6.829873
8145793	8.895561
8145795	5.155604
8145799	5.280801
8145818	3.649271
8145820	2.112592
8145822	3.928373
8145824	2.623083
8145827	3.963205
8145829	6.791275
8145835	7.797988
8145854	8.297191
8145865	5.197511
8145887	6.099794
8145889	7.201389
8145894	9.70523
8145912	2.181385
8145914	7.260676
8145922	7.38618
8145942	4.396285
8145954	8.898849
8145977	8.746474
8145989	5.959368
8146000	10.49614
8146024	3.987605
8146051	2.686023
8146069	3.079709
8146092	5.347727
8146105	3.482676
8146115	6.697803
8146118	4.492375
8146120	3.151994
8146122	8.468536
8146130	3.640974
8146142	9.011374
8146157	2.32163
8146159	7.311734
8146171	8.389289
8146198	7.490176
8146216	10.11884
8146225	7.697598
8146230	3.211861
8146239	5.500569
8146241	2.697824
8146243	9.131874
8146268	7.6366
8146278	8.569707
8146285	9.182503
8146305	6.377469
8146307	2.632935
8146322	2.808609
8146324	2.327026
8146328	5.188927
8146330	3.466616
8146332	2.220276
8146334	4.744292
8146336	8.516403
8146353	2.574768
8146357	6.68975
8146377	2.773129
8146379	8.128375
8146388	4.494195
8146391	4.605054
8146393	2.947758
8146401	3.439021
8146403	3.681133
8146423	3.920329
8146425	3.760381
8146427	3.668631
8146429	4.300976
8146435	4.355818
8146448	7.705258
8146456	4.770241
8146458	2.872561
8146460	4.209212
8146462	6.436553
8146468	2.605258
8146475	5.507219
8146482	7.21943
8146500	8.044246
8146517	6.334456
8146525	3.014522
8146527	2.537464
8146533	5.165329
8146544	7.482338
8146550	10.14601
8146559	5.476529
8146564	10.08569
8146579	7.751281
8146618	4.20875
8146625	4.137681
8146633	4.863486
8146635	1.8626
8146637	9.520823
8146643	5.415549
8146645	4.891413
8146647	3.377092
8146649	7.926597
8146660	2.706055
8146669	4.406659
8146685	6.386574
8146687	6.320267
8146703	4.676266
8146709	1.846675
8146711	6.216993
8146717	5.677361
8146738	4.171487
8146756	6.396714
8146788	6.512304
8146790	5.437648
8146792	3.569759
8146794	3.896417
8146837	2.703364
8146839	3.630078
8146857	3.003283
8146859	7.214743
8146861	4.397483
8146863	3.23853
8146892	3.595809
8146894	3.344001
8146896	3.58674
8146898	3.461357
8146900	2.792588
8146906	4.165321
8146908	4.383113
8146914	7.954966
8146921	8.851698
8146930	6.710655
8146934	2.822939
8146941	5.144391
8146943	2.434073
8146945	6.145309
8146955	8.745363
8146957	3.585793
8146967	3.594562
8146986	6.642861
8147000	5.558555
8147012	4.691994
8147019	7.250192
8147030	3.787344
8147038	2.432435
8147040	6.810248
8147049	7.545102
8147057	7.874671
8147065	2.945286
8147079	5.608339
8147101	6.742791
8147112	7.694023
8147123	5.501386
8147132	5.576635
8147145	2.631984
8147156	10.15559
8147172	9.977457
8147194	2.674765
8147206	6.835564
8147221	6.520965
8147228	8.678267
8147242	2.862113
8147244	2.998869
8147262	7.463627
8147273	3.468867
8147303	9.477756
8147305	4.772409
8147307	5.521849
8147313	6.195964
8147344	9.191858
8147351	10.32474
8147371	5.195067
8147373	6.989452
8147375	7.628698
8147396	7.350407
8147424	5.646104
8147439	8.288723
8147445	2.288987
8147447	8.77056
8147461	8.069176
8147469	7.142951
8147479	4.292223
8147481	7.687811
8147483	9.467113
8147501	2.877001
8147503	10.43803
8147516	5.376453
8147541	2.719978
8147543	5.301379
8147548	5.4613
8147564	3.314573
8147566	4.649001
8147573	5.255305
8147580	7.598837
8147650	4.30786
8147652	1.985868
8147654	8.455793
8147661	7.241416
8147683	5.718758
8147687	4.458329
8147689	4.85543
8147691	3.42925
8147693	5.444645
8147697	8.396785
8147715	3.347285
8147717	3.757223
8147721	4.329247
8147724	7.989467
8147742	2.478188
8147744	3.079128
8147746	3.194488
8147748	1.981669
8147750	2.689977
8147752	2.048751
8147754	1.83846
8147756	5.287233
8147766	8.511689
8147777	5.156876
8147785	7.183666
8147796	3.625861
8147828	2.162126
8147830	2.976825
8147837	3.600573
8147848	8.621958
8147862	3.520653
8147864	7.519574
8147877	3.50272
8147883	7.520106
8147891	2.827713
8147970	7.090206
8147986	2.296708
8147988	3.499661
8147990	6.678963
8147992	3.816051
8147994	6.567697
8148000	4.995598
8148003	3.671166
8148018	4.682329
8148020	4.476966
8148022	4.863593
8148029	4.768878
8148040	12.10364
8148047	1.934063
8148049	5.634349
8148057	12.72024
8148059	10.38628
8148070	4.510192
8148124	4.010222
8148147	3.809613
8148149	7.732294
8148156	2.925292
8148158	4.788397
8148184	5.909509
8148196	5.638419
8148198	6.411502
8148206	2.017203
8148208	9.287078
8148220	7.346877
8148261	2.301166
8148263	6.834226
8148265	7.607622
8148270	8.757766
8148276	5.134038
8148280	7.918693
8148293	6.983654
8148302	5.381248
8148304	6.913004
8148309	3.191125
8148313	3.422452
8148315	5.990014
8148317	5.155473
8148325	5.918283
8148327	4.731325
8148329	6.292366
8148331	2.243532
8148333	9.520914
8148358	7.495426
8148385	5.103904
8148435	5.066984
8148446	1.894573
8148448	8.31057
8148463	4.297369
8148465	4.458035
8148467	7.236803
8148474	5.333564
8148476	6.061995
8148501	5.871676
8148512	6.518054
8148515	3.237548
8148517	5.31775
8148548	9.209892
8148553	5.260443
8148559	6.858847
8148565	3.599938
8148572	9.829584
8148580	4.094687
8148591	6.112789
8148597	5.349143
8148607	6.38454
8148615	5.814884
8148619	4.371793
8148621	6.196369
8148640	6.506775
8148642	6.850086
8148655	6.669835
8148658	7.274869
8148662	6.249725
8148671	4.672637
8148674	6.749751
8148692	5.894416
8148694	7.10395
8148703	6.140324
8148710	6.349346
8148715	8.174448
8148728	8.918716
8148737	7.761264
8148748	5.570263
8148772	7.513555
8148783	7.750254
8148796	5.725046
8148799	6.903724
8148808	6.468591
8148821	5.725046
8148824	7.265901
8148841	7.502759
8148850	6.242069
8148867	6.538387
8148888	6.814663
8148902	6.098434
8148917	6.730571
8148923	6.393555
8148930	7.036548
8148932	6.12172
8148941	6.508381
8148949	6.976028
8148951	5.532867
8148955	7.970373
8148962	5.356081
8148964	6.821976
8148966	4.909833
8148968	4.832682
8148973	6.481034
8148978	4.802726
8148982	5.772981
8148985	7.659612
8148992	4.39157
8149065	3.377093
8149067	3.115142
8149071	4.29827
8149084	3.35017
8149086	4.085506
8149097	4.510044
8149104	4.230269
8149109	3.572937
8149116	5.215492
8149122	5.345068
8149126	5.215492
8149132	5.345068
8149137	5.215492
8149142	4.059317
8149146	5.47753
8149148	6.92726
8149151	7.169611
8149153	7.165489
8149157	7.165489
8149161	7.129826
8149165	7.250843
8149167	7.250843
8149169	3.90215
8149172	3.969871
8149180	3.428943
8149192	3.583674
8149195	2.123331
8149200	4.462762
8149204	5.236722
8149208	7.162789
8149210	7.129826
8149214	7.169611
8149216	7.23089
8149218	7.22173
8149220	7.22173
8149222	7.22173
8149224	7.22173
8149226	7.22173
8149228	7.351574
8149230	2.915388
8149235	3.469849
8149239	2.889972
8149241	4.991778
8149243	5.289173
8149245	3.143279
8149248	6.785609
8149250	7.050005
8149258	6.437182
8149262	2.123132
8149264	7.098022
8149269	2.967717
8149271	4.020707
8149273	4.826988
8149275	3.822273
8149277	3.217207
8149279	4.590925
8149281	3.280933
8149283	4.746755
8149289	6.466502
8149296	5.27307
8149307	5.735435
8149315	7.806957
8149318	2.403683
8149320	4.09785
8149322	1.94435
8149324	4.729589
8149330	11.6199
8149345	7.166396
8149347	2.949272
8149350	3.637661
8149353	2.701119
8149356	5.286836
8149358	4.070947
8149361	4.912729
8149365	6.773859
8149377	2.701119
8149380	3.838357
8149383	4.910231
8149387	5.715891
8149389	7.231888
8149396	3.057089
8149399	7.677931
8149413	4.134991
8149438	3.436571
8149448	3.681466
8149465	5.845252
8149475	9.526246
8149485	3.461542
8149500	8.476761
8149521	2.606332
8149534	12.2405
8149551	6.477668
8149555	7.521477
8149574	4.243103
8149590	5.001575
8149592	4.604751
8149612	5.888436
8149625	3.149729
8149627	2.209016
8149629	4.541533
8149638	5.198577
8149646	6.162331
8149652	6.768029
8149673	7.499289
8149685	4.963838
8149699	5.10388
8149705	7.412788
8149707	7.287405
8149718	5.796483
8149720	5.301593
8149725	5.204927
8149733	7.391597
8149749	6.726491
8149762	6.896635
8149774	5.638685
8149793	9.066734
8149809	5.814807
8149811	6.435207
8149820	6.14154
8149823	2.670793
8149825	4.566984
8149833	5.494215
8149835	4.944912
8149847	6.505371
8149849	5.22823
8149857	7.627189
8149865	3.949322
8149877	4.467505
8149885	4.208749
8149898	4.859023
8149907	6.618832
8149918	5.547524
8149927	9.383404
8149942	7.742971
8149953	4.9354
8149955	3.099894
8149966	5.265719
8149979	4.559742
8149986	7.146377
8150002	5.143369
8150014	7.476721
8150032	4.73301
8150034	5.810719
8150036	9.40888
8150076	7.711202
8150089	11.07032
8150099	3.294594
8150101	3.954514
8150103	7.327565
8150112	11.05304
8150126	8.246112
8150138	3.2911
8150143	3.561696
8150149	5.015459
8150153	3.515528
8150155	1.839213
8150157	2.28095
8150159	2.767601
8150161	1.925516
8150163	2.655394
8150165	6.91509
8150175	6.685007
8150186	6.469135
8150195	4.519474
8150197	4.485348
8150204	6.600358
8150206	8.139677
8150210	2.485354
8150212	2.620304
8150214	5.53824
8150217	7.156762
8150219	6.439062
8150225	9.038607
8150244	4.814305
8150249	4.300412
8150253	4.933912
8150266	7.869098
8150274	4.971619
8150276	7.741928
8150287	8.910316
8150318	5.291211
8150352	3.680147
8150356	7.49866
8150364	7.483937
8150373	4.06542
8150375	2.900537
8150395	2.769563
8150419	4.201137
8150428	5.012607
8150433	6.997505
8150439	4.910545
8150489	7.105722
8150491	8.419045
8150509	8.583414
8150529	4.741266
8150537	7.76779
8150550	3.502824
8150559	6.682696
8150565	8.410294
8150576	3.420993
8150578	5.553432
8150580	2.748851
8150582	1.826377
8150584	2.329703
8150586	3.715381
8150588	2.258039
8150590	4.793304
8150592	7.438862
8150599	8.737178
8150685	3.661597
8150687	3.102881
8150689	10.48304
8150691	2.484831
8150698	3.735738
8150704	3.807676
8150714	10.53328
8150722	3.037035
8150751	4.934161
8150757	7.678818
8150785	4.176519
8150797	8.530041
8150818	9.753551
8150830	9.513635
8150842	5.209979
8150844	6.032259
8150846	7.370502
8150860	5.609039
8150862	4.936046
8150864	5.651
8150866	4.42037
8150868	3.994034
8150870	7.639522
8150872	10.56519
8150877	7.279389
8150879	4.034963
8150881	6.46559
8150889	5.102073
8150901	4.320025
8150906	7.648299
8150908	8.6903
8150918	4.036705
8150920	3.061559
8150928	7.632957
8150960	7.551847
8150962	4.097519
8150974	2.130973
8150976	2.794775
8150978	4.044621
8150988	8.410082
8151032	5.140921
8151042	3.921545
8151052	3.268431
8151054	4.749298
8151056	6.790586
8151066	7.20413
8151074	6.930619
8151090	3.381244
8151092	3.308648
8151099	3.178495
8151101	3.384325
8151118	8.457191
8151123	3.722794
8151125	7.499447
8151127	1.946372
8151136	7.098026
8151149	9.116446
8151191	7.847859
8151205	3.369517
8151207	6.02675
8151209	6.592693
8151211	6.359621
8151215	2.487884
8151217	1.929205
8151219	2.861604
8151223	4.087638
8151234	4.385965
8151236	4.152144
8151238	4.299537
8151240	4.491378
8151250	2.915387
8151252	4.605003
8151254	8.9501
8151281	11.19566
8151296	5.869592
8151306	4.162033
8151310	4.050073
8151332	2.041611
8151334	4.246879
8151341	3.176205
8151367	2.657315
8151369	5.991287
8151376	10.30009
8151384	7.502608
8151401	8.703989
8151411	9.006998
8151413	6.186825
8151421	2.649562
8151423	7.049203
8151430	2.262026
8151432	3.458842
8151436	7.229422
8151445	2.394832
8151447	6.187852
8151457	5.461789
8151471	6.461622
8151475	8.366271
8151490	2.004764
8151494	4.406706
8151496	8.067246
8151508	3.723094
8151510	5.110967
8151512	6.942739
8151525	2.948897
8151532	2.856404
8151540	8.065241
8151542	2.453442
8151547	4.743089
8151549	8.176024
8151559	6.470204
8151561	9.21414
8151572	6.104371
8151583	2.144125
8151585	2.193089
8151587	6.108876
8151592	3.776175
8151603	6.204659
8151605	6.268642
8151607	6.204659
8151609	5.759379
8151613	6.268642
8151615	5.422637
8151617	6.268642
8151619	6.280412
8151621	6.268642
8151623	6.204659
8151625	6.268642
8151627	5.410045
8151629	5.773554
8151631	5.306144
8151633	4.40419
8151637	2.839596
8151644	7.430893
8151657	2.396009
8151659	3.472905
8151679	4.518079
8151684	2.524874
8151686	3.188009
8151707	2.695712
8151709	6.627627
8151711	8.309471
8151730	8.37083
8151743	5.289015
8151745	4.120059
8151747	7.718807
8151756	6.727356
8151764	4.810042
8151766	2.767327
8151768	3.953379
8151784	6.153453
8151788	8.297155
8151795	4.299187
8151816	5.038842
8151824	5.419075
8151842	7.555948
8151869	4.151705
8151871	3.034614
8151888	2.090223
8151890	8.646941
8151898	4.670254
8151906	5.362601
8151909	6.006593
8151917	5.046863
8151927	2.792049
8151929	4.707924
8151931	7.778694
8151935	11.50379
8151942	6.558754
8151952	9.428955
8151967	7.400088
8151987	4.202966
8151991	4.597668
8151993	8.99559
8151999	2.686611
8152031	3.059471
8152041	9.742746
8152053	6.898762
8152062	8.541538
8152079	12.60457
8152090	2.217037
8152092	2.793518
8152096	11.26538
8152111	7.536379
8152115	4.932871
8152117	4.96448
8152119	7.720233
8152131	2.276847
8152133	7.928954
8152148	8.753858
8152211	6.108298
8152213	2.921309
8152215	7.51614
8152222	9.927226
8152240	5.280075
8152242	2.20916
8152244	2.555843
8152246	1.997253
8152248	2.255751
8152250	1.785213
8152252	4.426087
8152255	8.142488
8152264	4.510003
8152278	2.413269
8152280	4.268745
8152289	2.812322
8152291	4.911607
8152297	3.439806
8152314	4.410844
8152323	9.062782
8152333	11.31155
8152335	4.892399
8152340	7.288386
8152355	7.05601
8152369	5.551627
8152374	1.954912
8152376	3.348614
8152451	1.887492
8152453	7.67479
8152463	5.082169
8152465	9.608637
8152477	9.175751
8152491	6.683881
8152506	8.635883
8152512	4.27385
8152522	4.65786
8152551	3.154455
8152553	7.976992
8152582	3.111548
8152595	3.173455
8152597	3.68924
8152606	7.352378
8152617	4.975291
8152628	9.122504
8152640	2.838785
8152642	5.071591
8152648	7.015421
8152656	7.596054
8152664	5.34231
8152666	5.620059
8152668	5.962862
8152703	7.966572
8152715	4.748857
8152719	3.690269
8152734	2.743757
8152742	3.387986
8152750	6.754064
8152759	6.721558
8152764	6.644721
8152782	7.780807
8152812	7.124711
8152815	4.760048
8152821	2.892354
8152828	4.92016
8152845	7.501167
8152863	6.469663
8152865	7.121171
8152867	6.632835
8152900	3.925099
8152902	4.596538
8152922	2.114253
8152924	5.174727
8152938	4.083898
8152946	5.333179
8152962	5.14961
8152976	6.769335
8152988	5.09243
8153002	10.21636
8153021	7.962082
8153035	2.034927
8153037	2.918962
8153039	4.214353
8153041	4.953533
8153043	5.798655
8153065	2.507995
8153067	3.364141
8153069	2.259449
8153071	3.52788
8153101	6.245488
8153167	4.187812
8153175	7.561473
8153201	7.317779
8153223	10.01777
8153258	5.77332
8153262	6.406051
8153269	5.688988
8153273	4.890345
8153304	5.941786
8153322	6.596934
8153328	6.983132
8153334	6.799586
8153336	6.092866
8153342	6.844899
8153346	6.822951
8153359	6.063983
8153363	5.026075
8153373	5.396751
8153380	6.181048
8153390	7.177972
8153405	5.3537
8153409	6.320942
8153411	6.65727
8153424	5.689878
8153426	6.906945
8153430	7.66043
8153449	9.859958
8153457	6.163941
8153459	6.387401
8153474	9.14417
8153486	5.762672
8153488	7.290139
8153497	6.759668
8153536	8.236451
8153550	6.416406
8153568	8.259228
8153609	6.907937
8153625	5.732187
8153652	7.52499
8153664	6.658173
8153678	7.195296
8153684	8.735214
8153704	5.090655
8153709	5.624378
8153727	7.433018
8153762	6.854483
8153776	7.857871
8153790	5.495328
8153819	6.961434
8153823	6.818016
8153828	5.620997
8153835	4.980223
8153838	5.652564
8153862	6.666623
8153868	6.700774
8153876	5.276047
8153890	6.963509
8153896	5.4661
8153903	11.68359
8153911	6.457637
8153920	6.870302
8153930	5.557785
8153935	6.747103
8153937	6.521669
8153939	8.735214
8153959	9.072422
8154012	8.548856
8154034	4.426367
8154043	4.996709
8154047	3.221111
8154057	2.220368
8154059	8.762178
8154100	6.153337
8154124	4.508022
8154128	2.91822
8154130	4.400752
8154132	5.167229
8154135	5.28848
8154151	7.188453
8154153	7.835063
8154163	7.151645
8154176	2.604002
8154178	7.293913
8154207	5.485588
8154209	5.077581
8154211	3.924271
8154213	1.56223
8154215	2.420763
8154217	2.908665
8154219	2.548515
8154221	2.842234
8154223	2.403184
8154225	4.921875
8154227	6.153255
8154229	3.298988
8154233	4.75951
8154245	4.813079
8154254	7.224602
8154283	3.335146
8154285	3.461017
8154295	2.679348
8154305	10.46235
8154307	3.410067
8154316	7.471272
8154333	8.240243
8154357	9.101035
8154359	8.427139
8154363	7.294375
8154367	3.217277
8154379	3.038997
8154381	8.212355
8154386	3.957942
8154388	10.54444
8154392	3.924711
8154394	8.641642
8154414	2.369791
8154416	5.930058
8154447	4.467907
8154449	3.567819
8154476	6.590963
8154491	3.814612
8154510	2.571057
8154512	4.961937
8154523	7.277571
8154527	5.452556
8154529	2.297222
8154531	9.270591
8154563	11.01929
8154574	7.657288
8154620	6.162369
8154622	3.586018
8154627	3.508234
8154635	7.782672
8154654	5.126012
8154656	6.469933
8154660	3.428071
8154662	4.150604
8154666	4.013118
8154668	2.551301
8154670	5.492512
8154692	4.08136
8154719	2.437147
8154721	2.582758
8154725	11.73426
8154727	10.28451
8154729	5.724627
8154731	4.494983
8154733	9.13192
8154758	3.094328
8154760	5.786213
8154763	4.465522
8154765	9.064725
8154777	2.093691
8154779	4.039027
8154785	8.854023
8154793	8.581912
8154823	4.446169
8154836	11.31697
8154838	5.825909
8154841	5.156022
8154844	2.493667
8154846	3.166174
8154848	6.903459
8154856	7.502891
8154866	4.716654
8154868	6.272678
8154870	5.532604
8154872	8.617806
8154885	7.057722
8154892	4.469292
8154914	2.524476
8154916	6.053295
8154934	5.857561
8154951	12.57721
8154953	4.563012
8154962	5.574521
8154973	4.512205
8154979	3.830446
8154981	8.238681
8155024	5.552094
8155026	2.992907
8155048	6.217104
8155062	7.869069
8155073	6.872751
8155081	3.725683
8155083	6.025219
8155096	7.382113
8155110	7.289937
8155121	5.41198
8155148	7.051526
8155167	6.009792
8155169	4.564198
8155192	7.40212
8155200	4.227361
8155203	7.991065
8155214	4.275079
8155234	6.880636
8155246	7.343238
8155248	3.849765
8155250	8.179571
8155265	3.41167
8155268	6.835062
8155284	4.33642
8155301	6.739658
8155312	7.425019
8155323	4.634369
8155325	2.747851
8155327	6.514224
8155332	7.380825
8155336	4.162411
8155338	5.22763
8155340	4.573783
8155345	4.771678
8155349	4.521723
8155354	4.04677
8155359	4.092597
8155369	5.22763
8155371	4.620105
8155376	4.083352
8155383	4.588947
8155388	4.180489
8155393	6.889808
8155397	4.703537
8155414	3.989898
8155418	4.158208
8155422	9.225468
8155440	5.18147
8155442	6.158635
8155451	4.419183
8155453	6.465647
8155455	5.985652
8155458	5.354535
8155460	4.582575
8155487	4.708805
8155490	7.228351
8155493	3.375513
8155497	6.734163
8155501	6.022831
8155503	4.307682
8155508	2.281622
8155510	6.730854
8155514	5.577899
8155516	4.248833
8155519	3.375513
8155521	6.369142
8155525	4.537966
8155528	2.531455
8155530	5.021022
8155537	5.882004
8155540	3.870893
8155547	6.575362
8155550	6.93648
8155554	6.072009
8155563	4.592838
8155567	3.375513
8155569	5.89036
8155572	5.905836
8155574	4.684687
8155591	4.180687
8155596	4.440111
8155598	4.652266
8155600	4.652266
8155602	4.367763
8155627	4.293925
8155630	4.795567
8155634	2.203754
8155636	9.271461
8155661	5.657715
8155665	7.02648
8155673	6.876892
8155696	8.660961
8155699	6.968271
8155707	10.0292
8155734	6.56395
8155747	2.870621
8155754	4.085608
8155770	8.648912
8155794	7.177739
8155802	3.97166
8155824	4.802865
8155847	3.465867
8155849	11.55384
8155864	4.218562
8155877	3.450003
8155881	1.967844
8155883	9.178673
8155896	2.580983
8155898	5.906227
8155930	5.541429
8155942	7.289754
8155944	3.123293
8155946	8.313593
8156022	4.576618
8156024	3.330735
8156026	6.299614
8156043	6.743271
8156052	2.112213
8156054	2.566697
8156056	2.175093
8156058	5.946676
8156060	6.421588
8156082	3.388553
8156084	2.853415
8156086	2.505052
8156088	5.653152
8156090	2.904884
8156098	3.55176
8156103	3.508992
8156112	5.465848
8156116	6.095102
8156126	6.604238
8156132	4.858812
8156134	3.995163
8156160	6.946205
8156164	8.471951
8156167	8.758652
8156192	3.455878
8156194	4.224391
8156196	5.580293
8156199	9.681673
8156228	8.128031
8156240	4.39975
8156247	4.506058
8156253	3.711535
8156257	4.92601
8156261	1.987211
8156263	8.731484
8156274	5.096136
8156278	5.057346
8156290	5.956965
8156295	8.201782
8156309	5.879177
8156319	7.916897
8156321	7.857132
8156337	2.043046
8156339	1.908025
8156341	4.315666
8156354	2.434467
8156356	2.099165
8156358	7.655649
8156360	3.389989
8156371	4.594701
8156373	6.751239
8156393	5.020622
8156404	6.156208
8156415	6.536045
8156450	2.287546
8156452	8.391941
8156476	7.2054
8156506	5.664765
8156519	4.874771
8156521	6.879202
8156523	7.172224
8156525	2.229321
8156529	5.723037
8156538	9.397063
8156547	4.258467
8156549	7.313589
8156569	8.648692
8156571	7.780314
8156573	5.181469
8156575	8.385073
8156577	5.307389
8156581	6.913366
8156599	6.865036
8156601	6.965811
8156604	6.890544
8156610	6.182904
8156620	5.947122
8156633	5.4154
8156688	6.827738
8156706	5.417371
8156718	8.83233
8156743	5.855247
8156748	4.177892
8156750	7.763698
8156759	3.357002
8156761	8.788224
8156770	8.321376
8156783	5.183629
8156826	7.795052
8156838	9.197528
8156846	7.556619
8156848	4.254687
8156861	8.416281
8156873	5.87755
8156895	4.714744
8156897	7.00246
8156905	4.119234
8156919	3.964905
8156923	4.425177
8156935	6.80421
8156945	8.111798
8156969	2.693447
8156971	2.946843
8156982	6.021561
8157012	4.557807
8157014	2.934593
8157016	2.152255
8157018	3.114433
8157021	8.22627
8157027	3.608068
8157036	3.977706
8157038	9.631394
8157058	2.899992
8157074	6.320841
8157090	3.78351
8157092	5.224944
8157101	5.705564
8157103	5.970027
8157105	7.696135
8157123	2.468874
8157125	9.043077
8157139	7.356698
8157141	3.620314
8157144	7.181205
8157151	4.446747
8157153	4.789129
8157173	3.502077
8157189	2.551291
8157191	3.650043
8157193	4.000027
8157203	7.905988
8157214	5.126287
8157216	8.970093
8157227	2.96003
8157229	1.950443
8157231	5.404953
8157233	9.33322
8157246	6.786329
8157253	8.549034
8157264	8.30865
8157270	9.275507
8157281	4.771913
8157283	8.455344
8157300	7.887597
8157308	4.563785
8157324	6.512616
8157362	5.628129
8157381	4.919267
8157383	6.640524
8157444	3.330401
8157446	3.457067
8157450	5.166165
8157454	9.111553
8157463	6.644617
8157477	3.691667
8157487	4.018995
8157516	7.826838
8157520	2.531083
8157524	6.421614
8157534	5.174632
8157580	3.326725
8157582	9.909389
8157608	2.742235
8157610	6.369709
8157632	3.457287
8157638	7.654324
8157650	4.699883
8157668	2.29182
8157671	3.41978
8157674	3.119497
8157677	2.45056
8157679	3.235155
8157681	2.629211
8157684	3.394183
8157686	3.146384
8157688	2.937173
8157691	7.576967
8157696	6.127791
8157698	4.686594
8157700	9.967334
8157727	7.428938
8157729	3.55428
8157731	5.799982
8157751	5.161086
8157761	7.185427
8157777	5.115281
8157798	5.198061
8157800	4.082468
8157802	3.628633
8157804	6.68165
8157818	5.757142
8157828	7.076705
8157839	3.712968
8157843	5.200121
8157858	8.021425
8157890	6.789783
8157905	6.272102
8157922	5.714583
8157933	7.560346
8157939	12.09284
8157941	7.422297
8157945	8.040761
8157947	7.155311
8157949	7.421913
8157976	6.88336
8158009	6.686677
8158022	5.951265
8158028	6.269051
8158057	4.059287
8158059	5.664128
8158081	5.039377
8158094	5.597673
8158112	9.094262
8158123	6.457446
8158145	6.98576
8158147	6.466381
8158164	3.931358
8158167	12.22326
8158177	7.694008
8158183	5.640013
8158204	5.567915
8158212	6.609287
8158214	7.551313
8158224	7.356833
8158240	9.824884
8158242	6.35175
8158250	5.703321
8158269	7.081139
8158298	7.199167
8158317	9.667465
8158372	10.04326
8158380	5.567425
8158404	2.345109
8158406	7.499538
8158418	6.960613
8158424	7.829802
8158431	6.208935
8158446	7.76082
8158492	7.235604
8158513	7.521462
8158523	8.914639
8158539	6.0438
8158542	4.846556
8158544	7.028029
8158554	6.723526
8158560	8.328747
8158568	6.490792
8158597	8.347817
8158625	6.534702
8158627	4.910805
8158637	5.396138
8158666	5.562634
8158671	12.47735
8158684	10.81712
8158686	8.160389
8158708	5.849757
8158714	8.074343
8158725	7.274476
8158739	5.933281
8158771	6.490307
8158783	7.935918
8158823	4.156668
8158825	6.094891
8158829	9.158395
8158839	8.353014
8158862	5.48772
8158864	5.48772
8158866	7.317954
8158890	5.572968
8158902	4.084702
8158912	5.69887
8158918	7.601979
8158928	2.084491
8158930	5.096261
8158939	5.498838
8158952	13.94831
8158961	7.013018
8158976	4.408735
8158987	5.943064
8158991	2.809813
8158993	2.871171
8158995	4.55954
8158998	6.265381
8159004	6.838802
8159006	5.549782
8159008	6.760859
8159017	5.855926
8159036	5.605399
8159078	7.610653
8159086	5.879044
8159096	5.802971
8159109	4.414111
8159111	7.189761
8159127	8.091943
8159142	5.914783
8159211	7.290343
8159220	4.102594
8159235	4.171257
8159239	5.927015
8159243	6.79597
8159249	6.30939
8159255	6.929733
8159259	5.542344
8159265	5.449632
8159275	4.026428
8159283	4.790235
8159318	6.010857
8159337	7.16483
8159350	4.933101
8159354	6.577518
8159371	3.047703
8159373	5.998817
8159379	6.833848
8159385	5.632699
8159415	7.67908
8159439	4.614827
8159441	6.797049
8159448	6.014793
8159476	6.660154
8159491	6.447412
8159501	6.194458
8159519	7.064354
8159521	5.967727
8159531	5.836381
8159541	7.056488
8159549	5.833949
8159554	6.484128
8159566	6.843102
8159581	3.578396
8159583	4.856995
8159609	7.155514
8159616	6.953621
8159624	7.080439
8159627	5.260661
8159642	11.0249
8159646	5.822687
8159654	7.887765
8159667	6.199073
8159670	7.055091
8159687	7.492832
8159692	8.299912
8159702	7.280406
8159732	6.572095
8159734	4.893186
8159786	7.982903
8159790	7.518569
8159803	3.780991
8159808	5.362652
8159815	9.178134
8159838	5.203321
8159846	2.884533
8159850	3.846565
8159854	7.310254
8159873	5.168995
8159876	5.547089
8159900	5.701514
8159917	2.399445
8159919	6.149619
8159945	8.865993
8159959	3.743096
8159961	4.143725
8159963	3.059485
8159965	4.557024
8159967	3.009081
8159969	2.420393
8159971	3.800592
8159977	3.074474
8159981	4.089473
8159984	5.192294
8159992	11.19114
8160011	8.634372
8160016	7.228233
8160020	2.933446
8160024	5.557248
8160033	8.621195
8160036	6.960766
8160040	4.020912
8160086	5.301127
8160088	5.984673
8160138	8.52157
8160151	8.167872
8160163	3.829431
8160168	4.588249
8160213	6.641958
8160236	2.043479
8160238	4.6798
8160256	3.639108
8160258	3.779999
8160260	3.821991
8160274	2.865417
8160276	4.65695
8160278	4.144022
8160284	6.634078
8160295	5.821511
8160297	7.468219
8160308	11.88319
8160317	3.705572
8160319	3.061084
8160321	3.780207
8160332	7.728722
8160346	5.085762
8160360	2.639351
8160365	3.817989
8160371	2.303205
8160377	2.70241
8160383	2.767116
8160389	2.207447
8160392	2.423853
8160394	3.323126
8160401	3.470178
8160405	7.972248
8160417	3.808879
8160419	3.659393
8160422	3.082376
8160431	6.571537
8160435	4.230739
8160439	5.555339
8160441	5.056742
8160452	8.507006
8160459	3.297353
8160472	6.037455
8160478	6.433933
8160487	7.970952
8160504	2.338382
8160511	3.189474
8160521	6.313818
8160531	6.778209
8160546	3.227685
8160555	2.316064
8160557	8.974205
8160559	7.317418
8160581	7.308672
8160587	6.087126
8160597	5.513376
8160602	6.426888
8160622	9.243171
8160637	9.728269
8160647	8.618882
8160661	2.203813
8160663	5.702526
8160670	11.31923
8160682	7.114946
8160712	4.128518
8160718	9.038238
8160722	8.264961
8160756	9.274856
8160767	2.153432
8160769	6.461799
8160771	3.708824
8160782	7.979779
8160786	6.457257
8160792	5.067791
8160803	3.112613
8160805	5.447903
8160816	5.308719
8160823	5.640395
8160835	7.048656
8160839	8.110751
8160849	4.860713
8160857	6.781765
8160870	5.719193
8160879	4.626274
8160889	5.716766
8160898	4.658834
8160900	3.838079
8160906	2.635288
8160912	6.585046
8160914	10.34504
8160935	5.968465
8160953	7.75606
8160968	8.5229
8160981	6.205986
8161000	4.012648
8161004	5.208917
8161017	4.681027
8161024	11.41193
8161026	5.220457
8161044	5.004239
8161056	7.784627
8161114	7.489858
8161133	4.394798
8161147	7.216609
8161154	4.562814
8161164	4.83843
8161166	5.409353
8161169	10.13743
8161171	3.291587
8161174	8.757689
8161190	3.705308
8161192	7.735853
8161211	5.190806
8161224	6.578274
8161229	7.252603
8161238	7.642429
8161240	3.454901
8161242	7.736246
8161249	4.41745
8161255	6.793914
8161265	6.412344
8161270	5.131335
8161288	4.714842
8161319	5.761631
8161326	5.786925
8161337	4.094657
8161341	4.629558
8161346	5.706048
8161353	7.226722
8161362	5.380767
8161368	4.537966
8161371	4.477273
8161373	7.537377
8161375	6.465647
8161377	4.795567
8161381	4.293925
8161384	3.989898
8161388	4.703537
8161405	2.462426
8161407	4.158868
8161409	4.510393
8161415	4.119297
8161418	4.345252
8161423	4.708805
8161426	5.89036
8161429	3.375513
8161431	5.345637
8161433	7.130343
8161437	5.89036
8161440	3.375513
8161442	7.147444
8161444	3.505723
8161446	5.70263
8161451	6.889808
8161455	4.708805
8161458	5.96858
8161460	3.870893
8161467	4.047658
8161471	4.627424
8161476	7.155694
8161478	5.091748
8161482	2.590732
8161484	4.524257
8161488	6.154614
8161499	5.576213
8161503	6.753599
8161507	2.609965
8161509	10.131
8161513	7.931221
8161520	8.140666
8161526	3.636575
8161533	5.145065
8161537	9.266674
8161554	7.537377
8161556	4.419183
8161558	5.954787
8161563	5.458973
8161566	2.590732
8161568	5.313058
8161571	5.331557
8161575	8.566954
8161580	5.527803
8161583	5.18147
8161587	9.364289
8161610	4.391553
8161615	5.256243
8161618	6.805565
8161632	8.817904
8161642	5.995428
8161646	2.108534
8161648	6.628105
8161654	4.514456
8161693	4.805506
8161695	3.328926
8161697	4.65101
8161701	8.85899
8161727	7.445452
8161737	6.688887
8161739	4.2353
8161745	4.904346
8161747	10.32668
8161755	6.454722
8161774	6.395027
8161824	7.03188
8161829	8.242857
8161839	5.663016
8161852	3.811396
8161854	2.835676
8161857	7.483488
8161863	2.323923
8161865	3.848623
8161884	3.459902
8161892	8.582742
8161904	3.178891
8161906	10.26816
8161913	3.391479
8161915	2.716952
8161917	1.818687
8161919	8.589494
8161938	4.281249
8161943	6.996314
8161945	8.515841
8161964	7.47271
8161986	2.622135
8161988	9.291149
8162006	5.422615
8162019	6.933589
8162039	7.982729
8162047	11.5292
8162059	5.346024
8162080	2.554134
8162082	4.959961
8162084	5.116427
8162086	6.485054
8162117	10.38193
8162132	3.165025
8162140	6.364341
8162142	7.766109
8162147	8.886219
8162179	5.311254
8162183	3.514354
8162187	4.229599
8162191	5.860764
8162194	5.193143
8162214	4.887158
8162216	5.642235
8162231	5.796301
8162236	7.190515
8162247	6.740505
8162249	3.462146
8162254	5.48288
8162260	6.534658
8162264	8.953382
8162276	6.999811
8162283	5.648615
8162294	8.291751
8162311	5.036539
8162313	9.624267
8162352	7.170414
8162373	2.851595
8162388	2.373348
8162394	2.816507
8162404	3.370757
8162419	1.877964
8162421	6.836619
8162438	6.544705
8162449	6.877327
8162455	7.339255
8162462	10.31111
8162466	7.435523
8162470	3.475826
8162472	6.019088
8162479	5.657729
8162490	4.426072
8162492	3.376748
8162502	10.48472
8162514	4.708214
8162529	5.894417
8162531	8.59654
8162533	5.790098
8162562	5.493751
8162568	4.570104
8162570	4.275187
8162584	2.194851
8162586	8.03097
8162601	4.26043
8162610	7.271189
8162624	4.618092
8162631	6.397497
8162639	5.827456
8162645	9.913099
8162652	5.11225
8162664	5.349395
8162667	6.028774
8162669	6.604419
8162674	4.234899
8162676	7.29505
8162696	8.230359
8162706	6.175259
8162719	3.380518
8162729	8.277037
8162744	8.339666
8162759	7.268732
8162777	5.793921
8162803	6.100904
8162823	5.301312
8162825	5.78311
8162827	8.249351
8162833	9.418124
8162848	5.074187
8162850	6.982918
8162868	6.669422
8162870	2.79315
8162880	7.324445
8162884	7.759622
8162902	5.250812
8162908	3.15794
8162920	4.669689
8162927	1.863173
8162929	2.97159
8162931	2.575842
8162934	3.848567
8162936	2.374725
8162938	3.163909
8162940	7.215546
8162996	2.217538
8162998	5.203346
8163000	6.819279
8163002	7.528637
8163011	2.346989
8163013	5.761081
8163015	6.872987
8163017	4.001253
8163019	6.343298
8163023	8.213978
8163063	6.220408
8163084	3.603158
8163086	9.620659
8163105	5.201921
8163107	6.0983
8163109	4.686032
8163116	7.241598
8163147	5.445858
8163149	8.56867
8163181	6.931479
8163185	8.96283
8163193	2.61958
8163202	3.925974
8163253	2.993644
8163255	2.171921
8163257	6.091064
8163271	5.928988
8163273	3.305641
8163275	9.544745
8163326	6.522938
8163328	10.20938
8163341	3.568324
8163348	2.517813
8163381	2.51931
8163383	7.824311
8163402	9.953445
8163424	7.532933
8163426	7.550247
8163428	8.104431
8163437	7.034566
8163444	3.305161
8163452	7.518649
8163481	8.028519
8163485	6.250932
8163491	6.524251
8163505	8.332321
8163509	7.526093
8163525	6.865493
8163533	6.545266
8163535	5.491477
8163548	6.053133
8163569	6.589858
8163599	5.727836
8163614	2.410864
8163616	1.749409
8163618	8.629975
8163629	4.673342
8163637	4.415411
8163666	3.347929
8163672	4.033859
8163678	5.65619
8163710	5.518307
8163712	2.691037
8163714	10.29164
8163716	4.020178
8163729	5.967925
8163731	9.393947
8163733	7.393865
8163775	7.329423
8163784	9.036118
8163795	8.104866
8163807	5.164715
8163825	5.271335
8163839	4.102128
8163882	10.30157
8163892	4.759336
8163896	8.039285
8163908	3.816489
8163916	6.091198
8163930	7.842927
8163936	5.62815
8163948	7.792414
8163956	2.256355
8163958	4.386904
8163960	4.715343
8163962	5.398046
8163964	7.132149
8163972	7.897377
8163999	8.021429
8164002	6.651496
8164008	5.890735
8164013	8.206798
8164034	6.607267
8164060	12.46994
8164062	5.049739
8164067	8.963455
8164077	5.271032
8164087	6.485133
8164100	9.698353
8164105	7.072851
8164129	3.912022
8164131	7.072628
8164153	5.962775
8164155	9.718775
8164165	11.0417
8164177	8.908545
8164194	4.601004
8164196	4.314182
8164200	4.422015
8164210	5.714919
8164215	7.242737
8164217	9.96149
8164235	6.059379
8164243	6.281815
8164252	5.557833
8164269	6.446614
8164293	5.598224
8164304	7.186782
8164314	6.545621
8164328	5.409411
8164336	6.390822
8164343	8.957711
8164357	5.030077
8164362	7.375492
8164373	7.545071
8164396	2.87718
8164398	7.679503
8164426	5.462461
8164428	7.967588
8164438	4.53969
8164440	7.064626
8164452	7.438566
8164464	7.520016
8164481	7.111248
8164496	5.620828
8164515	6.420785
8164521	9.182737
8164535	7.447882
8164554	7.420866
8164560	5.277128
8164562	5.680767
8164572	6.697256
8164580	7.94359
8164587	7.700112
8164596	8.133146
8164607	7.647771
8164627	5.649735
8164630	6.700248
8164632	5.872022
8164644	5.116412
8164649	3.701274
8164653	7.480932
8164665	7.003742
8164692	4.764083
8164694	6.145378
8164696	8.102188
8164698	4.99601
8164701	8.686445
8164729	6.421185
8164742	6.468133
8164766	5.141498
8164781	7.798953
8164808	6.100739
8164810	6.303981
8164833	5.671556
8164843	6.542671
8164848	4.782295
8164853	7.443038
8164862	6.526965
8164870	6.382163
8164872	6.624112
8164883	9.798389
8164896	7.682019
8164907	6.170425
8164918	6.436904
8164931	5.232016
8164937	6.055135
8164940	5.73007
8164967	4.658969
8164995	7.324222
8165011	6.605825
8165021	6.063909
8165024	6.110356
8165032	3.874658
8165038	5.859671
8165046	6.887321
8165064	6.988119
8165077	6.676446
8165083	6.17908
8165094	5.762085
8165107	6.121632
8165131	6.250806
8165156	5.476289
8165171	5.763372
8165183	7.66376
8165217	5.540493
8165255	6.08657
8165258	8.464069
8165271	5.703171
8165277	6.119089
8165285	5.713128
8165295	3.902145
8165298	4.785161
8165309	9.045794
8165319	7.965405
8165334	7.192616
8165345	6.09509
8165398	5.530962
8165406	6.843588
8165416	6.142263
8165430	6.346025
8165438	8.266918
8165453	7.588864
8165458	5.889715
8165462	6.971076
8165478	5.686113
8165486	7.916722
8165492	6.195979
8165496	6.058279
8165498	4.361578
8165508	6.132412
8165512	6.295665
8165538	6.066631
8165552	5.786337
8165575	6.245279
8165610	5.968771
8165622	7.32245
8165630	5.717857
8165637	6.195979
8165639	7.248248
8165642	7.771066
8165644	13.28911
8165646	13.36569
8165648	11.26334
8165650	13.13648
8165653	13.47403
8165656	8.645643
8165658	9.593712
8165661	14.17476
8165663	6.823937
8165665	14.18043
8165667	9.862486
8165669	13.45366
8165672	7.947035
8165674	13.66787
8165676	13.55319
8165680	11.48261
8165682	11.19922
8165684	10.3875
8165686	13.67352
8165690	14.29521
8165692	10.03684
8165694	12.24197
8165696	11.97675
8165698	9.323321
8165700	10.80352
8165703	11.6616
8165705	12.24501
8165707	11.81674
8165709	12.41858
8165711	5.667115
8165723	3.918694
8165735	6.575829
8165752	3.536876
8165765	5.695776
8165773	6.009975
8165794	9.587179
8165808	4.919322
8165817	5.129189
8165833	4.644147
8165843	3.396006
8165856	2.435493
8165858	3.490426
8165860	2.828634
8165862	2.101169
8165864	2.658781
8165866	10.13434
8165881	5.296524
8165888	5.521702
8165890	5.162621
8165903	4.323745
8165905	2.795539
8165907	3.658738
8165911	7.169245
8165932	3.243561
8165934	5.883686
8165945	5.155253
8165947	6.521772
8165974	4.598172
8165993	2.750588
8165995	8.700758
8166006	3.949728
8166015	7.056472
8166028	4.642762
8166047	4.140231
8166049	8.284467
8166059	4.047286
8166065	4.111347
8166072	11.13332
8166079	3.889022
8166094	3.649949
8166096	5.075205
8166098	8.164077
8166104	7.768301
8166124	5.955459
8166127	3.555821
8166140	6.386144
8166157	3.027107
8166179	5.413886
8166182	3.519639
8166184	7.030513
8166195	6.901468
8166202	3.782089
8166211	4.562537
8166213	2.570182
8166219	8.661242
8166230	6.857463
8166243	7.750303
8166264	5.850459
8166266	6.434927
8166278	5.260764
8166289	8.116391
8166314	2.700755
8166335	8.694039
8166349	2.445239
8166351	4.400566
8166353	2.213584
8166355	4.450397
8166382	6.715638
8166398	5.63516
8166402	8.772542
8166408	3.443394
8166433	2.982998
8166438	3.599753
8166440	3.191336
8166442	10.01019
8166447	6.824468
8166455	6.462824
8166469	11.55184
8166481	2.842799
8166493	10.2729
8166498	2.74137
8166500	8.462327
8166509	4.88715
8166511	7.217905
8166525	7.377486
8166563	2.709533
8166565	3.834087
8166569	5.322165
8166571	3.965901
8166576	3.129099
8166580	5.817829
8166585	4.60638
8166587	3.926347
8166593	3.952703
8166607	4.240185
8166611	3.171051
8166613	5.052007
8166619	4.513564
8166630	5.067262
8166632	7.721009
8166657	3.868596
8166659	4.197484
8166661	5.714054
8166663	3.522833
8166665	4.804659
8166667	4.166449
8166669	3.986001
8166671	2.967341
8166690	3.333256
8166703	4.728669
8166705	6.233087
8166712	6.647923
8166714	6.034759
8166723	6.5307
8166730	5.955868
8166745	4.263063
8166747	6.814046
8166769	3.05849
8166784	4.656605
8166797	7.461351
8166805	10.55227
8166817	4.351039
8166819	6.988951
8166824	2.980282
8166826	9.102628
8166872	3.89942
8166876	10.65464
8166899	6.424304
8166906	2.503876
8166919	2.703507
8166925	8.916416
8166945	4.473854
8166948	7.688345
8166950	3.533343
8166956	8.228532
8166989	6.650143
8166997	2.704664
8166999	5.460676
8167006	6.558736
8167013	6.318088
8167027	3.616344
8167038	2.592881
8167040	5.669515
8167042	7.583186
8167069	9.611299
8167099	6.518431
8167103	7.855361
8167125	8.276563
8167150	3.616195
8167152	4.583498
8167163	7.177007
8167165	8.619437
8167185	9.314762
8167195	4.61884
8167198	5.259037
8167201	6.185647
8167210	4.074588
8167218	2.46903
8167220	4.487095
8167228	4.589505
8167234	8.934403
8167249	3.038143
8167251	3.50467
8167254	3.286066
8167261	3.519789
8167270	7.097326
8167287	5.918086
8167305	7.219998
8167314	6.476623
8167322	7.742382
8167334	6.244198
8167347	5.325973
8167356	4.730583
8167360	5.803371
8167369	7.122116
8167407	5.792026
8167412	7.773697
8167428	3.995068
8167430	6.603535
8167441	4.882666
8167443	5.771449
8167449	8.238429
8167457	6.321979
8167476	6.260123
8167482	4.043016
8167508	4.004054
8167526	3.90234
8167560	3.625583
8167562	4.043016
8167573	7.929488
8167575	5.686212
8167577	4.119846
8167584	4.119846
8167592	3.703868
8167601	5.565336
8167603	5.987413
8167623	4.96277
8167625	4.181018
8167638	2.048317
8167640	3.856936
8167642	3.989898
8167645	5.893811
8167650	5.756597
8167652	6.315075
8167654	6.949269
8167656	8.370596
8167673	5.098298
8167690	4.539793
8167693	4.586511
8167701	5.104267
8167710	5.104267
8167721	5.517292
8167726	2.261337
8167728	4.007726
8167742	2.86337
8167749	7.58489
8167758	4.615553
8167763	6.018727
8167772	4.08202
8167774	4.773606
8167784	3.137623
8167786	5.570741
8167790	7.60498
8167797	7.443461
8167815	9.028589
8167835	4.878973
8167854	6.66316
8167862	3.806336
8167866	2.827448
8167871	2.176303
8167874	2.485354
8167876	2.64785
8167878	2.638144
8167880	5.696457
8167887	5.52157
8167893	5.526469
8167895	3.666076
8167897	6.133346
8167910	5.326266
8167912	6.40309
8167924	8.26305
8167930	7.428141
8167942	6.691005
8167945	2.273603
8167947	2.640676
8167949	1.895592
8167951	2.224232
8167953	3.617443
8167957	4.318607
8167965	6.579194
8167971	4.027803
8167973	4.187957
8167998	8.243529
8168016	3.883399
8168018	8.495249
8168026	4.825413
8168028	5.192428
8168045	6.080288
8168058	5.783887
8168062	4.160081
8168079	3.880236
8168081	3.033131
8168083	4.944898
8168085	2.272424
8168087	9.169298
8168098	3.144657
8168107	4.464822
8168115	6.304282
8168117	3.429495
8168135	4.129603
8168146	3.884152
8168161	3.348714
8168163	4.657542
8168179	7.734049
8168203	3.394824
8168205	8.237868
8168215	7.712167
8168264	6.246206
8168274	6.045851
8168280	9.755691
8168291	4.841147
8168303	7.332048
8168316	9.167602
8168345	5.190286
8168357	6.816648
8168359	4.903848
8168362	5.745687
8168366	6.120079
8168373	5.359366
8168375	5.706038
8168387	5.402051
8168391	4.720023
8168393	5.727425
8168395	3.843166
8168399	6.57111
8168408	4.070351
8168412	4.897887
8168416	8.320641
8168420	4.20282
8168422	3.655994
8168424	6.206112
8168432	4.149727
8168434	2.146354
8168436	2.623924
8168438	6.96553
8168447	6.987618
8168456	3.435313
8168458	5.808116
8168461	4.183444
8168463	3.464476
8168466	2.312107
8168468	2.189623
8168470	7.075953
8168472	8.366406
8168500	10.12311
8168517	3.483728
8168524	3.342386
8168531	4.112309
8168534	3.154373
8168546	2.429271
8168553	2.175914
8168555	2.603323
8168557	8.921827
8168565	2.348757
8168567	5.082054
8168569	2.725693
8168578	5.749748
8168580	7.18854
8168589	3.473977
8168602	4.562201
8168604	4.55753
8168620	2.048921
8168622	2.707681
8168638	2.862776
8168644	9.564837
8168646	2.884363
8168650	4.162918
8168657	3.595665
8168674	8.148417
8168676	4.308507
8168678	2.409443
8168685	2.31661
8168687	3.530324
8168689	3.33056
8168691	5.260828
8168723	4.616333
8168727	3.44619
8168729	3.474738
8168731	3.993691
8168733	3.868327
8168735	2.310122
8168737	2.831179
8168749	10.35332
8168762	7.118073
8168779	4.598819
8168781	2.868734
8168790	5.855791
8168794	3.618642
8168817	3.744957
8168841	2.065234
8168843	7.74859
8168852	9.805587
8168855	5.741248
8168868	5.68969
8168873	8.318919
8168875	8.184038
8168884	2.531498
8168886	3.912022
8168888	2.178558
8168890	2.414059
8168892	5.451674
8168900	3.430244
8168940	3.542594
8168958	5.799246
8168968	4.736443
8168976	4.756455
8168984	5.54752
8168990	3.657438
8168994	3.482743
8168996	1.823454
8168998	3.920711
8169000	4.8899
8169002	3.271307
8169004	3.182419
8169006	5.880017
8169009	9.213417
8169015	4.430216
8169022	7.025287
8169028	7.530567
8169035	7.531016
8169044	7.203636
8169049	7.024375
8169056	3.946541
8169061	3.990686
8169073	3.866525
8169080	6.82022
8169083	4.065435
8169085	8.393257
8169094	3.471148
8169109	5.427062
8169115	3.658507
8169145	6.086825
8169154	2.763311
8169156	4.32817
8169158	4.038776
8169174	8.617637
8169186	7.347254
8169210	4.550373
8169221	2.509856
8169231	4.046523
8169233	5.416878
8169235	4.368964
8169240	8.171584
8169247	3.200478
8169249	8.032056
8169263	4.047607
8169272	6.712027
8169291	2.781714
8169294	5.296742
8169348	1.917593
8169350	12.98165
8169352	7.515149
8169361	4.184391
8169365	7.797708
8169378	3.547656
8169385	3.304078
8169389	3.899802
8169412	7.214932
8169419	7.299157
8169432	3.408422
8169437	3.907194
8169439	4.622596
8169441	4.617891
8169443	4.824734
8169445	4.838792
8169447	3.101186
8169459	4.899737
8169461	2.307838
8169463	4.797711
8169465	5.346931
8169467	2.954677
8169473	8.976058
8169492	2.793469
8169504	8.928074
8169519	6.79722
8169541	5.379634
8169580	9.244029
8169598	3.604151
8169603	6.101924
8169617	10.6357
8169624	6.170593
8169634	8.111533
8169638	2.45605
8169640	8.873588
8169645	8.03269
8169657	4.931427
8169659	8.689278
8169665	2.510824
8169676	4.232171
8169683	7.489481
8169687	4.515062
8169697	2.07065
8169699	4.09098
8169701	7.566522
8169709	9.030004
8169711	3.960875
8169715	2.867693
8169717	3.066531
8169740	11.20568
8169742	7.952998
8169750	8.1028
8169790	2.547535
8169792	4.005836
8169804	2.571233
8169806	4.773379
8169808	3.526337
8169811	7.82811
8169836	4.126281
8169859	5.903982
8169868	6.93225
8169882	6.023398
8169898	4.791408
8169904	5.645773
8169920	7.864737
8169928	4.878254
8169931	3.396874
8169947	2.698246
8169949	6.638887
8169965	2.602447
8169969	8.116354
8169984	7.684525
8169995	7.289756
8170007	5.521704
8170009	8.539879
8170013	3.874747
8170015	4.615159
8170024	5.105354
8170027	7.070096
8170052	3.511673
8170060	3.768537
8170068	4.225379
8170076	2.625352
8170097	7.759944
8170117	4.372879
8170119	5.415495
8170135	3.519555
8170159	4.139595
8170166	8.003601
8170179	9.952689
8170185	2.349083
8170187	2.925037
8170196	3.565415
8170198	4.381424
8170200	4.24857
8170208	3.415592
8170210	4.540942
8170213	3.105813
8170215	2.577694
8170228	2.054499
8170230	2.553544
8170232	4.460681
8170235	5.793077
8170237	6.310967
8170239	4.491613
8170241	2.729377
8170244	2.729377
8170247	7.655662
8170249	3.566505
8170257	2.390428
8170260	3.906854
8170273	3.955368
8170280	2.669696
8170282	3.732185
8170286	3.575526
8170288	2.906301
8170290	2.62861
8170292	2.484535
8170294	2.263043
8170296	2.384928
8170298	5.351645
8170300	5.429593
8170302	2.742355
8170307	4.248501
8170319	2.86486
8170322	4.766611
8170324	2.305733
8170326	8.463175
8170353	5.405291
8170360	13.31424
8170362	5.362206
8170364	4.504581
8170390	8.869176
8170393	6.26587
8170400	6.42693
8170402	4.906546
8170407	7.242456
8170412	7.327398
8170418	6.142861
8170420	4.663671
8170428	7.237097
8170443	7.714195
8170464	2.08562
8170466	2.291716
8170468	5.968311
8170476	4.462473
8170479	7.080085
8170488	3.294672
8170507	4.043221
8170513	4.783471
8170520	3.772706
8170531	3.87089
8170538	4.051454
8170553	6.354503
8170562	5.394674
8170576	5.030048
8170580	5.493108
8170590	7.439645
8170602	8.296639
8170622	5.535847
8170630	5.420157
8170633	4.166716
8170635	6.255284
8170644	5.319192
8170648	5.769998
8170662	7.065386
8170671	4.821086
8170695	6.917668
8170702	4.206678
8170704	5.582325
8170716	5.512308
8170753	5.853571
8170775	6.626247
8170786	5.8814
8170794	5.056536
8170803	5.605824
8170811	3.328588
8170816	4.648725
8170825	4.617995
8170834	4.454722
8170850	7.33494
8170859	9.527248
8170863	9.982037
8170865	6.725661
8170882	10.31413
8170891	8.869111
8170906	7.251839
8170921	5.802744
8170955	5.699378
8170963	3.62766
8170965	7.164461
8170971	7.750556
8170990	4.617103
8170992	5.557699
8170994	4.422519
8170998	8.002114
8171001	6.456215
8171006	7.631174
8171013	6.513355
8171024	5.473952
8171026	4.349268
8171029	7.98436
8171032	2.874665
8171034	4.418172
8171041	8.351986
8171052	6.375301
8171066	7.596739
8171079	5.785357
8171087	5.637031
8171105	3.604804
8171111	11.09717
8171119	6.204274
8171136	5.120254
8171139	7.032998
8171148	8.154256
8171161	4.480361
8171170	4.270094
8171172	5.99118
8171180	6.12416
8171182	5.607999
8171193	3.66928
8171195	2.171948
8171199	2.232546
8171201	1.933924
8171203	5.303691
8171205	6.209749
8171216	5.190128
8171222	7.88555
8171229	7.34047
8171240	5.801912
8171248	4.145068
8171260	2.411528
8171271	2.880735
8171284	5.536005
8171295	4.833882
8171297	7.435452
8171311	2.459876
8171313	5.421045
8171334	2.206331
8171336	6.519388
8171338	2.548744
8171348	2.757719
8171350	5.147284
8171352	7.061004
8171359	2.95885
8171373	6.180399
8171381	3.264165
8171392	3.551389
8171403	3.243612
8171418	6.873192
8171427	3.244592
8171435	6.316502
8171449	8.030121
8171472	4.61164
8171481	4.279496
8171489	2.044983
8171491	5.488726
8171493	7.739805
8171516	9.445755
8171533	1.987849
8171535	2.91826
8171537	3.205025
8171539	5.872642
8171545	3.099091
8171561	2.961048
8171577	3.06744
8171579	3.929331
8171587	6.488853
8171624	3.694297
8171653	3.58975
8171684	7.173207
8171708	7.688699
8171723	5.951519
8171725	5.339084
8171747	9.636221
8171758	6.361708
8171760	5.833055
8171762	10.00365
8171786	6.491826
8171791	3.033243
8171798	4.282518
8171800	3.491405
8171802	7.029202
8171823	7.185996
8171834	11.11111
8171837	5.752222
8171844	4.88715
8171846	6.300502
8171848	4.352969
8171865	8.338804
8171867	6.083195
8171874	3.305535
8171876	4.556794
8171879	5.67919
8171883	3.543951
8171885	4.566648
8171890	4.86209
8171892	3.924766
8171896	3.008392
8171901	7.739786
8171917	5.144382
8171921	3.260964
8172017	4.42349
8172022	8.383781
8172026	4.073212
8172028	6.543368
8172030	6.065705
8172032	4.165052
8172035	8.296682
8172043	4.247398
8172056	5.507272
8172082	3.310287
8172084	2.055902
8172088	6.863655
8172110	7.154521
8172119	8.45951
8172154	11.40142
8172158	8.004301
8172189	2.24741
8172191	9.14322
8172193	2.112213
8172195	3.123823
8172197	4.877778
8172204	4.507682
8172220	3.682558
8172225	2.964736
8172244	7.350332
8172252	4.090621
8172254	3.599839
8172266	5.408844
8172268	3.726956
8172270	6.831357
8172272	2.164687
8172274	5.277681
8172280	8.202833
8172296	8.486903
8172305	3.345666
8172307	6.809155
8172317	5.001159
8172333	5.792635
8172345	6.371848
8172358	8.390684
8172367	3.740547
8172369	6.228782
8172379	6.142206
8172387	2.633882
8172395	3.500896
8172399	2.708857
8172406	3.417053
8172415	3.550516
8172425	4.354077
8172443	6.999836
8172445	3.33595
8172447	6.730842
8172453	6.931628
8172460	6.876998
8172471	5.818902
8172478	7.351247
8172493	3.907831
8172504	6.394527
8172520	6.718233
8172531	5.414533
8172538	7.498088
8172548	6.969339
8172561	6.001781
8172573	5.178731
8172580	5.267058
8172631	5.899335
8172647	4.080224
8172654	5.369768
8172656	3.904268
8172658	3.435055
8172660	3.998677
8172670	3.890128
8172698	5.138072
8172708	2.570827
8172711	4.56978
8172713	8.130604
8172715	6.315075
8172717	2.528141
8172719	4.539793
8172722	5.098298
8172739	5.104267
8172749	4.586511
8172757	5.104267
8172766	5.104267
8172776	3.952121
8172781	3.719002
8172787	4.013367
8172800	2.989996
8172803	4.365438
8172806	5.652665
8172813	7.704921
8172827	8.626034
8172858	5.785042
8172876	7.977498
8172905	8.805393
8172914	9.098964
8173005	3.599924
8173007	4.146392
8173009	7.592143
8173039	1.96989
8173041	5.772156
8173059	4.769459
8173086	4.999944
8173106	4.86819
8173120	3.654267
8173135	5.304207
8173148	4.404773
8173154	2.290043
8173156	6.688334
8173158	1.933098
8173160	2.743699
8173162	3.950491
8173166	4.108918
8173168	3.414302
8173174	4.85671
8173176	4.691362
8173179	6.308584
8173181	5.782487
8173189	6.281826
8173198	3.690362
8173201	7.538381
8173204	5.756816
8173206	6.676759
8173208	6.514607
8173217	6.76419
8173232	5.482759
8173238	3.723398
8173245	5.58637
8173261	5.592368
8173269	7.578397
8173287	4.692844
8173299	4.999476
8173308	1.951299
8173310	7.438539
8173338	3.436289
8173340	6.482091
8173349	4.488666
8173358	2.18988
8173360	3.90883
8173362	2.215532
8173364	5.621193
8173366	5.950019
8173373	5.325402
8173381	2.797483
8173412	2.674533
8173414	4.475164
8173428	6.278598
8173430	8.263794
8173437	4.473759
8173444	6.2196
8173457	6.888316
8173486	5.885419
8173493	5.975627
8173501	2.384984
8173503	4.93425
8173506	3.303239
8173513	12.80134
8173522	2.521797
8173524	5.262972
8173531	7.399267
8173551	6.443255
8173579	2.513381
8173581	4.827328
8173583	5.547041
8173596	5.557661
8173600	3.581218
8173605	3.528098
8173607	10.44428
8173609	3.71615
8173611	4.693633
8173613	10.8176
8173615	7.938858
8173621	4.424446
8173629	7.1206
8173647	3.715922
8173665	3.719985
8173671	4.159592
8173673	7.794708
8173713	9.738008
8173729	8.207171
8173732	7.788142
8173745	7.139996
8173752	3.246413
8173755	3.600485
8173766	7.58685
8173812	4.728502
8173823	2.503825
8173825	7.253347
8173848	4.560395
8173862	2.823753
8173869	9.777388
8173890	4.761946
8173892	6.55214
8173912	7.971992
8173915	1.907599
8173917	3.406346
8173922	1.892733
8173924	4.155191
8173926	3.658407
8173928	2.250566
8173930	3.280478
8173933	3.412998
8173941	11.33393
8173955	7.927891
8173977	3.466022
8173979	8.410589
8173999	6.365607
8174005	7.951339
8174026	6.976669
8174029	3.69961
8174045	2.127104
8174047	6.423776
8174051	4.388052
8174076	6.034631
8174086	8.273414
8174092	6.344448
8174103	8.922776
8174105	4.196896
8174119	5.634524
8174132	2.032248
8174134	7.144729
8174141	4.631334
8174149	3.628445
8174189	2.35733
8174193	4.284108
8174195	6.590522
8174197	2.651767
8174199	3.543499
8174201	4.405906
8174207	3.791598
8174226	4.769986
8174228	6.929885
8174235	3.920435
8174239	4.703915
8174246	6.300378
8174251	3.737023
8174253	8.717134
8174263	4.538823
8174271	5.042214
8174277	2.733618
8174279	5.835552
8174281	2.947405
8174283	4.377532
8174288	5.259946
8174291	3.691667
8174297	4.956252
8174302	1.944012
8174304	2.743226
8174311	2.198665
8174313	5.768148
8174317	5.35207
8174322	5.729352
8174338	6.550488
8174340	5.997588
8174351	3.320553
8174361	8.470598
8174373	2.207904
8174375	5.925313
8174379	7.756436
8174389	4.934753
8174442	2.670565
8174444	3.859152
8174448	4.010273
8174469	5.945793
8174474	8.193203
8174494	1.8626
8174496	7.922113
8174507	5.357979
8174509	10.00769
8174513	4.31428
8174527	4.982411
8174543	3.535585
8174554	3.92563
8174556	3.796853
8174568	4.715667
8174576	7.290441
8174592	5.122451
8174594	2.831904
8174596	4.184783
8174598	2.349765
8174610	3.462391
8174634	2.06543
8174636	10.19083
8174642	5.921239
8174646	3.99906
8174648	4.174853
8174654	7.178266
8174664	4.542418
8174666	3.650548
8174668	2.123141
8174670	3.534294
8174675	5.354076
8174677	7.308048
8174684	5.484836
8174692	6.375107
8174710	9.375038
8174715	2.895682
8174717	6.058683
8174731	4.939247
8174737	5.459048
8174750	4.232171
8174755	4.754694
8174761	5.614241
8174767	4.935596
8174779	9.792098
8174794	7.814925
8174820	6.899611
8174831	5.554587
8174837	5.676969
8174841	5.676969
8174845	5.676969
8174849	5.676969
8174853	5.645363
8174862	5.676969
8174867	5.676969
8174872	5.676969
8174876	5.676969
8174882	5.676969
8174887	2.179593
8174889	5.360549
8174891	5.786435
8174893	8.247288
8174933	2.861251
8174937	4.045443
8174968	5.871406
8174970	13.54988
8174972	5.171826
8174975	4.009026
8174977	5.022821
8174979	3.778285
8174983	4.549366
8174985	8.286171
8175016	5.446918
8175023	8.57455
8175039	6.781017
8175052	8.081593
8175076	5.668373
8175096	2.112272
8175098	5.265421
8175102	6.67142
8175119	5.084585
8175121	4.738921
8175151	3.310287
8175153	4.239877
8175155	3.629094
8175169	7.028854
8175177	7.13892
8175193	2.083941
8175195	5.002508
8175206	2.461022
8175209	2.871902
8175215	2.665154
8175217	3.898355
8175232	4.368599
8175234	4.190595
8175246	3.586957
8175248	2.784944
8175250	2.295815
8175252	2.148813
8175254	4.390733
8175256	6.43785
8175261	5.637381
8175263	3.966619
8175267	4.353875
8175269	6.845374
8175288	5.965269
8175297	1.915852
8175299	7.352887
8175302	7.640244
8175308	5.66046
8175311	4.025583
8175315	4.699824
8175317	3.874747
8175319	6.097641
8175330	4.13605
8175332	2.090344
8175336	3.280088
8175344	3.203549
8175353	3.108675
8175360	7.996136
8175365	3.108869
8175367	3.447603
8175369	3.652178
8175391	5.941916
8175393	5.798955
8175418	2.17881
8175420	8.698092
8175432	4.380162
8175434	4.869032
8175436	4.918683
8175438	5.936142
8175440	3.525074
8175442	4.654606
8175444	5.355416
8175455	6.565217
8175457	2.963263
8175490	3.837774
8175492	7.26237
8175524	2.5816
8175528	6.834542
8175531	2.533373
8175537	10.05359
8175539	7.390079
8175543	3.896613
8175550	3.566505
8175558	5.410587
8175562	3.473589
8175568	3.959297
8175570	3.446289
8175572	2.669523
8175574	3.183434
8175578	3.234671
8175583	2.293581
8175585	6.072647
8175587	3.520838
8175589	3.90023
8175591	3.636095
8175593	8.548266
8175609	7.289172
8175611	7.242456
8175616	4.906546
8175621	7.496081
8175629	3.467019
8175638	6.224982
8175642	7.382958
8175647	5.960446
8175662	2.065165
8175664	5.267358
8175666	9.298764
8175683	8.007064
8175685	5.523132
8175690	4.515215
8175696	3.815305
8175706	3.783363
8175708	3.559782
8175710	5.550904
8175724	4.753509
8175732	5.251895
8175747	5.102363
8175755	7.661621
8175763	5.753332
8175768	5.737607
8175773	4.166716
8175775	4.249255
8175782	5.857142
8175802	6.034192
8175808	6.399016
8175811	7.434935
8175815	5.722888
8175835	9.046743
8175844	8.007796
8175860	5.126542
8175871	5.174968
8175900	6.028278
8175924	7.081985
8175933	5.199708
8175947	7.190165
8175977	7.215522
8175998	7.323212
8176006	4.310668
8176012	4.310668
8176018	4.560812
8176026	6.473847
8176076	6.056181
8176091	6.595656
8176093	6.192607
8176098	6.762267
8176109	7.404519
8176117	7.626814
8176133	7.570052
8176149	7.164461
8176155	3.643402
8176159	7.748127
8176163	4.8414
8176174	5.158594
8176191	9.495609
8176193	4.101477
8176219	5.324085
8176230	4.588519
8176234	4.38226
8176243	2.874665
8176245	8.113706
8176249	4.422519
8176253	4.955993
8176255	7.788456
8176263	7.788142
8176276	7.393777
8176280	2.189623
8176282	8.207171
8176284	4.183444
8176286	5.790813
8176297	3.918694
8176306	6.575829
8176323	3.536876
8176336	5.723555
8176342	6.009975
8176360	9.587179
8176373	3.112559
8176375	3.8364
8176384	3.689221
8176395	10.6142
8176397	2.912476
8176400	3.54311
8176419	4.943279
8176427	4.914175
8176429	4.407767
8176435	4.268883
8176442	4.571408
8176460	5.058434
8176469	2.478011
8176471	2.81494
8176476	2.08226
8176478	2.064305
8176480	2.123213
8176482	6.943824
8176484	4.755116
8176494	4.573618
8176508	4.744737
8176517	4.890403
8176524	4.749422
8176532	4.396133
8176544	4.749814
8176553	4.316176
8176558	3.673597
8176568	4.587256
8176570	6.373509
8176572	5.721762
8176574	4.900617
8176576	3.705613
8176578	2.924853
8176624	3.827509
8176644	4.925021
8176648	6.678996
8176650	5.588568
8176655	4.643342
8176663	2.800015
8176665	3.40282
8176667	5.90792
8176669	5.020773
8176671	3.434766
8176673	2.393887
8176675	2.366615
8176677	5.421359
8176679	3.286247
8176681	2.552676
8176692	3.045891
8176698	4.208749
8176709	2.874094
8176719	3.822088
8176730	3.673172
8176737	2.618953
8176742	2.720844
8176753	2.910373
8176766	2.99017
8176782	3.929983
8176789	3.069491
8176806	4.617635
8176815	2.49234
8176817	2.458316
8176821	3.060228
8176832	3.579924
8176865	6.497545
8176867	3.060228
8176878	3.579924
8176910	6.752346
8176921	8.517298
8176923	5.094347
8176926	3.165329
8176931	2.43984
8176933	3.22303
8176935	4.872522
8176941	2.49234
8176943	2.458316
8176947	2.188139
8176949	3.761981
8176951	2.603418
8176955	4.418172
8176962	8.351986
8176972	6.375301
8176986	5.749472
8177003	11.09717
8177011	6.050153
8177026	5.120254
8177029	7.032998
8177038	2.218452
8177044	2.150419
8177046	5.83969
8177048	4.316176
8177053	3.673597
8177061	2.987009
8177070	1.998748
8177072	3.93631
8177079	2.566087
8177081	4.128515
8177083	3.911982
8177085	2.553845
8177092	3.931058
8177096	3.389924
8177101	4.268883
8177108	4.407767
8177114	4.914175
8177116	3.701112
8177118	4.186754
8177120	7.608232
8177130	3.491391
8177137	3.505916
8177169	5.588568
8177174	1.82829
8177176	2.800015
8177178	5.421359
8177180	2.366615
8177184	2.393887
8177186	3.090292
8177189	5.020773
8177191	5.90792
8177193	3.40282
8177195	3.045891
8177201	2.552676
8177212	3.286247
8177214	2.91547
8177217	6.643608
8177222	10.55194
8177227	1.795215
8177229	3.233783
8177232	4.278834
8177261	3.656351
8177269	3.635284
8177273	5.828851
8177277	3.730917
8177280	3.09257
8177282	3.677326
8177290	2.910373
8177303	2.553165
8177323	4.529414
8177331	3.055207
8177344	4.352726
8177347	3.929983
8177354	3.579924
8177387	2.188139
8177389	2.458316
8177393	2.49234
8177395	4.872522
8177401	3.22303
8177403	2.43984
8177405	3.165329
8177410	5.094347
8177413	6.752346
8177424	8.517298
8177426	3.846254
8177449	3.060228
8177460	6.497545
8177462	7.03121
8177478	7.08871
8177498	8.80582
8177507	7.810809
8177527	7.057279
8177544	9.696791
8177554	2.593171
8177560	7.851598
8177601	9.911057
8177620	3.910931
8177628	8.269799
8177635	7.001951
8177647	8.224696
8177658	6.1929
8177669	10.77613
8177674	7.968819
8177694	3.691928
8177696	3.182649
8177698	3.181657
8177700	2.580061
8177704	4.996089
8177706	4.872077
8177709	4.737643
8177717	9.692048
8177725	12.6851
8177732	13.10818
8177740	3.9551
8177744	7.76747
8177750	5.020079
8177760	5.706647
8177770	6.090093
8177782	7.420979
8177788	11.84041
8177797	8.25694
8177824	8.686831
8177834	5.64864
8177851	6.183152
8177858	10.32193
8177867	9.617935
8177885	5.848726
8177901	6.587033
8177931	10.57042
8177938	4.822692
8177947	5.611577
8177951	6.243845
8177955	6.587377
8177964	6.161569
8177967	6.284488
8177976	5.238073
8177983	5.486079
8177988	6.818648
8177996	5.100391
8178011	7.595638
8178043	5.342642
8178050	10.6591
8178059	6.692905
8178063	5.396437
8178070	5.670503
8178074	6.317436
8178080	7.256697
8178086	10.20621
8178090	7.142156
8178095	7.179036
8178115	9.281557
8178136	7.052776
8178164	6.353587
8178177	5.433284
8178188	8.75536
8178193	10.79601
8178199	8.680727
8178205	6.212356
8178211	8.716244
8178220	8.135453
8178225	8.945762
8178234	7.540294
8178244	7.737765
8178253	9.855042
8178264	7.343615
8178270	6.257883
8178275	4.164651
8178283	3.395906
8178285	3.203496
8178287	2.276826
8178289	3.284302
8178291	3.320125
8178293	2.987752
8178295	7.074371
8178298	5.991084
8178322	9.599916
8178324	5.111588
8178326	6.530549
8178330	9.875721
8178338	4.258054
8178346	7.295827
8178358	7.788486
8178377	7.374649
8178399	5.512139
8178404	5.575997
8178419	8.274768
8178435	7.413591
8178439	5.580224
8178442	6.314957
8178445	5.901276
8178448	6.117584
8178470	6.361023
8178476	10.24541
8178489	12.46418
8178498	12.97904
8178508	4.983273
8178512	7.544083
8178517	5.46257
8178526	8.750143
8178552	7.456872
8178554	4.952928
8178561	7.27429
8178582	5.898918
8178586	5.637246
8178590	6.999597
8178598	10.22651
8178609	6.884443
8178641	6.661061
8178650	5.04404
8178653	11.65226
8178676	9.357495
8178683	6.086462
8178686	7.257376
8178699	5.965693
8178712	5.486216
8178727	8.529661
8178749	5.739863
8178754	5.745184
8178762	7.376992
8178771	6.27587
8178790	6.753041
8178795	5.563029
8178802	10.124
8178811	9.884383
8178826	7.0139
8178833	5.056717
8178841	7.230519
8178855	8.858703
8178867	8.949595
8178882	4.510339
8178884	8.739661
8178891	9.941389
8178897	5.549924
8178903	7.367489
8178917	8.89666
8178939	7.236975
8178955	8.17132
8178977	10.59658
8178988	6.932421
8178991	6.552991
8179003	3.691928
8179005	3.124676
8179007	4.996089
8179009	4.872077
8179011	4.380822
8179019	9.529254
8179028	7.489398
8179034	12.6851
8179041	13.11367
8179049	13.04712
8179055	6.201772
8179060	5.020079
8179070	5.706647
8179080	7.280037
8179088	6.090093
8179097	7.420979
8179103	11.84041
8179112	8.25694
8179139	8.686831
8179149	5.740867
8179167	6.183152
8179174	10.32193
8179184	9.611097
8179205	5.848726
8179221	4.335291
8179224	11.14985
8179228	5.608562
8179235	6.099397
8179238	5.366825
8179246	6.161569
8179249	6.284488
8179258	4.397577
8179263	5.486079
8179268	6.818648
8179276	5.100391
8179291	5.342642
8179298	10.48696
8179309	5.670503
8179313	5.852162
8179322	11.34192
8179324	10.20621
8179326	7.142156
8179331	7.179036
8179351	9.694415
8179364	7.098085
8179391	6.401931
8179399	5.864056
8179440	5.433284
8179451	6.07644
8179472	7.597116
8179481	10.39652
8179489	8.680727
8179495	8.716244
8179504	9.094762
8179519	8.455625
8179525	8.945762
8179534	7.540294
8179544	9.855042
8179555	7.343615
8179559	6.257883
8179564	5.167935
8179575	8.122667
8179587	3.395906
8179589	3.203496
8179591	3.320125
8179593	2.987752
8179595	5.989459
8179617	9.960601
8179628	4.255993
8179638	7.873521
8179648	6.842593
8179664	7.788486
8179683	5.512139
8179688	8.274768
8179704	7.323354
8179709	5.079873
8179713	5.570177
8179716	6.022538
8179719	6.128211
8179727	4.902571
8179731	13.0763
8179750	10.31916
8179762	4.782785
8179768	7.544083
8179773	5.46257
8179782	8.750143
8179808	7.456872
8179810	5.898918
8179814	5.502943
8179819	6.999597
8179827	10.24576
8179839	6.661061
8179848	5.04404
8179851	8.90724
8179861	11.65226
8179884	7.215145
8179913	7.257376
8179926	5.925122
8179935	5.486216
8179950	5.745184
8179958	7.376992
8179967	6.242691
8179987	6.552928
8179996	5.563029
8180003	9.850404
8180022	7.0139
8180029	7.166175
8180034	7.235716
8180049	8.858703
8180061	8.949595
8180076	4.510339
8180078	6.994276
8180086	8.739661
8180093	6.045462
8180100	10.00657
8180105	5.549924
8180111	7.245453
8180123	8.929982
8180144	8.17132
8180166	10.7544
8180179	6.371621
7899375	3.848578
7899600	4.396483
7899795	6.158741
7900197	5.360151
7900508	4.555659
7901338	2.781548
7901416	3.492135
7901495	3.065712
7902223	4.642887
7902493	5.639242
7902685	2.891856
7904691	1.791187
7904867	2.191715
7904946	2.191715
7905039	2.169791
7905127	7.247352
7905129	2.91593
7906233	1.965346
7907747	2.851165
7907788	5.613235
7909125	2.572869
7909283	4.251693
7910140	3.426502
7910583	2.165404
7910676	5.629948
7910692	2.142252
7910946	2.02757
7911566	6.159801
7912207	3.310081
7912209	3.603872
7914139	3.070349
7914350	5.808807
7914665	5.637822
7914807	2.915872
7914921	3.493381
7916075	2.424881
7916627	3.404448
7916783	2.129327
7918153	8.611988
7919153	2.66874
7919403	2.66874
7919574	2.373349
7919747	6.56456
7919778	5.073023
7919969	4.385354
7920025	5.855911
7920256	4.668399
7921220	4.054159
7922992	2.963793
7923005	3.56903
7924205	2.46503
7925126	2.899618
7925318	4.869952
7925440	3.443516
7925509	5.159989
7926366	2.112213
7926443	2.381645
7926484	2.469816
7926898	2.323064
7926979	6.303874
7927548	3.9042
7927852	4.133089
7928328	2.745202
7928815	3.462817
7929956	2.054115
7930274	2.595974
7931027	4.124524
7932614	2.268894
7932883	5.605058
7933088	2.007639
7933178	7.484417
7933840	2.883014
7933945	8.178588
7933976	8.171737
7934566	5.991041
7935859	2.604373
7936282	2.013892
7936318	2.319289
7936966	6.061502
7938588	2.484433
7939640	3.345314
7941170	2.233554
7942061	5.048593
7942542	3.636085
7942611	6.248849
7942983	3.464016
7943191	2.744606
7943550	2.023466
7943734	2.231227
7943777	3.172611
7944162	3.46208
7945031	3.192116
7946659	5.382655
7947915	5.688745
7947932	2.333707
7948033	4.498351
7948139	2.207663
7948397	5.106886
7948416	3.123087
7950030	3.326901
7951349	3.166778
7951435	2.315575
7951668	4.592472
7952396	3.135598
7952599	2.556257
7953685	2.063106
7953934	3.678961
7954434	9.00317
7955074	2.25611
7955421	2.323212
7956892	3.830424
7957041	3.246428
7957497	2.034663
7957568	5.856315
7957954	2.219913
7959823	2.373349
7959825	2.694896
7960359	7.40776
7960846	2.444435
7962181	2.057389
7964596	3.161376
7964598	3.284307
7964685	2.225229
7964720	2.004407
7964870	3.283136
7965224	2.16938
7965650	3.55341
7965836	4.539227
7965838	7.115488
7965842	7.106142
7965871	5.228344
7966299	7.434995
7966425	6.959449
7966684	2.812179
7967698	4.705375
7967967	4.13738
7968252	5.432791
7968911	5.655666
7968913	6.064375
7969768	3.625583
7970426	7.556105
7970674	5.561089
7970945	2.594575
7971124	4.011269
7971511	5.309906
7971640	3.72534
7971899	4.404398
7971903	2.177254
7972414	4.666088
7972748	5.877011
7973748	3.991338
7973865	5.8649
7974335	4.368809
7975404	3.074551
7976576	3.923457
7978909	6.298014
7979131	2.109955
7979689	3.383572
7980065	2.311556
7981486	2.840061
7981779	2.70294
7982751	2.441775
7982935	7.712286
7983252	4.600563
7983270	2.672103
7983525	2.767032
7984622	1.91771
7985308	2.317071
7985930	6.644928
7986325	1.956864
7986346	4.717024
7986635	2.295115
7988603	5.878526
7990806	1.858776
7992067	5.413738
7992131	5.204837
7992136	5.83072
7992458	5.971766
7992742	2.924564
7992841	6.066886
7995523	2.66393
7996391	3.811579
7997372	3.377092
7997700	5.172848
7998823	6.540997
7998841	6.540997
7999171	4.052468
7999382	8.991236
8000700	2.939928
8001183	2.442912
8001231	4.943799
8001392	2.0187
8002247	2.062088
8003226	4.637197
8003599	2.939928
8003889	4.531579
8004219	3.603531
8005433	6.034562
8006028	3.075594
8006319	6.559006
8006592	5.358877
8006679	4.430282
8007139	2.261076
8007605	1.81758
8008704	4.922005
8008967	5.325777
8012841	2.844263
8013507	5.46176
8013985	5.232859
8014863	4.482292
8015014	1.759377
8015796	3.968095
8016016	7.265599
8016733	5.686544
8018814	3.09857
8018902	4.571747
8020804	2.141572
8020971	4.516713
8021438	5.256335
8021961	2.342821
8022174	3.665745
8022424	7.130412
8022801	3.570314
8023547	1.974962
8023644	1.998748
8023755	2.357537
8027266	4.152498
8027429	5.601168
8027437	4.974268
8028002	6.553107
8029278	4.497665
8029375	5.197527
8029937	5.122425
8030197	4.944391
8030826	3.77024
8031615	2.311556
8035234	5.554523
8035787	2.835117
8035859	6.40762
8036557	3.850021
8038137	2.730616
8039945	6.159801
8040336	2.587737
8040465	5.316142
8040486	5.675305
8040616	2.016772
8041636	4.906953
8042221	5.109747
8042694	2.010499
8043022	4.193601
8043024	2.303595
8044698	2.271093
8045497	2.910618
8046644	6.625988
8047036	4.280771
8047185	4.481752
8047782	2.819054
8048108	6.804257
8049073	10.15304
8049235	5.164167
8050111	2.22627
8051234	2.151831
8052016	6.363896
8052303	1.870522
8052592	2.257067
8053447	5.158724
8053646	2.853641
8054939	5.171189
8055309	6.945787
8055482	2.536134
8055666	2.20461
8055670	2.118602
8055967	5.599069
8056043	2.061153
8057032	2.192811
8057561	2.641356
8058969	4.970153
8059275	4.292392
8059714	2.941286
8060609	6.865824
8060837	5.765652
8060986	2.495174
8061068	4.207587
8061539	4.548184
8061881	5.391598
8062204	5.233641
8062685	4.44898
8063185	3.84717
8065016	9.390014
8065196	7.34474
8065198	2.031633
8065903	6.353411
8066264	2.715796
8066292	4.493076
8066459	5.603059
8066528	2.537873
8067862	7.130412
8068018	2.138091
8068549	4.642924
8068733	2.804025
8069206	2.462264
8070871	4.395366
8070930	5.046606
8075057	3.527944
8075162	2.40993
8075308	2.119545
8075776	3.998025
8078153	4.881537
8078185	3.840626
8078384	2.153911
8078448	4.081843
8078603	6.443853
8078958	4.463562
8079058	6.641795
8079151	2.14629
8079368	6.315733
8079588	1.92621
8080909	6.575
8080985	3.040572
8081034	2.093729
8082795	3.305526
8083061	3.276143
8083322	4.837956
8083590	2.810285
8083790	2.148274
8084810	5.008393
8084836	2.222513
8085060	2.847631
8085358	6.956886
8086515	2.076875
8086878	3.817012
8087545	4.787333
8088476	1.743505
8088915	2.854022
8089928	6.42394
8090446	2.387275
8091118	3.516665
8091186	2.682817
8091554	8.685246
8093035	5.582042
8093037	3.850014
8094391	3.155099
8094899	2.23083
8095260	5.075492
8095758	2.191933
8096413	2.259586
8096531	2.283734
8097285	2.021254
8097476	4.583701
8097645	3.2804
8097934	2.113356
8097936	6.392583
8098161	1.985198
8098463	2.318137
8099756	2.150981
8100123	2.305362
8100290	4.532118
8100426	6.360069
8100456	5.923571
8100521	4.592555
8100599	3.476671
8101063	2.282957
8102592	3.306294
8103538	1.962359
8103849	2.022088
8104070	4.810525
8104447	4.097326
8104650	2.112213
8104661	2.905348
8104928	3.522963
8105061	3.618723
8105179	3.738296
8105300	5.831612
8105321	5.883672
8106720	5.674034
8107131	2.881672
8107472	3.338496
8107644	6.256925
8108433	2.557508
8108979	3.128681
8109424	6.331742
8109661	2.010049
8110585	5.200603
8111666	4.089273
8111885	3.261209
8112018	2.602448
8112609	3.454546
8112738	5.142695
8112855	2.819311
8113639	2.794512
8113701	4.660053
8113707	2.216024
8114285	3.037984
8114579	2.02774
8114898	4.957917
8115344	3.845014
8115366	1.857593
8115541	2.527946
8115873	5.473726
8117170	2.489042
8117710	7.411069
8119076	3.470066
8120979	2.612527
8121085	6.020462
8121269	3.977945
8121483	1.914454
8122194	7.741774
8122816	4.13261
8122875	4.556581
8123101	4.852095
8123332	4.678379
8123712	3.016842
8124482	3.148049
8125443	2.409351
8125445	2.708519
8125857	6.016041
8126358	3.464053
8126627	3.33975
8127995	1.933545
8128075	5.293737
8128077	2.326412
8128327	5.336003
8129315	2.407627
8131867	2.508097
8132243	3.892166
8132501	6.974498
8132847	2.680113
8133845	3.109617
8134316	2.402486
8134431	8.311324
8136612	2.838198
8137040	2.558975
8137435	3.014323
8138007	9.338856
8139017	2.118289
8140168	3.405551
8140965	7.521107
8142017	5.320611
8142876	3.15564
8144947	2.73717
8145797	4.570506
8146326	2.815307
8146480	4.851676
8146754	2.656177
8147047	2.570487
8148194	3.925164
8148461	2.855137
8149069	4.670532
8149256	6.638682
8150087	8.366058
8150151	2.147462
8151030	5.884514
8151213	2.26427
8151279	2.226052
8151308	3.011946
8151434	2.204295
8151492	3.077797
8151989	2.836592
8152094	2.204909
8152367	1.835991
8152626	2.904817
8152701	5.472265
8152819	4.171422
8153320	6.359587
8154361	2.19134
8154365	4.436184
8154572	2.414582
8155212	2.450355
8156110	4.00876
8156579	1.932867
8156844	2.512542
8157485	2.48339
8157522	3.831382
8157605	4.266135
8157841	2.579287
8157888	2.499386
8158511	3.508099
8158664	2.545429
8158910	5.100062
8159848	3.196639
8159957	4.440224
8160084	2.032596
8160470	4.145264
8160784	2.938051
8161421	6.644694
8161644	3.857206
8162177	4.346833
8164006	3.275424
8166583	2.574761
8166609	1.996345
8167161	4.879734
8168672	2.462185
8169636	3.826306
8171531	3.37372
8171881	1.955027
8172086	6.841016
8172156	5.563245
8173164	2.65724
8173549	3.929626
8173627	3.910904
8174644	3.868596
8176415	2.30312
8176566	7.480415
8176779	3.579255
8177068	2.223577
7892796	13.81599
7892925	10.42211
7893130	11.39782
7893306	8.490837
7893613	9.365876
7893939	9.374763
7894584	7.371922
7894611	10.0727
7894970	14.1078
7895139	8.469337
7895220	10.39194
7896160	9.908114
7896366	12.3642
7896687	6.995965
7896688	5.295507
7896689	7.884409
7896690	7.446994
7896691	4.963669
7896692	7.016175
7896693	5.767165
7896694	5.188158
7896695	6.606261
7896696	7.075202
7896697	5.134402
7896698	7.978638
7896699	5.225333
7896700	3.893459
7896701	4.663648
7896702	4.517156
7896703	6.744148
7896704	7.643736
7896705	8.417707
7896706	5.242949
7896707	7.108065
7896708	4.41671
7896709	6.382216
7896710	5.125735
7896711	5.521068
7896712	6.640522
7896713	7.094866
7896714	6.470328
7896715	5.830172
7896716	8.280981
7896717	5.737262
7896718	3.588959
7896719	4.658462
7896720	4.426822
7896721	3.11635
7896722	4.381267
7896723	7.17928
7896724	3.083536
7896725	3.798094
7896726	5.573805
7896727	5.499539
7896728	5.630323
7896729	2.825781
7896730	3.891907
7892601	5.34591
7892698	1.782523
7892756	1.820652
7892815	2.124074
7892916	7.244577
7892943	1.836421
7892971	1.917613
7893026	6.808105
7893348	8.725095
7893368	1.823472
7893409	5.442357
7893426	2.189277
7893625	1.917217
7893643	2.433305
7893687	1.894494
7893988	1.820311
7894132	7.950668
7894198	1.82452
7894480	8.260944
7894592	8.437742
7894750	1.981393
7894862	7.677115
7894881	6.731321
7894892	4.780171
7894998	3.785025
7895078	2.772834
7895402	2.378087
7895613	1.727251
7895644	6.081014
7895667	2.090339
7895703	3.265122
7895732	8.456526
7895892	1.819315
7895923	8.191292
7895949	2.139315
7895968	2.638255
7895973	7.192155
7896216	1.71644
7896237	3.817457
7896388	8.065673
7896419	3.349938
7896573	4.905208
7896637	7.672776
7896658	1.943989
7896667	6.142476
7892501	7.311941
7892509	11.30267
7892514	10.14602
7892516	6.12325
7892521	7.07952
7892530	8.329495
7892536	10.30656
7892541	9.58295
7892542	8.276628
7892548	6.934701
7892549	7.325181
7892555	7.459054
7892556	12.51148
7892559	6.614809
7892561	9.718865
7892562	7.873184
7892564	10.39941
7892565	7.233546
7892568	10.86293
7892569	7.89374
7892574	10.23793
7892576	5.955779
7892578	3.552151
7892579	8.60825
7892596	5.171172
7892598	10.26189
7892599	9.031008
7892605	8.143846
7892609	4.458198
7892610	8.665151
7892618	6.360518
7892620	10.25595
7892621	12.05724
7892622	9.010998
7892623	8.926396
7892625	7.316695
7892627	7.470984
7892628	9.459105
7892630	10.30163
7892635	9.100475
7892639	7.016818
7892640	12.73455
7892643	9.489729
7892644	10.03901
7892648	9.096607
7892650	11.89776
7892652	11.78425
7892661	10.70983
7892662	8.094111
7892663	12.03865
7892668	10.20092
7892670	8.285598
7892674	7.254775
7892678	6.661894
7892679	6.196506
7892680	7.893069
7892682	3.960291
7892684	9.963959
7892687	5.327751
7892688	6.016049
7892694	6.03695
7892697	6.136868
7892699	6.745437
7892701	9.96056
7892703	7.83582
7892704	12.72151
7892717	6.388064
7892720	6.936963
7892732	7.720497
7892742	9.638205
7892745	9.043747
7892747	7.13819
7892757	9.355795
7892762	11.28409
7892764	9.357355
7892766	10.76163
7892770	8.769311
7892771	8.970661
7892773	7.178825
7892776	9.134735
7892778	6.445578
7892786	8.557828
7892788	10.42774
7892791	11.61843
7892797	7.512902
7892802	9.168007
7892803	12.9221
7892808	8.220047
7892814	10.67189
7892817	13.19053
7892820	11.66257
7892825	2.903584
7892829	12.01596
7892830	11.10874
7892831	11.01397
7892832	7.973793
7892835	10.20103
7892836	10.83054
7892837	9.693247
7892838	10.46061
7892841	9.051958
7892846	11.95045
7892847	8.385067
7892848	8.95184
7892853	11.87432
7892857	11.24694
7892861	11.50239
7892868	12.12178
7892870	6.917814
7892876	6.853959
7892880	9.67974
7892882	9.657194
7892884	10.21344
7892890	10.0258
7892893	7.652261
7892894	10.14301
7892896	10.74215
7892898	7.062834
7892900	12.21955
7892901	11.12422
7892902	13.0272
7892905	2.594528
7892906	13.05753
7892907	11.91893
7892911	6.666712
7892912	4.304982
7892919	9.76437
7892935	9.562668
7892939	9.635437
7892941	11.67653
7892944	8.226234
7892947	10.40634
7892951	7.70848
7892953	7.495958
7892954	10.63464
7892959	5.565993
7892966	10.9671
7892967	9.634474
7892968	7.59176
7892972	10.63416
7892977	12.43012
7892979	9.215721
7892981	10.4918
7892983	11.23131
7892986	10.78393
7892995	2.335159
7893001	8.811658
7893002	10.38476
7893005	4.346035
7893012	10.45952
7893015	12.8597
7893019	6.737763
7893023	9.898794
7893025	7.787024
7893027	5.70309
7893029	12.58116
7893030	6.878343
7893031	9.558615
7893032	7.039491
7893036	8.352394
7893039	9.793925
7893050	11.17074
7893058	9.471118
7893061	9.403667
7893064	7.397462
7893070	9.20171
7893073	8.8756
7893074	8.207016
7893079	10.08678
7893081	11.95765
7893086	7.992672
7893087	10.12949
7893090	12.83699
7893091	7.492293
7893094	11.19821
7893097	9.230154
7893103	12.8638
7893113	7.857327
7893118	8.076823
7893122	6.931707
7893125	7.050018
7893128	7.704354
7893131	11.21719
7893133	11.41934
7893138	12.56716
7893139	12.19504
7893153	10.12109
7893160	10.56351
7893164	11.31666
7893166	3.39012
7893170	4.182417
7893173	12.96394
7893181	9.31662
7893184	7.743761
7893187	10.25152
7893191	10.12717
7893194	10.89681
7893196	10.53366
7893201	10.29184
7893205	11.29603
7893206	6.037648
7893208	9.559268
7893217	8.47574
7893218	12.76811
7893229	5.29741
7893232	6.585641
7893235	8.317072
7893238	11.1373
7893240	8.645136
7893244	10.92051
7893248	7.430137
7893249	7.797186
7893250	6.447418
7893257	7.347063
7893258	8.961286
7893259	10.83278
7893261	11.05918
7893262	9.12443
7893264	11.96971
7893266	11.00752
7893268	7.362456
7893270	12.39899
7893271	10.08286
7893272	11.51873
7893273	6.453115
7893277	6.75564
7893291	3.169803
7893297	10.2869
7893298	10.45219
7893305	6.255791
7893309	6.019686
7893313	9.760816
7893316	12.38539
7893325	6.743908
7893333	7.866662
7893339	8.964268
7893340	9.110652
7893344	9.765106
7893345	12.3563
7893346	8.263907
7893349	7.278944
7893350	6.230494
7893354	10.1025
7893356	10.41361
7893357	11.46192
7893359	6.486134
7893362	9.290557
7893363	7.888206
7893364	10.3437
7893371	12.10842
7893374	10.09272
7893382	11.95491
7893384	5.440039
7893385	11.44428
7893386	13.31421
7893390	9.745989
7893392	6.316007
7893393	13.36051
7893394	11.42956
7893395	8.762111
7893399	10.07524
7893407	10.84985
7893413	10.36903
7893419	11.21778
7893420	9.786613
7893422	11.55162
7893424	11.95848
7893439	11.96327
7893441	9.030622
7893443	6.630609
7893447	8.370259
7893449	9.591349
7893453	7.335706
7893454	10.37349
7893455	7.42452
7893458	9.880993
7893460	11.33129
7893461	8.810737
7893463	4.496467
7893466	11.32332
7893467	8.987148
7893476	9.868784
7893477	8.171155
7893481	6.721056
7893485	9.059487
7893486	13.02844
7893494	8.434073
7893497	7.385115
7893500	7.743761
7893504	9.683539
7893506	5.460703
7893516	10.83811
7893517	8.088871
7893518	8.109136
7893528	7.071285
7893530	11.78183
7893534	8.453233
7893539	11.39676
7893543	12.57462
7893544	6.780582
7893547	12.63209
7893549	6.914112
7893550	11.08515
7893551	9.545326
7893552	7.328321
7893554	10.38867
7893558	9.18336
7893559	12.66967
7893561	9.527792
7893564	13.75955
7893568	5.452361
7893571	11.40194
7893572	6.948966
7893573	10.58387
7893574	11.46555
7893582	12.45428
7893587	6.883338
7893591	11.32011
7893592	11.69181
7893593	8.389643
7893594	7.72304
7893602	9.895935
7893603	11.45857
7893608	9.698399
7893609	10.5571
7893619	10.0403
7893628	10.00843
7893630	5.941845
7893632	12.66834
7893639	9.386049
7893640	7.808404
7893641	11.53251
7893642	11.23104
7893647	11.81981
7893649	9.24873
7893650	12.47606
7893657	6.210216
7893662	12.90814
7893664	8.112946
7893676	10.54016
7893681	1.94435
7893682	8.519568
7893684	9.068106
7893685	9.520263
7893690	8.547441
7893700	9.138503
7893709	10.16002
7893711	10.9229
7893714	8.825835
7893715	9.380989
7893717	7.152312
7893721	6.014853
7893727	13.37671
7893729	7.31744
7893732	11.03229
7893733	11.27221
7893734	11.29509
7893738	6.887042
7893740	10.69849
7893745	6.207863
7893747	8.527843
7893752	7.993709
7893759	11.7814
7893762	13.70452
7893763	12.31162
7893769	7.649704
7893773	11.46686
7893774	10.20841
7893777	7.427967
7893778	9.779383
7893779	10.07329
7893782	8.100445
7893785	11.44179
7893787	3.587607
7893788	8.310537
7893792	9.802577
7893793	5.927505
7893796	6.691912
7893798	5.546921
7893806	6.300877
7893808	11.86731
7893814	6.670169
7893815	11.69747
7893816	10.74481
7893821	7.957785
7893822	4.39527
7893827	8.390781
7893834	7.07895
7893840	7.942467
7893850	11.35806
7893853	8.482943
7893855	8.890764
7893856	8.459723
7893870	8.057889
7893880	11.78403
7893883	10.59011
7893886	8.257336
7893888	8.252514
7893892	8.749336
7893904	12.74325
7893905	8.374816
7893908	5.264966
7893910	6.523384
7893913	8.883164
7893918	6.338064
7893919	9.474063
7893921	7.301043
7893922	9.574308
7893923	12.90319
7893926	11.97266
7893928	9.039081
7893933	7.6562
7893941	7.658577
7893946	8.493294
7893948	9.334098
7893952	9.612192
7893956	12.88438
7893961	7.110787
7893963	3.266025
7893966	11.2561
7893968	8.225808
7893973	9.754222
7893979	8.375772
7893981	7.843316
7893991	8.871124
7894010	5.814294
7894011	7.561997
7894012	12.54986
7894019	11.20509
7894029	11.46143
7894033	11.87753
7894041	8.468838
7894042	8.814062
7894043	13.09423
7894044	11.35046
7894051	12.6356
7894055	9.381397
7894056	10.12787
7894057	12.45081
7894058	12.30529
7894061	10.11795
7894067	7.762865
7894068	9.001764
7894070	11.68093
7894072	9.923458
7894074	10.81682
7894076	10.67457
7894078	6.991305
7894083	11.49818
7894086	11.9856
7894088	9.034212
7894098	12.64547
7894100	12.12066
7894104	9.603298
7894107	11.31569
7894110	11.64239
7894114	13.22302
7894115	8.381478
7894118	9.727069
7894119	9.840532
7894125	11.57943
7894134	9.666926
7894136	9.26748
7894138	6.774575
7894146	8.482979
7894157	3.801312
7894158	7.474983
7894160	8.578176
7894161	8.469109
7894165	7.598517
7894171	10.70606
7894185	10.12865
7894186	10.83649
7894188	9.019325
7894195	8.952295
7894196	3.382313
7894199	6.27182
7894204	5.6394
7894205	11.25348
7894209	6.256011
7894211	10.34973
7894212	8.91821
7894214	12.5855
7894226	7.429479
7894238	4.075878
7894239	11.56476
7894251	6.576024
7894252	10.61513
7894258	11.45405
7894262	9.560239
7894263	11.95684
7894264	11.22821
7894267	8.908175
7894269	10.59629
7894272	7.062823
7894277	4.913577
7894282	10.66461
7894284	10.42577
7894289	9.623371
7894290	6.31462
7894291	7.44844
7894294	11.18752
7894295	9.706017
7894304	11.30689
7894306	9.267169
7894307	13.06777
7894315	8.968879
7894316	9.176312
7894321	7.775681
7894324	12.98006
7894329	3.471681
7894331	7.548566
7894336	7.087996
7894341	8.912595
7894350	5.698898
7894355	8.124804
7894363	9.270591
7894366	11.94308
7894372	12.10889
7894373	6.274939
7894374	10.11781
7894375	9.044676
7894376	8.545109
7894379	9.641067
7894380	10.45606
7894386	7.214373
7894389	9.184632
7894395	10.58754
7894402	11.49258
7894404	10.8986
7894411	10.25565
7894412	7.618977
7894413	10.19458
7894416	10.41339
7894419	8.873942
7894421	11.0369
7894427	4.893234
7894428	7.437221
7894429	10.3315
7894431	9.52309
7894433	11.1766
7894435	8.245799
7894436	9.205108
7894437	6.809069
7894438	7.418645
7894439	11.28042
7894449	10.1035
7894451	8.73199
7894459	8.323637
7894469	11.78175
7894470	9.340232
7894471	10.69689
7894474	8.689067
7894478	7.500925
7894479	8.449398
7894485	12.29669
7894489	8.575512
7894492	9.409917
7894496	10.42973
7894498	8.970151
7894501	10.29415
7894504	4.360643
7894512	11.93226
7894513	9.483906
7894515	9.4887
7894516	9.45419
7894518	7.277799
7894519	10.37417
7894520	10.66054
7894527	11.96907
7894529	8.49899
7894535	12.18484
7894536	12.24004
7894540	12.8266
7894542	12.43059
7894546	7.193811
7894548	10.7868
7894549	5.588307
7894551	12.37065
7894552	11.74047
7894555	8.476744
7894557	7.666893
7894558	6.665914
7894561	9.329344
7894562	6.821194
7894563	5.91659
7894570	3.680717
7894574	8.615702
7894579	11.09145
7894581	8.522298
7894583	8.124795
7894594	4.500407
7894596	11.6265
7894599	8.271206
7894604	9.325513
7894605	12.26937
7894617	8.935931
7894627	7.298545
7894634	10.65792
7894635	5.963064
7894637	9.974998
7894638	11.28864
7894639	10.11373
7894642	10.80872
7894648	7.932858
7894657	9.584875
7894661	11.4714
7894662	10.10179
7894665	8.827964
7894666	11.75007
7894672	12.22039
7894674	10.73851
7894675	8.746878
7894681	9.184258
7894682	10.38943
7894683	7.609615
7894685	10.72094
7894687	12.27036
7894698	9.386823
7894699	12.38822
7894700	7.915522
7894704	10.67074
7894708	8.498374
7894711	8.679171
7894712	9.940069
7894716	11.50551
7894722	9.701668
7894725	11.59068
7894732	8.521503
7894737	7.921457
7894740	12.87685
7894742	5.092189
7894744	11.91029
7894746	3.721578
7894757	11.24489
7894758	12.25347
7894761	11.84069
7894767	11.5896
7894769	9.1583
7894771	9.016531
7894774	11.59522
7894777	5.551263
7894782	7.156154
7894788	5.416909
7894790	9.608297
7894791	6.168707
7894796	9.814895
7894798	10.41572
7894801	8.531439
7894806	10.95533
7894808	10.22668
7894813	8.718141
7894824	8.966743
7894826	10.39155
7894827	9.282229
7894834	8.794312
7894837	8.57369
7894838	8.743031
7894844	6.951931
7894845	10.99337
7894846	10.47327
7894858	11.6529
7894860	10.01171
7894873	8.444715
7894877	8.451
7894878	10.50754
7894884	8.408538
7894896	10.71646
7894903	9.910766
7894906	7.46622
7894908	10.93169
7894914	11.25665
7894916	9.889439
7894919	10.03566
7894926	10.61571
7894927	6.606336
7894944	4.42466
7894946	2.308752
7894951	9.101234
7894964	10.81437
7894968	8.275916
7894969	6.348859
7894971	11.61878
7894974	8.834259
7894977	7.399512
7894978	8.237598
7894980	7.081748
7894982	12.53855
7894984	8.43367
7894990	12.02588
7894999	12.82646
7895001	9.801251
7895003	8.355658
7895005	10.93336
7895008	4.688602
7895012	10.23712
7895014	8.674801
7895016	9.801085
7895017	13.01943
7895018	7.732769
7895019	7.466552
7895026	9.096539
7895031	6.398686
7895032	9.508193
7895033	9.839394
7895034	10.01622
7895036	9.558252
7895038	10.02545
7895039	10.68857
7895042	9.440498
7895045	9.746984
7895052	10.08319
7895054	9.10319
7895055	9.980731
7895056	8.68855
7895057	12.82178
7895062	8.665252
7895067	8.69258
7895068	10.12149
7895069	7.922716
7895072	11.5002
7895077	9.560646
7895081	8.221507
7895082	10.98342
7895084	9.663277
7895087	9.908101
7895088	10.64912
7895089	11.80117
7895090	10.74856
7895091	7.599109
7895096	7.412883
7895098	7.901975
7895101	10.7755
7895105	5.528339
7895110	11.81923
7895112	12.76023
7895119	11.52428
7895121	7.779459
7895122	12.12212
7895123	8.668144
7895133	10.07552
7895136	2.602448
7895137	12.76613
7895145	7.485093
7895147	8.789723
7895149	11.61681
7895153	9.454348
7895157	10.89745
7895160	8.166603
7895161	10.81798
7895162	7.736124
7895168	7.395684
7895170	11.76694
7895171	7.724217
7895176	2.959099
7895177	8.641714
7895180	8.716798
7895186	6.686074
7895187	7.037201
7895192	10.40277
7895203	8.912561
7895214	11.58883
7895215	10.30241
7895221	9.767072
7895225	10.32933
7895226	10.37376
7895227	11.05786
7895231	10.14172
7895237	7.798237
7895238	11.06758
7895241	8.479121
7895246	10.0241
7895247	8.622879
7895248	11.92432
7895252	7.765968
7895256	10.09437
7895258	8.555197
7895263	11.67244
7895264	8.523777
7895267	9.637424
7895271	10.62547
7895272	11.3528
7895273	11.87021
7895274	11.88231
7895275	12.42267
7895276	11.8587
7895277	11.78235
7895283	7.868479
7895288	8.397708
7895289	9.533511
7895290	8.977664
7895291	4.082354
7895294	7.358035
7895298	8.101024
7895299	11.65084
7895308	7.108145
7895312	10.43988
7895317	11.99275
7895318	5.480989
7895320	10.57585
7895322	10.30051
7895324	9.016646
7895325	8.195791
7895328	12.1634
7895330	12.22539
7895331	6.1473
7895334	9.130713
7895336	11.28387
7895340	10.42765
7895347	2.540532
7895355	3.749647
7895356	9.00492
7895357	7.344291
7895358	10.32593
7895360	11.44163
7895365	5.492645
7895373	12.11794
7895376	10.0385
7895379	11.28179
7895382	12.33415
7895393	11.20083
7895397	7.446959
7895404	7.657324
7895405	10.13982
7895411	8.910099
7895414	10.94855
7895417	7.906791
7895419	8.767154
7895422	9.288251
7895425	7.129654
7895427	8.739871
7895438	2.269911
7895439	6.001024
7895441	7.182606
7895444	10.95396
7895447	11.0762
7895468	2.477055
7895472	10.47955
7895475	12.46294
7895476	10.0294
7895478	8.522557
7895481	11.56207
7895484	10.59835
7895490	8.946828
7895492	9.027581
7895499	4.567936
7895509	8.642685
7895510	12.99334
7895515	8.985945
7895517	10.60469
7895518	10.92696
7895520	13.63176
7895521	10.96754
7895525	9.745019
7895532	5.631091
7895538	9.134493
7895539	8.883329
7895542	9.246547
7895544	8.03315
7895545	12.27395
7895547	10.90919
7895548	8.679171
7895551	12.17199
7895554	13.31622
7895557	13.51031
7895559	9.788109
7895574	8.918124
7895578	9.521222
7895579	10.56073
7895585	7.948633
7895588	11.78034
7895590	8.098654
7895596	9.65502
7895597	6.819527
7895599	9.416864
7895602	11.02544
7895604	7.999957
7895606	12.60912
7895610	10.80565
7895614	6.684143
7895616	9.971169
7895619	10.34671
7895620	7.536848
7895622	10.55068
7895626	12.02054
7895629	8.424591
7895630	7.911678
7895632	9.440412
7895640	6.175387
7895643	8.480002
7895647	6.56722
7895656	7.255285
7895657	11.69778
7895658	5.960255
7895661	10.22724
7895665	10.01173
7895674	11.70766
7895676	9.283508
7895677	6.497189
7895681	6.963108
7895685	6.608921
7895687	12.53811
7895690	11.30709
7895691	8.227139
7895693	11.54965
7895694	10.98222
7895697	11.10529
7895704	11.76299
7895710	10.47603
7895719	9.8852
7895721	9.299072
7895726	7.681989
7895729	9.107101
7895737	7.811159
7895739	7.71113
7895752	8.833996
7895758	10.73499
7895759	8.255625
7895761	7.359426
7895762	12.55653
7895767	9.941584
7895770	8.579064
7895774	5.710273
7895778	11.97166
7895780	10.71713
7895787	8.819618
7895790	10.28923
7895791	7.912411
7895806	8.564125
7895808	10.463
7895810	7.435296
7895816	7.811835
7895817	8.944703
7895818	11.17551
7895824	11.38946
7895831	7.989403
7895832	9.105033
7895841	9.218993
7895842	8.609568
7895846	9.775276
7895847	7.899048
7895853	8.74691
7895855	6.762784
7895857	6.879193
7895861	1.857594
7895866	9.578257
7895869	8.709024
7895873	12.10204
7895878	10.34633
7895879	6.946724
7895881	11.28772
7895885	10.77297
7895886	11.36557
7895890	7.897313
7895900	6.258626
7895901	7.202283
7895903	10.06784
7895904	7.57244
7895907	6.705626
7895908	6.726007
7895911	10.99182
7895913	8.537482
7895916	9.204214
7895918	10.08824
7895919	9.338739
7895928	12.40257
7895929	9.780958
7895932	10.11168
7895933	5.344581
7895934	9.593895
7895937	10.52136
7895939	10.05868
7895943	6.71839
7895944	11.54859
7895945	7.576868
7895947	6.13067
7895948	7.488768
7895952	8.316163
7895953	11.6866
7895954	9.327237
7895963	8.054579
7895964	11.51983
7895971	8.69807
7895972	11.78099
7895981	7.954664
7895982	10.5826
7895985	10.88348
7895994	13.247
7895995	8.367187
7895996	10.43387
7895997	8.820084
7895999	5.804859
7896001	8.125512
7896005	9.491856
7896007	11.47839
7896013	4.798512
7896022	12.02342
7896025	8.617996
7896026	6.622788
7896029	10.36767
7896030	9.862929
7896036	11.97316
7896038	10.01832
7896039	8.975243
7896041	10.18178
7896044	10.99364
7896047	10.31513
7896050	12.57165
7896054	11.12761
7896059	9.303812
7896064	9.717693
7896067	12.12454
7896069	9.05587
7896070	8.928462
7896076	8.04536
7896082	11.77007
7896084	12.48444
7896085	8.577323
7896089	7.199201
7896091	10.42345
7896094	5.966332
7896095	7.310306
7896101	8.944081
7896108	9.459314
7896111	12.82554
7896112	7.699338
7896120	8.643421
7896123	9.173425
7896128	7.421276
7896130	7.66851
7896133	8.820141
7896136	12.35357
7896137	7.880889
7896138	10.21742
7896139	9.644477
7896140	10.74257
7896142	12.11537
7896148	10.53099
7896156	10.67076
7896157	10.57103
7896158	7.534201
7896159	11.72907
7896162	8.086681
7896167	7.811896
7896168	13.02463
7896169	10.27622
7896170	11.94488
7896174	11.06353
7896175	9.276379
7896178	8.61885
7896184	12.86565
7896185	9.722223
7896186	8.87413
7896188	9.982484
7896191	9.259024
7896200	9.106809
7896201	10.95711
7896205	9.724464
7896210	10.92466
7896221	7.624288
7896222	5.775585
7896227	13.37463
7896228	9.702909
7896230	8.399606
7896231	8.894873
7896232	5.899347
7896240	9.470164
7896241	8.250809
7896247	10.7109
7896249	10.10499
7896250	11.81952
7896253	13.01943
7896258	11.66345
7896269	8.982756
7896277	7.218113
7896278	7.688122
7896283	6.047152
7896287	9.052011
7896292	13.35002
7896302	8.448673
7896308	11.26
7896310	10.58578
7896319	10.10678
7896321	10.42157
7896324	8.486785
7896325	9.587645
7896329	8.103833
7896331	8.854744
7896337	8.205932
7896339	9.996202
7896343	7.900188
7896345	12.24201
7896349	11.80821
7896352	12.25651
7896356	8.901598
7896358	9.060626
7896360	10.15733
7896362	8.753884
7896365	6.15095
7896367	10.57436
7896369	10.47924
7896370	10.65437
7896371	12.13522
7896372	7.227657
7896374	1.995656
7896375	10.71305
7896378	7.936335
7896383	3.576034
7896384	10.86219
7896385	12.37142
7896387	13.4673
7896391	6.32263
7896394	7.237231
7896395	7.314429
7896397	13.56521
7896398	5.724431
7896421	12.23482
7896422	9.81903
7896425	8.776203
7896426	7.044576
7896427	10.4396
7896430	9.501413
7896431	3.755913
7896432	8.310349
7896434	11.05124
7896438	11.82602
7896439	7.973086
7896443	8.498241
7896446	8.349168
7896456	7.716412
7896458	9.881474
7896460	5.109063
7896464	9.694993
7896466	9.073169
7896468	8.511983
7896472	8.967729
7896474	7.88238
7896476	7.750574
7896482	10.01806
7896483	9.261044
7896484	8.702744
7896485	11.02079
7896490	8.402111
7896491	12.01014
7896493	9.413443
7896498	10.08257
7896499	6.840592
7896508	10.33684
7896511	10.38051
7896512	9.757363
7896520	9.413037
7896521	5.310366
7896522	9.126894
7896525	5.816461
7896528	11.51022
7896529	9.056063
7896530	1.835964
7896531	10.00756
7896533	11.64032
7896534	9.059145
7896542	9.725568
7896544	10.81593
7896546	7.4591
7896547	6.956572
7896553	6.344085
7896554	10.42373
7896558	7.322055
7896561	8.524807
7896582	7.568524
7896586	11.28161
7896594	11.57167
7896596	8.593086
7896599	9.781416
7896600	7.920488
7896602	9.28039
7896605	10.49868
7896608	8.86654
7896616	10.81109
7896621	10.24647
7896622	12.55248
7896623	6.933678
7896627	7.289579
7896646	5.869397
7896647	10.85548
7896651	9.764618
7896652	9.342913
7896653	12.02797
7896657	11.79197
7896659	7.05891
7896664	10.19136
7896673	9.148842
7896677	6.471857
7896683	10.38811
7896684	11.51798
7896685	10.22217
7892502	4.736323
7892503	5.661938
7892504	10.01366
7892505	4.175487
7892506	6.11465
7892507	3.983222
7892508	5.72616
7892510	4.426005
7892511	3.304405
7892512	8.411167
7892513	3.885545
7892515	10.03514
7892517	6.989109
7892518	2.943295
7892519	5.433089
7892520	9.922348
7892522	6.342626
7892524	7.321829
7892525	6.661508
7892526	6.399415
7892527	8.200313
7892528	2.263141
7892529	6.485631
7892531	7.173502
7892532	3.766373
7892533	8.997536
7892534	4.833404
7892535	7.833689
7892537	4.26362
7892538	6.577949
7892539	5.03484
7892540	6.489948
7892543	5.524916
7892544	5.21255
7892545	5.928065
7892547	4.371477
7892550	7.39421
7892551	11.79695
7892552	6.452873
7892553	7.20024
7892554	5.866504
7892557	2.642404
7892558	5.28803
7892560	5.216485
7892563	6.320002
7892566	4.096269
7892567	6.614437
7892570	7.513289
7892571	2.785186
7892572	6.722825
7892573	6.687977
7892575	7.021024
7892577	1.942368
7892580	3.010158
7892581	5.213799
7892582	4.263663
7892583	4.581718
7892584	6.757756
7892585	4.392503
7892586	4.180624
7892587	8.036674
7892588	2.435665
7892589	5.441277
7892590	4.11485
7892591	4.12218
7892592	6.293946
7892593	5.610232
7892594	3.586788
7892595	4.872203
7892597	4.842826
7892600	3.559173
7892602	2.028281
7892603	5.348921
7892604	5.830266
7892606	12.73472
7892608	9.65782
7892611	2.184372
7892612	3.414926
7892613	10.66723
7892614	4.628483
7892615	5.748496
7892616	2.216606
7892617	12.85337
7892619	6.513454
7892624	3.315021
7892626	4.85639
7892629	6.052199
7892631	2.871089
7892632	5.158433
7892633	6.766058
7892634	9.912247
7892636	8.952793
7892637	7.479068
7892638	2.684852
7892641	6.094743
7892642	10.35742
7892645	2.910012
7892646	2.57236
7892647	6.279284
7892649	5.493913
7892651	3.813112
7892653	2.999501
7892654	9.529793
7892655	4.340531
7892656	4.544277
7892657	2.745008
7892658	3.39232
7892659	3.931061
7892660	1.716439
7892664	5.41494
7892665	5.575959
7892666	4.531647
7892667	10.34311
7892669	6.752212
7892671	4.878134
7892672	4.643538
7892673	7.616138
7892675	6.575298
7892676	5.614537
7892677	11.16981
7892681	7.086417
7892683	4.92845
7892685	5.501734
7892686	6.990494
7892689	5.014722
7892690	4.557346
7892691	2.944698
7892692	7.960757
7892693	7.473607
7892695	5.635608
7892696	6.458659
7892700	5.297469
7892702	6.64495
7892705	6.370999
7892706	6.988707
7892707	10.7927
7892708	5.707806
7892709	5.719728
7892710	2.156939
7892711	8.584202
7892712	7.990264
7892713	9.642794
7892714	3.888657
7892715	3.567735
7892716	6.336237
7892718	4.31523
7892719	9.591516
7892721	10.62646
7892722	2.161992
7892723	2.747354
7892724	6.320297
7892725	4.947673
7892726	4.721372
7892727	5.740915
7892728	3.302645
7892729	5.30831
7892730	4.663052
7892731	5.988011
7892733	6.096355
7892734	6.416879
7892735	5.881368
7892736	5.615282
7892737	4.355175
7892738	7.478997
7892739	5.396406
7892740	4.55761
7892741	5.78339
7892743	2.374956
7892744	7.402566
7892746	2.243457
7892748	10.80733
7892749	6.582203
7892750	5.061641
7892751	7.785627
7892752	5.085977
7892753	13.62559
7892754	6.326905
7892755	4.624443
7892758	6.606659
7892759	8.103388
7892760	5.01822
7892761	6.24026
7892763	8.18915
7892765	11.04319
7892767	4.060256
7892768	3.615624
7892769	2.965629
7892772	5.126515
7892774	5.809519
7892775	5.809812
7892777	6.272275
7892779	5.408877
7892780	6.178506
7892781	7.648907
7892782	12.9725
7892783	10.19327
7892784	5.029199
7892785	5.101123
7892787	4.224946
7892789	5.112456
7892790	5.204922
7892792	6.475464
7892793	3.700628
7892794	6.019131
7892795	6.310205
7892798	4.004905
7892799	3.421593
7892800	3.558478
7892801	2.165943
7892804	4.15669
7892805	5.428514
7892806	5.665403
7892807	4.782108
7892809	3.050885
7892810	4.115645
7892811	2.144331
7892812	6.271986
7892813	5.119107
7892816	11.0429
7892818	3.420289
7892819	6.970532
7892821	3.03096
7892822	6.131197
7892823	6.23172
7892824	7.806907
7892826	5.958088
7892827	13.41514
7892828	3.703674
7892833	2.688523
7892834	4.948853
7892839	3.198862
7892840	6.637005
7892842	3.981669
7892843	5.149334
7892844	5.552442
7892845	7.078615
7892849	4.212486
7892850	9.192219
7892851	5.923737
7892852	6.555272
7892854	4.263318
7892855	4.213102
7892856	6.472631
7892858	4.218725
7892859	6.564667
7892860	6.770117
7892862	10.75622
7892863	8.99653
7892864	6.089112
7892865	10.92764
7892866	3.138207
7892867	3.644147
7892869	8.535849
7892871	9.428028
7892872	4.390688
7892873	6.498442
7892874	3.779869
7892875	6.728093
7892877	4.526947
7892878	6.280385
7892879	5.658517
7892881	4.190204
7892883	4.948807
7892885	4.142725
7892886	5.35504
7892887	4.29957
7892888	3.090258
7892889	12.90613
7892891	13.31614
7892892	5.14139
7892895	3.840638
7892897	6.910122
7892899	12.38201
7892903	9.638716
7892904	5.199544
7892908	4.887661
7892909	7.079362
7892910	5.511849
7892913	5.801292
7892914	3.550869
7892915	7.521201
7892917	5.591967
7892918	5.970209
7892920	8.235871
7892921	3.09412
7892922	5.635501
7892923	3.424439
7892924	11.7039
7892926	10.24099
7892927	3.612931
7892928	11.33463
7892929	4.349561
7892930	11.6529
7892931	6.287785
7892932	7.046603
7892933	6.463838
7892934	7.089677
7892936	4.103629
7892937	8.672886
7892938	8.526381
7892940	12.76935
7892942	4.93203
7892945	4.40722
7892946	6.477426
7892948	11.56
7892949	5.852766
7892950	2.997202
7892952	6.956754
7892955	10.31965
7892956	11.8862
7892957	5.826688
7892958	4.697825
7892960	9.861094
7892961	7.967493
7892962	6.928037
7892963	3.292309
7892964	5.499776
7892965	2.436375
7892969	12.34702
7892970	4.439064
7892973	5.819288
7892974	6.401549
7892975	2.626998
7892976	4.561225
7892978	7.690144
7892980	6.214236
7892982	5.258497
7892984	4.238002
7892985	5.846189
7892987	12.81175
7892988	2.527528
7892989	6.250732
7892990	6.682178
7892991	9.400942
7892992	13.21226
7892993	11.41172
7892994	2.744445
7892996	7.951078
7892997	3.496927
7892998	6.835151
7892999	3.24311
7893000	6.601818
7893003	4.873959
7893004	7.009389
7893006	5.041489
7893007	8.255715
7893008	4.772949
7893009	3.73546
7893010	7.087998
7893011	5.079356
7893013	6.814708
7893014	5.764945
7893016	3.734808
7893017	6.480766
7893018	6.192239
7893021	5.080061
7893022	5.404056
7893024	3.757574
7893028	7.355433
7893033	10.15529
7893034	5.841136
7893035	7.200497
7893037	6.04611
7893038	3.627187
7893040	6.615864
7893041	3.291476
7893042	10.85024
7893043	7.186577
7893044	3.039818
7893045	3.201745
7893046	5.902816
7893047	5.875939
7893048	6.800031
7893049	5.176174
7893051	10.12297
7893052	5.723584
7893053	3.467783
7893055	5.903514
7893056	3.470178
7893057	1.884328
7893059	6.826525
7893060	4.56299
7893062	4.579339
7893063	6.85217
7893065	6.408316
7893066	1.413472
7893067	8.206306
7893068	8.007508
7893069	7.816851
7893071	5.811864
7893072	7.703874
7893075	8.200982
7893076	4.603567
7893077	13.85363
7893078	2.481211
7893080	3.152452
7893082	6.600847
7893083	4.349979
7893084	9.296793
7893085	11.07056
7893088	4.320656
7893089	7.334307
7893092	3.296211
7893093	4.002595
7893095	5.132133
7893096	11.65677
7893098	6.568433
7893099	5.917234
7893100	7.085725
7893101	13.99534
7893102	5.728745
7893104	7.477079
7893105	10.5492
7893106	7.991138
7893107	3.775752
7893108	2.046962
7893109	5.481896
7893110	3.815618
7893111	7.089544
7893112	6.503872
7893114	5.972431
7893115	4.825629
7893116	9.102543
7893117	3.183223
7893119	6.787008
7893120	7.238124
7893121	10.55155
7893123	7.77596
7893124	4.93745
7893126	4.109488
7893127	3.725682
7893129	6.062875
7893132	6.33499
7893134	6.152771
7893135	2.875146
7893136	4.60651
7893137	4.008394
7893140	13.2834
7893141	7.154673
7893142	6.115413
7893143	8.472067
7893144	3.879336
7893145	5.319004
7893146	4.867675
7893147	13.48642
7893148	10.00927
7893149	3.450047
7893150	4.744726
7893151	7.109943
7893152	11.99623
7893154	6.586581
7893155	6.579717
7893156	7.149717
7893157	2.752064
7893158	6.64606
7893159	7.088126
7893161	4.400611
7893162	5.383071
7893163	4.324708
7893165	7.671738
7893167	4.508265
7893168	8.979041
7893169	6.119114
7893171	7.596994
7893172	7.792229
7893174	3.071269
7893175	8.218742
7893176	2.566226
7893177	4.829418
7893178	4.248034
7893179	5.541091
7893180	6.571977
7893182	6.951556
7893183	4.924565
7893185	5.619864
7893186	3.639983
7893188	7.148247
7893189	13.75721
7893190	5.851438
7893192	2.960306
7893193	3.310287
7893195	4.208861
7893197	2.960998
7893198	2.404566
7893199	2.657463
7893200	2.242157
7893202	7.154917
7893203	6.042173
7893204	5.893243
7893207	7.806601
7893209	8.12447
7893210	6.584125
7893211	4.262093
7893212	4.991675
7893213	5.996578
7893214	6.199348
7893215	6.273766
7893216	5.845329
7893219	4.56044
7893220	10.21365
7893221	2.817841
7893222	5.039745
7893223	4.558218
7893224	4.804294
7893225	7.273973
7893226	4.157185
7893227	7.267228
7893228	5.850944
7893230	3.585793
7893231	13.07123
7893233	4.027968
7893234	7.211508
7893236	6.779609
7893237	10.03241
7893239	5.180569
7893241	8.013927
7893242	10.01157
7893243	4.754829
7893245	6.324514
7893246	5.660364
7893247	11.31584
7893251	5.23422
7893252	3.959108
7893253	7.54309
7893254	5.983122
7893255	6.575462
7893256	4.645339
7893260	4.585224
7893263	6.87092
7893265	4.112856
7893267	6.051432
7893269	5.535469
7893274	2.354234
7893275	3.230635
7893276	3.737766
7893278	5.950758
7893279	2.952588
7893280	2.024879
7893281	12.55567
7893282	3.445956
7893283	11.68639
7893284	5.812539
7893285	7.002383
7893286	6.168511
7893287	5.182878
7893288	8.646099
7893289	11.71581
7893290	4.542572
7893292	3.282115
7893293	2.104477
7893294	9.294122
7893295	4.994849
7893296	5.147348
7893299	6.241148
7893300	6.559867
7893301	2.388508
7893302	5.895678
7893303	3.529905
7893304	6.738725
7893307	4.271037
7893308	6.356544
7893310	4.812951
7893311	9.418108
7893312	1.607809
7893314	8.023443
7893315	5.193879
7893317	2.112543
7893318	4.136215
7893319	8.063646
7893320	7.637251
7893321	12.38513
7893322	5.319004
7893323	4.757852
7893324	5.134217
7893326	3.279936
7893327	3.340061
7893328	3.585793
7893329	6.736598
7893330	4.405604
7893331	4.973053
7893332	6.498497
7893334	10.54886
7893335	9.624909
7893336	11.60913
7893337	10.14764
7893338	8.80419
7893341	7.569531
7893342	3.74438
7893343	7.386881
7893347	1.749409
7893351	11.18744
7893352	7.13306
7893353	7.920426
7893355	6.265137
7893358	4.659954
7893360	6.198047
7893361	6.070394
7893365	5.746929
7893366	5.595345
7893367	9.226208
7893369	7.343725
7893370	4.814851
7893372	4.715233
7893373	6.775642
7893375	2.447066
7893376	4.659954
7893377	2.544539
7893378	3.038099
7893379	1.851693
7893380	5.991317
7893381	4.242665
7893383	5.82876
7893387	5.263789
7893388	4.29331
7893389	2.267401
7893391	10.30349
7893396	6.511353
7893397	5.117516
7893398	3.9192
7893400	5.453972
7893401	3.458677
7893402	10.17977
7893403	6.16449
7893404	5.31042
7893405	6.756441
7893406	1.885988
7893408	5.833889
7893410	7.002656
7893411	6.183647
7893412	4.914545
7893414	13.43693
7893415	5.205941
7893416	5.911541
7893417	1.99577
7893418	9.99108
7893421	5.51482
7893423	2.928185
7893425	1.892928
7893427	4.811028
7893428	9.275417
7893429	3.944577
7893430	3.674539
7893431	2.774967
7893432	7.020518
7893433	6.556096
7893434	3.162393
7893435	10.00423
7893436	7.622643
7893437	6.639611
7893438	8.115721
7893440	3.460637
7893442	8.745096
7893444	6.708045
7893445	5.559069
7893446	4.63237
7893448	10.26531
7893450	3.081887
7893451	4.327248
7893452	6.533574
7893456	3.630083
7893457	3.69737
7893459	6.558733
7893462	6.887693
7893464	6.185899
7893465	5.849635
7893468	6.61449
7893469	12.99708
7893470	7.632095
7893471	3.897788
7893472	7.021127
7893473	5.715951
7893474	4.376211
7893475	6.743081
7893478	6.338936
7893479	2.242781
7893480	7.906551
7893482	5.479664
7893483	7.018654
7893484	5.769638
7893487	4.786958
7893488	7.550631
7893489	1.891781
7893490	4.024789
7893491	10.8651
7893492	2.485354
7893493	6.280448
7893495	5.806648
7893496	5.706506
7893498	13.63465
7893499	2.485266
7893501	5.829573
7893502	3.136287
7893503	8.654996
7893505	2.054566
7893507	14.04535
7893508	4.839673
7893509	3.151906
7893510	4.13341
7893511	10.69449
7893512	4.595584
7893513	6.412029
7893514	5.330547
7893515	10.01421
7893519	5.287167
7893520	4.387629
7893521	5.146461
7893522	5.433702
7893523	6.044755
7893524	8.488056
7893525	6.303478
7893526	5.615091
7893527	6.296664
7893529	5.951906
7893531	7.591648
7893532	5.362206
7893533	6.319095
7893535	3.450927
7893536	12.04315
7893537	4.834267
7893538	5.731229
7893540	13.08113
7893541	2.508426
7893542	7.483376
7893545	10.14224
7893546	8.547449
7893548	4.66969
7893553	2.925631
7893555	6.94824
7893556	5.798134
7893557	8.922813
7893560	6.581868
7893562	6.532394
7893563	3.904992
7893565	6.262323
7893566	2.816002
7893567	6.26514
7893569	2.101826
7893570	4.458198
7893575	4.325899
7893576	5.477573
7893577	3.211306
7893578	2.476464
7893579	2.013642
7893580	3.492196
7893581	6.659594
7893583	9.532906
7893584	3.94967
7893585	8.508322
7893586	6.408957
7893588	5.650471
7893589	4.187827
7893590	6.598324
7893595	2.742705
7893596	5.411913
7893597	2.897275
7893598	9.794943
7893599	8.162765
7893600	6.054979
7893601	8.015252
7893604	4.702518
7893605	12.18019
7893606	5.528169
7893607	3.815159
7893610	5.391742
7893611	5.846416
7893612	4.18683
7893614	3.573869
7893615	5.801397
7893616	8.026942
7893617	6.421185
7893618	4.301763
7893620	5.93877
7893621	1.532366
7893622	5.014054
7893623	3.844805
7893624	3.755334
7893626	2.309222
7893627	7.016551
7893629	2.82936
7893631	6.461392
7893633	10.75916
7893634	12.36527
7893635	5.214549
7893636	4.171002
7893637	8.586582
7893638	3.101492
7893644	8.137533
7893645	7.398392
7893646	9.757223
7893648	2.870788
7893651	9.151321
7893652	5.398653
7893653	7.225908
7893654	7.184414
7893655	6.075768
7893656	5.566494
7893658	8.05302
7893659	3.997047
7893660	9.576285
7893661	10.84222
7893663	4.945556
7893665	5.589305
7893666	4.45717
7893667	4.219122
7893668	4.13309
7893669	6.634334
7893670	11.34543
7893671	4.651501
7893672	7.269306
7893673	3.830871
7893674	3.191369
7893675	10.11807
7893677	13.95639
7893678	3.422509
7893679	3.841899
7893683	5.909763
7893686	5.317609
7893688	4.392965
7893689	12.89727
7893691	2.54569
7893692	8.147041
7893693	6.406606
7893694	1.998748
7893695	7.451865
7893696	8.31872
7893697	6.114882
7893698	6.113883
7893699	5.927668
7893701	10.89324
7893702	2.46337
7893703	7.15672
7893704	7.60686
7893705	10.32403
7893706	4.56316
7893707	7.299668
7893708	9.578251
7893710	11.8597
7893712	4.87054
7893713	8.059783
7893716	4.990441
7893718	4.617577
7893719	3.691451
7893720	9.595092
7893722	5.914728
7893723	3.784786
7893724	7.068634
7893725	13.48354
7893726	8.420688
7893728	8.267768
7893730	5.138087
7893731	12.41963
7893735	3.749759
7893736	6.985012
7893737	7.309193
7893739	10.15041
7893741	4.415052
7893742	2.523592
7893743	9.317562
7893744	7.71984
7893746	3.627951
7893748	5.539705
7893749	4.390629
7893750	4.421185
7893751	6.947563
7893753	2.372713
7893754	6.001541
7893755	4.356291
7893756	6.699773
7893757	5.536035
7893758	5.300802
7893760	2.446388
7893761	7.747807
7893764	6.424855
7893765	5.812219
7893766	9.957493
7893767	5.637637
7893768	7.258413
7893770	5.674388
7893771	5.783055
7893772	3.157699
7893775	3.014148
7893776	4.191754
7893780	3.276151
7893781	10.40202
7893783	11.68822
7893784	8.744267
7893786	6.689527
7893789	11.14472
7893790	8.55911
7893791	8.079413
7893794	6.01466
7893795	5.20981
7893797	6.468366
7893799	2.250257
7893800	10.1378
7893801	4.372966
7893802	12.1523
7893803	5.643185
7893804	6.185937
7893805	7.419972
7893807	6.209558
7893809	6.427043
7893810	6.970532
7893811	6.530228
7893812	8.905131
7893813	5.477218
7893817	6.102077
7893818	4.731228
7893819	3.576725
7893820	12.10409
7893823	7.315401
7893824	7.828065
7893825	7.125921
7893826	5.561219
7893828	5.163618
7893829	2.489493
7893830	5.525623
7893831	7.331352
7893832	6.647898
7893833	9.172284
7893835	10.09997
7893836	9.95479
7893837	4.57297
7893838	12.86128
7893839	2.482288
7893841	7.551207
7893842	7.279106
7893843	6.196648
7893844	3.410736
7893845	4.285075
7893846	2.235949
7893847	6.228991
7893848	5.964644
7893849	7.338281
7893851	5.740088
7893854	2.719799
7893857	8.993401
7893858	2.228008
7893859	5.869608
7893860	6.557246
7893861	7.465506
7893862	7.692375
7893863	2.662813
7893864	3.480968
7893865	4.031093
7893866	13.70205
7893867	7.493275
7893868	5.37215
7893869	6.930915
7893871	4.908712
7893872	7.991627
7893873	5.754723
7893874	5.486505
7893875	8.772079
7893876	8.364357
7893877	4.744612
7893878	6.677001
7893879	5.706604
7893881	6.654363
7893882	5.109063
7893884	8.253689
7893885	3.271307
7893887	2.919262
7893889	8.587077
7893890	6.195246
7893891	2.043377
7893893	10.13024
7893894	4.846033
7893895	3.29142
7893896	7.096674
7893897	4.493358
7893898	4.946788
7893899	4.903422
7893900	7.850052
7893901	10.55061
7893902	5.918036
7893906	6.389225
7893907	5.63512
7893909	3.903186
7893911	3.984888
7893912	5.303536
7893914	10.09034
7893915	5.592021
7893916	9.832459
7893917	2.476675
7893920	5.919639
7893924	9.4337
7893925	7.013702
7893927	3.61469
7893929	10.78278
7893930	4.419531
7893931	3.017095
7893932	7.112535
7893934	6.481342
7893935	1.892297
7893936	6.761496
7893937	10.71718
7893938	7.864271
7893940	7.03202
7893942	6.364099
7893943	3.556061
7893944	1.840858
7893945	6.420476
7893947	5.713462
7893949	9.876284
7893950	6.922288
7893951	4.856508
7893953	6.865031
7893954	7.466284
7893955	5.607962
7893957	3.158389
7893958	8.59003
7893959	8.559176
7893960	8.778175
7893962	4.929107
7893964	6.841019
7893965	4.76266
7893967	6.485759
7893969	4.801069
7893970	3.50069
7893971	4.423068
7893972	11.54296
7893974	4.559247
7893975	2.18133
7893976	3.94239
7893977	2.721732
7893978	4.816096
7893980	3.219694
7893982	3.689246
7893983	5.496242
7893984	3.479776
7893985	6.148131
7893986	7.513186
7893987	2.462405
7893989	6.68585
7893990	4.212244
7893992	8.34671
7893993	12.60972
7893994	3.424153
7893995	6.891463
7893996	3.804425
7893997	6.519938
7893998	8.112062
7893999	3.160481
7894000	13.31149
7894001	7.104318
7894002	5.751869
7894003	2.271166
7894004	2.790854
7894005	9.126255
7894006	5.389263
7894007	12.24474
7894008	8.368001
7894009	5.39413
7894013	6.75352
7894014	4.390211
7894015	8.137401
7894016	7.306711
7894017	6.488317
7894018	5.553079
7894020	7.182323
7894021	3.582965
7894022	4.290375
7894023	1.99681
7894024	2.492093
7894025	5.260409
7894026	7.57684
7894027	6.384902
7894028	6.091527
7894030	8.162494
7894031	8.01991
7894032	3.737319
7894034	5.169414
7894035	4.345226
7894036	13.283
7894037	10.38455
7894038	6.192318
7894039	7.577639
7894040	3.472527
7894045	7.360381
7894046	8.59408
7894047	4.693853
7894048	9.102717
7894049	8.052928
7894050	4.336193
7894052	7.003448
7894053	3.868297
7894054	4.887854
7894059	6.438088
7894060	6.129531
7894062	10.9536
7894063	8.576365
7894064	11.71133
7894065	5.790849
7894066	5.454192
7894069	5.806289
7894071	3.582877
7894073	5.704391
7894075	6.101805
7894077	3.678372
7894079	2.699977
7894080	5.644874
7894081	5.156016
7894082	4.625139
7894084	4.815662
7894085	8.279046
7894087	11.24552
7894089	9.628304
7894090	3.623366
7894091	5.50751
7894092	6.467062
7894093	6.381496
7894094	5.512576
7894095	5.639125
7894096	5.724481
7894097	7.071407
7894099	4.661437
7894101	2.934439
7894102	10.83118
7894103	7.340734
7894105	3.046388
7894106	5.899567
7894108	5.226617
7894109	6.252631
7894111	4.874601
7894112	6.682196
7894113	3.425732
7894116	6.832837
7894117	8.967526
7894120	5.271956
7894121	6.543657
7894122	13.60543
7894123	3.394644
7894124	4.064683
7894126	9.506855
7894128	7.027552
7894129	7.112307
7894130	5.296895
7894131	9.623842
7894133	2.947458
7894135	11.89082
7894137	3.808956
7894139	3.022436
7894140	4.869362
7894141	5.742448
7894142	6.09091
7894143	3.444711
7894144	4.972785
7894145	12.03039
7894147	6.463039
7894148	9.200778
7894149	4.095913
7894150	2.531498
7894151	5.135873
7894152	6.340773
7894153	8.010836
7894154	7.467202
7894155	7.843605
7894156	7.738844
7894159	8.456561
7894162	5.660411
7894163	7.053312
7894166	3.042974
7894167	6.371672
7894168	4.061346
7894169	4.811011
7894170	5.541941
7894172	4.338841
7894173	4.743711
7894174	6.412882
7894175	2.195903
7894176	8.51239
7894177	4.892463
7894178	5.283836
7894179	4.00624
7894180	5.955047
7894181	9.23101
7894182	7.80406
7894183	6.97208
7894184	6.946045
7894187	4.228498
7894189	11.0176
7894190	3.480165
7894191	4.852461
7894192	11.528
7894193	7.220939
7894194	4.882909
7894197	3.147644
7894200	6.241977
7894201	6.149334
7894202	5.441031
7894203	7.520083
7894206	3.249552
7894207	12.25007
7894208	4.918028
7894210	8.743675
7894213	11.90587
7894215	6.768475
7894216	7.140483
7894217	5.173755
7894218	10.01285
7894219	5.845957
7894220	7.072676
7894221	4.219076
7894222	4.347584
7894223	12.02487
7894224	5.860717
7894225	7.745918
7894227	3.173165
7894228	3.43837
7894229	6.292856
7894230	3.406226
7894231	7.24777
7894232	10.31343
7894233	4.514299
7894234	9.562296
7894235	10.03574
7894236	13.82927
7894237	6.996835
7894240	6.017678
7894241	4.594532
7894242	7.414428
7894243	2.161992
7894244	6.751254
7894245	2.753093
7894246	7.44718
7894247	5.737176
7894248	2.625794
7894249	11.56751
7894250	3.388062
7894253	4.64421
7894254	7.304488
7894255	2.485353
7894256	11.54773
7894257	5.730105
7894259	3.460253
7894260	5.506305
7894265	2.920678
7894266	8.54034
7894268	5.464978
7894270	5.111931
7894271	4.006361
7894273	6.401816
7894274	7.183037
7894275	3.174982
7894276	6.9506
7894278	11.18411
7894279	6.003824
7894280	6.906404
7894281	5.545069
7894283	6.129052
7894285	5.053316
7894286	4.305557
7894287	3.651304
7894288	8.921255
7894292	5.871718
7894293	7.366296
7894296	5.303536
7894297	6.134785
7894298	6.996556
7894299	7.651495
7894300	5.648124
7894301	8.331219
7894302	4.089428
7894303	6.606679
7894305	7.088684
7894308	10.07641
7894309	9.983227
7894310	4.959507
7894311	3.102954
7894312	6.594272
7894313	6.220385
7894314	4.714074
7894317	1.971549
7894318	5.176663
7894319	3.715961
7894320	11.69092
7894322	6.907067
7894323	2.484186
7894325	3.970891
7894326	3.126119
7894327	4.683635
7894328	7.264954
7894330	6.398302
7894332	5.437745
7894333	3.704752
7894334	2.555335
7894335	6.237975
7894337	5.514722
7894338	2.635507
7894339	2.676659
7894340	2.711995
7894342	6.19349
7894343	6.183687
7894344	3.25143
7894345	4.829418
7894346	7.945598
7894347	4.673401
7894349	2.770259
7894351	8.018196
7894352	6.806426
7894353	3.718753
7894354	6.413554
7894356	6.729951
7894357	3.171321
7894358	5.391251
7894359	3.686793
7894360	6.222378
7894361	6.169653
7894362	4.789976
7894364	6.77719
7894365	3.253189
7894367	9.284159
7894368	5.44778
7894369	8.171094
7894370	6.084525
7894371	6.686762
7894377	3.820625
7894378	5.157637
7894381	5.688583
7894382	12.28312
7894383	5.956142
7894384	8.592415
7894385	7.418911
7894387	5.785209
7894388	7.170818
7894390	6.971764
7894391	4.883107
7894392	13.50308
7894393	3.263762
7894394	4.258245
7894396	5.727684
7894397	2.941551
7894398	5.355945
7894399	8.760139
7894400	8.344599
7894401	4.897587
7894403	5.327388
7894405	6.260485
7894406	11.96218
7894407	4.775707
7894408	8.909127
7894409	6.421351
7894410	4.153756
7894414	2.570646
7894415	4.78191
7894417	2.421041
7894418	8.495548
7894420	8.293619
7894422	6.46464
7894423	5.727782
7894425	4.215373
7894426	5.660103
7894430	7.406703
7894432	8.778842
7894434	7.783153
7894440	7.32865
7894441	4.796156
7894442	6.071906
7894443	7.274316
7894444	10.49615
7894445	6.765211
7894446	6.339143
7894447	10.88442
7894448	2.600324
7894450	3.585793
7894452	5.717458
7894453	5.976497
7894454	6.92998
7894455	5.628886
7894456	5.332746
7894457	6.281054
7894458	5.5041
7894460	13.65902
7894461	6.734549
7894462	5.407811
7894463	1.979574
7894464	9.123126
7894465	5.129459
7894466	5.911532
7894467	7.664153
7894468	5.110083
7894472	6.382311
7894473	6.498641
7894475	9.540761
7894476	8.05567
7894477	2.07151
7894481	13.40388
7894482	7.583209
7894483	6.327579
7894484	6.438616
7894486	5.770016
7894487	3.115357
7894488	5.722832
7894490	8.050907
7894491	7.303897
7894493	8.807213
7894494	7.122671
7894495	7.857124
7894497	5.563769
7894499	12.58778
7894500	2.841611
7894502	5.885771
7894503	7.006707
7894505	3.494539
7894506	4.914276
7894507	4.439761
7894508	6.120707
7894509	6.15486
7894510	5.742125
7894511	6.440934
7894514	4.926721
7894517	4.145257
7894521	4.408265
7894522	9.414041
7894523	10.92947
7894524	4.888239
7894525	6.959653
7894526	6.347074
7894528	3.271307
7894530	3.902753
7894531	5.312599
7894532	6.20988
7894533	6.251778
7894534	5.430718
7894537	7.268227
7894538	5.543473
7894539	6.666961
7894541	3.868596
7894543	7.048157
7894544	3.304152
7894545	2.054514
7894547	4.919938
7894550	8.293985
7894553	3.881306
7894554	3.555021
7894556	8.851678
7894559	5.332603
7894560	7.575006
7894564	2.680198
7894565	7.357893
7894566	7.392096
7894567	2.208381
7894568	8.20449
7894569	6.580212
7894571	6.584939
7894572	5.697383
7894573	10.57572
7894575	6.461476
7894576	5.793543
7894577	8.599679
7894578	12.30123
7894580	3.737807
7894582	6.065458
7894586	4.129204
7894587	4.212255
7894588	1.998748
7894589	2.396296
7894590	3.094328
7894591	3.982748
7894593	2.538144
7894595	9.12297
7894597	7.608673
7894598	6.474073
7894600	4.075878
7894601	4.720497
7894602	3.277333
7894603	5.221326
7894606	6.628662
7894607	6.453853
7894608	5.330783
7894609	8.509484
7894610	6.767515
7894612	10.59236
7894613	12.39632
7894614	4.212329
7894615	4.225657
7894616	5.033403
7894618	5.938933
7894619	7.049416
7894620	6.039597
7894621	10.25831
7894622	3.971735
7894623	3.426912
7894624	9.846496
7894625	5.189554
7894626	11.26967
7894628	7.088693
7894629	4.171787
7894630	4.531474
7894631	5.313479
7894632	5.837453
7894633	7.399942
7894636	3.234236
7894640	11.78199
7894641	6.442511
7894643	3.113846
7894644	5.819736
7894645	10.10065
7894646	3.327999
7894647	13.84186
7894649	4.86297
7894650	6.812975
7894651	2.844325
7894652	4.599826
7894653	11.1984
7894654	3.403553
7894655	6.340008
7894656	5.543354
7894658	6.312665
7894659	2.266634
7894660	6.30861
7894663	3.454572
7894664	5.614241
7894667	4.019465
7894668	6.278269
7894669	4.678946
7894670	6.844744
7894671	8.365198
7894673	6.272792
7894676	3.987721
7894677	3.626202
7894678	7.051744
7894679	6.665122
7894680	8.33898
7894686	5.433452
7894688	6.910122
7894689	8.338376
7894690	4.762968
7894691	5.029581
7894692	5.275579
7894693	6.960718
7894694	7.026985
7894696	8.878916
7894697	5.871584
7894701	5.684052
7894702	5.44605
7894703	3.424927
7894705	2.509775
7894706	7.391561
7894707	6.343373
7894709	8.08622
7894710	3.335299
7894713	2.844424
7894714	4.788584
7894715	3.610213
7894717	6.407347
7894718	5.145972
7894719	6.189814
7894720	6.513708
7894721	3.14031
7894723	12.23868
7894724	3.178687
7894726	3.484982
7894727	6.674211
7894728	4.967861
7894729	5.030306
7894731	5.600742
7894733	8.832484
7894734	9.589327
7894735	2.106373
7894736	7.221033
7894738	3.425382
7894739	4.623836
7894741	8.399712
7894743	2.55163
7894745	4.847232
7894747	10.66
7894748	4.186474
7894749	3.549293
7894751	3.915966
7894752	5.915989
7894753	4.918053
7894754	8.394271
7894755	4.885098
7894756	8.083751
7894759	3.478689
7894760	6.908119
7894762	6.555454
7894763	8.474299
7894764	4.482844
7894765	7.474584
7894766	5.314476
7894768	12.33844
7894770	13.70098
7894772	7.306236
7894773	2.332067
7894775	4.42977
7894776	4.912362
7894778	3.401254
7894779	11.7227
7894780	4.551612
7894781	5.113683
7894783	6.863383
7894784	10.009
7894785	3.675221
7894786	4.068893
7894787	12.82228
7894789	13.39841
7894792	3.764306
7894793	4.163135
7894794	2.858495
7894795	6.632311
7894797	7.258637
7894799	13.2088
7894800	7.553863
7894802	7.747195
7894803	8.579775
7894804	6.481565
7894805	4.733657
7894807	3.934572
7894809	7.87739
7894810	6.825509
7894811	4.179503
7894812	9.349439
7894814	4.063275
7894815	5.204564
7894816	4.319156
7894817	10.40732
7894818	6.142758
7894819	6.869569
7894820	7.058337
7894821	6.675449
7894822	6.624811
7894823	6.32789
7894825	6.907916
7894828	4.793808
7894829	1.772735
7894830	6.851766
7894831	5.785518
7894832	4.714637
7894833	6.821873
7894835	4.288019
7894836	9.5497
7894840	9.43885
7894841	2.828583
7894842	6.101868
7894843	6.10269
7894847	3.893166
7894848	6.964374
7894849	7.634641
7894850	7.677083
7894851	2.580281
7894852	7.640642
7894853	8.268612
7894854	9.434365
7894855	4.561783
7894856	7.436264
7894857	2.955901
7894859	6.514782
7894861	7.628595
7894863	6.996265
7894864	6.509385
7894865	7.265757
7894866	6.824141
7894867	6.354744
7894868	3.971165
7894869	7.652982
7894870	6.39571
7894871	5.001965
7894872	11.059
7894874	2.377632
7894875	4.41259
7894876	4.364453
7894879	3.689642
7894880	6.703297
7894882	7.286129
7894883	9.302825
7894885	7.870822
7894886	6.936314
7894887	2.664309
7894888	6.962572
7894889	12.53806
7894890	9.518749
7894891	9.643942
7894893	4.142681
7894894	8.996031
7894895	5.558038
7894897	5.121833
7894898	5.13206
7894899	6.460135
7894900	5.078576
7894901	6.378824
7894902	3.953268
7894904	5.533288
7894905	6.166186
7894907	5.061083
7894909	13.52891
7894910	4.141967
7894911	3.606193
7894912	5.296211
7894913	5.22708
7894915	4.106967
7894917	8.051356
7894918	3.193717
7894920	4.033607
7894921	4.58528
7894922	5.365971
7894923	2.571711
7894924	2.455861
7894925	5.429396
7894928	5.865581
7894929	2.127755
7894930	4.508495
7894931	5.149183
7894932	5.90246
7894933	5.876341
7894934	9.611731
7894935	5.619227
7894936	3.764899
7894937	2.918828
7894938	5.034546
7894939	5.647508
7894940	7.072815
7894941	13.50139
7894942	3.082304
7894943	3.956752
7894945	9.719072
7894947	6.943995
7894948	5.326801
7894949	6.864261
7894950	7.498269
7894952	7.142774
7894953	7.043519
7894954	5.658242
7894955	7.257366
7894956	4.391542
7894957	5.366022
7894958	5.477573
7894959	4.004387
7894960	11.3521
7894961	8.933195
7894962	2.167809
7894963	7.677026
7894965	7.327234
7894966	5.432144
7894967	3.294935
7894972	4.31094
7894973	8.760224
7894975	8.023246
7894976	8.912915
7894979	13.14958
7894981	5.511849
7894983	2.714161
7894985	4.543358
7894986	7.604994
7894987	3.571935
7894988	9.340124
7894989	3.368292
7894991	12.87314
7894992	10.43292
7894993	4.682223
7894994	6.707538
7894995	5.823966
7894996	5.61532
7894997	5.867367
7895000	8.594691
7895002	3.555326
7895004	11.29216
7895006	5.602096
7895007	8.989883
7895009	12.4265
7895010	3.311201
7895011	7.694784
7895013	3.485505
7895015	5.902872
7895020	10.8104
7895021	4.166984
7895022	7.430172
7895023	7.090412
7895024	7.176654
7895025	2.45605
7895027	6.24299
7895028	4.328104
7895029	3.310287
7895030	6.296895
7895035	5.648005
7895037	8.091914
7895040	6.250518
7895041	6.553437
7895043	2.311556
7895044	6.84008
7895046	6.941782
7895047	11.57955
7895048	7.283197
7895049	4.253614
7895050	9.612728
7895051	3.168633
7895053	5.420252
7895058	3.377093
7895059	6.612676
7895060	6.290687
7895061	2.957152
7895063	10.06872
7895064	5.879893
7895065	2.484848
7895066	6.765172
7895070	12.85393
7895071	3.169913
7895073	6.177546
7895074	6.491256
7895075	5.837236
7895076	1.805554
7895080	9.484504
7895083	4.156858
7895085	3.928076
7895086	2.455566
7895092	4.931884
7895093	5.865688
7895094	6.723623
7895095	8.235496
7895097	5.582368
7895099	6.714018
7895100	12.74019
7895102	2.779312
7895103	7.184141
7895104	6.948126
7895106	9.474251
7895107	6.716098
7895108	3.662241
7895109	3.327618
7895111	3.316529
7895113	8.645055
7895114	7.681025
7895115	8.366308
7895116	6.73568
7895117	4.826858
7895118	5.872378
7895120	4.098388
7895124	5.75983
7895125	6.838112
7895126	10.11397
7895127	2.78866
7895128	5.828729
7895129	4.741506
7895130	10.72434
7895131	6.677142
7895132	4.322026
7895134	5.058034
7895135	4.43254
7895138	4.385835
7895140	2.194077
7895141	5.832252
7895142	4.155191
7895143	7.760531
7895144	11.72746
7895146	6.625988
7895148	5.272617
7895150	4.329109
7895151	3.310287
7895152	4.27192
7895154	6.874558
7895155	6.082128
7895156	12.28329
7895158	6.427879
7895159	2.103954
7895163	4.884796
7895164	3.096565
7895165	7.568039
7895166	3.952991
7895167	6.386569
7895169	7.205211
7895172	6.03092
7895173	6.408362
7895174	7.944402
7895175	5.092885
7895178	9.447598
7895179	2.2961
7895181	6.124756
7895182	2.270937
7895183	3.049613
7895184	5.412462
7895185	7.751228
7895188	6.413506
7895189	5.356798
7895190	5.436081
7895191	4.878807
7895193	10.14126
7895194	5.582336
7895195	5.182333
7895196	11.6926
7895197	4.600574
7895198	5.410541
7895199	2.186223
7895200	5.359332
7895201	4.33649
7895202	4.875183
7895204	5.099761
7895205	5.702378
7895206	9.144472
7895207	6.326132
7895208	5.931643
7895209	7.956002
7895210	10.55222
7895211	7.88889
7895212	5.746283
7895213	5.841569
7895216	12.50489
7895217	6.902281
7895218	2.755891
7895219	7.122026
7895222	5.803209
7895223	9.004038
7895224	9.379623
7895228	4.889115
7895229	3.548959
7895230	12.39007
7895232	6.946668
7895233	9.491285
7895234	3.756868
7895235	7.816295
7895236	5.069456
7895239	9.993458
7895240	7.62355
7895242	2.466842
7895243	5.197186
7895244	1.839213
7895245	4.114453
7895249	11.04906
7895250	5.435639
7895251	3.703209
7895253	4.37021
7895254	5.21647
7895255	6.55214
7895257	6.899613
7895259	7.136295
7895260	7.856079
7895261	8.276183
7895262	5.67692
7895265	4.144853
7895266	5.650826
7895268	1.876567
7895269	10.38969
7895270	5.650833
7895278	6.388947
7895279	6.923359
7895280	8.056783
7895281	3.126493
7895282	7.423786
7895284	6.051629
7895285	5.170715
7895286	8.915332
7895287	4.665675
7895292	7.153203
7895293	5.23397
7895295	7.26621
7895296	4.652014
7895297	6.923827
7895300	8.471651
7895301	6.773678
7895302	5.290495
7895303	6.512823
7895304	6.183387
7895305	5.066434
7895306	8.600327
7895307	4.390909
7895309	2.718072
7895310	10.82976
7895311	4.96708
7895313	5.941589
7895314	3.111017
7895315	6.555725
7895316	9.521427
7895319	7.13004
7895321	6.963158
7895323	12.88536
7895326	9.972354
7895327	2.603425
7895329	6.455122
7895332	4.772179
7895333	13.01558
7895335	6.62773
7895337	6.699178
7895338	2.076755
7895339	6.194997
7895341	4.416944
7895342	13.75926
7895343	13.592
7895344	6.377015
7895345	4.345011
7895346	6.213126
7895348	4.133664
7895349	7.574758
7895350	8.247998
7895351	5.79495
7895352	4.284755
7895353	3.649488
7895354	13.93016
7895359	5.841868
7895361	5.585245
7895362	10.4873
7895363	6.853714
7895364	5.383329
7895366	2.850249
7895367	5.61721
7895368	7.530133
7895369	4.050999
7895370	7.345462
7895371	4.62527
7895372	2.905464
7895374	12.79432
7895375	6.993429
7895377	3.835735
7895378	4.578399
7895380	2.254247
7895381	5.180694
7895383	4.992272
7895384	4.325157
7895385	3.913785
7895386	1.870048
7895387	6.80111
7895388	8.20383
7895389	3.407899
7895390	6.308234
7895391	11.59548
7895392	12.46968
7895394	2.109222
7895395	7.384449
7895396	2.336893
7895398	12.45883
7895399	6.95967
7895400	6.694893
7895401	6.692475
7895403	6.345739
7895406	9.41389
7895407	2.804503
7895408	5.361784
7895409	5.169498
7895410	5.621757
7895412	5.123675
7895413	3.955368
7895415	2.732416
7895416	8.140752
7895418	5.409472
7895420	1.837258
7895421	5.94975
7895423	4.261849
7895424	4.642774
7895426	2.121988
7895428	4.809731
7895429	6.052667
7895430	4.617231
7895432	7.633523
7895433	5.358714
7895434	6.805602
7895435	12.50101
7895436	3.249015
7895437	6.528977
7895440	12.50136
7895442	6.173668
7895443	6.383515
7895445	6.004374
7895446	6.411395
7895448	4.452027
7895449	4.536471
7895450	5.462485
7895451	12.07522
7895452	7.091425
7895453	5.050371
7895454	2.053316
7895455	2.708322
7895456	5.935589
7895457	2.10721
7895458	7.006961
7895459	5.070904
7895460	4.986644
7895461	7.420194
7895462	3.6847
7895463	10.84033
7895464	9.786988
7895465	6.078778
7895466	4.22382
7895467	7.753259
7895469	3.096997
7895470	8.257455
7895471	5.942428
7895473	5.17078
7895474	2.06262
7895477	6.137782
7895479	3.396744
7895480	4.528316
7895482	7.009645
7895483	9.978126
7895485	4.081473
7895486	12.97706
7895487	3.547631
7895488	6.138488
7895489	8.224673
7895491	7.960464
7895493	5.807284
7895494	3.273559
7895495	4.568769
7895496	12.86164
7895497	12.63799
7895498	9.112103
7895500	4.841055
7895501	6.644321
7895502	2.311444
7895503	5.452664
7895504	4.338166
7895505	2.421527
7895506	11.23397
7895507	5.595906
7895508	10.69679
7895511	8.054007
7895512	4.763905
7895513	6.481433
7895514	14.13055
7895516	4.488354
7895519	6.989421
7895522	9.561136
7895523	3.668709
7895524	5.692699
7895526	2.364353
7895527	8.309399
7895528	5.899137
7895529	3.631212
7895530	7.577958
7895531	5.814563
7895533	3.372495
7895534	4.925311
7895535	4.920297
7895536	9.49533
7895537	6.917661
7895540	6.521491
7895541	4.439439
7895543	3.712137
7895546	3.858645
7895549	5.905775
7895550	8.289503
7895552	6.837858
7895553	6.596739
7895555	4.38557
7895556	8.252481
7895558	6.314687
7895560	2.784961
7895561	8.349287
7895562	5.061749
7895563	8.727055
7895564	2.464886
7895565	2.336119
7895566	3.825535
7895567	4.545532
7895568	2.987175
7895569	3.324641
7895570	5.867752
7895571	8.041065
7895572	2.859562
7895573	4.041306
7895575	4.827708
7895576	8.583607
7895577	6.916734
7895580	4.455091
7895581	4.488267
7895582	2.432493
7895583	6.164721
7895584	4.829418
7895586	4.980066
7895587	13.83056
7895589	7.151072
7895591	5.990016
7895592	7.239647
7895593	2.136611
7895594	6.196763
7895595	12.56878
7895598	11.6794
7895600	6.649315
7895601	11.85346
7895603	8.201177
7895605	5.408841
7895607	5.70225
7895608	6.160717
7895609	5.923038
7895611	7.920467
7895612	4.662117
7895615	6.12225
7895617	3.375265
7895618	7.664046
7895621	13.0349
7895623	4.729346
7895624	4.988544
7895625	5.792338
7895627	7.660949
7895628	6.136471
7895631	3.518298
7895633	2.442114
7895634	4.122001
7895635	3.358541
7895636	2.203339
7895637	8.492932
7895638	7.075649
7895639	6.810395
7895641	4.797204
7895642	6.448694
7895645	5.802687
7895646	4.507801
7895648	4.542513
7895649	5.566298
7895650	5.071351
7895651	11.45696
7895652	10.6039
7895653	2.197181
7895654	7.514905
7895655	2.107772
7895659	9.419323
7895660	4.508379
7895662	9.751836
7895663	7.824648
7895664	5.792603
7895666	2.254655
7895668	3.164065
7895669	7.934075
7895670	5.012388
7895671	5.983559
7895672	5.292348
7895673	2.046962
7895675	5.536938
7895678	3.955368
7895679	2.953218
7895680	13.42016
7895682	5.731705
7895683	5.925641
7895684	7.056368
7895686	5.749141
7895688	6.427827
7895689	2.027892
7895692	12.35139
7895695	6.55932
7895696	4.602962
7895698	4.04112
7895699	5.561236
7895700	4.317887
7895701	4.754057
7895702	4.182488
7895705	8.860705
7895706	4.196411
7895707	5.817112
7895708	6.558263
7895709	5.344505
7895711	6.485267
7895712	10.84238
7895713	5.362206
7895714	12.61894
7895715	8.976151
7895716	7.640458
7895717	8.448465
7895718	5.897859
7895720	3.643067
7895722	4.963608
7895723	5.51388
7895724	6.196569
7895725	2.372832
7895727	6.354139
7895728	6.611229
7895730	6.690182
7895731	7.366271
7895733	7.256502
7895734	7.053229
7895735	6.320242
7895736	10.03876
7895738	6.11505
7895740	6.517839
7895741	3.776199
7895742	4.96509
7895743	5.181881
7895744	6.746927
7895745	9.963666
7895746	5.409464
7895747	2.923249
7895748	6.452405
7895749	4.40584
7895750	5.097997
7895751	9.98654
7895753	6.98637
7895754	5.960918
7895755	6.571017
7895756	5.135554
7895757	8.206515
7895760	10.64183
7895763	3.46554
7895764	2.707264
7895765	5.665491
7895766	10.75383
7895768	5.62836
7895769	4.293102
7895771	5.56431
7895772	7.97326
7895775	4.901508
7895776	7.383179
7895777	11.89143
7895779	12.61148
7895781	5.513033
7895782	10.04725
7895783	7.947214
7895784	8.477358
7895785	3.104455
7895786	6.208115
7895788	6.16144
7895789	5.639533
7895792	5.50094
7895793	2.485651
7895794	8.721211
7895795	9.836418
7895796	6.217005
7895797	5.651814
7895798	5.576855
7895799	2.911431
7895800	4.301843
7895801	5.942209
7895802	8.937151
7895803	2.580276
7895804	2.592717
7895805	7.625725
7895807	3.7858
7895809	5.744221
7895811	5.267309
7895812	6.198677
7895813	9.292425
7895814	4.269724
7895815	10.13996
7895819	12.59276
7895820	5.675987
7895821	6.897356
7895822	3.247777
7895823	2.569616
7895825	3.958728
7895826	10.51341
7895827	13.05408
7895828	1.773373
7895829	7.447879
7895830	2.321258
7895833	7.028512
7895834	4.628848
7895835	6.796362
7895836	5.846298
7895837	6.472429
7895838	3.880875
7895839	7.473793
7895840	5.758418
7895843	5.812173
7895844	7.851539
7895845	6.295981
7895848	4.414607
7895849	7.141977
7895850	3.536285
7895851	4.914713
7895852	3.83022
7895854	9.023306
7895856	5.076438
7895858	3.426719
7895859	3.257596
7895860	4.840281
7895862	7.297205
7895863	6.18491
7895864	2.618549
7895865	5.364735
7895867	3.349814
7895868	6.861478
7895870	4.931959
7895871	3.980391
7895872	9.699509
7895874	6.899158
7895875	5.540084
7895876	4.044641
7895877	4.840047
7895880	7.345444
7895882	6.253028
7895883	7.275504
7895884	4.680048
7895887	4.320117
7895888	5.668036
7895889	6.510118
7895891	2.099439
7895894	6.203601
7895895	3.061746
7895896	7.712559
7895897	3.115949
7895898	7.422619
7895899	11.24598
7895902	4.866434
7895905	5.616702
7895906	6.983996
7895909	5.290742
7895910	5.114063
7895912	10.42725
7895914	4.703542
7895915	4.328114
7895917	11.06893
7895920	14.02388
7895921	6.74441
7895922	2.940039
7895924	13.1551
7895925	5.871718
7895926	8.540115
7895927	4.37407
7895930	7.657073
7895931	7.128091
7895935	8.495198
7895936	11.53794
7895938	11.82764
7895941	10.60561
7895942	9.463757
7895946	8.248051
7895950	3.153499
7895951	4.469826
7895955	6.36188
7895956	13.0639
7895957	7.581853
7895958	3.025336
7895959	7.756488
7895960	4.401413
7895961	8.192123
7895962	7.133203
7895965	7.059258
7895966	5.780451
7895967	3.699102
7895969	9.535495
7895970	2.148096
7895974	8.69688
7895975	5.192556
7895976	7.268031
7895977	5.123058
7895978	2.343006
7895979	6.274591
7895980	3.147644
7895983	5.255866
7895984	2.942932
7895986	2.024187
7895987	6.251198
7895988	7.974663
7895989	5.480283
7895990	6.453989
7895991	2.063149
7895992	5.922951
7895993	6.009527
7895998	5.951595
7896000	4.147004
7896002	5.732276
7896003	3.991122
7896004	7.144692
7896006	4.806962
7896008	9.079904
7896009	4.612264
7896010	6.078226
7896011	4.896375
7896012	2.079853
7896014	4.891931
7896015	2.499633
7896016	2.079588
7896017	10.1993
7896018	9.393959
7896019	6.67487
7896020	7.700749
7896021	5.609506
7896023	3.117989
7896024	9.829495
7896027	6.072546
7896028	7.283215
7896031	1.998748
7896032	5.775904
7896033	7.654984
7896034	7.37123
7896035	4.430452
7896037	5.491973
7896040	7.82844
7896043	8.954979
7896045	12.71332
7896046	6.022776
7896049	7.880338
7896051	7.015134
7896052	5.529874
7896053	5.351067
7896055	6.812879
7896056	5.462523
7896057	6.330142
7896058	6.208982
7896060	10.79465
7896061	3.677841
7896062	5.561569
7896063	6.664313
7896065	6.744145
7896066	3.253219
7896068	5.995223
7896071	4.466216
7896072	3.048778
7896073	11.96925
7896074	5.957017
7896075	4.560326
7896077	8.643533
7896078	13.71617
7896079	4.658196
7896080	5.416201
7896081	4.988061
7896083	4.245408
7896086	7.316241
7896087	11.12886
7896088	9.884169
7896090	11.1454
7896092	7.641603
7896093	3.992188
7896096	2.905796
7896097	3.981706
7896098	6.444445
7896099	7.759305
7896100	1.839213
7896102	7.260214
7896103	9.912775
7896104	5.783974
7896105	4.935575
7896106	6.020804
7896107	9.547217
7896109	2.760537
7896110	6.170145
7896113	5.960445
7896114	4.858673
7896115	11.89202
7896116	4.550267
7896117	6.441772
7896118	4.207658
7896119	6.339558
7896121	12.10019
7896122	6.484738
7896124	8.076542
7896125	4.074392
7896126	7.373389
7896127	5.688745
7896129	4.829418
7896131	4.936476
7896132	9.16608
7896134	3.93705
7896135	6.581743
7896141	5.229614
7896143	6.963002
7896144	13.19297
7896145	5.692156
7896146	4.591722
7896147	5.154738
7896149	12.12243
7896150	8.938691
7896151	13.74315
7896152	3.168364
7896153	5.445842
7896154	6.605627
7896155	4.05757
7896161	3.214912
7896163	4.464294
7896164	8.259219
7896165	3.941727
7896166	6.508749
7896171	6.6654
7896172	6.363428
7896173	6.581789
7896176	11.96934
7896177	5.096988
7896179	6.496759
7896180	4.683604
7896181	7.62286
7896182	7.666889
7896183	10.75551
7896187	2.092984
7896189	7.353234
7896190	4.669313
7896192	12.11964
7896193	7.80687
7896194	12.15255
7896195	3.832772
7896196	5.568934
7896197	4.817327
7896198	9.392193
7896199	6.482011
7896202	3.561546
7896203	6.340003
7896204	9.26222
7896206	6.66715
7896207	2.690914
7896208	3.033253
7896209	5.670845
7896211	3.542488
7896212	8.581028
7896213	10.53616
7896214	3.290797
7896215	2.531498
7896217	7.665767
7896218	7.113135
7896219	5.75069
7896220	4.782749
7896223	6.059358
7896224	5.128636
7896225	6.637901
7896226	4.394702
7896229	4.486419
7896233	5.144212
7896234	3.626807
7896235	11.12612
7896236	5.515657
7896238	3.256772
7896239	6.783015
7896242	2.651928
7896243	11.88229
7896244	8.698021
7896245	6.086683
7896246	7.515039
7896248	5.453657
7896251	6.850921
7896252	12.89593
7896254	4.250314
7896255	4.828238
7896256	8.099922
7896257	5.407962
7896259	6.565357
7896260	4.110829
7896261	3.970973
7896262	5.451932
7896263	7.68931
7896264	2.766584
7896265	2.306512
7896266	11.95786
7896267	3.4081
7896268	4.112707
7896270	6.448523
7896271	7.359325
7896272	2.37571
7896273	6.1392
7896274	5.602472
7896275	6.237379
7896276	5.40019
7896279	7.094846
7896280	6.291281
7896281	6.052787
7896282	12.23636
7896284	4.5758
7896285	6.030493
7896286	4.208749
7896288	5.977851
7896289	3.684538
7896290	7.26388
7896291	6.900563
7896293	8.202098
7896294	6.361525
7896295	5.037706
7896296	4.605099
7896297	6.570671
7896298	8.680642
7896299	3.271307
7896300	7.487232
7896301	7.610483
7896303	3.028571
7896304	4.486409
7896305	2.311556
7896306	2.493429
7896307	5.303833
7896309	7.038021
7896311	6.057527
7896312	6.083616
7896313	5.833997
7896314	4.204375
7896315	2.949659
7896316	3.686078
7896317	4.69859
7896318	3.293866
7896320	6.883455
7896322	4.128749
7896323	6.344683
7896326	3.918868
7896327	5.56809
7896328	7.348934
7896330	6.905607
7896332	3.392309
7896333	11.89918
7896334	5.143516
7896335	9.93281
7896336	5.961102
7896338	8.069105
7896340	7.21776
7896341	9.465988
7896342	4.899982
7896344	4.9117
7896346	13.2837
7896347	4.912316
7896348	8.744182
7896350	6.752251
7896351	7.714498
7896353	3.905642
7896354	1.881701
7896355	6.571975
7896357	4.299662
7896359	5.937988
7896361	7.587017
7896363	7.09964
7896364	7.430256
7896368	7.91951
7896373	4.770126
7896376	7.854711
7896377	2.812943
7896379	4.519925
7896380	12.14419
7896381	6.779128
7896382	3.065107
7896386	5.157784
7896389	4.148114
7896390	4.711225
7896392	6.099447
7896393	7.213722
7896396	1.975713
7896399	6.148335
7896400	2.514588
7896401	5.74999
7896402	5.175305
7896403	13.61936
7896404	8.401155
7896405	6.010825
7896406	6.079635
7896407	3.70603
7896408	5.785189
7896409	3.442165
7896410	5.532206
7896411	4.579883
7896412	11.70435
7896413	9.085336
7896414	2.379935
7896415	6.902617
7896416	7.516478
7896417	8.30455
7896418	8.101044
7896420	6.622272
7896423	10.52314
7896424	6.483267
7896429	3.659539
7896433	4.371439
7896435	3.358289
7896436	2.581289
7896437	5.854728
7896440	4.660027
7896441	3.754802
7896442	4.305848
7896444	8.071369
7896445	6.256619
7896447	8.16773
7896448	10.53655
7896449	4.596264
7896450	7.548819
7896451	2.566602
7896452	4.993371
7896453	5.327526
7896454	4.061033
7896455	2.115561
7896457	5.321688
7896459	3.74592
7896461	5.396443
7896462	7.236137
7896463	3.002246
7896465	2.816807
7896467	5.511053
7896469	2.199965
7896470	3.509715
7896471	5.308622
7896473	2.216725
7896475	4.883047
7896477	7.617846
7896478	4.879025
7896479	6.713836
7896480	3.866001
7896481	11.59176
7896486	4.839063
7896487	3.39047
7896488	11.74535
7896489	6.931386
7896492	3.021791
7896494	10.40769
7896495	1.921224
7896496	13.25417
7896497	11.98553
7896500	7.779072
7896501	11.76629
7896502	5.947042
7896503	4.980875
7896504	2.671939
7896505	3.695518
7896506	5.162299
7896507	4.521383
7896509	6.082952
7896510	4.094747
7896513	2.100365
7896514	4.921051
7896515	3.583305
7896516	3.463577
7896517	9.421752
7896518	5.053944
7896519	5.103456
7896523	6.132997
7896524	3.863913
7896526	7.022928
7896527	3.654107
7896532	4.530229
7896535	4.21878
7896536	3.738107
7896537	4.396522
7896538	2.661001
7896540	7.185812
7896541	14.04685
7896545	5.186951
7896548	6.843349
7896549	12.4919
7896550	5.122312
7896551	2.862717
7896552	6.791412
7896555	3.49215
7896556	1.778979
7896557	3.938034
7896559	5.216857
7896562	5.261567
7896563	5.809644
7896564	3.841303
7896565	4.775611
7896566	6.635941
7896567	4.625839
7896568	2.651114
7896569	7.80622
7896570	4.713459
7896571	3.473352
7896572	5.456276
7896574	8.216769
7896575	7.511303
7896576	5.909296
7896577	4.511238
7896578	3.454273
7896579	4.298196
7896580	6.771303
7896581	5.420261
7896583	2.774777
7896584	8.301733
7896585	6.757055
7896587	1.975809
7896588	7.3914
7896589	3.863717
7896590	3.396006
7896591	2.76685
7896592	7.848967
7896593	2.979434
7896595	2.831503
7896597	3.755769
7896598	4.432596
7896601	6.741215
7896603	10.76801
7896604	4.706206
7896606	11.26894
7896607	4.750255
7896609	11.42031
7896610	4.504122
7896611	8.201242
7896612	10.02899
7896613	6.85456
7896614	5.4616
7896615	6.03452
7896617	3.167078
7896618	5.434975
7896619	4.019361
7896620	12.30474
7896624	8.496174
7896625	3.472928
7896626	3.064847
7896628	5.284375
7896629	7.694027
7896630	5.843282
7896631	14.52182
7896632	7.203583
7896633	6.869327
7896634	5.214946
7896635	3.841069
7896636	3.517985
7896638	5.338498
7896639	13.86684
7896640	6.383228
7896641	2.898162
7896642	11.77282
7896643	4.435829
7896644	8.371007
7896645	2.487898
7896648	7.681316
7896649	2.747614
7896650	6.859805
7896654	8.714017
7896655	6.782816
7896656	6.913053
7896660	6.443669
7896661	7.255544
7896662	6.101601
7896663	7.711987
7896665	2.64785
7896666	2.191944
7896668	5.887445
7896669	9.378494
7896670	8.356886
7896671	5.703501
7896672	4.59247
7896674	5.342628
7896675	10.50346
7896676	10.26539
7896678	3.157265
7896679	12.45584
7896680	4.75475
7896681	5.85885
7896682	6.898043
7896686	5.365345
8180192	13.92166
8180193	13.2738
8180194	7.210591
8180195	5.053668
8180196	4.921968
8180197	5.73632
8180198	4.238399
8180199	7.154901
8180200	8.551228
8180201	4.753109
8180202	7.481444
8180203	6.815905
8180204	6.205366
8180205	2.457492
8180206	7.641412
8180207	7.810766
8180208	4.07921
8180209	5.912032
8180210	4.943607
8180211	4.325576
8180212	8.795204
8180213	5.006581
8180214	3.397872
8180215	4.599379
8180216	5.762655
8180217	10.32407
8180218	7.672604
8180219	4.211561
8180220	4.751089
8180221	2.588718
8180222	3.196156
8180223	5.135561
8180224	6.721678
8180225	5.404481
8180226	4.673743
8180227	6.822497
8180228	5.312458
8180229	7.420343
8180230	7.716583
8180231	6.067584
8180232	5.656665
8180233	3.915359
8180234	5.996845
8180235	5.157757
8180236	6.916968
8180237	8.47125
8180238	4.254199
8180239	6.901009
8180240	8.247043
8180241	4.424762
8180242	4.24784
8180243	3.994538
8180244	5.812441
8180245	3.162613
8180246	5.632295
8180247	5.250434
8180248	4.555266
8180249	4.225013
8180250	5.343813
8180251	5.502134
8180252	5.48968
8180253	4.562948
8180254	7.706553
8180255	6.148626
8180256	8.387251
8180257	5.26987
8180258	7.481444
8180259	7.873715
8180260	8.688558
8180261	4.854198
8180262	7.509531
8180263	9.463221
8180264	5.516192
8180265	6.916968
8180266	4.961678
8180267	7.860077
8180268	9.572292
8180269	7.452279
8180270	7.219767
8180271	4.721374
8180272	5.701276
8180273	5.713607
8180274	6.329839
8180275	5.537793
8180276	4.694849
8180277	6.731188
8180278	6.472423
8180279	6.262537
8180280	5.910203
8180281	6.119155
8180282	7.077581
8180283	10.34811
8180284	10.50736
8180285	10.84249
8180286	8.781133
8180287	10.11129
8180288	7.210591
8180289	7.0131
8180290	7.038617
8180291	7.038617
8180292	6.969761
8180293	7.210591
8180294	6.940653
8180295	7.115399
8180296	6.933585
8180297	12.61968
8180298	8.076391
8180299	5.809562
8180300	5.589448
8180301	7.41181
8180302	7.373846
8180303	5.791636
8180304	5.442529
8180305	7.091963
8180306	9.745398
8180307	7.581636
8180308	7.6526
8180309	4.539582
8180310	9.69678
8180311	10.15094
8180312	10.19353
8180313	4.922083
8180314	5.045993
8180315	5.291814
8180316	10.14846
8180317	10.0753
8180318	10.15205
8180319	10.12167
8180320	4.995808
8180321	6.148626
8180322	4.033578
8180323	7.483249
8180324	6.913191
8180325	7.544644
8180326	7.720018
8180327	7.598654
8180328	7.831626
8180329	11.81662
8180330	11.86913
8180331	11.86332
8180332	11.87013
8180333	11.81833
8180334	11.88441
8180335	11.77421
8180336	8.634192
8180337	8.737441
8180338	7.556755
8180339	7.193666
8180340	5.327173
8180341	10.75877
8180342	10.81855
8180343	10.74532
8180344	9.564413
8180345	10.18965
8180346	9.095638
8180347	7.074813
8180348	3.789783
8180349	10.70822
8180350	7.990661
8180351	8.525661
8180352	4.815188
8180353	9.026108
8180354	8.847491
8180355	11.40373
8180356	8.932877
8180357	7.942655
8180358	6.197238
8180359	7.578834
8180360	3.981435
8180361	5.93877
8180362	8.517313
8180363	8.542508
8180364	8.42148
8180365	8.42148
8180366	4.776887
8180367	4.776887
8180368	3.342198
8180369	2.49933
8180370	6.164262
8180371	10.75509
8180372	5.250638
8180373	6.808638
8180374	7.302365
8180375	9.104362
8180376	7.573547
8180377	7.620448
8180378	7.485787
8180379	7.491692
8180380	4.582259
8180381	4.643362
8180382	7.978348
8180383	4.62326
8180384	7.86977
8180385	6.498442
8180386	10.02888
8180387	10.08599
8180388	10.08507
8180389	10.04565
8180390	8.092818
8180391	5.957469
8180392	7.000593
8180393	8.820101
8180394	8.674066
8180395	8.716693
8180396	7.591482
8180397	7.580463
8180398	10.75734
8180399	4.329821
8180400	8.169592
8180401	4.188763
8180402	9.362483
8180403	8.289644
8180404	10.87388
8180405	6.441058
8180406	7.984138
8180407	10.77041
8180408	10.99106
8180409	11.19929
8180410	10.24726
8180411	5.58533
8180412	6.591011
8180413	6.652677
8180414	6.849102
8180415	6.257134
8180416	4.35413
8180417	8.335955
8180418	9.135358
!sample_table_end
